event_id,datetime,time_since_release_s,full_range_uscm,temp_c,spc_uscm,background_drift_uscm,spc_corr_uscm,nacl_mgL,background_anchor_end,flag_truncated_tail
RA_20231005_downstream,2023-10-05T16:15:00Z,0,525,29.06,485.5715871254162,485.8516737562419,-0.28008663082567864,0,flat_pre_release,TRUE
RA_20231005_downstream,2023-10-05T16:15:10Z,10,525.1,29.04,485.8438193930422,485.8516737562419,-0.007854363199669478,0,flat_pre_release,TRUE
RA_20231005_downstream,2023-10-05T16:15:20Z,20,525.4,29.06,485.9415464298927,485.8516737562419,0.08987267365080243,0.041440289820385,flat_pre_release,TRUE
RA_20231005_downstream,2023-10-05T16:15:30Z,30,525,29.06,485.5715871254162,485.8516737562419,-0.28008663082567864,0,flat_pre_release,TRUE
RA_20231005_downstream,2023-10-05T16:15:40Z,40,525.4,29.07,485.8516737562419,485.8516737562419,0,0,flat_pre_release,TRUE
RA_20231005_downstream,2023-10-05T16:15:50Z,50,525.4,29.07,485.8516737562419,485.8516737562419,0,0,flat_pre_release,TRUE
RA_20231005_downstream,2023-10-05T16:16:00Z,60,525.4,29.07,485.8516737562419,485.8516737562419,0,0,flat_pre_release,TRUE
RA_20231005_downstream,2023-10-05T16:16:10Z,70,525.4,29.07,485.8516737562419,485.8516737562419,0,0,flat_pre_release,TRUE
RA_20231005_downstream,2023-10-05T16:16:20Z,80,525.8000000000001,29.07,486.22156463843174,485.8516737562419,0.3698908821898499,0.17055668577773977,flat_pre_release,TRUE
RA_20231005_downstream,2023-10-05T16:16:30Z,90,525.8000000000001,29.07,486.22156463843174,485.8516737562419,0.3698908821898499,0.17055668577773977,flat_pre_release,TRUE
RA_20231005_downstream,2023-10-05T16:16:40Z,100,525.8000000000001,29.06,486.3115057343693,485.8516737562419,0.4598319781273972,0.21202852511454284,flat_pre_release,TRUE
RA_20231005_downstream,2023-10-05T16:16:50Z,110,525.4,29.07,485.8516737562419,485.8516737562419,0,0,flat_pre_release,TRUE
RA_20231005_downstream,2023-10-05T16:17:00Z,120,525.4,29.07,485.8516737562419,485.8516737562419,0,0,flat_pre_release,TRUE
RA_20231005_downstream,2023-10-05T16:17:10Z,130,525.8000000000001,29.08,486.1316568047337,485.8516737562419,0.27998304849182887,0.12910018365958228,flat_pre_release,TRUE
RA_20231005_downstream,2023-10-05T16:17:20Z,140,525.8000000000001,29.08,486.1316568047337,485.8516737562419,0.27998304849182887,0.12910018365958228,flat_pre_release,TRUE
RA_20231005_downstream,2023-10-05T16:17:30Z,150,525.4,29.09,485.67202810131255,485.8516737562419,-0.17964565492934526,0,flat_pre_release,TRUE
RA_20231005_downstream,2023-10-05T16:17:40Z,160,525.8000000000001,29.1,485.9519408502773,485.8516737562419,0.10026709403541645,0.04623315705973052,flat_pre_release,TRUE
RA_20231005_downstream,2023-10-05T16:17:50Z,170,525.8000000000001,29.1,485.9519408502773,485.8516737562419,0.10026709403541645,0.04623315705973052,flat_pre_release,TRUE
RA_20231005_downstream,2023-10-05T16:18:00Z,180,525.4,29.12,485.40280857354026,485.8516737562419,-0.44886518270163833,0,flat_pre_release,TRUE
RA_20231005_downstream,2023-10-05T16:18:10Z,190,525.8000000000001,29.12,485.7723577235773,485.8516737562419,-0.07931603266462162,0,flat_pre_release,TRUE
RA_20231005_downstream,2023-10-05T16:18:20Z,200,524.6,29.1,484.84288354898337,485.8516737562419,-1.008790207258528,0,flat_pre_release,TRUE
RA_20231005_downstream,2023-10-05T16:18:30Z,210,525,29.09,485.30227398779806,485.8516737562419,-0.5493997684438341,0,flat_pre_release,TRUE
RA_20231005_downstream,2023-10-05T16:18:40Z,220,525,29.12,485.0332594235033,485.8516737562419,-0.8184143327385982,0,flat_pre_release,TRUE
RA_20231005_downstream,2023-10-05T16:18:50Z,230,524.3000000000001,29.12,484.3865484109387,485.8516737562419,-1.4651253453031927,0,flat_pre_release,TRUE
RA_20231005_downstream,2023-10-05T16:19:00Z,240,524.6,29.1,484.84288354898337,485.8516737562419,-1.008790207258528,0,flat_pre_release,TRUE
RA_20231005_downstream,2023-10-05T16:19:10Z,250,524.3000000000001,29.1,484.5656192236599,485.8516737562419,-1.2860545325819999,0,flat_pre_release,TRUE
RA_20231005_downstream,2023-10-05T16:19:20Z,260,524.6,29.15,484.3951985226224,485.8516737562419,-1.4564752336194715,0,flat_pre_release,TRUE
RA_20231005_downstream,2023-10-05T16:19:30Z,270,524.6,29.17,484.21635591655894,485.8516737562419,-1.6353178396829549,0,flat_pre_release,TRUE
RA_20231005_downstream,2023-10-05T16:19:40Z,280,524.2,29.13,484.2046924071679,485.8516737562419,-1.6469813490739966,0,flat_pre_release,TRUE
RA_20231005_downstream,2023-10-05T16:19:50Z,290,524.6,29.1,484.84288354898337,485.8516737562419,-1.008790207258528,0,flat_pre_release,TRUE
RA_20231005_downstream,2023-10-05T16:20:00Z,300,523.9,29.09,484.2854501756331,485.8516737562419,-1.5662235806087779,0,flat_pre_release,TRUE
RA_20231005_downstream,2023-10-05T16:20:10Z,310,521.6,29.1,482.0702402957486,485.8516737562419,-3.7814334604933038,0,flat_pre_release,TRUE
RA_20231005_downstream,2023-10-05T16:20:20Z,320,520.4,29.12,480.7834441980783,485.8516737562419,-5.06822955816358,0,flat_pre_release,TRUE
RA_20231005_downstream,2023-10-05T16:20:30Z,330,520.4,29.13,480.6946240532053,485.8516737562419,-5.157049703036591,0,flat_pre_release,TRUE
RA_20231005_downstream,2023-10-05T16:20:40Z,340,521.2,29.17,481.07808750230754,485.8516737562419,-4.773586253934354,0,flat_pre_release,TRUE
RA_20231005_downstream,2023-10-05T16:20:50Z,350,520.8000000000001,29.18,480.6201550387598,485.8516737562419,-5.231518717482118,0,flat_pre_release,TRUE
RA_20231005_downstream,2023-10-05T16:21:00Z,360,520.4,29.17,480.33967140483657,485.8516737562419,-5.512002351405329,0,flat_pre_release,TRUE
RA_20231005_downstream,2023-10-05T16:21:10Z,370,520,29.17,479.9704633561011,485.8516737562419,-5.8812104001407874,0,flat_pre_release,TRUE
RA_20231005_downstream,2023-10-05T16:21:20Z,380,520,29.15,480.14773776546633,485.8516737562419,-5.7039359907755625,0,flat_pre_release,TRUE
RA_20231005_downstream,2023-10-05T16:21:30Z,390,519.3000000000001,29.14,479.58995197635767,485.8516737562419,-6.261721779884226,0,flat_pre_release,TRUE
RA_20231005_downstream,2023-10-05T16:21:40Z,400,519.3000000000001,29.13,479.67855163495295,485.8516737562419,-6.173122121288941,0,flat_pre_release,TRUE
RA_20231005_downstream,2023-10-05T16:21:50Z,410,518.5,29.14,478.85112670853346,485.8516737562419,-7.000547047708437,0,flat_pre_release,TRUE
RA_20231005_downstream,2023-10-05T16:22:00Z,420,517.8000000000001,29.14,478.20465459918734,485.8516737562419,-7.647019157054558,0,flat_pre_release,TRUE
RA_20231005_downstream,2023-10-05T16:22:10Z,430,517,29.15,477.3776546629732,485.8516737562419,-8.47401909326868,0,flat_pre_release,TRUE
RA_20231005_downstream,2023-10-05T16:22:20Z,440,517,29.14,477.4658293313631,485.8516737562419,-8.38584442487877,0,flat_pre_release,TRUE
RA_20231005_downstream,2023-10-05T16:22:30Z,450,517,29.15,477.3776546629732,485.8516737562419,-8.47401909326868,0,flat_pre_release,TRUE
RA_20231005_downstream,2023-10-05T16:22:40Z,460,517,29.17,477.2014029905851,485.8516737562419,-8.650270765656785,0,flat_pre_release,TRUE
RA_20231005_downstream,2023-10-05T16:22:50Z,470,516.6,29.15,477.0083102493075,485.8516737562419,-8.843363506934395,0,flat_pre_release,TRUE
RA_20231005_downstream,2023-10-05T16:23:00Z,480,516.6,29.15,477.0083102493075,485.8516737562419,-8.843363506934395,0,flat_pre_release,TRUE
RA_20231005_downstream,2023-10-05T16:23:10Z,490,516.2,29.14,476.727004063539,485.8516737562419,-9.124669692702867,0,flat_pre_release,TRUE
RA_20231005_downstream,2023-10-05T16:23:20Z,500,516.2,29.13,476.81507481987813,485.8516737562419,-9.03659893636376,0,flat_pre_release,TRUE
RA_20231005_downstream,2023-10-05T16:23:30Z,510,515.9,29.12,476.62601626016254,485.8516737562419,-9.22565749607935,0,flat_pre_release,TRUE
RA_20231005_downstream,2023-10-05T16:23:40Z,520,515.9,29.12,476.62601626016254,485.8516737562419,-9.22565749607935,0,flat_pre_release,TRUE
RA_20231005_downstream,2023-10-05T16:23:50Z,530,515.9,29.1,476.8022181146025,485.8516737562419,-9.049455641639383,0,flat_pre_release,TRUE
RA_20231005_downstream,2023-10-05T16:24:00Z,540,515.9,29.09,476.8903679053429,485.8516737562419,-8.96130585089901,0,flat_pre_release,TRUE
RA_20231005_downstream,2023-10-05T16:24:10Z,550,515.5,29.09,476.5206137918284,485.8516737562419,-9.331059964413498,0,flat_pre_release,TRUE
RA_20231005_downstream,2023-10-05T16:24:20Z,560,516.3000000000001,29.09,477.2601220188575,485.8516737562419,-8.591551737384407,0,flat_pre_release,TRUE
RA_20231005_downstream,2023-10-05T16:24:30Z,570,518.2,29.09,479.0164540580514,485.8516737562419,-6.835219698190485,0,flat_pre_release,TRUE
RA_20231005_downstream,2023-10-05T16:24:40Z,580,517.4,29.09,478.2769458310223,485.8516737562419,-7.574727925219577,0,flat_pre_release,TRUE
RA_20231005_downstream,2023-10-05T16:24:50Z,590,520.5,29.08,481.2315088757396,485.8516737562419,-4.620164880502273,0,flat_pre_release,TRUE
RA_20231005_downstream,2023-10-05T16:25:00Z,600,515.9,29.08,476.97855029585793,485.8516737562419,-8.873123460383965,0,flat_pre_release,TRUE
RA_20231005_downstream,2023-10-05T16:25:10Z,610,515.5,29.08,476.60872781065086,485.8516737562419,-9.242945945591032,0,flat_pre_release,TRUE
RA_20231005_downstream,2023-10-05T16:25:20Z,620,515.9,29.09,476.8903679053429,485.8516737562419,-8.96130585089901,0,flat_pre_release,TRUE
RA_20231005_downstream,2023-10-05T16:25:30Z,630,516.3000000000001,29.09,477.2601220188575,485.8516737562419,-8.591551737384407,0,flat_pre_release,TRUE
RA_20231005_downstream,2023-10-05T16:25:40Z,640,516.3000000000001,29.09,477.2601220188575,485.8516737562419,-8.591551737384407,0,flat_pre_release,TRUE
RA_20231005_downstream,2023-10-05T16:25:50Z,650,516.3000000000001,29.09,477.2601220188575,485.8516737562419,-8.591551737384407,0,flat_pre_release,TRUE
RA_20231005_downstream,2023-10-05T16:26:00Z,660,515.5,29.1,476.4325323475046,485.8516737562419,-9.4191414087372891,0,flat_pre_release,TRUE
RA_20231005_downstream,2023-10-05T16:26:10Z,670,515.1,29.1,476.06284658040664,485.8516737562419,-9.788827175835252,0,flat_pre_release,TRUE
RA_20231005_downstream,2023-10-05T16:26:20Z,680,515.5,29.1,476.4325323475046,485.8516737562419,-9.4191414087372891,0,flat_pre_release,TRUE
RA_20231005_downstream,2023-10-05T16:26:30Z,690,515.1,29.1,476.06284658040664,485.8516737562419,-9.788827175835252,0,flat_pre_release,TRUE
RA_20231005_downstream,2023-10-05T16:26:40Z,700,515.5,29.09,476.5206137918284,485.8516737562419,-9.331059964413498,0,flat_pre_release,TRUE
RA_20231005_downstream,2023-10-05T16:26:50Z,710,515.5,29.09,476.5206137918284,485.8516737562419,-9.331059964413498,0,flat_pre_release,TRUE
RA_20231005_downstream,2023-10-05T16:27:00Z,720,515.5,29.09,476.5206137918284,485.8516737562419,-9.331059964413498,0,flat_pre_release,TRUE
RA_20231005_downstream,2023-10-05T16:27:10Z,730,515.1,29.09,476.1508596783139,485.8516737562419,-9.700814077927987,0,flat_pre_release,TRUE
RA_20231005_downstream,2023-10-05T16:27:20Z,740,515.5,29.08,476.60872781065086,485.8516737562419,-9.242945945591032,0,flat_pre_release,TRUE
RA_20231005_downstream,2023-10-05T16:27:30Z,750,515.1,29.09,476.1508596783139,485.8516737562419,-9.700814077927987,0,flat_pre_release,TRUE
RA_20231005_downstream,2023-10-05T16:27:40Z,760,515.5,29.09,476.5206137918284,485.8516737562419,-9.331059964413498,0,flat_pre_release,TRUE
RA_20231005_downstream,2023-10-05T16:27:50Z,770,515.5,29.09,476.5206137918284,485.8516737562419,-9.331059964413498,0,flat_pre_release,TRUE
RA_20231005_downstream,2023-10-05T16:28:00Z,780,515.5,29.09,476.5206137918284,485.8516737562419,-9.331059964413498,0,flat_pre_release,TRUE
RA_20231005_downstream,2023-10-05T16:28:10Z,790,515.5,29.09,476.5206137918284,485.8516737562419,-9.331059964413498,0,flat_pre_release,TRUE
RA_20231005_downstream,2023-10-05T16:28:20Z,800,515.5,29.09,476.5206137918284,485.8516737562419,-9.331059964413498,0,flat_pre_release,TRUE
RA_20231005_downstream,2023-10-05T16:28:30Z,810,515.1,29.09,476.1508596783139,485.8516737562419,-9.700814077927987,0,flat_pre_release,TRUE
RA_20231005_downstream,2023-10-05T16:28:40Z,820,515.5,29.09,476.5206137918284,485.8516737562419,-9.331059964413498,0,flat_pre_release,TRUE
RA_20231005_downstream,2023-10-05T16:28:50Z,830,515.5,29.1,476.4325323475046,485.8516737562419,-9.4191414087372891,0,flat_pre_release,TRUE
RA_20231005_downstream,2023-10-05T16:29:00Z,840,515.1,29.1,476.06284658040664,485.8516737562419,-9.788827175835252,0,flat_pre_release,TRUE
RA_20231005_downstream,2023-10-05T16:29:10Z,850,515.1,29.1,476.06284658040664,485.8516737562419,-9.788827175835252,0,flat_pre_release,TRUE
RA_20231005_downstream,2023-10-05T16:29:20Z,860,515.1,29.1,476.06284658040664,485.8516737562419,-9.788827175835252,0,flat_pre_release,TRUE
RA_20231005_downstream,2023-10-05T16:29:30Z,870,515.1,29.09,476.1508596783139,485.8516737562419,-9.700814077927987,0,flat_pre_release,TRUE
RA_20231005_downstream,2023-10-05T16:29:40Z,880,514.8000000000001,29.08,475.96153846153845,485.8516737562419,-9.890135294703441,0,flat_pre_release,TRUE
RA_20231005_downstream,2023-10-05T16:29:50Z,890,514.7,29.09,475.7811055647994,485.8516737562419,-10.070568191442476,0,flat_pre_release,TRUE
RA_20231005_downstream,2023-10-05T16:30:00Z,900,514.8000000000001,29.08,475.96153846153845,485.8516737562419,-9.890135294703441,0,flat_pre_release,TRUE
RA_20231005_downstream,2023-10-05T16:30:10Z,910,514.8000000000001,29.08,475.96153846153845,485.8516737562419,-9.890135294703441,0,flat_pre_release,TRUE
RA_20231005_downstream,2023-10-05T16:30:20Z,920,514.8000000000001,29.08,475.96153846153845,485.8516737562419,-9.890135294703441,0,flat_pre_release,TRUE
RA_20231005_downstream,2023-10-05T16:30:30Z,930,514.4,29.08,475.5917159763313,485.8516737562419,-10.259957779910621,0,flat_pre_release,TRUE
RA_20231005_downstream,2023-10-05T16:30:40Z,940,514.8000000000001,29.08,475.96153846153845,485.8516737562419,-9.890135294703441,0,flat_pre_release,TRUE
RA_20231005_downstream,2023-10-05T16:30:50Z,950,514.8000000000001,29.08,475.96153846153845,485.8516737562419,-9.890135294703441,0,flat_pre_release,TRUE
RA_20231005_downstream,2023-10-05T16:31:00Z,960,514.8000000000001,29.08,475.96153846153845,485.8516737562419,-9.890135294703441,0,flat_pre_release,TRUE
RA_20231005_downstream,2023-10-05T16:31:10Z,970,514.8000000000001,29.08,475.96153846153845,485.8516737562419,-9.890135294703441,0,flat_pre_release,TRUE
RA_20231005_downstream,2023-10-05T16:31:20Z,980,515.1,29.1,476.06284658040664,485.8516737562419,-9.788827175835252,0,flat_pre_release,TRUE
RA_20231005_downstream,2023-10-05T16:31:30Z,990,515.1,29.1,476.06284658040664,485.8516737562419,-9.788827175835252,0,flat_pre_release,TRUE
RA_20231005_downstream,2023-10-05T16:31:40Z,1000,515.1,29.09,476.1508596783139,485.8516737562419,-9.700814077927987,0,flat_pre_release,TRUE
RA_20231005_downstream,2023-10-05T16:31:50Z,1010,514.7,29.09,475.7811055647994,485.8516737562419,-10.070568191442476,0,flat_pre_release,TRUE
RA_20231005_downstream,2023-10-05T16:32:00Z,1020,514.7,29.09,475.7811055647994,485.8516737562419,-10.070568191442476,0,flat_pre_release,TRUE
RA_20231005_downstream,2023-10-05T16:32:10Z,1030,515.1,29.09,476.1508596783139,485.8516737562419,-9.700814077927987,0,flat_pre_release,TRUE
RA_20231005_downstream,2023-10-05T16:32:20Z,1040,514.7,29.09,475.7811055647994,485.8516737562419,-10.070568191442476,0,flat_pre_release,TRUE
RA_20231005_downstream,2023-10-05T16:32:30Z,1050,514.7,29.09,475.7811055647994,485.8516737562419,-10.070568191442476,0,flat_pre_release,TRUE
RA_20231005_downstream,2023-10-05T16:32:40Z,1060,515.1,29.09,476.1508596783139,485.8516737562419,-9.700814077927987,0,flat_pre_release,TRUE
RA_20231005_downstream,2023-10-05T16:32:50Z,1070,514.7,29.09,475.7811055647994,485.8516737562419,-10.070568191442476,0,flat_pre_release,TRUE
RA_20231005_downstream,2023-10-05T16:33:00Z,1080,515.1,29.1,476.06284658040664,485.8516737562419,-9.788827175835252,0,flat_pre_release,TRUE
RA_20231005_downstream,2023-10-05T16:33:10Z,1090,515.1,29.09,476.1508596783139,485.8516737562419,-9.700814077927987,0,flat_pre_release,TRUE
RA_20231005_downstream,2023-10-05T16:33:20Z,1100,515.1,29.09,476.1508596783139,485.8516737562419,-9.700814077927987,0,flat_pre_release,TRUE
RA_20231005_downstream,2023-10-05T16:33:30Z,1110,515.1,29.1,476.06284658040664,485.8516737562419,-9.788827175835252,0,flat_pre_release,TRUE
RA_20231005_downstream,2023-10-05T16:33:40Z,1120,515.1,29.09,476.1508596783139,485.8516737562419,-9.700814077927987,0,flat_pre_release,TRUE
RA_20231005_downstream,2023-10-05T16:33:50Z,1130,515.1,29.1,476.06284658040664,485.8516737562419,-9.788827175835252,0,flat_pre_release,TRUE
RA_20231005_downstream,2023-10-05T16:34:00Z,1140,515.1,29.1,476.06284658040664,485.8516737562419,-9.788827175835252,0,flat_pre_release,TRUE
RA_20231005_downstream,2023-10-05T16:34:10Z,1150,515.1,29.1,476.06284658040664,485.8516737562419,-9.788827175835252,0,flat_pre_release,TRUE
RA_20231005_downstream,2023-10-05T16:34:20Z,1160,515.1,29.1,476.06284658040664,485.8516737562419,-9.788827175835252,0,flat_pre_release,TRUE
RA_20231005_downstream,2023-10-05T16:34:30Z,1170,515.1,29.1,476.06284658040664,485.8516737562419,-9.788827175835252,0,flat_pre_release,TRUE
RA_20231005_downstream,2023-10-05T16:34:40Z,1180,515.1,29.1,476.06284658040664,485.8516737562419,-9.788827175835252,0,flat_pre_release,TRUE
RA_20231005_downstream,2023-10-05T16:34:50Z,1190,515.1,29.1,476.06284658040664,485.8516737562419,-9.788827175835252,0,flat_pre_release,TRUE
RA_20231005_downstream,2023-10-05T16:35:00Z,1200,515.1,29.1,476.06284658040664,485.8516737562419,-9.788827175835252,0,flat_pre_release,TRUE
RA_20231005_downstream,2023-10-05T16:35:10Z,1210,514.7,29.1,475.6931608133087,485.8516737562419,-10.158512942933214,0,flat_pre_release,TRUE
RA_20231005_downstream,2023-10-05T16:35:20Z,1220,514.7,29.1,475.6931608133087,485.8516737562419,-10.158512942933214,0,flat_pre_release,TRUE
RA_20231005_downstream,2023-10-05T16:35:30Z,1230,514.7,29.1,475.6931608133087,485.8516737562419,-10.158512942933214,0,flat_pre_release,TRUE
RA_20231005_downstream,2023-10-05T16:35:40Z,1240,514.7,29.1,475.6931608133087,485.8516737562419,-10.158512942933214,0,flat_pre_release,TRUE
RA_20231005_downstream,2023-10-05T16:35:50Z,1250,514.7,29.1,475.6931608133087,485.8516737562419,-10.158512942933214,0,flat_pre_release,TRUE
RA_20231005_downstream,2023-10-05T16:36:00Z,1260,514.7,29.09,475.7811055647994,485.8516737562419,-10.070568191442476,0,flat_pre_release,TRUE
RA_20231005_downstream,2023-10-05T16:36:10Z,1270,514.7,29.09,475.7811055647994,485.8516737562419,-10.070568191442476,0,flat_pre_release,TRUE
RA_20231005_downstream,2023-10-05T16:36:20Z,1280,514.7,29.09,475.7811055647994,485.8516737562419,-10.070568191442476,0,flat_pre_release,TRUE
RA_20231005_downstream,2023-10-05T16:36:30Z,1290,514.7,29.09,475.7811055647994,485.8516737562419,-10.070568191442476,0,flat_pre_release,TRUE
RA_20231005_downstream,2023-10-05T16:36:40Z,1300,514.4,29.09,475.50378997966345,485.8516737562419,-10.347883776578442,0,flat_pre_release,TRUE
RA_20231005_downstream,2023-10-05T16:36:50Z,1310,514.7,29.09,475.7811055647994,485.8516737562419,-10.070568191442476,0,flat_pre_release,TRUE
RA_20231005_downstream,2023-10-05T16:37:00Z,1320,514.7,29.09,475.7811055647994,485.8516737562419,-10.070568191442476,0,flat_pre_release,TRUE
RA_20231005_downstream,2023-10-05T16:37:10Z,1330,514.4,29.09,475.50378997966345,485.8516737562419,-10.347883776578442,0,flat_pre_release,TRUE
RA_20231005_downstream,2023-10-05T16:37:20Z,1340,514.7,29.09,475.7811055647994,485.8516737562419,-10.070568191442476,0,flat_pre_release,TRUE
RA_20231005_downstream,2023-10-05T16:37:30Z,1350,515.1,29.09,476.1508596783139,485.8516737562419,-9.700814077927987,0,flat_pre_release,TRUE
RA_20231005_downstream,2023-10-05T16:37:40Z,1360,515.1,29.09,476.1508596783139,485.8516737562419,-9.700814077927987,0,flat_pre_release,TRUE
RA_20231005_downstream,2023-10-05T16:37:50Z,1370,514.7,29.09,475.7811055647994,485.8516737562419,-10.070568191442476,0,flat_pre_release,TRUE
RA_20231005_downstream,2023-10-05T16:38:00Z,1380,514.7,29.09,475.7811055647994,485.8516737562419,-10.070568191442476,0,flat_pre_release,TRUE
RA_20231005_downstream,2023-10-05T16:38:10Z,1390,514.7,29.09,475.7811055647994,485.8516737562419,-10.070568191442476,0,flat_pre_release,TRUE
RA_20231005_downstream,2023-10-05T16:38:20Z,1400,514.7,29.09,475.7811055647994,485.8516737562419,-10.070568191442476,0,flat_pre_release,TRUE
RA_20231005_downstream,2023-10-05T16:38:30Z,1410,514.4,29.09,475.50378997966345,485.8516737562419,-10.347883776578442,0,flat_pre_release,TRUE
RA_20231005_downstream,2023-10-05T16:38:40Z,1420,515.5,29.09,476.5206137918284,485.8516737562419,-9.331059964413498,0,flat_pre_release,TRUE
RA_20231005_downstream,2023-10-05T16:38:50Z,1430,514.7,29.09,475.7811055647994,485.8516737562419,-10.070568191442476,0,flat_pre_release,TRUE
RA_20231005_downstream,2023-10-05T16:39:00Z,1440,514.7,29.09,475.7811055647994,485.8516737562419,-10.070568191442476,0,flat_pre_release,TRUE
RA_20231005_downstream,2023-10-05T16:39:10Z,1450,514.7,29.09,475.7811055647994,485.8516737562419,-10.070568191442476,0,flat_pre_release,TRUE
RA_20231005_downstream,2023-10-05T16:39:20Z,1460,514.7,29.09,475.7811055647994,485.8516737562419,-10.070568191442476,0,flat_pre_release,TRUE
RA_20231005_downstream,2023-10-05T16:39:30Z,1470,514.7,29.09,475.7811055647994,485.8516737562419,-10.070568191442476,0,flat_pre_release,TRUE
RA_20231005_downstream,2023-10-05T16:39:40Z,1480,514.7,29.09,475.7811055647994,485.8516737562419,-10.070568191442476,0,flat_pre_release,TRUE
RA_20231005_downstream,2023-10-05T16:39:50Z,1490,514.7,29.09,475.7811055647994,485.8516737562419,-10.070568191442476,0,flat_pre_release,TRUE
RA_20231005_downstream,2023-10-05T16:40:00Z,1500,514.7,29.09,475.7811055647994,485.8516737562419,-10.070568191442476,0,flat_pre_release,TRUE
RA_20231005_downstream,2023-10-05T16:40:10Z,1510,514.7,29.09,475.7811055647994,485.8516737562419,-10.070568191442476,0,flat_pre_release,TRUE
RA_20231005_downstream,2023-10-05T16:40:20Z,1520,514.7,29.09,475.7811055647994,485.8516737562419,-10.070568191442476,0,flat_pre_release,TRUE
RA_20231005_downstream,2023-10-05T16:40:30Z,1530,514.4,29.09,475.50378997966345,485.8516737562419,-10.347883776578442,0,flat_pre_release,TRUE
RA_20231005_downstream,2023-10-05T16:40:40Z,1540,514.4,29.09,475.50378997966345,485.8516737562419,-10.347883776578442,0,flat_pre_release,TRUE
RA_20231005_downstream,2023-10-05T16:40:50Z,1550,514.4,29.09,475.50378997966345,485.8516737562419,-10.347883776578442,0,flat_pre_release,TRUE
RA_20231005_downstream,2023-10-05T16:41:00Z,1560,514.4,29.09,475.50378997966345,485.8516737562419,-10.347883776578442,0,flat_pre_release,TRUE
RA_20231005_downstream,2023-10-05T16:41:10Z,1570,514.4,29.09,475.50378997966345,485.8516737562419,-10.347883776578442,0,flat_pre_release,TRUE
RA_20231005_downstream,2023-10-05T16:41:20Z,1580,514.4,29.09,475.50378997966345,485.8516737562419,-10.347883776578442,0,flat_pre_release,TRUE
RA_20231005_downstream,2023-10-05T16:41:30Z,1590,514,29.09,475.13403586614896,485.8516737562419,-10.71763789009293,0,flat_pre_release,TRUE
RA_20231005_downstream,2023-10-05T16:41:40Z,1600,514.4,29.09,475.50378997966345,485.8516737562419,-10.347883776578442,0,flat_pre_release,TRUE
RA_20231005_downstream,2023-10-05T16:41:50Z,1610,514,29.09,475.13403586614896,485.8516737562419,-10.71763789009293,0,flat_pre_release,TRUE
RA_20231005_downstream,2023-10-05T16:42:00Z,1620,514,29.09,475.13403586614896,485.8516737562419,-10.71763789009293,0,flat_pre_release,TRUE
RA_20231005_downstream,2023-10-05T16:42:10Z,1630,514,29.09,475.13403586614896,485.8516737562419,-10.71763789009293,0,flat_pre_release,TRUE
RA_20231005_downstream,2023-10-05T16:42:20Z,1640,514,29.09,475.13403586614896,485.8516737562419,-10.71763789009293,0,flat_pre_release,TRUE
RA_20231005_downstream,2023-10-05T16:42:30Z,1650,514,29.09,475.13403586614896,485.8516737562419,-10.71763789009293,0,flat_pre_release,TRUE
RA_20231005_downstream,2023-10-05T16:42:40Z,1660,513.6,29.09,474.7642817526345,485.8516737562419,-11.08739200360742,0,flat_pre_release,TRUE
RA_20231005_downstream,2023-10-05T16:42:50Z,1670,513.6,29.09,474.7642817526345,485.8516737562419,-11.08739200360742,0,flat_pre_release,TRUE
RA_20231005_downstream,2023-10-05T16:43:00Z,1680,513.6,29.09,474.7642817526345,485.8516737562419,-11.08739200360742,0,flat_pre_release,TRUE
RA_20231005_downstream,2023-10-05T16:43:10Z,1690,514,29.09,475.13403586614896,485.8516737562419,-10.71763789009293,0,flat_pre_release,TRUE
RA_20231005_downstream,2023-10-05T16:43:20Z,1700,513.6,29.09,474.7642817526345,485.8516737562419,-11.08739200360742,0,flat_pre_release,TRUE
RA_20231005_downstream,2023-10-05T16:43:30Z,1710,513.6,29.09,474.7642817526345,485.8516737562419,-11.08739200360742,0,flat_pre_release,TRUE
RA_20231005_downstream,2023-10-05T16:43:40Z,1720,513.2,29.09,474.39452763912,485.8516737562419,-11.457146117121908,0,flat_pre_release,TRUE
RA_20231005_downstream,2023-10-05T16:43:50Z,1730,513.2,29.1,474.3068391866913,485.8516737562419,-11.544834569550574,0,flat_pre_release,TRUE
RA_20231005_downstream,2023-10-05T16:44:00Z,1740,513.2,29.09,474.39452763912,485.8516737562419,-11.457146117121908,0,flat_pre_release,TRUE
RA_20231005_downstream,2023-10-05T16:44:10Z,1750,513.2,29.09,474.39452763912,485.8516737562419,-11.457146117121908,0,flat_pre_release,TRUE
RA_20231005_downstream,2023-10-05T16:44:20Z,1760,512.8000000000001,29.09,474.0247735256055,485.8516737562419,-11.826900230636397,0,flat_pre_release,TRUE
RA_20231005_downstream,2023-10-05T16:44:30Z,1770,512.8000000000001,29.09,474.0247735256055,485.8516737562419,-11.826900230636397,0,flat_pre_release,TRUE
RA_20231005_downstream,2023-10-05T16:44:40Z,1780,512.8000000000001,29.1,473.93715341959336,485.8516737562419,-11.914520336648536,0,flat_pre_release,TRUE
RA_20231005_downstream,2023-10-05T16:44:50Z,1790,512.8000000000001,29.09,474.0247735256055,485.8516737562419,-11.826900230636397,0,flat_pre_release,TRUE
RA_20231005_downstream,2023-10-05T16:45:00Z,1800,512.8000000000001,29.09,474.0247735256055,485.8516737562419,-11.826900230636397,0,flat_pre_release,TRUE
RA_20231005_downstream,2023-10-05T16:45:10Z,1810,512.8000000000001,29.09,474.0247735256055,485.8516737562419,-11.826900230636397,0,flat_pre_release,TRUE
RA_20231005_downstream,2023-10-05T16:45:20Z,1820,512.8000000000001,29.08,474.11242603550295,485.8516737562419,-11.739247720738945,0,flat_pre_release,TRUE
RA_20231005_downstream,2023-10-05T16:45:30Z,1830,512.8000000000001,29.08,474.11242603550295,485.8516737562419,-11.739247720738945,0,flat_pre_release,TRUE
RA_20231005_downstream,2023-10-05T16:45:40Z,1840,512.8000000000001,29.09,474.0247735256055,485.8516737562419,-11.826900230636397,0,flat_pre_release,TRUE
RA_20231005_downstream,2023-10-05T16:45:50Z,1850,512.8000000000001,29.09,474.0247735256055,485.8516737562419,-11.826900230636397,0,flat_pre_release,TRUE
RA_20231005_downstream,2023-10-05T16:46:00Z,1860,512.8000000000001,29.09,474.0247735256055,485.8516737562419,-11.826900230636397,0,flat_pre_release,TRUE
RA_20231005_downstream,2023-10-05T16:46:10Z,1870,512.8000000000001,29.08,474.11242603550295,485.8516737562419,-11.739247720738945,0,flat_pre_release,TRUE
RA_20231005_downstream,2023-10-05T16:46:20Z,1880,512.8000000000001,29.09,474.0247735256055,485.8516737562419,-11.826900230636397,0,flat_pre_release,TRUE
RA_20231005_downstream,2023-10-05T16:46:30Z,1890,512.8000000000001,29.08,474.11242603550295,485.8516737562419,-11.739247720738945,0,flat_pre_release,TRUE
RA_20231005_downstream,2023-10-05T16:46:40Z,1900,512.8000000000001,29.08,474.11242603550295,485.8516737562419,-11.739247720738945,0,flat_pre_release,TRUE
RA_20231005_downstream,2023-10-05T16:46:50Z,1910,512.8000000000001,29.08,474.11242603550295,485.8516737562419,-11.739247720738945,0,flat_pre_release,TRUE
RA_20231005_downstream,2023-10-05T16:47:00Z,1920,512.8000000000001,29.08,474.11242603550295,485.8516737562419,-11.739247720738945,0,flat_pre_release,TRUE
RA_20231005_downstream,2023-10-05T16:47:10Z,1930,512.8000000000001,29.09,474.0247735256055,485.8516737562419,-11.826900230636397,0,flat_pre_release,TRUE
RA_20231005_downstream,2023-10-05T16:47:20Z,1940,512.8000000000001,29.09,474.0247735256055,485.8516737562419,-11.826900230636397,0,flat_pre_release,TRUE
RA_20231005_downstream,2023-10-05T16:47:30Z,1950,512.8000000000001,29.09,474.0247735256055,485.8516737562419,-11.826900230636397,0,flat_pre_release,TRUE
RA_20231005_downstream,2023-10-05T16:47:40Z,1960,512.8000000000001,29.09,474.0247735256055,485.8516737562419,-11.826900230636397,0,flat_pre_release,TRUE
RA_20231005_downstream,2023-10-05T16:47:50Z,1970,512.8000000000001,29.09,474.0247735256055,485.8516737562419,-11.826900230636397,0,flat_pre_release,TRUE
RA_20231005_downstream,2023-10-05T16:48:00Z,1980,512.8000000000001,29.09,474.0247735256055,485.8516737562419,-11.826900230636397,0,flat_pre_release,TRUE
RA_20231005_downstream,2023-10-05T16:48:10Z,1990,512.8000000000001,29.1,473.93715341959336,485.8516737562419,-11.914520336648536,0,flat_pre_release,TRUE
RA_20231005_downstream,2023-10-05T16:48:20Z,2000,512.5,29.09,473.74745794046953,485.8516737562419,-12.104215815772363,0,flat_pre_release,TRUE
RA_20231005_downstream,2023-10-05T16:48:30Z,2010,512.8000000000001,29.1,473.93715341959336,485.8516737562419,-11.914520336648536,0,flat_pre_release,TRUE
RA_20231005_downstream,2023-10-05T16:48:40Z,2020,512.8000000000001,29.1,473.93715341959336,485.8516737562419,-11.914520336648536,0,flat_pre_release,TRUE
RA_20231005_downstream,2023-10-05T16:48:50Z,2030,512.5,29.1,473.65988909426983,485.8516737562419,-12.191784661972065,0,flat_pre_release,TRUE
RA_20231005_downstream,2023-10-05T16:49:00Z,2040,512.5,29.09,473.74745794046953,485.8516737562419,-12.104215815772363,0,flat_pre_release,TRUE
RA_20231005_downstream,2023-10-05T16:49:10Z,2050,512.5,29.09,473.74745794046953,485.8516737562419,-12.104215815772363,0,flat_pre_release,TRUE
RA_20231005_downstream,2023-10-05T16:49:20Z,2060,512.1,29.09,473.37770382695504,485.8516737562419,-12.473969929286852,0,flat_pre_release,TRUE
RA_20231005_downstream,2023-10-05T16:49:30Z,2070,512.5,29.09,473.74745794046953,485.8516737562419,-12.104215815772363,0,flat_pre_release,TRUE
RA_20231005_downstream,2023-10-05T16:49:40Z,2080,512.8000000000001,29.09,474.0247735256055,485.8516737562419,-11.826900230636397,0,flat_pre_release,TRUE
RA_20231005_downstream,2023-10-05T16:49:50Z,2090,512.5,29.1,473.65988909426983,485.8516737562419,-12.191784661972065,0,flat_pre_release,TRUE
RA_20231005_downstream,2023-10-05T16:50:00Z,2100,512.1,29.09,473.37770382695504,485.8516737562419,-12.473969929286852,0,flat_pre_release,TRUE
RA_20231005_downstream,2023-10-05T16:50:10Z,2110,512.1,29.09,473.37770382695504,485.8516737562419,-12.473969929286852,0,flat_pre_release,TRUE
RA_20231005_downstream,2023-10-05T16:50:20Z,2120,512.1,29.09,473.37770382695504,485.8516737562419,-12.473969929286852,0,flat_pre_release,TRUE
RA_20231005_downstream,2023-10-05T16:50:30Z,2130,512.5,29.09,473.74745794046953,485.8516737562419,-12.104215815772363,0,flat_pre_release,TRUE
RA_20231005_downstream,2023-10-05T16:50:40Z,2140,512.1,29.09,473.37770382695504,485.8516737562419,-12.473969929286852,0,flat_pre_release,TRUE
RA_20231005_downstream,2023-10-05T16:50:50Z,2150,512.1,29.09,473.37770382695504,485.8516737562419,-12.473969929286852,0,flat_pre_release,TRUE
RA_20231005_downstream,2023-10-05T16:51:00Z,2160,512.1,29.09,473.37770382695504,485.8516737562419,-12.473969929286852,0,flat_pre_release,TRUE
RA_20231005_downstream,2023-10-05T16:51:10Z,2170,512.1,29.09,473.37770382695504,485.8516737562419,-12.473969929286852,0,flat_pre_release,TRUE
RA_20231005_downstream,2023-10-05T16:51:20Z,2180,512.8000000000001,29.09,474.0247735256055,485.8516737562419,-11.826900230636397,0,flat_pre_release,TRUE
RA_20231005_downstream,2023-10-05T16:51:30Z,2190,512.5,29.09,473.74745794046953,485.8516737562419,-12.104215815772363,0,flat_pre_release,TRUE
RA_20231005_downstream,2023-10-05T16:51:40Z,2200,512.5,29.09,473.74745794046953,485.8516737562419,-12.104215815772363,0,flat_pre_release,TRUE
RA_20231005_downstream,2023-10-05T16:51:50Z,2210,512.1,29.09,473.37770382695504,485.8516737562419,-12.473969929286852,0,flat_pre_release,TRUE
RA_20231005_downstream,2023-10-05T16:52:00Z,2220,512.1,29.09,473.37770382695504,485.8516737562419,-12.473969929286852,0,flat_pre_release,TRUE
RA_20231005_downstream,2023-10-05T16:52:10Z,2230,512.5,29.09,473.74745794046953,485.8516737562419,-12.104215815772363,0,flat_pre_release,TRUE
RA_20231005_downstream,2023-10-05T16:52:20Z,2240,512.5,29.09,473.74745794046953,485.8516737562419,-12.104215815772363,0,flat_pre_release,TRUE
RA_20231005_downstream,2023-10-05T16:52:30Z,2250,512.1,29.09,473.37770382695504,485.8516737562419,-12.473969929286852,0,flat_pre_release,TRUE
RA_20231005_downstream,2023-10-05T16:52:40Z,2260,512.1,29.09,473.37770382695504,485.8516737562419,-12.473969929286852,0,flat_pre_release,TRUE
RA_20231005_downstream,2023-10-05T16:52:50Z,2270,512.5,29.09,473.74745794046953,485.8516737562419,-12.104215815772363,0,flat_pre_release,TRUE
RA_20231005_downstream,2023-10-05T16:53:00Z,2280,512.1,29.09,473.37770382695504,485.8516737562419,-12.473969929286852,0,flat_pre_release,TRUE
RA_20231005_downstream,2023-10-05T16:53:10Z,2290,512.5,29.09,473.74745794046953,485.8516737562419,-12.104215815772363,0,flat_pre_release,TRUE
RA_20231005_downstream,2023-10-05T16:53:20Z,2300,512.5,29.09,473.74745794046953,485.8516737562419,-12.104215815772363,0,flat_pre_release,TRUE
RA_20231005_downstream,2023-10-05T16:53:30Z,2310,512.5,29.09,473.74745794046953,485.8516737562419,-12.104215815772363,0,flat_pre_release,TRUE
RA_20231005_downstream,2023-10-05T16:53:40Z,2320,512.5,29.09,473.74745794046953,485.8516737562419,-12.104215815772363,0,flat_pre_release,TRUE
RA_20231005_downstream,2023-10-05T16:53:50Z,2330,512.5,29.09,473.74745794046953,485.8516737562419,-12.104215815772363,0,flat_pre_release,TRUE
RA_20231005_downstream,2023-10-05T16:54:00Z,2340,512.1,29.09,473.37770382695504,485.8516737562419,-12.473969929286852,0,flat_pre_release,TRUE
RA_20231005_downstream,2023-10-05T16:54:10Z,2350,512.5,29.09,473.74745794046953,485.8516737562419,-12.104215815772363,0,flat_pre_release,TRUE
RA_20231005_downstream,2023-10-05T16:54:20Z,2360,512.1,29.09,473.37770382695504,485.8516737562419,-12.473969929286852,0,flat_pre_release,TRUE
RA_20231005_downstream,2023-10-05T16:54:30Z,2370,512.1,29.09,473.37770382695504,485.8516737562419,-12.473969929286852,0,flat_pre_release,TRUE
RA_20231005_downstream,2023-10-05T16:54:40Z,2380,512.5,29.09,473.74745794046953,485.8516737562419,-12.104215815772363,0,flat_pre_release,TRUE
RA_20231005_downstream,2023-10-05T16:54:50Z,2390,512.5,29.1,473.65988909426983,485.8516737562419,-12.191784661972065,0,flat_pre_release,TRUE
RA_20231005_downstream,2023-10-05T16:55:00Z,2400,512.5,29.1,473.65988909426983,485.8516737562419,-12.191784661972065,0,flat_pre_release,TRUE
RA_20231005_downstream,2023-10-05T16:55:10Z,2410,512.5,29.09,473.74745794046953,485.8516737562419,-12.104215815772363,0,flat_pre_release,TRUE
RA_20231005_downstream,2023-10-05T16:55:20Z,2420,512.5,29.1,473.65988909426983,485.8516737562419,-12.191784661972065,0,flat_pre_release,TRUE
RA_20231005_downstream,2023-10-05T16:55:30Z,2430,512.1,29.09,473.37770382695504,485.8516737562419,-12.473969929286852,0,flat_pre_release,TRUE
RA_20231005_downstream,2023-10-05T16:55:40Z,2440,511.7000000000001,29.09,473.00794971344055,485.8516737562419,-12.843724042801341,0,flat_pre_release,TRUE
RA_20231005_downstream,2023-10-05T16:55:50Z,2450,512.1,29.09,473.37770382695504,485.8516737562419,-12.473969929286852,0,flat_pre_release,TRUE
RA_20231005_downstream,2023-10-05T16:56:00Z,2460,511.7000000000001,29.09,473.00794971344055,485.8516737562419,-12.843724042801341,0,flat_pre_release,TRUE
RA_20231005_downstream,2023-10-05T16:56:10Z,2470,511.7000000000001,29.09,473.00794971344055,485.8516737562419,-12.843724042801341,0,flat_pre_release,TRUE
RA_20231005_downstream,2023-10-05T16:56:20Z,2480,511.7000000000001,29.09,473.00794971344055,485.8516737562419,-12.843724042801341,0,flat_pre_release,TRUE
RA_20231005_downstream,2023-10-05T16:56:30Z,2490,511.7000000000001,29.09,473.00794971344055,485.8516737562419,-12.843724042801341,0,flat_pre_release,TRUE
RA_20231005_downstream,2023-10-05T16:56:40Z,2500,511.7000000000001,29.09,473.00794971344055,485.8516737562419,-12.843724042801341,0,flat_pre_release,TRUE
RA_20231005_downstream,2023-10-05T16:56:50Z,2510,511.7000000000001,29.09,473.00794971344055,485.8516737562419,-12.843724042801341,0,flat_pre_release,TRUE
RA_20231005_downstream,2023-10-05T16:57:00Z,2520,511.7000000000001,29.1,472.9205175600739,485.8516737562419,-12.93115619616799,0,flat_pre_release,TRUE
RA_20231005_downstream,2023-10-05T16:57:10Z,2530,511.7000000000001,29.1,472.9205175600739,485.8516737562419,-12.93115619616799,0,flat_pre_release,TRUE
RA_20231005_downstream,2023-10-05T16:57:20Z,2540,511.7000000000001,29.1,472.9205175600739,485.8516737562419,-12.93115619616799,0,flat_pre_release,TRUE
RA_20231005_downstream,2023-10-05T16:57:30Z,2550,511.7000000000001,29.09,473.00794971344055,485.8516737562419,-12.843724042801341,0,flat_pre_release,TRUE
RA_20231005_downstream,2023-10-05T16:57:40Z,2560,511.7000000000001,29.1,472.9205175600739,485.8516737562419,-12.93115619616799,0,flat_pre_release,TRUE
RA_20231005_downstream,2023-10-05T16:57:50Z,2570,511.7000000000001,29.1,472.9205175600739,485.8516737562419,-12.93115619616799,0,flat_pre_release,TRUE
RA_20231005_downstream,2023-10-05T16:58:00Z,2580,511.7000000000001,29.1,472.9205175600739,485.8516737562419,-12.93115619616799,0,flat_pre_release,TRUE
RA_20231005_downstream,2023-10-05T16:58:10Z,2590,511.7000000000001,29.1,472.9205175600739,485.8516737562419,-12.93115619616799,0,flat_pre_release,TRUE
RA_20231005_downstream,2023-10-05T16:58:20Z,2600,511.7000000000001,29.1,472.9205175600739,485.8516737562419,-12.93115619616799,0,flat_pre_release,TRUE
RA_20231005_downstream,2023-10-05T16:58:30Z,2610,511.7000000000001,29.09,473.00794971344055,485.8516737562419,-12.843724042801341,0,flat_pre_release,TRUE
RA_20231005_downstream,2023-10-05T16:58:40Z,2620,511.7000000000001,29.09,473.00794971344055,485.8516737562419,-12.843724042801341,0,flat_pre_release,TRUE
RA_20231005_downstream,2023-10-05T16:58:50Z,2630,511.7000000000001,29.1,472.9205175600739,485.8516737562419,-12.93115619616799,0,flat_pre_release,TRUE
RA_20231005_downstream,2023-10-05T16:59:00Z,2640,511.7000000000001,29.1,472.9205175600739,485.8516737562419,-12.93115619616799,0,flat_pre_release,TRUE
RA_20231005_downstream,2023-10-05T16:59:10Z,2650,511.7000000000001,29.09,473.00794971344055,485.8516737562419,-12.843724042801341,0,flat_pre_release,TRUE
RA_20231005_downstream,2023-10-05T16:59:20Z,2660,511.7000000000001,29.09,473.00794971344055,485.8516737562419,-12.843724042801341,0,flat_pre_release,TRUE
RA_20231005_downstream,2023-10-05T16:59:30Z,2670,511.7000000000001,29.09,473.00794971344055,485.8516737562419,-12.843724042801341,0,flat_pre_release,TRUE
RA_20231005_downstream,2023-10-05T16:59:40Z,2680,511.7000000000001,29.09,473.00794971344055,485.8516737562419,-12.843724042801341,0,flat_pre_release,TRUE
RA_20231005_downstream,2023-10-05T16:59:50Z,2690,511.7000000000001,29.09,473.00794971344055,485.8516737562419,-12.843724042801341,0,flat_pre_release,TRUE
RA_20231005_downstream,2023-10-05T17:00:00Z,2700,511.7000000000001,29.09,473.00794971344055,485.8516737562419,-12.843724042801341,0,flat_pre_release,TRUE
RA_20231005_downstream,2023-10-05T17:00:10Z,2710,511.7000000000001,29.09,473.00794971344055,485.8516737562419,-12.843724042801341,0,flat_pre_release,TRUE
RA_20231005_downstream,2023-10-05T17:00:20Z,2720,511.7000000000001,29.09,473.00794971344055,485.8516737562419,-12.843724042801341,0,flat_pre_release,TRUE
RA_20231005_downstream,2023-10-05T17:00:30Z,2730,511.7000000000001,29.09,473.00794971344055,485.8516737562419,-12.843724042801341,0,flat_pre_release,TRUE
RA_20231005_downstream,2023-10-05T17:00:40Z,2740,511.7000000000001,29.09,473.00794971344055,485.8516737562419,-12.843724042801341,0,flat_pre_release,TRUE
RA_20231005_downstream,2023-10-05T17:00:50Z,2750,511.7000000000001,29.09,473.00794971344055,485.8516737562419,-12.843724042801341,0,flat_pre_release,TRUE
RA_20231005_downstream,2023-10-05T17:01:00Z,2760,511.7000000000001,29.09,473.00794971344055,485.8516737562419,-12.843724042801341,0,flat_pre_release,TRUE
RA_20231005_downstream,2023-10-05T17:01:10Z,2770,511.7000000000001,29.09,473.00794971344055,485.8516737562419,-12.843724042801341,0,flat_pre_release,TRUE
RA_20231005_downstream,2023-10-05T17:01:20Z,2780,511.7000000000001,29.09,473.00794971344055,485.8516737562419,-12.843724042801341,0,flat_pre_release,TRUE
RA_20231005_downstream,2023-10-05T17:01:30Z,2790,511.7000000000001,29.09,473.00794971344055,485.8516737562419,-12.843724042801341,0,flat_pre_release,TRUE
RA_20231005_downstream,2023-10-05T17:01:40Z,2800,511.7000000000001,29.09,473.00794971344055,485.8516737562419,-12.843724042801341,0,flat_pre_release,TRUE
RA_20231005_downstream,2023-10-05T17:01:50Z,2810,511.7000000000001,29.09,473.00794971344055,485.8516737562419,-12.843724042801341,0,flat_pre_release,TRUE
RA_20231005_downstream,2023-10-05T17:02:00Z,2820,511.3,29.09,472.638195599926,485.8516737562419,-13.213478156315887,0,flat_pre_release,TRUE
RA_20231005_downstream,2023-10-05T17:02:10Z,2830,511.7000000000001,29.09,473.00794971344055,485.8516737562419,-12.843724042801341,0,flat_pre_release,TRUE
RA_20231005_downstream,2023-10-05T17:02:20Z,2840,511.3,29.08,472.7255917159763,485.8516737562419,-13.1260820402656,0,flat_pre_release,TRUE
RA_20231005_downstream,2023-10-05T17:02:30Z,2850,511.7000000000001,29.08,473.0954142011834,485.8516737562419,-12.756259555058477,0,flat_pre_release,TRUE
RA_20231005_downstream,2023-10-05T17:02:40Z,2860,511.7000000000001,29.09,473.00794971344055,485.8516737562419,-12.843724042801341,0,flat_pre_release,TRUE
RA_20231005_downstream,2023-10-05T17:02:50Z,2870,511.7000000000001,29.09,473.00794971344055,485.8516737562419,-12.843724042801341,0,flat_pre_release,TRUE
RA_20231005_downstream,2023-10-05T17:03:00Z,2880,511.7000000000001,29.09,473.00794971344055,485.8516737562419,-12.843724042801341,0,flat_pre_release,TRUE
RA_20231005_downstream,2023-10-05T17:03:10Z,2890,511.7000000000001,29.09,473.00794971344055,485.8516737562419,-12.843724042801341,0,flat_pre_release,TRUE
RA_20231005_downstream,2023-10-05T17:03:20Z,2900,511.7000000000001,29.09,473.00794971344055,485.8516737562419,-12.843724042801341,0,flat_pre_release,TRUE
RA_20231005_downstream,2023-10-05T17:03:30Z,2910,511.7000000000001,29.09,473.00794971344055,485.8516737562419,-12.843724042801341,0,flat_pre_release,TRUE
RA_20231005_downstream,2023-10-05T17:03:40Z,2920,511.7000000000001,29.09,473.00794971344055,485.8516737562419,-12.843724042801341,0,flat_pre_release,TRUE
RA_20231005_downstream,2023-10-05T17:03:50Z,2930,511.7000000000001,29.09,473.00794971344055,485.8516737562419,-12.843724042801341,0,flat_pre_release,TRUE
RA_20231005_downstream,2023-10-05T17:04:00Z,2940,511.7000000000001,29.09,473.00794971344055,485.8516737562419,-12.843724042801341,0,flat_pre_release,TRUE
RA_20231005_downstream,2023-10-05T17:04:10Z,2950,511.7000000000001,29.09,473.00794971344055,485.8516737562419,-12.843724042801341,0,flat_pre_release,TRUE
RA_20231005_downstream,2023-10-05T17:04:20Z,2960,511.7000000000001,29.09,473.00794971344055,485.8516737562419,-12.843724042801341,0,flat_pre_release,TRUE
RA_20231005_downstream,2023-10-05T17:04:30Z,2970,511.3,29.09,472.638195599926,485.8516737562419,-13.213478156315887,0,flat_pre_release,TRUE
RA_20231005_downstream,2023-10-05T17:04:40Z,2980,511.7000000000001,29.09,473.00794971344055,485.8516737562419,-12.843724042801341,0,flat_pre_release,TRUE
RA_20231005_downstream,2023-10-05T17:04:50Z,2990,511.7000000000001,29.09,473.00794971344055,485.8516737562419,-12.843724042801341,0,flat_pre_release,TRUE
RA_20231005_downstream,2023-10-05T17:05:00Z,3000,511.7000000000001,29.09,473.00794971344055,485.8516737562419,-12.843724042801341,0,flat_pre_release,TRUE
RA_20231005_downstream,2023-10-05T17:05:10Z,3010,511.7000000000001,29.09,473.00794971344055,485.8516737562419,-12.843724042801341,0,flat_pre_release,TRUE
RA_20231005_downstream,2023-10-05T17:05:20Z,3020,511.7000000000001,29.09,473.00794971344055,485.8516737562419,-12.843724042801341,0,flat_pre_release,TRUE
RA_20231005_downstream,2023-10-05T17:05:30Z,3030,511.7000000000001,29.09,473.00794971344055,485.8516737562419,-12.843724042801341,0,flat_pre_release,TRUE
RA_20231005_downstream,2023-10-05T17:05:40Z,3040,511.7000000000001,29.09,473.00794971344055,485.8516737562419,-12.843724042801341,0,flat_pre_release,TRUE
RA_20231005_downstream,2023-10-05T17:05:50Z,3050,511.7000000000001,29.08,473.0954142011834,485.8516737562419,-12.756259555058477,0,flat_pre_release,TRUE
RA_20231005_downstream,2023-10-05T17:06:00Z,3060,511.7000000000001,29.08,473.0954142011834,485.8516737562419,-12.756259555058477,0,flat_pre_release,TRUE
RA_20231005_downstream,2023-10-05T17:06:10Z,3070,512.1,29.09,473.37770382695504,485.8516737562419,-12.473969929286852,0,flat_pre_release,TRUE
RA_20231005_downstream,2023-10-05T17:06:20Z,3080,511.7000000000001,29.09,473.00794971344055,485.8516737562419,-12.843724042801341,0,flat_pre_release,TRUE
RA_20231005_downstream,2023-10-05T17:06:30Z,3090,511.7000000000001,29.09,473.00794971344055,485.8516737562419,-12.843724042801341,0,flat_pre_release,TRUE
RA_20231005_downstream,2023-10-05T17:06:40Z,3100,511.7000000000001,29.09,473.00794971344055,485.8516737562419,-12.843724042801341,0,flat_pre_release,TRUE
RA_20231005_downstream,2023-10-05T17:06:50Z,3110,511.7000000000001,29.08,473.0954142011834,485.8516737562419,-12.756259555058477,0,flat_pre_release,TRUE
RA_20231005_downstream,2023-10-05T17:07:00Z,3120,511.7000000000001,29.08,473.0954142011834,485.8516737562419,-12.756259555058477,0,flat_pre_release,TRUE
RA_20231005_downstream,2023-10-05T17:07:10Z,3130,512.1,29.09,473.37770382695504,485.8516737562419,-12.473969929286852,0,flat_pre_release,TRUE
RA_20231005_downstream,2023-10-05T17:07:20Z,3140,512.1,29.09,473.37770382695504,485.8516737562419,-12.473969929286852,0,flat_pre_release,TRUE
RA_20231005_downstream,2023-10-05T17:07:30Z,3150,512.5,29.09,473.74745794046953,485.8516737562419,-12.104215815772363,0,flat_pre_release,TRUE
RA_20231005_downstream,2023-10-05T17:07:40Z,3160,512.5,29.08,473.8350591715976,485.8516737562419,-12.016614584644287,0,flat_pre_release,TRUE
RA_20231005_downstream,2023-10-05T17:07:50Z,3170,512.5,29.09,473.74745794046953,485.8516737562419,-12.104215815772363,0,flat_pre_release,TRUE
RA_20231005_downstream,2023-10-05T17:08:00Z,3180,512.8000000000001,29.09,474.0247735256055,485.8516737562419,-11.826900230636397,0,flat_pre_release,TRUE
RA_20231005_downstream,2023-10-05T17:08:10Z,3190,512.8000000000001,29.09,474.0247735256055,485.8516737562419,-11.826900230636397,0,flat_pre_release,TRUE
RA_20231005_downstream,2023-10-05T17:08:20Z,3200,513.2,29.09,474.39452763912,485.8516737562419,-11.457146117121908,0,flat_pre_release,TRUE
RA_20231005_downstream,2023-10-05T17:08:30Z,3210,513.6,29.09,474.7642817526345,485.8516737562419,-11.08739200360742,0,flat_pre_release,TRUE
RA_20231005_downstream,2023-10-05T17:08:40Z,3220,514.7,29.09,475.7811055647994,485.8516737562419,-10.070568191442476,0,flat_pre_release,TRUE
RA_20231005_downstream,2023-10-05T17:08:50Z,3230,515.1,29.09,476.1508596783139,485.8516737562419,-9.700814077927987,0,flat_pre_release,TRUE
RA_20231005_downstream,2023-10-05T17:09:00Z,3240,515.9,29.09,476.8903679053429,485.8516737562419,-8.96130585089901,0,flat_pre_release,TRUE
RA_20231005_downstream,2023-10-05T17:09:10Z,3250,516.6,29.1,477.449168207024,485.8516737562419,-8.402505549217892,0,flat_pre_release,TRUE
RA_20231005_downstream,2023-10-05T17:09:20Z,3260,517,29.09,477.90719171750783,485.8516737562419,-7.9444820387340656,0,flat_pre_release,TRUE
RA_20231005_downstream,2023-10-05T17:09:30Z,3270,517.4,29.09,478.2769458310223,485.8516737562419,-7.574727925219577,0,flat_pre_release,TRUE
RA_20231005_downstream,2023-10-05T17:09:40Z,3280,518.2,29.1,478.9279112754159,485.8516737562419,-6.923762480825985,0,flat_pre_release,TRUE
RA_20231005_downstream,2023-10-05T17:09:50Z,3290,518.9,29.1,479.5748613678373,485.8516737562419,-6.276812388404608,0,flat_pre_release,TRUE
RA_20231005_downstream,2023-10-05T17:10:00Z,3300,519.3000000000001,29.1,479.94454713493536,485.8516737562419,-5.907126621306531,0,flat_pre_release,TRUE
RA_20231005_downstream,2023-10-05T17:10:10Z,3310,520.1,29.1,480.6839186691312,485.8516737562419,-5.16775508711072,0,flat_pre_release,TRUE
RA_20231005_downstream,2023-10-05T17:10:20Z,3320,520.4,29.1,480.96118299445465,485.8516737562419,-4.890490761787248,0,flat_pre_release,TRUE
RA_20231005_downstream,2023-10-05T17:10:30Z,3330,520.8000000000001,29.08,481.50887573964496,485.8516737562419,-4.34279801659693,0,flat_pre_release,TRUE
RA_20231005_downstream,2023-10-05T17:10:40Z,3340,520.8000000000001,29.09,481.4198557958957,485.8516737562419,-4.431817960346166,0,flat_pre_release,TRUE
RA_20231005_downstream,2023-10-05T17:10:50Z,3350,521.2,29.1,481.7005545286507,485.8516737562419,-4.151119227591209,0,flat_pre_release,TRUE
RA_20231005_downstream,2023-10-05T17:11:00Z,3360,520.8000000000001,29.12,481.1529933481154,485.8516737562419,-4.698680408126506,0,flat_pre_release,TRUE
RA_20231005_downstream,2023-10-05T17:11:10Z,3370,520.8000000000001,29.1,481.3308687615527,485.8516737562419,-4.520804994689172,0,flat_pre_release,TRUE
RA_20231005_downstream,2023-10-05T17:11:20Z,3380,520.8000000000001,29.1,481.3308687615527,485.8516737562419,-4.520804994689172,0,flat_pre_release,TRUE
RA_20231005_downstream,2023-10-05T17:11:30Z,3390,521.2,29.1,481.7005545286507,485.8516737562419,-4.151119227591209,0,flat_pre_release,TRUE
RA_20231005_downstream,2023-10-05T17:11:40Z,3400,521.2,29.12,481.5225424981523,485.8516737562419,-4.329131258089603,0,flat_pre_release,TRUE
RA_20231005_downstream,2023-10-05T17:11:50Z,3410,521.2,29.13,481.4335858119343,485.8516737562419,-4.418087944307615,0,flat_pre_release,TRUE
RA_20231005_downstream,2023-10-05T17:12:00Z,3420,520.8000000000001,29.13,481.0641049325698,485.8516737562419,-4.787568823672075,0,flat_pre_release,TRUE
RA_20231005_downstream,2023-10-05T17:12:10Z,3430,520.8000000000001,29.13,481.0641049325698,485.8516737562419,-4.787568823672075,0,flat_pre_release,TRUE
RA_20231005_downstream,2023-10-05T17:12:20Z,3440,520.8000000000001,29.12,481.1529933481154,485.8516737562419,-4.698680408126506,0,flat_pre_release,TRUE
RA_20231005_downstream,2023-10-05T17:12:30Z,3450,520.8000000000001,29.13,481.0641049325698,485.8516737562419,-4.787568823672075,0,flat_pre_release,TRUE
RA_20231005_downstream,2023-10-05T17:12:40Z,3460,520.8000000000001,29.14,480.97524935352794,485.8516737562419,-4.876424402713951,0,flat_pre_release,TRUE
RA_20231005_downstream,2023-10-05T17:12:50Z,3470,520.8000000000001,29.14,480.97524935352794,485.8516737562419,-4.876424402713951,0,flat_pre_release,TRUE
RA_20231005_downstream,2023-10-05T17:13:00Z,3480,520,29.14,480.23642408570373,485.8516737562419,-5.615249670538162,0,flat_pre_release,TRUE
RA_20231005_downstream,2023-10-05T17:13:10Z,3490,520.4,29.15,480.5170821791321,485.8516737562419,-5.334591577109791,0,flat_pre_release,TRUE
RA_20231005_downstream,2023-10-05T17:13:20Z,3500,520.4,29.18,480.25101513473606,485.8516737562419,-5.600658621505829,0,flat_pre_release,TRUE
RA_20231005_downstream,2023-10-05T17:13:30Z,3510,520,29.19,479.7933198007012,485.8516737562419,-6.058353955540667,0,flat_pre_release,TRUE
RA_20231005_downstream,2023-10-05T17:13:40Z,3520,520,29.2,479.7047970479704,485.8516737562419,-6.14687670827152,0,flat_pre_release,TRUE
RA_20231005_downstream,2023-10-05T17:13:50Z,3530,520,29.23,479.4394246726904,485.8516737562419,-6.412249083551501,0,flat_pre_release,TRUE
RA_20231005_downstream,2023-10-05T17:14:00Z,3540,520,29.24,479.3510324483776,485.8516737562419,-6.500641307864271,0,flat_pre_release,TRUE
RA_20231005_downstream,2023-10-05T17:14:10Z,3550,520,29.24,479.3510324483776,485.8516737562419,-6.500641307864271,0,flat_pre_release,TRUE
RA_20231005_downstream,2023-10-05T17:14:20Z,3560,520,29.24,479.3510324483776,485.8516737562419,-6.500641307864271,0,flat_pre_release,TRUE
RA_20231005_downstream,2023-10-05T17:14:30Z,3570,520,29.23,479.4394246726904,485.8516737562419,-6.412249083551501,0,flat_pre_release,TRUE
RA_20231005_downstream,2023-10-05T17:14:40Z,3580,519.6,29.21,479.2473713337023,485.8516737562419,-6.604302422539604,0,flat_pre_release,TRUE
RA_20231005_downstream,2023-10-05T17:14:50Z,3590,519.6,29.21,479.2473713337023,485.8516737562419,-6.604302422539604,0,flat_pre_release,TRUE
RA_20231005_downstream,2023-10-05T17:15:00Z,3600,519.6,29.21,479.2473713337023,485.8516737562419,-6.604302422539604,0,flat_pre_release,TRUE
RA_20231005_downstream,2023-10-05T17:15:10Z,3610,519.6,29.21,479.2473713337023,485.8516737562419,-6.604302422539604,0,flat_pre_release,TRUE
RA_20231005_downstream,2023-10-05T17:15:20Z,3620,519.6,29.21,479.2473713337023,485.8516737562419,-6.604302422539604,0,flat_pre_release,TRUE
RA_20231005_downstream,2023-10-05T17:15:30Z,3630,519.3000000000001,29.19,479.1474441778926,485.8516737562419,-6.7042295783492705,0,flat_pre_release,TRUE
RA_20231005_downstream,2023-10-05T17:15:40Z,3640,519.3000000000001,29.18,479.2358803986712,485.8516737562419,-6.615793357570681,0,flat_pre_release,TRUE
RA_20231005_downstream,2023-10-05T17:15:50Z,3650,519.7,29.17,479.69355731954954,485.8516737562419,-6.158116436692353,0,flat_pre_release,TRUE
RA_20231005_downstream,2023-10-05T17:16:00Z,3660,519.7,29.17,479.69355731954954,485.8516737562419,-6.158116436692353,0,flat_pre_release,TRUE
RA_20231005_downstream,2023-10-05T17:16:10Z,3670,518.9,29.17,478.95514122207857,485.8516737562419,-6.8965325341633275,0,flat_pre_release,TRUE
RA_20231005_downstream,2023-10-05T17:16:20Z,3680,518.9,29.17,478.95514122207857,485.8516737562419,-6.8965325341633275,0,flat_pre_release,TRUE
RA_20231005_downstream,2023-10-05T17:16:30Z,3690,518.1,29.18,478.1284606866003,485.8516737562419,-7.723213069641588,0,flat_pre_release,TRUE
RA_20231005_downstream,2023-10-05T17:16:40Z,3700,517.7,29.18,477.7593207825767,485.8516737562419,-8.092352973665186,0,flat_pre_release,TRUE
RA_20231005_downstream,2023-10-05T17:16:50Z,3710,517.4,29.18,477.4824658545589,485.8516737562419,-8.369207901683012,0,flat_pre_release,TRUE
RA_20231005_downstream,2023-10-05T17:17:00Z,3720,517,29.17,477.2014029905851,485.8516737562419,-8.650270765656785,0,flat_pre_release,TRUE
RA_20231005_downstream,2023-10-05T17:17:10Z,3730,517,29.17,477.2014029905851,485.8516737562419,-8.650270765656785,0,flat_pre_release,TRUE
RA_20231005_downstream,2023-10-05T17:17:20Z,3740,517,29.18,477.1133259505353,485.8516737562419,-8.73834780570661,0,flat_pre_release,TRUE
RA_20231005_downstream,2023-10-05T17:17:30Z,3750,517.4,29.19,477.3943532016976,485.8516737562419,-8.45732055454431,0,flat_pre_release,TRUE
RA_20231005_downstream,2023-10-05T17:17:40Z,3760,517.3000000000001,29.2,477.21402214022146,485.8516737562419,-8.637651616020435,0,flat_pre_release,TRUE
RA_20231005_downstream,2023-10-05T17:17:50Z,3770,517.3000000000001,29.21,477.12599151448075,485.8516737562419,-8.725682241761149,0,flat_pre_release,TRUE
RA_20231005_downstream,2023-10-05T17:18:00Z,3780,517,29.21,476.8492897989301,485.8516737562419,-9.002383957311793,0,flat_pre_release,TRUE
RA_20231005_downstream,2023-10-05T17:18:10Z,3790,517,29.19,477.0252814172356,485.8516737562419,-8.826392339006304,0,flat_pre_release,TRUE
RA_20231005_downstream,2023-10-05T17:18:20Z,3800,517.7,29.19,477.6711570400443,485.8516737562419,-8.180516716197587,0,flat_pre_release,TRUE
RA_20231005_downstream,2023-10-05T17:18:30Z,3810,518.5,29.21,478.23279837668326,485.8516737562419,-7.618875379558631,0,flat_pre_release,TRUE
RA_20231005_downstream,2023-10-05T17:18:40Z,3820,518.1,29.23,477.6876267748479,485.8516737562419,-8.164046981393994,0,flat_pre_release,TRUE
RA_20231005_downstream,2023-10-05T17:18:50Z,3830,518.1,29.23,477.6876267748479,485.8516737562419,-8.164046981393994,0,flat_pre_release,TRUE
RA_20231005_downstream,2023-10-05T17:19:00Z,3840,518.5,29.2,478.3210332103321,485.8516737562419,-7.530640545909819,0,flat_pre_release,TRUE
RA_20231005_downstream,2023-10-05T17:19:10Z,3850,518.9,29.2,478.69003690036897,485.8516737562419,-7.161636855872928,0,flat_pre_release,TRUE
RA_20231005_downstream,2023-10-05T17:19:20Z,3860,518.9,29.21,478.6017339974174,485.8516737562419,-7.249939758824496,0,flat_pre_release,TRUE
RA_20231005_downstream,2023-10-05T17:19:30Z,3870,519.2,29.23,478.70182555780934,485.8516737562419,-7.149848198432551,0,flat_pre_release,TRUE
RA_20231005_downstream,2023-10-05T17:19:40Z,3880,519.2,29.23,478.70182555780934,485.8516737562419,-7.149848198432551,0,flat_pre_release,TRUE
RA_20231005_downstream,2023-10-05T17:19:50Z,3890,519.2,29.23,478.70182555780934,485.8516737562419,-7.149848198432551,0,flat_pre_release,TRUE
RA_20231005_downstream,2023-10-05T17:20:00Z,3900,519.2,29.23,478.70182555780934,485.8516737562419,-7.149848198432551,0,flat_pre_release,TRUE
RA_20231005_downstream,2023-10-05T17:20:10Z,3910,519.2,29.24,478.613569321534,485.8516737562419,-7.238104434707907,0,flat_pre_release,TRUE
RA_20231005_downstream,2023-10-05T17:20:20Z,3920,519.2,29.25,478.52534562211986,485.8516737562419,-7.326328134122036,0,flat_pre_release,TRUE
RA_20231005_downstream,2023-10-05T17:20:30Z,3930,519.2,29.25,478.52534562211986,485.8516737562419,-7.326328134122036,0,flat_pre_release,TRUE
RA_20231005_downstream,2023-10-05T17:20:40Z,3940,518.8000000000001,29.26,478.0685587910063,485.8516737562419,-7.7831149652355975,0,flat_pre_release,TRUE
RA_20231005_downstream,2023-10-05T17:20:50Z,3950,519.2,29.27,478.3489957619312,485.8516737562419,-7.502677994310716,0,flat_pre_release,TRUE
RA_20231005_downstream,2023-10-05T17:21:00Z,3960,518.8000000000001,29.27,477.98046803021936,485.8516737562419,-7.871205726022538,0,flat_pre_release,TRUE
RA_20231005_downstream,2023-10-05T17:21:10Z,3970,518.8000000000001,29.27,477.98046803021936,485.8516737562419,-7.871205726022538,0,flat_pre_release,TRUE
RA_20231005_downstream,2023-10-05T17:21:20Z,3980,518.8000000000001,29.29,477.8043838644319,485.8516737562419,-8.04728989181001,0,flat_pre_release,TRUE
RA_20231005_downstream,2023-10-05T17:21:30Z,3990,518.8000000000001,29.29,477.8043838644319,485.8516737562419,-8.04728989181001,0,flat_pre_release,TRUE
RA_20231005_downstream,2023-10-05T17:21:40Z,4000,518.8000000000001,29.3,477.7163904235728,485.8516737562419,-8.135283332669076,0,flat_pre_release,TRUE
RA_20231005_downstream,2023-10-05T17:21:50Z,4010,518.4,29.3,477.3480662983425,485.8516737562419,-8.50360745789942,0,flat_pre_release,TRUE
RA_20231005_downstream,2023-10-05T17:22:00Z,4020,518.4,29.29,477.43599189537673,485.8516737562419,-8.415681860865163,0,flat_pre_release,TRUE
RA_20231005_downstream,2023-10-05T17:22:10Z,4030,518.1,29.29,477.15969791858544,485.8516737562419,-8.691975837656457,0,flat_pre_release,TRUE
RA_20231005_downstream,2023-10-05T17:22:20Z,4040,518.1,29.29,477.15969791858544,485.8516737562419,-8.691975837656457,0,flat_pre_release,TRUE
RA_20231005_downstream,2023-10-05T17:22:30Z,4050,518.4,29.3,477.3480662983425,485.8516737562419,-8.50360745789942,0,flat_pre_release,TRUE
RA_20231005_downstream,2023-10-05T17:22:40Z,4060,518.1,29.3,477.0718232044199,485.8516737562419,-8.779850551821994,0,flat_pre_release,TRUE
RA_20231005_downstream,2023-10-05T17:22:50Z,4070,517.7,29.3,476.70349907918967,485.8516737562419,-9.148174677052225,0,flat_pre_release,TRUE
RA_20231005_downstream,2023-10-05T17:23:00Z,4080,518.1,29.29,477.15969791858544,485.8516737562419,-8.691975837656457,0,flat_pre_release,TRUE
RA_20231005_downstream,2023-10-05T17:23:10Z,4090,518.4,29.29,477.43599189537673,485.8516737562419,-8.415681860865163,0,flat_pre_release,TRUE
RA_20231005_downstream,2023-10-05T17:23:20Z,4100,518.8000000000001,29.29,477.8043838644319,485.8516737562419,-8.04728989181001,0,flat_pre_release,TRUE
RA_20231005_downstream,2023-10-05T17:23:30Z,4110,518.8000000000001,29.29,477.8043838644319,485.8516737562419,-8.04728989181001,0,flat_pre_release,TRUE
RA_20231005_downstream,2023-10-05T17:23:40Z,4120,519.2,29.29,478.1727758334869,485.8516737562419,-7.67889792275497,0,flat_pre_release,TRUE
RA_20231005_downstream,2023-10-05T17:23:50Z,4130,519.6,29.31,478.36494199963175,485.8516737562419,-7.486731756610141,0,flat_pre_release,TRUE
RA_20231005_downstream,2023-10-05T17:24:00Z,4140,519.6,29.31,478.36494199963175,485.8516737562419,-7.486731756610141,0,flat_pre_release,TRUE
RA_20231005_downstream,2023-10-05T17:24:10Z,4150,519.6,29.31,478.36494199963175,485.8516737562419,-7.486731756610141,0,flat_pre_release,TRUE
RA_20231005_downstream,2023-10-05T17:24:20Z,4160,519.6,29.29,478.5411678025419,485.8516737562419,-7.3105059536999875,0,flat_pre_release,TRUE
RA_20231005_downstream,2023-10-05T17:24:30Z,4170,519.6,29.27,478.71752349364294,485.8516737562419,-7.134150262598951,0,flat_pre_release,TRUE
RA_20231005_downstream,2023-10-05T17:24:40Z,4180,519.6,29.29,478.5411678025419,485.8516737562419,-7.3105059536999875,0,flat_pre_release,TRUE
RA_20231005_downstream,2023-10-05T17:24:50Z,4190,519.2,29.29,478.1727758334869,485.8516737562419,-7.67889792275497,0,flat_pre_release,TRUE
RA_20231005_downstream,2023-10-05T17:25:00Z,4200,518.8000000000001,29.27,477.98046803021936,485.8516737562419,-7.871205726022538,0,flat_pre_release,TRUE
RA_20231005_downstream,2023-10-05T17:25:10Z,4210,518.8000000000001,29.27,477.98046803021936,485.8516737562419,-7.871205726022538,0,flat_pre_release,TRUE
RA_20231005_downstream,2023-10-05T17:25:20Z,4220,518.8000000000001,29.27,477.98046803021936,485.8516737562419,-7.871205726022538,0,flat_pre_release,TRUE
RA_20231005_downstream,2023-10-05T17:25:30Z,4230,518.8000000000001,29.27,477.98046803021936,485.8516737562419,-7.871205726022538,0,flat_pre_release,TRUE
RA_20231005_downstream,2023-10-05T17:25:40Z,4240,518.8000000000001,29.27,477.98046803021936,485.8516737562419,-7.871205726022538,0,flat_pre_release,TRUE
RA_20231005_downstream,2023-10-05T17:25:50Z,4250,518.8000000000001,29.27,477.98046803021936,485.8516737562419,-7.871205726022538,0,flat_pre_release,TRUE
RA_20231005_downstream,2023-10-05T17:26:00Z,4260,518.8000000000001,29.27,477.98046803021936,485.8516737562419,-7.871205726022538,0,flat_pre_release,TRUE
RA_20231005_downstream,2023-10-05T17:26:10Z,4270,518.5,29.26,477.7921120530778,485.8516737562419,-8.059561703164093,0,flat_pre_release,TRUE
RA_20231005_downstream,2023-10-05T17:26:20Z,4280,518.1,29.26,477.4235164025065,485.8516737562419,-8.4281573537354,0,flat_pre_release,TRUE
RA_20231005_downstream,2023-10-05T17:26:30Z,4290,518.1,29.26,477.4235164025065,485.8516737562419,-8.4281573537354,0,flat_pre_release,TRUE
RA_20231005_downstream,2023-10-05T17:26:40Z,4300,518.1,29.27,477.33554449972365,485.8516737562419,-8.51612925651824,0,flat_pre_release,TRUE
RA_20231005_downstream,2023-10-05T17:26:50Z,4310,518.1,29.29,477.15969791858544,485.8516737562419,-8.691975837656457,0,flat_pre_release,TRUE
RA_20231005_downstream,2023-10-05T17:27:00Z,4320,518.1,29.29,477.15969791858544,485.8516737562419,-8.691975837656457,0,flat_pre_release,TRUE
RA_20231005_downstream,2023-10-05T17:27:10Z,4330,518.1,29.27,477.33554449972365,485.8516737562419,-8.51612925651824,0,flat_pre_release,TRUE
RA_20231005_downstream,2023-10-05T17:27:20Z,4340,518.5,29.27,477.7040722314355,485.8516737562419,-8.147601524806419,0,flat_pre_release,TRUE
RA_20231005_downstream,2023-10-05T17:27:30Z,4350,518.5,29.27,477.7040722314355,485.8516737562419,-8.147601524806419,0,flat_pre_release,TRUE
RA_20231005_downstream,2023-10-05T17:27:40Z,4360,518.5,29.26,477.7921120530778,485.8516737562419,-8.059561703164093,0,flat_pre_release,TRUE
RA_20231005_downstream,2023-10-05T17:27:50Z,4370,518.5,29.27,477.7040722314355,485.8516737562419,-8.147601524806419,0,flat_pre_release,TRUE
RA_20231005_downstream,2023-10-05T17:28:00Z,4380,518.8000000000001,29.26,478.0685587910063,485.8516737562419,-7.7831149652355975,0,flat_pre_release,TRUE
RA_20231005_downstream,2023-10-05T17:28:10Z,4390,518.8000000000001,29.26,478.0685587910063,485.8516737562419,-7.7831149652355975,0,flat_pre_release,TRUE
RA_20231005_downstream,2023-10-05T17:28:20Z,4400,519.6,29.26,478.80575009214897,485.8516737562419,-7.045923664092925,0,flat_pre_release,TRUE
RA_20231005_downstream,2023-10-05T17:28:30Z,4410,519.6,29.29,478.5411678025419,485.8516737562419,-7.3105059536999875,0,flat_pre_release,TRUE
RA_20231005_downstream,2023-10-05T17:28:40Z,4420,520,29.29,478.90955977159706,485.8516737562419,-6.942113984644834,0,flat_pre_release,TRUE
RA_20231005_downstream,2023-10-05T17:28:50Z,4430,520,29.27,479.0860512253548,485.8516737562419,-6.765622530887072,0,flat_pre_release,TRUE
RA_20231005_downstream,2023-10-05T17:29:00Z,4440,520.3000000000001,29.29,479.1858537483884,485.8516737562419,-6.665820007853483,0,flat_pre_release,TRUE
RA_20231005_downstream,2023-10-05T17:29:10Z,4450,520.7,29.29,479.55424571744345,485.8516737562419,-6.297428038798444,0,flat_pre_release,TRUE
RA_20231005_downstream,2023-10-05T17:29:20Z,4460,520.7,29.29,479.55424571744345,485.8516737562419,-6.297428038798444,0,flat_pre_release,TRUE
RA_20231005_downstream,2023-10-05T17:29:30Z,4470,520.7,29.29,479.55424571744345,485.8516737562419,-6.297428038798444,0,flat_pre_release,TRUE
RA_20231005_downstream,2023-10-05T17:29:40Z,4480,520.7,29.29,479.55424571744345,485.8516737562419,-6.297428038798444,0,flat_pre_release,TRUE
RA_20231005_downstream,2023-10-05T17:29:50Z,4490,521.1,29.27,480.09950248756223,485.8516737562419,-5.7521712686796604,0,flat_pre_release,TRUE
RA_20231005_downstream,2023-10-05T17:30:00Z,4500,521.1,29.27,480.09950248756223,485.8516737562419,-5.7521712686796604,0,flat_pre_release,TRUE
RA_20231005_downstream,2023-10-05T17:30:10Z,4510,521.1,29.27,480.09950248756223,485.8516737562419,-5.7521712686796604,0,flat_pre_release,TRUE
RA_20231005_downstream,2023-10-05T17:30:20Z,4520,521.1,29.27,480.09950248756223,485.8516737562419,-5.7521712686796604,0,flat_pre_release,TRUE
RA_20231005_downstream,2023-10-05T17:30:30Z,4530,520.7,29.27,479.73097475585047,485.8516737562419,-6.120699000391426,0,flat_pre_release,TRUE
RA_20231005_downstream,2023-10-05T17:30:40Z,4540,520.7,29.27,479.73097475585047,485.8516737562419,-6.120699000391426,0,flat_pre_release,TRUE
RA_20231005_downstream,2023-10-05T17:30:50Z,4550,520.7,29.27,479.73097475585047,485.8516737562419,-6.120699000391426,0,flat_pre_release,TRUE
RA_20231005_downstream,2023-10-05T17:31:00Z,4560,520.7,29.27,479.73097475585047,485.8516737562419,-6.120699000391426,0,flat_pre_release,TRUE
RA_20231005_downstream,2023-10-05T17:31:10Z,4570,520.7,29.29,479.55424571744345,485.8516737562419,-6.297428038798444,0,flat_pre_release,TRUE
RA_20231005_downstream,2023-10-05T17:31:20Z,4580,520.7,29.29,479.55424571744345,485.8516737562419,-6.297428038798444,0,flat_pre_release,TRUE
RA_20231005_downstream,2023-10-05T17:31:30Z,4590,520.7,29.32,479.2893961708395,485.8516737562419,-6.5622775854023985,0,flat_pre_release,TRUE
RA_20231005_downstream,2023-10-05T17:31:40Z,4600,520.7,29.34,479.11299227088705,485.8516737562419,-6.738681485354846,0,flat_pre_release,TRUE
RA_20231005_downstream,2023-10-05T17:31:50Z,4610,520.7,29.34,479.11299227088705,485.8516737562419,-6.738681485354846,0,flat_pre_release,TRUE
RA_20231005_downstream,2023-10-05T17:32:00Z,4620,520.3000000000001,29.34,478.74493927125513,485.8516737562419,-7.1067344849867595,0,flat_pre_release,TRUE
RA_20231005_downstream,2023-10-05T17:32:10Z,4630,520.3000000000001,29.32,478.9212076583211,485.8516737562419,-6.930466097920771,0,flat_pre_release,TRUE
RA_20231005_downstream,2023-10-05T17:32:20Z,4640,520.3000000000001,29.32,478.9212076583211,485.8516737562419,-6.930466097920771,0,flat_pre_release,TRUE
RA_20231005_downstream,2023-10-05T17:32:30Z,4650,520,29.31,478.733198306021,485.8516737562419,-7.118475450220899,0,flat_pre_release,TRUE
RA_20231005_downstream,2023-10-05T17:32:40Z,4660,520.3000000000001,29.3,479.097605893186,485.8516737562419,-6.754067863055866,0,flat_pre_release,TRUE
RA_20231005_downstream,2023-10-05T17:32:50Z,4670,520.3000000000001,29.3,479.097605893186,485.8516737562419,-6.754067863055866,0,flat_pre_release,TRUE
RA_20231005_downstream,2023-10-05T17:33:00Z,4680,520.3000000000001,29.29,479.1858537483884,485.8516737562419,-6.665820007853483,0,flat_pre_release,TRUE
RA_20231005_downstream,2023-10-05T17:33:10Z,4690,520.3000000000001,29.29,479.1858537483884,485.8516737562419,-6.665820007853483,0,flat_pre_release,TRUE
RA_20231005_downstream,2023-10-05T17:33:20Z,4700,520.4,29.27,479.4545789570666,485.8516737562419,-6.397094799175306,0,flat_pre_release,TRUE
RA_20231005_downstream,2023-10-05T17:33:30Z,4710,520.7,29.27,479.73097475585047,485.8516737562419,-6.120699000391426,0,flat_pre_release,TRUE
RA_20231005_downstream,2023-10-05T17:33:40Z,4720,520.7,29.27,479.73097475585047,485.8516737562419,-6.120699000391426,0,flat_pre_release,TRUE
RA_20231005_downstream,2023-10-05T17:33:50Z,4730,520.7,29.25,479.90783410138255,485.8516737562419,-5.943839654859346,0,flat_pre_release,TRUE
RA_20231005_downstream,2023-10-05T17:34:00Z,4740,521.1,29.25,480.2764976958526,485.8516737562419,-5.57517606038931,0,flat_pre_release,TRUE
RA_20231005_downstream,2023-10-05T17:34:10Z,4750,521.1,29.25,480.2764976958526,485.8516737562419,-5.57517606038931,0,flat_pre_release,TRUE
RA_20231005_downstream,2023-10-05T17:34:20Z,4760,521.1,29.25,480.2764976958526,485.8516737562419,-5.57517606038931,0,flat_pre_release,TRUE
RA_20231005_downstream,2023-10-05T17:34:30Z,4770,521.5,29.25,480.6451612903226,485.8516737562419,-5.206512465919275,0,flat_pre_release,TRUE
RA_20231005_downstream,2023-10-05T17:34:40Z,4780,521.9,29.26,480.925175082934,485.8516737562419,-4.92649867330789,0,flat_pre_release,TRUE
RA_20231005_downstream,2023-10-05T17:34:50Z,4790,521.5,29.27,480.46803021927406,485.8516737562419,-5.383643536967838,0,flat_pre_release,TRUE
RA_20231005_downstream,2023-10-05T17:35:00Z,4800,522.3000000000001,29.29,481.0278135936638,485.8516737562419,-4.823860162578114,0,flat_pre_release,TRUE
RA_20231005_downstream,2023-10-05T17:35:10Z,4810,522.2,29.3,480.8471454880294,485.8516737562419,-5.004528268212482,0,flat_pre_release,TRUE
RA_20231005_downstream,2023-10-05T17:35:20Z,4820,522.2,29.3,480.8471454880294,485.8516737562419,-5.004528268212482,0,flat_pre_release,TRUE
RA_20231005_downstream,2023-10-05T17:35:30Z,4830,522.2,29.3,480.8471454880294,485.8516737562419,-5.004528268212482,0,flat_pre_release,TRUE
RA_20231005_downstream,2023-10-05T17:35:40Z,4840,521.9,29.29,480.6594216246086,485.8516737562419,-5.192252131633268,0,flat_pre_release,TRUE
RA_20231005_downstream,2023-10-05T17:35:50Z,4850,521.9,29.29,480.6594216246086,485.8516737562419,-5.192252131633268,0,flat_pre_release,TRUE
RA_20231005_downstream,2023-10-05T17:36:00Z,4860,521.9,29.27,480.8365579509858,485.8516737562419,-5.015115805256073,0,flat_pre_release,TRUE
RA_20231005_downstream,2023-10-05T17:36:10Z,4870,521.9,29.27,480.8365579509858,485.8516737562419,-5.015115805256073,0,flat_pre_release,TRUE
RA_20231005_downstream,2023-10-05T17:36:20Z,4880,522.3000000000001,29.27,481.2050856826977,485.8516737562419,-4.646588073544194,0,flat_pre_release,TRUE
RA_20231005_downstream,2023-10-05T17:36:30Z,4890,521.9,29.25,481.0138248847926,485.8516737562419,-4.837848871449296,0,flat_pre_release,TRUE
RA_20231005_downstream,2023-10-05T17:36:40Z,4900,522.3000000000001,29.26,481.2937707335054,485.8516737562419,-4.557903022736468,0,flat_pre_release,TRUE
RA_20231005_downstream,2023-10-05T17:36:50Z,4910,522.3000000000001,29.26,481.2937707335054,485.8516737562419,-4.557903022736468,0,flat_pre_release,TRUE
RA_20231005_downstream,2023-10-05T17:37:00Z,4920,522.3000000000001,29.26,481.2937707335054,485.8516737562419,-4.557903022736468,0,flat_pre_release,TRUE
RA_20231005_downstream,2023-10-05T17:37:10Z,4930,522.3000000000001,29.27,481.2050856826977,485.8516737562419,-4.646588073544194,0,flat_pre_release,TRUE
RA_20231005_downstream,2023-10-05T17:37:20Z,4940,522.6,29.27,481.4814814814815,485.8516737562419,-4.37019227476037,0,flat_pre_release,TRUE
RA_20231005_downstream,2023-10-05T17:37:30Z,4950,522.3000000000001,29.26,481.2937707335054,485.8516737562419,-4.557903022736468,0,flat_pre_release,TRUE
RA_20231005_downstream,2023-10-05T17:37:40Z,4960,522.3000000000001,29.25,481.38248847926275,485.8516737562419,-4.469185276979147,0,flat_pre_release,TRUE
RA_20231005_downstream,2023-10-05T17:37:50Z,4970,522.3000000000001,29.23,481.5600221279735,485.8516737562419,-4.291651628268369,0,flat_pre_release,TRUE
RA_20231005_downstream,2023-10-05T17:38:00Z,4980,522.3000000000001,29.21,481.737686773658,485.8516737562419,-4.113986982583867,0,flat_pre_release,TRUE
RA_20231005_downstream,2023-10-05T17:38:10Z,4990,522.3000000000001,29.2,481.8265682656827,485.8516737562419,-4.025105490559213,0,flat_pre_release,TRUE
RA_20231005_downstream,2023-10-05T17:38:20Z,5000,522.3000000000001,29.21,481.737686773658,485.8516737562419,-4.113986982583867,0,flat_pre_release,TRUE
RA_20231005_downstream,2023-10-05T17:38:30Z,5010,523.1,29.2,482.56457564575646,485.8516737562419,-3.287098110485431,0,flat_pre_release,TRUE
RA_20231005_downstream,2023-10-05T17:38:40Z,5020,523.4,29.21,482.75225973067694,485.8516737562419,-3.099414025564954,0,flat_pre_release,TRUE
RA_20231005_downstream,2023-10-05T17:38:50Z,5030,522.7,29.2,482.1955719557196,485.8516737562419,-3.656101800522322,0,flat_pre_release,TRUE
RA_20231005_downstream,2023-10-05T17:39:00Z,5040,522.7,29.2,482.1955719557196,485.8516737562419,-3.656101800522322,0,flat_pre_release,TRUE
RA_20231005_downstream,2023-10-05T17:39:10Z,5050,522.3000000000001,29.2,481.8265682656827,485.8516737562419,-4.025105490559213,0,flat_pre_release,TRUE
RA_20231005_downstream,2023-10-05T17:39:20Z,5060,522.3000000000001,29.2,481.8265682656827,485.8516737562419,-4.025105490559213,0,flat_pre_release,TRUE
RA_20231005_downstream,2023-10-05T17:39:30Z,5070,522.3000000000001,29.2,481.8265682656827,485.8516737562419,-4.025105490559213,0,flat_pre_release,TRUE
RA_20231005_downstream,2023-10-05T17:39:40Z,5080,522.3000000000001,29.2,481.8265682656827,485.8516737562419,-4.025105490559213,0,flat_pre_release,TRUE
RA_20231005_downstream,2023-10-05T17:39:50Z,5090,522.3000000000001,29.2,481.8265682656827,485.8516737562419,-4.025105490559213,0,flat_pre_release,TRUE
RA_20231005_downstream,2023-10-05T17:40:00Z,5100,522.3000000000001,29.2,481.8265682656827,485.8516737562419,-4.025105490559213,0,flat_pre_release,TRUE
RA_20231005_downstream,2023-10-05T17:40:10Z,5110,522.3000000000001,29.2,481.8265682656827,485.8516737562419,-4.025105490559213,0,flat_pre_release,TRUE
RA_20231005_downstream,2023-10-05T17:40:20Z,5120,522.3000000000001,29.2,481.8265682656827,485.8516737562419,-4.025105490559213,0,flat_pre_release,TRUE
RA_20231005_downstream,2023-10-05T17:40:30Z,5130,522.7,29.19,482.28455434582025,485.8516737562419,-3.5671194104216397,0,flat_pre_release,TRUE
RA_20231005_downstream,2023-10-05T17:40:40Z,5140,522.3000000000001,29.2,481.8265682656827,485.8516737562419,-4.025105490559213,0,flat_pre_release,TRUE
RA_20231005_downstream,2023-10-05T17:40:50Z,5150,522.3000000000001,29.2,481.8265682656827,485.8516737562419,-4.025105490559213,0,flat_pre_release,TRUE
RA_20231005_downstream,2023-10-05T17:41:00Z,5160,522.3000000000001,29.21,481.737686773658,485.8516737562419,-4.113986982583867,0,flat_pre_release,TRUE
RA_20231005_downstream,2023-10-05T17:41:10Z,5170,522.3000000000001,29.23,481.5600221279735,485.8516737562419,-4.291651628268369,0,flat_pre_release,TRUE
RA_20231005_downstream,2023-10-05T17:41:20Z,5180,522.3000000000001,29.23,481.5600221279735,485.8516737562419,-4.291651628268369,0,flat_pre_release,TRUE
RA_20231005_downstream,2023-10-05T17:41:30Z,5190,522.3000000000001,29.23,481.5600221279735,485.8516737562419,-4.291651628268369,0,flat_pre_release,TRUE
RA_20231005_downstream,2023-10-05T17:41:40Z,5200,522.3000000000001,29.23,481.5600221279735,485.8516737562419,-4.291651628268369,0,flat_pre_release,TRUE
RA_20231005_downstream,2023-10-05T17:41:50Z,5210,522.3000000000001,29.24,481.47123893805315,485.8516737562419,-4.380434818188746,0,flat_pre_release,TRUE
RA_20231005_downstream,2023-10-05T17:42:00Z,5220,522.3000000000001,29.24,481.47123893805315,485.8516737562419,-4.380434818188746,0,flat_pre_release,TRUE
RA_20231005_downstream,2023-10-05T17:42:10Z,5230,522.3000000000001,29.25,481.38248847926275,485.8516737562419,-4.469185276979147,0,flat_pre_release,TRUE
RA_20231005_downstream,2023-10-05T17:42:20Z,5240,522.3000000000001,29.26,481.2937707335054,485.8516737562419,-4.557903022736468,0,flat_pre_release,TRUE
RA_20231005_downstream,2023-10-05T17:42:30Z,5250,522.3000000000001,29.26,481.2937707335054,485.8516737562419,-4.557903022736468,0,flat_pre_release,TRUE
RA_20231005_downstream,2023-10-05T17:42:40Z,5260,521.9,29.26,480.925175082934,485.8516737562419,-4.92649867330789,0,flat_pre_release,TRUE
RA_20231005_downstream,2023-10-05T17:42:50Z,5270,521.5,29.26,480.5565794323627,485.8516737562419,-5.295094323879198,0,flat_pre_release,TRUE
RA_20231005_downstream,2023-10-05T17:43:00Z,5280,521.5,29.24,480.73377581120945,485.8516737562419,-5.117897945032439,0,flat_pre_release,TRUE
RA_20231005_downstream,2023-10-05T17:43:10Z,5290,521.1,29.23,480.4536234556519,485.8516737562419,-5.3980503005900005,0,flat_pre_release,TRUE
RA_20231005_downstream,2023-10-05T17:43:20Z,5300,521.1,29.21,480.63087991145545,485.8516737562419,-5.220793844786442,0,flat_pre_release,TRUE
RA_20231005_downstream,2023-10-05T17:43:30Z,5310,521.1,29.21,480.63087991145545,485.8516737562419,-5.220793844786442,0,flat_pre_release,TRUE
RA_20231005_downstream,2023-10-05T17:43:40Z,5320,521.2,29.2,480.8118081180812,485.8516737562419,-5.039865638160677,0,flat_pre_release,TRUE
RA_20231005_downstream,2023-10-05T17:43:50Z,5330,521.2,29.2,480.8118081180812,485.8516737562419,-5.039865638160677,0,flat_pre_release,TRUE
RA_20231005_downstream,2023-10-05T17:44:00Z,5340,521.1,29.21,480.63087991145545,485.8516737562419,-5.220793844786442,0,flat_pre_release,TRUE
RA_20231005_downstream,2023-10-05T17:44:10Z,5350,521.5,29.21,480.9998155321896,485.8516737562419,-4.851858224052307,0,flat_pre_release,TRUE
RA_20231005_downstream,2023-10-05T17:44:20Z,5360,521.5,29.21,480.9998155321896,485.8516737562419,-4.851858224052307,0,flat_pre_release,TRUE
RA_20231005_downstream,2023-10-05T17:44:30Z,5370,521.5,29.2,481.0885608856088,485.8516737562419,-4.763112870633108,0,flat_pre_release,TRUE
RA_20231005_downstream,2023-10-05T17:44:40Z,5380,521.5,29.2,481.0885608856088,485.8516737562419,-4.763112870633108,0,flat_pre_release,TRUE
RA_20231005_downstream,2023-10-05T17:44:50Z,5390,521.2,29.2,480.8118081180812,485.8516737562419,-5.039865638160677,0,flat_pre_release,TRUE
RA_20231005_downstream,2023-10-05T17:45:00Z,5400,521.2,29.2,480.8118081180812,485.8516737562419,-5.039865638160677,0,flat_pre_release,TRUE
RA_20231005_downstream,2023-10-05T17:45:10Z,5410,521.2,29.2,480.8118081180812,485.8516737562419,-5.039865638160677,0,flat_pre_release,TRUE
RA_20231005_downstream,2023-10-05T17:45:20Z,5420,521.2,29.19,480.9005351540875,485.8516737562419,-4.951138602154401,0,flat_pre_release,TRUE
RA_20231005_downstream,2023-10-05T17:45:30Z,5430,521.5,29.19,481.177338992434,485.8516737562419,-4.674334763807906,0,flat_pre_release,TRUE
RA_20231005_downstream,2023-10-05T17:45:40Z,5440,521.2,29.19,480.9005351540875,485.8516737562419,-4.951138602154401,0,flat_pre_release,TRUE
RA_20231005_downstream,2023-10-05T17:45:50Z,5450,521.5,29.19,481.177338992434,485.8516737562419,-4.674334763807906,0,flat_pre_release,TRUE
RA_20231005_downstream,2023-10-05T17:46:00Z,5460,521.2,29.19,480.9005351540875,485.8516737562419,-4.951138602154401,0,flat_pre_release,TRUE
RA_20231005_downstream,2023-10-05T17:46:10Z,5470,521.2,29.18,480.98929494278343,485.8516737562419,-4.862378813458463,0,flat_pre_release,TRUE
RA_20231005_downstream,2023-10-05T17:46:20Z,5480,521.2,29.17,481.07808750230754,485.8516737562419,-4.773586253934354,0,flat_pre_release,TRUE
RA_20231005_downstream,2023-10-05T17:46:30Z,5490,521.2,29.17,481.07808750230754,485.8516737562419,-4.773586253934354,0,flat_pre_release,TRUE
RA_20231005_downstream,2023-10-05T17:46:40Z,5500,520.8000000000001,29.17,480.7088794535721,485.8516737562419,-5.142794302669813,0,flat_pre_release,TRUE
RA_20231005_downstream,2023-10-05T17:46:50Z,5510,520.8000000000001,29.17,480.7088794535721,485.8516737562419,-5.142794302669813,0,flat_pre_release,TRUE
RA_20231005_downstream,2023-10-05T17:47:00Z,5520,521.2,29.17,481.07808750230754,485.8516737562419,-4.773586253934354,0,flat_pre_release,TRUE
RA_20231005_downstream,2023-10-05T17:47:10Z,5530,521.2,29.17,481.07808750230754,485.8516737562419,-4.773586253934354,0,flat_pre_release,TRUE
RA_20231005_downstream,2023-10-05T17:47:20Z,5540,520.8000000000001,29.17,480.7088794535721,485.8516737562419,-5.142794302669813,0,flat_pre_release,TRUE
RA_20231005_downstream,2023-10-05T17:47:30Z,5550,520.8000000000001,29.17,480.7088794535721,485.8516737562419,-5.142794302669813,0,flat_pre_release,TRUE
RA_20231005_downstream,2023-10-05T17:47:40Z,5560,520.8000000000001,29.17,480.7088794535721,485.8516737562419,-5.142794302669813,0,flat_pre_release,TRUE
RA_20231005_downstream,2023-10-05T17:47:50Z,5570,520.8000000000001,29.15,480.8864265927979,485.8516737562419,-4.965247163444019,0,flat_pre_release,TRUE
RA_20231005_downstream,2023-10-05T17:48:00Z,5580,520.8000000000001,29.15,480.8864265927979,485.8516737562419,-4.965247163444019,0,flat_pre_release,TRUE
RA_20231005_downstream,2023-10-05T17:48:10Z,5590,520.8000000000001,29.15,480.8864265927979,485.8516737562419,-4.965247163444019,0,flat_pre_release,TRUE
RA_20231005_downstream,2023-10-05T17:48:20Z,5600,520.8000000000001,29.17,480.7088794535721,485.8516737562419,-5.142794302669813,0,flat_pre_release,TRUE
RA_20231005_downstream,2023-10-05T17:48:30Z,5610,520.4,29.17,480.33967140483657,485.8516737562419,-5.512002351405329,0,flat_pre_release,TRUE
RA_20231005_downstream,2023-10-05T17:48:40Z,5620,520.8000000000001,29.17,480.7088794535721,485.8516737562419,-5.142794302669813,0,flat_pre_release,TRUE
RA_20231005_downstream,2023-10-05T17:48:50Z,5630,520.8000000000001,29.17,480.7088794535721,485.8516737562419,-5.142794302669813,0,flat_pre_release,TRUE
RA_20231005_downstream,2023-10-05T17:49:00Z,5640,520.8000000000001,29.18,480.6201550387598,485.8516737562419,-5.231518717482118,0,flat_pre_release,TRUE
RA_20231005_downstream,2023-10-05T17:49:10Z,5650,520.4,29.17,480.33967140483657,485.8516737562419,-5.512002351405329,0,flat_pre_release,TRUE
RA_20231005_downstream,2023-10-05T17:49:20Z,5660,520.8000000000001,29.18,480.6201550387598,485.8516737562419,-5.231518717482118,0,flat_pre_release,TRUE
RA_20231005_downstream,2023-10-05T17:49:30Z,5670,520.8000000000001,29.17,480.7088794535721,485.8516737562419,-5.142794302669813,0,flat_pre_release,TRUE
RA_20231005_downstream,2023-10-05T17:49:40Z,5680,520.8000000000001,29.17,480.7088794535721,485.8516737562419,-5.142794302669813,0,flat_pre_release,TRUE
RA_20231005_downstream,2023-10-05T17:49:50Z,5690,520.4,29.15,480.5170821791321,485.8516737562419,-5.334591577109791,0,flat_pre_release,TRUE
RA_20231005_downstream,2023-10-05T17:50:00Z,5700,520.4,29.13,480.6946240532053,485.8516737562419,-5.157049703036591,0,flat_pre_release,TRUE
RA_20231005_downstream,2023-10-05T17:50:10Z,5710,520.1,29.13,480.4175133936819,485.8516737562419,-5.434160362560021,0,flat_pre_release,TRUE
RA_20231005_downstream,2023-10-05T17:50:20Z,5720,520.4,29.13,480.6946240532053,485.8516737562419,-5.157049703036591,0,flat_pre_release,TRUE
RA_20231005_downstream,2023-10-05T17:50:30Z,5730,520.4,29.14,480.6058367196158,485.8516737562419,-5.245837036626085,0,flat_pre_release,TRUE
RA_20231005_downstream,2023-10-05T17:50:40Z,5740,520.4,29.14,480.6058367196158,485.8516737562419,-5.245837036626085,0,flat_pre_release,TRUE
RA_20231005_downstream,2023-10-05T17:50:50Z,5750,520.1,29.13,480.4175133936819,485.8516737562419,-5.434160362560021,0,flat_pre_release,TRUE
RA_20231005_downstream,2023-10-05T17:51:00Z,5760,520.4,29.13,480.6946240532053,485.8516737562419,-5.157049703036591,0,flat_pre_release,TRUE
RA_20231005_downstream,2023-10-05T17:51:10Z,5770,520.1,29.13,480.4175133936819,485.8516737562419,-5.434160362560021,0,flat_pre_release,TRUE
RA_20231005_downstream,2023-10-05T17:51:20Z,5780,519.7,29.13,480.0480325143174,485.8516737562419,-5.803641241924481,0,flat_pre_release,TRUE
RA_20231005_downstream,2023-10-05T17:51:30Z,5790,519.7,29.12,480.1367331855137,485.8516737562419,-5.714940570728174,0,flat_pre_release,TRUE
RA_20231005_downstream,2023-10-05T17:51:40Z,5800,520.1,29.12,480.5062823355506,485.8516737562419,-5.345391420691271,0,flat_pre_release,TRUE
RA_20231005_downstream,2023-10-05T17:51:50Z,5810,519.7,29.12,480.1367331855137,485.8516737562419,-5.714940570728174,0,flat_pre_release,TRUE
RA_20231005_downstream,2023-10-05T17:52:00Z,5820,519.3000000000001,29.1,479.94454713493536,485.8516737562419,-5.907126621306531,0,flat_pre_release,TRUE
RA_20231005_downstream,2023-10-05T17:52:10Z,5830,518.9,29.1,479.5748613678373,485.8516737562419,-6.276812388404608,0,flat_pre_release,TRUE
RA_20231005_downstream,2023-10-05T17:52:20Z,5840,519.3000000000001,29.1,479.94454713493536,485.8516737562419,-5.907126621306531,0,flat_pre_release,TRUE
RA_20231005_downstream,2023-10-05T17:52:30Z,5850,519.3000000000001,29.1,479.94454713493536,485.8516737562419,-5.907126621306531,0,flat_pre_release,TRUE
RA_20231005_downstream,2023-10-05T17:52:40Z,5860,519.3000000000001,29.12,479.7671840354768,485.8516737562419,-6.084489720765077,0,flat_pre_release,TRUE
RA_20231005_downstream,2023-10-05T17:52:50Z,5870,519.3000000000001,29.13,479.67855163495295,485.8516737562419,-6.173122121288941,0,flat_pre_release,TRUE
RA_20231005_downstream,2023-10-05T17:53:00Z,5880,519.7,29.14,479.95936461026974,485.8516737562419,-5.892309145972149,0,flat_pre_release,TRUE
RA_20231005_downstream,2023-10-05T17:53:10Z,5890,519.3000000000001,29.14,479.58995197635767,485.8516737562419,-6.261721779884226,0,flat_pre_release,TRUE
RA_20231005_downstream,2023-10-05T17:53:20Z,5900,519.7,29.17,479.69355731954954,485.8516737562419,-6.158116436692353,0,flat_pre_release,TRUE
RA_20231005_downstream,2023-10-05T17:53:30Z,5910,520,29.19,479.7933198007012,485.8516737562419,-6.058353955540667,0,flat_pre_release,TRUE
RA_20231005_downstream,2023-10-05T17:53:40Z,5920,519.6,29.2,479.33579335793354,485.8516737562419,-6.515880398308354,0,flat_pre_release,TRUE
RA_20231005_downstream,2023-10-05T17:53:50Z,5930,519.3000000000001,29.2,479.0590405904059,485.8516737562419,-6.79263316583598,0,flat_pre_release,TRUE
RA_20231005_downstream,2023-10-05T17:54:00Z,5940,519.2,29.21,478.8784357129681,485.8516737562419,-6.9732380432737955,0,flat_pre_release,TRUE
RA_20231005_downstream,2023-10-05T17:54:10Z,5950,518.9,29.2,478.69003690036897,485.8516737562419,-7.161636855872928,0,flat_pre_release,TRUE
RA_20231005_downstream,2023-10-05T17:54:20Z,5960,519.2,29.21,478.8784357129681,485.8516737562419,-6.9732380432737955,0,flat_pre_release,TRUE
RA_20231005_downstream,2023-10-05T17:54:30Z,5970,519.2,29.23,478.70182555780934,485.8516737562419,-7.149848198432551,0,flat_pre_release,TRUE
RA_20231005_downstream,2023-10-05T17:54:40Z,5980,518.9,29.24,478.3370206489675,485.8516737562419,-7.514653107274398,0,flat_pre_release,TRUE
RA_20231005_downstream,2023-10-05T17:54:50Z,5990,518.9,29.24,478.3370206489675,485.8516737562419,-7.514653107274398,0,flat_pre_release,TRUE
RA_20231005_downstream,2023-10-05T17:55:00Z,6000,518.9,29.24,478.3370206489675,485.8516737562419,-7.514653107274398,0,flat_pre_release,TRUE
RA_20231005_downstream,2023-10-05T17:55:10Z,6010,518.5,29.23,478.0564263322884,485.8516737562419,-7.7952474239534695,0,flat_pre_release,TRUE
RA_20231005_downstream,2023-10-05T17:55:20Z,6020,518.9,29.24,478.3370206489675,485.8516737562419,-7.514653107274398,0,flat_pre_release,TRUE
RA_20231005_downstream,2023-10-05T17:55:30Z,6030,518.1,29.23,477.6876267748479,485.8516737562419,-8.164046981393994,0,flat_pre_release,TRUE
RA_20231005_downstream,2023-10-05T17:55:40Z,6040,518.5,29.23,478.0564263322884,485.8516737562419,-7.7952474239534695,0,flat_pre_release,TRUE
RA_20231005_downstream,2023-10-05T17:55:50Z,6050,518.1,29.21,477.863862755949,485.8516737562419,-7.987811000292879,0,flat_pre_release,TRUE
RA_20231005_downstream,2023-10-05T17:56:00Z,6060,518.1,29.2,477.9520295202952,485.8516737562419,-7.89964423594671,0,flat_pre_release,TRUE
RA_20231005_downstream,2023-10-05T17:56:10Z,6070,518.1,29.18,478.1284606866003,485.8516737562419,-7.723213069641588,0,flat_pre_release,TRUE
RA_20231005_downstream,2023-10-05T17:56:20Z,6080,518.1,29.18,478.1284606866003,485.8516737562419,-7.723213069641588,0,flat_pre_release,TRUE
RA_20231005_downstream,2023-10-05T17:56:30Z,6090,518.1,29.17,478.2167251246077,485.8516737562419,-7.634948631634188,0,flat_pre_release,TRUE
RA_20231005_downstream,2023-10-05T17:56:40Z,6100,518.1,29.15,478.39335180055406,485.8516737562419,-7.458321955687836,0,flat_pre_release,TRUE
RA_20231005_downstream,2023-10-05T17:56:50Z,6110,518.1,29.15,478.39335180055406,485.8516737562419,-7.458321955687836,0,flat_pre_release,TRUE
RA_20231005_downstream,2023-10-05T17:57:00Z,6120,518.1,29.14,478.4817140746214,485.8516737562419,-7.369959681620514,0,flat_pre_release,TRUE
RA_20231005_downstream,2023-10-05T17:57:10Z,6130,518.2,29.13,478.66247921670055,485.8516737562419,-7.189194539541347,0,flat_pre_release,TRUE
RA_20231005_downstream,2023-10-05T17:57:20Z,6140,518.1,29.14,478.4817140746214,485.8516737562419,-7.369959681620514,0,flat_pre_release,TRUE
RA_20231005_downstream,2023-10-05T17:57:30Z,6150,518.2,29.13,478.66247921670055,485.8516737562419,-7.189194539541347,0,flat_pre_release,TRUE
RA_20231005_downstream,2023-10-05T17:57:40Z,6160,517.8000000000001,29.13,478.2929983373361,485.8516737562419,-7.558675418905807,0,flat_pre_release,TRUE
RA_20231005_downstream,2023-10-05T17:57:50Z,6170,518.2,29.12,478.75092387287515,485.8516737562419,-7.1007498833667455,0,flat_pre_release,TRUE
RA_20231005_downstream,2023-10-05T17:58:00Z,6180,518.2,29.12,478.75092387287515,485.8516737562419,-7.1007498833667455,0,flat_pre_release,TRUE
RA_20231005_downstream,2023-10-05T17:58:10Z,6190,518.2,29.12,478.75092387287515,485.8516737562419,-7.1007498833667455,0,flat_pre_release,TRUE
RA_20231005_downstream,2023-10-05T17:58:20Z,6200,518.2,29.12,478.75092387287515,485.8516737562419,-7.1007498833667455,0,flat_pre_release,TRUE
RA_20231005_downstream,2023-10-05T17:58:30Z,6210,517.8000000000001,29.13,478.2929983373361,485.8516737562419,-7.558675418905807,0,flat_pre_release,TRUE
RA_20231005_downstream,2023-10-05T17:58:40Z,6220,518.2,29.13,478.66247921670055,485.8516737562419,-7.189194539541347,0,flat_pre_release,TRUE
RA_20231005_downstream,2023-10-05T17:58:50Z,6230,518.2,29.13,478.66247921670055,485.8516737562419,-7.189194539541347,0,flat_pre_release,TRUE
RA_20231005_downstream,2023-10-05T17:59:00Z,6240,517.8000000000001,29.13,478.2929983373361,485.8516737562419,-7.558675418905807,0,flat_pre_release,TRUE
RA_20231005_downstream,2023-10-05T17:59:10Z,6250,518.2,29.13,478.66247921670055,485.8516737562419,-7.189194539541347,0,flat_pre_release,TRUE
RA_20231005_downstream,2023-10-05T17:59:20Z,6260,518.1,29.14,478.4817140746214,485.8516737562419,-7.369959681620514,0,flat_pre_release,TRUE
RA_20231005_downstream,2023-10-05T17:59:30Z,6270,517.8000000000001,29.14,478.20465459918734,485.8516737562419,-7.647019157054558,0,flat_pre_release,TRUE
RA_20231005_downstream,2023-10-05T17:59:40Z,6280,517.8000000000001,29.13,478.2929983373361,485.8516737562419,-7.558675418905807,0,flat_pre_release,TRUE
RA_20231005_downstream,2023-10-05T17:59:50Z,6290,517.8000000000001,29.13,478.2929983373361,485.8516737562419,-7.558675418905807,0,flat_pre_release,TRUE
RA_20231005_downstream,2023-10-05T18:00:00Z,6300,518.2,29.13,478.66247921670055,485.8516737562419,-7.189194539541347,0,flat_pre_release,TRUE
RA_20231005_downstream,2023-10-05T18:00:10Z,6310,518.1,29.14,478.4817140746214,485.8516737562419,-7.369959681620514,0,flat_pre_release,TRUE
RA_20231005_downstream,2023-10-05T18:00:20Z,6320,518.1,29.14,478.4817140746214,485.8516737562419,-7.369959681620514,0,flat_pre_release,TRUE
RA_20231005_downstream,2023-10-05T18:00:30Z,6330,518.1,29.14,478.4817140746214,485.8516737562419,-7.369959681620514,0,flat_pre_release,TRUE
RA_20231005_downstream,2023-10-05T18:00:40Z,6340,518.2,29.13,478.66247921670055,485.8516737562419,-7.189194539541347,0,flat_pre_release,TRUE
RA_20231005_downstream,2023-10-05T18:00:50Z,6350,518.2,29.13,478.66247921670055,485.8516737562419,-7.189194539541347,0,flat_pre_release,TRUE
RA_20231005_downstream,2023-10-05T18:01:00Z,6360,517.8000000000001,29.12,478.3813747228382,485.8516737562419,-7.470299033403705,0,flat_pre_release,TRUE
RA_20231005_downstream,2023-10-05T18:01:10Z,6370,517.4,29.1,478.1885397412199,485.8516737562419,-7.663134015021967,0,flat_pre_release,TRUE
RA_20231005_downstream,2023-10-05T18:01:20Z,6380,517.4,29.09,478.2769458310223,485.8516737562419,-7.574727925219577,0,flat_pre_release,TRUE
RA_20231005_downstream,2023-10-05T18:01:30Z,6390,517.4,29.09,478.2769458310223,485.8516737562419,-7.574727925219577,0,flat_pre_release,TRUE
RA_20231005_downstream,2023-10-05T18:01:40Z,6400,517.4,29.08,478.3653846153845,485.8516737562419,-7.486289140857366,0,flat_pre_release,TRUE
RA_20231005_downstream,2023-10-05T18:01:50Z,6410,517.4,29.08,478.3653846153845,485.8516737562419,-7.486289140857366,0,flat_pre_release,TRUE
RA_20231005_downstream,2023-10-05T18:02:00Z,6420,517.4,29.08,478.3653846153845,485.8516737562419,-7.486289140857366,0,flat_pre_release,TRUE
RA_20231005_downstream,2023-10-05T18:02:10Z,6430,517,29.08,477.99556213017746,485.8516737562419,-7.856111626064433,0,flat_pre_release,TRUE
RA_20231005_downstream,2023-10-05T18:02:20Z,6440,517,29.08,477.99556213017746,485.8516737562419,-7.856111626064433,0,flat_pre_release,TRUE
RA_20231005_downstream,2023-10-05T18:02:30Z,6450,516.7,29.08,477.7181952662722,485.8516737562419,-8.133478489969718,0,flat_pre_release,TRUE
RA_20231005_downstream,2023-10-05T18:02:40Z,6460,516.7,29.08,477.7181952662722,485.8516737562419,-8.133478489969718,0,flat_pre_release,TRUE
RA_20231005_downstream,2023-10-05T18:02:50Z,6470,516.3000000000001,29.09,477.2601220188575,485.8516737562419,-8.591551737384407,0,flat_pre_release,TRUE
RA_20231005_downstream,2023-10-05T18:03:00Z,6480,516.3000000000001,29.07,477.4366561864251,485.8516737562419,-8.415017569816769,0,flat_pre_release,TRUE
RA_20231005_downstream,2023-10-05T18:03:10Z,6490,515.9,29.07,477.0667653042353,485.8516737562419,-8.784908452006619,0,flat_pre_release,TRUE
RA_20231005_downstream,2023-10-05T18:03:20Z,6500,515.9,29.06,477.1550129485757,485.8516737562419,-8.696660807666206,0,flat_pre_release,TRUE
RA_20231005_downstream,2023-10-05T18:03:30Z,6510,515.5,29.04,476.9615099925981,485.8516737562419,-8.890163763643784,0,flat_pre_release,TRUE
RA_20231005_downstream,2023-10-05T18:03:40Z,6520,515.1,29.06,476.4150943396226,485.8516737562419,-9.436579416619281,0,flat_pre_release,TRUE
RA_20231005_downstream,2023-10-05T18:03:50Z,6530,515.5,29.04,476.9615099925981,485.8516737562419,-8.890163763643784,0,flat_pre_release,TRUE
RA_20231005_downstream,2023-10-05T18:04:00Z,6540,515.2,29.04,476.68393782383424,485.8516737562419,-9.167735932407652,0,flat_pre_release,TRUE
RA_20231005_downstream,2023-10-05T18:04:10Z,6550,515.2,29.04,476.68393782383424,485.8516737562419,-9.167735932407652,0,flat_pre_release,TRUE
RA_20231005_downstream,2023-10-05T18:04:20Z,6560,514.8000000000001,29.04,476.31384159881577,485.8516737562419,-9.537832157426124,0,flat_pre_release,TRUE
RA_20231005_downstream,2023-10-05T18:04:30Z,6570,515.2,29.03,476.7721636128078,485.8516737562419,-9.079510143434106,0,flat_pre_release,TRUE
RA_20231005_downstream,2023-10-05T18:04:40Z,6580,514.8000000000001,29.03,476.4019988895059,485.8516737562419,-9.449674866736018,0,flat_pre_release,TRUE
RA_20231005_downstream,2023-10-05T18:04:50Z,6590,514.8000000000001,29.03,476.4019988895059,485.8516737562419,-9.449674866736018,0,flat_pre_release,TRUE
RA_20231005_downstream,2023-10-05T18:05:00Z,6600,514.8000000000001,29.03,476.4019988895059,485.8516737562419,-9.449674866736018,0,flat_pre_release,TRUE
RA_20231005_downstream,2023-10-05T18:05:10Z,6610,514.4,29.03,476.031834166204,485.8516737562419,-9.819839590037873,0,flat_pre_release,TRUE
RA_20231005_downstream,2023-10-05T18:05:20Z,6620,514.4,29.03,476.031834166204,485.8516737562419,-9.819839590037873,0,flat_pre_release,TRUE
RA_20231005_downstream,2023-10-05T18:05:30Z,6630,514.4,29.03,476.031834166204,485.8516737562419,-9.819839590037873,0,flat_pre_release,TRUE
RA_20231005_downstream,2023-10-05T18:05:40Z,6640,514,29.02,475.7497223250648,485.8516737562419,-10.101951431177099,0,flat_pre_release,TRUE
RA_20231005_downstream,2023-10-05T18:05:50Z,6650,514.4,29.02,476.1199555720103,485.8516737562419,-9.731718184231568,0,flat_pre_release,TRUE
RA_20231005_downstream,2023-10-05T18:06:00Z,6660,514,29.02,475.7497223250648,485.8516737562419,-10.101951431177099,0,flat_pre_release,TRUE
RA_20231005_downstream,2023-10-05T18:06:10Z,6670,514,29.02,475.7497223250648,485.8516737562419,-10.101951431177099,0,flat_pre_release,TRUE
RA_20231005_downstream,2023-10-05T18:06:20Z,6680,514,29.02,475.7497223250648,485.8516737562419,-10.101951431177099,0,flat_pre_release,TRUE
RA_20231005_downstream,2023-10-05T18:06:30Z,6690,514,29.02,475.7497223250648,485.8516737562419,-10.101951431177099,0,flat_pre_release,TRUE
RA_20231005_downstream,2023-10-05T18:06:40Z,6700,513.6,29.02,475.3794890781192,485.8516737562419,-10.472184678122687,0,flat_pre_release,TRUE
RA_20231005_downstream,2023-10-05T18:06:50Z,6710,513.3000000000001,29.02,475.1018141429101,485.8516737562419,-10.749859613331807,0,flat_pre_release,TRUE
RA_20231005_downstream,2023-10-05T18:07:00Z,6720,513.3000000000001,29.02,475.1018141429101,485.8516737562419,-10.749859613331807,0,flat_pre_release,TRUE
RA_20231005_downstream,2023-10-05T18:07:10Z,6730,513.3000000000001,29.02,475.1018141429101,485.8516737562419,-10.749859613331807,0,flat_pre_release,TRUE
RA_20231005_downstream,2023-10-05T18:07:20Z,6740,513.3000000000001,29.02,475.1018141429101,485.8516737562419,-10.749859613331807,0,flat_pre_release,TRUE
RA_20231005_downstream,2023-10-05T18:07:30Z,6750,513.3000000000001,29.02,475.1018141429101,485.8516737562419,-10.749859613331807,0,flat_pre_release,TRUE
RA_20231005_downstream,2023-10-05T18:07:40Z,6760,512.9,29.02,474.7315808959645,485.8516737562419,-11.120092860277396,0,flat_pre_release,TRUE
RA_20231005_downstream,2023-10-05T18:07:50Z,6770,513.3000000000001,29.02,475.1018141429101,485.8516737562419,-10.749859613331807,0,flat_pre_release,TRUE
RA_20231005_downstream,2023-10-05T18:08:00Z,6780,512.9,29.02,474.7315808959645,485.8516737562419,-11.120092860277396,0,flat_pre_release,TRUE
RA_20231005_downstream,2023-10-05T18:08:10Z,6790,512.9,29.02,474.7315808959645,485.8516737562419,-11.120092860277396,0,flat_pre_release,TRUE
RA_20231005_downstream,2023-10-05T18:08:20Z,6800,512.9,29.02,474.7315808959645,485.8516737562419,-11.120092860277396,0,flat_pre_release,TRUE
RA_20231005_downstream,2023-10-05T18:08:30Z,6810,512.9,29.02,474.7315808959645,485.8516737562419,-11.120092860277396,0,flat_pre_release,TRUE
RA_20231005_downstream,2023-10-05T18:08:40Z,6820,512.5,29.03,474.27355173052007,485.8516737562419,-11.578122025721825,0,flat_pre_release,TRUE
RA_20231005_downstream,2023-10-05T18:08:50Z,6830,512.5,29.03,474.27355173052007,485.8516737562419,-11.578122025721825,0,flat_pre_release,TRUE
RA_20231005_downstream,2023-10-05T18:09:00Z,6840,512.5,29.03,474.27355173052007,485.8516737562419,-11.578122025721825,0,flat_pre_release,TRUE
RA_20231005_downstream,2023-10-05T18:09:10Z,6850,512.5,29.04,474.1857883049593,485.8516737562419,-11.665885451282577,0,flat_pre_release,TRUE
RA_20231005_downstream,2023-10-05T18:09:20Z,6860,512.1,29.04,473.8156920799408,485.8516737562419,-12.035981676301105,0,flat_pre_release,TRUE
RA_20231005_downstream,2023-10-05T18:09:30Z,6870,512.1,29.04,473.8156920799408,485.8516737562419,-12.035981676301105,0,flat_pre_release,TRUE
RA_20231005_downstream,2023-10-05T18:09:40Z,6880,512.1,29.06,473.64039955604886,485.8516737562419,-12.211274200193031,0,flat_pre_release,TRUE
RA_20231005_downstream,2023-10-05T18:09:50Z,6890,512.1,29.06,473.64039955604886,485.8516737562419,-12.211274200193031,0,flat_pre_release,TRUE
RA_20231005_downstream,2023-10-05T18:10:00Z,6900,512.1,29.06,473.64039955604886,485.8516737562419,-12.211274200193031,0,flat_pre_release,TRUE
RA_20231005_downstream,2023-10-05T18:10:10Z,6910,512.1,29.06,473.64039955604886,485.8516737562419,-12.211274200193031,0,flat_pre_release,TRUE
RA_20231005_downstream,2023-10-05T18:10:20Z,6920,512.1,29.06,473.64039955604886,485.8516737562419,-12.211274200193031,0,flat_pre_release,TRUE
RA_20231005_downstream,2023-10-05T18:10:30Z,6930,512.1,29.07,473.55280192343264,485.8516737562419,-12.298871832809255,0,flat_pre_release,TRUE
RA_20231005_downstream,2023-10-05T18:10:40Z,6940,512.1,29.07,473.55280192343264,485.8516737562419,-12.298871832809255,0,flat_pre_release,TRUE
RA_20231005_downstream,2023-10-05T18:10:50Z,6950,511.7000000000001,29.07,473.1829110412429,485.8516737562419,-12.66876271499899,0,flat_pre_release,TRUE
RA_20231005_downstream,2023-10-05T18:11:00Z,6960,512.1,29.07,473.55280192343264,485.8516737562419,-12.298871832809255,0,flat_pre_release,TRUE
RA_20231005_downstream,2023-10-05T18:11:10Z,6970,512.1,29.06,473.64039955604886,485.8516737562419,-12.211274200193031,0,flat_pre_release,TRUE
RA_20231005_downstream,2023-10-05T18:11:20Z,6980,512.1,29.06,473.64039955604886,485.8516737562419,-12.211274200193031,0,flat_pre_release,TRUE
RA_20231005_downstream,2023-10-05T18:11:30Z,6990,511.7000000000001,29.06,473.2704402515724,485.8516737562419,-12.581233504669513,0,flat_pre_release,TRUE
RA_20231005_downstream,2023-10-05T18:11:40Z,7000,511.7000000000001,29.06,473.2704402515724,485.8516737562419,-12.581233504669513,0,flat_pre_release,TRUE
RA_20231005_downstream,2023-10-05T18:11:50Z,7010,511.7000000000001,29.06,473.2704402515724,485.8516737562419,-12.581233504669513,0,flat_pre_release,TRUE
RA_20231005_downstream,2023-10-05T18:12:00Z,7020,511.7000000000001,29.06,473.2704402515724,485.8516737562419,-12.581233504669513,0,flat_pre_release,TRUE
RA_20231005_downstream,2023-10-05T18:12:10Z,7030,511.7000000000001,29.06,473.2704402515724,485.8516737562419,-12.581233504669513,0,flat_pre_release,TRUE
RA_20231005_downstream,2023-10-05T18:12:20Z,7040,511.7000000000001,29.06,473.2704402515724,485.8516737562419,-12.581233504669513,0,flat_pre_release,TRUE
RA_20231005_downstream,2023-10-05T18:12:30Z,7050,511.7000000000001,29.07,473.1829110412429,485.8516737562419,-12.66876271499899,0,flat_pre_release,TRUE
RA_20231005_downstream,2023-10-05T18:12:40Z,7060,511.7000000000001,29.07,473.1829110412429,485.8516737562419,-12.66876271499899,0,flat_pre_release,TRUE
RA_20231005_downstream,2023-10-05T18:12:50Z,7070,511.7000000000001,29.07,473.1829110412429,485.8516737562419,-12.66876271499899,0,flat_pre_release,TRUE
RA_20231005_downstream,2023-10-05T18:13:00Z,7080,511.7000000000001,29.07,473.1829110412429,485.8516737562419,-12.66876271499899,0,flat_pre_release,TRUE
RA_20231005_downstream,2023-10-05T18:13:10Z,7090,511.7000000000001,29.07,473.1829110412429,485.8516737562419,-12.66876271499899,0,flat_pre_release,TRUE
RA_20231005_downstream,2023-10-05T18:13:20Z,7100,511,29.07,472.5356019974108,485.8516737562419,-13.316071758831072,0,flat_pre_release,TRUE
RA_20231005_downstream,2023-10-05T18:13:30Z,7110,511,29.07,472.5356019974108,485.8516737562419,-13.316071758831072,0,flat_pre_release,TRUE
RA_20231005_downstream,2023-10-05T18:13:40Z,7120,511,29.07,472.5356019974108,485.8516737562419,-13.316071758831072,0,flat_pre_release,TRUE
RA_20231005_downstream,2023-10-05T18:13:50Z,7130,511,29.07,472.5356019974108,485.8516737562419,-13.316071758831072,0,flat_pre_release,TRUE
RA_20231005_downstream,2023-10-05T18:14:00Z,7140,511,29.07,472.5356019974108,485.8516737562419,-13.316071758831072,0,flat_pre_release,TRUE
RA_20231005_downstream,2023-10-05T18:14:10Z,7150,511,29.07,472.5356019974108,485.8516737562419,-13.316071758831072,0,flat_pre_release,TRUE
RA_20231005_downstream,2023-10-05T18:14:20Z,7160,511,29.07,472.5356019974108,485.8516737562419,-13.316071758831072,0,flat_pre_release,TRUE
RA_20231005_downstream,2023-10-05T18:14:30Z,7170,511.3,29.08,472.7255917159763,485.8516737562419,-13.1260820402656,0,flat_pre_release,TRUE
RA_20231005_downstream,2023-10-05T18:14:40Z,7180,511.3,29.08,472.7255917159763,485.8516737562419,-13.1260820402656,0,flat_pre_release,TRUE
RA_20231005_downstream,2023-10-05T18:14:50Z,7190,511.3,29.09,472.638195599926,485.8516737562419,-13.213478156315887,0,flat_pre_release,TRUE
RA_20231005_downstream,2023-10-05T18:15:00Z,7200,510.9,29.08,472.3557692307692,485.8516737562419,-13.495904525472668,0,flat_pre_release,TRUE
RA_20231005_downstream,2023-10-05T18:15:10Z,7210,511.3,29.08,472.7255917159763,485.8516737562419,-13.1260820402656,0,flat_pre_release,TRUE
RA_20231005_downstream,2023-10-05T18:15:20Z,7220,510.9,29.08,472.3557692307692,485.8516737562419,-13.495904525472668,0,flat_pre_release,TRUE
RA_20231005_downstream,2023-10-05T18:15:30Z,7230,510.9,29.08,472.3557692307692,485.8516737562419,-13.495904525472668,0,flat_pre_release,TRUE
RA_20231005_downstream,2023-10-05T18:15:40Z,7240,511,29.07,472.5356019974108,485.8516737562419,-13.316071758831072,0,flat_pre_release,TRUE
RA_20231005_downstream,2023-10-05T18:15:50Z,7250,510.6,29.08,472.0784023668639,485.8516737562419,-13.77327138937801,0,flat_pre_release,TRUE
RA_20231005_downstream,2023-10-05T18:16:00Z,7260,510.2000000000001,29.08,471.7085798816568,485.8516737562419,-14.143093874585077,0,flat_pre_release,TRUE
RA_20231005_downstream,2023-10-05T18:16:10Z,7270,510.2000000000001,29.08,471.7085798816568,485.8516737562419,-14.143093874585077,0,flat_pre_release,TRUE
RA_20231005_downstream,2023-10-05T18:16:20Z,7280,510.2000000000001,29.08,471.7085798816568,485.8516737562419,-14.143093874585077,0,flat_pre_release,TRUE
RA_20231005_downstream,2023-10-05T18:16:30Z,7290,509.8,29.08,471.3387573964496,485.8516737562419,-14.512916359792314,0,flat_pre_release,TRUE
RA_20231005_downstream,2023-10-05T18:16:40Z,7300,509.8,29.08,471.3387573964496,485.8516737562419,-14.512916359792314,0,flat_pre_release,TRUE
RA_20231005_downstream,2023-10-05T18:16:50Z,7310,509.8,29.08,471.3387573964496,485.8516737562419,-14.512916359792314,0,flat_pre_release,TRUE
RA_20231005_downstream,2023-10-05T18:17:00Z,7320,509.8,29.08,471.3387573964496,485.8516737562419,-14.512916359792314,0,flat_pre_release,TRUE
RA_20231005_downstream,2023-10-05T18:17:10Z,7330,509.4,29.08,470.96893491124257,485.8516737562419,-14.882738844999324,0,flat_pre_release,TRUE
RA_20231005_downstream,2023-10-05T18:17:20Z,7340,509.8,29.08,471.3387573964496,485.8516737562419,-14.512916359792314,0,flat_pre_release,TRUE
RA_20231005_downstream,2023-10-05T18:17:30Z,7350,509.8,29.09,471.2516176742466,485.8516737562419,-14.60005608199532,0,flat_pre_release,TRUE
RA_20231005_downstream,2023-10-05T18:17:40Z,7360,509,29.08,470.59911242603545,485.8516737562419,-15.252561330206447,0,flat_pre_release,TRUE
RA_20231005_downstream,2023-10-05T18:17:50Z,7370,509,29.08,470.59911242603545,485.8516737562419,-15.252561330206447,0,flat_pre_release,TRUE
RA_20231005_downstream,2023-10-05T18:18:00Z,7380,509,29.08,470.59911242603545,485.8516737562419,-15.252561330206447,0,flat_pre_release,TRUE
RA_20231005_downstream,2023-10-05T18:18:10Z,7390,509,29.08,470.59911242603545,485.8516737562419,-15.252561330206447,0,flat_pre_release,TRUE
RA_20231005_downstream,2023-10-05T18:18:20Z,7400,509,29.08,470.59911242603545,485.8516737562419,-15.252561330206447,0,flat_pre_release,TRUE
RA_20231005_downstream,2023-10-05T18:18:30Z,7410,509,29.08,470.59911242603545,485.8516737562419,-15.252561330206447,0,flat_pre_release,TRUE
RA_20231005_downstream,2023-10-05T18:18:40Z,7420,509,29.08,470.59911242603545,485.8516737562419,-15.252561330206447,0,flat_pre_release,TRUE
RA_20231005_downstream,2023-10-05T18:18:50Z,7430,508.7000000000001,29.08,470.32174556213016,485.8516737562419,-15.529928194111733,0,flat_pre_release,TRUE
RA_20231005_downstream,2023-10-05T18:19:00Z,7440,509,29.08,470.59911242603545,485.8516737562419,-15.252561330206447,0,flat_pre_release,TRUE
RA_20231005_downstream,2023-10-05T18:19:10Z,7450,509,29.08,470.59911242603545,485.8516737562419,-15.252561330206447,0,flat_pre_release,TRUE
RA_20231005_downstream,2023-10-05T18:19:20Z,7460,508.7000000000001,29.08,470.32174556213016,485.8516737562419,-15.529928194111733,0,flat_pre_release,TRUE
RA_20231005_downstream,2023-10-05T18:19:30Z,7470,509,29.08,470.59911242603545,485.8516737562419,-15.252561330206447,0,flat_pre_release,TRUE
RA_20231005_downstream,2023-10-05T18:19:40Z,7480,509,29.08,470.59911242603545,485.8516737562419,-15.252561330206447,0,flat_pre_release,TRUE
RA_20231005_downstream,2023-10-05T18:19:50Z,7490,509,29.1,470.42513863216266,485.8516737562419,-15.426535124079237,0,flat_pre_release,TRUE
RA_20231005_downstream,2023-10-05T18:20:00Z,7500,509,29.12,470.2512934220251,485.8516737562419,-15.600380334216766,0,flat_pre_release,TRUE
RA_20231005_downstream,2023-10-05T18:20:10Z,7510,509,29.13,470.1644189913172,485.8516737562419,-15.687254764924717,0,flat_pre_release,TRUE
RA_20231005_downstream,2023-10-05T18:20:20Z,7520,508.6,29.14,469.7081640192095,485.8516737562419,-16.14350973703239,0,flat_pre_release,TRUE
RA_20231005_downstream,2023-10-05T18:20:30Z,7530,508.6,29.17,469.4480339671404,485.8516737562419,-16.403639789101476,0,flat_pre_release,TRUE
RA_20231005_downstream,2023-10-05T18:20:40Z,7540,508.6,29.18,469.3613879660392,485.8516737562419,-16.490285790202677,0,flat_pre_release,TRUE
RA_20231005_downstream,2023-10-05T18:20:50Z,7550,508.6,29.2,469.1881918819188,485.8516737562419,-16.66348187432311,0,flat_pre_release,TRUE
RA_20231005_downstream,2023-10-05T18:21:00Z,7560,509,29.24,469.2109144542773,485.8516737562419,-16.64075930196458,0,flat_pre_release,TRUE
RA_20231005_downstream,2023-10-05T18:21:10Z,7570,508.6,29.26,468.6693697014376,485.8516737562419,-17.18230405480432,0,flat_pre_release,TRUE
RA_20231005_downstream,2023-10-05T18:21:20Z,7580,508.6,29.27,468.58301087156815,485.8516737562419,-17.268662884673745,0,flat_pre_release,TRUE
RA_20231005_downstream,2023-10-05T18:21:30Z,7590,508.5,29.3,468.232044198895,485.8516737562419,-17.61962955734691,0,flat_pre_release,TRUE
RA_20231005_downstream,2023-10-05T18:21:40Z,7600,508.5,29.3,468.232044198895,485.8516737562419,-17.61962955734691,0,flat_pre_release,TRUE
RA_20231005_downstream,2023-10-05T18:21:50Z,7610,508.5,29.31,468.1458294973301,485.8516737562419,-17.70584425891178,0,flat_pre_release,TRUE
RA_20231005_downstream,2023-10-05T18:22:00Z,7620,508.1,29.32,467.6914580265096,485.8516737562419,-18.160215729732272,0,flat_pre_release,TRUE
RA_20231005_downstream,2023-10-05T18:22:10Z,7630,508.2000000000001,29.31,467.8696372675382,485.8516737562419,-17.98203648870367,0,flat_pre_release,TRUE
RA_20231005_downstream,2023-10-05T18:22:20Z,7640,508.1,29.32,467.6914580265096,485.8516737562419,-18.160215729732272,0,flat_pre_release,TRUE
RA_20231005_downstream,2023-10-05T18:22:30Z,7650,507.8,29.31,467.5013809611489,485.8516737562419,-18.35029279509297,0,flat_pre_release,TRUE
RA_20231005_downstream,2023-10-05T18:22:40Z,7660,507.4,29.3,467.21915285451195,485.8516737562419,-18.632520901729947,0,flat_pre_release,TRUE
RA_20231005_downstream,2023-10-05T18:22:50Z,7670,507.4,29.31,467.13312465475974,485.8516737562419,-18.718549101482154,0,flat_pre_release,TRUE
RA_20231005_downstream,2023-10-05T18:23:00Z,7680,507,29.31,466.7648683483704,485.8516737562419,-19.08680540787151,0,flat_pre_release,TRUE
RA_20231005_downstream,2023-10-05T18:23:10Z,7690,507,29.32,466.6789396170839,485.8516737562419,-19.172734139157967,0,flat_pre_release,TRUE
RA_20231005_downstream,2023-10-05T18:23:20Z,7700,507,29.34,466.5071770334928,485.8516737562419,-19.344496722749113,0,flat_pre_release,TRUE
RA_20231005_downstream,2023-10-05T18:23:30Z,7710,507,29.32,466.6789396170839,485.8516737562419,-19.172734139157967,0,flat_pre_release,TRUE
RA_20231005_downstream,2023-10-05T18:23:40Z,7720,506.6,29.31,466.3966120419812,485.8516737562419,-19.455061714260694,0,flat_pre_release,TRUE
RA_20231005_downstream,2023-10-05T18:23:50Z,7730,506.3,29.27,466.4639764142252,485.8516737562419,-19.38769734201668,0,flat_pre_release,TRUE
RA_20231005_downstream,2023-10-05T18:24:00Z,7740,506.3,29.24,466.72197640118,485.8516737562419,-19.12969735506192,0,flat_pre_release,TRUE
RA_20231005_downstream,2023-10-05T18:24:10Z,7750,505.9,29.23,466.4392402729117,485.8516737562419,-19.412433483330176,0,flat_pre_release,TRUE
RA_20231005_downstream,2023-10-05T18:24:20Z,7760,505.9,29.25,466.2672811059908,485.8516737562419,-19.584392650251118,0,flat_pre_release,TRUE
RA_20231005_downstream,2023-10-05T18:24:30Z,7770,505.9,29.24,466.35324483775815,485.8516737562419,-19.49842891848374,0,flat_pre_release,TRUE
RA_20231005_downstream,2023-10-05T18:24:40Z,7780,505.6,29.2,466.4206642066421,485.8516737562419,-19.43100954959982,0,flat_pre_release,TRUE
RA_20231005_downstream,2023-10-05T18:24:50Z,7790,505.9,29.19,466.783539398413,485.8516737562419,-19.06813435782891,0,flat_pre_release,TRUE
RA_20231005_downstream,2023-10-05T18:25:00Z,7800,506,29.17,467.04818165035994,485.8516737562419,-18.803492105881958,0,flat_pre_release,TRUE
RA_20231005_downstream,2023-10-05T18:25:10Z,7810,506,29.17,467.04818165035994,485.8516737562419,-18.803492105881958,0,flat_pre_release,TRUE
RA_20231005_downstream,2023-10-05T18:25:20Z,7820,506,29.15,467.2206832871653,485.8516737562419,-18.630990469076607,0,flat_pre_release,TRUE
RA_20231005_downstream,2023-10-05T18:25:30Z,7830,506,29.14,467.3069818987809,485.8516737562419,-18.544691857460975,0,flat_pre_release,TRUE
RA_20231005_downstream,2023-10-05T18:25:40Z,7840,506,29.14,467.3069818987809,485.8516737562419,-18.544691857460975,0,flat_pre_release,TRUE
RA_20231005_downstream,2023-10-05T18:25:50Z,7850,506.3,29.14,467.584041374215,485.8516737562419,-18.267632382026875,0,flat_pre_release,TRUE
RA_20231005_downstream,2023-10-05T18:26:00Z,7860,506.3,29.14,467.584041374215,485.8516737562419,-18.267632382026875,0,flat_pre_release,TRUE
RA_20231005_downstream,2023-10-05T18:26:10Z,7870,506.3,29.14,467.584041374215,485.8516737562419,-18.267632382026875,0,flat_pre_release,TRUE
RA_20231005_downstream,2023-10-05T18:26:20Z,7880,506.4,29.13,467.762793275448,485.8516737562419,-18.088880480793875,0,flat_pre_release,TRUE
RA_20231005_downstream,2023-10-05T18:26:30Z,7890,506.4,29.13,467.762793275448,485.8516737562419,-18.088880480793875,0,flat_pre_release,TRUE
RA_20231005_downstream,2023-10-05T18:26:40Z,7900,506.7000000000001,29.13,468.0399039349714,485.8516737562419,-17.811769821270502,0,flat_pre_release,TRUE
RA_20231005_downstream,2023-10-05T18:26:50Z,7910,506.4,29.13,467.762793275448,485.8516737562419,-18.088880480793875,0,flat_pre_release,TRUE
RA_20231005_downstream,2023-10-05T18:27:00Z,7920,506.7000000000001,29.17,467.694295735647,485.8516737562419,-18.157378020594876,0,flat_pre_release,TRUE
RA_20231005_downstream,2023-10-05T18:27:10Z,7930,507.1,29.2,467.8044280442804,485.8516737562419,-18.047245711961466,0,flat_pre_release,TRUE
RA_20231005_downstream,2023-10-05T18:27:20Z,7940,507.1,29.23,467.5456389452333,485.8516737562419,-18.3060348110086,0,flat_pre_release,TRUE
RA_20231005_downstream,2023-10-05T18:27:30Z,7950,507.1,29.24,467.4594395280236,485.8516737562419,-18.392234228218285,0,flat_pre_release,TRUE
RA_20231005_downstream,2023-10-05T18:27:40Z,7960,506.7000000000001,29.23,467.1768393877928,485.8516737562419,-18.67483436844907,0,flat_pre_release,TRUE
RA_20231005_downstream,2023-10-05T18:27:50Z,7970,506.3,29.19,467.15261118287503,485.8516737562419,-18.69906257336686,0,flat_pre_release,TRUE
RA_20231005_downstream,2023-10-05T18:28:00Z,7980,506.3,29.17,467.3250876869115,485.8516737562419,-18.526586069330392,0,flat_pre_release,TRUE
RA_20231005_downstream,2023-10-05T18:28:10Z,7990,506.3,29.15,467.49769159741464,485.8516737562419,-18.35398215882725,0,flat_pre_release,TRUE
RA_20231005_downstream,2023-10-05T18:28:20Z,8000,506.3,29.14,467.584041374215,485.8516737562419,-18.267632382026875,0,flat_pre_release,TRUE
RA_20231005_downstream,2023-10-05T18:28:30Z,8010,506.3,29.14,467.584041374215,485.8516737562419,-18.267632382026875,0,flat_pre_release,TRUE
RA_20231005_downstream,2023-10-05T18:28:40Z,8020,506.7000000000001,29.13,468.0399039349714,485.8516737562419,-17.811769821270502,0,flat_pre_release,TRUE
RA_20231005_downstream,2023-10-05T18:28:50Z,8030,506.3,29.14,467.584041374215,485.8516737562419,-18.267632382026875,0,flat_pre_release,TRUE
RA_20231005_downstream,2023-10-05T18:29:00Z,8040,506,29.13,467.3933123960835,485.8516737562419,-18.458361360158392,0,flat_pre_release,TRUE
RA_20231005_downstream,2023-10-05T18:29:10Z,8050,506.4,29.13,467.762793275448,485.8516737562419,-18.088880480793875,0,flat_pre_release,TRUE
RA_20231005_downstream,2023-10-05T18:29:20Z,8060,506,29.12,467.47967479674793,485.8516737562419,-18.371998959493965,0,flat_pre_release,TRUE
RA_20231005_downstream,2023-10-05T18:29:30Z,8070,506.4,29.12,467.84922394678495,485.8516737562419,-18.002449809456948,0,flat_pre_release,TRUE
RA_20231005_downstream,2023-10-05T18:29:40Z,8080,506.4,29.12,467.84922394678495,485.8516737562419,-18.002449809456948,0,flat_pre_release,TRUE
RA_20231005_downstream,2023-10-05T18:29:50Z,8090,506.4,29.12,467.84922394678495,485.8516737562419,-18.002449809456948,0,flat_pre_release,TRUE
RA_20231005_downstream,2023-10-05T18:30:00Z,8100,506.7000000000001,29.12,468.1263858093127,485.8516737562419,-17.7252879469292,0,flat_pre_release,TRUE
RA_20231005_downstream,2023-10-05T18:30:10Z,8110,506.7000000000001,29.12,468.1263858093127,485.8516737562419,-17.7252879469292,0,flat_pre_release,TRUE
RA_20231005_downstream,2023-10-05T18:30:20Z,8120,506.4,29.12,467.84922394678495,485.8516737562419,-18.002449809456948,0,flat_pre_release,TRUE
RA_20231005_downstream,2023-10-05T18:30:30Z,8130,506.7000000000001,29.13,468.0399039349714,485.8516737562419,-17.811769821270502,0,flat_pre_release,TRUE
RA_20231005_downstream,2023-10-05T18:30:40Z,8140,506.7000000000001,29.13,468.0399039349714,485.8516737562419,-17.811769821270502,0,flat_pre_release,TRUE
RA_20231005_downstream,2023-10-05T18:30:50Z,8150,506.7000000000001,29.13,468.0399039349714,485.8516737562419,-17.811769821270502,0,flat_pre_release,TRUE
RA_20231005_downstream,2023-10-05T18:31:00Z,8160,506.7000000000001,29.12,468.1263858093127,485.8516737562419,-17.7252879469292,0,flat_pre_release,TRUE
RA_20231005_downstream,2023-10-05T18:31:10Z,8170,506.7000000000001,29.12,468.1263858093127,485.8516737562419,-17.7252879469292,0,flat_pre_release,TRUE
RA_20231005_downstream,2023-10-05T18:31:20Z,8180,506.7000000000001,29.12,468.1263858093127,485.8516737562419,-17.7252879469292,0,flat_pre_release,TRUE
RA_20231005_downstream,2023-10-05T18:31:30Z,8190,506.7000000000001,29.12,468.1263858093127,485.8516737562419,-17.7252879469292,0,flat_pre_release,TRUE
RA_20231005_downstream,2023-10-05T18:31:40Z,8200,506.7000000000001,29.12,468.1263858093127,485.8516737562419,-17.7252879469292,0,flat_pre_release,TRUE
RA_20231005_downstream,2023-10-05T18:31:50Z,8210,506.7000000000001,29.12,468.1263858093127,485.8516737562419,-17.7252879469292,0,flat_pre_release,TRUE
RA_20231005_downstream,2023-10-05T18:32:00Z,8220,506.7000000000001,29.12,468.1263858093127,485.8516737562419,-17.7252879469292,0,flat_pre_release,TRUE
RA_20231005_downstream,2023-10-05T18:32:10Z,8230,506.7000000000001,29.12,468.1263858093127,485.8516737562419,-17.7252879469292,0,flat_pre_release,TRUE
RA_20231005_downstream,2023-10-05T18:32:20Z,8240,506.7000000000001,29.1,468.2994454713494,485.8516737562419,-17.55222828489252,0,flat_pre_release,TRUE
RA_20231005_downstream,2023-10-05T18:32:30Z,8250,506.7000000000001,29.1,468.2994454713494,485.8516737562419,-17.55222828489252,0,flat_pre_release,TRUE
RA_20231005_downstream,2023-10-05T18:32:40Z,8260,506.7000000000001,29.12,468.1263858093127,485.8516737562419,-17.7252879469292,0,flat_pre_release,TRUE
RA_20231005_downstream,2023-10-05T18:32:50Z,8270,507.1,29.12,468.4959349593496,485.8516737562419,-17.355738796892297,0,flat_pre_release,TRUE
RA_20231005_downstream,2023-10-05T18:33:00Z,8280,506.7000000000001,29.12,468.1263858093127,485.8516737562419,-17.7252879469292,0,flat_pre_release,TRUE
RA_20231005_downstream,2023-10-05T18:33:10Z,8290,507.1,29.1,468.66913123844733,485.8516737562419,-17.18254251779456,0,flat_pre_release,TRUE
RA_20231005_downstream,2023-10-05T18:33:20Z,8300,506.7000000000001,29.12,468.1263858093127,485.8516737562419,-17.7252879469292,0,flat_pre_release,TRUE
RA_20231005_downstream,2023-10-05T18:33:30Z,8310,506.7000000000001,29.1,468.2994454713494,485.8516737562419,-17.55222828489252,0,flat_pre_release,TRUE
RA_20231005_downstream,2023-10-05T18:33:40Z,8320,506.7000000000001,29.1,468.2994454713494,485.8516737562419,-17.55222828489252,0,flat_pre_release,TRUE
RA_20231005_downstream,2023-10-05T18:33:50Z,8330,506.7000000000001,29.1,468.2994454713494,485.8516737562419,-17.55222828489252,0,flat_pre_release,TRUE
RA_20231005_downstream,2023-10-05T18:34:00Z,8340,506.7000000000001,29.1,468.2994454713494,485.8516737562419,-17.55222828489252,0,flat_pre_release,TRUE
RA_20231005_downstream,2023-10-05T18:34:10Z,8350,507.1,29.1,468.66913123844733,485.8516737562419,-17.18254251779456,0,flat_pre_release,TRUE
RA_20231005_downstream,2023-10-05T18:34:20Z,8360,507.1,29.12,468.4959349593496,485.8516737562419,-17.355738796892297,0,flat_pre_release,TRUE
RA_20231005_downstream,2023-10-05T18:34:30Z,8370,507.1,29.12,468.4959349593496,485.8516737562419,-17.355738796892297,0,flat_pre_release,TRUE
RA_20231005_downstream,2023-10-05T18:34:40Z,8380,506.7000000000001,29.12,468.1263858093127,485.8516737562419,-17.7252879469292,0,flat_pre_release,TRUE
RA_20231005_downstream,2023-10-05T18:34:50Z,8390,506.7000000000001,29.12,468.1263858093127,485.8516737562419,-17.7252879469292,0,flat_pre_release,TRUE
RA_20231005_downstream,2023-10-05T18:35:00Z,8400,506.7000000000001,29.1,468.2994454713494,485.8516737562419,-17.55222828489252,0,flat_pre_release,TRUE
RA_20231005_downstream,2023-10-05T18:35:10Z,8410,506.7000000000001,29.12,468.1263858093127,485.8516737562419,-17.7252879469292,0,flat_pre_release,TRUE
RA_20231005_downstream,2023-10-05T18:35:20Z,8420,506.7000000000001,29.12,468.1263858093127,485.8516737562419,-17.7252879469292,0,flat_pre_release,TRUE
RA_20231005_downstream,2023-10-05T18:35:30Z,8430,506.7000000000001,29.12,468.1263858093127,485.8516737562419,-17.7252879469292,0,flat_pre_release,TRUE
RA_20231005_downstream,2023-10-05T18:35:40Z,8440,507.1,29.12,468.4959349593496,485.8516737562419,-17.355738796892297,0,flat_pre_release,TRUE
RA_20231005_downstream,2023-10-05T18:35:50Z,8450,506.7000000000001,29.12,468.1263858093127,485.8516737562419,-17.7252879469292,0,flat_pre_release,TRUE
RA_20231005_downstream,2023-10-05T18:36:00Z,8460,506.7000000000001,29.1,468.2994454713494,485.8516737562419,-17.55222828489252,0,flat_pre_release,TRUE
RA_20231005_downstream,2023-10-05T18:36:10Z,8470,506.7000000000001,29.1,468.2994454713494,485.8516737562419,-17.55222828489252,0,flat_pre_release,TRUE
RA_20231005_downstream,2023-10-05T18:36:20Z,8480,506.7000000000001,29.12,468.1263858093127,485.8516737562419,-17.7252879469292,0,flat_pre_release,TRUE
RA_20231005_downstream,2023-10-05T18:36:30Z,8490,506.7000000000001,29.12,468.1263858093127,485.8516737562419,-17.7252879469292,0,flat_pre_release,TRUE
RA_20231005_downstream,2023-10-05T18:36:40Z,8500,506.7000000000001,29.12,468.1263858093127,485.8516737562419,-17.7252879469292,0,flat_pre_release,TRUE
RA_20231005_downstream,2023-10-05T18:36:50Z,8510,506.7000000000001,29.12,468.1263858093127,485.8516737562419,-17.7252879469292,0,flat_pre_release,TRUE
RA_20231005_downstream,2023-10-05T18:37:00Z,8520,506.7000000000001,29.12,468.1263858093127,485.8516737562419,-17.7252879469292,0,flat_pre_release,TRUE
RA_20231005_downstream,2023-10-05T18:37:10Z,8530,506.7000000000001,29.1,468.2994454713494,485.8516737562419,-17.55222828489252,0,flat_pre_release,TRUE
RA_20231005_downstream,2023-10-05T18:37:20Z,8540,506.7000000000001,29.1,468.2994454713494,485.8516737562419,-17.55222828489252,0,flat_pre_release,TRUE
RA_20231005_downstream,2023-10-05T18:37:30Z,8550,506.4,29.12,467.84922394678495,485.8516737562419,-18.002449809456948,0,flat_pre_release,TRUE
RA_20231005_downstream,2023-10-05T18:37:40Z,8560,506.7000000000001,29.12,468.1263858093127,485.8516737562419,-17.7252879469292,0,flat_pre_release,TRUE
RA_20231005_downstream,2023-10-05T18:37:50Z,8570,506.7000000000001,29.12,468.1263858093127,485.8516737562419,-17.7252879469292,0,flat_pre_release,TRUE
RA_20231005_downstream,2023-10-05T18:38:00Z,8580,506.7000000000001,29.12,468.1263858093127,485.8516737562419,-17.7252879469292,0,flat_pre_release,TRUE
RA_20231005_downstream,2023-10-05T18:38:10Z,8590,506.4,29.1,468.0221811460259,485.8516737562419,-17.829492610215993,0,flat_pre_release,TRUE
RA_20231005_downstream,2023-10-05T18:38:20Z,8600,506.4,29.1,468.0221811460259,485.8516737562419,-17.829492610215993,0,flat_pre_release,TRUE
RA_20231005_downstream,2023-10-05T18:38:30Z,8610,506.4,29.1,468.0221811460259,485.8516737562419,-17.829492610215993,0,flat_pre_release,TRUE
RA_20231005_downstream,2023-10-05T18:38:40Z,8620,506.4,29.12,467.84922394678495,485.8516737562419,-18.002449809456948,0,flat_pre_release,TRUE
RA_20231005_downstream,2023-10-05T18:38:50Z,8630,506,29.09,467.73895359585873,485.8516737562419,-18.112720160383162,0,flat_pre_release,TRUE
RA_20231005_downstream,2023-10-05T18:39:00Z,8640,506,29.08,467.8254437869822,485.8516737562419,-18.026229969259703,0,flat_pre_release,TRUE
RA_20231005_downstream,2023-10-05T18:39:10Z,8650,505.6,29.09,467.36919948234424,485.8516737562419,-18.48247427389765,0,flat_pre_release,TRUE
RA_20231005_downstream,2023-10-05T18:39:20Z,8660,506,29.08,467.8254437869822,485.8516737562419,-18.026229969259703,0,flat_pre_release,TRUE
RA_20231005_downstream,2023-10-05T18:39:30Z,8670,506,29.08,467.8254437869822,485.8516737562419,-18.026229969259703,0,flat_pre_release,TRUE
RA_20231005_downstream,2023-10-05T18:39:40Z,8680,505.6,29.09,467.36919948234424,485.8516737562419,-18.48247427389765,0,flat_pre_release,TRUE
RA_20231005_downstream,2023-10-05T18:39:50Z,8690,505.6,29.09,467.36919948234424,485.8516737562419,-18.48247427389765,0,flat_pre_release,TRUE
RA_20231005_downstream,2023-10-05T18:40:00Z,8700,505.6,29.09,467.36919948234424,485.8516737562419,-18.48247427389765,0,flat_pre_release,TRUE
RA_20231005_downstream,2023-10-05T18:40:10Z,8710,505.2000000000001,29.08,467.08579881656806,485.8516737562419,-18.765874939673836,0,flat_pre_release,TRUE
RA_20231005_downstream,2023-10-05T18:40:20Z,8720,505.2000000000001,29.08,467.08579881656806,485.8516737562419,-18.765874939673836,0,flat_pre_release,TRUE
RA_20231005_downstream,2023-10-05T18:40:30Z,8730,504.9,29.07,466.8947660440171,485.8516737562419,-18.95690771222479,0,flat_pre_release,TRUE
RA_20231005_downstream,2023-10-05T18:40:40Z,8740,505.2000000000001,29.07,467.1721842056594,485.8516737562419,-18.679489550582502,0,flat_pre_release,TRUE
RA_20231005_downstream,2023-10-05T18:40:50Z,8750,504.9,29.08,466.8084319526627,485.8516737562419,-19.04324180357918,0,flat_pre_release,TRUE
RA_20231005_downstream,2023-10-05T18:41:00Z,8760,504.9,29.07,466.8947660440171,485.8516737562419,-18.95690771222479,0,flat_pre_release,TRUE
RA_20231005_downstream,2023-10-05T18:41:10Z,8770,504.9,29.07,466.8947660440171,485.8516737562419,-18.95690771222479,0,flat_pre_release,TRUE
RA_20231005_downstream,2023-10-05T18:41:20Z,8780,504.9,29.07,466.8947660440171,485.8516737562419,-18.95690771222479,0,flat_pre_release,TRUE
RA_20231005_downstream,2023-10-05T18:41:30Z,8790,504.9,29.07,466.8947660440171,485.8516737562419,-18.95690771222479,0,flat_pre_release,TRUE
RA_20231005_downstream,2023-10-05T18:41:40Z,8800,504.9,29.07,466.8947660440171,485.8516737562419,-18.95690771222479,0,flat_pre_release,TRUE
RA_20231005_downstream,2023-10-05T18:41:50Z,8810,504.5,29.07,466.5248751618273,485.8516737562419,-19.326798594414583,0,flat_pre_release,TRUE
RA_20231005_downstream,2023-10-05T18:42:00Z,8820,504.5,29.07,466.5248751618273,485.8516737562419,-19.326798594414583,0,flat_pre_release,TRUE
RA_20231005_downstream,2023-10-05T18:42:10Z,8830,504.5,29.08,466.4386094674556,485.8516737562419,-19.413064288786302,0,flat_pre_release,TRUE
RA_20231005_downstream,2023-10-05T18:42:20Z,8840,504.5,29.09,466.3523756701793,485.8516737562419,-19.499298086062595,0,flat_pre_release,TRUE
RA_20231005_downstream,2023-10-05T18:42:30Z,8850,504.8,29.17,465.9405575041536,485.8516737562419,-19.911116252088277,0,flat_pre_release,TRUE
RA_20231005_downstream,2023-10-05T18:42:40Z,8860,505.5,29.26,465.8127534095098,485.8516737562419,-20.038920346732084,0,flat_pre_release,TRUE
RA_20231005_downstream,2023-10-05T18:42:50Z,8870,505.9,29.31,465.75216350580007,485.8516737562419,-20.099510250441824,0,flat_pre_release,TRUE
RA_20231005_downstream,2023-10-05T18:43:00Z,8880,505.5,29.37,464.87033290417514,485.8516737562419,-20.98134085206675,0,flat_pre_release,TRUE
RA_20231005_downstream,2023-10-05T18:43:10Z,8890,505.5,29.36,464.95584988962474,485.8516737562419,-20.89582386661715,0,flat_pre_release,TRUE
RA_20231005_downstream,2023-10-05T18:43:20Z,8900,504.7000000000001,29.37,464.13463306970766,485.8516737562419,-21.717040686534233,0,flat_pre_release,TRUE
RA_20231005_downstream,2023-10-05T18:43:30Z,8910,505.1,29.4,464.24632352941177,485.8516737562419,-21.605350226830126,0,flat_pre_release,TRUE
RA_20231005_downstream,2023-10-05T18:43:40Z,8920,505,29.45,463.7281910009183,485.8516737562419,-22.123482755323607,0,flat_pre_release,TRUE
RA_20231005_downstream,2023-10-05T18:43:50Z,8930,504.7000000000001,29.45,463.4527089072544,485.8516737562419,-22.398964848987475,0,flat_pre_release,TRUE
RA_20231005_downstream,2023-10-05T18:44:00Z,8940,504.6,29.47,463.1907472002938,485.8516737562419,-22.660926555948095,0,flat_pre_release,TRUE
RA_20231005_downstream,2023-10-05T18:44:10Z,8950,504.6,29.48,463.10572687224675,485.8516737562419,-22.745946883995146,0,flat_pre_release,TRUE
RA_20231005_downstream,2023-10-05T18:44:20Z,8960,503.9,29.49,462.3784180583594,485.8516737562419,-23.473255697882507,0,flat_pre_release,TRUE
RA_20231005_downstream,2023-10-05T18:44:30Z,8970,503.9,29.52,462.12399119589145,485.8516737562419,-23.727682560350445,0,flat_pre_release,TRUE
RA_20231005_downstream,2023-10-05T18:44:40Z,8980,503.8,29.55,461.77818515123744,485.8516737562419,-24.073488605004457,0,flat_pre_release,TRUE
RA_20231005_downstream,2023-10-05T18:44:50Z,8990,503.5,29.55,461.5032080659945,485.8516737562419,-24.348465690247394,0,flat_pre_release,TRUE
RA_20231005_downstream,2023-10-05T18:45:00Z,9000,503.1,29.55,461.13657195233736,485.8516737562419,-24.71510180390453,0,flat_pre_release,TRUE
RA_20231005_downstream,2023-10-05T18:45:10Z,9010,502,29.48,460.71953010279,485.8516737562419,-25.13214365345192,0,flat_pre_release,TRUE
RA_20231005_downstream,2023-10-05T18:45:20Z,9020,501.3,29.4,460.75367647058823,485.8516737562419,-25.097997285653662,0,flat_pre_release,TRUE
RA_20231005_downstream,2023-10-05T18:45:30Z,9030,500.5,29.31,460.7807033695452,485.8516737562419,-25.070970386696672,0,flat_pre_release,TRUE
RA_20231005_downstream,2023-10-05T18:45:40Z,9040,500.2000000000001,29.27,460.8439285056201,485.8516737562419,-25.00774525062178,0,flat_pre_release,TRUE
RA_20231005_downstream,2023-10-05T18:45:50Z,9050,499.5,29.21,460.7083563918096,485.8516737562419,-25.143317364432278,0,flat_pre_release,TRUE
RA_20231005_downstream,2023-10-05T18:46:00Z,9060,499.9,29.19,461.2474626314818,485.8516737562419,-24.60421112476007,0,flat_pre_release,TRUE
RA_20231005_downstream,2023-10-05T18:46:10Z,9070,499.5,29.17,461.04855085840865,485.8516737562419,-24.803122897833248,0,flat_pre_release,TRUE
RA_20231005_downstream,2023-10-05T18:46:20Z,9080,499.5,29.15,461.218836565097,485.8516737562419,-24.632837191144915,0,flat_pre_release,TRUE
RA_20231005_downstream,2023-10-05T18:46:30Z,9090,499.5,29.14,461.3040265977097,485.8516737562419,-24.547647158532186,0,flat_pre_release,TRUE
RA_20231005_downstream,2023-10-05T18:46:40Z,9100,499.9,29.14,461.6734392316218,485.8516737562419,-24.17823452462011,0,flat_pre_release,TRUE
RA_20231005_downstream,2023-10-05T18:46:50Z,9110,500.3,29.13,462.12820986513947,485.8516737562419,-23.723463891102426,0,flat_pre_release,TRUE
RA_20231005_downstream,2023-10-05T18:47:00Z,9120,499.9,29.12,461.8440502586844,485.8516737562419,-24.007623497557518,0,flat_pre_release,TRUE
RA_20231005_downstream,2023-10-05T18:47:10Z,9130,499.9,29.12,461.8440502586844,485.8516737562419,-24.007623497557518,0,flat_pre_release,TRUE
RA_20231005_downstream,2023-10-05T18:47:20Z,9140,500.3,29.13,462.12820986513947,485.8516737562419,-23.723463891102426,0,flat_pre_release,TRUE
RA_20231005_downstream,2023-10-05T18:47:30Z,9150,500.7000000000001,29.12,462.5831485587583,485.8516737562419,-23.268525197483598,0,flat_pre_release,TRUE
RA_20231005_downstream,2023-10-05T18:47:40Z,9160,500.3,29.12,462.21359940872134,485.8516737562419,-23.638074347520558,0,flat_pre_release,TRUE
RA_20231005_downstream,2023-10-05T18:47:50Z,9170,501,29.18,462.3477297895903,485.8516737562419,-23.503943966651605,0,flat_pre_release,TRUE
RA_20231005_downstream,2023-10-05T18:48:00Z,9180,501,29.21,462.0918649695628,485.8516737562419,-23.759808786679116,0,flat_pre_release,TRUE
RA_20231005_downstream,2023-10-05T18:48:10Z,9190,500.6,29.18,461.9785898855667,485.8516737562419,-23.873083870675202,0,flat_pre_release,TRUE
RA_20231005_downstream,2023-10-05T18:48:20Z,9200,500.3,29.15,461.95752539242847,485.8516737562419,-23.89414836381343,0,flat_pre_release,TRUE
RA_20231005_downstream,2023-10-05T18:48:30Z,9210,500.6,29.13,462.4053205246629,485.8516737562419,-23.446353231578996,0,flat_pre_release,TRUE
RA_20231005_downstream,2023-10-05T18:48:40Z,9220,500.3,29.12,462.21359940872134,485.8516737562419,-23.638074347520558,0,flat_pre_release,TRUE
RA_20231005_downstream,2023-10-05T18:48:50Z,9230,500.3,29.12,462.21359940872134,485.8516737562419,-23.638074347520558,0,flat_pre_release,TRUE
RA_20231005_downstream,2023-10-05T18:49:00Z,9240,500.3,29.13,462.12820986513947,485.8516737562419,-23.723463891102426,0,flat_pre_release,TRUE
RA_20231005_downstream,2023-10-05T18:49:10Z,9250,500.3,29.12,462.21359940872134,485.8516737562419,-23.638074347520558,0,flat_pre_release,TRUE
RA_20231005_downstream,2023-10-05T18:49:20Z,9260,499.9,29.1,462.0147874306839,485.8516737562419,-23.836886325557998,0,flat_pre_release,TRUE
RA_20231005_downstream,2023-10-05T18:49:30Z,9270,499.9,29.1,462.0147874306839,485.8516737562419,-23.836886325557998,0,flat_pre_release,TRUE
RA_20231005_downstream,2023-10-05T18:49:40Z,9280,500.7000000000001,29.12,462.5831485587583,485.8516737562419,-23.268525197483598,0,flat_pre_release,TRUE
RA_20231005_downstream,2023-10-05T18:49:50Z,9290,500.3,29.1,462.38447319778186,485.8516737562419,-23.467200558460036,0,flat_pre_release,TRUE
RA_20231005_downstream,2023-10-05T18:50:00Z,9300,500.3,29.1,462.38447319778186,485.8516737562419,-23.467200558460036,0,flat_pre_release,TRUE
RA_20231005_downstream,2023-10-05T18:50:10Z,9310,499.9,29.1,462.0147874306839,485.8516737562419,-23.836886325557998,0,flat_pre_release,TRUE
RA_20231005_downstream,2023-10-05T18:50:20Z,9320,500.7000000000001,29.1,462.7541589648799,485.8516737562419,-23.097514791362016,0,flat_pre_release,TRUE
RA_20231005_downstream,2023-10-05T18:50:30Z,9330,500.6,29.15,462.23453370267777,485.8516737562419,-23.61714005356413,0,flat_pre_release,TRUE
RA_20231005_downstream,2023-10-05T18:50:40Z,9340,500.6,29.2,461.8081180811808,485.8516737562419,-24.0435556750611,0,flat_pre_release,TRUE
RA_20231005_downstream,2023-10-05T18:50:50Z,9350,500.9,29.29,461.31884324921725,485.8516737562419,-24.53283050702464,0,flat_pre_release,TRUE
RA_20231005_downstream,2023-10-05T18:51:00Z,9360,500.9,29.3,461.2338858195211,485.8516737562419,-24.617787936720788,0,flat_pre_release,TRUE
RA_20231005_downstream,2023-10-05T18:51:10Z,9370,500.6,29.27,461.21245623733193,485.8516737562419,-24.63921751890996,0,flat_pre_release,TRUE
RA_20231005_downstream,2023-10-05T18:51:20Z,9380,499.8,29.23,460.8150470219436,485.8516737562419,-25.036626734298295,0,flat_pre_release,TRUE
RA_20231005_downstream,2023-10-05T18:51:30Z,9390,499.5,29.19,460.8783908470197,485.8516737562419,-24.973282909222178,0,flat_pre_release,TRUE
RA_20231005_downstream,2023-10-05T18:51:40Z,9400,499.5,29.17,461.04855085840865,485.8516737562419,-24.803122897833248,0,flat_pre_release,TRUE
RA_20231005_downstream,2023-10-05T18:51:50Z,9410,499.1,29.13,461.019767227046,485.8516737562419,-24.83190652919592,0,flat_pre_release,TRUE
RA_20231005_downstream,2023-10-05T18:52:00Z,9420,499.1,29.12,461.1049519586105,485.8516737562419,-24.74672179763138,0,flat_pre_release,TRUE
RA_20231005_downstream,2023-10-05T18:52:10Z,9430,499.1,29.1,461.275415896488,485.8516737562419,-24.576257859753866,0,flat_pre_release,TRUE
RA_20231005_downstream,2023-10-05T18:52:20Z,9440,499.5,29.1,461.64510166358593,485.8516737562419,-24.20657209265596,0,flat_pre_release,TRUE
RA_20231005_downstream,2023-10-05T18:52:30Z,9450,499.1,29.1,461.275415896488,485.8516737562419,-24.576257859753866,0,flat_pre_release,TRUE
RA_20231005_downstream,2023-10-05T18:52:40Z,9460,499.1,29.1,461.275415896488,485.8516737562419,-24.576257859753866,0,flat_pre_release,TRUE
RA_20231005_downstream,2023-10-05T18:52:50Z,9470,499.5,29.1,461.64510166358593,485.8516737562419,-24.20657209265596,0,flat_pre_release,TRUE
RA_20231005_downstream,2023-10-05T18:53:00Z,9480,499.1,29.1,461.275415896488,485.8516737562419,-24.576257859753866,0,flat_pre_release,TRUE
RA_20231005_downstream,2023-10-05T18:53:10Z,9490,499.5,29.1,461.64510166358593,485.8516737562419,-24.20657209265596,0,flat_pre_release,TRUE
RA_20231005_downstream,2023-10-05T18:53:20Z,9500,499.1,29.09,461.3606951377334,485.8516737562419,-24.490978618508507,0,flat_pre_release,TRUE
RA_20231005_downstream,2023-10-05T18:53:30Z,9510,499.5,29.09,461.7304492512479,485.8516737562419,-24.121224504994018,0,flat_pre_release,TRUE
RA_20231005_downstream,2023-10-05T18:53:40Z,9520,499.5,29.09,461.7304492512479,485.8516737562419,-24.121224504994018,0,flat_pre_release,TRUE
RA_20231005_downstream,2023-10-05T18:53:50Z,9530,499.5,29.09,461.7304492512479,485.8516737562419,-24.121224504994018,0,flat_pre_release,TRUE
RA_20231005_downstream,2023-10-05T18:54:00Z,9540,499.5,29.09,461.7304492512479,485.8516737562419,-24.121224504994018,0,flat_pre_release,TRUE
RA_20231005_downstream,2023-10-05T18:54:10Z,9550,499.5,29.09,461.7304492512479,485.8516737562419,-24.121224504994018,0,flat_pre_release,TRUE
RA_20231005_downstream,2023-10-05T18:54:20Z,9560,499.5,29.09,461.7304492512479,485.8516737562419,-24.121224504994018,0,flat_pre_release,TRUE
RA_20231005_downstream,2023-10-05T18:54:30Z,9570,499.5,29.09,461.7304492512479,485.8516737562419,-24.121224504994018,0,flat_pre_release,TRUE
RA_20231005_downstream,2023-10-05T18:54:40Z,9580,499.5,29.1,461.64510166358593,485.8516737562419,-24.20657209265596,0,flat_pre_release,TRUE
RA_20231005_downstream,2023-10-05T18:54:50Z,9590,499.5,29.1,461.64510166358593,485.8516737562419,-24.20657209265596,0,flat_pre_release,TRUE
RA_20231005_downstream,2023-10-05T18:55:00Z,9600,499.5,29.1,461.64510166358593,485.8516737562419,-24.20657209265596,0,flat_pre_release,TRUE
RA_20231005_downstream,2023-10-05T18:55:10Z,9610,499.5,29.1,461.64510166358593,485.8516737562419,-24.20657209265596,0,flat_pre_release,TRUE
RA_20231005_downstream,2023-10-05T18:55:20Z,9620,499.5,29.1,461.64510166358593,485.8516737562419,-24.20657209265596,0,flat_pre_release,TRUE
RA_20231005_downstream,2023-10-05T18:55:30Z,9630,499.5,29.12,461.4745011086474,485.8516737562419,-24.377172647594477,0,flat_pre_release,TRUE
RA_20231005_downstream,2023-10-05T18:55:40Z,9640,499.5,29.13,461.3892481064105,485.8516737562419,-24.462425649831403,0,flat_pre_release,TRUE
RA_20231005_downstream,2023-10-05T18:55:50Z,9650,499.5,29.15,461.218836565097,485.8516737562419,-24.632837191144915,0,flat_pre_release,TRUE
RA_20231005_downstream,2023-10-05T18:56:00Z,9660,499.9,29.18,461.3325950535254,485.8516737562419,-24.519078702716513,0,flat_pre_release,TRUE
RA_20231005_downstream,2023-10-05T18:56:10Z,9670,500.2000000000001,29.25,461.0138248847927,485.8516737562419,-24.837848871449182,0,flat_pre_release,TRUE
RA_20231005_downstream,2023-10-05T18:56:20Z,9680,500.6,29.27,461.21245623733193,485.8516737562419,-24.63921751890996,0,flat_pre_release,TRUE
RA_20231005_downstream,2023-10-05T18:56:30Z,9690,499.8,29.27,460.4754007739083,485.8516737562419,-25.376272982333603,0,flat_pre_release,TRUE
RA_20231005_downstream,2023-10-05T18:56:40Z,9700,500.2000000000001,29.32,460.419734904271,485.8516737562419,-25.43193885197087,0,flat_pre_release,TRUE
RA_20231005_downstream,2023-10-05T18:56:50Z,9710,500.5,29.36,460.35688005886686,485.8516737562419,-25.49479369737503,0,flat_pre_release,TRUE
RA_20231005_downstream,2023-10-05T18:57:00Z,9720,500.5,29.4,460.0183823529411,485.8516737562419,-25.83329140330079,0,flat_pre_release,TRUE
RA_20231005_downstream,2023-10-05T18:57:10Z,9730,537.8000000000001,29.4,494.3014705882353,485.8516737562419,8.44979683199341,3.8962013192321616,flat_pre_release,TRUE
RA_20231005_downstream,2023-10-05T18:57:20Z,9740,544.8000000000001,29.26,502.0272760781424,485.8516737562419,16.1756023219005,7.45857023062832,flat_pre_release,TRUE
RA_20231005_downstream,2023-10-05T18:57:30Z,9750,545.1,29.31,501.8412815319462,485.8516737562419,15.989607775704314,7.37280814537726,flat_pre_release,TRUE
RA_20231005_downstream,2023-10-05T18:57:40Z,9760,545.8000000000001,29.38,501.8389113644723,485.8516737562419,15.98723760823043,7.371715261155051,flat_pre_release,TRUE
RA_20231005_downstream,2023-10-05T18:57:50Z,9770,545.1,29.35,501.47194112235513,485.8516737562419,15.62026736611324,7.202505282514815,flat_pre_release,TRUE
RA_20231005_downstream,2023-10-05T18:58:00Z,9780,545.1,29.38,501.195292386907,485.8516737562419,15.343618630665105,7.074942550599681,flat_pre_release,TRUE
RA_20231005_downstream,2023-10-05T18:58:10Z,9790,544.7,29.41,500.5513692335968,485.8516737562419,14.699695477354908,6.7780295846083485,flat_pre_release,TRUE
RA_20231005_downstream,2023-10-05T18:58:20Z,9800,545,29.43,500.643027742054,485.8516737562419,14.791353985812123,6.82029332285797,flat_pre_release,TRUE
RA_20231005_downstream,2023-10-05T18:58:30Z,9810,544.6,29.46,500.00000000000006,485.8516737562419,14.148326243758163,6.523793230996889,flat_pre_release,TRUE
RA_20231005_downstream,2023-10-05T18:58:40Z,9820,544.7,29.43,500.3674444240309,485.8516737562419,14.515770667789013,6.693221854917514,flat_pre_release,TRUE
RA_20231005_downstream,2023-10-05T18:58:50Z,9830,544.7,29.43,500.3674444240309,485.8516737562419,14.515770667789013,6.693221854917514,flat_pre_release,TRUE
RA_20231005_downstream,2023-10-05T18:59:00Z,9840,544.6,29.46,500.00000000000006,485.8516737562419,14.148326243758163,6.523793230996889,flat_pre_release,TRUE
RA_20231005_downstream,2023-10-05T18:59:10Z,9850,544.6,29.45,500.09182736455466,485.8516737562419,14.240153608312767,6.566134828793017,flat_pre_release,TRUE
RA_20231005_downstream,2023-10-05T18:59:20Z,9860,545,29.47,500.2753809436387,485.8516737562419,14.423707187396815,6.650771384108672,flat_pre_release,TRUE
RA_20231005_downstream,2023-10-05T18:59:30Z,9870,545,29.47,500.2753809436387,485.8516737562419,14.423707187396815,6.650771384108672,flat_pre_release,TRUE
RA_20231005_downstream,2023-10-05T18:59:40Z,9880,545,29.45,500.4591368227732,485.8516737562419,14.607463066531295,6.73550121997758,flat_pre_release,TRUE
RA_20231005_downstream,2023-10-05T18:59:50Z,9890,544.3000000000001,29.42,500.0918779860346,485.8516737562419,14.24020422979271,6.5661581703574186,flat_pre_release,TRUE
RA_20231005_downstream,2023-10-05T19:00:00Z,9900,544.7,29.43,500.3674444240309,485.8516737562419,14.515770667789013,6.693221854917514,flat_pre_release,TRUE
RA_20231005_downstream,2023-10-05T19:00:10Z,9910,544.6,29.45,500.09182736455466,485.8516737562419,14.240153608312767,6.566134828793017,flat_pre_release,TRUE
RA_20231005_downstream,2023-10-05T19:00:20Z,9920,544.3000000000001,29.42,500.0918779860346,485.8516737562419,14.24020422979271,6.5661581703574186,flat_pre_release,TRUE
RA_20231005_downstream,2023-10-05T19:00:30Z,9930,544.3000000000001,29.43,500.00000000000006,485.8516737562419,14.148326243758163,6.523793230996889,flat_pre_release,TRUE
RA_20231005_downstream,2023-10-05T19:00:40Z,9940,544.6,29.47,499.9082063521205,485.8516737562419,14.056532595878593,6.48146717995962,flat_pre_release,TRUE
RA_20231005_downstream,2023-10-05T19:00:50Z,9950,544.3000000000001,29.45,499.8163452708908,485.8516737562419,13.964671514648899,6.439110035404608,flat_pre_release,TRUE
RA_20231005_downstream,2023-10-05T19:01:00Z,9960,544.3000000000001,29.42,500.0918779860346,485.8516737562419,14.24020422979271,6.5661581703574186,flat_pre_release,TRUE
RA_20231005_downstream,2023-10-05T19:01:10Z,9970,544.3000000000001,29.42,500.0918779860346,485.8516737562419,14.24020422979271,6.5661581703574186,flat_pre_release,TRUE
RA_20231005_downstream,2023-10-05T19:01:20Z,9980,543.9,29.41,499.8162102554677,485.8516737562419,13.964536499225801,6.439047779793017,flat_pre_release,TRUE
RA_20231005_downstream,2023-10-05T19:01:30Z,9990,543.9,29.4,499.9080882352941,485.8516737562419,14.056414479052194,6.481412716290967,flat_pre_release,TRUE
RA_20231005_downstream,2023-10-05T19:01:40Z,10000,543.9,29.41,499.8162102554677,485.8516737562419,13.964536499225801,6.439047779793017,flat_pre_release,TRUE
RA_20231005_downstream,2023-10-05T19:01:50Z,10010,543.2,29.36,499.6320824135394,485.8516737562419,13.780408657297528,6.35414643187989,flat_pre_release,TRUE
RA_20231005_downstream,2023-10-05T19:02:00Z,10020,543.9,29.35,500.3679852805887,485.8516737562419,14.516311524346804,6.693471243876312,flat_pre_release,TRUE
RA_20231005_downstream,2023-10-05T19:02:10Z,10030,543.2,29.32,500,485.8516737562419,14.148326243758106,6.523793230996863,flat_pre_release,TRUE
RA_20231005_downstream,2023-10-05T19:02:20Z,10040,543.2,29.31,500.09206407659735,485.8516737562419,14.24039032035546,6.566243976715902,flat_pre_release,TRUE
RA_20231005_downstream,2023-10-05T19:02:30Z,10050,543.2,29.3,500.1841620626151,485.8516737562419,14.332488306373193,6.60871035806868,flat_pre_release,TRUE
RA_20231005_downstream,2023-10-05T19:02:40Z,10060,543.2,29.29,500.2762939767914,485.8516737562419,14.424620220549514,6.651192383695381,flat_pre_release,TRUE
RA_20231005_downstream,2023-10-05T19:02:50Z,10070,542.8000000000001,29.26,500.18429782528574,485.8516737562419,14.332624069043845,6.608772958236117,flat_pre_release,TRUE
RA_20231005_downstream,2023-10-05T19:03:00Z,10080,542.5,29.24,500.09218289085544,485.8516737562419,14.240509134613546,6.566298761970306,flat_pre_release,TRUE
RA_20231005_downstream,2023-10-05T19:03:10Z,10090,541.7,29.19,499.81546410776895,485.8516737562419,13.963790351527052,6.438703731089124,flat_pre_release,TRUE
RA_20231005_downstream,2023-10-05T19:03:20Z,10100,542.1,29.19,500.184535892231,485.8516737562419,14.332862135989103,6.6088827309045755,flat_pre_release,TRUE
RA_20231005_downstream,2023-10-05T19:03:30Z,10110,541.8000000000001,29.18,500.0000000000001,485.8516737562419,14.14832624375822,6.523793230996915,flat_pre_release,TRUE
RA_20231005_downstream,2023-10-05T19:03:40Z,10120,541.8000000000001,29.18,500.0000000000001,485.8516737562419,14.14832624375822,6.523793230996915,flat_pre_release,TRUE
RA_20231005_downstream,2023-10-05T19:03:50Z,10130,541.7,29.19,499.81546410776895,485.8516737562419,13.963790351527052,6.438703731089124,flat_pre_release,TRUE
RA_20231005_downstream,2023-10-05T19:04:00Z,10140,541.8000000000001,29.18,500.0000000000001,485.8516737562419,14.14832624375822,6.523793230996915,flat_pre_release,TRUE
RA_20231005_downstream,2023-10-05T19:04:10Z,10150,541.7,29.19,499.81546410776895,485.8516737562419,13.963790351527052,6.438703731089124,flat_pre_release,TRUE
RA_20231005_downstream,2023-10-05T19:04:20Z,10160,541.8000000000001,29.18,500.0000000000001,485.8516737562419,14.14832624375822,6.523793230996915,flat_pre_release,TRUE
RA_20231005_downstream,2023-10-05T19:04:30Z,10170,541,29.14,499.6305873660879,485.8516737562419,13.778913609846029,6.353457065500004,flat_pre_release,TRUE
RA_20231005_downstream,2023-10-05T19:04:40Z,10180,541,29.14,499.6305873660879,485.8516737562419,13.778913609846029,6.353457065500004,flat_pre_release,TRUE
RA_20231005_downstream,2023-10-05T19:04:50Z,10190,541,29.15,499.5383194829178,485.8516737562419,13.68664572667592,6.310912344570267,flat_pre_release,TRUE
RA_20231005_downstream,2023-10-05T19:05:00Z,10200,541.4,29.15,499.9076638965836,485.8516737562419,14.055990140341692,6.481217053711554,flat_pre_release,TRUE
RA_20231005_downstream,2023-10-05T19:05:10Z,10210,541,29.17,499.35388591471286,485.8516737562419,13.502212158470968,6.225870026270964,flat_pre_release,TRUE
