source_file,date_raw,time_raw,full_range_uscm,temp_c,spc_calculated_uscm,coupler_detached,coupler_attached,host_connected,stopped,end_of_file,stream,station,date,logger_serial,datetime,spc_uscm,nacl_mass_g,amonium_added_g,phophate_added_g,reach_length_m,reach_mean_width_m,addition_time,addition_datetime,background_spc
SpC_CB_100823.xlsx,2023-10-08T11:26:30Z,2023-10-08T11:26:30Z,437.70000000000005,28.89,365.08340790345625,NA,NA,NA,NA,NA,CB,NA,2023-10-08,20835561,2023-10-08T14:26:30Z,406.10502876229356,8275,182,349,162,7.65,11:40:00,2023-10-08T14:40:00Z,368.3
SpC_CB_100823.xlsx,2023-10-08T11:26:40Z,2023-10-08T11:26:40Z,437.70000000000005,28.830000000000002,365.48696454298823,NA,NA,NA,NA,NA,CB,NA,2023-10-08,20835561,2023-10-08T14:26:40Z,406.5576815901914,8275,182,349,162,7.65,11:40:00,2023-10-08T14:40:00Z,368.3
SpC_CB_100823.xlsx,2023-10-08T11:26:50Z,2023-10-08T11:26:50Z,438.1,28.85,365.6817302149431,NA,NA,NA,NA,NA,CB,NA,2023-10-08,20835561,2023-10-08T14:26:50Z,406.7780872794801,8275,182,349,162,7.65,11:40:00,2023-10-08T14:40:00Z,368.3
SpC_CB_100823.xlsx,2023-10-08T11:27:00Z,2023-10-08T11:27:00Z,437.70000000000005,28.810000000000002,365.6160602158084,NA,NA,NA,NA,NA,CB,NA,2023-10-08,20835561,2023-10-08T14:27:00Z,406.7087901876975,8275,182,349,162,7.65,11:40:00,2023-10-08T14:40:00Z,368.3
SpC_CB_100823.xlsx,2023-10-08T11:27:10Z,2023-10-08T11:27:10Z,437.70000000000005,28.810000000000002,365.6126862970534,NA,NA,NA,NA,NA,CB,NA,2023-10-08,20835561,2023-10-08T14:27:10Z,406.7087901876975,8275,182,349,162,7.65,11:40:00,2023-10-08T14:40:00Z,368.3
SpC_CB_100823.xlsx,2023-10-08T11:27:20Z,2023-10-08T11:27:20Z,438.90000000000003,28.79,366.74798047478237,NA,NA,NA,NA,NA,CB,NA,2023-10-08,20835561,2023-10-08T14:27:20Z,407.97546012269936,8275,182,349,162,7.65,11:40:00,2023-10-08T14:40:00Z,368.3
SpC_CB_100823.xlsx,2023-10-08T11:27:30Z,2023-10-08T11:27:30Z,439.70000000000005,28.830000000000002,367.14005827071003,NA,NA,NA,NA,NA,CB,NA,2023-10-08,20835561,2023-10-08T14:27:30Z,408.4153817573844,8275,182,349,162,7.65,11:40:00,2023-10-08T14:40:00Z,368.3
SpC_CB_100823.xlsx,2023-10-08T11:27:40Z,2023-10-08T11:27:40Z,439.70000000000005,28.830000000000002,367.1366701946478,NA,NA,NA,NA,NA,CB,NA,2023-10-08,20835561,2023-10-08T14:27:40Z,408.4153817573844,8275,182,349,162,7.65,11:40:00,2023-10-08T14:40:00Z,368.3
SpC_CB_100823.xlsx,2023-10-08T11:27:50Z,2023-10-08T11:27:50Z,439.70000000000005,28.79,367.4062944124086,NA,NA,NA,NA,NA,CB,NA,2023-10-08,20835561,2023-10-08T14:27:50Z,408.7190927681725,8275,182,349,162,7.65,11:40:00,2023-10-08T14:40:00Z,368.3
SpC_CB_100823.xlsx,2023-10-08T11:28:00Z,2023-10-08T11:28:00Z,439.3,28.78,367.13692704365764,NA,NA,NA,NA,NA,CB,NA,2023-10-08,20835561,2023-10-08T14:28:00Z,408.42320565265896,8275,182,349,162,7.65,11:40:00,2023-10-08T14:40:00Z,368.3
SpC_CB_100823.xlsx,2023-10-08T11:28:10Z,2023-10-08T11:28:10Z,439.70000000000005,28.84,367.0583175366755,NA,NA,NA,NA,NA,CB,NA,2023-10-08,20835561,2023-10-08T14:28:10Z,408.33952451708774,8275,182,349,162,7.65,11:40:00,2023-10-08T14:40:00Z,368.3
SpC_CB_100823.xlsx,2023-10-08T11:28:20Z,2023-10-08T11:28:20Z,440.1,28.87,367.18424659578267,NA,NA,NA,NA,NA,CB,NA,2023-10-08,20835561,2023-10-08T14:28:20Z,408.4833859290886,8275,182,349,162,7.65,11:40:00,2023-10-08T14:40:00Z,368.3
SpC_CB_100823.xlsx,2023-10-08T11:28:30Z,2023-10-08T11:28:30Z,460.40000000000003,29.41,380.3051690453515,NA,NA,NA,NA,NA,CB,NA,2023-10-08,20835561,2023-10-08T14:28:30Z,423.0839919132512,8275,182,349,162,7.65,11:40:00,2023-10-08T14:40:00Z,368.3
SpC_CB_100823.xlsx,2023-10-08T11:28:40Z,2023-10-08T11:28:40Z,127,28.94,105.81918444170262,NA,NA,NA,NA,NA,CB,NA,2023-10-08,20835561,2023-10-08T14:28:40Z,117.72339636633296,8275,182,349,162,7.65,11:40:00,2023-10-08T14:40:00Z,368.3
SpC_CB_100823.xlsx,2023-10-08T11:28:50Z,2023-10-08T11:28:50Z,440.90000000000003,28.85,367.9781353136785,NA,NA,NA,NA,NA,CB,NA,2023-10-08,20835561,2023-10-08T14:28:50Z,409.3779015784587,8275,182,349,162,7.65,11:40:00,2023-10-08T14:40:00Z,368.3
SpC_CB_100823.xlsx,2023-10-08T11:29:00Z,2023-10-08T11:29:00Z,441.70000000000005,28.85,368.64241852573315,NA,NA,NA,NA,NA,CB,NA,2023-10-08,20835561,2023-10-08T14:29:00Z,410.1207056638812,8275,182,349,162,7.65,11:40:00,2023-10-08T14:40:00Z,368.3
SpC_CB_100823.xlsx,2023-10-08T11:29:10Z,2023-10-08T11:29:10Z,440.90000000000003,28.830000000000002,368.1080592772294,NA,NA,NA,NA,NA,CB,NA,2023-10-08,20835561,2023-10-08T14:29:10Z,409.5300018577002,8275,182,349,162,7.65,11:40:00,2023-10-08T14:40:00Z,368.3
SpC_CB_100823.xlsx,2023-10-08T11:29:20Z,2023-10-08T11:29:20Z,440.90000000000003,28.810000000000002,368.24147840585573,NA,NA,NA,NA,NA,CB,NA,2023-10-08,20835561,2023-10-08T14:29:20Z,409.6822152016354,8275,182,349,162,7.65,11:40:00,2023-10-08T14:40:00Z,368.3
SpC_CB_100823.xlsx,2023-10-08T11:29:30Z,2023-10-08T11:29:30Z,440.5,28.8,367.97238491566935,NA,NA,NA,NA,NA,CB,NA,2023-10-08,20835561,2023-10-08T14:29:30Z,409.3866171003717,8275,182,349,162,7.65,11:40:00,2023-10-08T14:40:00Z,368.3
SpC_CB_100823.xlsx,2023-10-08T11:29:40Z,2023-10-08T11:29:40Z,440.90000000000003,28.78,368.44009292061673,NA,NA,NA,NA,NA,CB,NA,2023-10-08,20835561,2023-10-08T14:29:40Z,409.91074748977314,8275,182,349,162,7.65,11:40:00,2023-10-08T14:40:00Z,368.3
SpC_CB_100823.xlsx,2023-10-08T11:29:50Z,2023-10-08T11:29:50Z,440.5,28.76,368.2393765725665,NA,NA,NA,NA,NA,CB,NA,2023-10-08,20835561,2023-10-08T14:29:50Z,409.69122023809524,8275,182,349,162,7.65,11:40:00,2023-10-08T14:40:00Z,368.3
SpC_CB_100823.xlsx,2023-10-08T11:30:00Z,2023-10-08T11:30:00Z,440.5,28.75,368.3044869317257,NA,NA,NA,NA,NA,CB,NA,2023-10-08,20835561,2023-10-08T14:30:00Z,409.7674418604651,8275,182,349,162,7.65,11:40:00,2023-10-08T14:40:00Z,368.3
SpC_CB_100823.xlsx,2023-10-08T11:30:10Z,2023-10-08T11:30:10Z,440.5,28.76,368.23257925259185,NA,NA,NA,NA,NA,CB,NA,2023-10-08,20835561,2023-10-08T14:30:10Z,409.69122023809524,8275,182,349,162,7.65,11:40:00,2023-10-08T14:40:00Z,368.3
SpC_CB_100823.xlsx,2023-10-08T11:30:20Z,2023-10-08T11:30:20Z,440.5,28.75,368.29768834713343,NA,NA,NA,NA,NA,CB,NA,2023-10-08,20835561,2023-10-08T14:30:20Z,409.7674418604651,8275,182,349,162,7.65,11:40:00,2023-10-08T14:40:00Z,368.3
SpC_CB_100823.xlsx,2023-10-08T11:30:30Z,2023-10-08T11:30:30Z,440.1,28.75,367.9598561022336,NA,NA,NA,NA,NA,CB,NA,2023-10-08,20835561,2023-10-08T14:30:30Z,409.3953488372093,8275,182,349,162,7.65,11:40:00,2023-10-08T14:40:00Z,368.3
SpC_CB_100823.xlsx,2023-10-08T11:30:40Z,2023-10-08T11:30:40Z,440.1,28.75,367.95645989669543,NA,NA,NA,NA,NA,CB,NA,2023-10-08,20835561,2023-10-08T14:30:40Z,409.3953488372093,8275,182,349,162,7.65,11:40:00,2023-10-08T14:40:00Z,368.3
SpC_CB_100823.xlsx,2023-10-08T11:30:50Z,2023-10-08T11:30:50Z,439.70000000000005,28.75,367.61863691206975,NA,NA,NA,NA,NA,CB,NA,2023-10-08,20835561,2023-10-08T14:30:50Z,409.02325581395354,8275,182,349,162,7.65,11:40:00,2023-10-08T14:40:00Z,368.3
SpC_CB_100823.xlsx,2023-10-08T11:31:00Z,2023-10-08T11:31:00Z,439.70000000000005,28.740000000000002,367.6836500537648,NA,NA,NA,NA,NA,CB,NA,2023-10-08,20835561,2023-10-08T14:31:00Z,409.0993673241534,8275,182,349,162,7.65,11:40:00,2023-10-08T14:40:00Z,368.3
SpC_CB_100823.xlsx,2023-10-08T11:31:10Z,2023-10-08T11:31:10Z,439.70000000000005,28.75,367.6118506745096,NA,NA,NA,NA,NA,CB,NA,2023-10-08,20835561,2023-10-08T14:31:10Z,409.02325581395354,8275,182,349,162,7.65,11:40:00,2023-10-08T14:40:00Z,368.3
SpC_CB_100823.xlsx,2023-10-08T11:31:20Z,2023-10-08T11:31:20Z,439.70000000000005,28.740000000000002,367.67686255341386,NA,NA,NA,NA,NA,CB,NA,2023-10-08,20835561,2023-10-08T14:31:20Z,409.0993673241534,8275,182,349,162,7.65,11:40:00,2023-10-08T14:40:00Z,368.3
SpC_CB_100823.xlsx,2023-10-08T11:31:30Z,2023-10-08T11:31:30Z,439.70000000000005,28.740000000000002,367.67346880323845,NA,NA,NA,NA,NA,CB,NA,2023-10-08,20835561,2023-10-08T14:31:30Z,409.0993673241534,8275,182,349,162,7.65,11:40:00,2023-10-08T14:40:00Z,368.3
SpC_CB_100823.xlsx,2023-10-08T11:31:40Z,2023-10-08T11:31:40Z,439.70000000000005,28.740000000000002,367.670075053063,NA,NA,NA,NA,NA,CB,NA,2023-10-08,20835561,2023-10-08T14:31:40Z,409.0993673241534,8275,182,349,162,7.65,11:40:00,2023-10-08T14:40:00Z,368.3
SpC_CB_100823.xlsx,2023-10-08T11:31:50Z,2023-10-08T11:31:50Z,439.70000000000005,28.740000000000002,367.6666813028875,NA,NA,NA,NA,NA,CB,NA,2023-10-08,20835561,2023-10-08T14:31:50Z,409.0993673241534,8275,182,349,162,7.65,11:40:00,2023-10-08T14:40:00Z,368.3
SpC_CB_100823.xlsx,2023-10-08T11:32:00Z,2023-10-08T11:32:00Z,439.70000000000005,28.740000000000002,367.6632875527121,NA,NA,NA,NA,NA,CB,NA,2023-10-08,20835561,2023-10-08T14:32:00Z,409.0993673241534,8275,182,349,162,7.65,11:40:00,2023-10-08T14:40:00Z,368.3
SpC_CB_100823.xlsx,2023-10-08T11:32:10Z,2023-10-08T11:32:10Z,439.70000000000005,28.740000000000002,367.65989380253666,NA,NA,NA,NA,NA,CB,NA,2023-10-08,20835561,2023-10-08T14:32:10Z,409.0993673241534,8275,182,349,162,7.65,11:40:00,2023-10-08T14:40:00Z,368.3
SpC_CB_100823.xlsx,2023-10-08T11:32:20Z,2023-10-08T11:32:20Z,439.70000000000005,28.740000000000002,367.6565000523612,NA,NA,NA,NA,NA,CB,NA,2023-10-08,20835561,2023-10-08T14:32:20Z,409.0993673241534,8275,182,349,162,7.65,11:40:00,2023-10-08T14:40:00Z,368.3
SpC_CB_100823.xlsx,2023-10-08T11:32:30Z,2023-10-08T11:32:30Z,439.70000000000005,28.740000000000002,367.65310630218573,NA,NA,NA,NA,NA,CB,NA,2023-10-08,20835561,2023-10-08T14:32:30Z,409.0993673241534,8275,182,349,162,7.65,11:40:00,2023-10-08T14:40:00Z,368.3
SpC_CB_100823.xlsx,2023-10-08T11:32:40Z,2023-10-08T11:32:40Z,439.70000000000005,28.740000000000002,367.64971255201027,NA,NA,NA,NA,NA,CB,NA,2023-10-08,20835561,2023-10-08T14:32:40Z,409.0993673241534,8275,182,349,162,7.65,11:40:00,2023-10-08T14:40:00Z,368.3
SpC_CB_100823.xlsx,2023-10-08T11:32:50Z,2023-10-08T11:32:50Z,439.3,28.740000000000002,367.31186684022293,NA,NA,NA,NA,NA,CB,NA,2023-10-08,20835561,2023-10-08T14:32:50Z,408.7272050614068,8275,182,349,162,7.65,11:40:00,2023-10-08T14:40:00Z,368.3
SpC_CB_100823.xlsx,2023-10-08T11:33:00Z,2023-10-08T11:33:00Z,439.70000000000005,28.740000000000002,367.6429250516594,NA,NA,NA,NA,NA,CB,NA,2023-10-08,20835561,2023-10-08T14:33:00Z,409.0993673241534,8275,182,349,162,7.65,11:40:00,2023-10-08T14:40:00Z,368.3
SpC_CB_100823.xlsx,2023-10-08T11:33:10Z,2023-10-08T11:33:10Z,439.70000000000005,28.740000000000002,367.63953130148394,NA,NA,NA,NA,NA,CB,NA,2023-10-08,20835561,2023-10-08T14:33:10Z,409.0993673241534,8275,182,349,162,7.65,11:40:00,2023-10-08T14:40:00Z,368.3
SpC_CB_100823.xlsx,2023-10-08T11:33:20Z,2023-10-08T11:33:20Z,439.70000000000005,28.740000000000002,367.6361375513085,NA,NA,NA,NA,NA,CB,NA,2023-10-08,20835561,2023-10-08T14:33:20Z,409.0993673241534,8275,182,349,162,7.65,11:40:00,2023-10-08T14:40:00Z,368.3
SpC_CB_100823.xlsx,2023-10-08T11:33:30Z,2023-10-08T11:33:30Z,439.70000000000005,28.740000000000002,367.6327438011331,NA,NA,NA,NA,NA,CB,NA,2023-10-08,20835561,2023-10-08T14:33:30Z,409.0993673241534,8275,182,349,162,7.65,11:40:00,2023-10-08T14:40:00Z,368.3
SpC_CB_100823.xlsx,2023-10-08T11:33:40Z,2023-10-08T11:33:40Z,439.70000000000005,28.73,367.6977716683131,NA,NA,NA,NA,NA,CB,NA,2023-10-08,20835561,2023-10-08T14:33:40Z,409.17550716545696,8275,182,349,162,7.65,11:40:00,2023-10-08T14:40:00Z,368.3
SpC_CB_100823.xlsx,2023-10-08T11:33:50Z,2023-10-08T11:33:50Z,438.90000000000003,28.73,367.0253859246032,NA,NA,NA,NA,NA,CB,NA,2023-10-08,20835561,2023-10-08T14:33:50Z,408.43104410943613,8275,182,349,162,7.65,11:40:00,2023-10-08T14:40:00Z,368.3
SpC_CB_100823.xlsx,2023-10-08T11:34:00Z,2023-10-08T11:34:00Z,439.3,28.73,367.3564903116564,NA,NA,NA,NA,NA,CB,NA,2023-10-08,20835561,2023-10-08T14:34:00Z,408.8032756374465,8275,182,349,162,7.65,11:40:00,2023-10-08T14:40:00Z,368.3
SpC_CB_100823.xlsx,2023-10-08T11:34:10Z,2023-10-08T11:34:10Z,439.70000000000005,28.73,367.6875885228955,NA,NA,NA,NA,NA,CB,NA,2023-10-08,20835561,2023-10-08T14:34:10Z,409.17550716545696,8275,182,349,162,7.65,11:40:00,2023-10-08T14:40:00Z,368.3
SpC_CB_100823.xlsx,2023-10-08T11:34:20Z,2023-10-08T11:34:20Z,439.70000000000005,28.73,367.6841941410897,NA,NA,NA,NA,NA,CB,NA,2023-10-08,20835561,2023-10-08T14:34:20Z,409.17550716545696,8275,182,349,162,7.65,11:40:00,2023-10-08T14:40:00Z,368.3
SpC_CB_100823.xlsx,2023-10-08T11:34:30Z,2023-10-08T11:34:30Z,439.3,28.73,367.34631642995987,NA,NA,NA,NA,NA,CB,NA,2023-10-08,20835561,2023-10-08T14:34:30Z,408.8032756374465,8275,182,349,162,7.65,11:40:00,2023-10-08T14:40:00Z,368.3
SpC_CB_100823.xlsx,2023-10-08T11:34:40Z,2023-10-08T11:34:40Z,439.70000000000005,28.73,367.67740537747795,NA,NA,NA,NA,NA,CB,NA,2023-10-08,20835561,2023-10-08T14:34:40Z,409.17550716545696,8275,182,349,162,7.65,11:40:00,2023-10-08T14:40:00Z,368.3
SpC_CB_100823.xlsx,2023-10-08T11:34:50Z,2023-10-08T11:34:50Z,439.70000000000005,28.740000000000002,367.6055937997295,NA,NA,NA,NA,NA,CB,NA,2023-10-08,20835561,2023-10-08T14:34:50Z,409.0993673241534,8275,182,349,162,7.65,11:40:00,2023-10-08T14:40:00Z,368.3
SpC_CB_100823.xlsx,2023-10-08T11:35:00Z,2023-10-08T11:35:00Z,439.70000000000005,28.740000000000002,367.60220004955397,NA,NA,NA,NA,NA,CB,NA,2023-10-08,20835561,2023-10-08T14:35:00Z,409.0993673241534,8275,182,349,162,7.65,11:40:00,2023-10-08T14:40:00Z,368.3
SpC_CB_100823.xlsx,2023-10-08T11:35:10Z,2023-10-08T11:35:10Z,439.70000000000005,28.740000000000002,367.59880629937857,NA,NA,NA,NA,NA,CB,NA,2023-10-08,20835561,2023-10-08T14:35:10Z,409.0993673241534,8275,182,349,162,7.65,11:40:00,2023-10-08T14:40:00Z,368.3
SpC_CB_100823.xlsx,2023-10-08T11:35:20Z,2023-10-08T11:35:20Z,439.70000000000005,28.740000000000002,367.5954125492031,NA,NA,NA,NA,NA,CB,NA,2023-10-08,20835561,2023-10-08T14:35:20Z,409.0993673241534,8275,182,349,162,7.65,11:40:00,2023-10-08T14:40:00Z,368.3
SpC_CB_100823.xlsx,2023-10-08T11:35:30Z,2023-10-08T11:35:30Z,439.3,28.740000000000002,367.25761623473466,NA,NA,NA,NA,NA,CB,NA,2023-10-08,20835561,2023-10-08T14:35:30Z,408.7272050614068,8275,182,349,162,7.65,11:40:00,2023-10-08T14:40:00Z,368.3
SpC_CB_100823.xlsx,2023-10-08T11:35:40Z,2023-10-08T11:35:40Z,439.70000000000005,28.740000000000002,367.58862504885224,NA,NA,NA,NA,NA,CB,NA,2023-10-08,20835561,2023-10-08T14:35:40Z,409.0993673241534,8275,182,349,162,7.65,11:40:00,2023-10-08T14:40:00Z,368.3
SpC_CB_100823.xlsx,2023-10-08T11:35:50Z,2023-10-08T11:35:50Z,439.3,28.740000000000002,367.25083490904865,NA,NA,NA,NA,NA,CB,NA,2023-10-08,20835561,2023-10-08T14:35:50Z,408.7272050614068,8275,182,349,162,7.65,11:40:00,2023-10-08T14:40:00Z,368.3
SpC_CB_100823.xlsx,2023-10-08T11:36:00Z,2023-10-08T11:36:00Z,439.3,28.740000000000002,367.24744424620565,NA,NA,NA,NA,NA,CB,NA,2023-10-08,20835561,2023-10-08T14:36:00Z,408.7272050614068,8275,182,349,162,7.65,11:40:00,2023-10-08T14:40:00Z,368.3
SpC_CB_100823.xlsx,2023-10-08T11:36:10Z,2023-10-08T11:36:10Z,439.70000000000005,28.740000000000002,367.57844379832585,NA,NA,NA,NA,NA,CB,NA,2023-10-08,20835561,2023-10-08T14:36:10Z,409.0993673241534,8275,182,349,162,7.65,11:40:00,2023-10-08T14:40:00Z,368.3
SpC_CB_100823.xlsx,2023-10-08T11:36:20Z,2023-10-08T11:36:20Z,439.70000000000005,28.740000000000002,367.5750500481504,NA,NA,NA,NA,NA,CB,NA,2023-10-08,20835561,2023-10-08T14:36:20Z,409.0993673241534,8275,182,349,162,7.65,11:40:00,2023-10-08T14:40:00Z,368.3
SpC_CB_100823.xlsx,2023-10-08T11:36:30Z,2023-10-08T11:36:30Z,439.3,28.75,367.16894904423333,NA,NA,NA,NA,NA,CB,NA,2023-10-08,20835561,2023-10-08T14:36:30Z,408.6511627906977,8275,182,349,162,7.65,11:40:00,2023-10-08T14:40:00Z,368.3
SpC_CB_100823.xlsx,2023-10-08T11:36:40Z,2023-10-08T11:36:40Z,439.70000000000005,28.75,367.49987775476734,NA,NA,NA,NA,NA,CB,NA,2023-10-08,20835561,2023-10-08T14:36:40Z,409.02325581395354,8275,182,349,162,7.65,11:40:00,2023-10-08T14:40:00Z,368.3
SpC_CB_100823.xlsx,2023-10-08T11:36:50Z,2023-10-08T11:36:50Z,439.3,28.75,367.1621689801893,NA,NA,NA,NA,NA,CB,NA,2023-10-08,20835561,2023-10-08T14:36:50Z,408.6511627906977,8275,182,349,162,7.65,11:40:00,2023-10-08T14:40:00Z,368.3
SpC_CB_100823.xlsx,2023-10-08T11:37:00Z,2023-10-08T11:37:00Z,439.70000000000005,28.75,367.49309151720723,NA,NA,NA,NA,NA,CB,NA,2023-10-08,20835561,2023-10-08T14:37:00Z,409.02325581395354,8275,182,349,162,7.65,11:40:00,2023-10-08T14:40:00Z,368.3
SpC_CB_100823.xlsx,2023-10-08T11:37:10Z,2023-10-08T11:37:10Z,439.3,28.75,367.15538891614517,NA,NA,NA,NA,NA,CB,NA,2023-10-08,20835561,2023-10-08T14:37:10Z,408.6511627906977,8275,182,349,162,7.65,11:40:00,2023-10-08T14:40:00Z,368.3
SpC_CB_100823.xlsx,2023-10-08T11:37:20Z,2023-10-08T11:37:20Z,439.70000000000005,28.75,367.4863052796471,NA,NA,NA,NA,NA,CB,NA,2023-10-08,20835561,2023-10-08T14:37:20Z,409.02325581395354,8275,182,349,162,7.65,11:40:00,2023-10-08T14:40:00Z,368.3
SpC_CB_100823.xlsx,2023-10-08T11:37:30Z,2023-10-08T11:37:30Z,439.70000000000005,28.75,367.48291216086704,NA,NA,NA,NA,NA,CB,NA,2023-10-08,20835561,2023-10-08T14:37:30Z,409.02325581395354,8275,182,349,162,7.65,11:40:00,2023-10-08T14:40:00Z,368.3
SpC_CB_100823.xlsx,2023-10-08T11:37:40Z,2023-10-08T11:37:40Z,439.3,28.75,367.14521882007915,NA,NA,NA,NA,NA,CB,NA,2023-10-08,20835561,2023-10-08T14:37:40Z,408.6511627906977,8275,182,349,162,7.65,11:40:00,2023-10-08T14:40:00Z,368.3
SpC_CB_100823.xlsx,2023-10-08T11:37:50Z,2023-10-08T11:37:50Z,438.90000000000003,28.740000000000002,366.8757876132935,NA,NA,NA,NA,NA,CB,NA,2023-10-08,20835561,2023-10-08T14:37:50Z,408.35504279866024,8275,182,349,162,7.65,11:40:00,2023-10-08T14:40:00Z,368.3
SpC_CB_100823.xlsx,2023-10-08T11:38:00Z,2023-10-08T11:38:00Z,438.90000000000003,28.740000000000002,366.87240003778294,NA,NA,NA,NA,NA,CB,NA,2023-10-08,20835561,2023-10-08T14:38:00Z,408.35504279866024,8275,182,349,162,7.65,11:40:00,2023-10-08T14:40:00Z,368.3
SpC_CB_100823.xlsx,2023-10-08T11:38:10Z,2023-10-08T11:38:10Z,438.90000000000003,28.740000000000002,366.8690124622724,NA,NA,NA,NA,NA,CB,NA,2023-10-08,20835561,2023-10-08T14:38:10Z,408.35504279866024,8275,182,349,162,7.65,11:40:00,2023-10-08T14:40:00Z,368.3
SpC_CB_100823.xlsx,2023-10-08T11:38:20Z,2023-10-08T11:38:20Z,438.90000000000003,28.740000000000002,366.86562488676174,NA,NA,NA,NA,NA,CB,NA,2023-10-08,20835561,2023-10-08T14:38:20Z,408.35504279866024,8275,182,349,162,7.65,11:40:00,2023-10-08T14:40:00Z,368.3
SpC_CB_100823.xlsx,2023-10-08T11:38:30Z,2023-10-08T11:38:30Z,438.90000000000003,28.75,366.79398387175144,NA,NA,NA,NA,NA,CB,NA,2023-10-08,20835561,2023-10-08T14:38:30Z,408.2790697674419,8275,182,349,162,7.65,11:40:00,2023-10-08T14:40:00Z,368.3
SpC_CB_100823.xlsx,2023-10-08T11:38:40Z,2023-10-08T11:38:40Z,438.90000000000003,28.75,366.79059692648747,NA,NA,NA,NA,NA,CB,NA,2023-10-08,20835561,2023-10-08T14:38:40Z,408.2790697674419,8275,182,349,162,7.65,11:40:00,2023-10-08T14:40:00Z,368.3
SpC_CB_100823.xlsx,2023-10-08T11:38:50Z,2023-10-08T11:38:50Z,438.90000000000003,28.740000000000002,366.85546216023,NA,NA,NA,NA,NA,CB,NA,2023-10-08,20835561,2023-10-08T14:38:50Z,408.35504279866024,8275,182,349,162,7.65,11:40:00,2023-10-08T14:40:00Z,368.3
SpC_CB_100823.xlsx,2023-10-08T11:39:00Z,2023-10-08T11:39:00Z,438.90000000000003,28.740000000000002,366.85207458471945,NA,NA,NA,NA,NA,CB,NA,2023-10-08,20835561,2023-10-08T14:39:00Z,408.35504279866024,8275,182,349,162,7.65,11:40:00,2023-10-08T14:40:00Z,368.3
SpC_CB_100823.xlsx,2023-10-08T11:39:10Z,2023-10-08T11:39:10Z,438.90000000000003,28.740000000000002,366.84868700920885,NA,NA,NA,NA,NA,CB,NA,2023-10-08,20835561,2023-10-08T14:39:10Z,408.35504279866024,8275,182,349,162,7.65,11:40:00,2023-10-08T14:40:00Z,368.3
SpC_CB_100823.xlsx,2023-10-08T11:39:20Z,2023-10-08T11:39:20Z,438.90000000000003,28.740000000000002,366.84529943369824,NA,NA,NA,NA,NA,CB,NA,2023-10-08,20835561,2023-10-08T14:39:20Z,408.35504279866024,8275,182,349,162,7.65,11:40:00,2023-10-08T14:40:00Z,368.3
SpC_CB_100823.xlsx,2023-10-08T11:39:30Z,2023-10-08T11:39:30Z,438.90000000000003,28.740000000000002,366.84191185818764,NA,NA,NA,NA,NA,CB,NA,2023-10-08,20835561,2023-10-08T14:39:30Z,408.35504279866024,8275,182,349,162,7.65,11:40:00,2023-10-08T14:40:00Z,368.3
SpC_CB_100823.xlsx,2023-10-08T11:39:40Z,2023-10-08T11:39:40Z,438.90000000000003,28.740000000000002,366.8385242826771,NA,NA,NA,NA,NA,CB,NA,2023-10-08,20835561,2023-10-08T14:39:40Z,408.35504279866024,8275,182,349,162,7.65,11:40:00,2023-10-08T14:40:00Z,368.3
SpC_CB_100823.xlsx,2023-10-08T11:39:50Z,2023-10-08T11:39:50Z,438.90000000000003,28.740000000000002,366.8351367071665,NA,NA,NA,NA,NA,CB,NA,2023-10-08,20835561,2023-10-08T14:39:50Z,408.35504279866024,8275,182,349,162,7.65,11:40:00,2023-10-08T14:40:00Z,368.3
SpC_CB_100823.xlsx,2023-10-08T11:40:00Z,2023-10-08T11:40:00Z,438.90000000000003,28.740000000000002,366.8317491316559,NA,NA,NA,NA,NA,CB,NA,2023-10-08,20835561,2023-10-08T14:40:00Z,408.35504279866024,8275,182,349,162,7.65,11:40:00,2023-10-08T14:40:00Z,368.3
SpC_CB_100823.xlsx,2023-10-08T11:40:10Z,2023-10-08T11:40:10Z,438.90000000000003,28.740000000000002,366.82836155614535,NA,NA,NA,NA,NA,CB,NA,2023-10-08,20835561,2023-10-08T14:40:10Z,408.35504279866024,8275,182,349,162,7.65,11:40:00,2023-10-08T14:40:00Z,368.3
SpC_CB_100823.xlsx,2023-10-08T11:40:20Z,2023-10-08T11:40:20Z,438.90000000000003,28.75,366.75672747384766,NA,NA,NA,NA,NA,CB,NA,2023-10-08,20835561,2023-10-08T14:40:20Z,408.2790697674419,8275,182,349,162,7.65,11:40:00,2023-10-08T14:40:00Z,368.3
SpC_CB_100823.xlsx,2023-10-08T11:40:30Z,2023-10-08T11:40:30Z,438.90000000000003,28.740000000000002,366.82158640512415,NA,NA,NA,NA,NA,CB,NA,2023-10-08,20835561,2023-10-08T14:40:30Z,408.35504279866024,8275,182,349,162,7.65,11:40:00,2023-10-08T14:40:00Z,368.3
SpC_CB_100823.xlsx,2023-10-08T11:40:40Z,2023-10-08T11:40:40Z,438.90000000000003,28.740000000000002,366.8181988296136,NA,NA,NA,NA,NA,CB,NA,2023-10-08,20835561,2023-10-08T14:40:40Z,408.35504279866024,8275,182,349,162,7.65,11:40:00,2023-10-08T14:40:00Z,368.3
SpC_CB_100823.xlsx,2023-10-08T11:40:50Z,2023-10-08T11:40:50Z,438.90000000000003,28.75,366.74656663805575,NA,NA,NA,NA,NA,CB,NA,2023-10-08,20835561,2023-10-08T14:40:50Z,408.2790697674419,8275,182,349,162,7.65,11:40:00,2023-10-08T14:40:00Z,368.3
SpC_CB_100823.xlsx,2023-10-08T11:41:00Z,2023-10-08T11:41:00Z,438.90000000000003,28.740000000000002,366.8114236785924,NA,NA,NA,NA,NA,CB,NA,2023-10-08,20835561,2023-10-08T14:41:00Z,408.35504279866024,8275,182,349,162,7.65,11:40:00,2023-10-08T14:40:00Z,368.3
SpC_CB_100823.xlsx,2023-10-08T11:41:10Z,2023-10-08T11:41:10Z,438.5,28.740000000000002,366.4737385080915,NA,NA,NA,NA,NA,CB,NA,2023-10-08,20835561,2023-10-08T14:41:10Z,407.9828805359137,8275,182,349,162,7.65,11:40:00,2023-10-08T14:40:00Z,368.3
SpC_CB_100823.xlsx,2023-10-08T11:41:20Z,2023-10-08T11:41:20Z,438.90000000000003,28.740000000000002,366.8046485275712,NA,NA,NA,NA,NA,CB,NA,2023-10-08,20835561,2023-10-08T14:41:20Z,408.35504279866024,8275,182,349,162,7.65,11:40:00,2023-10-08T14:40:00Z,368.3
SpC_CB_100823.xlsx,2023-10-08T11:41:30Z,2023-10-08T11:41:30Z,438.90000000000003,28.740000000000002,366.80126095206066,NA,NA,NA,NA,NA,CB,NA,2023-10-08,20835561,2023-10-08T14:41:30Z,408.35504279866024,8275,182,349,162,7.65,11:40:00,2023-10-08T14:40:00Z,368.3
SpC_CB_100823.xlsx,2023-10-08T11:41:40Z,2023-10-08T11:41:40Z,438.90000000000003,28.740000000000002,366.79787337655006,NA,NA,NA,NA,NA,CB,NA,2023-10-08,20835561,2023-10-08T14:41:40Z,408.35504279866024,8275,182,349,162,7.65,11:40:00,2023-10-08T14:40:00Z,368.3
SpC_CB_100823.xlsx,2023-10-08T11:41:50Z,2023-10-08T11:41:50Z,438.90000000000003,28.740000000000002,366.79448580103946,NA,NA,NA,NA,NA,CB,NA,2023-10-08,20835561,2023-10-08T14:41:50Z,408.35504279866024,8275,182,349,162,7.65,11:40:00,2023-10-08T14:40:00Z,368.3
SpC_CB_100823.xlsx,2023-10-08T11:42:00Z,2023-10-08T11:42:00Z,438.90000000000003,28.740000000000002,366.79109822552886,NA,NA,NA,NA,NA,CB,NA,2023-10-08,20835561,2023-10-08T14:42:00Z,408.35504279866024,8275,182,349,162,7.65,11:40:00,2023-10-08T14:40:00Z,368.3
SpC_CB_100823.xlsx,2023-10-08T11:42:10Z,2023-10-08T11:42:10Z,438.90000000000003,28.740000000000002,366.7877106500183,NA,NA,NA,NA,NA,CB,NA,2023-10-08,20835561,2023-10-08T14:42:10Z,408.35504279866024,8275,182,349,162,7.65,11:40:00,2023-10-08T14:40:00Z,368.3
SpC_CB_100823.xlsx,2023-10-08T11:42:20Z,2023-10-08T11:42:20Z,438.5,28.740000000000002,366.45004709084446,NA,NA,NA,NA,NA,CB,NA,2023-10-08,20835561,2023-10-08T14:42:20Z,407.9828805359137,8275,182,349,162,7.65,11:40:00,2023-10-08T14:40:00Z,368.3
SpC_CB_100823.xlsx,2023-10-08T11:42:30Z,2023-10-08T11:42:30Z,438.5,28.73,366.5148641032437,NA,NA,NA,NA,NA,CB,NA,2023-10-08,20835561,2023-10-08T14:42:30Z,408.0588125814256,8275,182,349,162,7.65,11:40:00,2023-10-08T14:40:00Z,368.3
SpC_CB_100823.xlsx,2023-10-08T11:42:40Z,2023-10-08T11:42:40Z,441.3,28.73,368.851803138314,NA,NA,NA,NA,NA,CB,NA,2023-10-08,20835561,2023-10-08T14:42:40Z,410.66443327749863,8275,182,349,162,7.65,11:40:00,2023-10-08T14:40:00Z,368.3
SpC_CB_100823.xlsx,2023-10-08T11:42:50Z,2023-10-08T11:42:50Z,440.90000000000003,28.73,368.51406747090766,NA,NA,NA,NA,NA,CB,NA,2023-10-08,20835561,2023-10-08T14:42:50Z,410.2922017494882,8275,182,349,162,7.65,11:40:00,2023-10-08T14:40:00Z,368.3
SpC_CB_100823.xlsx,2023-10-08T11:43:00Z,2023-10-08T11:43:00Z,441.3,28.73,368.844989671446,NA,NA,NA,NA,NA,CB,NA,2023-10-08,20835561,2023-10-08T14:43:00Z,410.66443327749863,8275,182,349,162,7.65,11:40:00,2023-10-08T14:40:00Z,368.3
SpC_CB_100823.xlsx,2023-10-08T11:43:10Z,2023-10-08T11:43:10Z,440.90000000000003,28.73,368.5072601798538,NA,NA,NA,NA,NA,CB,NA,2023-10-08,20835561,2023-10-08T14:43:10Z,410.2922017494882,8275,182,349,162,7.65,11:40:00,2023-10-08T14:40:00Z,368.3
SpC_CB_100823.xlsx,2023-10-08T11:43:20Z,2023-10-08T11:43:20Z,440.90000000000003,28.73,368.5038565343268,NA,NA,NA,NA,NA,CB,NA,2023-10-08,20835561,2023-10-08T14:43:20Z,410.2922017494882,8275,182,349,162,7.65,11:40:00,2023-10-08T14:40:00Z,368.3
SpC_CB_100823.xlsx,2023-10-08T11:43:30Z,2023-10-08T11:43:30Z,441.3,28.73,368.834769471144,NA,NA,NA,NA,NA,CB,NA,2023-10-08,20835561,2023-10-08T14:43:30Z,410.66443327749863,8275,182,349,162,7.65,11:40:00,2023-10-08T14:40:00Z,368.3
SpC_CB_100823.xlsx,2023-10-08T11:43:40Z,2023-10-08T11:43:40Z,440.90000000000003,28.73,368.4970492432729,NA,NA,NA,NA,NA,CB,NA,2023-10-08,20835561,2023-10-08T14:43:40Z,410.2922017494882,8275,182,349,162,7.65,11:40:00,2023-10-08T14:40:00Z,368.3
SpC_CB_100823.xlsx,2023-10-08T11:43:50Z,2023-10-08T11:43:50Z,441.3,28.73,368.827956004276,NA,NA,NA,NA,NA,CB,NA,2023-10-08,20835561,2023-10-08T14:43:50Z,410.66443327749863,8275,182,349,162,7.65,11:40:00,2023-10-08T14:40:00Z,368.3
SpC_CB_100823.xlsx,2023-10-08T11:44:00Z,2023-10-08T11:44:00Z,441.3,28.73,368.82454927084206,NA,NA,NA,NA,NA,CB,NA,2023-10-08,20835561,2023-10-08T14:44:00Z,410.66443327749863,8275,182,349,162,7.65,11:40:00,2023-10-08T14:40:00Z,368.3
SpC_CB_100823.xlsx,2023-10-08T11:44:10Z,2023-10-08T11:44:10Z,441.3,28.73,368.82114253740804,NA,NA,NA,NA,NA,CB,NA,2023-10-08,20835561,2023-10-08T14:44:10Z,410.66443327749863,8275,182,349,162,7.65,11:40:00,2023-10-08T14:40:00Z,368.3
SpC_CB_100823.xlsx,2023-10-08T11:44:20Z,2023-10-08T11:44:20Z,440.90000000000003,28.73,368.4834346611651,NA,NA,NA,NA,NA,CB,NA,2023-10-08,20835561,2023-10-08T14:44:20Z,410.2922017494882,8275,182,349,162,7.65,11:40:00,2023-10-08T14:40:00Z,368.3
SpC_CB_100823.xlsx,2023-10-08T11:44:30Z,2023-10-08T11:44:30Z,440.90000000000003,28.73,368.48003101563813,NA,NA,NA,NA,NA,CB,NA,2023-10-08,20835561,2023-10-08T14:44:30Z,410.2922017494882,8275,182,349,162,7.65,11:40:00,2023-10-08T14:40:00Z,368.3
SpC_CB_100823.xlsx,2023-10-08T11:44:40Z,2023-10-08T11:44:40Z,440.90000000000003,28.73,368.4766273701112,NA,NA,NA,NA,NA,CB,NA,2023-10-08,20835561,2023-10-08T14:44:40Z,410.2922017494882,8275,182,349,162,7.65,11:40:00,2023-10-08T14:40:00Z,368.3
SpC_CB_100823.xlsx,2023-10-08T11:44:50Z,2023-10-08T11:44:50Z,441.3,28.73,368.80751560367213,NA,NA,NA,NA,NA,CB,NA,2023-10-08,20835561,2023-10-08T14:44:50Z,410.66443327749863,8275,182,349,162,7.65,11:40:00,2023-10-08T14:40:00Z,368.3
SpC_CB_100823.xlsx,2023-10-08T11:45:00Z,2023-10-08T11:45:00Z,440.90000000000003,28.73,368.4698200790573,NA,NA,NA,NA,NA,CB,NA,2023-10-08,20835561,2023-10-08T14:45:00Z,410.2922017494882,8275,182,349,162,7.65,11:40:00,2023-10-08T14:40:00Z,368.3
SpC_CB_100823.xlsx,2023-10-08T11:45:10Z,2023-10-08T11:45:10Z,417.20000000000005,28.73,348.65998851455856,NA,NA,NA,NA,NA,CB,NA,2023-10-08,20835561,2023-10-08T14:45:10Z,388.2374837148707,8275,182,349,162,7.65,11:40:00,2023-10-08T14:40:00Z,368.3
SpC_CB_100823.xlsx,2023-10-08T11:45:20Z,2023-10-08T11:45:20Z,422,28.73,352.6681592119243,NA,NA,NA,NA,NA,CB,NA,2023-10-08,20835561,2023-10-08T14:45:20Z,392.70426205099574,8275,182,349,162,7.65,11:40:00,2023-10-08T14:40:00Z,368.3
SpC_CB_100823.xlsx,2023-10-08T11:45:30Z,2023-10-08T11:45:30Z,431.40000000000003,28.73,360.5204703653081,NA,NA,NA,NA,NA,CB,NA,2023-10-08,20835561,2023-10-08T14:45:30Z,401.45170295924066,8275,182,349,162,7.65,11:40:00,2023-10-08T14:40:00Z,368.3
SpC_CB_100823.xlsx,2023-10-08T11:45:40Z,2023-10-08T11:45:40Z,401.1,28.73,335.19569976145715,NA,NA,NA,NA,NA,CB,NA,2023-10-08,20835561,2023-10-08T14:45:40Z,373.2551647124512,8275,182,349,162,7.65,11:40:00,2023-10-08T14:40:00Z,368.3
SpC_CB_100823.xlsx,2023-10-08T11:45:50Z,2023-10-08T11:45:50Z,440.1,28.73,367.7842551481312,NA,NA,NA,NA,NA,CB,NA,2023-10-08,20835561,2023-10-08T14:45:50Z,409.54773869346735,8275,182,349,162,7.65,11:40:00,2023-10-08T14:40:00Z,368.3
SpC_CB_100823.xlsx,2023-10-08T11:46:00Z,2023-10-08T11:46:00Z,440.90000000000003,28.73,368.4493982058956,NA,NA,NA,NA,NA,CB,NA,2023-10-08,20835561,2023-10-08T14:46:00Z,410.2922017494882,8275,182,349,162,7.65,11:40:00,2023-10-08T14:40:00Z,368.3
SpC_CB_100823.xlsx,2023-10-08T11:46:10Z,2023-10-08T11:46:10Z,440.90000000000003,28.73,368.4459945603686,NA,NA,NA,NA,NA,CB,NA,2023-10-08,20835561,2023-10-08T14:46:10Z,410.2922017494882,8275,182,349,162,7.65,11:40:00,2023-10-08T14:40:00Z,368.3
SpC_CB_100823.xlsx,2023-10-08T11:46:20Z,2023-10-08T11:46:20Z,440.90000000000003,28.73,368.4425909148417,NA,NA,NA,NA,NA,CB,NA,2023-10-08,20835561,2023-10-08T14:46:20Z,410.2922017494882,8275,182,349,162,7.65,11:40:00,2023-10-08T14:40:00Z,368.3
SpC_CB_100823.xlsx,2023-10-08T11:46:30Z,2023-10-08T11:46:30Z,440.90000000000003,28.73,368.43918726931474,NA,NA,NA,NA,NA,CB,NA,2023-10-08,20835561,2023-10-08T14:46:30Z,410.2922017494882,8275,182,349,162,7.65,11:40:00,2023-10-08T14:40:00Z,368.3
SpC_CB_100823.xlsx,2023-10-08T11:46:40Z,2023-10-08T11:46:40Z,440.5,28.73,368.10152571167725,NA,NA,NA,NA,NA,CB,NA,2023-10-08,20835561,2023-10-08T14:46:40Z,409.91997022147774,8275,182,349,162,7.65,11:40:00,2023-10-08T14:40:00Z,368.3
SpC_CB_100823.xlsx,2023-10-08T11:46:50Z,2023-10-08T11:46:50Z,440.90000000000003,28.73,368.4323799782608,NA,NA,NA,NA,NA,CB,NA,2023-10-08,20835561,2023-10-08T14:46:50Z,410.2922017494882,8275,182,349,162,7.65,11:40:00,2023-10-08T14:40:00Z,368.3
SpC_CB_100823.xlsx,2023-10-08T11:47:00Z,2023-10-08T11:47:00Z,440.90000000000003,28.72,368.49755953756124,NA,NA,NA,NA,NA,CB,NA,2023-10-08,20835561,2023-10-08T14:47:00Z,410.3685778108712,8275,182,349,162,7.65,11:40:00,2023-10-08T14:40:00Z,368.3
SpC_CB_100823.xlsx,2023-10-08T11:47:10Z,2023-10-08T11:47:10Z,440.5,28.72,368.1598443895321,NA,NA,NA,NA,NA,CB,NA,2023-10-08,20835561,2023-10-08T14:47:10Z,409.9962769918094,8275,182,349,162,7.65,11:40:00,2023-10-08T14:40:00Z,368.3
SpC_CB_100823.xlsx,2023-10-08T11:47:20Z,2023-10-08T11:47:20Z,440.90000000000003,28.73,368.42216904168,NA,NA,NA,NA,NA,CB,NA,2023-10-08,20835561,2023-10-08T14:47:20Z,410.2922017494882,8275,182,349,162,7.65,11:40:00,2023-10-08T14:40:00Z,368.3
SpC_CB_100823.xlsx,2023-10-08T11:47:30Z,2023-10-08T11:47:30Z,440.5,28.72,368.1530420082619,NA,NA,NA,NA,NA,CB,NA,2023-10-08,20835561,2023-10-08T14:47:30Z,409.9962769918094,8275,182,349,162,7.65,11:40:00,2023-10-08T14:40:00Z,368.3
SpC_CB_100823.xlsx,2023-10-08T11:47:40Z,2023-10-08T11:47:40Z,440.5,28.73,368.0811223659577,NA,NA,NA,NA,NA,CB,NA,2023-10-08,20835561,2023-10-08T14:47:40Z,409.91997022147774,8275,182,349,162,7.65,11:40:00,2023-10-08T14:40:00Z,368.3
SpC_CB_100823.xlsx,2023-10-08T11:47:50Z,2023-10-08T11:47:50Z,440.90000000000003,28.73,368.4119581050991,NA,NA,NA,NA,NA,CB,NA,2023-10-08,20835561,2023-10-08T14:47:50Z,410.2922017494882,8275,182,349,162,7.65,11:40:00,2023-10-08T14:40:00Z,368.3
SpC_CB_100823.xlsx,2023-10-08T11:48:00Z,2023-10-08T11:48:00Z,440.90000000000003,28.73,368.40855445957214,NA,NA,NA,NA,NA,CB,NA,2023-10-08,20835561,2023-10-08T14:48:00Z,410.2922017494882,8275,182,349,162,7.65,11:40:00,2023-10-08T14:40:00Z,368.3
SpC_CB_100823.xlsx,2023-10-08T11:48:10Z,2023-10-08T11:48:10Z,440.5,28.73,368.07092069309795,NA,NA,NA,NA,NA,CB,NA,2023-10-08,20835561,2023-10-08T14:48:10Z,409.91997022147774,8275,182,349,162,7.65,11:40:00,2023-10-08T14:40:00Z,368.3
SpC_CB_100823.xlsx,2023-10-08T11:48:20Z,2023-10-08T11:48:20Z,440.90000000000003,28.73,368.4017471685182,NA,NA,NA,NA,NA,CB,NA,2023-10-08,20835561,2023-10-08T14:48:20Z,410.2922017494882,8275,182,349,162,7.65,11:40:00,2023-10-08T14:40:00Z,368.3
SpC_CB_100823.xlsx,2023-10-08T11:48:30Z,2023-10-08T11:48:30Z,440.90000000000003,28.72,368.4669210255086,NA,NA,NA,NA,NA,CB,NA,2023-10-08,20835561,2023-10-08T14:48:30Z,410.3685778108712,8275,182,349,162,7.65,11:40:00,2023-10-08T14:40:00Z,368.3
SpC_CB_100823.xlsx,2023-10-08T11:48:40Z,2023-10-08T11:48:40Z,440.5,28.73,368.06071902023814,NA,NA,NA,NA,NA,CB,NA,2023-10-08,20835561,2023-10-08T14:48:40Z,409.91997022147774,8275,182,349,162,7.65,11:40:00,2023-10-08T14:40:00Z,368.3
SpC_CB_100823.xlsx,2023-10-08T11:48:50Z,2023-10-08T11:48:50Z,440.90000000000003,28.73,368.3915362319373,NA,NA,NA,NA,NA,CB,NA,2023-10-08,20835561,2023-10-08T14:48:50Z,410.2922017494882,8275,182,349,162,7.65,11:40:00,2023-10-08T14:40:00Z,368.3
SpC_CB_100823.xlsx,2023-10-08T11:49:00Z,2023-10-08T11:49:00Z,440.5,28.73,368.05391790499834,NA,NA,NA,NA,NA,CB,NA,2023-10-08,20835561,2023-10-08T14:49:00Z,409.91997022147774,8275,182,349,162,7.65,11:40:00,2023-10-08T14:40:00Z,368.3
SpC_CB_100823.xlsx,2023-10-08T11:49:10Z,2023-10-08T11:49:10Z,440.90000000000003,28.73,368.3847289408834,NA,NA,NA,NA,NA,CB,NA,2023-10-08,20835561,2023-10-08T14:49:10Z,410.2922017494882,8275,182,349,162,7.65,11:40:00,2023-10-08T14:40:00Z,368.3
SpC_CB_100823.xlsx,2023-10-08T11:49:20Z,2023-10-08T11:49:20Z,440.90000000000003,28.73,368.3813252953565,NA,NA,NA,NA,NA,CB,NA,2023-10-08,20835561,2023-10-08T14:49:20Z,410.2922017494882,8275,182,349,162,7.65,11:40:00,2023-10-08T14:40:00Z,368.3
SpC_CB_100823.xlsx,2023-10-08T11:49:30Z,2023-10-08T11:49:30Z,440.5,28.73,368.04371623213854,NA,NA,NA,NA,NA,CB,NA,2023-10-08,20835561,2023-10-08T14:49:30Z,409.91997022147774,8275,182,349,162,7.65,11:40:00,2023-10-08T14:40:00Z,368.3
SpC_CB_100823.xlsx,2023-10-08T11:49:40Z,2023-10-08T11:49:40Z,440.5,28.73,368.04031567451864,NA,NA,NA,NA,NA,CB,NA,2023-10-08,20835561,2023-10-08T14:49:40Z,409.91997022147774,8275,182,349,162,7.65,11:40:00,2023-10-08T14:40:00Z,368.3
SpC_CB_100823.xlsx,2023-10-08T11:49:50Z,2023-10-08T11:49:50Z,440.5,28.73,368.03691511689874,NA,NA,NA,NA,NA,CB,NA,2023-10-08,20835561,2023-10-08T14:49:50Z,409.91997022147774,8275,182,349,162,7.65,11:40:00,2023-10-08T14:40:00Z,368.3
SpC_CB_100823.xlsx,2023-10-08T11:50:00Z,2023-10-08T11:50:00Z,440.5,28.73,368.0335145592788,NA,NA,NA,NA,NA,CB,NA,2023-10-08,20835561,2023-10-08T14:50:00Z,409.91997022147774,8275,182,349,162,7.65,11:40:00,2023-10-08T14:40:00Z,368.3
SpC_CB_100823.xlsx,2023-10-08T11:50:10Z,2023-10-08T11:50:10Z,440.90000000000003,28.73,368.3643070677217,NA,NA,NA,NA,NA,CB,NA,2023-10-08,20835561,2023-10-08T14:50:10Z,410.2922017494882,8275,182,349,162,7.65,11:40:00,2023-10-08T14:40:00Z,368.3
SpC_CB_100823.xlsx,2023-10-08T11:50:20Z,2023-10-08T11:50:20Z,440.90000000000003,28.73,368.3609034221947,NA,NA,NA,NA,NA,CB,NA,2023-10-08,20835561,2023-10-08T14:50:20Z,410.2922017494882,8275,182,349,162,7.65,11:40:00,2023-10-08T14:40:00Z,368.3
SpC_CB_100823.xlsx,2023-10-08T11:50:30Z,2023-10-08T11:50:30Z,441.3,28.73,368.69168666691655,NA,NA,NA,NA,NA,CB,NA,2023-10-08,20835561,2023-10-08T14:50:30Z,410.66443327749863,8275,182,349,162,7.65,11:40:00,2023-10-08T14:40:00Z,368.3
SpC_CB_100823.xlsx,2023-10-08T11:50:40Z,2023-10-08T11:50:40Z,440.90000000000003,28.740000000000002,368.2855523841869,NA,NA,NA,NA,NA,CB,NA,2023-10-08,20835561,2023-10-08T14:50:40Z,410.21585411239306,8275,182,349,162,7.65,11:40:00,2023-10-08T14:40:00Z,368.3
SpC_CB_100823.xlsx,2023-10-08T11:50:50Z,2023-10-08T11:50:50Z,440.90000000000003,28.740000000000002,368.2821493720141,NA,NA,NA,NA,NA,CB,NA,2023-10-08,20835561,2023-10-08T14:50:50Z,410.21585411239306,8275,182,349,162,7.65,11:40:00,2023-10-08T14:40:00Z,368.3
SpC_CB_100823.xlsx,2023-10-08T11:51:00Z,2023-10-08T11:51:00Z,441.3,28.73,368.6814664666146,NA,NA,NA,NA,NA,CB,NA,2023-10-08,20835561,2023-10-08T14:51:00Z,410.66443327749863,8275,182,349,162,7.65,11:40:00,2023-10-08T14:40:00Z,368.3
SpC_CB_100823.xlsx,2023-10-08T11:51:10Z,2023-10-08T11:51:10Z,440.90000000000003,28.73,368.34388519455996,NA,NA,NA,NA,NA,CB,NA,2023-10-08,20835561,2023-10-08T14:51:10Z,410.2922017494882,8275,182,349,162,7.65,11:40:00,2023-10-08T14:40:00Z,368.3
SpC_CB_100823.xlsx,2023-10-08T11:51:20Z,2023-10-08T11:51:20Z,440.90000000000003,28.73,368.34048154903303,NA,NA,NA,NA,NA,CB,NA,2023-10-08,20835561,2023-10-08T14:51:20Z,410.2922017494882,8275,182,349,162,7.65,11:40:00,2023-10-08T14:40:00Z,368.3
SpC_CB_100823.xlsx,2023-10-08T11:51:30Z,2023-10-08T11:51:30Z,440.90000000000003,28.73,368.3370779035061,NA,NA,NA,NA,NA,CB,NA,2023-10-08,20835561,2023-10-08T14:51:30Z,410.2922017494882,8275,182,349,162,7.65,11:40:00,2023-10-08T14:40:00Z,368.3
SpC_CB_100823.xlsx,2023-10-08T11:51:40Z,2023-10-08T11:51:40Z,440.90000000000003,28.740000000000002,368.26513431115035,NA,NA,NA,NA,NA,CB,NA,2023-10-08,20835561,2023-10-08T14:51:40Z,410.21585411239306,8275,182,349,162,7.65,11:40:00,2023-10-08T14:40:00Z,368.3
SpC_CB_100823.xlsx,2023-10-08T11:51:50Z,2023-10-08T11:51:50Z,440.90000000000003,28.73,368.3302706124522,NA,NA,NA,NA,NA,CB,NA,2023-10-08,20835561,2023-10-08T14:51:50Z,410.2922017494882,8275,182,349,162,7.65,11:40:00,2023-10-08T14:40:00Z,368.3
SpC_CB_100823.xlsx,2023-10-08T11:52:00Z,2023-10-08T11:52:00Z,440.90000000000003,28.740000000000002,368.25832828680484,NA,NA,NA,NA,NA,CB,NA,2023-10-08,20835561,2023-10-08T14:52:00Z,410.21585411239306,8275,182,349,162,7.65,11:40:00,2023-10-08T14:40:00Z,368.3
SpC_CB_100823.xlsx,2023-10-08T11:52:10Z,2023-10-08T11:52:10Z,440.90000000000003,28.740000000000002,368.2549252746321,NA,NA,NA,NA,NA,CB,NA,2023-10-08,20835561,2023-10-08T14:52:10Z,410.21585411239306,8275,182,349,162,7.65,11:40:00,2023-10-08T14:40:00Z,368.3
SpC_CB_100823.xlsx,2023-10-08T11:52:20Z,2023-10-08T11:52:20Z,441.3,28.740000000000002,368.5856130061767,NA,NA,NA,NA,NA,CB,NA,2023-10-08,20835561,2023-10-08T14:52:20Z,410.5880163751396,8275,182,349,162,7.65,11:40:00,2023-10-08T14:40:00Z,368.3
SpC_CB_100823.xlsx,2023-10-08T11:52:30Z,2023-10-08T11:52:30Z,441.3,28.740000000000002,368.58220690667156,NA,NA,NA,NA,NA,CB,NA,2023-10-08,20835561,2023-10-08T14:52:30Z,410.5880163751396,8275,182,349,162,7.65,11:40:00,2023-10-08T14:40:00Z,368.3
SpC_CB_100823.xlsx,2023-10-08T11:52:40Z,2023-10-08T11:52:40Z,441.3,28.740000000000002,368.5788008071664,NA,NA,NA,NA,NA,CB,NA,2023-10-08,20835561,2023-10-08T14:52:40Z,410.5880163751396,8275,182,349,162,7.65,11:40:00,2023-10-08T14:40:00Z,368.3
SpC_CB_100823.xlsx,2023-10-08T11:52:50Z,2023-10-08T11:52:50Z,440.90000000000003,28.740000000000002,368.24131322594116,NA,NA,NA,NA,NA,CB,NA,2023-10-08,20835561,2023-10-08T14:52:50Z,410.21585411239306,8275,182,349,162,7.65,11:40:00,2023-10-08T14:40:00Z,368.3
SpC_CB_100823.xlsx,2023-10-08T11:53:00Z,2023-10-08T11:53:00Z,440.90000000000003,28.73,368.3064450937635,NA,NA,NA,NA,NA,CB,NA,2023-10-08,20835561,2023-10-08T14:53:00Z,410.2922017494882,8275,182,349,162,7.65,11:40:00,2023-10-08T14:40:00Z,368.3
SpC_CB_100823.xlsx,2023-10-08T11:53:10Z,2023-10-08T11:53:10Z,441.3,28.740000000000002,368.5685825086509,NA,NA,NA,NA,NA,CB,NA,2023-10-08,20835561,2023-10-08T14:53:10Z,410.5880163751396,8275,182,349,162,7.65,11:40:00,2023-10-08T14:40:00Z,368.3
SpC_CB_100823.xlsx,2023-10-08T11:53:20Z,2023-10-08T11:53:20Z,441.3,28.740000000000002,368.5651764091457,NA,NA,NA,NA,NA,CB,NA,2023-10-08,20835561,2023-10-08T14:53:20Z,410.5880163751396,8275,182,349,162,7.65,11:40:00,2023-10-08T14:40:00Z,368.3
SpC_CB_100823.xlsx,2023-10-08T11:53:30Z,2023-10-08T11:53:30Z,440.90000000000003,28.740000000000002,368.2277011772502,NA,NA,NA,NA,NA,CB,NA,2023-10-08,20835561,2023-10-08T14:53:30Z,410.21585411239306,8275,182,349,162,7.65,11:40:00,2023-10-08T14:40:00Z,368.3
SpC_CB_100823.xlsx,2023-10-08T11:53:40Z,2023-10-08T11:53:40Z,440.90000000000003,28.740000000000002,368.2242981650774,NA,NA,NA,NA,NA,CB,NA,2023-10-08,20835561,2023-10-08T14:53:40Z,410.21585411239306,8275,182,349,162,7.65,11:40:00,2023-10-08T14:40:00Z,368.3
SpC_CB_100823.xlsx,2023-10-08T11:53:50Z,2023-10-08T11:53:50Z,441.3,28.740000000000002,368.55495811063014,NA,NA,NA,NA,NA,CB,NA,2023-10-08,20835561,2023-10-08T14:53:50Z,410.5880163751396,8275,182,349,162,7.65,11:40:00,2023-10-08T14:40:00Z,368.3
SpC_CB_100823.xlsx,2023-10-08T11:54:00Z,2023-10-08T11:54:00Z,441.3,28.740000000000002,368.55155201112495,NA,NA,NA,NA,NA,CB,NA,2023-10-08,20835561,2023-10-08T14:54:00Z,410.5880163751396,8275,182,349,162,7.65,11:40:00,2023-10-08T14:40:00Z,368.3
SpC_CB_100823.xlsx,2023-10-08T11:54:10Z,2023-10-08T11:54:10Z,441.3,28.740000000000002,368.5481459116198,NA,NA,NA,NA,NA,CB,NA,2023-10-08,20835561,2023-10-08T14:54:10Z,410.5880163751396,8275,182,349,162,7.65,11:40:00,2023-10-08T14:40:00Z,368.3
SpC_CB_100823.xlsx,2023-10-08T11:54:20Z,2023-10-08T11:54:20Z,441.3,28.740000000000002,368.54473981211464,NA,NA,NA,NA,NA,CB,NA,2023-10-08,20835561,2023-10-08T14:54:20Z,410.5880163751396,8275,182,349,162,7.65,11:40:00,2023-10-08T14:40:00Z,368.3
SpC_CB_100823.xlsx,2023-10-08T11:54:30Z,2023-10-08T11:54:30Z,441.3,28.740000000000002,368.54133371260946,NA,NA,NA,NA,NA,CB,NA,2023-10-08,20835561,2023-10-08T14:54:30Z,410.5880163751396,8275,182,349,162,7.65,11:40:00,2023-10-08T14:40:00Z,368.3
SpC_CB_100823.xlsx,2023-10-08T11:54:40Z,2023-10-08T11:54:40Z,441.3,28.75,368.4693624172693,NA,NA,NA,NA,NA,CB,NA,2023-10-08,20835561,2023-10-08T14:54:40Z,410.5116279069768,8275,182,349,162,7.65,11:40:00,2023-10-08T14:40:00Z,368.3
SpC_CB_100823.xlsx,2023-10-08T11:54:50Z,2023-10-08T11:54:50Z,441.3,28.75,368.4659569514571,NA,NA,NA,NA,NA,CB,NA,2023-10-08,20835561,2023-10-08T14:54:50Z,410.5116279069768,8275,182,349,162,7.65,11:40:00,2023-10-08T14:40:00Z,368.3
SpC_CB_100823.xlsx,2023-10-08T11:55:00Z,2023-10-08T11:55:00Z,441.3,28.740000000000002,368.5311154140939,NA,NA,NA,NA,NA,CB,NA,2023-10-08,20835561,2023-10-08T14:55:00Z,410.5880163751396,8275,182,349,162,7.65,11:40:00,2023-10-08T14:40:00Z,368.3
SpC_CB_100823.xlsx,2023-10-08T11:55:10Z,2023-10-08T11:55:10Z,440.90000000000003,28.740000000000002,368.19367105552277,NA,NA,NA,NA,NA,CB,NA,2023-10-08,20835561,2023-10-08T14:55:10Z,410.21585411239306,8275,182,349,162,7.65,11:40:00,2023-10-08T14:40:00Z,368.3
SpC_CB_100823.xlsx,2023-10-08T11:55:20Z,2023-10-08T11:55:20Z,441.3,28.740000000000002,368.5243032150836,NA,NA,NA,NA,NA,CB,NA,2023-10-08,20835561,2023-10-08T14:55:20Z,410.5880163751396,8275,182,349,162,7.65,11:40:00,2023-10-08T14:40:00Z,368.3
SpC_CB_100823.xlsx,2023-10-08T11:55:30Z,2023-10-08T11:55:30Z,441.3,28.740000000000002,368.5208971155784,NA,NA,NA,NA,NA,CB,NA,2023-10-08,20835561,2023-10-08T14:55:30Z,410.5880163751396,8275,182,349,162,7.65,11:40:00,2023-10-08T14:40:00Z,368.3
SpC_CB_100823.xlsx,2023-10-08T11:55:40Z,2023-10-08T11:55:40Z,441.3,28.75,368.4489296223958,NA,NA,NA,NA,NA,CB,NA,2023-10-08,20835561,2023-10-08T14:55:40Z,410.5116279069768,8275,182,349,162,7.65,11:40:00,2023-10-08T14:40:00Z,368.3
SpC_CB_100823.xlsx,2023-10-08T11:55:50Z,2023-10-08T11:55:50Z,441.3,28.75,368.4455241565836,NA,NA,NA,NA,NA,CB,NA,2023-10-08,20835561,2023-10-08T14:55:50Z,410.5116279069768,8275,182,349,162,7.65,11:40:00,2023-10-08T14:40:00Z,368.3
SpC_CB_100823.xlsx,2023-10-08T11:56:00Z,2023-10-08T11:56:00Z,441.3,28.740000000000002,368.5106788170629,NA,NA,NA,NA,NA,CB,NA,2023-10-08,20835561,2023-10-08T14:56:00Z,410.5880163751396,8275,182,349,162,7.65,11:40:00,2023-10-08T14:40:00Z,368.3
SpC_CB_100823.xlsx,2023-10-08T11:56:10Z,2023-10-08T11:56:10Z,441.3,28.75,368.4387132249591,NA,NA,NA,NA,NA,CB,NA,2023-10-08,20835561,2023-10-08T14:56:10Z,410.5116279069768,8275,182,349,162,7.65,11:40:00,2023-10-08T14:40:00Z,368.3
SpC_CB_100823.xlsx,2023-10-08T11:56:20Z,2023-10-08T11:56:20Z,441.3,28.75,368.43530775914684,NA,NA,NA,NA,NA,CB,NA,2023-10-08,20835561,2023-10-08T14:56:20Z,410.5116279069768,8275,182,349,162,7.65,11:40:00,2023-10-08T14:40:00Z,368.3
SpC_CB_100823.xlsx,2023-10-08T11:56:30Z,2023-10-08T11:56:30Z,441.3,28.740000000000002,368.50046051854736,NA,NA,NA,NA,NA,CB,NA,2023-10-08,20835561,2023-10-08T14:56:30Z,410.5880163751396,8275,182,349,162,7.65,11:40:00,2023-10-08T14:40:00Z,368.3
SpC_CB_100823.xlsx,2023-10-08T11:56:40Z,2023-10-08T11:56:40Z,441.3,28.740000000000002,368.4970544190422,NA,NA,NA,NA,NA,CB,NA,2023-10-08,20835561,2023-10-08T14:56:40Z,410.5880163751396,8275,182,349,162,7.65,11:40:00,2023-10-08T14:40:00Z,368.3
SpC_CB_100823.xlsx,2023-10-08T11:56:50Z,2023-10-08T11:56:50Z,441.3,28.740000000000002,368.493648319537,NA,NA,NA,NA,NA,CB,NA,2023-10-08,20835561,2023-10-08T14:56:50Z,410.5880163751396,8275,182,349,162,7.65,11:40:00,2023-10-08T14:40:00Z,368.3
SpC_CB_100823.xlsx,2023-10-08T11:57:00Z,2023-10-08T11:57:00Z,441.3,28.740000000000002,368.4902422200318,NA,NA,NA,NA,NA,CB,NA,2023-10-08,20835561,2023-10-08T14:57:00Z,410.5880163751396,8275,182,349,162,7.65,11:40:00,2023-10-08T14:40:00Z,368.3
SpC_CB_100823.xlsx,2023-10-08T11:57:10Z,2023-10-08T11:57:10Z,441.3,28.75,368.41828043008564,NA,NA,NA,NA,NA,CB,NA,2023-10-08,20835561,2023-10-08T14:57:10Z,410.5116279069768,8275,182,349,162,7.65,11:40:00,2023-10-08T14:40:00Z,368.3
SpC_CB_100823.xlsx,2023-10-08T11:57:20Z,2023-10-08T11:57:20Z,441.3,28.740000000000002,368.48343002102143,NA,NA,NA,NA,NA,CB,NA,2023-10-08,20835561,2023-10-08T14:57:20Z,410.5880163751396,8275,182,349,162,7.65,11:40:00,2023-10-08T14:40:00Z,368.3
SpC_CB_100823.xlsx,2023-10-08T11:57:30Z,2023-10-08T11:57:30Z,441.3,28.740000000000002,368.4800239215163,NA,NA,NA,NA,NA,CB,NA,2023-10-08,20835561,2023-10-08T14:57:30Z,410.5880163751396,8275,182,349,162,7.65,11:40:00,2023-10-08T14:40:00Z,368.3
SpC_CB_100823.xlsx,2023-10-08T11:57:40Z,2023-10-08T11:57:40Z,441.3,28.75,368.4080640326489,NA,NA,NA,NA,NA,CB,NA,2023-10-08,20835561,2023-10-08T14:57:40Z,410.5116279069768,8275,182,349,162,7.65,11:40:00,2023-10-08T14:40:00Z,368.3
SpC_CB_100823.xlsx,2023-10-08T11:57:50Z,2023-10-08T11:57:50Z,440.90000000000003,28.75,368.07073184255216,NA,NA,NA,NA,NA,CB,NA,2023-10-08,20835561,2023-10-08T14:57:50Z,410.13953488372096,8275,182,349,162,7.65,11:40:00,2023-10-08T14:40:00Z,368.3
SpC_CB_100823.xlsx,2023-10-08T11:58:00Z,2023-10-08T11:58:00Z,441.3,28.740000000000002,368.46980562300075,NA,NA,NA,NA,NA,CB,NA,2023-10-08,20835561,2023-10-08T14:58:00Z,410.5880163751396,8275,182,349,162,7.65,11:40:00,2023-10-08T14:40:00Z,368.3
SpC_CB_100823.xlsx,2023-10-08T11:58:10Z,2023-10-08T11:58:10Z,441.3,28.75,368.3978476352122,NA,NA,NA,NA,NA,CB,NA,2023-10-08,20835561,2023-10-08T14:58:10Z,410.5116279069768,8275,182,349,162,7.65,11:40:00,2023-10-08T14:40:00Z,368.3
SpC_CB_100823.xlsx,2023-10-08T11:58:20Z,2023-10-08T11:58:20Z,440.90000000000003,28.740000000000002,368.1290138242406,NA,NA,NA,NA,NA,CB,NA,2023-10-08,20835561,2023-10-08T14:58:20Z,410.21585411239306,8275,182,349,162,7.65,11:40:00,2023-10-08T14:40:00Z,368.3
SpC_CB_100823.xlsx,2023-10-08T11:58:30Z,2023-10-08T11:58:30Z,441.3,28.75,368.3910367035877,NA,NA,NA,NA,NA,CB,NA,2023-10-08,20835561,2023-10-08T14:58:30Z,410.5116279069768,8275,182,349,162,7.65,11:40:00,2023-10-08T14:40:00Z,368.3
SpC_CB_100823.xlsx,2023-10-08T11:58:40Z,2023-10-08T11:58:40Z,441.3,28.75,368.3876312377754,NA,NA,NA,NA,NA,CB,NA,2023-10-08,20835561,2023-10-08T14:58:40Z,410.5116279069768,8275,182,349,162,7.65,11:40:00,2023-10-08T14:40:00Z,368.3
SpC_CB_100823.xlsx,2023-10-08T11:58:50Z,2023-10-08T11:58:50Z,441.3,28.75,368.3842257719632,NA,NA,NA,NA,NA,CB,NA,2023-10-08,20835561,2023-10-08T14:58:50Z,410.5116279069768,8275,182,349,162,7.65,11:40:00,2023-10-08T14:40:00Z,368.3
SpC_CB_100823.xlsx,2023-10-08T11:59:00Z,2023-10-08T11:59:00Z,441.3,28.740000000000002,368.4493690259697,NA,NA,NA,NA,NA,CB,NA,2023-10-08,20835561,2023-10-08T14:59:00Z,410.5880163751396,8275,182,349,162,7.65,11:40:00,2023-10-08T14:40:00Z,368.3
SpC_CB_100823.xlsx,2023-10-08T11:59:10Z,2023-10-08T11:59:10Z,441.3,28.75,368.3774148403387,NA,NA,NA,NA,NA,CB,NA,2023-10-08,20835561,2023-10-08T14:59:10Z,410.5116279069768,8275,182,349,162,7.65,11:40:00,2023-10-08T14:40:00Z,368.3
SpC_CB_100823.xlsx,2023-10-08T11:59:20Z,2023-10-08T11:59:20Z,441.3,28.740000000000002,368.4425568269594,NA,NA,NA,NA,NA,CB,NA,2023-10-08,20835561,2023-10-08T14:59:20Z,410.5880163751396,8275,182,349,162,7.65,11:40:00,2023-10-08T14:40:00Z,368.3
SpC_CB_100823.xlsx,2023-10-08T11:59:30Z,2023-10-08T11:59:30Z,441.3,28.75,368.3706039087142,NA,NA,NA,NA,NA,CB,NA,2023-10-08,20835561,2023-10-08T14:59:30Z,410.5116279069768,8275,182,349,162,7.65,11:40:00,2023-10-08T14:40:00Z,368.3
SpC_CB_100823.xlsx,2023-10-08T11:59:40Z,2023-10-08T11:59:40Z,441.3,28.75,368.36719844290195,NA,NA,NA,NA,NA,CB,NA,2023-10-08,20835561,2023-10-08T14:59:40Z,410.5116279069768,8275,182,349,162,7.65,11:40:00,2023-10-08T14:40:00Z,368.3
SpC_CB_100823.xlsx,2023-10-08T11:59:50Z,2023-10-08T11:59:50Z,441.3,28.740000000000002,368.43233852844384,NA,NA,NA,NA,NA,CB,NA,2023-10-08,20835561,2023-10-08T14:59:50Z,410.5880163751396,8275,182,349,162,7.65,11:40:00,2023-10-08T14:40:00Z,368.3
SpC_CB_100823.xlsx,2023-10-08T12:00:00Z,2023-10-08T12:00:00Z,441.3,28.75,368.36038751127745,NA,NA,NA,NA,NA,CB,NA,2023-10-08,20835561,2023-10-08T15:00:00Z,410.5116279069768,8275,182,349,162,7.65,11:40:00,2023-10-08T14:40:00Z,368.3
SpC_CB_100823.xlsx,2023-10-08T12:00:10Z,2023-10-08T12:00:10Z,441.3,28.75,368.35698204546526,NA,NA,NA,NA,NA,CB,NA,2023-10-08,20835561,2023-10-08T15:00:10Z,410.5116279069768,8275,182,349,162,7.65,11:40:00,2023-10-08T14:40:00Z,368.3
SpC_CB_100823.xlsx,2023-10-08T12:00:20Z,2023-10-08T12:00:20Z,441.3,28.75,368.35357657965295,NA,NA,NA,NA,NA,CB,NA,2023-10-08,20835561,2023-10-08T15:00:20Z,410.5116279069768,8275,182,349,162,7.65,11:40:00,2023-10-08T14:40:00Z,368.3
SpC_CB_100823.xlsx,2023-10-08T12:00:30Z,2023-10-08T12:00:30Z,441.3,28.75,368.35017111384076,NA,NA,NA,NA,NA,CB,NA,2023-10-08,20835561,2023-10-08T15:00:30Z,410.5116279069768,8275,182,349,162,7.65,11:40:00,2023-10-08T14:40:00Z,368.3
SpC_CB_100823.xlsx,2023-10-08T12:00:40Z,2023-10-08T12:00:40Z,441.3,28.75,368.34676564802845,NA,NA,NA,NA,NA,CB,NA,2023-10-08,20835561,2023-10-08T15:00:40Z,410.5116279069768,8275,182,349,162,7.65,11:40:00,2023-10-08T14:40:00Z,368.3
SpC_CB_100823.xlsx,2023-10-08T12:00:50Z,2023-10-08T12:00:50Z,441.3,28.75,368.34336018221626,NA,NA,NA,NA,NA,CB,NA,2023-10-08,20835561,2023-10-08T15:00:50Z,410.5116279069768,8275,182,349,162,7.65,11:40:00,2023-10-08T14:40:00Z,368.3
SpC_CB_100823.xlsx,2023-10-08T12:01:00Z,2023-10-08T12:01:00Z,440.90000000000003,28.75,368.00608664052237,NA,NA,NA,NA,NA,CB,NA,2023-10-08,20835561,2023-10-08T15:01:00Z,410.13953488372096,8275,182,349,162,7.65,11:40:00,2023-10-08T14:40:00Z,368.3
SpC_CB_100823.xlsx,2023-10-08T12:01:10Z,2023-10-08T12:01:10Z,441.3,28.740000000000002,368.4050897324024,NA,NA,NA,NA,NA,CB,NA,2023-10-08,20835561,2023-10-08T15:01:10Z,410.5880163751396,8275,182,349,162,7.65,11:40:00,2023-10-08T14:40:00Z,368.3
SpC_CB_100823.xlsx,2023-10-08T12:01:20Z,2023-10-08T12:01:20Z,440.90000000000003,28.75,367.999281882414,NA,NA,NA,NA,NA,CB,NA,2023-10-08,20835561,2023-10-08T15:01:20Z,410.13953488372096,8275,182,349,162,7.65,11:40:00,2023-10-08T14:40:00Z,368.3
SpC_CB_100823.xlsx,2023-10-08T12:01:30Z,2023-10-08T12:01:30Z,441.3,28.75,368.3297383189673,NA,NA,NA,NA,NA,CB,NA,2023-10-08,20835561,2023-10-08T15:01:30Z,410.5116279069768,8275,182,349,162,7.65,11:40:00,2023-10-08T14:40:00Z,368.3
SpC_CB_100823.xlsx,2023-10-08T12:01:40Z,2023-10-08T12:01:40Z,441.3,28.740000000000002,368.3948714338869,NA,NA,NA,NA,NA,CB,NA,2023-10-08,20835561,2023-10-08T15:01:40Z,410.5880163751396,8275,182,349,162,7.65,11:40:00,2023-10-08T14:40:00Z,368.3
SpC_CB_100823.xlsx,2023-10-08T12:01:50Z,2023-10-08T12:01:50Z,440.90000000000003,28.75,367.9890747452514,NA,NA,NA,NA,NA,CB,NA,2023-10-08,20835561,2023-10-08T15:01:50Z,410.13953488372096,8275,182,349,162,7.65,11:40:00,2023-10-08T14:40:00Z,368.3
SpC_CB_100823.xlsx,2023-10-08T12:02:00Z,2023-10-08T12:02:00Z,440.90000000000003,28.75,367.98567236619715,NA,NA,NA,NA,NA,CB,NA,2023-10-08,20835561,2023-10-08T15:02:00Z,410.13953488372096,8275,182,349,162,7.65,11:40:00,2023-10-08T14:40:00Z,368.3
SpC_CB_100823.xlsx,2023-10-08T12:02:10Z,2023-10-08T12:02:10Z,441.3,28.75,368.3161164557183,NA,NA,NA,NA,NA,CB,NA,2023-10-08,20835561,2023-10-08T15:02:10Z,410.5116279069768,8275,182,349,162,7.65,11:40:00,2023-10-08T14:40:00Z,368.3
SpC_CB_100823.xlsx,2023-10-08T12:02:20Z,2023-10-08T12:02:20Z,441.3,28.75,368.312710989906,NA,NA,NA,NA,NA,CB,NA,2023-10-08,20835561,2023-10-08T15:02:20Z,410.5116279069768,8275,182,349,162,7.65,11:40:00,2023-10-08T14:40:00Z,368.3
SpC_CB_100823.xlsx,2023-10-08T12:02:30Z,2023-10-08T12:02:30Z,441.3,28.740000000000002,368.37784093636105,NA,NA,NA,NA,NA,CB,NA,2023-10-08,20835561,2023-10-08T15:02:30Z,410.5880163751396,8275,182,349,162,7.65,11:40:00,2023-10-08T14:40:00Z,368.3
SpC_CB_100823.xlsx,2023-10-08T12:02:40Z,2023-10-08T12:02:40Z,441.3,28.75,368.30590005828157,NA,NA,NA,NA,NA,CB,NA,2023-10-08,20835561,2023-10-08T15:02:40Z,410.5116279069768,8275,182,349,162,7.65,11:40:00,2023-10-08T14:40:00Z,368.3
SpC_CB_100823.xlsx,2023-10-08T12:02:50Z,2023-10-08T12:02:50Z,441.3,28.75,368.3024945924693,NA,NA,NA,NA,NA,CB,NA,2023-10-08,20835561,2023-10-08T15:02:50Z,410.5116279069768,8275,182,349,162,7.65,11:40:00,2023-10-08T14:40:00Z,368.3
SpC_CB_100823.xlsx,2023-10-08T12:03:00Z,2023-10-08T12:03:00Z,441.3,28.75,368.29908912665707,NA,NA,NA,NA,NA,CB,NA,2023-10-08,20835561,2023-10-08T15:03:00Z,410.5116279069768,8275,182,349,162,7.65,11:40:00,2023-10-08T14:40:00Z,368.3
SpC_CB_100823.xlsx,2023-10-08T12:03:10Z,2023-10-08T12:03:10Z,441.3,28.740000000000002,368.3642165383404,NA,NA,NA,NA,NA,CB,NA,2023-10-08,20835561,2023-10-08T15:03:10Z,410.5880163751396,8275,182,349,162,7.65,11:40:00,2023-10-08T14:40:00Z,368.3
SpC_CB_100823.xlsx,2023-10-08T12:03:20Z,2023-10-08T12:03:20Z,441.3,28.75,368.29227819503257,NA,NA,NA,NA,NA,CB,NA,2023-10-08,20835561,2023-10-08T15:03:20Z,410.5116279069768,8275,182,349,162,7.65,11:40:00,2023-10-08T14:40:00Z,368.3
SpC_CB_100823.xlsx,2023-10-08T12:03:30Z,2023-10-08T12:03:30Z,441.3,28.75,368.2888727292204,NA,NA,NA,NA,NA,CB,NA,2023-10-08,20835561,2023-10-08T15:03:30Z,410.5116279069768,8275,182,349,162,7.65,11:40:00,2023-10-08T14:40:00Z,368.3
SpC_CB_100823.xlsx,2023-10-08T12:03:40Z,2023-10-08T12:03:40Z,441.3,28.75,368.28546726340807,NA,NA,NA,NA,NA,CB,NA,2023-10-08,20835561,2023-10-08T15:03:40Z,410.5116279069768,8275,182,349,162,7.65,11:40:00,2023-10-08T14:40:00Z,368.3
SpC_CB_100823.xlsx,2023-10-08T12:03:50Z,2023-10-08T12:03:50Z,441.3,28.75,368.2820617975959,NA,NA,NA,NA,NA,CB,NA,2023-10-08,20835561,2023-10-08T15:03:50Z,410.5116279069768,8275,182,349,162,7.65,11:40:00,2023-10-08T14:40:00Z,368.3
SpC_CB_100823.xlsx,2023-10-08T12:04:00Z,2023-10-08T12:04:00Z,441.3,28.75,368.2786563317836,NA,NA,NA,NA,NA,CB,NA,2023-10-08,20835561,2023-10-08T15:04:00Z,410.5116279069768,8275,182,349,162,7.65,11:40:00,2023-10-08T14:40:00Z,368.3
SpC_CB_100823.xlsx,2023-10-08T12:04:10Z,2023-10-08T12:04:10Z,441.3,28.75,368.2752508659714,NA,NA,NA,NA,NA,CB,NA,2023-10-08,20835561,2023-10-08T15:04:10Z,410.5116279069768,8275,182,349,162,7.65,11:40:00,2023-10-08T14:40:00Z,368.3
SpC_CB_100823.xlsx,2023-10-08T12:04:20Z,2023-10-08T12:04:20Z,441.3,28.75,368.2718454001591,NA,NA,NA,NA,NA,CB,NA,2023-10-08,20835561,2023-10-08T15:04:20Z,410.5116279069768,8275,182,349,162,7.65,11:40:00,2023-10-08T14:40:00Z,368.3
SpC_CB_100823.xlsx,2023-10-08T12:04:30Z,2023-10-08T12:04:30Z,441.3,28.75,368.2684399343469,NA,NA,NA,NA,NA,CB,NA,2023-10-08,20835561,2023-10-08T15:04:30Z,410.5116279069768,8275,182,349,162,7.65,11:40:00,2023-10-08T14:40:00Z,368.3
SpC_CB_100823.xlsx,2023-10-08T12:04:40Z,2023-10-08T12:04:40Z,441.3,28.75,368.2650344685346,NA,NA,NA,NA,NA,CB,NA,2023-10-08,20835561,2023-10-08T15:04:40Z,410.5116279069768,8275,182,349,162,7.65,11:40:00,2023-10-08T14:40:00Z,368.3
SpC_CB_100823.xlsx,2023-10-08T12:04:50Z,2023-10-08T12:04:50Z,441.3,28.75,368.26162900272243,NA,NA,NA,NA,NA,CB,NA,2023-10-08,20835561,2023-10-08T15:04:50Z,410.5116279069768,8275,182,349,162,7.65,11:40:00,2023-10-08T14:40:00Z,368.3
SpC_CB_100823.xlsx,2023-10-08T12:05:00Z,2023-10-08T12:05:00Z,441.3,28.76,368.1897231233058,NA,NA,NA,NA,NA,CB,NA,2023-10-08,20835561,2023-10-08T15:05:00Z,410.4352678571429,8275,182,349,162,7.65,11:40:00,2023-10-08T14:40:00Z,368.3
SpC_CB_100823.xlsx,2023-10-08T12:05:10Z,2023-10-08T12:05:10Z,441.3,28.75,368.25481807109793,NA,NA,NA,NA,NA,CB,NA,2023-10-08,20835561,2023-10-08T15:05:10Z,410.5116279069768,8275,182,349,162,7.65,11:40:00,2023-10-08T14:40:00Z,368.3
SpC_CB_100823.xlsx,2023-10-08T12:05:20Z,2023-10-08T12:05:20Z,441.3,28.76,368.18291345859564,NA,NA,NA,NA,NA,CB,NA,2023-10-08,20835561,2023-10-08T15:05:20Z,410.4352678571429,8275,182,349,162,7.65,11:40:00,2023-10-08T14:40:00Z,368.3
SpC_CB_100823.xlsx,2023-10-08T12:05:30Z,2023-10-08T12:05:30Z,441.3,28.75,368.24800713947343,NA,NA,NA,NA,NA,CB,NA,2023-10-08,20835561,2023-10-08T15:05:30Z,410.5116279069768,8275,182,349,162,7.65,11:40:00,2023-10-08T14:40:00Z,368.3
SpC_CB_100823.xlsx,2023-10-08T12:05:40Z,2023-10-08T12:05:40Z,441.3,28.76,368.17610379388555,NA,NA,NA,NA,NA,CB,NA,2023-10-08,20835561,2023-10-08T15:05:40Z,410.4352678571429,8275,182,349,162,7.65,11:40:00,2023-10-08T14:40:00Z,368.3
SpC_CB_100823.xlsx,2023-10-08T12:05:50Z,2023-10-08T12:05:50Z,441.3,28.76,368.1726989615305,NA,NA,NA,NA,NA,CB,NA,2023-10-08,20835561,2023-10-08T15:05:50Z,410.4352678571429,8275,182,349,162,7.65,11:40:00,2023-10-08T14:40:00Z,368.3
SpC_CB_100823.xlsx,2023-10-08T12:06:00Z,2023-10-08T12:06:00Z,441.3,28.76,368.16929412917546,NA,NA,NA,NA,NA,CB,NA,2023-10-08,20835561,2023-10-08T15:06:00Z,410.4352678571429,8275,182,349,162,7.65,11:40:00,2023-10-08T14:40:00Z,368.3
SpC_CB_100823.xlsx,2023-10-08T12:06:10Z,2023-10-08T12:06:10Z,441.3,28.76,368.16588929682035,NA,NA,NA,NA,NA,CB,NA,2023-10-08,20835561,2023-10-08T15:06:10Z,410.4352678571429,8275,182,349,162,7.65,11:40:00,2023-10-08T14:40:00Z,368.3
SpC_CB_100823.xlsx,2023-10-08T12:06:20Z,2023-10-08T12:06:20Z,441.3,28.76,368.1624844644653,NA,NA,NA,NA,NA,CB,NA,2023-10-08,20835561,2023-10-08T15:06:20Z,410.4352678571429,8275,182,349,162,7.65,11:40:00,2023-10-08T14:40:00Z,368.3
SpC_CB_100823.xlsx,2023-10-08T12:06:30Z,2023-10-08T12:06:30Z,441.3,28.76,368.15907963211026,NA,NA,NA,NA,NA,CB,NA,2023-10-08,20835561,2023-10-08T15:06:30Z,410.4352678571429,8275,182,349,162,7.65,11:40:00,2023-10-08T14:40:00Z,368.3
SpC_CB_100823.xlsx,2023-10-08T12:06:40Z,2023-10-08T12:06:40Z,441.3,28.76,368.15567479975516,NA,NA,NA,NA,NA,CB,NA,2023-10-08,20835561,2023-10-08T15:06:40Z,410.4352678571429,8275,182,349,162,7.65,11:40:00,2023-10-08T14:40:00Z,368.3
SpC_CB_100823.xlsx,2023-10-08T12:06:50Z,2023-10-08T12:06:50Z,441.3,28.76,368.1522699674001,NA,NA,NA,NA,NA,CB,NA,2023-10-08,20835561,2023-10-08T15:06:50Z,410.4352678571429,8275,182,349,162,7.65,11:40:00,2023-10-08T14:40:00Z,368.3
SpC_CB_100823.xlsx,2023-10-08T12:07:00Z,2023-10-08T12:07:00Z,441.3,28.75,368.2173579471632,NA,NA,NA,NA,NA,CB,NA,2023-10-08,20835561,2023-10-08T15:07:00Z,410.5116279069768,8275,182,349,162,7.65,11:40:00,2023-10-08T14:40:00Z,368.3
SpC_CB_100823.xlsx,2023-10-08T12:07:10Z,2023-10-08T12:07:10Z,441.3,28.76,368.14546030268997,NA,NA,NA,NA,NA,CB,NA,2023-10-08,20835561,2023-10-08T15:07:10Z,410.4352678571429,8275,182,349,162,7.65,11:40:00,2023-10-08T14:40:00Z,368.3
SpC_CB_100823.xlsx,2023-10-08T12:07:20Z,2023-10-08T12:07:20Z,441.3,28.76,368.1420554703349,NA,NA,NA,NA,NA,CB,NA,2023-10-08,20835561,2023-10-08T15:07:20Z,410.4352678571429,8275,182,349,162,7.65,11:40:00,2023-10-08T14:40:00Z,368.3
SpC_CB_100823.xlsx,2023-10-08T12:07:30Z,2023-10-08T12:07:30Z,441.70000000000005,28.76,368.47233624925383,NA,NA,NA,NA,NA,CB,NA,2023-10-08,20835561,2023-10-08T15:07:30Z,410.80729166666674,8275,182,349,162,7.65,11:40:00,2023-10-08T14:40:00Z,368.3
SpC_CB_100823.xlsx,2023-10-08T12:07:40Z,2023-10-08T12:07:40Z,441.70000000000005,28.76,368.46892833071496,NA,NA,NA,NA,NA,CB,NA,2023-10-08,20835561,2023-10-08T15:07:40Z,410.80729166666674,8275,182,349,162,7.65,11:40:00,2023-10-08T14:40:00Z,368.3
SpC_CB_100823.xlsx,2023-10-08T12:07:50Z,2023-10-08T12:07:50Z,442.1,28.76,368.79919985108216,NA,NA,NA,NA,NA,CB,NA,2023-10-08,20835561,2023-10-08T15:07:50Z,411.17931547619054,8275,182,349,162,7.65,11:40:00,2023-10-08T14:40:00Z,368.3
SpC_CB_100823.xlsx,2023-10-08T12:08:00Z,2023-10-08T12:08:00Z,442.5,28.76,369.1294651990817,NA,NA,NA,NA,NA,CB,NA,2023-10-08,20835561,2023-10-08T15:08:00Z,411.55133928571433,8275,182,349,162,7.65,11:40:00,2023-10-08T14:40:00Z,368.3
SpC_CB_100823.xlsx,2023-10-08T12:08:10Z,2023-10-08T12:08:10Z,442.5,28.76,369.12605110817503,NA,NA,NA,NA,NA,CB,NA,2023-10-08,20835561,2023-10-08T15:08:10Z,411.55133928571433,8275,182,349,162,7.65,11:40:00,2023-10-08T14:40:00Z,368.3
SpC_CB_100823.xlsx,2023-10-08T12:08:20Z,2023-10-08T12:08:20Z,442.5,28.76,369.12263701726835,NA,NA,NA,NA,NA,CB,NA,2023-10-08,20835561,2023-10-08T15:08:20Z,411.55133928571433,8275,182,349,162,7.65,11:40:00,2023-10-08T14:40:00Z,368.3
SpC_CB_100823.xlsx,2023-10-08T12:08:30Z,2023-10-08T12:08:30Z,442.90000000000003,28.76,369.4528900205324,NA,NA,NA,NA,NA,CB,NA,2023-10-08,20835561,2023-10-08T15:08:30Z,411.92336309523813,8275,182,349,162,7.65,11:40:00,2023-10-08T14:40:00Z,368.3
SpC_CB_100823.xlsx,2023-10-08T12:08:40Z,2023-10-08T12:08:40Z,442.90000000000003,28.76,369.4494728434418,NA,NA,NA,NA,NA,CB,NA,2023-10-08,20835561,2023-10-08T15:08:40Z,411.92336309523813,8275,182,349,162,7.65,11:40:00,2023-10-08T14:40:00Z,368.3
SpC_CB_100823.xlsx,2023-10-08T12:08:50Z,2023-10-08T12:08:50Z,443.70000000000005,28.76,370.1133775099573,NA,NA,NA,NA,NA,CB,NA,2023-10-08,20835561,2023-10-08T15:08:50Z,412.6674107142858,8275,182,349,162,7.65,11:40:00,2023-10-08T14:40:00Z,368.3
SpC_CB_100823.xlsx,2023-10-08T12:09:00Z,2023-10-08T12:09:00Z,444.5,28.76,370.77726983173716,NA,NA,NA,NA,NA,CB,NA,2023-10-08,20835561,2023-10-08T15:09:00Z,413.41145833333337,8275,182,349,162,7.65,11:40:00,2023-10-08T14:40:00Z,368.3
SpC_CB_100823.xlsx,2023-10-08T12:09:10Z,2023-10-08T12:09:10Z,443.3,28.76,369.7728760616054,NA,NA,NA,NA,NA,CB,NA,2023-10-08,20835561,2023-10-08T15:09:10Z,412.2953869047619,8275,182,349,162,7.65,11:40:00,2023-10-08T14:40:00Z,368.3
SpC_CB_100823.xlsx,2023-10-08T12:09:20Z,2023-10-08T12:09:20Z,446.8,28.76,372.6889078517806,NA,NA,NA,NA,NA,CB,NA,2023-10-08,20835561,2023-10-08T15:09:20Z,415.5505952380953,8275,182,349,162,7.65,11:40:00,2023-10-08T14:40:00Z,368.3
SpC_CB_100823.xlsx,2023-10-08T12:09:30Z,2023-10-08T12:09:30Z,446.8,28.76,372.6854605843973,NA,NA,NA,NA,NA,CB,NA,2023-10-08,20835561,2023-10-08T15:09:30Z,415.5505952380953,8275,182,349,162,7.65,11:40:00,2023-10-08T14:40:00Z,368.3
SpC_CB_100823.xlsx,2023-10-08T12:09:40Z,2023-10-08T12:09:40Z,447.6,28.76,373.34930429878125,NA,NA,NA,NA,NA,CB,NA,2023-10-08,20835561,2023-10-08T15:09:40Z,416.2946428571429,8275,182,349,162,7.65,11:40:00,2023-10-08T14:40:00Z,368.3
SpC_CB_100823.xlsx,2023-10-08T12:09:50Z,2023-10-08T12:09:50Z,447.6,28.76,373.34585085903024,NA,NA,NA,NA,NA,CB,NA,2023-10-08,20835561,2023-10-08T15:09:50Z,416.2946428571429,8275,182,349,162,7.65,11:40:00,2023-10-08T14:40:00Z,368.3
SpC_CB_100823.xlsx,2023-10-08T12:10:00Z,2023-10-08T12:10:00Z,448.8,28.76,374.34331537482683,NA,NA,NA,NA,NA,CB,NA,2023-10-08,20835561,2023-10-08T15:10:00Z,417.41071428571433,8275,182,349,162,7.65,11:40:00,2023-10-08T14:40:00Z,368.3
SpC_CB_100823.xlsx,2023-10-08T12:10:10Z,2023-10-08T12:10:10Z,450.8,28.76,376.0080338381843,NA,NA,NA,NA,NA,CB,NA,2023-10-08,20835561,2023-10-08T15:10:10Z,419.27083333333337,8275,182,349,162,7.65,11:40:00,2023-10-08T14:40:00Z,368.3
SpC_CB_100823.xlsx,2023-10-08T12:10:20Z,2023-10-08T12:10:20Z,452.40000000000003,28.78,377.1987613734011,NA,NA,NA,NA,NA,CB,NA,2023-10-08,20835561,2023-10-08T15:10:20Z,420.60245444403125,8275,182,349,162,7.65,11:40:00,2023-10-08T14:40:00Z,368.3
SpC_CB_100823.xlsx,2023-10-08T12:10:30Z,2023-10-08T12:10:30Z,452.8,28.76,377.66922787956173,NA,NA,NA,NA,NA,CB,NA,2023-10-08,20835561,2023-10-08T15:10:30Z,421.1309523809524,8275,182,349,162,7.65,11:40:00,2023-10-08T14:40:00Z,368.3
SpC_CB_100823.xlsx,2023-10-08T12:10:40Z,2023-10-08T12:10:40Z,455.1,28.76,379.5840894186577,NA,NA,NA,NA,NA,CB,NA,2023-10-08,20835561,2023-10-08T15:10:40Z,423.27008928571433,8275,182,349,162,7.65,11:40:00,2023-10-08T14:40:00Z,368.3
SpC_CB_100823.xlsx,2023-10-08T12:10:50Z,2023-10-08T12:10:50Z,453.6,28.78,378.1887932988698,NA,NA,NA,NA,NA,CB,NA,2023-10-08,20835561,2023-10-08T15:10:50Z,421.71811082186684,8275,182,349,162,7.65,11:40:00,2023-10-08T14:40:00Z,368.3
SpC_CB_100823.xlsx,2023-10-08T12:11:00Z,2023-10-08T12:11:00Z,458.70000000000005,28.78,382.43737820962866,NA,NA,NA,NA,NA,CB,NA,2023-10-08,20835561,2023-10-08T15:11:00Z,426.4596504276683,8275,182,349,162,7.65,11:40:00,2023-10-08T14:40:00Z,368.3
SpC_CB_100823.xlsx,2023-10-08T12:11:10Z,2023-10-08T12:11:10Z,456.3,28.78,380.4328785584988,NA,NA,NA,NA,NA,CB,NA,2023-10-08,20835561,2023-10-08T15:11:10Z,424.228337671997,8275,182,349,162,7.65,11:40:00,2023-10-08T14:40:00Z,368.3
SpC_CB_100823.xlsx,2023-10-08T12:11:20Z,2023-10-08T12:11:20Z,464.20000000000005,28.76,387.1597770066354,NA,NA,NA,NA,NA,CB,NA,2023-10-08,20835561,2023-10-08T15:11:20Z,431.733630952381,8275,182,349,162,7.65,11:40:00,2023-10-08T14:40:00Z,368.3
SpC_CB_100823.xlsx,2023-10-08T12:11:30Z,2023-10-08T12:11:30Z,462.70000000000005,28.76,385.9051522045249,NA,NA,NA,NA,NA,CB,NA,2023-10-08,20835561,2023-10-08T15:11:30Z,430.33854166666674,8275,182,349,162,7.65,11:40:00,2023-10-08T14:40:00Z,368.3
SpC_CB_100823.xlsx,2023-10-08T12:11:40Z,2023-10-08T12:11:40Z,469,28.76,391.1559154539983,NA,NA,NA,NA,NA,CB,NA,2023-10-08,20835561,2023-10-08T15:11:40Z,436.1979166666667,8275,182,349,162,7.65,11:40:00,2023-10-08T14:40:00Z,368.3
SpC_CB_100823.xlsx,2023-10-08T12:11:50Z,2023-10-08T12:11:50Z,468.6,28.76,390.81869153291694,NA,NA,NA,NA,NA,CB,NA,2023-10-08,20835561,2023-10-08T15:11:50Z,435.8258928571429,8275,182,349,162,7.65,11:40:00,2023-10-08T14:40:00Z,368.3
SpC_CB_100823.xlsx,2023-10-08T12:12:00Z,2023-10-08T12:12:00Z,472.20000000000005,28.76,393.8174966272977,NA,NA,NA,NA,NA,CB,NA,2023-10-08,20835561,2023-10-08T15:12:00Z,439.1741071428572,8275,182,349,162,7.65,11:40:00,2023-10-08T14:40:00Z,368.3
SpC_CB_100823.xlsx,2023-10-08T12:12:10Z,2023-10-08T12:12:10Z,471.8,28.76,393.48025418911305,NA,NA,NA,NA,NA,CB,NA,2023-10-08,20835561,2023-10-08T15:12:10Z,438.80208333333337,8275,182,349,162,7.65,11:40:00,2023-10-08T14:40:00Z,368.3
SpC_CB_100823.xlsx,2023-10-08T12:12:20Z,2023-10-08T12:12:20Z,467,28.76,389.4734606919374,NA,NA,NA,NA,NA,CB,NA,2023-10-08,20835561,2023-10-08T15:12:20Z,434.33779761904765,8275,182,349,162,7.65,11:40:00,2023-10-08T14:40:00Z,368.3
SpC_CB_100823.xlsx,2023-10-08T12:12:30Z,2023-10-08T12:12:30Z,474.5,28.78,395.5775625334522,NA,NA,NA,NA,NA,CB,NA,2023-10-08,20835561,2023-10-08T15:12:30Z,441.1491260691707,8275,182,349,162,7.65,11:40:00,2023-10-08T14:40:00Z,368.3
SpC_CB_100823.xlsx,2023-10-08T12:12:40Z,2023-10-08T12:12:40Z,477.3,28.76,398.0561953966295,NA,NA,NA,NA,NA,CB,NA,2023-10-08,20835561,2023-10-08T15:12:40Z,443.9174107142858,8275,182,349,162,7.65,11:40:00,2023-10-08T14:40:00Z,368.3
SpC_CB_100823.xlsx,2023-10-08T12:12:50Z,2023-10-08T12:12:50Z,480.1,28.76,400.3876207814567,NA,NA,NA,NA,NA,CB,NA,2023-10-08,20835561,2023-10-08T15:12:50Z,446.5215773809524,8275,182,349,162,7.65,11:40:00,2023-10-08T14:40:00Z,368.3
SpC_CB_100823.xlsx,2023-10-08T12:13:00Z,2023-10-08T12:13:00Z,480.1,28.76,400.3839165892662,NA,NA,NA,NA,NA,CB,NA,2023-10-08,20835561,2023-10-08T15:13:00Z,446.5215773809524,8275,182,349,162,7.65,11:40:00,2023-10-08T14:40:00Z,368.3
SpC_CB_100823.xlsx,2023-10-08T12:13:10Z,2023-10-08T12:13:10Z,473.70000000000005,28.78,394.8960107824211,NA,NA,NA,NA,NA,CB,NA,2023-10-08,20835561,2023-10-08T15:13:10Z,440.4053551506136,8275,182,349,162,7.65,11:40:00,2023-10-08T14:40:00Z,368.3
SpC_CB_100823.xlsx,2023-10-08T12:13:20Z,2023-10-08T12:13:20Z,478.90000000000003,28.78,399.2272533767028,NA,NA,NA,NA,NA,CB,NA,2023-10-08,20835561,2023-10-08T15:13:20Z,445.2398661212346,8275,182,349,162,7.65,11:40:00,2023-10-08T14:40:00Z,368.3
SpC_CB_100823.xlsx,2023-10-08T12:13:30Z,2023-10-08T12:13:30Z,482.1,28.76,402.0406765559678,NA,NA,NA,NA,NA,CB,NA,2023-10-08,20835561,2023-10-08T15:13:30Z,448.3816964285715,8275,182,349,162,7.65,11:40:00,2023-10-08T14:40:00Z,368.3
SpC_CB_100823.xlsx,2023-10-08T12:13:40Z,2023-10-08T12:13:40Z,483.70000000000005,28.76,403.3712426227409,NA,NA,NA,NA,NA,CB,NA,2023-10-08,20835561,2023-10-08T15:13:40Z,449.86979166666674,8275,182,349,162,7.65,11:40:00,2023-10-08T14:40:00Z,368.3
SpC_CB_100823.xlsx,2023-10-08T12:13:50Z,2023-10-08T12:13:50Z,486,28.78,405.1348087936069,NA,NA,NA,NA,NA,CB,NA,2023-10-08,20835561,2023-10-08T15:13:50Z,451.84083302342873,8275,182,349,162,7.65,11:40:00,2023-10-08T14:40:00Z,368.3
SpC_CB_100823.xlsx,2023-10-08T12:14:00Z,2023-10-08T12:14:00Z,484.5,28.78,403.8806559670303,NA,NA,NA,NA,NA,CB,NA,2023-10-08,20835561,2023-10-08T15:14:00Z,450.4462625511342,8275,182,349,162,7.65,11:40:00,2023-10-08T14:40:00Z,368.3
SpC_CB_100823.xlsx,2023-10-08T12:14:10Z,2023-10-08T12:14:10Z,484.5,28.78,403.8769192169773,NA,NA,NA,NA,NA,CB,NA,2023-10-08,20835561,2023-10-08T15:14:10Z,450.4462625511342,8275,182,349,162,7.65,11:40:00,2023-10-08T14:40:00Z,368.3
SpC_CB_100823.xlsx,2023-10-08T12:14:20Z,2023-10-08T12:14:20Z,482.90000000000003,28.78,402.53944233906645,NA,NA,NA,NA,NA,CB,NA,2023-10-08,20835561,2023-10-08T15:14:20Z,448.95872071402005,8275,182,349,162,7.65,11:40:00,2023-10-08T14:40:00Z,368.3
SpC_CB_100823.xlsx,2023-10-08T12:14:30Z,2023-10-08T12:14:30Z,479.3,28.79,399.46055362108,NA,NA,NA,NA,NA,CB,NA,2023-10-08,20835561,2023-10-08T15:14:30Z,445.5289087190927,8275,182,349,162,7.65,11:40:00,2023-10-08T14:40:00Z,368.3
SpC_CB_100823.xlsx,2023-10-08T12:14:40Z,2023-10-08T12:14:40Z,488.8,28.78,407.4500692321582,NA,NA,NA,NA,NA,CB,NA,2023-10-08,20835561,2023-10-08T15:14:40Z,454.44403123837856,8275,182,349,162,7.65,11:40:00,2023-10-08T14:40:00Z,368.3
SpC_CB_100823.xlsx,2023-10-08T12:14:50Z,2023-10-08T12:14:50Z,495.20000000000005,28.76,412.93467614935344,NA,NA,NA,NA,NA,CB,NA,2023-10-08,20835561,2023-10-08T15:14:50Z,460.56547619047626,8275,182,349,162,7.65,11:40:00,2023-10-08T14:40:00Z,368.3
SpC_CB_100823.xlsx,2023-10-08T12:15:00Z,2023-10-08T12:15:00Z,490.40000000000003,28.78,408.7762201710537,NA,NA,NA,NA,NA,CB,NA,2023-10-08,20835561,2023-10-08T15:15:00Z,455.93157307549274,8275,182,349,162,7.65,11:40:00,2023-10-08T14:40:00Z,368.3
SpC_CB_100823.xlsx,2023-10-08T12:15:10Z,2023-10-08T12:15:10Z,494.40000000000003,28.78,412.1066339845534,NA,NA,NA,NA,NA,CB,NA,2023-10-08,20835561,2023-10-08T15:15:10Z,459.65042766827816,8275,182,349,162,7.65,11:40:00,2023-10-08T14:40:00Z,368.3
SpC_CB_100823.xlsx,2023-10-08T12:15:20Z,2023-10-08T12:15:20Z,495.20000000000005,28.78,412.7696539233502,NA,NA,NA,NA,NA,CB,NA,2023-10-08,20835561,2023-10-08T15:15:20Z,460.3941985868353,8275,182,349,162,7.65,11:40:00,2023-10-08T14:40:00Z,368.3
SpC_CB_100823.xlsx,2023-10-08T12:15:30Z,2023-10-08T12:15:30Z,497.6,28.78,414.76631526884745,NA,NA,NA,NA,NA,CB,NA,2023-10-08,20835561,2023-10-08T15:15:30Z,462.62551134250646,8275,182,349,162,7.65,11:40:00,2023-10-08T14:40:00Z,368.3
SpC_CB_100823.xlsx,2023-10-08T12:15:40Z,2023-10-08T12:15:40Z,497.90000000000003,28.78,415.01253524761637,NA,NA,NA,NA,NA,CB,NA,2023-10-08,20835561,2023-10-08T15:15:40Z,462.9044254369654,8275,182,349,162,7.65,11:40:00,2023-10-08T14:40:00Z,368.3
SpC_CB_100823.xlsx,2023-10-08T12:15:50Z,2023-10-08T12:15:50Z,494,28.78,411.7579742991219,NA,NA,NA,NA,NA,CB,NA,2023-10-08,20835561,2023-10-08T15:15:50Z,459.27854220899957,8275,182,349,162,7.65,11:40:00,2023-10-08T14:40:00Z,368.3
SpC_CB_100823.xlsx,2023-10-08T12:16:00Z,2023-10-08T12:16:00Z,496.40000000000003,28.78,413.75458936907677,NA,NA,NA,NA,NA,CB,NA,2023-10-08,20835561,2023-10-08T15:16:00Z,461.50985496467086,8275,182,349,162,7.65,11:40:00,2023-10-08T14:40:00Z,368.3
SpC_CB_100823.xlsx,2023-10-08T12:16:10Z,2023-10-08T12:16:10Z,497.6,28.78,414.7509641288977,NA,NA,NA,NA,NA,CB,NA,2023-10-08,20835561,2023-10-08T15:16:10Z,462.62551134250646,8275,182,349,162,7.65,11:40:00,2023-10-08T14:40:00Z,368.3
SpC_CB_100823.xlsx,2023-10-08T12:16:20Z,2023-10-08T12:16:20Z,500.3,28.78,416.99756292174095,NA,NA,NA,NA,NA,CB,NA,2023-10-08,20835561,2023-10-08T15:16:20Z,465.1357381926366,8275,182,349,162,7.65,11:40:00,2023-10-08T14:40:00Z,368.3
SpC_CB_100823.xlsx,2023-10-08T12:16:30Z,2023-10-08T12:16:30Z,498.3,28.78,415.3267296802879,NA,NA,NA,NA,NA,CB,NA,2023-10-08,20835561,2023-10-08T15:16:30Z,463.2763108962439,8275,182,349,162,7.65,11:40:00,2023-10-08T14:40:00Z,368.3
SpC_CB_100823.xlsx,2023-10-08T12:16:40Z,2023-10-08T12:16:40Z,494,28.78,411.73892420081205,NA,NA,NA,NA,NA,CB,NA,2023-10-08,20835561,2023-10-08T15:16:40Z,459.27854220899957,8275,182,349,162,7.65,11:40:00,2023-10-08T14:40:00Z,368.3
SpC_CB_100823.xlsx,2023-10-08T12:16:50Z,2023-10-08T12:16:50Z,499.1,28.78,415.9858208255304,NA,NA,NA,NA,NA,CB,NA,2023-10-08,20835561,2023-10-08T15:16:50Z,464.020081814801,8275,182,349,162,7.65,11:40:00,2023-10-08T14:40:00Z,368.3
SpC_CB_100823.xlsx,2023-10-08T12:17:00Z,2023-10-08T12:17:00Z,498.3,28.78,415.3152001288857,NA,NA,NA,NA,NA,CB,NA,2023-10-08,20835561,2023-10-08T15:17:00Z,463.2763108962439,8275,182,349,162,7.65,11:40:00,2023-10-08T14:40:00Z,368.3
SpC_CB_100823.xlsx,2023-10-08T12:17:10Z,2023-10-08T12:17:10Z,497.20000000000005,28.78,414.3945548326235,NA,NA,NA,NA,NA,CB,NA,2023-10-08,20835561,2023-10-08T15:17:10Z,462.253625883228,8275,182,349,162,7.65,11:40:00,2023-10-08T14:40:00Z,368.3
SpC_CB_100823.xlsx,2023-10-08T12:17:20Z,2023-10-08T12:17:20Z,496.40000000000003,28.78,413.72396113004515,NA,NA,NA,NA,NA,CB,NA,2023-10-08,20835561,2023-10-08T15:17:20Z,461.50985496467086,8275,182,349,162,7.65,11:40:00,2023-10-08T14:40:00Z,368.3
SpC_CB_100823.xlsx,2023-10-08T12:17:30Z,2023-10-08T12:17:30Z,498.3,28.78,415.3036705774835,NA,NA,NA,NA,NA,CB,NA,2023-10-08,20835561,2023-10-08T15:17:30Z,463.2763108962439,8275,182,349,162,7.65,11:40:00,2023-10-08T14:40:00Z,368.3
SpC_CB_100823.xlsx,2023-10-08T12:17:40Z,2023-10-08T12:17:40Z,498.3,28.78,415.29982739368285,NA,NA,NA,NA,NA,CB,NA,2023-10-08,20835561,2023-10-08T15:17:40Z,463.2763108962439,8275,182,349,162,7.65,11:40:00,2023-10-08T14:40:00Z,368.3
SpC_CB_100823.xlsx,2023-10-08T12:17:50Z,2023-10-08T12:17:50Z,499.1,28.78,415.9627247022921,NA,NA,NA,NA,NA,CB,NA,2023-10-08,20835561,2023-10-08T15:17:50Z,464.020081814801,8275,182,349,162,7.65,11:40:00,2023-10-08T14:40:00Z,368.3
SpC_CB_100823.xlsx,2023-10-08T12:18:00Z,2023-10-08T12:18:00Z,497.90000000000003,28.78,414.9587738649126,NA,NA,NA,NA,NA,CB,NA,2023-10-08,20835561,2023-10-08T15:18:00Z,462.9044254369654,8275,182,349,162,7.65,11:40:00,2023-10-08T14:40:00Z,368.3
SpC_CB_100823.xlsx,2023-10-08T12:18:10Z,2023-10-08T12:18:10Z,498.3,28.78,415.28829784228066,NA,NA,NA,NA,NA,CB,NA,2023-10-08,20835561,2023-10-08T15:18:10Z,463.2763108962439,8275,182,349,162,7.65,11:40:00,2023-10-08T14:40:00Z,368.3
SpC_CB_100823.xlsx,2023-10-08T12:18:20Z,2023-10-08T12:18:20Z,497.20000000000005,28.78,414.3677119329646,NA,NA,NA,NA,NA,CB,NA,2023-10-08,20835561,2023-10-08T15:18:20Z,462.253625883228,8275,182,349,162,7.65,11:40:00,2023-10-08T14:40:00Z,368.3
SpC_CB_100823.xlsx,2023-10-08T12:18:30Z,2023-10-08T12:18:30Z,496,28.78,413.3638035148322,NA,NA,NA,NA,NA,CB,NA,2023-10-08,20835561,2023-10-08T15:18:30Z,461.1379695053923,8275,182,349,162,7.65,11:40:00,2023-10-08T14:40:00Z,368.3
SpC_CB_100823.xlsx,2023-10-08T12:18:40Z,2023-10-08T12:18:40Z,494,28.78,411.6932039648685,NA,NA,NA,NA,NA,CB,NA,2023-10-08,20835561,2023-10-08T15:18:40Z,459.27854220899957,8275,182,349,162,7.65,11:40:00,2023-10-08T14:40:00Z,368.3
SpC_CB_100823.xlsx,2023-10-08T12:18:50Z,2023-10-08T12:18:50Z,495.20000000000005,28.78,412.68944915317064,NA,NA,NA,NA,NA,CB,NA,2023-10-08,20835561,2023-10-08T15:18:50Z,460.3941985868353,8275,182,349,162,7.65,11:40:00,2023-10-08T14:40:00Z,368.3
SpC_CB_100823.xlsx,2023-10-08T12:19:00Z,2023-10-08T12:19:00Z,494.8,28.78,412.35228122744826,NA,NA,NA,NA,NA,CB,NA,2023-10-08,20835561,2023-10-08T15:19:00Z,460.0223131275567,8275,182,349,162,7.65,11:40:00,2023-10-08T14:40:00Z,368.3
SpC_CB_100823.xlsx,2023-10-08T12:19:10Z,2023-10-08T12:19:10Z,495.20000000000005,28.78,412.68181060362974,NA,NA,NA,NA,NA,CB,NA,2023-10-08,20835561,2023-10-08T15:19:10Z,460.3941985868353,8275,182,349,162,7.65,11:40:00,2023-10-08T14:40:00Z,368.3
SpC_CB_100823.xlsx,2023-10-08T12:19:20Z,2023-10-08T12:19:20Z,494.40000000000003,28.76,412.16458438286185,NA,NA,NA,NA,NA,CB,NA,2023-10-08,20835561,2023-10-08T15:19:20Z,459.8214285714286,8275,182,349,162,7.65,11:40:00,2023-10-08T14:40:00Z,368.3
SpC_CB_100823.xlsx,2023-10-08T12:19:30Z,2023-10-08T12:19:30Z,494,28.78,411.67415386655864,NA,NA,NA,NA,NA,CB,NA,2023-10-08,20835561,2023-10-08T15:19:30Z,459.27854220899957,8275,182,349,162,7.65,11:40:00,2023-10-08T14:40:00Z,368.3
SpC_CB_100823.xlsx,2023-10-08T12:19:40Z,2023-10-08T12:19:40Z,493.20000000000005,28.78,411.0036712252824,NA,NA,NA,NA,NA,CB,NA,2023-10-08,20835561,2023-10-08T15:19:40Z,458.53477129044256,8275,182,349,162,7.65,11:40:00,2023-10-08T14:40:00Z,368.3
SpC_CB_100823.xlsx,2023-10-08T12:19:50Z,2023-10-08T12:19:50Z,493.20000000000005,28.78,410.99986737569276,NA,NA,NA,NA,NA,CB,NA,2023-10-08,20835561,2023-10-08T15:19:50Z,458.53477129044256,8275,182,349,162,7.65,11:40:00,2023-10-08T14:40:00Z,368.3
SpC_CB_100823.xlsx,2023-10-08T12:20:00Z,2023-10-08T12:20:00Z,492.8,28.78,410.6627333853682,NA,NA,NA,NA,NA,CB,NA,2023-10-08,20835561,2023-10-08T15:20:00Z,458.162885831164,8275,182,349,162,7.65,11:40:00,2023-10-08T14:40:00Z,368.3
SpC_CB_100823.xlsx,2023-10-08T12:20:10Z,2023-10-08T12:20:10Z,492,28.78,409.99227850941725,NA,NA,NA,NA,NA,CB,NA,2023-10-08,20835561,2023-10-08T15:20:10Z,457.41911491260686,8275,182,349,162,7.65,11:40:00,2023-10-08T14:40:00Z,368.3
SpC_CB_100823.xlsx,2023-10-08T12:20:20Z,2023-10-08T12:20:20Z,491.6,28.78,409.6551599442736,NA,NA,NA,NA,NA,CB,NA,2023-10-08,20835561,2023-10-08T15:20:20Z,457.0472294533283,8275,182,349,162,7.65,11:40:00,2023-10-08T14:40:00Z,368.3
SpC_CB_100823.xlsx,2023-10-08T12:20:30Z,2023-10-08T12:20:30Z,490.8,28.79,408.9086930650141,NA,NA,NA,NA,NA,CB,NA,2023-10-08,20835561,2023-10-08T15:20:30Z,456.2186279977691,8275,182,349,162,7.65,11:40:00,2023-10-08T14:40:00Z,368.3
SpC_CB_100823.xlsx,2023-10-08T12:20:40Z,2023-10-08T12:20:40Z,490.40000000000003,28.78,408.64762352361294,NA,NA,NA,NA,NA,CB,NA,2023-10-08,20835561,2023-10-08T15:20:40Z,455.93157307549274,8275,182,349,162,7.65,11:40:00,2023-10-08T14:40:00Z,368.3
SpC_CB_100823.xlsx,2023-10-08T12:20:50Z,2023-10-08T12:20:50Z,490.40000000000003,28.78,408.6438412692765,NA,NA,NA,NA,NA,CB,NA,2023-10-08,20835561,2023-10-08T15:20:50Z,455.93157307549274,8275,182,349,162,7.65,11:40:00,2023-10-08T14:40:00Z,368.3
SpC_CB_100823.xlsx,2023-10-08T12:21:00Z,2023-10-08T12:21:00Z,490,28.78,408.30674738442207,NA,NA,NA,NA,NA,CB,NA,2023-10-08,20835561,2023-10-08T15:21:00Z,455.55968761621415,8275,182,349,162,7.65,11:40:00,2023-10-08T14:40:00Z,368.3
SpC_CB_100823.xlsx,2023-10-08T12:21:10Z,2023-10-08T12:21:10Z,488.8,28.79,407.22732161891105,NA,NA,NA,NA,NA,CB,NA,2023-10-08,20835561,2023-10-08T15:21:10Z,454.35954638408623,8275,182,349,162,7.65,11:40:00,2023-10-08T14:40:00Z,368.3
SpC_CB_100823.xlsx,2023-10-08T12:21:20Z,2023-10-08T12:21:20Z,488.40000000000003,28.78,406.96596720403915,NA,NA,NA,NA,NA,CB,NA,2023-10-08,20835561,2023-10-08T15:21:20Z,454.0721457791,8275,182,349,162,7.65,11:40:00,2023-10-08T14:40:00Z,368.3
SpC_CB_100823.xlsx,2023-10-08T12:21:30Z,2023-10-08T12:21:30Z,488,28.78,406.628897999474,NA,NA,NA,NA,NA,CB,NA,2023-10-08,20835561,2023-10-08T15:21:30Z,453.70026031982144,8275,182,349,162,7.65,11:40:00,2023-10-08T14:40:00Z,368.3
SpC_CB_100823.xlsx,2023-10-08T12:21:40Z,2023-10-08T12:21:40Z,486.40000000000003,28.79,405.21659001501905,NA,NA,NA,NA,NA,CB,NA,2023-10-08,20835561,2023-10-08T15:21:40Z,452.1286484476668,8275,182,349,162,7.65,11:40:00,2023-10-08T14:40:00Z,368.3
SpC_CB_100823.xlsx,2023-10-08T12:21:50Z,2023-10-08T12:21:50Z,486.8,28.79,405.54607355131316,NA,NA,NA,NA,NA,CB,NA,2023-10-08,20835561,2023-10-08T15:21:50Z,452.50046477040337,8275,182,349,162,7.65,11:40:00,2023-10-08T14:40:00Z,368.3
SpC_CB_100823.xlsx,2023-10-08T12:22:00Z,2023-10-08T12:22:00Z,486.40000000000003,28.79,405.2090886019026,NA,NA,NA,NA,NA,CB,NA,2023-10-08,20835561,2023-10-08T15:22:00Z,452.1286484476668,8275,182,349,162,7.65,11:40:00,2023-10-08T14:40:00Z,368.3
SpC_CB_100823.xlsx,2023-10-08T12:22:10Z,2023-10-08T12:22:10Z,486,28.79,404.87210982141727,NA,NA,NA,NA,NA,CB,NA,2023-10-08,20835561,2023-10-08T15:22:10Z,451.75683212493027,8275,182,349,162,7.65,11:40:00,2023-10-08T14:40:00Z,368.3
SpC_CB_100823.xlsx,2023-10-08T12:22:20Z,2023-10-08T12:22:20Z,485.6,28.79,404.53513720985717,NA,NA,NA,NA,NA,CB,NA,2023-10-08,20835561,2023-10-08T15:22:20Z,451.3850158021937,8275,182,349,162,7.65,11:40:00,2023-10-08T14:40:00Z,368.3
SpC_CB_100823.xlsx,2023-10-08T12:22:30Z,2023-10-08T12:22:30Z,484.40000000000003,28.79,403.5317269572187,NA,NA,NA,NA,NA,CB,NA,2023-10-08,20835561,2023-10-08T15:22:30Z,450.269566833984,8275,182,349,162,7.65,11:40:00,2023-10-08T14:40:00Z,368.3
SpC_CB_100823.xlsx,2023-10-08T12:22:40Z,2023-10-08T12:22:40Z,483.70000000000005,28.78,403.0197834039577,NA,NA,NA,NA,NA,CB,NA,2023-10-08,20835561,2023-10-08T15:22:40Z,449.70249163257716,8275,182,349,162,7.65,11:40:00,2023-10-08T14:40:00Z,368.3
SpC_CB_100823.xlsx,2023-10-08T12:22:50Z,2023-10-08T12:22:50Z,482.90000000000003,28.79,402.27469737844143,NA,NA,NA,NA,NA,CB,NA,2023-10-08,20835561,2023-10-08T15:22:50Z,448.8752556237219,8275,182,349,162,7.65,11:40:00,2023-10-08T14:40:00Z,368.3
SpC_CB_100823.xlsx,2023-10-08T12:23:00Z,2023-10-08T12:23:00Z,482.5,28.79,401.9377610093172,NA,NA,NA,NA,NA,CB,NA,2023-10-08,20835561,2023-10-08T15:23:00Z,448.5034393009853,8275,182,349,162,7.65,11:40:00,2023-10-08T14:40:00Z,368.3
SpC_CB_100823.xlsx,2023-10-08T12:23:10Z,2023-10-08T12:23:10Z,482.1,28.79,401.6008308091183,NA,NA,NA,NA,NA,CB,NA,2023-10-08,20835561,2023-10-08T15:23:10Z,448.13162297824874,8275,182,349,162,7.65,11:40:00,2023-10-08T14:40:00Z,368.3
SpC_CB_100823.xlsx,2023-10-08T12:23:20Z,2023-10-08T12:23:20Z,482.1,28.79,401.5971132605334,NA,NA,NA,NA,NA,CB,NA,2023-10-08,20835561,2023-10-08T15:23:20Z,448.13162297824874,8275,182,349,162,7.65,11:40:00,2023-10-08T14:40:00Z,368.3
SpC_CB_100823.xlsx,2023-10-08T12:23:30Z,2023-10-08T12:23:30Z,481.70000000000005,28.79,401.26019231372237,NA,NA,NA,NA,NA,CB,NA,2023-10-08,20835561,2023-10-08T15:23:30Z,447.7598066555122,8275,182,349,162,7.65,11:40:00,2023-10-08T14:40:00Z,368.3
SpC_CB_100823.xlsx,2023-10-08T12:23:40Z,2023-10-08T12:23:40Z,480.90000000000003,28.79,400.59007722207315,NA,NA,NA,NA,NA,CB,NA,2023-10-08,20835561,2023-10-08T15:23:40Z,447.01617401003904,8275,182,349,162,7.65,11:40:00,2023-10-08T14:40:00Z,368.3
SpC_CB_100823.xlsx,2023-10-08T12:23:50Z,2023-10-08T12:23:50Z,479.3,28.79,399.2535800096729,NA,NA,NA,NA,NA,CB,NA,2023-10-08,20835561,2023-10-08T15:23:50Z,445.5289087190927,8275,182,349,162,7.65,11:40:00,2023-10-08T14:40:00Z,368.3
SpC_CB_100823.xlsx,2023-10-08T12:24:00Z,2023-10-08T12:24:00Z,480.1,28.79,399.9162723420026,NA,NA,NA,NA,NA,CB,NA,2023-10-08,20835561,2023-10-08T15:24:00Z,446.2725413645659,8275,182,349,162,7.65,11:40:00,2023-10-08T14:40:00Z,368.3
SpC_CB_100823.xlsx,2023-10-08T12:24:10Z,2023-10-08T12:24:10Z,479.3,28.79,399.2461880949798,NA,NA,NA,NA,NA,CB,NA,2023-10-08,20835561,2023-10-08T15:24:10Z,445.5289087190927,8275,182,349,162,7.65,11:40:00,2023-10-08T14:40:00Z,368.3
SpC_CB_100823.xlsx,2023-10-08T12:24:20Z,2023-10-08T12:24:20Z,478.5,28.8,398.5020314058473,NA,NA,NA,NA,NA,CB,NA,2023-10-08,20835561,2023-10-08T15:24:20Z,444.70260223048325,8275,182,349,162,7.65,11:40:00,2023-10-08T14:40:00Z,368.3
SpC_CB_100823.xlsx,2023-10-08T12:24:30Z,2023-10-08T12:24:30Z,477.70000000000005,28.8,397.83209638091415,NA,NA,NA,NA,NA,CB,NA,2023-10-08,20835561,2023-10-08T15:24:30Z,443.95910780669146,8275,182,349,162,7.65,11:40:00,2023-10-08T14:40:00Z,368.3
SpC_CB_100823.xlsx,2023-10-08T12:24:40Z,2023-10-08T12:24:40Z,477.70000000000005,28.8,397.8284134461058,NA,NA,NA,NA,NA,CB,NA,2023-10-08,20835561,2023-10-08T15:24:40Z,443.95910780669146,8275,182,349,162,7.65,11:40:00,2023-10-08T14:40:00Z,368.3
SpC_CB_100823.xlsx,2023-10-08T12:24:50Z,2023-10-08T12:24:50Z,478.1,28.8,398.15784730469176,NA,NA,NA,NA,NA,CB,NA,2023-10-08,20835561,2023-10-08T15:24:50Z,444.33085501858733,8275,182,349,162,7.65,11:40:00,2023-10-08T14:40:00Z,368.3
SpC_CB_100823.xlsx,2023-10-08T12:25:00Z,2023-10-08T12:25:00Z,478.1,28.8,398.15416128599406,NA,NA,NA,NA,NA,CB,NA,2023-10-08,20835561,2023-10-08T15:25:00Z,444.33085501858733,8275,182,349,162,7.65,11:40:00,2023-10-08T14:40:00Z,368.3
SpC_CB_100823.xlsx,2023-10-08T12:25:10Z,2023-10-08T12:25:10Z,475.3,28.8,395.81870088798576,NA,NA,NA,NA,NA,CB,NA,2023-10-08,20835561,2023-10-08T15:25:10Z,441.728624535316,8275,182,349,162,7.65,11:40:00,2023-10-08T14:40:00Z,368.3
SpC_CB_100823.xlsx,2023-10-08T12:25:20Z,2023-10-08T12:25:20Z,475.70000000000005,28.8,396.1481439982397,NA,NA,NA,NA,NA,CB,NA,2023-10-08,20835561,2023-10-08T15:25:20Z,442.1003717472119,8275,182,349,162,7.65,11:40:00,2023-10-08T14:40:00Z,368.3
SpC_CB_100823.xlsx,2023-10-08T12:25:30Z,2023-10-08T12:25:30Z,475.3,28.8,395.81137202504067,NA,NA,NA,NA,NA,CB,NA,2023-10-08,20835561,2023-10-08T15:25:30Z,441.728624535316,8275,182,349,162,7.65,11:40:00,2023-10-08T14:40:00Z,368.3
SpC_CB_100823.xlsx,2023-10-08T12:25:40Z,2023-10-08T12:25:40Z,474.5,28.8,395.14150484567233,NA,NA,NA,NA,NA,CB,NA,2023-10-08,20835561,2023-10-08T15:25:40Z,440.98513011152414,8275,182,349,162,7.65,11:40:00,2023-10-08T14:40:00Z,368.3
SpC_CB_100823.xlsx,2023-10-08T12:25:50Z,2023-10-08T12:25:50Z,476.1,28.8,396.4702397422127,NA,NA,NA,NA,NA,CB,NA,2023-10-08,20835561,2023-10-08T15:25:50Z,442.4721189591078,8275,182,349,162,7.65,11:40:00,2023-10-08T14:40:00Z,368.3
SpC_CB_100823.xlsx,2023-10-08T12:26:00Z,2023-10-08T12:26:00Z,472.5,28.8,393.4687122874382,NA,NA,NA,NA,NA,CB,NA,2023-10-08,20835561,2023-10-08T15:26:00Z,439.1263940520446,8275,182,349,162,7.65,11:40:00,2023-10-08T14:40:00Z,368.3
SpC_CB_100823.xlsx,2023-10-08T12:26:10Z,2023-10-08T12:26:10Z,472.90000000000003,28.810000000000002,393.72497848396824,NA,NA,NA,NA,NA,CB,NA,2023-10-08,20835561,2023-10-08T15:26:10Z,439.4164653410147,8275,182,349,162,7.65,11:40:00,2023-10-08T14:40:00Z,368.3
SpC_CB_100823.xlsx,2023-10-08T12:26:20Z,2023-10-08T12:26:20Z,472.5,28.810000000000002,393.3883060959517,NA,NA,NA,NA,NA,CB,NA,2023-10-08,20835561,2023-10-08T15:26:20Z,439.04478721427245,8275,182,349,162,7.65,11:40:00,2023-10-08T14:40:00Z,368.3
SpC_CB_100823.xlsx,2023-10-08T12:26:30Z,2023-10-08T12:26:30Z,471.40000000000003,28.810000000000002,392.4688477798584,NA,NA,NA,NA,NA,CB,NA,2023-10-08,20835561,2023-10-08T15:26:30Z,438.0226723657313,8275,182,349,162,7.65,11:40:00,2023-10-08T14:40:00Z,368.3
SpC_CB_100823.xlsx,2023-10-08T12:26:40Z,2023-10-08T12:26:40Z,472.5,28.810000000000002,393.38102176142246,NA,NA,NA,NA,NA,CB,NA,2023-10-08,20835561,2023-10-08T15:26:40Z,439.04478721427245,8275,182,349,162,7.65,11:40:00,2023-10-08T14:40:00Z,368.3
SpC_CB_100823.xlsx,2023-10-08T12:26:50Z,2023-10-08T12:26:50Z,470.6,28.810000000000002,391.7955446285941,NA,NA,NA,NA,NA,CB,NA,2023-10-08,20835561,2023-10-08T15:26:50Z,437.2793161122468,8275,182,349,162,7.65,11:40:00,2023-10-08T14:40:00Z,368.3
SpC_CB_100823.xlsx,2023-10-08T12:27:00Z,2023-10-08T12:27:00Z,469.8,28.810000000000002,391.12588749873953,NA,NA,NA,NA,NA,CB,NA,2023-10-08,20835561,2023-10-08T15:27:00Z,436.5359598587623,8275,182,349,162,7.65,11:40:00,2023-10-08T14:40:00Z,368.3
SpC_CB_100823.xlsx,2023-10-08T12:27:10Z,2023-10-08T12:27:10Z,469.40000000000003,28.8,390.86189183089,NA,NA,NA,NA,NA,CB,NA,2023-10-08,20835561,2023-10-08T15:27:10Z,436.24535315985133,8275,182,349,162,7.65,11:40:00,2023-10-08T14:40:00Z,368.3
SpC_CB_100823.xlsx,2023-10-08T12:27:20Z,2023-10-08T12:27:20Z,470.20000000000005,28.810000000000002,391.45165342651757,NA,NA,NA,NA,NA,CB,NA,2023-10-08,20835561,2023-10-08T15:27:20Z,436.90763798550455,8275,182,349,162,7.65,11:40:00,2023-10-08T14:40:00Z,368.3
SpC_CB_100823.xlsx,2023-10-08T12:27:30Z,2023-10-08T12:27:30Z,470.20000000000005,28.810000000000002,391.44802898832114,NA,NA,NA,NA,NA,CB,NA,2023-10-08,20835561,2023-10-08T15:27:30Z,436.90763798550455,8275,182,349,162,7.65,11:40:00,2023-10-08T14:40:00Z,368.3
SpC_CB_100823.xlsx,2023-10-08T12:27:40Z,2023-10-08T12:27:40Z,467.8,28.810000000000002,389.4463897246881,NA,NA,NA,NA,NA,CB,NA,2023-10-08,20835561,2023-10-08T15:27:40Z,434.6775692250511,8275,182,349,162,7.65,11:40:00,2023-10-08T14:40:00Z,368.3
SpC_CB_100823.xlsx,2023-10-08T12:27:50Z,2023-10-08T12:27:50Z,470.20000000000005,28.810000000000002,391.4407801119283,NA,NA,NA,NA,NA,CB,NA,2023-10-08,20835561,2023-10-08T15:27:50Z,436.90763798550455,8275,182,349,162,7.65,11:40:00,2023-10-08T14:40:00Z,368.3
SpC_CB_100823.xlsx,2023-10-08T12:28:00Z,2023-10-08T12:28:00Z,471.40000000000003,28.810000000000002,392.436144586553,NA,NA,NA,NA,NA,CB,NA,2023-10-08,20835561,2023-10-08T15:28:00Z,438.0226723657313,8275,182,349,162,7.65,11:40:00,2023-10-08T14:40:00Z,368.3
SpC_CB_100823.xlsx,2023-10-08T12:28:10Z,2023-10-08T12:28:10Z,469.40000000000003,28.810000000000002,390.7675447936204,NA,NA,NA,NA,NA,CB,NA,2023-10-08,20835561,2023-10-08T15:28:10Z,436.1642817320201,8275,182,349,162,7.65,11:40:00,2023-10-08T14:40:00Z,368.3
SpC_CB_100823.xlsx,2023-10-08T12:28:20Z,2023-10-08T12:28:20Z,469,28.830000000000002,390.2858756612554,NA,NA,NA,NA,NA,CB,NA,2023-10-08,20835561,2023-10-08T15:28:20Z,435.63068920676204,8275,182,349,162,7.65,11:40:00,2023-10-08T14:40:00Z,368.3
SpC_CB_100823.xlsx,2023-10-08T12:28:30Z,2023-10-08T12:28:30Z,466.20000000000005,28.810000000000002,388.09641181589166,NA,NA,NA,NA,NA,CB,NA,2023-10-08,20835561,2023-10-08T15:28:30Z,433.19085671808216,8275,182,349,162,7.65,11:40:00,2023-10-08T14:40:00Z,368.3
SpC_CB_100823.xlsx,2023-10-08T12:28:40Z,2023-10-08T12:28:40Z,467.40000000000003,28.810000000000002,389.0917701238839,NA,NA,NA,NA,NA,CB,NA,2023-10-08,20835561,2023-10-08T15:28:40Z,434.3058910983089,8275,182,349,162,7.65,11:40:00,2023-10-08T14:40:00Z,368.3
SpC_CB_100823.xlsx,2023-10-08T12:28:50Z,2023-10-08T12:28:50Z,468.20000000000005,28.830000000000002,389.60931978214836,NA,NA,NA,NA,NA,CB,NA,2023-10-08,20835561,2023-10-08T15:28:50Z,434.8876091398849,8275,182,349,162,7.65,11:40:00,2023-10-08T14:40:00Z,368.3
SpC_CB_100823.xlsx,2023-10-08T12:29:00Z,2023-10-08T12:29:00Z,466.20000000000005,28.830000000000002,387.94144165246934,NA,NA,NA,NA,NA,CB,NA,2023-10-08,20835561,2023-10-08T15:29:00Z,433.0299089726918,8275,182,349,162,7.65,11:40:00,2023-10-08T14:40:00Z,368.3
SpC_CB_100823.xlsx,2023-10-08T12:29:10Z,2023-10-08T12:29:10Z,465,28.830000000000002,386.9392963597392,NA,NA,NA,NA,NA,CB,NA,2023-10-08,20835561,2023-10-08T15:29:10Z,431.915288872376,8275,182,349,162,7.65,11:40:00,2023-10-08T14:40:00Z,368.3
SpC_CB_100823.xlsx,2023-10-08T12:29:20Z,2023-10-08T12:29:20Z,466.20000000000005,28.810000000000002,388.07844379071963,NA,NA,NA,NA,NA,CB,NA,2023-10-08,20835561,2023-10-08T15:29:20Z,433.19085671808216,8275,182,349,162,7.65,11:40:00,2023-10-08T14:40:00Z,368.3
SpC_CB_100823.xlsx,2023-10-08T12:29:30Z,2023-10-08T12:29:30Z,465.40000000000003,28.830000000000002,387.26497515631047,NA,NA,NA,NA,NA,CB,NA,2023-10-08,20835561,2023-10-08T15:29:30Z,432.2868289058146,8275,182,349,162,7.65,11:40:00,2023-10-08T14:40:00Z,368.3
SpC_CB_100823.xlsx,2023-10-08T12:29:40Z,2023-10-08T12:29:40Z,464.6,28.830000000000002,386.59570552856667,NA,NA,NA,NA,NA,CB,NA,2023-10-08,20835561,2023-10-08T15:29:40Z,431.5437488389374,8275,182,349,162,7.65,11:40:00,2023-10-08T14:40:00Z,368.3
SpC_CB_100823.xlsx,2023-10-08T12:29:50Z,2023-10-08T12:29:50Z,462.6,28.830000000000002,384.927932192689,NA,NA,NA,NA,NA,CB,NA,2023-10-08,20835561,2023-10-08T15:29:50Z,429.6860486717444,8275,182,349,162,7.65,11:40:00,2023-10-08T14:40:00Z,368.3
SpC_CB_100823.xlsx,2023-10-08T12:30:00Z,2023-10-08T12:30:00Z,462.6,28.830000000000002,384.9243676623584,NA,NA,NA,NA,NA,CB,NA,2023-10-08,20835561,2023-10-08T15:30:00Z,429.6860486717444,8275,182,349,162,7.65,11:40:00,2023-10-08T14:40:00Z,368.3
SpC_CB_100823.xlsx,2023-10-08T12:30:10Z,2023-10-08T12:30:10Z,463.40000000000003,28.810000000000002,385.7297822174061,NA,NA,NA,NA,NA,CB,NA,2023-10-08,20835561,2023-10-08T15:30:10Z,430.58910983088646,8275,182,349,162,7.65,11:40:00,2023-10-08T14:40:00Z,368.3
SpC_CB_100823.xlsx,2023-10-08T12:30:20Z,2023-10-08T12:30:20Z,463.8,28.830000000000002,385.9157268989778,NA,NA,NA,NA,NA,CB,NA,2023-10-08,20835561,2023-10-08T15:30:20Z,430.8006687720602,8275,182,349,162,7.65,11:40:00,2023-10-08T14:40:00Z,368.3
SpC_CB_100823.xlsx,2023-10-08T12:30:30Z,2023-10-08T12:30:30Z,463.8,28.830000000000002,385.9121531221353,NA,NA,NA,NA,NA,CB,NA,2023-10-08,20835561,2023-10-08T15:30:30Z,430.8006687720602,8275,182,349,162,7.65,11:40:00,2023-10-08T14:40:00Z,368.3
SpC_CB_100823.xlsx,2023-10-08T12:30:40Z,2023-10-08T12:30:40Z,461.8,28.830000000000002,384.2444630048646,NA,NA,NA,NA,NA,CB,NA,2023-10-08,20835561,2023-10-08T15:30:40Z,428.9429686048672,8275,182,349,162,7.65,11:40:00,2023-10-08T14:40:00Z,368.3
SpC_CB_100823.xlsx,2023-10-08T12:30:50Z,2023-10-08T12:30:50Z,461,28.830000000000002,383.5752642670452,NA,NA,NA,NA,NA,CB,NA,2023-10-08,20835561,2023-10-08T15:30:50Z,428.19988853799,8275,182,349,162,7.65,11:40:00,2023-10-08T14:40:00Z,368.3
SpC_CB_100823.xlsx,2023-10-08T12:31:00Z,2023-10-08T12:31:00Z,460.70000000000005,28.830000000000002,383.3220992375889,NA,NA,NA,NA,NA,CB,NA,2023-10-08,20835561,2023-10-08T15:31:00Z,427.92123351291104,8275,182,349,162,7.65,11:40:00,2023-10-08T14:40:00Z,368.3
SpC_CB_100823.xlsx,2023-10-08T12:31:10Z,2023-10-08T12:31:10Z,460.3,28.830000000000002,382.98573532599494,NA,NA,NA,NA,NA,CB,NA,2023-10-08,20835561,2023-10-08T15:31:10Z,427.5496934794724,8275,182,349,162,7.65,11:40:00,2023-10-08T14:40:00Z,368.3
SpC_CB_100823.xlsx,2023-10-08T12:31:20Z,2023-10-08T12:31:20Z,460.3,28.830000000000002,382.9821885181454,NA,NA,NA,NA,NA,CB,NA,2023-10-08,20835561,2023-10-08T15:31:20Z,427.5496934794724,8275,182,349,162,7.65,11:40:00,2023-10-08T14:40:00Z,368.3
SpC_CB_100823.xlsx,2023-10-08T12:31:30Z,2023-10-08T12:31:30Z,459.90000000000003,28.830000000000002,382.6458338530634,NA,NA,NA,NA,NA,CB,NA,2023-10-08,20835561,2023-10-08T15:31:30Z,427.17815344603383,8275,182,349,162,7.65,11:40:00,2023-10-08T14:40:00Z,368.3
SpC_CB_100823.xlsx,2023-10-08T12:31:40Z,2023-10-08T12:31:40Z,459.5,28.84,382.2384769040774,NA,NA,NA,NA,NA,CB,NA,2023-10-08,20835561,2023-10-08T15:31:40Z,426.72734026745917,8275,182,349,162,7.65,11:40:00,2023-10-08T14:40:00Z,368.3
SpC_CB_100823.xlsx,2023-10-08T12:31:50Z,2023-10-08T12:31:50Z,459.5,28.830000000000002,382.30594470881437,NA,NA,NA,NA,NA,CB,NA,2023-10-08,20835561,2023-10-08T15:31:50Z,426.8066134125952,8275,182,349,162,7.65,11:40:00,2023-10-08T14:40:00Z,368.3
SpC_CB_100823.xlsx,2023-10-08T12:32:00Z,2023-10-08T12:32:00Z,459.90000000000003,28.830000000000002,382.6352026760267,NA,NA,NA,NA,NA,CB,NA,2023-10-08,20835561,2023-10-08T15:32:00Z,427.17815344603383,8275,182,349,162,7.65,11:40:00,2023-10-08T14:40:00Z,368.3
SpC_CB_100823.xlsx,2023-10-08T12:32:10Z,2023-10-08T12:32:10Z,459.1,28.84,381.89512322982046,NA,NA,NA,NA,NA,CB,NA,2023-10-08,20835561,2023-10-08T15:32:10Z,426.35586924219916,8275,182,349,162,7.65,11:40:00,2023-10-08T14:40:00Z,368.3
SpC_CB_100823.xlsx,2023-10-08T12:32:20Z,2023-10-08T12:32:20Z,459.5,28.830000000000002,382.2953227782895,NA,NA,NA,NA,NA,CB,NA,2023-10-08,20835561,2023-10-08T15:32:20Z,426.8066134125952,8275,182,349,162,7.65,11:40:00,2023-10-08T14:40:00Z,368.3
SpC_CB_100823.xlsx,2023-10-08T12:32:30Z,2023-10-08T12:32:30Z,458.70000000000005,28.84,381.5553218678412,NA,NA,NA,NA,NA,CB,NA,2023-10-08,20835561,2023-10-08T15:32:30Z,425.98439821693916,8275,182,349,162,7.65,11:40:00,2023-10-08T14:40:00Z,368.3
SpC_CB_100823.xlsx,2023-10-08T12:32:40Z,2023-10-08T12:32:40Z,458.70000000000005,28.84,381.5517880451525,NA,NA,NA,NA,NA,CB,NA,2023-10-08,20835561,2023-10-08T15:32:40Z,425.98439821693916,8275,182,349,162,7.65,11:40:00,2023-10-08T14:40:00Z,368.3
SpC_CB_100823.xlsx,2023-10-08T12:32:50Z,2023-10-08T12:32:50Z,457.90000000000003,28.84,380.88281144204524,NA,NA,NA,NA,NA,CB,NA,2023-10-08,20835561,2023-10-08T15:32:50Z,425.2414561664191,8275,182,349,162,7.65,11:40:00,2023-10-08T14:40:00Z,368.3
SpC_CB_100823.xlsx,2023-10-08T12:33:00Z,2023-10-08T12:33:00Z,458.70000000000005,28.84,381.54472039977503,NA,NA,NA,NA,NA,CB,NA,2023-10-08,20835561,2023-10-08T15:33:00Z,425.98439821693916,8275,182,349,162,7.65,11:40:00,2023-10-08T14:40:00Z,368.3
SpC_CB_100823.xlsx,2023-10-08T12:33:10Z,2023-10-08T12:33:10Z,457.5,28.84,380.54304089604744,NA,NA,NA,NA,NA,CB,NA,2023-10-08,20835561,2023-10-08T15:33:10Z,424.869985141159,8275,182,349,162,7.65,11:40:00,2023-10-08T14:40:00Z,368.3
SpC_CB_100823.xlsx,2023-10-08T12:33:20Z,2023-10-08T12:33:20Z,457.1,28.84,380.2068041727385,NA,NA,NA,NA,NA,CB,NA,2023-10-08,20835561,2023-10-08T15:33:20Z,424.498514115899,8275,182,349,162,7.65,11:40:00,2023-10-08T14:40:00Z,368.3
SpC_CB_100823.xlsx,2023-10-08T12:33:30Z,2023-10-08T12:33:30Z,456.70000000000005,28.84,379.87057361262583,NA,NA,NA,NA,NA,CB,NA,2023-10-08,20835561,2023-10-08T15:33:30Z,424.127043090639,8275,182,349,162,7.65,11:40:00,2023-10-08T14:40:00Z,368.3
SpC_CB_100823.xlsx,2023-10-08T12:33:40Z,2023-10-08T12:33:40Z,457.1,28.84,380.1997611801463,NA,NA,NA,NA,NA,CB,NA,2023-10-08,20835561,2023-10-08T15:33:40Z,424.498514115899,8275,182,349,162,7.65,11:40:00,2023-10-08T14:40:00Z,368.3
SpC_CB_100823.xlsx,2023-10-08T12:33:50Z,2023-10-08T12:33:50Z,457.5,28.84,380.52894258447054,NA,NA,NA,NA,NA,CB,NA,2023-10-08,20835561,2023-10-08T15:33:50Z,424.869985141159,8275,182,349,162,7.65,11:40:00,2023-10-08T14:40:00Z,368.3
SpC_CB_100823.xlsx,2023-10-08T12:34:00Z,2023-10-08T12:34:00Z,455.90000000000003,28.84,379.1946187304878,NA,NA,NA,NA,NA,CB,NA,2023-10-08,20835561,2023-10-08T15:34:00Z,423.38410104011894,8275,182,349,162,7.65,11:40:00,2023-10-08T14:40:00Z,368.3
SpC_CB_100823.xlsx,2023-10-08T12:34:10Z,2023-10-08T12:34:10Z,456.3,28.84,379.52380321641016,NA,NA,NA,NA,NA,CB,NA,2023-10-08,20835561,2023-10-08T15:34:10Z,423.75557206537894,8275,182,349,162,7.65,11:40:00,2023-10-08T14:40:00Z,368.3
SpC_CB_100823.xlsx,2023-10-08T12:34:20Z,2023-10-08T12:34:20Z,455.90000000000003,28.84,379.18759422748457,NA,NA,NA,NA,NA,CB,NA,2023-10-08,20835561,2023-10-08T15:34:20Z,423.38410104011894,8275,182,349,162,7.65,11:40:00,2023-10-08T14:40:00Z,368.3
SpC_CB_100823.xlsx,2023-10-08T12:34:30Z,2023-10-08T12:34:30Z,456.3,28.84,379.5167725502106,NA,NA,NA,NA,NA,CB,NA,2023-10-08,20835561,2023-10-08T15:34:30Z,423.75557206537894,8275,182,349,162,7.65,11:40:00,2023-10-08T14:40:00Z,368.3
SpC_CB_100823.xlsx,2023-10-08T12:34:40Z,2023-10-08T12:34:40Z,455.90000000000003,28.84,379.18056972448136,NA,NA,NA,NA,NA,CB,NA,2023-10-08,20835561,2023-10-08T15:34:40Z,423.38410104011894,8275,182,349,162,7.65,11:40:00,2023-10-08T14:40:00Z,368.3
SpC_CB_100823.xlsx,2023-10-08T12:34:50Z,2023-10-08T12:34:50Z,455.1,28.84,378.51168865091705,NA,NA,NA,NA,NA,CB,NA,2023-10-08,20835561,2023-10-08T15:34:50Z,422.64115898959886,8275,182,349,162,7.65,11:40:00,2023-10-08T14:40:00Z,368.3
SpC_CB_100823.xlsx,2023-10-08T12:35:00Z,2023-10-08T12:35:00Z,454.70000000000005,28.84,378.17550123317864,NA,NA,NA,NA,NA,CB,NA,2023-10-08,20835561,2023-10-08T15:35:00Z,422.26968796433886,8275,182,349,162,7.65,11:40:00,2023-10-08T14:40:00Z,368.3
SpC_CB_100823.xlsx,2023-10-08T12:35:10Z,2023-10-08T12:35:10Z,454.3,28.84,377.83931997863647,NA,NA,NA,NA,NA,CB,NA,2023-10-08,20835561,2023-10-08T15:35:10Z,421.8982169390788,8275,182,349,162,7.65,11:40:00,2023-10-08T14:40:00Z,368.3
SpC_CB_100823.xlsx,2023-10-08T12:35:20Z,2023-10-08T12:35:20Z,454.70000000000005,28.84,378.1684952197644,NA,NA,NA,NA,NA,CB,NA,2023-10-08,20835561,2023-10-08T15:35:20Z,422.26968796433886,8275,182,349,162,7.65,11:40:00,2023-10-08T14:40:00Z,368.3
SpC_CB_100823.xlsx,2023-10-08T12:35:30Z,2023-10-08T12:35:30Z,453.90000000000003,28.84,377.4996480437798,NA,NA,NA,NA,NA,CB,NA,2023-10-08,20835561,2023-10-08T15:35:30Z,421.5267459138188,8275,182,349,162,7.65,11:40:00,2023-10-08T14:40:00Z,368.3
SpC_CB_100823.xlsx,2023-10-08T12:35:40Z,2023-10-08T12:35:40Z,454.3,28.84,377.82882020330953,NA,NA,NA,NA,NA,CB,NA,2023-10-08,20835561,2023-10-08T15:35:40Z,421.8982169390788,8275,182,349,162,7.65,11:40:00,2023-10-08T14:40:00Z,368.3
SpC_CB_100823.xlsx,2023-10-08T12:35:50Z,2023-10-08T12:35:50Z,453.90000000000003,28.84,377.49265435675824,NA,NA,NA,NA,NA,CB,NA,2023-10-08,20835561,2023-10-08T15:35:50Z,421.5267459138188,8275,182,349,162,7.65,11:40:00,2023-10-08T14:40:00Z,368.3
SpC_CB_100823.xlsx,2023-10-08T12:36:00Z,2023-10-08T12:36:00Z,454.3,28.85,377.7516584551616,NA,NA,NA,NA,NA,CB,NA,2023-10-08,20835561,2023-10-08T15:36:00Z,421.81987000928507,8275,182,349,162,7.65,11:40:00,2023-10-08T14:40:00Z,368.3
SpC_CB_100823.xlsx,2023-10-08T12:36:10Z,2023-10-08T12:36:10Z,452.70000000000005,28.85,376.4177672480355,NA,NA,NA,NA,NA,CB,NA,2023-10-08,20835561,2023-10-08T15:36:10Z,420.33426183844017,8275,182,349,162,7.65,11:40:00,2023-10-08T14:40:00Z,368.3
SpC_CB_100823.xlsx,2023-10-08T12:36:20Z,2023-10-08T12:36:20Z,453.90000000000003,28.84,377.4821638262258,NA,NA,NA,NA,NA,CB,NA,2023-10-08,20835561,2023-10-08T15:36:20Z,421.5267459138188,8275,182,349,162,7.65,11:40:00,2023-10-08T14:40:00Z,368.3
SpC_CB_100823.xlsx,2023-10-08T12:36:30Z,2023-10-08T12:36:30Z,453.1,28.84,376.8133597926155,NA,NA,NA,NA,NA,CB,NA,2023-10-08,20835561,2023-10-08T15:36:30Z,420.7838038632987,8275,182,349,162,7.65,11:40:00,2023-10-08T14:40:00Z,368.3
SpC_CB_100823.xlsx,2023-10-08T12:36:40Z,2023-10-08T12:36:40Z,452.70000000000005,28.85,376.40730639483843,NA,NA,NA,NA,NA,CB,NA,2023-10-08,20835561,2023-10-08T15:36:40Z,420.33426183844017,8275,182,349,162,7.65,11:40:00,2023-10-08T14:40:00Z,368.3
SpC_CB_100823.xlsx,2023-10-08T12:36:50Z,2023-10-08T12:36:50Z,452.70000000000005,28.84,376.47373100013306,NA,NA,NA,NA,NA,CB,NA,2023-10-08,20835561,2023-10-08T15:36:50Z,420.4123328380387,8275,182,349,162,7.65,11:40:00,2023-10-08T14:40:00Z,368.3
SpC_CB_100823.xlsx,2023-10-08T12:37:00Z,2023-10-08T12:37:00Z,452.70000000000005,28.85,376.4003324927071,NA,NA,NA,NA,NA,CB,NA,2023-10-08,20835561,2023-10-08T15:37:00Z,420.33426183844017,8275,182,349,162,7.65,11:40:00,2023-10-08T14:40:00Z,368.3
SpC_CB_100823.xlsx,2023-10-08T12:37:10Z,2023-10-08T12:37:10Z,453.1,28.84,376.79939707135753,NA,NA,NA,NA,NA,CB,NA,2023-10-08,20835561,2023-10-08T15:37:10Z,420.7838038632987,8275,182,349,162,7.65,11:40:00,2023-10-08T14:40:00Z,368.3
SpC_CB_100823.xlsx,2023-10-08T12:37:20Z,2023-10-08T12:37:20Z,452.3,28.85,376.0607821747678,NA,NA,NA,NA,NA,CB,NA,2023-10-08,20835561,2023-10-08T15:37:20Z,419.9628597957289,8275,182,349,162,7.65,11:40:00,2023-10-08T14:40:00Z,368.3
SpC_CB_100823.xlsx,2023-10-08T12:37:30Z,2023-10-08T12:37:30Z,452.70000000000005,28.85,376.38987163951003,NA,NA,NA,NA,NA,CB,NA,2023-10-08,20835561,2023-10-08T15:37:30Z,420.33426183844017,8275,182,349,162,7.65,11:40:00,2023-10-08T14:40:00Z,368.3
SpC_CB_100823.xlsx,2023-10-08T12:37:40Z,2023-10-08T12:37:40Z,452.3,28.85,376.05381443468826,NA,NA,NA,NA,NA,CB,NA,2023-10-08,20835561,2023-10-08T15:37:40Z,419.9628597957289,8275,182,349,162,7.65,11:40:00,2023-10-08T14:40:00Z,368.3
SpC_CB_100823.xlsx,2023-10-08T12:37:50Z,2023-10-08T12:37:50Z,451.90000000000003,28.85,375.71776339191825,NA,NA,NA,NA,NA,CB,NA,2023-10-08,20835561,2023-10-08T15:37:50Z,419.59145775301766,8275,182,349,162,7.65,11:40:00,2023-10-08T14:40:00Z,368.3
SpC_CB_100823.xlsx,2023-10-08T12:38:00Z,2023-10-08T12:38:00Z,450.70000000000005,28.85,374.7165903277916,NA,NA,NA,NA,NA,CB,NA,2023-10-08,20835561,2023-10-08T15:38:00Z,418.477251624884,8275,182,349,162,7.65,11:40:00,2023-10-08T14:40:00Z,368.3
SpC_CB_100823.xlsx,2023-10-08T12:38:10Z,2023-10-08T12:38:10Z,451.90000000000003,28.85,375.7108018138905,NA,NA,NA,NA,NA,CB,NA,2023-10-08,20835561,2023-10-08T15:38:10Z,419.59145775301766,8275,182,349,162,7.65,11:40:00,2023-10-08T14:40:00Z,368.3
SpC_CB_100823.xlsx,2023-10-08T12:38:20Z,2023-10-08T12:38:20Z,453.1,28.85,376.7049948138341,NA,NA,NA,NA,NA,CB,NA,2023-10-08,20835561,2023-10-08T15:38:20Z,420.7056638811514,8275,182,349,162,7.65,11:40:00,2023-10-08T14:40:00Z,368.3
SpC_CB_100823.xlsx,2023-10-08T12:38:30Z,2023-10-08T12:38:30Z,451.90000000000003,28.85,375.70384023586274,NA,NA,NA,NA,NA,CB,NA,2023-10-08,20835561,2023-10-08T15:38:30Z,419.59145775301766,8275,182,349,162,7.65,11:40:00,2023-10-08T14:40:00Z,368.3
SpC_CB_100823.xlsx,2023-10-08T12:38:40Z,2023-10-08T12:38:40Z,451.90000000000003,28.85,375.7003594468489,NA,NA,NA,NA,NA,CB,NA,2023-10-08,20835561,2023-10-08T15:38:40Z,419.59145775301766,8275,182,349,162,7.65,11:40:00,2023-10-08T14:40:00Z,368.3
SpC_CB_100823.xlsx,2023-10-08T12:38:50Z,2023-10-08T12:38:50Z,452.70000000000005,28.85,376.3619760309846,NA,NA,NA,NA,NA,CB,NA,2023-10-08,20835561,2023-10-08T15:38:50Z,420.33426183844017,8275,182,349,162,7.65,11:40:00,2023-10-08T14:40:00Z,368.3
SpC_CB_100823.xlsx,2023-10-08T12:39:00Z,2023-10-08T12:39:00Z,451.1,28.85,375.0283066577234,NA,NA,NA,NA,NA,CB,NA,2023-10-08,20835561,2023-10-08T15:39:00Z,418.8486536675952,8275,182,349,162,7.65,11:40:00,2023-10-08T14:40:00Z,368.3
SpC_CB_100823.xlsx,2023-10-08T12:39:10Z,2023-10-08T12:39:10Z,450,28.85,374.1103400883232,NA,NA,NA,NA,NA,CB,NA,2023-10-08,20835561,2023-10-08T15:39:10Z,417.8272980501393,8275,182,349,162,7.65,11:40:00,2023-10-08T14:40:00Z,368.3
SpC_CB_100823.xlsx,2023-10-08T12:39:20Z,2023-10-08T12:39:20Z,450.70000000000005,28.85,374.6888179603023,NA,NA,NA,NA,NA,CB,NA,2023-10-08,20835561,2023-10-08T15:39:20Z,418.477251624884,8275,182,349,162,7.65,11:40:00,2023-10-08T14:40:00Z,368.3
SpC_CB_100823.xlsx,2023-10-08T12:39:30Z,2023-10-08T12:39:30Z,451.1,28.85,375.0178827768372,NA,NA,NA,NA,NA,CB,NA,2023-10-08,20835561,2023-10-08T15:39:30Z,418.8486536675952,8275,182,349,162,7.65,11:40:00,2023-10-08T14:40:00Z,368.3
SpC_CB_100823.xlsx,2023-10-08T12:39:40Z,2023-10-08T12:39:40Z,449.6,28.85,373.7674083444555,NA,NA,NA,NA,NA,CB,NA,2023-10-08,20835561,2023-10-08T15:39:40Z,417.45589600742807,8275,182,349,162,7.65,11:40:00,2023-10-08T14:40:00Z,368.3
SpC_CB_100823.xlsx,2023-10-08T12:39:50Z,2023-10-08T12:39:50Z,449.90000000000003,28.86,373.94390115728044,NA,NA,NA,NA,NA,CB,NA,2023-10-08,20835561,2023-10-08T15:39:50Z,417.65688822874125,8275,182,349,162,7.65,11:40:00,2023-10-08T14:40:00Z,368.3
SpC_CB_100823.xlsx,2023-10-08T12:40:00Z,2023-10-08T12:40:00Z,449.6,28.85,373.7604821982256,NA,NA,NA,NA,NA,CB,NA,2023-10-08,20835561,2023-10-08T15:40:00Z,417.45589600742807,8275,182,349,162,7.65,11:40:00,2023-10-08T14:40:00Z,368.3
SpC_CB_100823.xlsx,2023-10-08T12:40:10Z,2023-10-08T12:40:10Z,449.6,28.85,373.7570191251106,NA,NA,NA,NA,NA,CB,NA,2023-10-08,20835561,2023-10-08T15:40:10Z,417.45589600742807,8275,182,349,162,7.65,11:40:00,2023-10-08T14:40:00Z,368.3
SpC_CB_100823.xlsx,2023-10-08T12:40:20Z,2023-10-08T12:40:20Z,449.6,28.86,373.6841625213511,NA,NA,NA,NA,NA,CB,NA,2023-10-08,20835561,2023-10-08T15:40:20Z,417.37838841440777,8275,182,349,162,7.65,11:40:00,2023-10-08T14:40:00Z,368.3
SpC_CB_100823.xlsx,2023-10-08T12:40:30Z,2023-10-08T12:40:30Z,448.8,28.85,373.0850572262494,NA,NA,NA,NA,NA,CB,NA,2023-10-08,20835561,2023-10-08T15:40:30Z,416.7130919220056,8275,182,349,162,7.65,11:40:00,2023-10-08T14:40:00Z,368.3
SpC_CB_100823.xlsx,2023-10-08T12:40:40Z,2023-10-08T12:40:40Z,449.20000000000005,28.85,373.414115110476,NA,NA,NA,NA,NA,CB,NA,2023-10-08,20835561,2023-10-08T15:40:40Z,417.08449396471684,8275,182,349,162,7.65,11:40:00,2023-10-08T14:40:00Z,368.3
SpC_CB_100823.xlsx,2023-10-08T12:40:50Z,2023-10-08T12:40:50Z,449.20000000000005,28.86,373.3413252529733,NA,NA,NA,NA,NA,CB,NA,2023-10-08,20835561,2023-10-08T15:40:50Z,417.00705532862986,8275,182,349,162,7.65,11:40:00,2023-10-08T14:40:00Z,368.3
SpC_CB_100823.xlsx,2023-10-08T12:41:00Z,2023-10-08T12:41:00Z,448.8,28.86,373.00541900577946,NA,NA,NA,NA,NA,CB,NA,2023-10-08,20835561,2023-10-08T15:41:00Z,416.6357222428519,8275,182,349,162,7.65,11:40:00,2023-10-08T14:40:00Z,368.3
SpC_CB_100823.xlsx,2023-10-08T12:41:10Z,2023-10-08T12:41:10Z,448.40000000000003,28.85,372.7387240297847,NA,NA,NA,NA,NA,CB,NA,2023-10-08,20835561,2023-10-08T15:41:10Z,416.3416898792944,8275,182,349,162,7.65,11:40:00,2023-10-08T14:40:00Z,368.3
SpC_CB_100823.xlsx,2023-10-08T12:41:20Z,2023-10-08T12:41:20Z,448.8,28.86,372.99850646731863,NA,NA,NA,NA,NA,CB,NA,2023-10-08,20835561,2023-10-08T15:41:20Z,416.6357222428519,8275,182,349,162,7.65,11:40:00,2023-10-08T14:40:00Z,368.3
SpC_CB_100823.xlsx,2023-10-08T12:41:30Z,2023-10-08T12:41:30Z,448.8,28.86,372.99505019808817,NA,NA,NA,NA,NA,CB,NA,2023-10-08,20835561,2023-10-08T15:41:30Z,416.6357222428519,8275,182,349,162,7.65,11:40:00,2023-10-08T14:40:00Z,368.3
SpC_CB_100823.xlsx,2023-10-08T12:41:40Z,2023-10-08T12:41:40Z,448.40000000000003,28.86,372.6591593531636,NA,NA,NA,NA,NA,CB,NA,2023-10-08,20835561,2023-10-08T15:41:40Z,416.26438915707394,8275,182,349,162,7.65,11:40:00,2023-10-08T14:40:00Z,368.3
SpC_CB_100823.xlsx,2023-10-08T12:41:50Z,2023-10-08T12:41:50Z,448,28.86,372.3232746691467,NA,NA,NA,NA,NA,CB,NA,2023-10-08,20835561,2023-10-08T15:41:50Z,415.893056071296,8275,182,349,162,7.65,11:40:00,2023-10-08T14:40:00Z,368.3
SpC_CB_100823.xlsx,2023-10-08T12:42:00Z,2023-10-08T12:42:00Z,449.20000000000005,28.86,373.31710980518346,NA,NA,NA,NA,NA,CB,NA,2023-10-08,20835561,2023-10-08T15:42:00Z,417.00705532862986,8275,182,349,162,7.65,11:40:00,2023-10-08T14:40:00Z,368.3
SpC_CB_100823.xlsx,2023-10-08T12:42:10Z,2023-10-08T12:42:10Z,448.8,28.86,372.98122512116663,NA,NA,NA,NA,NA,CB,NA,2023-10-08,20835561,2023-10-08T15:42:10Z,416.6357222428519,8275,182,349,162,7.65,11:40:00,2023-10-08T14:40:00Z,368.3
SpC_CB_100823.xlsx,2023-10-08T12:42:20Z,2023-10-08T12:42:20Z,448.8,28.86,372.97776885193616,NA,NA,NA,NA,NA,CB,NA,2023-10-08,20835561,2023-10-08T15:42:20Z,416.6357222428519,8275,182,349,162,7.65,11:40:00,2023-10-08T14:40:00Z,368.3
SpC_CB_100823.xlsx,2023-10-08T12:42:30Z,2023-10-08T12:42:30Z,448,28.86,372.309474235856,NA,NA,NA,NA,NA,CB,NA,2023-10-08,20835561,2023-10-08T15:42:30Z,415.893056071296,8275,182,349,162,7.65,11:40:00,2023-10-08T14:40:00Z,368.3
SpC_CB_100823.xlsx,2023-10-08T12:42:40Z,2023-10-08T12:42:40Z,447.6,28.86,371.97360803456235,NA,NA,NA,NA,NA,CB,NA,2023-10-08,20835561,2023-10-08T15:42:40Z,415.52172298551807,8275,182,349,162,7.65,11:40:00,2023-10-08T14:40:00Z,368.3
SpC_CB_100823.xlsx,2023-10-08T12:42:50Z,2023-10-08T12:42:50Z,448.8,28.86,372.967400044245,NA,NA,NA,NA,NA,CB,NA,2023-10-08,20835561,2023-10-08T15:42:50Z,416.6357222428519,8275,182,349,162,7.65,11:40:00,2023-10-08T14:40:00Z,368.3
SpC_CB_100823.xlsx,2023-10-08T12:43:00Z,2023-10-08T12:43:00Z,448,28.86,372.29912391088794,NA,NA,NA,NA,NA,CB,NA,2023-10-08,20835561,2023-10-08T15:43:00Z,415.893056071296,8275,182,349,162,7.65,11:40:00,2023-10-08T14:40:00Z,368.3
SpC_CB_100823.xlsx,2023-10-08T12:43:10Z,2023-10-08T12:43:10Z,447.6,28.86,371.96326695095587,NA,NA,NA,NA,NA,CB,NA,2023-10-08,20835561,2023-10-08T15:43:10Z,415.52172298551807,8275,182,349,162,7.65,11:40:00,2023-10-08T14:40:00Z,368.3
SpC_CB_100823.xlsx,2023-10-08T12:43:20Z,2023-10-08T12:43:20Z,447.6,28.86,371.959819923087,NA,NA,NA,NA,NA,CB,NA,2023-10-08,20835561,2023-10-08T15:43:20Z,415.52172298551807,8275,182,349,162,7.65,11:40:00,2023-10-08T14:40:00Z,368.3
SpC_CB_100823.xlsx,2023-10-08T12:43:30Z,2023-10-08T12:43:30Z,447.20000000000005,28.86,371.6239722045165,NA,NA,NA,NA,NA,CB,NA,2023-10-08,20835561,2023-10-08T15:43:30Z,415.15038989974016,8275,182,349,162,7.65,11:40:00,2023-10-08T14:40:00Z,368.3
SpC_CB_100823.xlsx,2023-10-08T12:43:40Z,2023-10-08T12:43:40Z,446.8,28.87,371.2192076599135,NA,NA,NA,NA,NA,CB,NA,2023-10-08,20835561,2023-10-08T15:43:40Z,414.7020605160572,8275,182,349,162,7.65,11:40:00,2023-10-08T14:40:00Z,368.3
SpC_CB_100823.xlsx,2023-10-08T12:43:50Z,2023-10-08T12:43:50Z,448,28.86,372.28187336927454,NA,NA,NA,NA,NA,CB,NA,2023-10-08,20835561,2023-10-08T15:43:50Z,415.893056071296,8275,182,349,162,7.65,11:40:00,2023-10-08T14:40:00Z,368.3
SpC_CB_100823.xlsx,2023-10-08T12:44:00Z,2023-10-08T12:44:00Z,447.20000000000005,28.87,371.5446569502868,NA,NA,NA,NA,NA,CB,NA,2023-10-08,20835561,2023-10-08T15:44:00Z,415.07332467050315,8275,182,349,162,7.65,11:40:00,2023-10-08T14:40:00Z,368.3
SpC_CB_100823.xlsx,2023-10-08T12:44:10Z,2023-10-08T12:44:10Z,446.8,28.87,371.208886975236,NA,NA,NA,NA,NA,CB,NA,2023-10-08,20835561,2023-10-08T15:44:10Z,414.7020605160572,8275,182,349,162,7.65,11:40:00,2023-10-08T14:40:00Z,368.3
SpC_CB_100823.xlsx,2023-10-08T12:44:20Z,2023-10-08T12:44:20Z,446.8,28.87,371.20544674701017,NA,NA,NA,NA,NA,CB,NA,2023-10-08,20835561,2023-10-08T15:44:20Z,414.7020605160572,8275,182,349,162,7.65,11:40:00,2023-10-08T14:40:00Z,368.3
SpC_CB_100823.xlsx,2023-10-08T12:44:30Z,2023-10-08T12:44:30Z,448,28.87,372.19896804032095,NA,NA,NA,NA,NA,CB,NA,2023-10-08,20835561,2023-10-08T15:44:30Z,415.8158529793949,8275,182,349,162,7.65,11:40:00,2023-10-08T14:40:00Z,368.3
SpC_CB_100823.xlsx,2023-10-08T12:44:40Z,2023-10-08T12:44:40Z,446.8,28.87,371.1985662905585,NA,NA,NA,NA,NA,CB,NA,2023-10-08,20835561,2023-10-08T15:44:40Z,414.7020605160572,8275,182,349,162,7.65,11:40:00,2023-10-08T14:40:00Z,368.3
SpC_CB_100823.xlsx,2023-10-08T12:44:50Z,2023-10-08T12:44:50Z,446.8,28.87,371.1951260623327,NA,NA,NA,NA,NA,CB,NA,2023-10-08,20835561,2023-10-08T15:44:50Z,414.7020605160572,8275,182,349,162,7.65,11:40:00,2023-10-08T14:40:00Z,368.3
SpC_CB_100823.xlsx,2023-10-08T12:45:00Z,2023-10-08T12:45:00Z,446.8,28.87,371.19168583410686,NA,NA,NA,NA,NA,CB,NA,2023-10-08,20835561,2023-10-08T15:45:00Z,414.7020605160572,8275,182,349,162,7.65,11:40:00,2023-10-08T14:40:00Z,368.3
SpC_CB_100823.xlsx,2023-10-08T12:45:10Z,2023-10-08T12:45:10Z,446.8,28.87,371.18824560588104,NA,NA,NA,NA,NA,CB,NA,2023-10-08,20835561,2023-10-08T15:45:10Z,414.7020605160572,8275,182,349,162,7.65,11:40:00,2023-10-08T14:40:00Z,368.3
SpC_CB_100823.xlsx,2023-10-08T12:45:20Z,2023-10-08T12:45:20Z,446.8,28.87,371.1848053776552,NA,NA,NA,NA,NA,CB,NA,2023-10-08,20835561,2023-10-08T15:45:20Z,414.7020605160572,8275,182,349,162,7.65,11:40:00,2023-10-08T14:40:00Z,368.3
SpC_CB_100823.xlsx,2023-10-08T12:45:30Z,2023-10-08T12:45:30Z,446,28.87,370.51676109365604,NA,NA,NA,NA,NA,CB,NA,2023-10-08,20835561,2023-10-08T15:45:30Z,413.9595322071654,8275,182,349,162,7.65,11:40:00,2023-10-08T14:40:00Z,368.3
SpC_CB_100823.xlsx,2023-10-08T12:45:40Z,2023-10-08T12:45:40Z,446.8,28.87,371.17792492120356,NA,NA,NA,NA,NA,CB,NA,2023-10-08,20835561,2023-10-08T15:45:40Z,414.7020605160572,8275,182,349,162,7.65,11:40:00,2023-10-08T14:40:00Z,368.3
SpC_CB_100823.xlsx,2023-10-08T12:45:50Z,2023-10-08T12:45:50Z,444.8,28.87,369.5130053523646,NA,NA,NA,NA,NA,CB,NA,2023-10-08,20835561,2023-10-08T15:45:50Z,412.8457397438278,8275,182,349,162,7.65,11:40:00,2023-10-08T14:40:00Z,368.3
SpC_CB_100823.xlsx,2023-10-08T12:46:00Z,2023-10-08T12:46:00Z,445.6,28.87,370.17416610003016,NA,NA,NA,NA,NA,CB,NA,2023-10-08,20835561,2023-10-08T15:46:00Z,413.58826805271957,8275,182,349,162,7.65,11:40:00,2023-10-08T14:40:00Z,368.3
SpC_CB_100823.xlsx,2023-10-08T12:46:10Z,2023-10-08T12:46:10Z,446,28.87,370.50302481980896,NA,NA,NA,NA,NA,CB,NA,2023-10-08,20835561,2023-10-08T15:46:10Z,413.9595322071654,8275,182,349,162,7.65,11:40:00,2023-10-08T14:40:00Z,368.3
SpC_CB_100823.xlsx,2023-10-08T12:46:20Z,2023-10-08T12:46:20Z,446.8,28.89,371.02641519998394,NA,NA,NA,NA,NA,CB,NA,2023-10-08,20835561,2023-10-08T15:46:20Z,414.54815364631656,8275,182,349,162,7.65,11:40:00,2023-10-08T14:40:00Z,368.3
SpC_CB_100823.xlsx,2023-10-08T12:46:30Z,2023-10-08T12:46:30Z,446.40000000000003,28.89,370.69081601910966,NA,NA,NA,NA,NA,CB,NA,2023-10-08,20835561,2023-10-08T15:46:30Z,414.17702727778806,8275,182,349,162,7.65,11:40:00,2023-10-08T14:40:00Z,368.3
SpC_CB_100823.xlsx,2023-10-08T12:46:40Z,2023-10-08T12:46:40Z,446.8,28.89,371.0195372970511,NA,NA,NA,NA,NA,CB,NA,2023-10-08,20835561,2023-10-08T15:46:40Z,414.54815364631656,8275,182,349,162,7.65,11:40:00,2023-10-08T14:40:00Z,368.3
SpC_CB_100823.xlsx,2023-10-08T12:46:50Z,2023-10-08T12:46:50Z,446.8,28.87,371.15384332362277,NA,NA,NA,NA,NA,CB,NA,2023-10-08,20835561,2023-10-08T15:46:50Z,414.7020605160572,8275,182,349,162,7.65,11:40:00,2023-10-08T14:40:00Z,368.3
SpC_CB_100823.xlsx,2023-10-08T12:47:00Z,2023-10-08T12:47:00Z,446,28.89,370.3483574077366,NA,NA,NA,NA,NA,CB,NA,2023-10-08,20835561,2023-10-08T15:47:00Z,413.80590090925955,8275,182,349,162,7.65,11:40:00,2023-10-08T14:40:00Z,368.3
SpC_CB_100823.xlsx,2023-10-08T12:47:10Z,2023-10-08T12:47:10Z,446.8,28.89,371.00922044265184,NA,NA,NA,NA,NA,CB,NA,2023-10-08,20835561,2023-10-08T15:47:10Z,414.54815364631656,8275,182,349,162,7.65,11:40:00,2023-10-08T14:40:00Z,368.3
SpC_CB_100823.xlsx,2023-10-08T12:47:20Z,2023-10-08T12:47:20Z,446,28.89,370.3414918197598,NA,NA,NA,NA,NA,CB,NA,2023-10-08,20835561,2023-10-08T15:47:20Z,413.80590090925955,8275,182,349,162,7.65,11:40:00,2023-10-08T14:40:00Z,368.3
SpC_CB_100823.xlsx,2023-10-08T12:47:30Z,2023-10-08T12:47:30Z,446,28.89,370.33805902577143,NA,NA,NA,NA,NA,CB,NA,2023-10-08,20835561,2023-10-08T15:47:30Z,413.80590090925955,8275,182,349,162,7.65,11:40:00,2023-10-08T14:40:00Z,368.3
SpC_CB_100823.xlsx,2023-10-08T12:47:40Z,2023-10-08T12:47:40Z,446,28.89,370.33462623178303,NA,NA,NA,NA,NA,CB,NA,2023-10-08,20835561,2023-10-08T15:47:40Z,413.80590090925955,8275,182,349,162,7.65,11:40:00,2023-10-08T14:40:00Z,368.3
SpC_CB_100823.xlsx,2023-10-08T12:47:50Z,2023-10-08T12:47:50Z,445.6,28.89,369.9990578382988,NA,NA,NA,NA,NA,CB,NA,2023-10-08,20835561,2023-10-08T15:47:50Z,413.4347745407311,8275,182,349,162,7.65,11:40:00,2023-10-08T14:40:00Z,368.3
SpC_CB_100823.xlsx,2023-10-08T12:48:00Z,2023-10-08T12:48:00Z,445.6,28.89,369.9956281230494,NA,NA,NA,NA,NA,CB,NA,2023-10-08,20835561,2023-10-08T15:48:00Z,413.4347745407311,8275,182,349,162,7.65,11:40:00,2023-10-08T14:40:00Z,368.3
SpC_CB_100823.xlsx,2023-10-08T12:48:10Z,2023-10-08T12:48:10Z,445.6,28.89,369.9921984078,NA,NA,NA,NA,NA,CB,NA,2023-10-08,20835561,2023-10-08T15:48:10Z,413.4347745407311,8275,182,349,162,7.65,11:40:00,2023-10-08T14:40:00Z,368.3
SpC_CB_100823.xlsx,2023-10-08T12:48:20Z,2023-10-08T12:48:20Z,445.6,28.89,369.9887686925506,NA,NA,NA,NA,NA,CB,NA,2023-10-08,20835561,2023-10-08T15:48:20Z,413.4347745407311,8275,182,349,162,7.65,11:40:00,2023-10-08T14:40:00Z,368.3
SpC_CB_100823.xlsx,2023-10-08T12:48:30Z,2023-10-08T12:48:30Z,445.6,28.89,369.9853389773012,NA,NA,NA,NA,NA,CB,NA,2023-10-08,20835561,2023-10-08T15:48:30Z,413.4347745407311,8275,182,349,162,7.65,11:40:00,2023-10-08T14:40:00Z,368.3
SpC_CB_100823.xlsx,2023-10-08T12:48:40Z,2023-10-08T12:48:40Z,445.6,28.89,369.9819092620518,NA,NA,NA,NA,NA,CB,NA,2023-10-08,20835561,2023-10-08T15:48:40Z,413.4347745407311,8275,182,349,162,7.65,11:40:00,2023-10-08T14:40:00Z,368.3
SpC_CB_100823.xlsx,2023-10-08T12:48:50Z,2023-10-08T12:48:50Z,445.6,28.89,369.9784795468024,NA,NA,NA,NA,NA,CB,NA,2023-10-08,20835561,2023-10-08T15:48:50Z,413.4347745407311,8275,182,349,162,7.65,11:40:00,2023-10-08T14:40:00Z,368.3
SpC_CB_100823.xlsx,2023-10-08T12:49:00Z,2023-10-08T12:49:00Z,445.20000000000005,28.89,369.64293578323026,NA,NA,NA,NA,NA,CB,NA,2023-10-08,20835561,2023-10-08T15:49:00Z,413.06364817220265,8275,182,349,162,7.65,11:40:00,2023-10-08T14:40:00Z,368.3
SpC_CB_100823.xlsx,2023-10-08T12:49:10Z,2023-10-08T12:49:10Z,445.6,28.89,369.9716201163036,NA,NA,NA,NA,NA,CB,NA,2023-10-08,20835561,2023-10-08T15:49:10Z,413.4347745407311,8275,182,349,162,7.65,11:40:00,2023-10-08T14:40:00Z,368.3
SpC_CB_100823.xlsx,2023-10-08T12:49:20Z,2023-10-08T12:49:20Z,445.6,28.89,369.9681904010542,NA,NA,NA,NA,NA,CB,NA,2023-10-08,20835561,2023-10-08T15:49:20Z,413.4347745407311,8275,182,349,162,7.65,11:40:00,2023-10-08T14:40:00Z,368.3
SpC_CB_100823.xlsx,2023-10-08T12:49:30Z,2023-10-08T12:49:30Z,445.20000000000005,28.900000000000002,369.56407838652393,NA,NA,NA,NA,NA,CB,NA,2023-10-08,20835561,2023-10-08T15:49:30Z,412.987012987013,8275,182,349,162,7.65,11:40:00,2023-10-08T14:40:00Z,368.3
SpC_CB_100823.xlsx,2023-10-08T12:49:40Z,2023-10-08T12:49:40Z,445.20000000000005,28.900000000000002,369.56065238575314,NA,NA,NA,NA,NA,CB,NA,2023-10-08,20835561,2023-10-08T15:49:40Z,412.987012987013,8275,182,349,162,7.65,11:40:00,2023-10-08T14:40:00Z,368.3
SpC_CB_100823.xlsx,2023-10-08T12:49:50Z,2023-10-08T12:49:50Z,445.20000000000005,28.900000000000002,369.55722638498236,NA,NA,NA,NA,NA,CB,NA,2023-10-08,20835561,2023-10-08T15:49:50Z,412.987012987013,8275,182,349,162,7.65,11:40:00,2023-10-08T14:40:00Z,368.3
SpC_CB_100823.xlsx,2023-10-08T12:50:00Z,2023-10-08T12:50:00Z,445.20000000000005,28.900000000000002,369.55380038421157,NA,NA,NA,NA,NA,CB,NA,2023-10-08,20835561,2023-10-08T15:50:00Z,412.987012987013,8275,182,349,162,7.65,11:40:00,2023-10-08T14:40:00Z,368.3
SpC_CB_100823.xlsx,2023-10-08T12:50:10Z,2023-10-08T12:50:10Z,445.20000000000005,28.89,369.6189493276574,NA,NA,NA,NA,NA,CB,NA,2023-10-08,20835561,2023-10-08T15:50:10Z,413.06364817220265,8275,182,349,162,7.65,11:40:00,2023-10-08T14:40:00Z,368.3
SpC_CB_100823.xlsx,2023-10-08T12:50:20Z,2023-10-08T12:50:20Z,445.20000000000005,28.900000000000002,369.54694838267,NA,NA,NA,NA,NA,CB,NA,2023-10-08,20835561,2023-10-08T15:50:20Z,412.987012987013,8275,182,349,162,7.65,11:40:00,2023-10-08T14:40:00Z,368.3
SpC_CB_100823.xlsx,2023-10-08T12:50:30Z,2023-10-08T12:50:30Z,445.20000000000005,28.900000000000002,369.5435223818992,NA,NA,NA,NA,NA,CB,NA,2023-10-08,20835561,2023-10-08T15:50:30Z,412.987012987013,8275,182,349,162,7.65,11:40:00,2023-10-08T14:40:00Z,368.3
SpC_CB_100823.xlsx,2023-10-08T12:50:40Z,2023-10-08T12:50:40Z,445.20000000000005,28.900000000000002,369.54009638112836,NA,NA,NA,NA,NA,CB,NA,2023-10-08,20835561,2023-10-08T15:50:40Z,412.987012987013,8275,182,349,162,7.65,11:40:00,2023-10-08T14:40:00Z,368.3
SpC_CB_100823.xlsx,2023-10-08T12:50:50Z,2023-10-08T12:50:50Z,444.8,28.900000000000002,369.2046518085873,NA,NA,NA,NA,NA,CB,NA,2023-10-08,20835561,2023-10-08T15:50:50Z,412.6159554730983,8275,182,349,162,7.65,11:40:00,2023-10-08T14:40:00Z,368.3
SpC_CB_100823.xlsx,2023-10-08T12:51:00Z,2023-10-08T12:51:00Z,445.20000000000005,28.900000000000002,369.53324437958685,NA,NA,NA,NA,NA,CB,NA,2023-10-08,20835561,2023-10-08T15:51:00Z,412.987012987013,8275,182,349,162,7.65,11:40:00,2023-10-08T14:40:00Z,368.3
SpC_CB_100823.xlsx,2023-10-08T12:51:10Z,2023-10-08T12:51:10Z,445.20000000000005,28.900000000000002,369.529818378816,NA,NA,NA,NA,NA,CB,NA,2023-10-08,20835561,2023-10-08T15:51:10Z,412.987012987013,8275,182,349,162,7.65,11:40:00,2023-10-08T14:40:00Z,368.3
SpC_CB_100823.xlsx,2023-10-08T12:51:20Z,2023-10-08T12:51:20Z,444.8,28.900000000000002,369.19438304077835,NA,NA,NA,NA,NA,CB,NA,2023-10-08,20835561,2023-10-08T15:51:20Z,412.6159554730983,8275,182,349,162,7.65,11:40:00,2023-10-08T14:40:00Z,368.3
SpC_CB_100823.xlsx,2023-10-08T12:51:30Z,2023-10-08T12:51:30Z,444.8,28.900000000000002,369.1909601181754,NA,NA,NA,NA,NA,CB,NA,2023-10-08,20835561,2023-10-08T15:51:30Z,412.6159554730983,8275,182,349,162,7.65,11:40:00,2023-10-08T14:40:00Z,368.3
SpC_CB_100823.xlsx,2023-10-08T12:51:40Z,2023-10-08T12:51:40Z,444.8,28.900000000000002,369.1875371955724,NA,NA,NA,NA,NA,CB,NA,2023-10-08,20835561,2023-10-08T15:51:40Z,412.6159554730983,8275,182,349,162,7.65,11:40:00,2023-10-08T14:40:00Z,368.3
SpC_CB_100823.xlsx,2023-10-08T12:51:50Z,2023-10-08T12:51:50Z,444.8,28.900000000000002,369.1841142729694,NA,NA,NA,NA,NA,CB,NA,2023-10-08,20835561,2023-10-08T15:51:50Z,412.6159554730983,8275,182,349,162,7.65,11:40:00,2023-10-08T14:40:00Z,368.3
SpC_CB_100823.xlsx,2023-10-08T12:52:00Z,2023-10-08T12:52:00Z,445.20000000000005,28.900000000000002,369.51268837496207,NA,NA,NA,NA,NA,CB,NA,2023-10-08,20835561,2023-10-08T15:52:00Z,412.987012987013,8275,182,349,162,7.65,11:40:00,2023-10-08T14:40:00Z,368.3
SpC_CB_100823.xlsx,2023-10-08T12:52:10Z,2023-10-08T12:52:10Z,444.8,28.900000000000002,369.17726842776347,NA,NA,NA,NA,NA,CB,NA,2023-10-08,20835561,2023-10-08T15:52:10Z,412.6159554730983,8275,182,349,162,7.65,11:40:00,2023-10-08T14:40:00Z,368.3
SpC_CB_100823.xlsx,2023-10-08T12:52:20Z,2023-10-08T12:52:20Z,444.8,28.900000000000002,369.17384550516044,NA,NA,NA,NA,NA,CB,NA,2023-10-08,20835561,2023-10-08T15:52:20Z,412.6159554730983,8275,182,349,162,7.65,11:40:00,2023-10-08T14:40:00Z,368.3
SpC_CB_100823.xlsx,2023-10-08T12:52:30Z,2023-10-08T12:52:30Z,444.8,28.900000000000002,369.1704225825575,NA,NA,NA,NA,NA,CB,NA,2023-10-08,20835561,2023-10-08T15:52:30Z,412.6159554730983,8275,182,349,162,7.65,11:40:00,2023-10-08T14:40:00Z,368.3
SpC_CB_100823.xlsx,2023-10-08T12:52:40Z,2023-10-08T12:52:40Z,445.20000000000005,28.91,369.4304444007471,NA,NA,NA,NA,NA,CB,NA,2023-10-08,20835561,2023-10-08T15:52:40Z,412.91040623260994,8275,182,349,162,7.65,11:40:00,2023-10-08T14:40:00Z,368.3
SpC_CB_100823.xlsx,2023-10-08T12:52:50Z,2023-10-08T12:52:50Z,445.20000000000005,28.900000000000002,369.49555837110813,NA,NA,NA,NA,NA,CB,NA,2023-10-08,20835561,2023-10-08T15:52:50Z,412.987012987013,8275,182,349,162,7.65,11:40:00,2023-10-08T14:40:00Z,368.3
SpC_CB_100823.xlsx,2023-10-08T12:53:00Z,2023-10-08T12:53:00Z,444.8,28.900000000000002,369.1601538147485,NA,NA,NA,NA,NA,CB,NA,2023-10-08,20835561,2023-10-08T15:53:00Z,412.6159554730983,8275,182,349,162,7.65,11:40:00,2023-10-08T14:40:00Z,368.3
SpC_CB_100823.xlsx,2023-10-08T12:53:10Z,2023-10-08T12:53:10Z,444.8,28.91,369.08825440709785,NA,NA,NA,NA,NA,CB,NA,2023-10-08,20835561,2023-10-08T15:53:10Z,412.5394175477648,8275,182,349,162,7.65,11:40:00,2023-10-08T14:40:00Z,368.3
SpC_CB_100823.xlsx,2023-10-08T12:53:20Z,2023-10-08T12:53:20Z,444.8,28.91,369.08483211942763,NA,NA,NA,NA,NA,CB,NA,2023-10-08,20835561,2023-10-08T15:53:20Z,412.5394175477648,8275,182,349,162,7.65,11:40:00,2023-10-08T14:40:00Z,368.3
SpC_CB_100823.xlsx,2023-10-08T12:53:30Z,2023-10-08T12:53:30Z,444.8,28.91,369.0814098317574,NA,NA,NA,NA,NA,CB,NA,2023-10-08,20835561,2023-10-08T15:53:30Z,412.5394175477648,8275,182,349,162,7.65,11:40:00,2023-10-08T14:40:00Z,368.3
SpC_CB_100823.xlsx,2023-10-08T12:53:40Z,2023-10-08T12:53:40Z,444.40000000000003,28.91,368.74608287902964,NA,NA,NA,NA,NA,CB,NA,2023-10-08,20835561,2023-10-08T15:53:40Z,412.1684288629197,8275,182,349,162,7.65,11:40:00,2023-10-08T14:40:00Z,368.3
SpC_CB_100823.xlsx,2023-10-08T12:53:50Z,2023-10-08T12:53:50Z,444.8,28.91,369.07456525641703,NA,NA,NA,NA,NA,CB,NA,2023-10-08,20835561,2023-10-08T15:53:50Z,412.5394175477648,8275,182,349,162,7.65,11:40:00,2023-10-08T14:40:00Z,368.3
SpC_CB_100823.xlsx,2023-10-08T12:54:00Z,2023-10-08T12:54:00Z,444.40000000000003,28.91,368.73924445888287,NA,NA,NA,NA,NA,CB,NA,2023-10-08,20835561,2023-10-08T15:54:00Z,412.1684288629197,8275,182,349,162,7.65,11:40:00,2023-10-08T14:40:00Z,368.3
SpC_CB_100823.xlsx,2023-10-08T12:54:10Z,2023-10-08T12:54:10Z,444.8,28.91,369.06772068107665,NA,NA,NA,NA,NA,CB,NA,2023-10-08,20835561,2023-10-08T15:54:10Z,412.5394175477648,8275,182,349,162,7.65,11:40:00,2023-10-08T14:40:00Z,368.3
SpC_CB_100823.xlsx,2023-10-08T12:54:20Z,2023-10-08T12:54:20Z,444.8,28.91,369.06429839340643,NA,NA,NA,NA,NA,CB,NA,2023-10-08,20835561,2023-10-08T15:54:20Z,412.5394175477648,8275,182,349,162,7.65,11:40:00,2023-10-08T14:40:00Z,368.3
SpC_CB_100823.xlsx,2023-10-08T12:54:30Z,2023-10-08T12:54:30Z,444.40000000000003,28.91,368.7289868286627,NA,NA,NA,NA,NA,CB,NA,2023-10-08,20835561,2023-10-08T15:54:30Z,412.1684288629197,8275,182,349,162,7.65,11:40:00,2023-10-08T14:40:00Z,368.3
SpC_CB_100823.xlsx,2023-10-08T12:54:40Z,2023-10-08T12:54:40Z,444.8,28.91,369.057453818066,NA,NA,NA,NA,NA,CB,NA,2023-10-08,20835561,2023-10-08T15:54:40Z,412.5394175477648,8275,182,349,162,7.65,11:40:00,2023-10-08T14:40:00Z,368.3
SpC_CB_100823.xlsx,2023-10-08T12:54:50Z,2023-10-08T12:54:50Z,444.40000000000003,28.91,368.722148408516,NA,NA,NA,NA,NA,CB,NA,2023-10-08,20835561,2023-10-08T15:54:50Z,412.1684288629197,8275,182,349,162,7.65,11:40:00,2023-10-08T14:40:00Z,368.3
SpC_CB_100823.xlsx,2023-10-08T12:55:00Z,2023-10-08T12:55:00Z,444.40000000000003,28.91,368.7187291984426,NA,NA,NA,NA,NA,CB,NA,2023-10-08,20835561,2023-10-08T15:55:00Z,412.1684288629197,8275,182,349,162,7.65,11:40:00,2023-10-08T14:40:00Z,368.3
SpC_CB_100823.xlsx,2023-10-08T12:55:10Z,2023-10-08T12:55:10Z,444.8,28.91,369.04718695505534,NA,NA,NA,NA,NA,CB,NA,2023-10-08,20835561,2023-10-08T15:55:10Z,412.5394175477648,8275,182,349,162,7.65,11:40:00,2023-10-08T14:40:00Z,368.3
SpC_CB_100823.xlsx,2023-10-08T12:55:20Z,2023-10-08T12:55:20Z,444,28.91,368.38001688920644,NA,NA,NA,NA,NA,CB,NA,2023-10-08,20835561,2023-10-08T15:55:20Z,411.79744017807457,8275,182,349,162,7.65,11:40:00,2023-10-08T14:40:00Z,368.3
SpC_CB_100823.xlsx,2023-10-08T12:55:30Z,2023-10-08T12:55:30Z,444.40000000000003,28.91,368.7084715682225,NA,NA,NA,NA,NA,CB,NA,2023-10-08,20835561,2023-10-08T15:55:30Z,412.1684288629197,8275,182,349,162,7.65,11:40:00,2023-10-08T14:40:00Z,368.3
SpC_CB_100823.xlsx,2023-10-08T12:55:40Z,2023-10-08T12:55:40Z,444.8,28.91,369.03692009204474,NA,NA,NA,NA,NA,CB,NA,2023-10-08,20835561,2023-10-08T15:55:40Z,412.5394175477648,8275,182,349,162,7.65,11:40:00,2023-10-08T14:40:00Z,368.3
SpC_CB_100823.xlsx,2023-10-08T12:55:50Z,2023-10-08T12:55:50Z,444.8,28.91,369.0334978043746,NA,NA,NA,NA,NA,CB,NA,2023-10-08,20835561,2023-10-08T15:55:50Z,412.5394175477648,8275,182,349,162,7.65,11:40:00,2023-10-08T14:40:00Z,368.3
SpC_CB_100823.xlsx,2023-10-08T12:56:00Z,2023-10-08T12:56:00Z,444.40000000000003,28.91,368.6982139380023,NA,NA,NA,NA,NA,CB,NA,2023-10-08,20835561,2023-10-08T15:56:00Z,412.1684288629197,8275,182,349,162,7.65,11:40:00,2023-10-08T14:40:00Z,368.3
SpC_CB_100823.xlsx,2023-10-08T12:56:10Z,2023-10-08T12:56:10Z,444.40000000000003,28.91,368.6947947279289,NA,NA,NA,NA,NA,CB,NA,2023-10-08,20835561,2023-10-08T15:56:10Z,412.1684288629197,8275,182,349,162,7.65,11:40:00,2023-10-08T14:40:00Z,368.3
SpC_CB_100823.xlsx,2023-10-08T12:56:20Z,2023-10-08T12:56:20Z,444.40000000000003,28.91,368.69137551785553,NA,NA,NA,NA,NA,CB,NA,2023-10-08,20835561,2023-10-08T15:56:20Z,412.1684288629197,8275,182,349,162,7.65,11:40:00,2023-10-08T14:40:00Z,368.3
SpC_CB_100823.xlsx,2023-10-08T12:56:30Z,2023-10-08T12:56:30Z,444.40000000000003,28.92,368.6195794612859,NA,NA,NA,NA,NA,CB,NA,2023-10-08,20835561,2023-10-08T15:56:30Z,412.09198813056383,8275,182,349,162,7.65,11:40:00,2023-10-08T14:40:00Z,368.3
SpC_CB_100823.xlsx,2023-10-08T12:56:40Z,2023-10-08T12:56:40Z,444.40000000000003,28.92,368.61616088533907,NA,NA,NA,NA,NA,CB,NA,2023-10-08,20835561,2023-10-08T15:56:40Z,412.09198813056383,8275,182,349,162,7.65,11:40:00,2023-10-08T14:40:00Z,368.3
SpC_CB_100823.xlsx,2023-10-08T12:56:50Z,2023-10-08T12:56:50Z,444.8,28.92,368.9445269559352,NA,NA,NA,NA,NA,CB,NA,2023-10-08,20835561,2023-10-08T15:56:50Z,412.46290801186944,8275,182,349,162,7.65,11:40:00,2023-10-08T14:40:00Z,368.3
SpC_CB_100823.xlsx,2023-10-08T12:57:00Z,2023-10-08T12:57:00Z,444.40000000000003,28.91,368.67769867756203,NA,NA,NA,NA,NA,CB,NA,2023-10-08,20835561,2023-10-08T15:57:00Z,412.1684288629197,8275,182,349,162,7.65,11:40:00,2023-10-08T14:40:00Z,368.3
SpC_CB_100823.xlsx,2023-10-08T12:57:10Z,2023-10-08T12:57:10Z,444.40000000000003,28.92,368.6059051574984,NA,NA,NA,NA,NA,CB,NA,2023-10-08,20835561,2023-10-08T15:57:10Z,412.09198813056383,8275,182,349,162,7.65,11:40:00,2023-10-08T14:40:00Z,368.3
SpC_CB_100823.xlsx,2023-10-08T12:57:20Z,2023-10-08T12:57:20Z,444.40000000000003,28.92,368.6024865815515,NA,NA,NA,NA,NA,CB,NA,2023-10-08,20835561,2023-10-08T15:57:20Z,412.09198813056383,8275,182,349,162,7.65,11:40:00,2023-10-08T14:40:00Z,368.3
SpC_CB_100823.xlsx,2023-10-08T12:57:30Z,2023-10-08T12:57:30Z,444.40000000000003,28.92,368.59906800560464,NA,NA,NA,NA,NA,CB,NA,2023-10-08,20835561,2023-10-08T15:57:30Z,412.09198813056383,8275,182,349,162,7.65,11:40:00,2023-10-08T14:40:00Z,368.3
SpC_CB_100823.xlsx,2023-10-08T12:57:40Z,2023-10-08T12:57:40Z,444.40000000000003,28.92,368.5956494296578,NA,NA,NA,NA,NA,CB,NA,2023-10-08,20835561,2023-10-08T15:57:40Z,412.09198813056383,8275,182,349,162,7.65,11:40:00,2023-10-08T14:40:00Z,368.3
SpC_CB_100823.xlsx,2023-10-08T12:57:50Z,2023-10-08T12:57:50Z,444.40000000000003,28.92,368.5922308537109,NA,NA,NA,NA,NA,CB,NA,2023-10-08,20835561,2023-10-08T15:57:50Z,412.09198813056383,8275,182,349,162,7.65,11:40:00,2023-10-08T14:40:00Z,368.3
SpC_CB_100823.xlsx,2023-10-08T12:58:00Z,2023-10-08T12:58:00Z,444,28.92,368.25704917040326,NA,NA,NA,NA,NA,CB,NA,2023-10-08,20835561,2023-10-08T15:58:00Z,411.72106824925817,8275,182,349,162,7.65,11:40:00,2023-10-08T14:40:00Z,368.3
SpC_CB_100823.xlsx,2023-10-08T12:58:10Z,2023-10-08T12:58:10Z,444.40000000000003,28.92,368.58539370181705,NA,NA,NA,NA,NA,CB,NA,2023-10-08,20835561,2023-10-08T15:58:10Z,412.09198813056383,8275,182,349,162,7.65,11:40:00,2023-10-08T14:40:00Z,368.3
SpC_CB_100823.xlsx,2023-10-08T12:58:20Z,2023-10-08T12:58:20Z,444.40000000000003,28.92,368.5819751258702,NA,NA,NA,NA,NA,CB,NA,2023-10-08,20835561,2023-10-08T15:58:20Z,412.09198813056383,8275,182,349,162,7.65,11:40:00,2023-10-08T14:40:00Z,368.3
SpC_CB_100823.xlsx,2023-10-08T12:58:30Z,2023-10-08T12:58:30Z,444.40000000000003,28.92,368.5785565499233,NA,NA,NA,NA,NA,CB,NA,2023-10-08,20835561,2023-10-08T15:58:30Z,412.09198813056383,8275,182,349,162,7.65,11:40:00,2023-10-08T14:40:00Z,368.3
SpC_CB_100823.xlsx,2023-10-08T12:58:40Z,2023-10-08T12:58:40Z,444.40000000000003,28.92,368.57513797397644,NA,NA,NA,NA,NA,CB,NA,2023-10-08,20835561,2023-10-08T15:58:40Z,412.09198813056383,8275,182,349,162,7.65,11:40:00,2023-10-08T14:40:00Z,368.3
SpC_CB_100823.xlsx,2023-10-08T12:58:50Z,2023-10-08T12:58:50Z,444,28.92,368.2399716757991,NA,NA,NA,NA,NA,CB,NA,2023-10-08,20835561,2023-10-08T15:58:50Z,411.72106824925817,8275,182,349,162,7.65,11:40:00,2023-10-08T14:40:00Z,368.3
SpC_CB_100823.xlsx,2023-10-08T12:59:00Z,2023-10-08T12:59:00Z,444.40000000000003,28.92,368.5683008220827,NA,NA,NA,NA,NA,CB,NA,2023-10-08,20835561,2023-10-08T15:59:00Z,412.09198813056383,8275,182,349,162,7.65,11:40:00,2023-10-08T14:40:00Z,368.3
SpC_CB_100823.xlsx,2023-10-08T12:59:10Z,2023-10-08T12:59:10Z,444.40000000000003,28.92,368.5648822461358,NA,NA,NA,NA,NA,CB,NA,2023-10-08,20835561,2023-10-08T15:59:10Z,412.09198813056383,8275,182,349,162,7.65,11:40:00,2023-10-08T14:40:00Z,368.3
SpC_CB_100823.xlsx,2023-10-08T12:59:20Z,2023-10-08T12:59:20Z,444,28.92,368.2297251790366,NA,NA,NA,NA,NA,CB,NA,2023-10-08,20835561,2023-10-08T15:59:20Z,411.72106824925817,8275,182,349,162,7.65,11:40:00,2023-10-08T14:40:00Z,368.3
SpC_CB_100823.xlsx,2023-10-08T12:59:30Z,2023-10-08T12:59:30Z,444,28.92,368.2263096801158,NA,NA,NA,NA,NA,CB,NA,2023-10-08,20835561,2023-10-08T15:59:30Z,411.72106824925817,8275,182,349,162,7.65,11:40:00,2023-10-08T14:40:00Z,368.3
SpC_CB_100823.xlsx,2023-10-08T12:59:40Z,2023-10-08T12:59:40Z,444,28.92,368.222894181195,NA,NA,NA,NA,NA,CB,NA,2023-10-08,20835561,2023-10-08T15:59:40Z,411.72106824925817,8275,182,349,162,7.65,11:40:00,2023-10-08T14:40:00Z,368.3
SpC_CB_100823.xlsx,2023-10-08T12:59:50Z,2023-10-08T12:59:50Z,444.8,28.94,368.7461619198112,NA,NA,NA,NA,NA,CB,NA,2023-10-08,20835561,2023-10-08T15:59:50Z,412.3099740452355,8275,182,349,162,7.65,11:40:00,2023-10-08T14:40:00Z,368.3
SpC_CB_100823.xlsx,2023-10-08T13:00:00Z,2023-10-08T13:00:00Z,444.40000000000003,28.94,368.4111383506927,NA,NA,NA,NA,NA,CB,NA,2023-10-08,20835561,2023-10-08T16:00:00Z,411.93919169447537,8275,182,349,162,7.65,11:40:00,2023-10-08T14:40:00Z,368.3
SpC_CB_100823.xlsx,2023-10-08T13:00:10Z,2023-10-08T13:00:10Z,444,28.94,368.0761209333444,NA,NA,NA,NA,NA,CB,NA,2023-10-08,20835561,2023-10-08T16:00:10Z,411.56840934371525,8275,182,349,162,7.65,11:40:00,2023-10-08T14:40:00Z,368.3
SpC_CB_100823.xlsx,2023-10-08T13:00:20Z,2023-10-08T13:00:20Z,443.6,28.94,367.7411096677665,NA,NA,NA,NA,NA,CB,NA,2023-10-08,20835561,2023-10-08T16:00:20Z,411.1976269929552,8275,182,349,162,7.65,11:40:00,2023-10-08T14:40:00Z,368.3
SpC_CB_100823.xlsx,2023-10-08T13:00:30Z,2023-10-08T13:00:30Z,444.40000000000003,28.92,368.5375336385608,NA,NA,NA,NA,NA,CB,NA,2023-10-08,20835561,2023-10-08T16:00:30Z,412.09198813056383,8275,182,349,162,7.65,11:40:00,2023-10-08T14:40:00Z,368.3
SpC_CB_100823.xlsx,2023-10-08T13:00:40Z,2023-10-08T13:00:40Z,444,28.92,368.20240118767,NA,NA,NA,NA,NA,CB,NA,2023-10-08,20835561,2023-10-08T16:00:40Z,411.72106824925817,8275,182,349,162,7.65,11:40:00,2023-10-08T14:40:00Z,368.3
SpC_CB_100823.xlsx,2023-10-08T13:00:50Z,2023-10-08T13:00:50Z,444,28.94,368.062464003288,NA,NA,NA,NA,NA,CB,NA,2023-10-08,20835561,2023-10-08T16:00:50Z,411.56840934371525,8275,182,349,162,7.65,11:40:00,2023-10-08T14:40:00Z,368.3
SpC_CB_100823.xlsx,2023-10-08T13:01:00Z,2023-10-08T13:01:00Z,444.40000000000003,28.94,368.39063450029715,NA,NA,NA,NA,NA,CB,NA,2023-10-08,20835561,2023-10-08T16:01:00Z,411.93919169447537,8275,182,349,162,7.65,11:40:00,2023-10-08T14:40:00Z,368.3
SpC_CB_100823.xlsx,2023-10-08T13:01:10Z,2023-10-08T13:01:10Z,444,28.94,368.05563553825976,NA,NA,NA,NA,NA,CB,NA,2023-10-08,20835561,2023-10-08T16:01:10Z,411.56840934371525,8275,182,349,162,7.65,11:40:00,2023-10-08T14:40:00Z,368.3
SpC_CB_100823.xlsx,2023-10-08T13:01:20Z,2023-10-08T13:01:20Z,444,28.94,368.05222130574566,NA,NA,NA,NA,NA,CB,NA,2023-10-08,20835561,2023-10-08T16:01:20Z,411.56840934371525,8275,182,349,162,7.65,11:40:00,2023-10-08T14:40:00Z,368.3
SpC_CB_100823.xlsx,2023-10-08T13:01:30Z,2023-10-08T13:01:30Z,443.6,28.92,367.8536252032523,NA,NA,NA,NA,NA,CB,NA,2023-10-08,20835561,2023-10-08T16:01:30Z,411.35014836795256,8275,182,349,162,7.65,11:40:00,2023-10-08T14:40:00Z,368.3
SpC_CB_100823.xlsx,2023-10-08T13:01:40Z,2023-10-08T13:01:40Z,444,28.94,368.04539284071745,NA,NA,NA,NA,NA,CB,NA,2023-10-08,20835561,2023-10-08T16:01:40Z,411.56840934371525,8275,182,349,162,7.65,11:40:00,2023-10-08T14:40:00Z,368.3
SpC_CB_100823.xlsx,2023-10-08T13:01:50Z,2023-10-08T13:01:50Z,444.40000000000003,28.94,368.37354795830083,NA,NA,NA,NA,NA,CB,NA,2023-10-08,20835561,2023-10-08T16:01:50Z,411.93919169447537,8275,182,349,162,7.65,11:40:00,2023-10-08T14:40:00Z,368.3
SpC_CB_100823.xlsx,2023-10-08T13:02:00Z,2023-10-08T13:02:00Z,443.6,28.94,367.7069981014769,NA,NA,NA,NA,NA,CB,NA,2023-10-08,20835561,2023-10-08T16:02:00Z,411.1976269929552,8275,182,349,162,7.65,11:40:00,2023-10-08T14:40:00Z,368.3
SpC_CB_100823.xlsx,2023-10-08T13:02:10Z,2023-10-08T13:02:10Z,443.6,28.94,367.703586944848,NA,NA,NA,NA,NA,CB,NA,2023-10-08,20835561,2023-10-08T16:02:10Z,411.1976269929552,8275,182,349,162,7.65,11:40:00,2023-10-08T14:40:00Z,368.3
SpC_CB_100823.xlsx,2023-10-08T13:02:20Z,2023-10-08T13:02:20Z,443.6,28.94,367.700175788219,NA,NA,NA,NA,NA,CB,NA,2023-10-08,20835561,2023-10-08T16:02:20Z,411.1976269929552,8275,182,349,162,7.65,11:40:00,2023-10-08T14:40:00Z,368.3
SpC_CB_100823.xlsx,2023-10-08T13:02:30Z,2023-10-08T13:02:30Z,443.6,28.94,367.69676463159004,NA,NA,NA,NA,NA,CB,NA,2023-10-08,20835561,2023-10-08T16:02:30Z,411.1976269929552,8275,182,349,162,7.65,11:40:00,2023-10-08T14:40:00Z,368.3
SpC_CB_100823.xlsx,2023-10-08T13:02:40Z,2023-10-08T13:02:40Z,444,28.94,368.02490744563283,NA,NA,NA,NA,NA,CB,NA,2023-10-08,20835561,2023-10-08T16:02:40Z,411.56840934371525,8275,182,349,162,7.65,11:40:00,2023-10-08T14:40:00Z,368.3
SpC_CB_100823.xlsx,2023-10-08T13:02:50Z,2023-10-08T13:02:50Z,443.6,28.94,367.6899423183321,NA,NA,NA,NA,NA,CB,NA,2023-10-08,20835561,2023-10-08T16:02:50Z,411.1976269929552,8275,182,349,162,7.65,11:40:00,2023-10-08T14:40:00Z,368.3
SpC_CB_100823.xlsx,2023-10-08T13:03:00Z,2023-10-08T13:03:00Z,443.6,28.94,367.68653116170316,NA,NA,NA,NA,NA,CB,NA,2023-10-08,20835561,2023-10-08T16:03:00Z,411.1976269929552,8275,182,349,162,7.65,11:40:00,2023-10-08T14:40:00Z,368.3
SpC_CB_100823.xlsx,2023-10-08T13:03:10Z,2023-10-08T13:03:10Z,443.6,28.94,367.6831200050742,NA,NA,NA,NA,NA,CB,NA,2023-10-08,20835561,2023-10-08T16:03:10Z,411.1976269929552,8275,182,349,162,7.65,11:40:00,2023-10-08T14:40:00Z,368.3
SpC_CB_100823.xlsx,2023-10-08T13:03:20Z,2023-10-08T13:03:20Z,444,28.95,367.9430371234511,NA,NA,NA,NA,NA,CB,NA,2023-10-08,20835561,2023-10-08T16:03:20Z,411.4921223354958,8275,182,349,162,7.65,11:40:00,2023-10-08T14:40:00Z,368.3
SpC_CB_100823.xlsx,2023-10-08T13:03:30Z,2023-10-08T13:03:30Z,443.6,28.94,367.6762976918163,NA,NA,NA,NA,NA,CB,NA,2023-10-08,20835561,2023-10-08T16:03:30Z,411.1976269929552,8275,182,349,162,7.65,11:40:00,2023-10-08T14:40:00Z,368.3
SpC_CB_100823.xlsx,2023-10-08T13:03:40Z,2023-10-08T13:03:40Z,443.6,28.94,367.67288653518733,NA,NA,NA,NA,NA,CB,NA,2023-10-08,20835561,2023-10-08T16:03:40Z,411.1976269929552,8275,182,349,162,7.65,11:40:00,2023-10-08T14:40:00Z,368.3
SpC_CB_100823.xlsx,2023-10-08T13:03:50Z,2023-10-08T13:03:50Z,443.6,28.95,367.6013253367829,NA,NA,NA,NA,NA,CB,NA,2023-10-08,20835561,2023-10-08T16:03:50Z,411.1214087117702,8275,182,349,162,7.65,11:40:00,2023-10-08T14:40:00Z,368.3
SpC_CB_100823.xlsx,2023-10-08T13:04:00Z,2023-10-08T13:04:00Z,443.6,28.94,367.6660642219294,NA,NA,NA,NA,NA,CB,NA,2023-10-08,20835561,2023-10-08T16:04:00Z,411.1976269929552,8275,182,349,162,7.65,11:40:00,2023-10-08T14:40:00Z,368.3
SpC_CB_100823.xlsx,2023-10-08T13:04:10Z,2023-10-08T13:04:10Z,443.6,28.95,367.5945042880872,NA,NA,NA,NA,NA,CB,NA,2023-10-08,20835561,2023-10-08T16:04:10Z,411.1214087117702,8275,182,349,162,7.65,11:40:00,2023-10-08T14:40:00Z,368.3
SpC_CB_100823.xlsx,2023-10-08T13:04:20Z,2023-10-08T13:04:20Z,443.6,28.94,367.6592419086715,NA,NA,NA,NA,NA,CB,NA,2023-10-08,20835561,2023-10-08T16:04:20Z,411.1976269929552,8275,182,349,162,7.65,11:40:00,2023-10-08T14:40:00Z,368.3
SpC_CB_100823.xlsx,2023-10-08T13:04:30Z,2023-10-08T13:04:30Z,443.6,28.94,367.6558307520425,NA,NA,NA,NA,NA,CB,NA,2023-10-08,20835561,2023-10-08T16:04:30Z,411.1976269929552,8275,182,349,162,7.65,11:40:00,2023-10-08T14:40:00Z,368.3
SpC_CB_100823.xlsx,2023-10-08T13:04:40Z,2023-10-08T13:04:40Z,444,28.95,367.9157283261483,NA,NA,NA,NA,NA,CB,NA,2023-10-08,20835561,2023-10-08T16:04:40Z,411.4921223354958,8275,182,349,162,7.65,11:40:00,2023-10-08T14:40:00Z,368.3
SpC_CB_100823.xlsx,2023-10-08T13:04:50Z,2023-10-08T13:04:50Z,444.40000000000003,28.95,368.2437672622751,NA,NA,NA,NA,NA,CB,NA,2023-10-08,20835561,2023-10-08T16:04:50Z,411.86283595922157,8275,182,349,162,7.65,11:40:00,2023-10-08T14:40:00Z,368.3
SpC_CB_100823.xlsx,2023-10-08T13:05:00Z,2023-10-08T13:05:00Z,444,28.95,367.90890112682257,NA,NA,NA,NA,NA,CB,NA,2023-10-08,20835561,2023-10-08T16:05:00Z,411.4921223354958,8275,182,349,162,7.65,11:40:00,2023-10-08T14:40:00Z,368.3
SpC_CB_100823.xlsx,2023-10-08T13:05:10Z,2023-10-08T13:05:10Z,443.6,28.95,367.5740411420001,NA,NA,NA,NA,NA,CB,NA,2023-10-08,20835561,2023-10-08T16:05:10Z,411.1214087117702,8275,182,349,162,7.65,11:40:00,2023-10-08T14:40:00Z,368.3
SpC_CB_100823.xlsx,2023-10-08T13:05:20Z,2023-10-08T13:05:20Z,443.6,28.94,367.63877496889774,NA,NA,NA,NA,NA,CB,NA,2023-10-08,20835561,2023-10-08T16:05:20Z,411.1976269929552,8275,182,349,162,7.65,11:40:00,2023-10-08T14:40:00Z,368.3
SpC_CB_100823.xlsx,2023-10-08T13:05:30Z,2023-10-08T13:05:30Z,443.6,28.95,367.56722009330446,NA,NA,NA,NA,NA,CB,NA,2023-10-08,20835561,2023-10-08T16:05:30Z,411.1214087117702,8275,182,349,162,7.65,11:40:00,2023-10-08T14:40:00Z,368.3
SpC_CB_100823.xlsx,2023-10-08T13:05:40Z,2023-10-08T13:05:40Z,443.6,28.95,367.56380956895663,NA,NA,NA,NA,NA,CB,NA,2023-10-08,20835561,2023-10-08T16:05:40Z,411.1214087117702,8275,182,349,162,7.65,11:40:00,2023-10-08T14:40:00Z,368.3
SpC_CB_100823.xlsx,2023-10-08T13:05:50Z,2023-10-08T13:05:50Z,443.6,28.95,367.5603990446088,NA,NA,NA,NA,NA,CB,NA,2023-10-08,20835561,2023-10-08T16:05:50Z,411.1214087117702,8275,182,349,162,7.65,11:40:00,2023-10-08T14:40:00Z,368.3
SpC_CB_100823.xlsx,2023-10-08T13:06:00Z,2023-10-08T13:06:00Z,443.6,28.95,367.5569885202609,NA,NA,NA,NA,NA,CB,NA,2023-10-08,20835561,2023-10-08T16:06:00Z,411.1214087117702,8275,182,349,162,7.65,11:40:00,2023-10-08T14:40:00Z,368.3
SpC_CB_100823.xlsx,2023-10-08T13:06:10Z,2023-10-08T13:06:10Z,443.6,28.95,367.5535779959131,NA,NA,NA,NA,NA,CB,NA,2023-10-08,20835561,2023-10-08T16:06:10Z,411.1214087117702,8275,182,349,162,7.65,11:40:00,2023-10-08T14:40:00Z,368.3
SpC_CB_100823.xlsx,2023-10-08T13:06:20Z,2023-10-08T13:06:20Z,443.6,28.94,367.61830802912397,NA,NA,NA,NA,NA,CB,NA,2023-10-08,20835561,2023-10-08T16:06:20Z,411.1976269929552,8275,182,349,162,7.65,11:40:00,2023-10-08T14:40:00Z,368.3
SpC_CB_100823.xlsx,2023-10-08T13:06:30Z,2023-10-08T13:06:30Z,444,28.95,367.87817872985687,NA,NA,NA,NA,NA,CB,NA,2023-10-08,20835561,2023-10-08T16:06:30Z,411.4921223354958,8275,182,349,162,7.65,11:40:00,2023-10-08T14:40:00Z,368.3
SpC_CB_100823.xlsx,2023-10-08T13:06:40Z,2023-10-08T13:06:40Z,443.6,28.96,367.4752323853561,NA,NA,NA,NA,NA,CB,NA,2023-10-08,20835561,2023-10-08T16:06:40Z,411.04521868050415,8275,182,349,162,7.65,11:40:00,2023-10-08T14:40:00Z,368.3
SpC_CB_100823.xlsx,2023-10-08T13:06:50Z,2023-10-08T13:06:50Z,443.6,28.96,367.471822493055,NA,NA,NA,NA,NA,CB,NA,2023-10-08,20835561,2023-10-08T16:06:50Z,411.04521868050415,8275,182,349,162,7.65,11:40:00,2023-10-08T14:40:00Z,368.3
SpC_CB_100823.xlsx,2023-10-08T13:07:00Z,2023-10-08T13:07:00Z,443.6,28.95,367.5365253741739,NA,NA,NA,NA,NA,CB,NA,2023-10-08,20835561,2023-10-08T16:07:00Z,411.1214087117702,8275,182,349,162,7.65,11:40:00,2023-10-08T14:40:00Z,368.3
SpC_CB_100823.xlsx,2023-10-08T13:07:10Z,2023-10-08T13:07:10Z,443.6,28.96,367.46500270845286,NA,NA,NA,NA,NA,CB,NA,2023-10-08,20835561,2023-10-08T16:07:10Z,411.04521868050415,8275,182,349,162,7.65,11:40:00,2023-10-08T14:40:00Z,368.3
SpC_CB_100823.xlsx,2023-10-08T13:07:20Z,2023-10-08T13:07:20Z,443.6,28.95,367.5297043254782,NA,NA,NA,NA,NA,CB,NA,2023-10-08,20835561,2023-10-08T16:07:20Z,411.1214087117702,8275,182,349,162,7.65,11:40:00,2023-10-08T14:40:00Z,368.3
SpC_CB_100823.xlsx,2023-10-08T13:07:30Z,2023-10-08T13:07:30Z,443.6,28.95,367.52629380113035,NA,NA,NA,NA,NA,CB,NA,2023-10-08,20835561,2023-10-08T16:07:30Z,411.1214087117702,8275,182,349,162,7.65,11:40:00,2023-10-08T14:40:00Z,368.3
SpC_CB_100823.xlsx,2023-10-08T13:07:40Z,2023-10-08T13:07:40Z,443.6,28.95,367.52288327678247,NA,NA,NA,NA,NA,CB,NA,2023-10-08,20835561,2023-10-08T16:07:40Z,411.1214087117702,8275,182,349,162,7.65,11:40:00,2023-10-08T14:40:00Z,368.3
SpC_CB_100823.xlsx,2023-10-08T13:07:50Z,2023-10-08T13:07:50Z,443.6,28.95,367.51947275243464,NA,NA,NA,NA,NA,CB,NA,2023-10-08,20835561,2023-10-08T16:07:50Z,411.1214087117702,8275,182,349,162,7.65,11:40:00,2023-10-08T14:40:00Z,368.3
SpC_CB_100823.xlsx,2023-10-08T13:08:00Z,2023-10-08T13:08:00Z,443.6,28.95,367.5160622280868,NA,NA,NA,NA,NA,CB,NA,2023-10-08,20835561,2023-10-08T16:08:00Z,411.1214087117702,8275,182,349,162,7.65,11:40:00,2023-10-08T14:40:00Z,368.3
SpC_CB_100823.xlsx,2023-10-08T13:08:10Z,2023-10-08T13:08:10Z,443.6,28.95,367.512651703739,NA,NA,NA,NA,NA,CB,NA,2023-10-08,20835561,2023-10-08T16:08:10Z,411.1214087117702,8275,182,349,162,7.65,11:40:00,2023-10-08T14:40:00Z,368.3
SpC_CB_100823.xlsx,2023-10-08T13:08:20Z,2023-10-08T13:08:20Z,444,28.96,367.7724600028884,NA,NA,NA,NA,NA,CB,NA,2023-10-08,20835561,2023-10-08T16:08:20Z,411.41586360266865,8275,182,349,162,7.65,11:40:00,2023-10-08T14:40:00Z,368.3
SpC_CB_100823.xlsx,2023-10-08T13:08:30Z,2023-10-08T13:08:30Z,443.6,28.96,367.4377235700442,NA,NA,NA,NA,NA,CB,NA,2023-10-08,20835561,2023-10-08T16:08:30Z,411.04521868050415,8275,182,349,162,7.65,11:40:00,2023-10-08T14:40:00Z,368.3
SpC_CB_100823.xlsx,2023-10-08T13:08:40Z,2023-10-08T13:08:40Z,443.6,28.96,367.43431367774315,NA,NA,NA,NA,NA,CB,NA,2023-10-08,20835561,2023-10-08T16:08:40Z,411.04521868050415,8275,182,349,162,7.65,11:40:00,2023-10-08T14:40:00Z,368.3
SpC_CB_100823.xlsx,2023-10-08T13:08:50Z,2023-10-08T13:08:50Z,443.6,28.96,367.43090378544207,NA,NA,NA,NA,NA,CB,NA,2023-10-08,20835561,2023-10-08T16:08:50Z,411.04521868050415,8275,182,349,162,7.65,11:40:00,2023-10-08T14:40:00Z,368.3
SpC_CB_100823.xlsx,2023-10-08T13:09:00Z,2023-10-08T13:09:00Z,443.6,28.96,367.427493893141,NA,NA,NA,NA,NA,CB,NA,2023-10-08,20835561,2023-10-08T16:09:00Z,411.04521868050415,8275,182,349,162,7.65,11:40:00,2023-10-08T14:40:00Z,368.3
SpC_CB_100823.xlsx,2023-10-08T13:09:10Z,2023-10-08T13:09:10Z,443.6,28.96,367.4240840008399,NA,NA,NA,NA,NA,CB,NA,2023-10-08,20835561,2023-10-08T16:09:10Z,411.04521868050415,8275,182,349,162,7.65,11:40:00,2023-10-08T14:40:00Z,368.3
SpC_CB_100823.xlsx,2023-10-08T13:09:20Z,2023-10-08T13:09:20Z,443.6,28.96,367.42067410853883,NA,NA,NA,NA,NA,CB,NA,2023-10-08,20835561,2023-10-08T16:09:20Z,411.04521868050415,8275,182,349,162,7.65,11:40:00,2023-10-08T14:40:00Z,368.3
SpC_CB_100823.xlsx,2023-10-08T13:09:30Z,2023-10-08T13:09:30Z,443.6,28.97,367.34918616098184,NA,NA,NA,NA,NA,CB,NA,2023-10-08,20835561,2023-10-08T16:09:30Z,410.96905688345385,8275,182,349,162,7.65,11:40:00,2023-10-08T14:40:00Z,368.3
SpC_CB_100823.xlsx,2023-10-08T13:09:40Z,2023-10-08T13:09:40Z,443.6,28.97,367.3457769004933,NA,NA,NA,NA,NA,CB,NA,2023-10-08,20835561,2023-10-08T16:09:40Z,410.96905688345385,8275,182,349,162,7.65,11:40:00,2023-10-08T14:40:00Z,368.3
SpC_CB_100823.xlsx,2023-10-08T13:09:50Z,2023-10-08T13:09:50Z,443.6,28.97,367.34236764000474,NA,NA,NA,NA,NA,CB,NA,2023-10-08,20835561,2023-10-08T16:09:50Z,410.96905688345385,8275,182,349,162,7.65,11:40:00,2023-10-08T14:40:00Z,368.3
SpC_CB_100823.xlsx,2023-10-08T13:10:00Z,2023-10-08T13:10:00Z,443.6,28.97,367.33895837951627,NA,NA,NA,NA,NA,CB,NA,2023-10-08,20835561,2023-10-08T16:10:00Z,410.96905688345385,8275,182,349,162,7.65,11:40:00,2023-10-08T14:40:00Z,368.3
SpC_CB_100823.xlsx,2023-10-08T13:10:10Z,2023-10-08T13:10:10Z,443.6,28.97,367.3355491190277,NA,NA,NA,NA,NA,CB,NA,2023-10-08,20835561,2023-10-08T16:10:10Z,410.96905688345385,8275,182,349,162,7.65,11:40:00,2023-10-08T14:40:00Z,368.3
SpC_CB_100823.xlsx,2023-10-08T13:10:20Z,2023-10-08T13:10:20Z,443.6,28.96,367.40021475473236,NA,NA,NA,NA,NA,CB,NA,2023-10-08,20835561,2023-10-08T16:10:20Z,411.04521868050415,8275,182,349,162,7.65,11:40:00,2023-10-08T14:40:00Z,368.3
SpC_CB_100823.xlsx,2023-10-08T13:10:30Z,2023-10-08T13:10:30Z,443.6,28.97,367.32873059805064,NA,NA,NA,NA,NA,CB,NA,2023-10-08,20835561,2023-10-08T16:10:30Z,410.96905688345385,8275,182,349,162,7.65,11:40:00,2023-10-08T14:40:00Z,368.3
SpC_CB_100823.xlsx,2023-10-08T13:10:40Z,2023-10-08T13:10:40Z,443.6,28.97,367.3253213375621,NA,NA,NA,NA,NA,CB,NA,2023-10-08,20835561,2023-10-08T16:10:40Z,410.96905688345385,8275,182,349,162,7.65,11:40:00,2023-10-08T14:40:00Z,368.3
SpC_CB_100823.xlsx,2023-10-08T13:10:50Z,2023-10-08T13:10:50Z,443.6,28.98,367.2538642978817,NA,NA,NA,NA,NA,CB,NA,2023-10-08,20835561,2023-10-08T16:10:50Z,410.8929233049277,8275,182,349,162,7.65,11:40:00,2023-10-08T14:40:00Z,368.3
SpC_CB_100823.xlsx,2023-10-08T13:11:00Z,2023-10-08T13:11:00Z,443.6,28.97,367.318502816585,NA,NA,NA,NA,NA,CB,NA,2023-10-08,20835561,2023-10-08T16:11:00Z,410.96905688345385,8275,182,349,162,7.65,11:40:00,2023-10-08T14:40:00Z,368.3
SpC_CB_100823.xlsx,2023-10-08T13:11:10Z,2023-10-08T13:11:10Z,443.6,28.97,367.3150935560965,NA,NA,NA,NA,NA,CB,NA,2023-10-08,20835561,2023-10-08T16:11:10Z,410.96905688345385,8275,182,349,162,7.65,11:40:00,2023-10-08T14:40:00Z,368.3
SpC_CB_100823.xlsx,2023-10-08T13:11:20Z,2023-10-08T13:11:20Z,443.6,28.96,367.37975540092594,NA,NA,NA,NA,NA,CB,NA,2023-10-08,20835561,2023-10-08T16:11:20Z,411.04521868050415,8275,182,349,162,7.65,11:40:00,2023-10-08T14:40:00Z,368.3
SpC_CB_100823.xlsx,2023-10-08T13:11:30Z,2023-10-08T13:11:30Z,443.6,28.97,367.30827503511944,NA,NA,NA,NA,NA,CB,NA,2023-10-08,20835561,2023-10-08T16:11:30Z,410.96905688345385,8275,182,349,162,7.65,11:40:00,2023-10-08T14:40:00Z,368.3
SpC_CB_100823.xlsx,2023-10-08T13:11:40Z,2023-10-08T13:11:40Z,443.6,28.98,367.23682115333133,NA,NA,NA,NA,NA,CB,NA,2023-10-08,20835561,2023-10-08T16:11:40Z,410.8929233049277,8275,182,349,162,7.65,11:40:00,2023-10-08T14:40:00Z,368.3
SpC_CB_100823.xlsx,2023-10-08T13:11:50Z,2023-10-08T13:11:50Z,443.6,28.98,367.2334125244212,NA,NA,NA,NA,NA,CB,NA,2023-10-08,20835561,2023-10-08T16:11:50Z,410.8929233049277,8275,182,349,162,7.65,11:40:00,2023-10-08T14:40:00Z,368.3
SpC_CB_100823.xlsx,2023-10-08T13:12:00Z,2023-10-08T13:12:00Z,443.6,28.98,367.2300038955112,NA,NA,NA,NA,NA,CB,NA,2023-10-08,20835561,2023-10-08T16:12:00Z,410.8929233049277,8275,182,349,162,7.65,11:40:00,2023-10-08T14:40:00Z,368.3
SpC_CB_100823.xlsx,2023-10-08T13:12:10Z,2023-10-08T13:12:10Z,443.6,28.98,367.22659526660107,NA,NA,NA,NA,NA,CB,NA,2023-10-08,20835561,2023-10-08T16:12:10Z,410.8929233049277,8275,182,349,162,7.65,11:40:00,2023-10-08T14:40:00Z,368.3
SpC_CB_100823.xlsx,2023-10-08T13:12:20Z,2023-10-08T13:12:20Z,443.6,28.97,367.29122873267676,NA,NA,NA,NA,NA,CB,NA,2023-10-08,20835561,2023-10-08T16:12:20Z,410.96905688345385,8275,182,349,162,7.65,11:40:00,2023-10-08T14:40:00Z,368.3
SpC_CB_100823.xlsx,2023-10-08T13:12:30Z,2023-10-08T13:12:30Z,443.6,28.98,367.2197780087809,NA,NA,NA,NA,NA,CB,NA,2023-10-08,20835561,2023-10-08T16:12:30Z,410.8929233049277,8275,182,349,162,7.65,11:40:00,2023-10-08T14:40:00Z,368.3
SpC_CB_100823.xlsx,2023-10-08T13:12:40Z,2023-10-08T13:12:40Z,443.6,28.98,367.2163693798708,NA,NA,NA,NA,NA,CB,NA,2023-10-08,20835561,2023-10-08T16:12:40Z,410.8929233049277,8275,182,349,162,7.65,11:40:00,2023-10-08T14:40:00Z,368.3
SpC_CB_100823.xlsx,2023-10-08T13:12:50Z,2023-10-08T13:12:50Z,443.90000000000003,29.03,367.12124831925667,NA,NA,NA,NA,NA,CB,NA,2023-10-08,20835561,2023-10-08T16:12:50Z,410.7903016842495,8275,182,349,162,7.65,11:40:00,2023-10-08T14:40:00Z,368.3
SpC_CB_100823.xlsx,2023-10-08T13:13:00Z,2023-10-08T13:13:00Z,443.6,29,367.07354858422775,NA,NA,NA,NA,NA,CB,NA,2023-10-08,20835561,2023-10-08T16:13:00Z,410.74074074074076,8275,182,349,162,7.65,11:40:00,2023-10-08T14:40:00Z,368.3
SpC_CB_100823.xlsx,2023-10-08T13:13:10Z,2023-10-08T13:13:10Z,443.6,29.01,367.002177851504,NA,NA,NA,NA,NA,CB,NA,2023-10-08,20835561,2023-10-08T16:13:10Z,410.66469172375486,8275,182,349,162,7.65,11:40:00,2023-10-08T14:40:00Z,368.3
SpC_CB_100823.xlsx,2023-10-08T13:13:20Z,2023-10-08T13:13:20Z,443.6,29,367.0667338513179,NA,NA,NA,NA,NA,CB,NA,2023-10-08,20835561,2023-10-08T16:13:20Z,410.74074074074076,8275,182,349,162,7.65,11:40:00,2023-10-08T14:40:00Z,368.3
SpC_CB_100823.xlsx,2023-10-08T13:13:30Z,2023-10-08T13:13:30Z,443.6,29.01,366.995364380348,NA,NA,NA,NA,NA,CB,NA,2023-10-08,20835561,2023-10-08T16:13:30Z,410.66469172375486,8275,182,349,162,7.65,11:40:00,2023-10-08T14:40:00Z,368.3
SpC_CB_100823.xlsx,2023-10-08T13:13:40Z,2023-10-08T13:13:40Z,443.6,29,367.059919118408,NA,NA,NA,NA,NA,CB,NA,2023-10-08,20835561,2023-10-08T16:13:40Z,410.74074074074076,8275,182,349,162,7.65,11:40:00,2023-10-08T14:40:00Z,368.3
SpC_CB_100823.xlsx,2023-10-08T13:13:50Z,2023-10-08T13:13:50Z,443.90000000000003,29.01,367.2367397398341,NA,NA,NA,NA,NA,CB,NA,2023-10-08,20835561,2023-10-08T16:13:50Z,410.9424180707277,8275,182,349,162,7.65,11:40:00,2023-10-08T14:40:00Z,368.3
SpC_CB_100823.xlsx,2023-10-08T13:14:00Z,2023-10-08T13:14:00Z,443.6,29,367.05310438549816,NA,NA,NA,NA,NA,CB,NA,2023-10-08,20835561,2023-10-08T16:14:00Z,410.74074074074076,8275,182,349,162,7.65,11:40:00,2023-10-08T14:40:00Z,368.3
SpC_CB_100823.xlsx,2023-10-08T13:14:10Z,2023-10-08T13:14:10Z,443.6,29,367.04969701904326,NA,NA,NA,NA,NA,CB,NA,2023-10-08,20835561,2023-10-08T16:14:10Z,410.74074074074076,8275,182,349,162,7.65,11:40:00,2023-10-08T14:40:00Z,368.3
SpC_CB_100823.xlsx,2023-10-08T13:14:20Z,2023-10-08T13:14:20Z,443.6,29,367.0462896525883,NA,NA,NA,NA,NA,CB,NA,2023-10-08,20835561,2023-10-08T16:14:20Z,410.74074074074076,8275,182,349,162,7.65,11:40:00,2023-10-08T14:40:00Z,368.3
SpC_CB_100823.xlsx,2023-10-08T13:14:30Z,2023-10-08T13:14:30Z,443.6,28.98,367.17887446185995,NA,NA,NA,NA,NA,CB,NA,2023-10-08,20835561,2023-10-08T16:14:30Z,410.8929233049277,8275,182,349,162,7.65,11:40:00,2023-10-08T14:40:00Z,368.3
SpC_CB_100823.xlsx,2023-10-08T13:14:40Z,2023-10-08T13:14:40Z,443.6,28.98,367.1754658329499,NA,NA,NA,NA,NA,CB,NA,2023-10-08,20835561,2023-10-08T16:14:40Z,410.8929233049277,8275,182,349,162,7.65,11:40:00,2023-10-08T14:40:00Z,368.3
SpC_CB_100823.xlsx,2023-10-08T13:14:50Z,2023-10-08T13:14:50Z,443.6,29,367.0360675532235,NA,NA,NA,NA,NA,CB,NA,2023-10-08,20835561,2023-10-08T16:14:50Z,410.74074074074076,8275,182,349,162,7.65,11:40:00,2023-10-08T14:40:00Z,368.3
SpC_CB_100823.xlsx,2023-10-08T13:15:00Z,2023-10-08T13:15:00Z,443.6,28.98,367.1686485751297,NA,NA,NA,NA,NA,CB,NA,2023-10-08,20835561,2023-10-08T16:15:00Z,410.8929233049277,8275,182,349,162,7.65,11:40:00,2023-10-08T14:40:00Z,368.3
SpC_CB_100823.xlsx,2023-10-08T13:15:10Z,2023-10-08T13:15:10Z,443.6,29,367.0292528203137,NA,NA,NA,NA,NA,CB,NA,2023-10-08,20835561,2023-10-08T16:15:10Z,410.74074074074076,8275,182,349,162,7.65,11:40:00,2023-10-08T14:40:00Z,368.3
SpC_CB_100823.xlsx,2023-10-08T13:15:20Z,2023-10-08T13:15:20Z,444,28.98,367.4929060074063,NA,NA,NA,NA,NA,CB,NA,2023-10-08,20835561,2023-10-08T16:15:20Z,411.2634309003334,8275,182,349,162,7.65,11:40:00,2023-10-08T14:40:00Z,368.3
SpC_CB_100823.xlsx,2023-10-08T13:15:30Z,2023-10-08T13:15:30Z,443.6,29,367.0224380874038,NA,NA,NA,NA,NA,CB,NA,2023-10-08,20835561,2023-10-08T16:15:30Z,410.74074074074076,8275,182,349,162,7.65,11:40:00,2023-10-08T14:40:00Z,368.3
SpC_CB_100823.xlsx,2023-10-08T13:15:40Z,2023-10-08T13:15:40Z,443.5,29.03,366.7325539319823,NA,NA,NA,NA,NA,CB,NA,2023-10-08,20835561,2023-10-08T16:15:40Z,410.4201369609476,8275,182,349,162,7.65,11:40:00,2023-10-08T14:40:00Z,368.3
SpC_CB_100823.xlsx,2023-10-08T13:15:50Z,2023-10-08T13:15:50Z,443.90000000000003,29.01,367.1958312658108,NA,NA,NA,NA,NA,CB,NA,2023-10-08,20835561,2023-10-08T16:15:50Z,410.9424180707277,8275,182,349,162,7.65,11:40:00,2023-10-08T14:40:00Z,368.3
SpC_CB_100823.xlsx,2023-10-08T13:16:00Z,2023-10-08T13:16:00Z,443.90000000000003,29.01,367.19242222630885,NA,NA,NA,NA,NA,CB,NA,2023-10-08,20835561,2023-10-08T16:16:00Z,410.9424180707277,8275,182,349,162,7.65,11:40:00,2023-10-08T14:40:00Z,368.3
SpC_CB_100823.xlsx,2023-10-08T13:16:10Z,2023-10-08T13:16:10Z,443.6,29,367.0088086215841,NA,NA,NA,NA,NA,CB,NA,2023-10-08,20835561,2023-10-08T16:16:10Z,410.74074074074076,8275,182,349,162,7.65,11:40:00,2023-10-08T14:40:00Z,368.3
SpC_CB_100823.xlsx,2023-10-08T13:16:20Z,2023-10-08T13:16:20Z,443.6,29,367.0054012551292,NA,NA,NA,NA,NA,CB,NA,2023-10-08,20835561,2023-10-08T16:16:20Z,410.74074074074076,8275,182,349,162,7.65,11:40:00,2023-10-08T14:40:00Z,368.3
SpC_CB_100823.xlsx,2023-10-08T13:16:30Z,2023-10-08T13:16:30Z,443.20000000000005,29.01,366.60317384946677,NA,NA,NA,NA,NA,CB,NA,2023-10-08,20835561,2023-10-08T16:16:30Z,410.2943899277912,8275,182,349,162,7.65,11:40:00,2023-10-08T14:40:00Z,368.3
SpC_CB_100823.xlsx,2023-10-08T13:16:40Z,2023-10-08T13:16:40Z,443.20000000000005,29,366.66765903211814,NA,NA,NA,NA,NA,CB,NA,2023-10-08,20835561,2023-10-08T16:16:40Z,410.3703703703704,8275,182,349,162,7.65,11:40:00,2023-10-08T14:40:00Z,368.3
SpC_CB_100823.xlsx,2023-10-08T13:16:50Z,2023-10-08T13:16:50Z,436.8,29.01,361.30255617521834,NA,NA,NA,NA,NA,CB,NA,2023-10-08,20835561,2023-10-08T16:16:50Z,404.36956119237175,8275,182,349,162,7.65,11:40:00,2023-10-08T14:40:00Z,368.3
SpC_CB_100823.xlsx,2023-10-08T13:17:00Z,2023-10-08T13:17:00Z,443.6,29.01,366.92382293321066,NA,NA,NA,NA,NA,CB,NA,2023-10-08,20835561,2023-10-08T16:17:00Z,410.66469172375486,8275,182,349,162,7.65,11:40:00,2023-10-08T14:40:00Z,368.3
SpC_CB_100823.xlsx,2023-10-08T13:17:10Z,2023-10-08T13:17:10Z,443.6,29,366.98836442285454,NA,NA,NA,NA,NA,CB,NA,2023-10-08,20835561,2023-10-08T16:17:10Z,410.74074074074076,8275,182,349,162,7.65,11:40:00,2023-10-08T14:40:00Z,368.3
SpC_CB_100823.xlsx,2023-10-08T13:17:20Z,2023-10-08T13:17:20Z,443.6,29,366.9849570563996,NA,NA,NA,NA,NA,CB,NA,2023-10-08,20835561,2023-10-08T16:17:20Z,410.74074074074076,8275,182,349,162,7.65,11:40:00,2023-10-08T14:40:00Z,368.3
SpC_CB_100823.xlsx,2023-10-08T13:17:30Z,2023-10-08T13:17:30Z,443.6,29.01,366.91360272647677,NA,NA,NA,NA,NA,CB,NA,2023-10-08,20835561,2023-10-08T16:17:30Z,410.66469172375486,8275,182,349,162,7.65,11:40:00,2023-10-08T14:40:00Z,368.3
SpC_CB_100823.xlsx,2023-10-08T13:17:40Z,2023-10-08T13:17:40Z,443.5,29.02,366.75957817885865,NA,NA,NA,NA,NA,CB,NA,2023-10-08,20835561,2023-10-08T16:17:40Z,410.49611255090707,8275,182,349,162,7.65,11:40:00,2023-10-08T14:40:00Z,368.3
SpC_CB_100823.xlsx,2023-10-08T13:17:50Z,2023-10-08T13:17:50Z,443.5,29.03,366.68829274313697,NA,NA,NA,NA,NA,CB,NA,2023-10-08,20835561,2023-10-08T16:17:50Z,410.4201369609476,8275,182,349,162,7.65,11:40:00,2023-10-08T14:40:00Z,368.3
SpC_CB_100823.xlsx,2023-10-08T13:18:00Z,2023-10-08T13:18:00Z,443.6,29.01,366.9033825197429,NA,NA,NA,NA,NA,CB,NA,2023-10-08,20835561,2023-10-08T16:18:00Z,410.66469172375486,8275,182,349,162,7.65,11:40:00,2023-10-08T14:40:00Z,368.3
SpC_CB_100823.xlsx,2023-10-08T13:18:10Z,2023-10-08T13:18:10Z,443.6,29.01,366.8999757841649,NA,NA,NA,NA,NA,CB,NA,2023-10-08,20835561,2023-10-08T16:18:10Z,410.66469172375486,8275,182,349,162,7.65,11:40:00,2023-10-08T14:40:00Z,368.3
SpC_CB_100823.xlsx,2023-10-08T13:18:20Z,2023-10-08T13:18:20Z,443.6,29.01,366.8965690485869,NA,NA,NA,NA,NA,CB,NA,2023-10-08,20835561,2023-10-08T16:18:20Z,410.66469172375486,8275,182,349,162,7.65,11:40:00,2023-10-08T14:40:00Z,368.3
SpC_CB_100823.xlsx,2023-10-08T13:18:30Z,2023-10-08T13:18:30Z,443.6,29,366.96110549121505,NA,NA,NA,NA,NA,CB,NA,2023-10-08,20835561,2023-10-08T16:18:30Z,410.74074074074076,8275,182,349,162,7.65,11:40:00,2023-10-08T14:40:00Z,368.3
SpC_CB_100823.xlsx,2023-10-08T13:18:40Z,2023-10-08T13:18:40Z,443.5,29.02,366.73914615624614,NA,NA,NA,NA,NA,CB,NA,2023-10-08,20835561,2023-10-08T16:18:40Z,410.49611255090707,8275,182,349,162,7.65,11:40:00,2023-10-08T14:40:00Z,368.3
SpC_CB_100823.xlsx,2023-10-08T13:18:50Z,2023-10-08T13:18:50Z,443.90000000000003,29.03,366.9985683258087,NA,NA,NA,NA,NA,CB,NA,2023-10-08,20835561,2023-10-08T16:18:50Z,410.7903016842495,8275,182,349,162,7.65,11:40:00,2023-10-08T14:40:00Z,368.3
SpC_CB_100823.xlsx,2023-10-08T13:19:00Z,2023-10-08T13:19:00Z,443.6,29.01,366.88294210627504,NA,NA,NA,NA,NA,CB,NA,2023-10-08,20835561,2023-10-08T16:19:00Z,410.66469172375486,8275,182,349,162,7.65,11:40:00,2023-10-08T14:40:00Z,368.3
SpC_CB_100823.xlsx,2023-10-08T13:19:10Z,2023-10-08T13:19:10Z,443.1,29.05,366.19480500763854,NA,NA,NA,NA,NA,CB,NA,2023-10-08,20835561,2023-10-08T16:19:10Z,409.89824236817765,8275,182,349,162,7.65,11:40:00,2023-10-08T14:40:00Z,368.3
SpC_CB_100823.xlsx,2023-10-08T13:19:20Z,2023-10-08T13:19:20Z,440,29.05,363.6294697298958,NA,NA,NA,NA,NA,CB,NA,2023-10-08,20835561,2023-10-08T16:19:20Z,407.03052728954674,8275,182,349,162,7.65,11:40:00,2023-10-08T14:40:00Z,368.3
SpC_CB_100823.xlsx,2023-10-08T13:19:30Z,2023-10-08T13:19:30Z,440.8,29.01,364.5570239254232,NA,NA,NA,NA,NA,CB,NA,2023-10-08,20835561,2023-10-08T16:19:30Z,408.07257915200887,8275,182,349,162,7.65,11:40:00,2023-10-08T14:40:00Z,368.3
SpC_CB_100823.xlsx,2023-10-08T13:19:40Z,2023-10-08T13:19:40Z,443.5,29.02,366.7187141336336,NA,NA,NA,NA,NA,CB,NA,2023-10-08,20835561,2023-10-08T16:19:40Z,410.49611255090707,8275,182,349,162,7.65,11:40:00,2023-10-08T14:40:00Z,368.3
SpC_CB_100823.xlsx,2023-10-08T13:19:50Z,2023-10-08T13:19:50Z,443.90000000000003,29.060000000000002,366.77447120426274,NA,NA,NA,NA,NA,CB,NA,2023-10-08,20835561,2023-10-08T16:19:50Z,410.5623381428043,8275,182,349,162,7.65,11:40:00,2023-10-08T14:40:00Z,368.3
SpC_CB_100823.xlsx,2023-10-08T13:20:00Z,2023-10-08T13:20:00Z,443.90000000000003,29.05,366.83892305418954,NA,NA,NA,NA,NA,CB,NA,2023-10-08,20835561,2023-10-08T16:20:00Z,410.63829787234044,8275,182,349,162,7.65,11:40:00,2023-10-08T14:40:00Z,368.3
SpC_CB_100823.xlsx,2023-10-08T13:20:10Z,2023-10-08T13:20:10Z,444.3,29.060000000000002,367.0981551820712,NA,NA,NA,NA,NA,CB,NA,2023-10-08,20835561,2023-10-08T16:20:10Z,410.93229744728086,8275,182,349,162,7.65,11:40:00,2023-10-08T14:40:00Z,368.3
SpC_CB_100823.xlsx,2023-10-08T13:20:20Z,2023-10-08T13:20:20Z,443.5,29.03,366.6372221406231,NA,NA,NA,NA,NA,CB,NA,2023-10-08,20835561,2023-10-08T16:20:20Z,410.4201369609476,8275,182,349,162,7.65,11:40:00,2023-10-08T14:40:00Z,368.3
SpC_CB_100823.xlsx,2023-10-08T13:20:30Z,2023-10-08T13:20:30Z,443.5,29.02,366.70168744812315,NA,NA,NA,NA,NA,CB,NA,2023-10-08,20835561,2023-10-08T16:20:30Z,410.49611255090707,8275,182,349,162,7.65,11:40:00,2023-10-08T14:40:00Z,368.3
SpC_CB_100823.xlsx,2023-10-08T13:20:40Z,2023-10-08T13:20:40Z,443.20000000000005,29.01,366.51808225748323,NA,NA,NA,NA,NA,CB,NA,2023-10-08,20835561,2023-10-08T16:20:40Z,410.2943899277912,8275,182,349,162,7.65,11:40:00,2023-10-08T14:40:00Z,368.3
SpC_CB_100823.xlsx,2023-10-08T13:20:50Z,2023-10-08T13:20:50Z,443.6,29.01,366.8454680149174,NA,NA,NA,NA,NA,CB,NA,2023-10-08,20835561,2023-10-08T16:20:50Z,410.66469172375486,8275,182,349,162,7.65,11:40:00,2023-10-08T14:40:00Z,368.3
SpC_CB_100823.xlsx,2023-10-08T13:21:00Z,2023-10-08T13:21:00Z,443.6,29.01,366.84206127933936,NA,NA,NA,NA,NA,CB,NA,2023-10-08,20835561,2023-10-08T16:21:00Z,410.66469172375486,8275,182,349,162,7.65,11:40:00,2023-10-08T14:40:00Z,368.3
SpC_CB_100823.xlsx,2023-10-08T13:21:10Z,2023-10-08T13:21:10Z,443.6,29.01,366.83865454376144,NA,NA,NA,NA,NA,CB,NA,2023-10-08,20835561,2023-10-08T16:21:10Z,410.66469172375486,8275,182,349,162,7.65,11:40:00,2023-10-08T14:40:00Z,368.3
SpC_CB_100823.xlsx,2023-10-08T13:21:20Z,2023-10-08T13:21:20Z,443.6,29.01,366.83524780818345,NA,NA,NA,NA,NA,CB,NA,2023-10-08,20835561,2023-10-08T16:21:20Z,410.66469172375486,8275,182,349,162,7.65,11:40:00,2023-10-08T14:40:00Z,368.3
SpC_CB_100823.xlsx,2023-10-08T13:21:30Z,2023-10-08T13:21:30Z,443.6,29.01,366.83184107260547,NA,NA,NA,NA,NA,CB,NA,2023-10-08,20835561,2023-10-08T16:21:30Z,410.66469172375486,8275,182,349,162,7.65,11:40:00,2023-10-08T14:40:00Z,368.3
SpC_CB_100823.xlsx,2023-10-08T13:21:40Z,2023-10-08T13:21:40Z,443.5,29.02,366.6778500884085,NA,NA,NA,NA,NA,CB,NA,2023-10-08,20835561,2023-10-08T16:21:40Z,410.49611255090707,8275,182,349,162,7.65,11:40:00,2023-10-08T14:40:00Z,368.3
SpC_CB_100823.xlsx,2023-10-08T13:21:50Z,2023-10-08T13:21:50Z,443.5,29.03,366.6065797791148,NA,NA,NA,NA,NA,CB,NA,2023-10-08,20835561,2023-10-08T16:21:50Z,410.4201369609476,8275,182,349,162,7.65,11:40:00,2023-10-08T14:40:00Z,368.3
SpC_CB_100823.xlsx,2023-10-08T13:22:00Z,2023-10-08T13:22:00Z,443.5,29.02,366.6710394142043,NA,NA,NA,NA,NA,CB,NA,2023-10-08,20835561,2023-10-08T16:22:00Z,410.49611255090707,8275,182,349,162,7.65,11:40:00,2023-10-08T14:40:00Z,368.3
SpC_CB_100823.xlsx,2023-10-08T13:22:10Z,2023-10-08T13:22:10Z,443.5,29.02,366.66763407710226,NA,NA,NA,NA,NA,CB,NA,2023-10-08,20835561,2023-10-08T16:22:10Z,410.49611255090707,8275,182,349,162,7.65,11:40:00,2023-10-08T14:40:00Z,368.3
SpC_CB_100823.xlsx,2023-10-08T13:22:20Z,2023-10-08T13:22:20Z,443.6,29.01,366.8148073947156,NA,NA,NA,NA,NA,CB,NA,2023-10-08,20835561,2023-10-08T16:22:20Z,410.66469172375486,8275,182,349,162,7.65,11:40:00,2023-10-08T14:40:00Z,368.3
SpC_CB_100823.xlsx,2023-10-08T13:22:30Z,2023-10-08T13:22:30Z,443.6,29.01,366.8114006591377,NA,NA,NA,NA,NA,CB,NA,2023-10-08,20835561,2023-10-08T16:22:30Z,410.66469172375486,8275,182,349,162,7.65,11:40:00,2023-10-08T14:40:00Z,368.3
SpC_CB_100823.xlsx,2023-10-08T13:22:40Z,2023-10-08T13:22:40Z,443.5,29.02,366.6574180657959,NA,NA,NA,NA,NA,CB,NA,2023-10-08,20835561,2023-10-08T16:22:40Z,410.49611255090707,8275,182,349,162,7.65,11:40:00,2023-10-08T14:40:00Z,368.3
SpC_CB_100823.xlsx,2023-10-08T13:22:50Z,2023-10-08T13:22:50Z,443.6,29,366.87251396338695,NA,NA,NA,NA,NA,CB,NA,2023-10-08,20835561,2023-10-08T16:22:50Z,410.74074074074076,8275,182,349,162,7.65,11:40:00,2023-10-08T14:40:00Z,368.3
SpC_CB_100823.xlsx,2023-10-08T13:23:00Z,2023-10-08T13:23:00Z,443.6,29.01,366.80118045240374,NA,NA,NA,NA,NA,CB,NA,2023-10-08,20835561,2023-10-08T16:23:00Z,410.66469172375486,8275,182,349,162,7.65,11:40:00,2023-10-08T14:40:00Z,368.3
SpC_CB_100823.xlsx,2023-10-08T13:23:10Z,2023-10-08T13:23:10Z,443.90000000000003,29.01,367.0458335277254,NA,NA,NA,NA,NA,CB,NA,2023-10-08,20835561,2023-10-08T16:23:10Z,410.9424180707277,8275,182,349,162,7.65,11:40:00,2023-10-08T14:40:00Z,368.3
SpC_CB_100823.xlsx,2023-10-08T13:23:20Z,2023-10-08T13:23:20Z,443.6,29.01,366.79436698124783,NA,NA,NA,NA,NA,CB,NA,2023-10-08,20835561,2023-10-08T16:23:20Z,410.66469172375486,8275,182,349,162,7.65,11:40:00,2023-10-08T14:40:00Z,368.3
SpC_CB_100823.xlsx,2023-10-08T13:23:30Z,2023-10-08T13:23:30Z,443.6,29.01,366.79096024566985,NA,NA,NA,NA,NA,CB,NA,2023-10-08,20835561,2023-10-08T16:23:30Z,410.66469172375486,8275,182,349,162,7.65,11:40:00,2023-10-08T14:40:00Z,368.3
SpC_CB_100823.xlsx,2023-10-08T13:23:40Z,2023-10-08T13:23:40Z,443.6,29.01,366.78755351009187,NA,NA,NA,NA,NA,CB,NA,2023-10-08,20835561,2023-10-08T16:23:40Z,410.66469172375486,8275,182,349,162,7.65,11:40:00,2023-10-08T14:40:00Z,368.3
SpC_CB_100823.xlsx,2023-10-08T13:23:50Z,2023-10-08T13:23:50Z,443.5,29.02,366.6335807060813,NA,NA,NA,NA,NA,CB,NA,2023-10-08,20835561,2023-10-08T16:23:50Z,410.49611255090707,8275,182,349,162,7.65,11:40:00,2023-10-08T14:40:00Z,368.3
SpC_CB_100823.xlsx,2023-10-08T13:24:00Z,2023-10-08T13:24:00Z,443.6,29.01,366.78074003893596,NA,NA,NA,NA,NA,CB,NA,2023-10-08,20835561,2023-10-08T16:24:00Z,410.66469172375486,8275,182,349,162,7.65,11:40:00,2023-10-08T14:40:00Z,368.3
SpC_CB_100823.xlsx,2023-10-08T13:24:10Z,2023-10-08T13:24:10Z,443.6,29,366.8452550317475,NA,NA,NA,NA,NA,CB,NA,2023-10-08,20835561,2023-10-08T16:24:10Z,410.74074074074076,8275,182,349,162,7.65,11:40:00,2023-10-08T14:40:00Z,368.3
SpC_CB_100823.xlsx,2023-10-08T13:24:20Z,2023-10-08T13:24:20Z,443.6,29.01,366.77392656778,NA,NA,NA,NA,NA,CB,NA,2023-10-08,20835561,2023-10-08T16:24:20Z,410.66469172375486,8275,182,349,162,7.65,11:40:00,2023-10-08T14:40:00Z,368.3
SpC_CB_100823.xlsx,2023-10-08T13:24:30Z,2023-10-08T13:24:30Z,443.6,29.01,366.770519832202,NA,NA,NA,NA,NA,CB,NA,2023-10-08,20835561,2023-10-08T16:24:30Z,410.66469172375486,8275,182,349,162,7.65,11:40:00,2023-10-08T14:40:00Z,368.3
SpC_CB_100823.xlsx,2023-10-08T13:24:40Z,2023-10-08T13:24:40Z,443.6,29.01,366.76711309662403,NA,NA,NA,NA,NA,CB,NA,2023-10-08,20835561,2023-10-08T16:24:40Z,410.66469172375486,8275,182,349,162,7.65,11:40:00,2023-10-08T14:40:00Z,368.3
