source_file,date_raw,time_raw,full_range_uscm,temp_c,spc_calculated_uscm,coupler_detached,coupler_attached,host_connected,stopped,end_of_file,stream,station,date,logger_serial,datetime,spc_uscm,nacl_mass_g,amonium_added_g,phophate_added_g,reach_length_m,reach_mean_width_m,addition_time,addition_datetime,background_spc
SpC_RA_dowstream_051023.xlsx,2023-10-05T13:15:00Z,2023-10-05T13:15:00Z,525,29.060000000000002,NA,NA,NA,NA,NA,NA,RA,downstream,2023-10-05,20835564,2023-10-05T16:15:00Z,485.5715871254162,5947,154,295,137,9.46,13:15:00,2023-10-05T16:15:00Z,460.7
SpC_RA_dowstream_051023.xlsx,2023-10-05T13:15:10Z,2023-10-05T13:15:10Z,525.1,29.04,NA,NA,NA,NA,NA,NA,RA,downstream,2023-10-05,20835564,2023-10-05T16:15:10Z,485.8438193930422,5947,154,295,137,9.46,13:15:00,2023-10-05T16:15:00Z,460.7
SpC_RA_dowstream_051023.xlsx,2023-10-05T13:15:20Z,2023-10-05T13:15:20Z,525.4,29.060000000000002,NA,NA,NA,NA,NA,NA,RA,downstream,2023-10-05,20835564,2023-10-05T16:15:20Z,485.9415464298927,5947,154,295,137,9.46,13:15:00,2023-10-05T16:15:00Z,460.7
SpC_RA_dowstream_051023.xlsx,2023-10-05T13:15:30Z,2023-10-05T13:15:30Z,525,29.060000000000002,NA,NA,NA,NA,NA,NA,RA,downstream,2023-10-05,20835564,2023-10-05T16:15:30Z,485.5715871254162,5947,154,295,137,9.46,13:15:00,2023-10-05T16:15:00Z,460.7
SpC_RA_dowstream_051023.xlsx,2023-10-05T13:15:40Z,2023-10-05T13:15:40Z,525.4,29.07,NA,NA,NA,NA,NA,NA,RA,downstream,2023-10-05,20835564,2023-10-05T16:15:40Z,485.85167375624195,5947,154,295,137,9.46,13:15:00,2023-10-05T16:15:00Z,460.7
SpC_RA_dowstream_051023.xlsx,2023-10-05T13:15:50Z,2023-10-05T13:15:50Z,525.4,29.07,NA,NA,NA,NA,NA,NA,RA,downstream,2023-10-05,20835564,2023-10-05T16:15:50Z,485.85167375624195,5947,154,295,137,9.46,13:15:00,2023-10-05T16:15:00Z,460.7
SpC_RA_dowstream_051023.xlsx,2023-10-05T13:16:00Z,2023-10-05T13:16:00Z,525.4,29.07,NA,NA,NA,NA,NA,NA,RA,downstream,2023-10-05,20835564,2023-10-05T16:16:00Z,485.85167375624195,5947,154,295,137,9.46,13:15:00,2023-10-05T16:15:00Z,460.7
SpC_RA_dowstream_051023.xlsx,2023-10-05T13:16:10Z,2023-10-05T13:16:10Z,525.4,29.07,NA,NA,NA,NA,NA,NA,RA,downstream,2023-10-05,20835564,2023-10-05T16:16:10Z,485.85167375624195,5947,154,295,137,9.46,13:15:00,2023-10-05T16:15:00Z,460.7
SpC_RA_dowstream_051023.xlsx,2023-10-05T13:16:20Z,2023-10-05T13:16:20Z,525.8000000000001,29.07,NA,NA,NA,NA,NA,NA,RA,downstream,2023-10-05,20835564,2023-10-05T16:16:20Z,486.22156463843174,5947,154,295,137,9.46,13:15:00,2023-10-05T16:15:00Z,460.7
SpC_RA_dowstream_051023.xlsx,2023-10-05T13:16:30Z,2023-10-05T13:16:30Z,525.8000000000001,29.07,NA,NA,NA,NA,NA,NA,RA,downstream,2023-10-05,20835564,2023-10-05T16:16:30Z,486.22156463843174,5947,154,295,137,9.46,13:15:00,2023-10-05T16:15:00Z,460.7
SpC_RA_dowstream_051023.xlsx,2023-10-05T13:16:40Z,2023-10-05T13:16:40Z,525.8000000000001,29.060000000000002,NA,NA,NA,NA,NA,NA,RA,downstream,2023-10-05,20835564,2023-10-05T16:16:40Z,486.3115057343693,5947,154,295,137,9.46,13:15:00,2023-10-05T16:15:00Z,460.7
SpC_RA_dowstream_051023.xlsx,2023-10-05T13:16:50Z,2023-10-05T13:16:50Z,525.4,29.07,NA,NA,NA,NA,NA,NA,RA,downstream,2023-10-05,20835564,2023-10-05T16:16:50Z,485.85167375624195,5947,154,295,137,9.46,13:15:00,2023-10-05T16:15:00Z,460.7
SpC_RA_dowstream_051023.xlsx,2023-10-05T13:17:00Z,2023-10-05T13:17:00Z,525.4,29.07,NA,NA,NA,NA,NA,NA,RA,downstream,2023-10-05,20835564,2023-10-05T16:17:00Z,485.85167375624195,5947,154,295,137,9.46,13:15:00,2023-10-05T16:15:00Z,460.7
SpC_RA_dowstream_051023.xlsx,2023-10-05T13:17:10Z,2023-10-05T13:17:10Z,525.8000000000001,29.080000000000002,NA,NA,NA,NA,NA,NA,RA,downstream,2023-10-05,20835564,2023-10-05T16:17:10Z,486.1316568047337,5947,154,295,137,9.46,13:15:00,2023-10-05T16:15:00Z,460.7
SpC_RA_dowstream_051023.xlsx,2023-10-05T13:17:20Z,2023-10-05T13:17:20Z,525.8000000000001,29.080000000000002,NA,NA,NA,NA,NA,NA,RA,downstream,2023-10-05,20835564,2023-10-05T16:17:20Z,486.1316568047337,5947,154,295,137,9.46,13:15:00,2023-10-05T16:15:00Z,460.7
SpC_RA_dowstream_051023.xlsx,2023-10-05T13:17:30Z,2023-10-05T13:17:30Z,525.4,29.09,NA,NA,NA,NA,NA,NA,RA,downstream,2023-10-05,20835564,2023-10-05T16:17:30Z,485.67202810131255,5947,154,295,137,9.46,13:15:00,2023-10-05T16:15:00Z,460.7
SpC_RA_dowstream_051023.xlsx,2023-10-05T13:17:40Z,2023-10-05T13:17:40Z,525.8000000000001,29.1,NA,NA,NA,NA,NA,NA,RA,downstream,2023-10-05,20835564,2023-10-05T16:17:40Z,485.9519408502773,5947,154,295,137,9.46,13:15:00,2023-10-05T16:15:00Z,460.7
SpC_RA_dowstream_051023.xlsx,2023-10-05T13:17:50Z,2023-10-05T13:17:50Z,525.8000000000001,29.1,NA,NA,NA,NA,NA,NA,RA,downstream,2023-10-05,20835564,2023-10-05T16:17:50Z,485.9519408502773,5947,154,295,137,9.46,13:15:00,2023-10-05T16:15:00Z,460.7
SpC_RA_dowstream_051023.xlsx,2023-10-05T13:18:00Z,2023-10-05T13:18:00Z,525.4,29.12,NA,NA,NA,NA,NA,NA,RA,downstream,2023-10-05,20835564,2023-10-05T16:18:00Z,485.40280857354026,5947,154,295,137,9.46,13:15:00,2023-10-05T16:15:00Z,460.7
SpC_RA_dowstream_051023.xlsx,2023-10-05T13:18:10Z,2023-10-05T13:18:10Z,525.8000000000001,29.12,NA,NA,NA,NA,NA,NA,RA,downstream,2023-10-05,20835564,2023-10-05T16:18:10Z,485.7723577235773,5947,154,295,137,9.46,13:15:00,2023-10-05T16:15:00Z,460.7
SpC_RA_dowstream_051023.xlsx,2023-10-05T13:18:20Z,2023-10-05T13:18:20Z,524.6,29.1,NA,NA,NA,NA,NA,NA,RA,downstream,2023-10-05,20835564,2023-10-05T16:18:20Z,484.84288354898337,5947,154,295,137,9.46,13:15:00,2023-10-05T16:15:00Z,460.7
SpC_RA_dowstream_051023.xlsx,2023-10-05T13:18:30Z,2023-10-05T13:18:30Z,525,29.09,NA,NA,NA,NA,NA,NA,RA,downstream,2023-10-05,20835564,2023-10-05T16:18:30Z,485.30227398779806,5947,154,295,137,9.46,13:15:00,2023-10-05T16:15:00Z,460.7
SpC_RA_dowstream_051023.xlsx,2023-10-05T13:18:40Z,2023-10-05T13:18:40Z,525,29.12,NA,NA,NA,NA,NA,NA,RA,downstream,2023-10-05,20835564,2023-10-05T16:18:40Z,485.0332594235033,5947,154,295,137,9.46,13:15:00,2023-10-05T16:15:00Z,460.7
SpC_RA_dowstream_051023.xlsx,2023-10-05T13:18:50Z,2023-10-05T13:18:50Z,524.3000000000001,29.12,NA,NA,NA,NA,NA,NA,RA,downstream,2023-10-05,20835564,2023-10-05T16:18:50Z,484.3865484109387,5947,154,295,137,9.46,13:15:00,2023-10-05T16:15:00Z,460.7
SpC_RA_dowstream_051023.xlsx,2023-10-05T13:19:00Z,2023-10-05T13:19:00Z,524.6,29.1,NA,NA,NA,NA,NA,NA,RA,downstream,2023-10-05,20835564,2023-10-05T16:19:00Z,484.84288354898337,5947,154,295,137,9.46,13:15:00,2023-10-05T16:15:00Z,460.7
SpC_RA_dowstream_051023.xlsx,2023-10-05T13:19:10Z,2023-10-05T13:19:10Z,524.3000000000001,29.1,NA,NA,NA,NA,NA,NA,RA,downstream,2023-10-05,20835564,2023-10-05T16:19:10Z,484.5656192236599,5947,154,295,137,9.46,13:15:00,2023-10-05T16:15:00Z,460.7
SpC_RA_dowstream_051023.xlsx,2023-10-05T13:19:20Z,2023-10-05T13:19:20Z,524.6,29.150000000000002,NA,NA,NA,NA,NA,NA,RA,downstream,2023-10-05,20835564,2023-10-05T16:19:20Z,484.39519852262237,5947,154,295,137,9.46,13:15:00,2023-10-05T16:15:00Z,460.7
SpC_RA_dowstream_051023.xlsx,2023-10-05T13:19:30Z,2023-10-05T13:19:30Z,524.6,29.17,NA,NA,NA,NA,NA,NA,RA,downstream,2023-10-05,20835564,2023-10-05T16:19:30Z,484.21635591655894,5947,154,295,137,9.46,13:15:00,2023-10-05T16:15:00Z,460.7
SpC_RA_dowstream_051023.xlsx,2023-10-05T13:19:40Z,2023-10-05T13:19:40Z,524.2,29.13,NA,NA,NA,NA,NA,NA,RA,downstream,2023-10-05,20835564,2023-10-05T16:19:40Z,484.20469240716795,5947,154,295,137,9.46,13:15:00,2023-10-05T16:15:00Z,460.7
SpC_RA_dowstream_051023.xlsx,2023-10-05T13:19:50Z,2023-10-05T13:19:50Z,524.6,29.1,NA,NA,NA,NA,NA,NA,RA,downstream,2023-10-05,20835564,2023-10-05T16:19:50Z,484.84288354898337,5947,154,295,137,9.46,13:15:00,2023-10-05T16:15:00Z,460.7
SpC_RA_dowstream_051023.xlsx,2023-10-05T13:20:00Z,2023-10-05T13:20:00Z,523.9,29.09,NA,NA,NA,NA,NA,NA,RA,downstream,2023-10-05,20835564,2023-10-05T16:20:00Z,484.2854501756331,5947,154,295,137,9.46,13:15:00,2023-10-05T16:15:00Z,460.7
SpC_RA_dowstream_051023.xlsx,2023-10-05T13:20:10Z,2023-10-05T13:20:10Z,521.6,29.1,NA,NA,NA,NA,NA,NA,RA,downstream,2023-10-05,20835564,2023-10-05T16:20:10Z,482.0702402957486,5947,154,295,137,9.46,13:15:00,2023-10-05T16:15:00Z,460.7
SpC_RA_dowstream_051023.xlsx,2023-10-05T13:20:20Z,2023-10-05T13:20:20Z,520.4,29.12,NA,NA,NA,NA,NA,NA,RA,downstream,2023-10-05,20835564,2023-10-05T16:20:20Z,480.7834441980783,5947,154,295,137,9.46,13:15:00,2023-10-05T16:15:00Z,460.7
SpC_RA_dowstream_051023.xlsx,2023-10-05T13:20:30Z,2023-10-05T13:20:30Z,520.4,29.13,NA,NA,NA,NA,NA,NA,RA,downstream,2023-10-05,20835564,2023-10-05T16:20:30Z,480.69462405320525,5947,154,295,137,9.46,13:15:00,2023-10-05T16:15:00Z,460.7
SpC_RA_dowstream_051023.xlsx,2023-10-05T13:20:40Z,2023-10-05T13:20:40Z,521.2,29.17,NA,NA,NA,NA,NA,NA,RA,downstream,2023-10-05,20835564,2023-10-05T16:20:40Z,481.07808750230754,5947,154,295,137,9.46,13:15:00,2023-10-05T16:15:00Z,460.7
SpC_RA_dowstream_051023.xlsx,2023-10-05T13:20:50Z,2023-10-05T13:20:50Z,520.8000000000001,29.18,NA,NA,NA,NA,NA,NA,RA,downstream,2023-10-05,20835564,2023-10-05T16:20:50Z,480.6201550387598,5947,154,295,137,9.46,13:15:00,2023-10-05T16:15:00Z,460.7
SpC_RA_dowstream_051023.xlsx,2023-10-05T13:21:00Z,2023-10-05T13:21:00Z,520.4,29.17,NA,NA,NA,NA,NA,NA,RA,downstream,2023-10-05,20835564,2023-10-05T16:21:00Z,480.33967140483657,5947,154,295,137,9.46,13:15:00,2023-10-05T16:15:00Z,460.7
SpC_RA_dowstream_051023.xlsx,2023-10-05T13:21:10Z,2023-10-05T13:21:10Z,520,29.17,NA,NA,NA,NA,NA,NA,RA,downstream,2023-10-05,20835564,2023-10-05T16:21:10Z,479.9704633561011,5947,154,295,137,9.46,13:15:00,2023-10-05T16:15:00Z,460.7
SpC_RA_dowstream_051023.xlsx,2023-10-05T13:21:20Z,2023-10-05T13:21:20Z,520,29.150000000000002,NA,NA,NA,NA,NA,NA,RA,downstream,2023-10-05,20835564,2023-10-05T16:21:20Z,480.14773776546633,5947,154,295,137,9.46,13:15:00,2023-10-05T16:15:00Z,460.7
SpC_RA_dowstream_051023.xlsx,2023-10-05T13:21:30Z,2023-10-05T13:21:30Z,519.3000000000001,29.14,NA,NA,NA,NA,NA,NA,RA,downstream,2023-10-05,20835564,2023-10-05T16:21:30Z,479.58995197635767,5947,154,295,137,9.46,13:15:00,2023-10-05T16:15:00Z,460.7
SpC_RA_dowstream_051023.xlsx,2023-10-05T13:21:40Z,2023-10-05T13:21:40Z,519.3000000000001,29.13,NA,NA,NA,NA,NA,NA,RA,downstream,2023-10-05,20835564,2023-10-05T16:21:40Z,479.67855163495295,5947,154,295,137,9.46,13:15:00,2023-10-05T16:15:00Z,460.7
SpC_RA_dowstream_051023.xlsx,2023-10-05T13:21:50Z,2023-10-05T13:21:50Z,518.5,29.14,NA,NA,NA,NA,NA,NA,RA,downstream,2023-10-05,20835564,2023-10-05T16:21:50Z,478.85112670853346,5947,154,295,137,9.46,13:15:00,2023-10-05T16:15:00Z,460.7
SpC_RA_dowstream_051023.xlsx,2023-10-05T13:22:00Z,2023-10-05T13:22:00Z,517.8000000000001,29.14,NA,NA,NA,NA,NA,NA,RA,downstream,2023-10-05,20835564,2023-10-05T16:22:00Z,478.20465459918734,5947,154,295,137,9.46,13:15:00,2023-10-05T16:15:00Z,460.7
SpC_RA_dowstream_051023.xlsx,2023-10-05T13:22:10Z,2023-10-05T13:22:10Z,517,29.150000000000002,NA,NA,NA,NA,NA,NA,RA,downstream,2023-10-05,20835564,2023-10-05T16:22:10Z,477.3776546629732,5947,154,295,137,9.46,13:15:00,2023-10-05T16:15:00Z,460.7
SpC_RA_dowstream_051023.xlsx,2023-10-05T13:22:20Z,2023-10-05T13:22:20Z,517,29.14,NA,NA,NA,NA,NA,NA,RA,downstream,2023-10-05,20835564,2023-10-05T16:22:20Z,477.4658293313631,5947,154,295,137,9.46,13:15:00,2023-10-05T16:15:00Z,460.7
SpC_RA_dowstream_051023.xlsx,2023-10-05T13:22:30Z,2023-10-05T13:22:30Z,517,29.150000000000002,NA,NA,NA,NA,NA,NA,RA,downstream,2023-10-05,20835564,2023-10-05T16:22:30Z,477.3776546629732,5947,154,295,137,9.46,13:15:00,2023-10-05T16:15:00Z,460.7
SpC_RA_dowstream_051023.xlsx,2023-10-05T13:22:40Z,2023-10-05T13:22:40Z,517,29.17,NA,NA,NA,NA,NA,NA,RA,downstream,2023-10-05,20835564,2023-10-05T16:22:40Z,477.2014029905851,5947,154,295,137,9.46,13:15:00,2023-10-05T16:15:00Z,460.7
SpC_RA_dowstream_051023.xlsx,2023-10-05T13:22:50Z,2023-10-05T13:22:50Z,516.6,29.150000000000002,NA,NA,NA,NA,NA,NA,RA,downstream,2023-10-05,20835564,2023-10-05T16:22:50Z,477.0083102493075,5947,154,295,137,9.46,13:15:00,2023-10-05T16:15:00Z,460.7
SpC_RA_dowstream_051023.xlsx,2023-10-05T13:23:00Z,2023-10-05T13:23:00Z,516.6,29.150000000000002,NA,NA,NA,NA,NA,NA,RA,downstream,2023-10-05,20835564,2023-10-05T16:23:00Z,477.0083102493075,5947,154,295,137,9.46,13:15:00,2023-10-05T16:15:00Z,460.7
SpC_RA_dowstream_051023.xlsx,2023-10-05T13:23:10Z,2023-10-05T13:23:10Z,516.2,29.14,NA,NA,NA,NA,NA,NA,RA,downstream,2023-10-05,20835564,2023-10-05T16:23:10Z,476.727004063539,5947,154,295,137,9.46,13:15:00,2023-10-05T16:15:00Z,460.7
SpC_RA_dowstream_051023.xlsx,2023-10-05T13:23:20Z,2023-10-05T13:23:20Z,516.2,29.13,NA,NA,NA,NA,NA,NA,RA,downstream,2023-10-05,20835564,2023-10-05T16:23:20Z,476.81507481987813,5947,154,295,137,9.46,13:15:00,2023-10-05T16:15:00Z,460.7
SpC_RA_dowstream_051023.xlsx,2023-10-05T13:23:30Z,2023-10-05T13:23:30Z,515.9,29.12,NA,NA,NA,NA,NA,NA,RA,downstream,2023-10-05,20835564,2023-10-05T16:23:30Z,476.62601626016254,5947,154,295,137,9.46,13:15:00,2023-10-05T16:15:00Z,460.7
SpC_RA_dowstream_051023.xlsx,2023-10-05T13:23:40Z,2023-10-05T13:23:40Z,515.9,29.12,NA,NA,NA,NA,NA,NA,RA,downstream,2023-10-05,20835564,2023-10-05T16:23:40Z,476.62601626016254,5947,154,295,137,9.46,13:15:00,2023-10-05T16:15:00Z,460.7
SpC_RA_dowstream_051023.xlsx,2023-10-05T13:23:50Z,2023-10-05T13:23:50Z,515.9,29.1,NA,NA,NA,NA,NA,NA,RA,downstream,2023-10-05,20835564,2023-10-05T16:23:50Z,476.8022181146025,5947,154,295,137,9.46,13:15:00,2023-10-05T16:15:00Z,460.7
SpC_RA_dowstream_051023.xlsx,2023-10-05T13:24:00Z,2023-10-05T13:24:00Z,515.9,29.09,NA,NA,NA,NA,NA,NA,RA,downstream,2023-10-05,20835564,2023-10-05T16:24:00Z,476.8903679053429,5947,154,295,137,9.46,13:15:00,2023-10-05T16:15:00Z,460.7
SpC_RA_dowstream_051023.xlsx,2023-10-05T13:24:10Z,2023-10-05T13:24:10Z,515.5,29.09,NA,NA,NA,NA,NA,NA,RA,downstream,2023-10-05,20835564,2023-10-05T16:24:10Z,476.5206137918284,5947,154,295,137,9.46,13:15:00,2023-10-05T16:15:00Z,460.7
SpC_RA_dowstream_051023.xlsx,2023-10-05T13:24:20Z,2023-10-05T13:24:20Z,516.3000000000001,29.09,NA,NA,NA,NA,NA,NA,RA,downstream,2023-10-05,20835564,2023-10-05T16:24:20Z,477.2601220188575,5947,154,295,137,9.46,13:15:00,2023-10-05T16:15:00Z,460.7
SpC_RA_dowstream_051023.xlsx,2023-10-05T13:24:30Z,2023-10-05T13:24:30Z,518.2,29.09,NA,NA,NA,NA,NA,NA,RA,downstream,2023-10-05,20835564,2023-10-05T16:24:30Z,479.0164540580514,5947,154,295,137,9.46,13:15:00,2023-10-05T16:15:00Z,460.7
SpC_RA_dowstream_051023.xlsx,2023-10-05T13:24:40Z,2023-10-05T13:24:40Z,517.4,29.09,NA,NA,NA,NA,NA,NA,RA,downstream,2023-10-05,20835564,2023-10-05T16:24:40Z,478.2769458310223,5947,154,295,137,9.46,13:15:00,2023-10-05T16:15:00Z,460.7
SpC_RA_dowstream_051023.xlsx,2023-10-05T13:24:50Z,2023-10-05T13:24:50Z,520.5,29.080000000000002,NA,NA,NA,NA,NA,NA,RA,downstream,2023-10-05,20835564,2023-10-05T16:24:50Z,481.2315088757396,5947,154,295,137,9.46,13:15:00,2023-10-05T16:15:00Z,460.7
SpC_RA_dowstream_051023.xlsx,2023-10-05T13:25:00Z,2023-10-05T13:25:00Z,515.9,29.080000000000002,NA,NA,NA,NA,NA,NA,RA,downstream,2023-10-05,20835564,2023-10-05T16:25:00Z,476.97855029585793,5947,154,295,137,9.46,13:15:00,2023-10-05T16:15:00Z,460.7
SpC_RA_dowstream_051023.xlsx,2023-10-05T13:25:10Z,2023-10-05T13:25:10Z,515.5,29.080000000000002,NA,NA,NA,NA,NA,NA,RA,downstream,2023-10-05,20835564,2023-10-05T16:25:10Z,476.60872781065086,5947,154,295,137,9.46,13:15:00,2023-10-05T16:15:00Z,460.7
SpC_RA_dowstream_051023.xlsx,2023-10-05T13:25:20Z,2023-10-05T13:25:20Z,515.9,29.09,NA,NA,NA,NA,NA,NA,RA,downstream,2023-10-05,20835564,2023-10-05T16:25:20Z,476.8903679053429,5947,154,295,137,9.46,13:15:00,2023-10-05T16:15:00Z,460.7
SpC_RA_dowstream_051023.xlsx,2023-10-05T13:25:30Z,2023-10-05T13:25:30Z,516.3000000000001,29.09,NA,NA,NA,NA,NA,NA,RA,downstream,2023-10-05,20835564,2023-10-05T16:25:30Z,477.2601220188575,5947,154,295,137,9.46,13:15:00,2023-10-05T16:15:00Z,460.7
SpC_RA_dowstream_051023.xlsx,2023-10-05T13:25:40Z,2023-10-05T13:25:40Z,516.3000000000001,29.09,NA,NA,NA,NA,NA,NA,RA,downstream,2023-10-05,20835564,2023-10-05T16:25:40Z,477.2601220188575,5947,154,295,137,9.46,13:15:00,2023-10-05T16:15:00Z,460.7
SpC_RA_dowstream_051023.xlsx,2023-10-05T13:25:50Z,2023-10-05T13:25:50Z,516.3000000000001,29.09,NA,NA,NA,NA,NA,NA,RA,downstream,2023-10-05,20835564,2023-10-05T16:25:50Z,477.2601220188575,5947,154,295,137,9.46,13:15:00,2023-10-05T16:15:00Z,460.7
SpC_RA_dowstream_051023.xlsx,2023-10-05T13:26:00Z,2023-10-05T13:26:00Z,515.5,29.1,NA,NA,NA,NA,NA,NA,RA,downstream,2023-10-05,20835564,2023-10-05T16:26:00Z,476.4325323475046,5947,154,295,137,9.46,13:15:00,2023-10-05T16:15:00Z,460.7
SpC_RA_dowstream_051023.xlsx,2023-10-05T13:26:10Z,2023-10-05T13:26:10Z,515.1,29.1,NA,NA,NA,NA,NA,NA,RA,downstream,2023-10-05,20835564,2023-10-05T16:26:10Z,476.06284658040664,5947,154,295,137,9.46,13:15:00,2023-10-05T16:15:00Z,460.7
SpC_RA_dowstream_051023.xlsx,2023-10-05T13:26:20Z,2023-10-05T13:26:20Z,515.5,29.1,NA,NA,NA,NA,NA,NA,RA,downstream,2023-10-05,20835564,2023-10-05T16:26:20Z,476.4325323475046,5947,154,295,137,9.46,13:15:00,2023-10-05T16:15:00Z,460.7
SpC_RA_dowstream_051023.xlsx,2023-10-05T13:26:30Z,2023-10-05T13:26:30Z,515.1,29.1,NA,NA,NA,NA,NA,NA,RA,downstream,2023-10-05,20835564,2023-10-05T16:26:30Z,476.06284658040664,5947,154,295,137,9.46,13:15:00,2023-10-05T16:15:00Z,460.7
SpC_RA_dowstream_051023.xlsx,2023-10-05T13:26:40Z,2023-10-05T13:26:40Z,515.5,29.09,NA,NA,NA,NA,NA,NA,RA,downstream,2023-10-05,20835564,2023-10-05T16:26:40Z,476.5206137918284,5947,154,295,137,9.46,13:15:00,2023-10-05T16:15:00Z,460.7
SpC_RA_dowstream_051023.xlsx,2023-10-05T13:26:50Z,2023-10-05T13:26:50Z,515.5,29.09,NA,NA,NA,NA,NA,NA,RA,downstream,2023-10-05,20835564,2023-10-05T16:26:50Z,476.5206137918284,5947,154,295,137,9.46,13:15:00,2023-10-05T16:15:00Z,460.7
SpC_RA_dowstream_051023.xlsx,2023-10-05T13:27:00Z,2023-10-05T13:27:00Z,515.5,29.09,NA,NA,NA,NA,NA,NA,RA,downstream,2023-10-05,20835564,2023-10-05T16:27:00Z,476.5206137918284,5947,154,295,137,9.46,13:15:00,2023-10-05T16:15:00Z,460.7
SpC_RA_dowstream_051023.xlsx,2023-10-05T13:27:10Z,2023-10-05T13:27:10Z,515.1,29.09,NA,NA,NA,NA,NA,NA,RA,downstream,2023-10-05,20835564,2023-10-05T16:27:10Z,476.1508596783139,5947,154,295,137,9.46,13:15:00,2023-10-05T16:15:00Z,460.7
SpC_RA_dowstream_051023.xlsx,2023-10-05T13:27:20Z,2023-10-05T13:27:20Z,515.5,29.080000000000002,NA,NA,NA,NA,NA,NA,RA,downstream,2023-10-05,20835564,2023-10-05T16:27:20Z,476.60872781065086,5947,154,295,137,9.46,13:15:00,2023-10-05T16:15:00Z,460.7
SpC_RA_dowstream_051023.xlsx,2023-10-05T13:27:30Z,2023-10-05T13:27:30Z,515.1,29.09,NA,NA,NA,NA,NA,NA,RA,downstream,2023-10-05,20835564,2023-10-05T16:27:30Z,476.1508596783139,5947,154,295,137,9.46,13:15:00,2023-10-05T16:15:00Z,460.7
SpC_RA_dowstream_051023.xlsx,2023-10-05T13:27:40Z,2023-10-05T13:27:40Z,515.5,29.09,NA,NA,NA,NA,NA,NA,RA,downstream,2023-10-05,20835564,2023-10-05T16:27:40Z,476.5206137918284,5947,154,295,137,9.46,13:15:00,2023-10-05T16:15:00Z,460.7
SpC_RA_dowstream_051023.xlsx,2023-10-05T13:27:50Z,2023-10-05T13:27:50Z,515.5,29.09,NA,NA,NA,NA,NA,NA,RA,downstream,2023-10-05,20835564,2023-10-05T16:27:50Z,476.5206137918284,5947,154,295,137,9.46,13:15:00,2023-10-05T16:15:00Z,460.7
SpC_RA_dowstream_051023.xlsx,2023-10-05T13:28:00Z,2023-10-05T13:28:00Z,515.5,29.09,NA,NA,NA,NA,NA,NA,RA,downstream,2023-10-05,20835564,2023-10-05T16:28:00Z,476.5206137918284,5947,154,295,137,9.46,13:15:00,2023-10-05T16:15:00Z,460.7
SpC_RA_dowstream_051023.xlsx,2023-10-05T13:28:10Z,2023-10-05T13:28:10Z,515.5,29.09,NA,NA,NA,NA,NA,NA,RA,downstream,2023-10-05,20835564,2023-10-05T16:28:10Z,476.5206137918284,5947,154,295,137,9.46,13:15:00,2023-10-05T16:15:00Z,460.7
SpC_RA_dowstream_051023.xlsx,2023-10-05T13:28:20Z,2023-10-05T13:28:20Z,515.5,29.09,NA,NA,NA,NA,NA,NA,RA,downstream,2023-10-05,20835564,2023-10-05T16:28:20Z,476.5206137918284,5947,154,295,137,9.46,13:15:00,2023-10-05T16:15:00Z,460.7
SpC_RA_dowstream_051023.xlsx,2023-10-05T13:28:30Z,2023-10-05T13:28:30Z,515.1,29.09,NA,NA,NA,NA,NA,NA,RA,downstream,2023-10-05,20835564,2023-10-05T16:28:30Z,476.1508596783139,5947,154,295,137,9.46,13:15:00,2023-10-05T16:15:00Z,460.7
SpC_RA_dowstream_051023.xlsx,2023-10-05T13:28:40Z,2023-10-05T13:28:40Z,515.5,29.09,NA,NA,NA,NA,NA,NA,RA,downstream,2023-10-05,20835564,2023-10-05T16:28:40Z,476.5206137918284,5947,154,295,137,9.46,13:15:00,2023-10-05T16:15:00Z,460.7
SpC_RA_dowstream_051023.xlsx,2023-10-05T13:28:50Z,2023-10-05T13:28:50Z,515.5,29.1,NA,NA,NA,NA,NA,NA,RA,downstream,2023-10-05,20835564,2023-10-05T16:28:50Z,476.4325323475046,5947,154,295,137,9.46,13:15:00,2023-10-05T16:15:00Z,460.7
SpC_RA_dowstream_051023.xlsx,2023-10-05T13:29:00Z,2023-10-05T13:29:00Z,515.1,29.1,NA,NA,NA,NA,NA,NA,RA,downstream,2023-10-05,20835564,2023-10-05T16:29:00Z,476.06284658040664,5947,154,295,137,9.46,13:15:00,2023-10-05T16:15:00Z,460.7
SpC_RA_dowstream_051023.xlsx,2023-10-05T13:29:10Z,2023-10-05T13:29:10Z,515.1,29.1,NA,NA,NA,NA,NA,NA,RA,downstream,2023-10-05,20835564,2023-10-05T16:29:10Z,476.06284658040664,5947,154,295,137,9.46,13:15:00,2023-10-05T16:15:00Z,460.7
SpC_RA_dowstream_051023.xlsx,2023-10-05T13:29:20Z,2023-10-05T13:29:20Z,515.1,29.1,NA,NA,NA,NA,NA,NA,RA,downstream,2023-10-05,20835564,2023-10-05T16:29:20Z,476.06284658040664,5947,154,295,137,9.46,13:15:00,2023-10-05T16:15:00Z,460.7
SpC_RA_dowstream_051023.xlsx,2023-10-05T13:29:30Z,2023-10-05T13:29:30Z,515.1,29.09,NA,NA,NA,NA,NA,NA,RA,downstream,2023-10-05,20835564,2023-10-05T16:29:30Z,476.1508596783139,5947,154,295,137,9.46,13:15:00,2023-10-05T16:15:00Z,460.7
SpC_RA_dowstream_051023.xlsx,2023-10-05T13:29:40Z,2023-10-05T13:29:40Z,514.8000000000001,29.080000000000002,NA,NA,NA,NA,NA,NA,RA,downstream,2023-10-05,20835564,2023-10-05T16:29:40Z,475.96153846153845,5947,154,295,137,9.46,13:15:00,2023-10-05T16:15:00Z,460.7
SpC_RA_dowstream_051023.xlsx,2023-10-05T13:29:50Z,2023-10-05T13:29:50Z,514.7,29.09,NA,NA,NA,NA,NA,NA,RA,downstream,2023-10-05,20835564,2023-10-05T16:29:50Z,475.7811055647994,5947,154,295,137,9.46,13:15:00,2023-10-05T16:15:00Z,460.7
SpC_RA_dowstream_051023.xlsx,2023-10-05T13:30:00Z,2023-10-05T13:30:00Z,514.8000000000001,29.080000000000002,NA,NA,NA,NA,NA,NA,RA,downstream,2023-10-05,20835564,2023-10-05T16:30:00Z,475.96153846153845,5947,154,295,137,9.46,13:15:00,2023-10-05T16:15:00Z,460.7
SpC_RA_dowstream_051023.xlsx,2023-10-05T13:30:10Z,2023-10-05T13:30:10Z,514.8000000000001,29.080000000000002,NA,NA,NA,NA,NA,NA,RA,downstream,2023-10-05,20835564,2023-10-05T16:30:10Z,475.96153846153845,5947,154,295,137,9.46,13:15:00,2023-10-05T16:15:00Z,460.7
SpC_RA_dowstream_051023.xlsx,2023-10-05T13:30:20Z,2023-10-05T13:30:20Z,514.8000000000001,29.080000000000002,NA,NA,NA,NA,NA,NA,RA,downstream,2023-10-05,20835564,2023-10-05T16:30:20Z,475.96153846153845,5947,154,295,137,9.46,13:15:00,2023-10-05T16:15:00Z,460.7
SpC_RA_dowstream_051023.xlsx,2023-10-05T13:30:30Z,2023-10-05T13:30:30Z,514.4,29.080000000000002,NA,NA,NA,NA,NA,NA,RA,downstream,2023-10-05,20835564,2023-10-05T16:30:30Z,475.5917159763313,5947,154,295,137,9.46,13:15:00,2023-10-05T16:15:00Z,460.7
SpC_RA_dowstream_051023.xlsx,2023-10-05T13:30:40Z,2023-10-05T13:30:40Z,514.8000000000001,29.080000000000002,NA,NA,NA,NA,NA,NA,RA,downstream,2023-10-05,20835564,2023-10-05T16:30:40Z,475.96153846153845,5947,154,295,137,9.46,13:15:00,2023-10-05T16:15:00Z,460.7
SpC_RA_dowstream_051023.xlsx,2023-10-05T13:30:50Z,2023-10-05T13:30:50Z,514.8000000000001,29.080000000000002,NA,NA,NA,NA,NA,NA,RA,downstream,2023-10-05,20835564,2023-10-05T16:30:50Z,475.96153846153845,5947,154,295,137,9.46,13:15:00,2023-10-05T16:15:00Z,460.7
SpC_RA_dowstream_051023.xlsx,2023-10-05T13:31:00Z,2023-10-05T13:31:00Z,514.8000000000001,29.080000000000002,NA,NA,NA,NA,NA,NA,RA,downstream,2023-10-05,20835564,2023-10-05T16:31:00Z,475.96153846153845,5947,154,295,137,9.46,13:15:00,2023-10-05T16:15:00Z,460.7
SpC_RA_dowstream_051023.xlsx,2023-10-05T13:31:10Z,2023-10-05T13:31:10Z,514.8000000000001,29.080000000000002,NA,NA,NA,NA,NA,NA,RA,downstream,2023-10-05,20835564,2023-10-05T16:31:10Z,475.96153846153845,5947,154,295,137,9.46,13:15:00,2023-10-05T16:15:00Z,460.7
SpC_RA_dowstream_051023.xlsx,2023-10-05T13:31:20Z,2023-10-05T13:31:20Z,515.1,29.1,NA,NA,NA,NA,NA,NA,RA,downstream,2023-10-05,20835564,2023-10-05T16:31:20Z,476.06284658040664,5947,154,295,137,9.46,13:15:00,2023-10-05T16:15:00Z,460.7
SpC_RA_dowstream_051023.xlsx,2023-10-05T13:31:30Z,2023-10-05T13:31:30Z,515.1,29.1,NA,NA,NA,NA,NA,NA,RA,downstream,2023-10-05,20835564,2023-10-05T16:31:30Z,476.06284658040664,5947,154,295,137,9.46,13:15:00,2023-10-05T16:15:00Z,460.7
SpC_RA_dowstream_051023.xlsx,2023-10-05T13:31:40Z,2023-10-05T13:31:40Z,515.1,29.09,NA,NA,NA,NA,NA,NA,RA,downstream,2023-10-05,20835564,2023-10-05T16:31:40Z,476.1508596783139,5947,154,295,137,9.46,13:15:00,2023-10-05T16:15:00Z,460.7
SpC_RA_dowstream_051023.xlsx,2023-10-05T13:31:50Z,2023-10-05T13:31:50Z,514.7,29.09,NA,NA,NA,NA,NA,NA,RA,downstream,2023-10-05,20835564,2023-10-05T16:31:50Z,475.7811055647994,5947,154,295,137,9.46,13:15:00,2023-10-05T16:15:00Z,460.7
SpC_RA_dowstream_051023.xlsx,2023-10-05T13:32:00Z,2023-10-05T13:32:00Z,514.7,29.09,NA,NA,NA,NA,NA,NA,RA,downstream,2023-10-05,20835564,2023-10-05T16:32:00Z,475.7811055647994,5947,154,295,137,9.46,13:15:00,2023-10-05T16:15:00Z,460.7
SpC_RA_dowstream_051023.xlsx,2023-10-05T13:32:10Z,2023-10-05T13:32:10Z,515.1,29.09,NA,NA,NA,NA,NA,NA,RA,downstream,2023-10-05,20835564,2023-10-05T16:32:10Z,476.1508596783139,5947,154,295,137,9.46,13:15:00,2023-10-05T16:15:00Z,460.7
SpC_RA_dowstream_051023.xlsx,2023-10-05T13:32:20Z,2023-10-05T13:32:20Z,514.7,29.09,NA,NA,NA,NA,NA,NA,RA,downstream,2023-10-05,20835564,2023-10-05T16:32:20Z,475.7811055647994,5947,154,295,137,9.46,13:15:00,2023-10-05T16:15:00Z,460.7
SpC_RA_dowstream_051023.xlsx,2023-10-05T13:32:30Z,2023-10-05T13:32:30Z,514.7,29.09,NA,NA,NA,NA,NA,NA,RA,downstream,2023-10-05,20835564,2023-10-05T16:32:30Z,475.7811055647994,5947,154,295,137,9.46,13:15:00,2023-10-05T16:15:00Z,460.7
SpC_RA_dowstream_051023.xlsx,2023-10-05T13:32:40Z,2023-10-05T13:32:40Z,515.1,29.09,NA,NA,NA,NA,NA,NA,RA,downstream,2023-10-05,20835564,2023-10-05T16:32:40Z,476.1508596783139,5947,154,295,137,9.46,13:15:00,2023-10-05T16:15:00Z,460.7
SpC_RA_dowstream_051023.xlsx,2023-10-05T13:32:50Z,2023-10-05T13:32:50Z,514.7,29.09,NA,NA,NA,NA,NA,NA,RA,downstream,2023-10-05,20835564,2023-10-05T16:32:50Z,475.7811055647994,5947,154,295,137,9.46,13:15:00,2023-10-05T16:15:00Z,460.7
SpC_RA_dowstream_051023.xlsx,2023-10-05T13:33:00Z,2023-10-05T13:33:00Z,515.1,29.1,NA,NA,NA,NA,NA,NA,RA,downstream,2023-10-05,20835564,2023-10-05T16:33:00Z,476.06284658040664,5947,154,295,137,9.46,13:15:00,2023-10-05T16:15:00Z,460.7
SpC_RA_dowstream_051023.xlsx,2023-10-05T13:33:10Z,2023-10-05T13:33:10Z,515.1,29.09,NA,NA,NA,NA,NA,NA,RA,downstream,2023-10-05,20835564,2023-10-05T16:33:10Z,476.1508596783139,5947,154,295,137,9.46,13:15:00,2023-10-05T16:15:00Z,460.7
SpC_RA_dowstream_051023.xlsx,2023-10-05T13:33:20Z,2023-10-05T13:33:20Z,515.1,29.09,NA,NA,NA,NA,NA,NA,RA,downstream,2023-10-05,20835564,2023-10-05T16:33:20Z,476.1508596783139,5947,154,295,137,9.46,13:15:00,2023-10-05T16:15:00Z,460.7
SpC_RA_dowstream_051023.xlsx,2023-10-05T13:33:30Z,2023-10-05T13:33:30Z,515.1,29.1,NA,NA,NA,NA,NA,NA,RA,downstream,2023-10-05,20835564,2023-10-05T16:33:30Z,476.06284658040664,5947,154,295,137,9.46,13:15:00,2023-10-05T16:15:00Z,460.7
SpC_RA_dowstream_051023.xlsx,2023-10-05T13:33:40Z,2023-10-05T13:33:40Z,515.1,29.09,NA,NA,NA,NA,NA,NA,RA,downstream,2023-10-05,20835564,2023-10-05T16:33:40Z,476.1508596783139,5947,154,295,137,9.46,13:15:00,2023-10-05T16:15:00Z,460.7
SpC_RA_dowstream_051023.xlsx,2023-10-05T13:33:50Z,2023-10-05T13:33:50Z,515.1,29.1,NA,NA,NA,NA,NA,NA,RA,downstream,2023-10-05,20835564,2023-10-05T16:33:50Z,476.06284658040664,5947,154,295,137,9.46,13:15:00,2023-10-05T16:15:00Z,460.7
SpC_RA_dowstream_051023.xlsx,2023-10-05T13:34:00Z,2023-10-05T13:34:00Z,515.1,29.1,NA,NA,NA,NA,NA,NA,RA,downstream,2023-10-05,20835564,2023-10-05T16:34:00Z,476.06284658040664,5947,154,295,137,9.46,13:15:00,2023-10-05T16:15:00Z,460.7
SpC_RA_dowstream_051023.xlsx,2023-10-05T13:34:10Z,2023-10-05T13:34:10Z,515.1,29.1,NA,NA,NA,NA,NA,NA,RA,downstream,2023-10-05,20835564,2023-10-05T16:34:10Z,476.06284658040664,5947,154,295,137,9.46,13:15:00,2023-10-05T16:15:00Z,460.7
SpC_RA_dowstream_051023.xlsx,2023-10-05T13:34:20Z,2023-10-05T13:34:20Z,515.1,29.1,NA,NA,NA,NA,NA,NA,RA,downstream,2023-10-05,20835564,2023-10-05T16:34:20Z,476.06284658040664,5947,154,295,137,9.46,13:15:00,2023-10-05T16:15:00Z,460.7
SpC_RA_dowstream_051023.xlsx,2023-10-05T13:34:30Z,2023-10-05T13:34:30Z,515.1,29.1,NA,NA,NA,NA,NA,NA,RA,downstream,2023-10-05,20835564,2023-10-05T16:34:30Z,476.06284658040664,5947,154,295,137,9.46,13:15:00,2023-10-05T16:15:00Z,460.7
SpC_RA_dowstream_051023.xlsx,2023-10-05T13:34:40Z,2023-10-05T13:34:40Z,515.1,29.1,NA,NA,NA,NA,NA,NA,RA,downstream,2023-10-05,20835564,2023-10-05T16:34:40Z,476.06284658040664,5947,154,295,137,9.46,13:15:00,2023-10-05T16:15:00Z,460.7
SpC_RA_dowstream_051023.xlsx,2023-10-05T13:34:50Z,2023-10-05T13:34:50Z,515.1,29.1,NA,NA,NA,NA,NA,NA,RA,downstream,2023-10-05,20835564,2023-10-05T16:34:50Z,476.06284658040664,5947,154,295,137,9.46,13:15:00,2023-10-05T16:15:00Z,460.7
SpC_RA_dowstream_051023.xlsx,2023-10-05T13:35:00Z,2023-10-05T13:35:00Z,515.1,29.1,NA,NA,NA,NA,NA,NA,RA,downstream,2023-10-05,20835564,2023-10-05T16:35:00Z,476.06284658040664,5947,154,295,137,9.46,13:15:00,2023-10-05T16:15:00Z,460.7
SpC_RA_dowstream_051023.xlsx,2023-10-05T13:35:10Z,2023-10-05T13:35:10Z,514.7,29.1,NA,NA,NA,NA,NA,NA,RA,downstream,2023-10-05,20835564,2023-10-05T16:35:10Z,475.6931608133087,5947,154,295,137,9.46,13:15:00,2023-10-05T16:15:00Z,460.7
SpC_RA_dowstream_051023.xlsx,2023-10-05T13:35:20Z,2023-10-05T13:35:20Z,514.7,29.1,NA,NA,NA,NA,NA,NA,RA,downstream,2023-10-05,20835564,2023-10-05T16:35:20Z,475.6931608133087,5947,154,295,137,9.46,13:15:00,2023-10-05T16:15:00Z,460.7
SpC_RA_dowstream_051023.xlsx,2023-10-05T13:35:30Z,2023-10-05T13:35:30Z,514.7,29.1,NA,NA,NA,NA,NA,NA,RA,downstream,2023-10-05,20835564,2023-10-05T16:35:30Z,475.6931608133087,5947,154,295,137,9.46,13:15:00,2023-10-05T16:15:00Z,460.7
SpC_RA_dowstream_051023.xlsx,2023-10-05T13:35:40Z,2023-10-05T13:35:40Z,514.7,29.1,NA,NA,NA,NA,NA,NA,RA,downstream,2023-10-05,20835564,2023-10-05T16:35:40Z,475.6931608133087,5947,154,295,137,9.46,13:15:00,2023-10-05T16:15:00Z,460.7
SpC_RA_dowstream_051023.xlsx,2023-10-05T13:35:50Z,2023-10-05T13:35:50Z,514.7,29.1,NA,NA,NA,NA,NA,NA,RA,downstream,2023-10-05,20835564,2023-10-05T16:35:50Z,475.6931608133087,5947,154,295,137,9.46,13:15:00,2023-10-05T16:15:00Z,460.7
SpC_RA_dowstream_051023.xlsx,2023-10-05T13:36:00Z,2023-10-05T13:36:00Z,514.7,29.09,NA,NA,NA,NA,NA,NA,RA,downstream,2023-10-05,20835564,2023-10-05T16:36:00Z,475.7811055647994,5947,154,295,137,9.46,13:15:00,2023-10-05T16:15:00Z,460.7
SpC_RA_dowstream_051023.xlsx,2023-10-05T13:36:10Z,2023-10-05T13:36:10Z,514.7,29.09,NA,NA,NA,NA,NA,NA,RA,downstream,2023-10-05,20835564,2023-10-05T16:36:10Z,475.7811055647994,5947,154,295,137,9.46,13:15:00,2023-10-05T16:15:00Z,460.7
SpC_RA_dowstream_051023.xlsx,2023-10-05T13:36:20Z,2023-10-05T13:36:20Z,514.7,29.09,NA,NA,NA,NA,NA,NA,RA,downstream,2023-10-05,20835564,2023-10-05T16:36:20Z,475.7811055647994,5947,154,295,137,9.46,13:15:00,2023-10-05T16:15:00Z,460.7
SpC_RA_dowstream_051023.xlsx,2023-10-05T13:36:30Z,2023-10-05T13:36:30Z,514.7,29.09,NA,NA,NA,NA,NA,NA,RA,downstream,2023-10-05,20835564,2023-10-05T16:36:30Z,475.7811055647994,5947,154,295,137,9.46,13:15:00,2023-10-05T16:15:00Z,460.7
SpC_RA_dowstream_051023.xlsx,2023-10-05T13:36:40Z,2023-10-05T13:36:40Z,514.4,29.09,NA,NA,NA,NA,NA,NA,RA,downstream,2023-10-05,20835564,2023-10-05T16:36:40Z,475.50378997966345,5947,154,295,137,9.46,13:15:00,2023-10-05T16:15:00Z,460.7
SpC_RA_dowstream_051023.xlsx,2023-10-05T13:36:50Z,2023-10-05T13:36:50Z,514.7,29.09,NA,NA,NA,NA,NA,NA,RA,downstream,2023-10-05,20835564,2023-10-05T16:36:50Z,475.7811055647994,5947,154,295,137,9.46,13:15:00,2023-10-05T16:15:00Z,460.7
SpC_RA_dowstream_051023.xlsx,2023-10-05T13:37:00Z,2023-10-05T13:37:00Z,514.7,29.09,NA,NA,NA,NA,NA,NA,RA,downstream,2023-10-05,20835564,2023-10-05T16:37:00Z,475.7811055647994,5947,154,295,137,9.46,13:15:00,2023-10-05T16:15:00Z,460.7
SpC_RA_dowstream_051023.xlsx,2023-10-05T13:37:10Z,2023-10-05T13:37:10Z,514.4,29.09,NA,NA,NA,NA,NA,NA,RA,downstream,2023-10-05,20835564,2023-10-05T16:37:10Z,475.50378997966345,5947,154,295,137,9.46,13:15:00,2023-10-05T16:15:00Z,460.7
SpC_RA_dowstream_051023.xlsx,2023-10-05T13:37:20Z,2023-10-05T13:37:20Z,514.7,29.09,NA,NA,NA,NA,NA,NA,RA,downstream,2023-10-05,20835564,2023-10-05T16:37:20Z,475.7811055647994,5947,154,295,137,9.46,13:15:00,2023-10-05T16:15:00Z,460.7
SpC_RA_dowstream_051023.xlsx,2023-10-05T13:37:30Z,2023-10-05T13:37:30Z,515.1,29.09,NA,NA,NA,NA,NA,NA,RA,downstream,2023-10-05,20835564,2023-10-05T16:37:30Z,476.1508596783139,5947,154,295,137,9.46,13:15:00,2023-10-05T16:15:00Z,460.7
SpC_RA_dowstream_051023.xlsx,2023-10-05T13:37:40Z,2023-10-05T13:37:40Z,515.1,29.09,NA,NA,NA,NA,NA,NA,RA,downstream,2023-10-05,20835564,2023-10-05T16:37:40Z,476.1508596783139,5947,154,295,137,9.46,13:15:00,2023-10-05T16:15:00Z,460.7
SpC_RA_dowstream_051023.xlsx,2023-10-05T13:37:50Z,2023-10-05T13:37:50Z,514.7,29.09,NA,NA,NA,NA,NA,NA,RA,downstream,2023-10-05,20835564,2023-10-05T16:37:50Z,475.7811055647994,5947,154,295,137,9.46,13:15:00,2023-10-05T16:15:00Z,460.7
SpC_RA_dowstream_051023.xlsx,2023-10-05T13:38:00Z,2023-10-05T13:38:00Z,514.7,29.09,NA,NA,NA,NA,NA,NA,RA,downstream,2023-10-05,20835564,2023-10-05T16:38:00Z,475.7811055647994,5947,154,295,137,9.46,13:15:00,2023-10-05T16:15:00Z,460.7
SpC_RA_dowstream_051023.xlsx,2023-10-05T13:38:10Z,2023-10-05T13:38:10Z,514.7,29.09,NA,NA,NA,NA,NA,NA,RA,downstream,2023-10-05,20835564,2023-10-05T16:38:10Z,475.7811055647994,5947,154,295,137,9.46,13:15:00,2023-10-05T16:15:00Z,460.7
SpC_RA_dowstream_051023.xlsx,2023-10-05T13:38:20Z,2023-10-05T13:38:20Z,514.7,29.09,NA,NA,NA,NA,NA,NA,RA,downstream,2023-10-05,20835564,2023-10-05T16:38:20Z,475.7811055647994,5947,154,295,137,9.46,13:15:00,2023-10-05T16:15:00Z,460.7
SpC_RA_dowstream_051023.xlsx,2023-10-05T13:38:30Z,2023-10-05T13:38:30Z,514.4,29.09,NA,NA,NA,NA,NA,NA,RA,downstream,2023-10-05,20835564,2023-10-05T16:38:30Z,475.50378997966345,5947,154,295,137,9.46,13:15:00,2023-10-05T16:15:00Z,460.7
SpC_RA_dowstream_051023.xlsx,2023-10-05T13:38:40Z,2023-10-05T13:38:40Z,515.5,29.09,NA,NA,NA,NA,NA,NA,RA,downstream,2023-10-05,20835564,2023-10-05T16:38:40Z,476.5206137918284,5947,154,295,137,9.46,13:15:00,2023-10-05T16:15:00Z,460.7
SpC_RA_dowstream_051023.xlsx,2023-10-05T13:38:50Z,2023-10-05T13:38:50Z,514.7,29.09,NA,NA,NA,NA,NA,NA,RA,downstream,2023-10-05,20835564,2023-10-05T16:38:50Z,475.7811055647994,5947,154,295,137,9.46,13:15:00,2023-10-05T16:15:00Z,460.7
SpC_RA_dowstream_051023.xlsx,2023-10-05T13:39:00Z,2023-10-05T13:39:00Z,514.7,29.09,NA,NA,NA,NA,NA,NA,RA,downstream,2023-10-05,20835564,2023-10-05T16:39:00Z,475.7811055647994,5947,154,295,137,9.46,13:15:00,2023-10-05T16:15:00Z,460.7
SpC_RA_dowstream_051023.xlsx,2023-10-05T13:39:10Z,2023-10-05T13:39:10Z,514.7,29.09,NA,NA,NA,NA,NA,NA,RA,downstream,2023-10-05,20835564,2023-10-05T16:39:10Z,475.7811055647994,5947,154,295,137,9.46,13:15:00,2023-10-05T16:15:00Z,460.7
SpC_RA_dowstream_051023.xlsx,2023-10-05T13:39:20Z,2023-10-05T13:39:20Z,514.7,29.09,NA,NA,NA,NA,NA,NA,RA,downstream,2023-10-05,20835564,2023-10-05T16:39:20Z,475.7811055647994,5947,154,295,137,9.46,13:15:00,2023-10-05T16:15:00Z,460.7
SpC_RA_dowstream_051023.xlsx,2023-10-05T13:39:30Z,2023-10-05T13:39:30Z,514.7,29.09,NA,NA,NA,NA,NA,NA,RA,downstream,2023-10-05,20835564,2023-10-05T16:39:30Z,475.7811055647994,5947,154,295,137,9.46,13:15:00,2023-10-05T16:15:00Z,460.7
SpC_RA_dowstream_051023.xlsx,2023-10-05T13:39:40Z,2023-10-05T13:39:40Z,514.7,29.09,NA,NA,NA,NA,NA,NA,RA,downstream,2023-10-05,20835564,2023-10-05T16:39:40Z,475.7811055647994,5947,154,295,137,9.46,13:15:00,2023-10-05T16:15:00Z,460.7
SpC_RA_dowstream_051023.xlsx,2023-10-05T13:39:50Z,2023-10-05T13:39:50Z,514.7,29.09,NA,NA,NA,NA,NA,NA,RA,downstream,2023-10-05,20835564,2023-10-05T16:39:50Z,475.7811055647994,5947,154,295,137,9.46,13:15:00,2023-10-05T16:15:00Z,460.7
SpC_RA_dowstream_051023.xlsx,2023-10-05T13:40:00Z,2023-10-05T13:40:00Z,514.7,29.09,NA,NA,NA,NA,NA,NA,RA,downstream,2023-10-05,20835564,2023-10-05T16:40:00Z,475.7811055647994,5947,154,295,137,9.46,13:15:00,2023-10-05T16:15:00Z,460.7
SpC_RA_dowstream_051023.xlsx,2023-10-05T13:40:10Z,2023-10-05T13:40:10Z,514.7,29.09,NA,NA,NA,NA,NA,NA,RA,downstream,2023-10-05,20835564,2023-10-05T16:40:10Z,475.7811055647994,5947,154,295,137,9.46,13:15:00,2023-10-05T16:15:00Z,460.7
SpC_RA_dowstream_051023.xlsx,2023-10-05T13:40:20Z,2023-10-05T13:40:20Z,514.7,29.09,NA,NA,NA,NA,NA,NA,RA,downstream,2023-10-05,20835564,2023-10-05T16:40:20Z,475.7811055647994,5947,154,295,137,9.46,13:15:00,2023-10-05T16:15:00Z,460.7
SpC_RA_dowstream_051023.xlsx,2023-10-05T13:40:30Z,2023-10-05T13:40:30Z,514.4,29.09,NA,NA,NA,NA,NA,NA,RA,downstream,2023-10-05,20835564,2023-10-05T16:40:30Z,475.50378997966345,5947,154,295,137,9.46,13:15:00,2023-10-05T16:15:00Z,460.7
SpC_RA_dowstream_051023.xlsx,2023-10-05T13:40:40Z,2023-10-05T13:40:40Z,514.4,29.09,NA,NA,NA,NA,NA,NA,RA,downstream,2023-10-05,20835564,2023-10-05T16:40:40Z,475.50378997966345,5947,154,295,137,9.46,13:15:00,2023-10-05T16:15:00Z,460.7
SpC_RA_dowstream_051023.xlsx,2023-10-05T13:40:50Z,2023-10-05T13:40:50Z,514.4,29.09,NA,NA,NA,NA,NA,NA,RA,downstream,2023-10-05,20835564,2023-10-05T16:40:50Z,475.50378997966345,5947,154,295,137,9.46,13:15:00,2023-10-05T16:15:00Z,460.7
SpC_RA_dowstream_051023.xlsx,2023-10-05T13:41:00Z,2023-10-05T13:41:00Z,514.4,29.09,NA,NA,NA,NA,NA,NA,RA,downstream,2023-10-05,20835564,2023-10-05T16:41:00Z,475.50378997966345,5947,154,295,137,9.46,13:15:00,2023-10-05T16:15:00Z,460.7
SpC_RA_dowstream_051023.xlsx,2023-10-05T13:41:10Z,2023-10-05T13:41:10Z,514.4,29.09,NA,NA,NA,NA,NA,NA,RA,downstream,2023-10-05,20835564,2023-10-05T16:41:10Z,475.50378997966345,5947,154,295,137,9.46,13:15:00,2023-10-05T16:15:00Z,460.7
SpC_RA_dowstream_051023.xlsx,2023-10-05T13:41:20Z,2023-10-05T13:41:20Z,514.4,29.09,NA,NA,NA,NA,NA,NA,RA,downstream,2023-10-05,20835564,2023-10-05T16:41:20Z,475.50378997966345,5947,154,295,137,9.46,13:15:00,2023-10-05T16:15:00Z,460.7
SpC_RA_dowstream_051023.xlsx,2023-10-05T13:41:30Z,2023-10-05T13:41:30Z,514,29.09,NA,NA,NA,NA,NA,NA,RA,downstream,2023-10-05,20835564,2023-10-05T16:41:30Z,475.13403586614896,5947,154,295,137,9.46,13:15:00,2023-10-05T16:15:00Z,460.7
SpC_RA_dowstream_051023.xlsx,2023-10-05T13:41:40Z,2023-10-05T13:41:40Z,514.4,29.09,NA,NA,NA,NA,NA,NA,RA,downstream,2023-10-05,20835564,2023-10-05T16:41:40Z,475.50378997966345,5947,154,295,137,9.46,13:15:00,2023-10-05T16:15:00Z,460.7
SpC_RA_dowstream_051023.xlsx,2023-10-05T13:41:50Z,2023-10-05T13:41:50Z,514,29.09,NA,NA,NA,NA,NA,NA,RA,downstream,2023-10-05,20835564,2023-10-05T16:41:50Z,475.13403586614896,5947,154,295,137,9.46,13:15:00,2023-10-05T16:15:00Z,460.7
SpC_RA_dowstream_051023.xlsx,2023-10-05T13:42:00Z,2023-10-05T13:42:00Z,514,29.09,NA,NA,NA,NA,NA,NA,RA,downstream,2023-10-05,20835564,2023-10-05T16:42:00Z,475.13403586614896,5947,154,295,137,9.46,13:15:00,2023-10-05T16:15:00Z,460.7
SpC_RA_dowstream_051023.xlsx,2023-10-05T13:42:10Z,2023-10-05T13:42:10Z,514,29.09,NA,NA,NA,NA,NA,NA,RA,downstream,2023-10-05,20835564,2023-10-05T16:42:10Z,475.13403586614896,5947,154,295,137,9.46,13:15:00,2023-10-05T16:15:00Z,460.7
SpC_RA_dowstream_051023.xlsx,2023-10-05T13:42:20Z,2023-10-05T13:42:20Z,514,29.09,NA,NA,NA,NA,NA,NA,RA,downstream,2023-10-05,20835564,2023-10-05T16:42:20Z,475.13403586614896,5947,154,295,137,9.46,13:15:00,2023-10-05T16:15:00Z,460.7
SpC_RA_dowstream_051023.xlsx,2023-10-05T13:42:30Z,2023-10-05T13:42:30Z,514,29.09,NA,NA,NA,NA,NA,NA,RA,downstream,2023-10-05,20835564,2023-10-05T16:42:30Z,475.13403586614896,5947,154,295,137,9.46,13:15:00,2023-10-05T16:15:00Z,460.7
SpC_RA_dowstream_051023.xlsx,2023-10-05T13:42:40Z,2023-10-05T13:42:40Z,513.6,29.09,NA,NA,NA,NA,NA,NA,RA,downstream,2023-10-05,20835564,2023-10-05T16:42:40Z,474.7642817526345,5947,154,295,137,9.46,13:15:00,2023-10-05T16:15:00Z,460.7
SpC_RA_dowstream_051023.xlsx,2023-10-05T13:42:50Z,2023-10-05T13:42:50Z,513.6,29.09,NA,NA,NA,NA,NA,NA,RA,downstream,2023-10-05,20835564,2023-10-05T16:42:50Z,474.7642817526345,5947,154,295,137,9.46,13:15:00,2023-10-05T16:15:00Z,460.7
SpC_RA_dowstream_051023.xlsx,2023-10-05T13:43:00Z,2023-10-05T13:43:00Z,513.6,29.09,NA,NA,NA,NA,NA,NA,RA,downstream,2023-10-05,20835564,2023-10-05T16:43:00Z,474.7642817526345,5947,154,295,137,9.46,13:15:00,2023-10-05T16:15:00Z,460.7
SpC_RA_dowstream_051023.xlsx,2023-10-05T13:43:10Z,2023-10-05T13:43:10Z,514,29.09,NA,NA,NA,NA,NA,NA,RA,downstream,2023-10-05,20835564,2023-10-05T16:43:10Z,475.13403586614896,5947,154,295,137,9.46,13:15:00,2023-10-05T16:15:00Z,460.7
SpC_RA_dowstream_051023.xlsx,2023-10-05T13:43:20Z,2023-10-05T13:43:20Z,513.6,29.09,NA,NA,NA,NA,NA,NA,RA,downstream,2023-10-05,20835564,2023-10-05T16:43:20Z,474.7642817526345,5947,154,295,137,9.46,13:15:00,2023-10-05T16:15:00Z,460.7
SpC_RA_dowstream_051023.xlsx,2023-10-05T13:43:30Z,2023-10-05T13:43:30Z,513.6,29.09,NA,NA,NA,NA,NA,NA,RA,downstream,2023-10-05,20835564,2023-10-05T16:43:30Z,474.7642817526345,5947,154,295,137,9.46,13:15:00,2023-10-05T16:15:00Z,460.7
SpC_RA_dowstream_051023.xlsx,2023-10-05T13:43:40Z,2023-10-05T13:43:40Z,513.2,29.09,NA,NA,NA,NA,NA,NA,RA,downstream,2023-10-05,20835564,2023-10-05T16:43:40Z,474.39452763912,5947,154,295,137,9.46,13:15:00,2023-10-05T16:15:00Z,460.7
SpC_RA_dowstream_051023.xlsx,2023-10-05T13:43:50Z,2023-10-05T13:43:50Z,513.2,29.1,NA,NA,NA,NA,NA,NA,RA,downstream,2023-10-05,20835564,2023-10-05T16:43:50Z,474.3068391866913,5947,154,295,137,9.46,13:15:00,2023-10-05T16:15:00Z,460.7
SpC_RA_dowstream_051023.xlsx,2023-10-05T13:44:00Z,2023-10-05T13:44:00Z,513.2,29.09,NA,NA,NA,NA,NA,NA,RA,downstream,2023-10-05,20835564,2023-10-05T16:44:00Z,474.39452763912,5947,154,295,137,9.46,13:15:00,2023-10-05T16:15:00Z,460.7
SpC_RA_dowstream_051023.xlsx,2023-10-05T13:44:10Z,2023-10-05T13:44:10Z,513.2,29.09,NA,NA,NA,NA,NA,NA,RA,downstream,2023-10-05,20835564,2023-10-05T16:44:10Z,474.39452763912,5947,154,295,137,9.46,13:15:00,2023-10-05T16:15:00Z,460.7
SpC_RA_dowstream_051023.xlsx,2023-10-05T13:44:20Z,2023-10-05T13:44:20Z,512.8000000000001,29.09,NA,NA,NA,NA,NA,NA,RA,downstream,2023-10-05,20835564,2023-10-05T16:44:20Z,474.0247735256055,5947,154,295,137,9.46,13:15:00,2023-10-05T16:15:00Z,460.7
SpC_RA_dowstream_051023.xlsx,2023-10-05T13:44:30Z,2023-10-05T13:44:30Z,512.8000000000001,29.09,NA,NA,NA,NA,NA,NA,RA,downstream,2023-10-05,20835564,2023-10-05T16:44:30Z,474.0247735256055,5947,154,295,137,9.46,13:15:00,2023-10-05T16:15:00Z,460.7
SpC_RA_dowstream_051023.xlsx,2023-10-05T13:44:40Z,2023-10-05T13:44:40Z,512.8000000000001,29.1,NA,NA,NA,NA,NA,NA,RA,downstream,2023-10-05,20835564,2023-10-05T16:44:40Z,473.93715341959336,5947,154,295,137,9.46,13:15:00,2023-10-05T16:15:00Z,460.7
SpC_RA_dowstream_051023.xlsx,2023-10-05T13:44:50Z,2023-10-05T13:44:50Z,512.8000000000001,29.09,NA,NA,NA,NA,NA,NA,RA,downstream,2023-10-05,20835564,2023-10-05T16:44:50Z,474.0247735256055,5947,154,295,137,9.46,13:15:00,2023-10-05T16:15:00Z,460.7
SpC_RA_dowstream_051023.xlsx,2023-10-05T13:45:00Z,2023-10-05T13:45:00Z,512.8000000000001,29.09,NA,NA,NA,NA,NA,NA,RA,downstream,2023-10-05,20835564,2023-10-05T16:45:00Z,474.0247735256055,5947,154,295,137,9.46,13:15:00,2023-10-05T16:15:00Z,460.7
SpC_RA_dowstream_051023.xlsx,2023-10-05T13:45:10Z,2023-10-05T13:45:10Z,512.8000000000001,29.09,NA,NA,NA,NA,NA,NA,RA,downstream,2023-10-05,20835564,2023-10-05T16:45:10Z,474.0247735256055,5947,154,295,137,9.46,13:15:00,2023-10-05T16:15:00Z,460.7
SpC_RA_dowstream_051023.xlsx,2023-10-05T13:45:20Z,2023-10-05T13:45:20Z,512.8000000000001,29.080000000000002,NA,NA,NA,NA,NA,NA,RA,downstream,2023-10-05,20835564,2023-10-05T16:45:20Z,474.11242603550295,5947,154,295,137,9.46,13:15:00,2023-10-05T16:15:00Z,460.7
SpC_RA_dowstream_051023.xlsx,2023-10-05T13:45:30Z,2023-10-05T13:45:30Z,512.8000000000001,29.080000000000002,NA,NA,NA,NA,NA,NA,RA,downstream,2023-10-05,20835564,2023-10-05T16:45:30Z,474.11242603550295,5947,154,295,137,9.46,13:15:00,2023-10-05T16:15:00Z,460.7
SpC_RA_dowstream_051023.xlsx,2023-10-05T13:45:40Z,2023-10-05T13:45:40Z,512.8000000000001,29.09,NA,NA,NA,NA,NA,NA,RA,downstream,2023-10-05,20835564,2023-10-05T16:45:40Z,474.0247735256055,5947,154,295,137,9.46,13:15:00,2023-10-05T16:15:00Z,460.7
SpC_RA_dowstream_051023.xlsx,2023-10-05T13:45:50Z,2023-10-05T13:45:50Z,512.8000000000001,29.09,NA,NA,NA,NA,NA,NA,RA,downstream,2023-10-05,20835564,2023-10-05T16:45:50Z,474.0247735256055,5947,154,295,137,9.46,13:15:00,2023-10-05T16:15:00Z,460.7
SpC_RA_dowstream_051023.xlsx,2023-10-05T13:46:00Z,2023-10-05T13:46:00Z,512.8000000000001,29.09,NA,NA,NA,NA,NA,NA,RA,downstream,2023-10-05,20835564,2023-10-05T16:46:00Z,474.0247735256055,5947,154,295,137,9.46,13:15:00,2023-10-05T16:15:00Z,460.7
SpC_RA_dowstream_051023.xlsx,2023-10-05T13:46:10Z,2023-10-05T13:46:10Z,512.8000000000001,29.080000000000002,NA,NA,NA,NA,NA,NA,RA,downstream,2023-10-05,20835564,2023-10-05T16:46:10Z,474.11242603550295,5947,154,295,137,9.46,13:15:00,2023-10-05T16:15:00Z,460.7
SpC_RA_dowstream_051023.xlsx,2023-10-05T13:46:20Z,2023-10-05T13:46:20Z,512.8000000000001,29.09,NA,NA,NA,NA,NA,NA,RA,downstream,2023-10-05,20835564,2023-10-05T16:46:20Z,474.0247735256055,5947,154,295,137,9.46,13:15:00,2023-10-05T16:15:00Z,460.7
SpC_RA_dowstream_051023.xlsx,2023-10-05T13:46:30Z,2023-10-05T13:46:30Z,512.8000000000001,29.080000000000002,NA,NA,NA,NA,NA,NA,RA,downstream,2023-10-05,20835564,2023-10-05T16:46:30Z,474.11242603550295,5947,154,295,137,9.46,13:15:00,2023-10-05T16:15:00Z,460.7
SpC_RA_dowstream_051023.xlsx,2023-10-05T13:46:40Z,2023-10-05T13:46:40Z,512.8000000000001,29.080000000000002,NA,NA,NA,NA,NA,NA,RA,downstream,2023-10-05,20835564,2023-10-05T16:46:40Z,474.11242603550295,5947,154,295,137,9.46,13:15:00,2023-10-05T16:15:00Z,460.7
SpC_RA_dowstream_051023.xlsx,2023-10-05T13:46:50Z,2023-10-05T13:46:50Z,512.8000000000001,29.080000000000002,NA,NA,NA,NA,NA,NA,RA,downstream,2023-10-05,20835564,2023-10-05T16:46:50Z,474.11242603550295,5947,154,295,137,9.46,13:15:00,2023-10-05T16:15:00Z,460.7
SpC_RA_dowstream_051023.xlsx,2023-10-05T13:47:00Z,2023-10-05T13:47:00Z,512.8000000000001,29.080000000000002,NA,NA,NA,NA,NA,NA,RA,downstream,2023-10-05,20835564,2023-10-05T16:47:00Z,474.11242603550295,5947,154,295,137,9.46,13:15:00,2023-10-05T16:15:00Z,460.7
SpC_RA_dowstream_051023.xlsx,2023-10-05T13:47:10Z,2023-10-05T13:47:10Z,512.8000000000001,29.09,NA,NA,NA,NA,NA,NA,RA,downstream,2023-10-05,20835564,2023-10-05T16:47:10Z,474.0247735256055,5947,154,295,137,9.46,13:15:00,2023-10-05T16:15:00Z,460.7
SpC_RA_dowstream_051023.xlsx,2023-10-05T13:47:20Z,2023-10-05T13:47:20Z,512.8000000000001,29.09,NA,NA,NA,NA,NA,NA,RA,downstream,2023-10-05,20835564,2023-10-05T16:47:20Z,474.0247735256055,5947,154,295,137,9.46,13:15:00,2023-10-05T16:15:00Z,460.7
SpC_RA_dowstream_051023.xlsx,2023-10-05T13:47:30Z,2023-10-05T13:47:30Z,512.8000000000001,29.09,NA,NA,NA,NA,NA,NA,RA,downstream,2023-10-05,20835564,2023-10-05T16:47:30Z,474.0247735256055,5947,154,295,137,9.46,13:15:00,2023-10-05T16:15:00Z,460.7
SpC_RA_dowstream_051023.xlsx,2023-10-05T13:47:40Z,2023-10-05T13:47:40Z,512.8000000000001,29.09,NA,NA,NA,NA,NA,NA,RA,downstream,2023-10-05,20835564,2023-10-05T16:47:40Z,474.0247735256055,5947,154,295,137,9.46,13:15:00,2023-10-05T16:15:00Z,460.7
SpC_RA_dowstream_051023.xlsx,2023-10-05T13:47:50Z,2023-10-05T13:47:50Z,512.8000000000001,29.09,NA,NA,NA,NA,NA,NA,RA,downstream,2023-10-05,20835564,2023-10-05T16:47:50Z,474.0247735256055,5947,154,295,137,9.46,13:15:00,2023-10-05T16:15:00Z,460.7
SpC_RA_dowstream_051023.xlsx,2023-10-05T13:48:00Z,2023-10-05T13:48:00Z,512.8000000000001,29.09,NA,NA,NA,NA,NA,NA,RA,downstream,2023-10-05,20835564,2023-10-05T16:48:00Z,474.0247735256055,5947,154,295,137,9.46,13:15:00,2023-10-05T16:15:00Z,460.7
SpC_RA_dowstream_051023.xlsx,2023-10-05T13:48:10Z,2023-10-05T13:48:10Z,512.8000000000001,29.1,NA,NA,NA,NA,NA,NA,RA,downstream,2023-10-05,20835564,2023-10-05T16:48:10Z,473.93715341959336,5947,154,295,137,9.46,13:15:00,2023-10-05T16:15:00Z,460.7
SpC_RA_dowstream_051023.xlsx,2023-10-05T13:48:20Z,2023-10-05T13:48:20Z,512.5,29.09,NA,NA,NA,NA,NA,NA,RA,downstream,2023-10-05,20835564,2023-10-05T16:48:20Z,473.74745794046953,5947,154,295,137,9.46,13:15:00,2023-10-05T16:15:00Z,460.7
SpC_RA_dowstream_051023.xlsx,2023-10-05T13:48:30Z,2023-10-05T13:48:30Z,512.8000000000001,29.1,NA,NA,NA,NA,NA,NA,RA,downstream,2023-10-05,20835564,2023-10-05T16:48:30Z,473.93715341959336,5947,154,295,137,9.46,13:15:00,2023-10-05T16:15:00Z,460.7
SpC_RA_dowstream_051023.xlsx,2023-10-05T13:48:40Z,2023-10-05T13:48:40Z,512.8000000000001,29.1,NA,NA,NA,NA,NA,NA,RA,downstream,2023-10-05,20835564,2023-10-05T16:48:40Z,473.93715341959336,5947,154,295,137,9.46,13:15:00,2023-10-05T16:15:00Z,460.7
SpC_RA_dowstream_051023.xlsx,2023-10-05T13:48:50Z,2023-10-05T13:48:50Z,512.5,29.1,NA,NA,NA,NA,NA,NA,RA,downstream,2023-10-05,20835564,2023-10-05T16:48:50Z,473.65988909426983,5947,154,295,137,9.46,13:15:00,2023-10-05T16:15:00Z,460.7
SpC_RA_dowstream_051023.xlsx,2023-10-05T13:49:00Z,2023-10-05T13:49:00Z,512.5,29.09,NA,NA,NA,NA,NA,NA,RA,downstream,2023-10-05,20835564,2023-10-05T16:49:00Z,473.74745794046953,5947,154,295,137,9.46,13:15:00,2023-10-05T16:15:00Z,460.7
SpC_RA_dowstream_051023.xlsx,2023-10-05T13:49:10Z,2023-10-05T13:49:10Z,512.5,29.09,NA,NA,NA,NA,NA,NA,RA,downstream,2023-10-05,20835564,2023-10-05T16:49:10Z,473.74745794046953,5947,154,295,137,9.46,13:15:00,2023-10-05T16:15:00Z,460.7
SpC_RA_dowstream_051023.xlsx,2023-10-05T13:49:20Z,2023-10-05T13:49:20Z,512.1,29.09,NA,NA,NA,NA,NA,NA,RA,downstream,2023-10-05,20835564,2023-10-05T16:49:20Z,473.37770382695504,5947,154,295,137,9.46,13:15:00,2023-10-05T16:15:00Z,460.7
SpC_RA_dowstream_051023.xlsx,2023-10-05T13:49:30Z,2023-10-05T13:49:30Z,512.5,29.09,NA,NA,NA,NA,NA,NA,RA,downstream,2023-10-05,20835564,2023-10-05T16:49:30Z,473.74745794046953,5947,154,295,137,9.46,13:15:00,2023-10-05T16:15:00Z,460.7
SpC_RA_dowstream_051023.xlsx,2023-10-05T13:49:40Z,2023-10-05T13:49:40Z,512.8000000000001,29.09,NA,NA,NA,NA,NA,NA,RA,downstream,2023-10-05,20835564,2023-10-05T16:49:40Z,474.0247735256055,5947,154,295,137,9.46,13:15:00,2023-10-05T16:15:00Z,460.7
SpC_RA_dowstream_051023.xlsx,2023-10-05T13:49:50Z,2023-10-05T13:49:50Z,512.5,29.1,NA,NA,NA,NA,NA,NA,RA,downstream,2023-10-05,20835564,2023-10-05T16:49:50Z,473.65988909426983,5947,154,295,137,9.46,13:15:00,2023-10-05T16:15:00Z,460.7
SpC_RA_dowstream_051023.xlsx,2023-10-05T13:50:00Z,2023-10-05T13:50:00Z,512.1,29.09,NA,NA,NA,NA,NA,NA,RA,downstream,2023-10-05,20835564,2023-10-05T16:50:00Z,473.37770382695504,5947,154,295,137,9.46,13:15:00,2023-10-05T16:15:00Z,460.7
SpC_RA_dowstream_051023.xlsx,2023-10-05T13:50:10Z,2023-10-05T13:50:10Z,512.1,29.09,NA,NA,NA,NA,NA,NA,RA,downstream,2023-10-05,20835564,2023-10-05T16:50:10Z,473.37770382695504,5947,154,295,137,9.46,13:15:00,2023-10-05T16:15:00Z,460.7
SpC_RA_dowstream_051023.xlsx,2023-10-05T13:50:20Z,2023-10-05T13:50:20Z,512.1,29.09,NA,NA,NA,NA,NA,NA,RA,downstream,2023-10-05,20835564,2023-10-05T16:50:20Z,473.37770382695504,5947,154,295,137,9.46,13:15:00,2023-10-05T16:15:00Z,460.7
SpC_RA_dowstream_051023.xlsx,2023-10-05T13:50:30Z,2023-10-05T13:50:30Z,512.5,29.09,NA,NA,NA,NA,NA,NA,RA,downstream,2023-10-05,20835564,2023-10-05T16:50:30Z,473.74745794046953,5947,154,295,137,9.46,13:15:00,2023-10-05T16:15:00Z,460.7
SpC_RA_dowstream_051023.xlsx,2023-10-05T13:50:40Z,2023-10-05T13:50:40Z,512.1,29.09,NA,NA,NA,NA,NA,NA,RA,downstream,2023-10-05,20835564,2023-10-05T16:50:40Z,473.37770382695504,5947,154,295,137,9.46,13:15:00,2023-10-05T16:15:00Z,460.7
SpC_RA_dowstream_051023.xlsx,2023-10-05T13:50:50Z,2023-10-05T13:50:50Z,512.1,29.09,NA,NA,NA,NA,NA,NA,RA,downstream,2023-10-05,20835564,2023-10-05T16:50:50Z,473.37770382695504,5947,154,295,137,9.46,13:15:00,2023-10-05T16:15:00Z,460.7
SpC_RA_dowstream_051023.xlsx,2023-10-05T13:51:00Z,2023-10-05T13:51:00Z,512.1,29.09,NA,NA,NA,NA,NA,NA,RA,downstream,2023-10-05,20835564,2023-10-05T16:51:00Z,473.37770382695504,5947,154,295,137,9.46,13:15:00,2023-10-05T16:15:00Z,460.7
SpC_RA_dowstream_051023.xlsx,2023-10-05T13:51:10Z,2023-10-05T13:51:10Z,512.1,29.09,NA,NA,NA,NA,NA,NA,RA,downstream,2023-10-05,20835564,2023-10-05T16:51:10Z,473.37770382695504,5947,154,295,137,9.46,13:15:00,2023-10-05T16:15:00Z,460.7
SpC_RA_dowstream_051023.xlsx,2023-10-05T13:51:20Z,2023-10-05T13:51:20Z,512.8000000000001,29.09,NA,NA,NA,NA,NA,NA,RA,downstream,2023-10-05,20835564,2023-10-05T16:51:20Z,474.0247735256055,5947,154,295,137,9.46,13:15:00,2023-10-05T16:15:00Z,460.7
SpC_RA_dowstream_051023.xlsx,2023-10-05T13:51:30Z,2023-10-05T13:51:30Z,512.5,29.09,NA,NA,NA,NA,NA,NA,RA,downstream,2023-10-05,20835564,2023-10-05T16:51:30Z,473.74745794046953,5947,154,295,137,9.46,13:15:00,2023-10-05T16:15:00Z,460.7
SpC_RA_dowstream_051023.xlsx,2023-10-05T13:51:40Z,2023-10-05T13:51:40Z,512.5,29.09,NA,NA,NA,NA,NA,NA,RA,downstream,2023-10-05,20835564,2023-10-05T16:51:40Z,473.74745794046953,5947,154,295,137,9.46,13:15:00,2023-10-05T16:15:00Z,460.7
SpC_RA_dowstream_051023.xlsx,2023-10-05T13:51:50Z,2023-10-05T13:51:50Z,512.1,29.09,NA,NA,NA,NA,NA,NA,RA,downstream,2023-10-05,20835564,2023-10-05T16:51:50Z,473.37770382695504,5947,154,295,137,9.46,13:15:00,2023-10-05T16:15:00Z,460.7
SpC_RA_dowstream_051023.xlsx,2023-10-05T13:52:00Z,2023-10-05T13:52:00Z,512.1,29.09,NA,NA,NA,NA,NA,NA,RA,downstream,2023-10-05,20835564,2023-10-05T16:52:00Z,473.37770382695504,5947,154,295,137,9.46,13:15:00,2023-10-05T16:15:00Z,460.7
SpC_RA_dowstream_051023.xlsx,2023-10-05T13:52:10Z,2023-10-05T13:52:10Z,512.5,29.09,NA,NA,NA,NA,NA,NA,RA,downstream,2023-10-05,20835564,2023-10-05T16:52:10Z,473.74745794046953,5947,154,295,137,9.46,13:15:00,2023-10-05T16:15:00Z,460.7
SpC_RA_dowstream_051023.xlsx,2023-10-05T13:52:20Z,2023-10-05T13:52:20Z,512.5,29.09,NA,NA,NA,NA,NA,NA,RA,downstream,2023-10-05,20835564,2023-10-05T16:52:20Z,473.74745794046953,5947,154,295,137,9.46,13:15:00,2023-10-05T16:15:00Z,460.7
SpC_RA_dowstream_051023.xlsx,2023-10-05T13:52:30Z,2023-10-05T13:52:30Z,512.1,29.09,NA,NA,NA,NA,NA,NA,RA,downstream,2023-10-05,20835564,2023-10-05T16:52:30Z,473.37770382695504,5947,154,295,137,9.46,13:15:00,2023-10-05T16:15:00Z,460.7
SpC_RA_dowstream_051023.xlsx,2023-10-05T13:52:40Z,2023-10-05T13:52:40Z,512.1,29.09,NA,NA,NA,NA,NA,NA,RA,downstream,2023-10-05,20835564,2023-10-05T16:52:40Z,473.37770382695504,5947,154,295,137,9.46,13:15:00,2023-10-05T16:15:00Z,460.7
SpC_RA_dowstream_051023.xlsx,2023-10-05T13:52:50Z,2023-10-05T13:52:50Z,512.5,29.09,NA,NA,NA,NA,NA,NA,RA,downstream,2023-10-05,20835564,2023-10-05T16:52:50Z,473.74745794046953,5947,154,295,137,9.46,13:15:00,2023-10-05T16:15:00Z,460.7
SpC_RA_dowstream_051023.xlsx,2023-10-05T13:53:00Z,2023-10-05T13:53:00Z,512.1,29.09,NA,NA,NA,NA,NA,NA,RA,downstream,2023-10-05,20835564,2023-10-05T16:53:00Z,473.37770382695504,5947,154,295,137,9.46,13:15:00,2023-10-05T16:15:00Z,460.7
SpC_RA_dowstream_051023.xlsx,2023-10-05T13:53:10Z,2023-10-05T13:53:10Z,512.5,29.09,NA,NA,NA,NA,NA,NA,RA,downstream,2023-10-05,20835564,2023-10-05T16:53:10Z,473.74745794046953,5947,154,295,137,9.46,13:15:00,2023-10-05T16:15:00Z,460.7
SpC_RA_dowstream_051023.xlsx,2023-10-05T13:53:20Z,2023-10-05T13:53:20Z,512.5,29.09,NA,NA,NA,NA,NA,NA,RA,downstream,2023-10-05,20835564,2023-10-05T16:53:20Z,473.74745794046953,5947,154,295,137,9.46,13:15:00,2023-10-05T16:15:00Z,460.7
SpC_RA_dowstream_051023.xlsx,2023-10-05T13:53:30Z,2023-10-05T13:53:30Z,512.5,29.09,NA,NA,NA,NA,NA,NA,RA,downstream,2023-10-05,20835564,2023-10-05T16:53:30Z,473.74745794046953,5947,154,295,137,9.46,13:15:00,2023-10-05T16:15:00Z,460.7
SpC_RA_dowstream_051023.xlsx,2023-10-05T13:53:40Z,2023-10-05T13:53:40Z,512.5,29.09,NA,NA,NA,NA,NA,NA,RA,downstream,2023-10-05,20835564,2023-10-05T16:53:40Z,473.74745794046953,5947,154,295,137,9.46,13:15:00,2023-10-05T16:15:00Z,460.7
SpC_RA_dowstream_051023.xlsx,2023-10-05T13:53:50Z,2023-10-05T13:53:50Z,512.5,29.09,NA,NA,NA,NA,NA,NA,RA,downstream,2023-10-05,20835564,2023-10-05T16:53:50Z,473.74745794046953,5947,154,295,137,9.46,13:15:00,2023-10-05T16:15:00Z,460.7
SpC_RA_dowstream_051023.xlsx,2023-10-05T13:54:00Z,2023-10-05T13:54:00Z,512.1,29.09,NA,NA,NA,NA,NA,NA,RA,downstream,2023-10-05,20835564,2023-10-05T16:54:00Z,473.37770382695504,5947,154,295,137,9.46,13:15:00,2023-10-05T16:15:00Z,460.7
SpC_RA_dowstream_051023.xlsx,2023-10-05T13:54:10Z,2023-10-05T13:54:10Z,512.5,29.09,NA,NA,NA,NA,NA,NA,RA,downstream,2023-10-05,20835564,2023-10-05T16:54:10Z,473.74745794046953,5947,154,295,137,9.46,13:15:00,2023-10-05T16:15:00Z,460.7
SpC_RA_dowstream_051023.xlsx,2023-10-05T13:54:20Z,2023-10-05T13:54:20Z,512.1,29.09,NA,NA,NA,NA,NA,NA,RA,downstream,2023-10-05,20835564,2023-10-05T16:54:20Z,473.37770382695504,5947,154,295,137,9.46,13:15:00,2023-10-05T16:15:00Z,460.7
SpC_RA_dowstream_051023.xlsx,2023-10-05T13:54:30Z,2023-10-05T13:54:30Z,512.1,29.09,NA,NA,NA,NA,NA,NA,RA,downstream,2023-10-05,20835564,2023-10-05T16:54:30Z,473.37770382695504,5947,154,295,137,9.46,13:15:00,2023-10-05T16:15:00Z,460.7
SpC_RA_dowstream_051023.xlsx,2023-10-05T13:54:40Z,2023-10-05T13:54:40Z,512.5,29.09,NA,NA,NA,NA,NA,NA,RA,downstream,2023-10-05,20835564,2023-10-05T16:54:40Z,473.74745794046953,5947,154,295,137,9.46,13:15:00,2023-10-05T16:15:00Z,460.7
SpC_RA_dowstream_051023.xlsx,2023-10-05T13:54:50Z,2023-10-05T13:54:50Z,512.5,29.1,NA,NA,NA,NA,NA,NA,RA,downstream,2023-10-05,20835564,2023-10-05T16:54:50Z,473.65988909426983,5947,154,295,137,9.46,13:15:00,2023-10-05T16:15:00Z,460.7
SpC_RA_dowstream_051023.xlsx,2023-10-05T13:55:00Z,2023-10-05T13:55:00Z,512.5,29.1,NA,NA,NA,NA,NA,NA,RA,downstream,2023-10-05,20835564,2023-10-05T16:55:00Z,473.65988909426983,5947,154,295,137,9.46,13:15:00,2023-10-05T16:15:00Z,460.7
SpC_RA_dowstream_051023.xlsx,2023-10-05T13:55:10Z,2023-10-05T13:55:10Z,512.5,29.09,NA,NA,NA,NA,NA,NA,RA,downstream,2023-10-05,20835564,2023-10-05T16:55:10Z,473.74745794046953,5947,154,295,137,9.46,13:15:00,2023-10-05T16:15:00Z,460.7
SpC_RA_dowstream_051023.xlsx,2023-10-05T13:55:20Z,2023-10-05T13:55:20Z,512.5,29.1,NA,NA,NA,NA,NA,NA,RA,downstream,2023-10-05,20835564,2023-10-05T16:55:20Z,473.65988909426983,5947,154,295,137,9.46,13:15:00,2023-10-05T16:15:00Z,460.7
SpC_RA_dowstream_051023.xlsx,2023-10-05T13:55:30Z,2023-10-05T13:55:30Z,512.1,29.09,NA,NA,NA,NA,NA,NA,RA,downstream,2023-10-05,20835564,2023-10-05T16:55:30Z,473.37770382695504,5947,154,295,137,9.46,13:15:00,2023-10-05T16:15:00Z,460.7
SpC_RA_dowstream_051023.xlsx,2023-10-05T13:55:40Z,2023-10-05T13:55:40Z,511.70000000000005,29.09,NA,NA,NA,NA,NA,NA,RA,downstream,2023-10-05,20835564,2023-10-05T16:55:40Z,473.00794971344055,5947,154,295,137,9.46,13:15:00,2023-10-05T16:15:00Z,460.7
SpC_RA_dowstream_051023.xlsx,2023-10-05T13:55:50Z,2023-10-05T13:55:50Z,512.1,29.09,NA,NA,NA,NA,NA,NA,RA,downstream,2023-10-05,20835564,2023-10-05T16:55:50Z,473.37770382695504,5947,154,295,137,9.46,13:15:00,2023-10-05T16:15:00Z,460.7
SpC_RA_dowstream_051023.xlsx,2023-10-05T13:56:00Z,2023-10-05T13:56:00Z,511.70000000000005,29.09,NA,NA,NA,NA,NA,NA,RA,downstream,2023-10-05,20835564,2023-10-05T16:56:00Z,473.00794971344055,5947,154,295,137,9.46,13:15:00,2023-10-05T16:15:00Z,460.7
SpC_RA_dowstream_051023.xlsx,2023-10-05T13:56:10Z,2023-10-05T13:56:10Z,511.70000000000005,29.09,NA,NA,NA,NA,NA,NA,RA,downstream,2023-10-05,20835564,2023-10-05T16:56:10Z,473.00794971344055,5947,154,295,137,9.46,13:15:00,2023-10-05T16:15:00Z,460.7
SpC_RA_dowstream_051023.xlsx,2023-10-05T13:56:20Z,2023-10-05T13:56:20Z,511.70000000000005,29.09,NA,NA,NA,NA,NA,NA,RA,downstream,2023-10-05,20835564,2023-10-05T16:56:20Z,473.00794971344055,5947,154,295,137,9.46,13:15:00,2023-10-05T16:15:00Z,460.7
SpC_RA_dowstream_051023.xlsx,2023-10-05T13:56:30Z,2023-10-05T13:56:30Z,511.70000000000005,29.09,NA,NA,NA,NA,NA,NA,RA,downstream,2023-10-05,20835564,2023-10-05T16:56:30Z,473.00794971344055,5947,154,295,137,9.46,13:15:00,2023-10-05T16:15:00Z,460.7
SpC_RA_dowstream_051023.xlsx,2023-10-05T13:56:40Z,2023-10-05T13:56:40Z,511.70000000000005,29.09,NA,NA,NA,NA,NA,NA,RA,downstream,2023-10-05,20835564,2023-10-05T16:56:40Z,473.00794971344055,5947,154,295,137,9.46,13:15:00,2023-10-05T16:15:00Z,460.7
SpC_RA_dowstream_051023.xlsx,2023-10-05T13:56:50Z,2023-10-05T13:56:50Z,511.70000000000005,29.09,NA,NA,NA,NA,NA,NA,RA,downstream,2023-10-05,20835564,2023-10-05T16:56:50Z,473.00794971344055,5947,154,295,137,9.46,13:15:00,2023-10-05T16:15:00Z,460.7
SpC_RA_dowstream_051023.xlsx,2023-10-05T13:57:00Z,2023-10-05T13:57:00Z,511.70000000000005,29.1,NA,NA,NA,NA,NA,NA,RA,downstream,2023-10-05,20835564,2023-10-05T16:57:00Z,472.92051756007396,5947,154,295,137,9.46,13:15:00,2023-10-05T16:15:00Z,460.7
SpC_RA_dowstream_051023.xlsx,2023-10-05T13:57:10Z,2023-10-05T13:57:10Z,511.70000000000005,29.1,NA,NA,NA,NA,NA,NA,RA,downstream,2023-10-05,20835564,2023-10-05T16:57:10Z,472.92051756007396,5947,154,295,137,9.46,13:15:00,2023-10-05T16:15:00Z,460.7
SpC_RA_dowstream_051023.xlsx,2023-10-05T13:57:20Z,2023-10-05T13:57:20Z,511.70000000000005,29.1,NA,NA,NA,NA,NA,NA,RA,downstream,2023-10-05,20835564,2023-10-05T16:57:20Z,472.92051756007396,5947,154,295,137,9.46,13:15:00,2023-10-05T16:15:00Z,460.7
SpC_RA_dowstream_051023.xlsx,2023-10-05T13:57:30Z,2023-10-05T13:57:30Z,511.70000000000005,29.09,NA,NA,NA,NA,NA,NA,RA,downstream,2023-10-05,20835564,2023-10-05T16:57:30Z,473.00794971344055,5947,154,295,137,9.46,13:15:00,2023-10-05T16:15:00Z,460.7
SpC_RA_dowstream_051023.xlsx,2023-10-05T13:57:40Z,2023-10-05T13:57:40Z,511.70000000000005,29.1,NA,NA,NA,NA,NA,NA,RA,downstream,2023-10-05,20835564,2023-10-05T16:57:40Z,472.92051756007396,5947,154,295,137,9.46,13:15:00,2023-10-05T16:15:00Z,460.7
SpC_RA_dowstream_051023.xlsx,2023-10-05T13:57:50Z,2023-10-05T13:57:50Z,511.70000000000005,29.1,NA,NA,NA,NA,NA,NA,RA,downstream,2023-10-05,20835564,2023-10-05T16:57:50Z,472.92051756007396,5947,154,295,137,9.46,13:15:00,2023-10-05T16:15:00Z,460.7
SpC_RA_dowstream_051023.xlsx,2023-10-05T13:58:00Z,2023-10-05T13:58:00Z,511.70000000000005,29.1,NA,NA,NA,NA,NA,NA,RA,downstream,2023-10-05,20835564,2023-10-05T16:58:00Z,472.92051756007396,5947,154,295,137,9.46,13:15:00,2023-10-05T16:15:00Z,460.7
SpC_RA_dowstream_051023.xlsx,2023-10-05T13:58:10Z,2023-10-05T13:58:10Z,511.70000000000005,29.1,NA,NA,NA,NA,NA,NA,RA,downstream,2023-10-05,20835564,2023-10-05T16:58:10Z,472.92051756007396,5947,154,295,137,9.46,13:15:00,2023-10-05T16:15:00Z,460.7
SpC_RA_dowstream_051023.xlsx,2023-10-05T13:58:20Z,2023-10-05T13:58:20Z,511.70000000000005,29.1,NA,NA,NA,NA,NA,NA,RA,downstream,2023-10-05,20835564,2023-10-05T16:58:20Z,472.92051756007396,5947,154,295,137,9.46,13:15:00,2023-10-05T16:15:00Z,460.7
SpC_RA_dowstream_051023.xlsx,2023-10-05T13:58:30Z,2023-10-05T13:58:30Z,511.70000000000005,29.09,NA,NA,NA,NA,NA,NA,RA,downstream,2023-10-05,20835564,2023-10-05T16:58:30Z,473.00794971344055,5947,154,295,137,9.46,13:15:00,2023-10-05T16:15:00Z,460.7
SpC_RA_dowstream_051023.xlsx,2023-10-05T13:58:40Z,2023-10-05T13:58:40Z,511.70000000000005,29.09,NA,NA,NA,NA,NA,NA,RA,downstream,2023-10-05,20835564,2023-10-05T16:58:40Z,473.00794971344055,5947,154,295,137,9.46,13:15:00,2023-10-05T16:15:00Z,460.7
SpC_RA_dowstream_051023.xlsx,2023-10-05T13:58:50Z,2023-10-05T13:58:50Z,511.70000000000005,29.1,NA,NA,NA,NA,NA,NA,RA,downstream,2023-10-05,20835564,2023-10-05T16:58:50Z,472.92051756007396,5947,154,295,137,9.46,13:15:00,2023-10-05T16:15:00Z,460.7
SpC_RA_dowstream_051023.xlsx,2023-10-05T13:59:00Z,2023-10-05T13:59:00Z,511.70000000000005,29.1,NA,NA,NA,NA,NA,NA,RA,downstream,2023-10-05,20835564,2023-10-05T16:59:00Z,472.92051756007396,5947,154,295,137,9.46,13:15:00,2023-10-05T16:15:00Z,460.7
SpC_RA_dowstream_051023.xlsx,2023-10-05T13:59:10Z,2023-10-05T13:59:10Z,511.70000000000005,29.09,NA,NA,NA,NA,NA,NA,RA,downstream,2023-10-05,20835564,2023-10-05T16:59:10Z,473.00794971344055,5947,154,295,137,9.46,13:15:00,2023-10-05T16:15:00Z,460.7
SpC_RA_dowstream_051023.xlsx,2023-10-05T13:59:20Z,2023-10-05T13:59:20Z,511.70000000000005,29.09,NA,NA,NA,NA,NA,NA,RA,downstream,2023-10-05,20835564,2023-10-05T16:59:20Z,473.00794971344055,5947,154,295,137,9.46,13:15:00,2023-10-05T16:15:00Z,460.7
SpC_RA_dowstream_051023.xlsx,2023-10-05T13:59:30Z,2023-10-05T13:59:30Z,511.70000000000005,29.09,NA,NA,NA,NA,NA,NA,RA,downstream,2023-10-05,20835564,2023-10-05T16:59:30Z,473.00794971344055,5947,154,295,137,9.46,13:15:00,2023-10-05T16:15:00Z,460.7
SpC_RA_dowstream_051023.xlsx,2023-10-05T13:59:40Z,2023-10-05T13:59:40Z,511.70000000000005,29.09,NA,NA,NA,NA,NA,NA,RA,downstream,2023-10-05,20835564,2023-10-05T16:59:40Z,473.00794971344055,5947,154,295,137,9.46,13:15:00,2023-10-05T16:15:00Z,460.7
SpC_RA_dowstream_051023.xlsx,2023-10-05T13:59:50Z,2023-10-05T13:59:50Z,511.70000000000005,29.09,NA,NA,NA,NA,NA,NA,RA,downstream,2023-10-05,20835564,2023-10-05T16:59:50Z,473.00794971344055,5947,154,295,137,9.46,13:15:00,2023-10-05T16:15:00Z,460.7
SpC_RA_dowstream_051023.xlsx,2023-10-05T14:00:00Z,2023-10-05T14:00:00Z,511.70000000000005,29.09,NA,NA,NA,NA,NA,NA,RA,downstream,2023-10-05,20835564,2023-10-05T17:00:00Z,473.00794971344055,5947,154,295,137,9.46,13:15:00,2023-10-05T16:15:00Z,460.7
SpC_RA_dowstream_051023.xlsx,2023-10-05T14:00:10Z,2023-10-05T14:00:10Z,511.70000000000005,29.09,NA,NA,NA,NA,NA,NA,RA,downstream,2023-10-05,20835564,2023-10-05T17:00:10Z,473.00794971344055,5947,154,295,137,9.46,13:15:00,2023-10-05T16:15:00Z,460.7
SpC_RA_dowstream_051023.xlsx,2023-10-05T14:00:20Z,2023-10-05T14:00:20Z,511.70000000000005,29.09,NA,NA,NA,NA,NA,NA,RA,downstream,2023-10-05,20835564,2023-10-05T17:00:20Z,473.00794971344055,5947,154,295,137,9.46,13:15:00,2023-10-05T16:15:00Z,460.7
SpC_RA_dowstream_051023.xlsx,2023-10-05T14:00:30Z,2023-10-05T14:00:30Z,511.70000000000005,29.09,NA,NA,NA,NA,NA,NA,RA,downstream,2023-10-05,20835564,2023-10-05T17:00:30Z,473.00794971344055,5947,154,295,137,9.46,13:15:00,2023-10-05T16:15:00Z,460.7
SpC_RA_dowstream_051023.xlsx,2023-10-05T14:00:40Z,2023-10-05T14:00:40Z,511.70000000000005,29.09,NA,NA,NA,NA,NA,NA,RA,downstream,2023-10-05,20835564,2023-10-05T17:00:40Z,473.00794971344055,5947,154,295,137,9.46,13:15:00,2023-10-05T16:15:00Z,460.7
SpC_RA_dowstream_051023.xlsx,2023-10-05T14:00:50Z,2023-10-05T14:00:50Z,511.70000000000005,29.09,NA,NA,NA,NA,NA,NA,RA,downstream,2023-10-05,20835564,2023-10-05T17:00:50Z,473.00794971344055,5947,154,295,137,9.46,13:15:00,2023-10-05T16:15:00Z,460.7
SpC_RA_dowstream_051023.xlsx,2023-10-05T14:01:00Z,2023-10-05T14:01:00Z,511.70000000000005,29.09,NA,NA,NA,NA,NA,NA,RA,downstream,2023-10-05,20835564,2023-10-05T17:01:00Z,473.00794971344055,5947,154,295,137,9.46,13:15:00,2023-10-05T16:15:00Z,460.7
SpC_RA_dowstream_051023.xlsx,2023-10-05T14:01:10Z,2023-10-05T14:01:10Z,511.70000000000005,29.09,NA,NA,NA,NA,NA,NA,RA,downstream,2023-10-05,20835564,2023-10-05T17:01:10Z,473.00794971344055,5947,154,295,137,9.46,13:15:00,2023-10-05T16:15:00Z,460.7
SpC_RA_dowstream_051023.xlsx,2023-10-05T14:01:20Z,2023-10-05T14:01:20Z,511.70000000000005,29.09,NA,NA,NA,NA,NA,NA,RA,downstream,2023-10-05,20835564,2023-10-05T17:01:20Z,473.00794971344055,5947,154,295,137,9.46,13:15:00,2023-10-05T16:15:00Z,460.7
SpC_RA_dowstream_051023.xlsx,2023-10-05T14:01:30Z,2023-10-05T14:01:30Z,511.70000000000005,29.09,NA,NA,NA,NA,NA,NA,RA,downstream,2023-10-05,20835564,2023-10-05T17:01:30Z,473.00794971344055,5947,154,295,137,9.46,13:15:00,2023-10-05T16:15:00Z,460.7
SpC_RA_dowstream_051023.xlsx,2023-10-05T14:01:40Z,2023-10-05T14:01:40Z,511.70000000000005,29.09,NA,NA,NA,NA,NA,NA,RA,downstream,2023-10-05,20835564,2023-10-05T17:01:40Z,473.00794971344055,5947,154,295,137,9.46,13:15:00,2023-10-05T16:15:00Z,460.7
SpC_RA_dowstream_051023.xlsx,2023-10-05T14:01:50Z,2023-10-05T14:01:50Z,511.70000000000005,29.09,NA,NA,NA,NA,NA,NA,RA,downstream,2023-10-05,20835564,2023-10-05T17:01:50Z,473.00794971344055,5947,154,295,137,9.46,13:15:00,2023-10-05T16:15:00Z,460.7
SpC_RA_dowstream_051023.xlsx,2023-10-05T14:02:00Z,2023-10-05T14:02:00Z,511.3,29.09,NA,NA,NA,NA,NA,NA,RA,downstream,2023-10-05,20835564,2023-10-05T17:02:00Z,472.638195599926,5947,154,295,137,9.46,13:15:00,2023-10-05T16:15:00Z,460.7
SpC_RA_dowstream_051023.xlsx,2023-10-05T14:02:10Z,2023-10-05T14:02:10Z,511.70000000000005,29.09,NA,NA,NA,NA,NA,NA,RA,downstream,2023-10-05,20835564,2023-10-05T17:02:10Z,473.00794971344055,5947,154,295,137,9.46,13:15:00,2023-10-05T16:15:00Z,460.7
SpC_RA_dowstream_051023.xlsx,2023-10-05T14:02:20Z,2023-10-05T14:02:20Z,511.3,29.080000000000002,NA,NA,NA,NA,NA,NA,RA,downstream,2023-10-05,20835564,2023-10-05T17:02:20Z,472.7255917159763,5947,154,295,137,9.46,13:15:00,2023-10-05T16:15:00Z,460.7
SpC_RA_dowstream_051023.xlsx,2023-10-05T14:02:30Z,2023-10-05T14:02:30Z,511.70000000000005,29.080000000000002,NA,NA,NA,NA,NA,NA,RA,downstream,2023-10-05,20835564,2023-10-05T17:02:30Z,473.0954142011834,5947,154,295,137,9.46,13:15:00,2023-10-05T16:15:00Z,460.7
SpC_RA_dowstream_051023.xlsx,2023-10-05T14:02:40Z,2023-10-05T14:02:40Z,511.70000000000005,29.09,NA,NA,NA,NA,NA,NA,RA,downstream,2023-10-05,20835564,2023-10-05T17:02:40Z,473.00794971344055,5947,154,295,137,9.46,13:15:00,2023-10-05T16:15:00Z,460.7
SpC_RA_dowstream_051023.xlsx,2023-10-05T14:02:50Z,2023-10-05T14:02:50Z,511.70000000000005,29.09,NA,NA,NA,NA,NA,NA,RA,downstream,2023-10-05,20835564,2023-10-05T17:02:50Z,473.00794971344055,5947,154,295,137,9.46,13:15:00,2023-10-05T16:15:00Z,460.7
SpC_RA_dowstream_051023.xlsx,2023-10-05T14:03:00Z,2023-10-05T14:03:00Z,511.70000000000005,29.09,NA,NA,NA,NA,NA,NA,RA,downstream,2023-10-05,20835564,2023-10-05T17:03:00Z,473.00794971344055,5947,154,295,137,9.46,13:15:00,2023-10-05T16:15:00Z,460.7
SpC_RA_dowstream_051023.xlsx,2023-10-05T14:03:10Z,2023-10-05T14:03:10Z,511.70000000000005,29.09,NA,NA,NA,NA,NA,NA,RA,downstream,2023-10-05,20835564,2023-10-05T17:03:10Z,473.00794971344055,5947,154,295,137,9.46,13:15:00,2023-10-05T16:15:00Z,460.7
SpC_RA_dowstream_051023.xlsx,2023-10-05T14:03:20Z,2023-10-05T14:03:20Z,511.70000000000005,29.09,NA,NA,NA,NA,NA,NA,RA,downstream,2023-10-05,20835564,2023-10-05T17:03:20Z,473.00794971344055,5947,154,295,137,9.46,13:15:00,2023-10-05T16:15:00Z,460.7
SpC_RA_dowstream_051023.xlsx,2023-10-05T14:03:30Z,2023-10-05T14:03:30Z,511.70000000000005,29.09,NA,NA,NA,NA,NA,NA,RA,downstream,2023-10-05,20835564,2023-10-05T17:03:30Z,473.00794971344055,5947,154,295,137,9.46,13:15:00,2023-10-05T16:15:00Z,460.7
SpC_RA_dowstream_051023.xlsx,2023-10-05T14:03:40Z,2023-10-05T14:03:40Z,511.70000000000005,29.09,NA,NA,NA,NA,NA,NA,RA,downstream,2023-10-05,20835564,2023-10-05T17:03:40Z,473.00794971344055,5947,154,295,137,9.46,13:15:00,2023-10-05T16:15:00Z,460.7
SpC_RA_dowstream_051023.xlsx,2023-10-05T14:03:50Z,2023-10-05T14:03:50Z,511.70000000000005,29.09,NA,NA,NA,NA,NA,NA,RA,downstream,2023-10-05,20835564,2023-10-05T17:03:50Z,473.00794971344055,5947,154,295,137,9.46,13:15:00,2023-10-05T16:15:00Z,460.7
SpC_RA_dowstream_051023.xlsx,2023-10-05T14:04:00Z,2023-10-05T14:04:00Z,511.70000000000005,29.09,NA,NA,NA,NA,NA,NA,RA,downstream,2023-10-05,20835564,2023-10-05T17:04:00Z,473.00794971344055,5947,154,295,137,9.46,13:15:00,2023-10-05T16:15:00Z,460.7
SpC_RA_dowstream_051023.xlsx,2023-10-05T14:04:10Z,2023-10-05T14:04:10Z,511.70000000000005,29.09,NA,NA,NA,NA,NA,NA,RA,downstream,2023-10-05,20835564,2023-10-05T17:04:10Z,473.00794971344055,5947,154,295,137,9.46,13:15:00,2023-10-05T16:15:00Z,460.7
SpC_RA_dowstream_051023.xlsx,2023-10-05T14:04:20Z,2023-10-05T14:04:20Z,511.70000000000005,29.09,NA,NA,NA,NA,NA,NA,RA,downstream,2023-10-05,20835564,2023-10-05T17:04:20Z,473.00794971344055,5947,154,295,137,9.46,13:15:00,2023-10-05T16:15:00Z,460.7
SpC_RA_dowstream_051023.xlsx,2023-10-05T14:04:30Z,2023-10-05T14:04:30Z,511.3,29.09,NA,NA,NA,NA,NA,NA,RA,downstream,2023-10-05,20835564,2023-10-05T17:04:30Z,472.638195599926,5947,154,295,137,9.46,13:15:00,2023-10-05T16:15:00Z,460.7
SpC_RA_dowstream_051023.xlsx,2023-10-05T14:04:40Z,2023-10-05T14:04:40Z,511.70000000000005,29.09,NA,NA,NA,NA,NA,NA,RA,downstream,2023-10-05,20835564,2023-10-05T17:04:40Z,473.00794971344055,5947,154,295,137,9.46,13:15:00,2023-10-05T16:15:00Z,460.7
SpC_RA_dowstream_051023.xlsx,2023-10-05T14:04:50Z,2023-10-05T14:04:50Z,511.70000000000005,29.09,NA,NA,NA,NA,NA,NA,RA,downstream,2023-10-05,20835564,2023-10-05T17:04:50Z,473.00794971344055,5947,154,295,137,9.46,13:15:00,2023-10-05T16:15:00Z,460.7
SpC_RA_dowstream_051023.xlsx,2023-10-05T14:05:00Z,2023-10-05T14:05:00Z,511.70000000000005,29.09,NA,NA,NA,NA,NA,NA,RA,downstream,2023-10-05,20835564,2023-10-05T17:05:00Z,473.00794971344055,5947,154,295,137,9.46,13:15:00,2023-10-05T16:15:00Z,460.7
SpC_RA_dowstream_051023.xlsx,2023-10-05T14:05:10Z,2023-10-05T14:05:10Z,511.70000000000005,29.09,NA,NA,NA,NA,NA,NA,RA,downstream,2023-10-05,20835564,2023-10-05T17:05:10Z,473.00794971344055,5947,154,295,137,9.46,13:15:00,2023-10-05T16:15:00Z,460.7
SpC_RA_dowstream_051023.xlsx,2023-10-05T14:05:20Z,2023-10-05T14:05:20Z,511.70000000000005,29.09,NA,NA,NA,NA,NA,NA,RA,downstream,2023-10-05,20835564,2023-10-05T17:05:20Z,473.00794971344055,5947,154,295,137,9.46,13:15:00,2023-10-05T16:15:00Z,460.7
SpC_RA_dowstream_051023.xlsx,2023-10-05T14:05:30Z,2023-10-05T14:05:30Z,511.70000000000005,29.09,NA,NA,NA,NA,NA,NA,RA,downstream,2023-10-05,20835564,2023-10-05T17:05:30Z,473.00794971344055,5947,154,295,137,9.46,13:15:00,2023-10-05T16:15:00Z,460.7
SpC_RA_dowstream_051023.xlsx,2023-10-05T14:05:40Z,2023-10-05T14:05:40Z,511.70000000000005,29.09,NA,NA,NA,NA,NA,NA,RA,downstream,2023-10-05,20835564,2023-10-05T17:05:40Z,473.00794971344055,5947,154,295,137,9.46,13:15:00,2023-10-05T16:15:00Z,460.7
SpC_RA_dowstream_051023.xlsx,2023-10-05T14:05:50Z,2023-10-05T14:05:50Z,511.70000000000005,29.080000000000002,NA,NA,NA,NA,NA,NA,RA,downstream,2023-10-05,20835564,2023-10-05T17:05:50Z,473.0954142011834,5947,154,295,137,9.46,13:15:00,2023-10-05T16:15:00Z,460.7
SpC_RA_dowstream_051023.xlsx,2023-10-05T14:06:00Z,2023-10-05T14:06:00Z,511.70000000000005,29.080000000000002,NA,NA,NA,NA,NA,NA,RA,downstream,2023-10-05,20835564,2023-10-05T17:06:00Z,473.0954142011834,5947,154,295,137,9.46,13:15:00,2023-10-05T16:15:00Z,460.7
SpC_RA_dowstream_051023.xlsx,2023-10-05T14:06:10Z,2023-10-05T14:06:10Z,512.1,29.09,NA,NA,NA,NA,NA,NA,RA,downstream,2023-10-05,20835564,2023-10-05T17:06:10Z,473.37770382695504,5947,154,295,137,9.46,13:15:00,2023-10-05T16:15:00Z,460.7
SpC_RA_dowstream_051023.xlsx,2023-10-05T14:06:20Z,2023-10-05T14:06:20Z,511.70000000000005,29.09,NA,NA,NA,NA,NA,NA,RA,downstream,2023-10-05,20835564,2023-10-05T17:06:20Z,473.00794971344055,5947,154,295,137,9.46,13:15:00,2023-10-05T16:15:00Z,460.7
SpC_RA_dowstream_051023.xlsx,2023-10-05T14:06:30Z,2023-10-05T14:06:30Z,511.70000000000005,29.09,NA,NA,NA,NA,NA,NA,RA,downstream,2023-10-05,20835564,2023-10-05T17:06:30Z,473.00794971344055,5947,154,295,137,9.46,13:15:00,2023-10-05T16:15:00Z,460.7
SpC_RA_dowstream_051023.xlsx,2023-10-05T14:06:40Z,2023-10-05T14:06:40Z,511.70000000000005,29.09,NA,NA,NA,NA,NA,NA,RA,downstream,2023-10-05,20835564,2023-10-05T17:06:40Z,473.00794971344055,5947,154,295,137,9.46,13:15:00,2023-10-05T16:15:00Z,460.7
SpC_RA_dowstream_051023.xlsx,2023-10-05T14:06:50Z,2023-10-05T14:06:50Z,511.70000000000005,29.080000000000002,NA,NA,NA,NA,NA,NA,RA,downstream,2023-10-05,20835564,2023-10-05T17:06:50Z,473.0954142011834,5947,154,295,137,9.46,13:15:00,2023-10-05T16:15:00Z,460.7
SpC_RA_dowstream_051023.xlsx,2023-10-05T14:07:00Z,2023-10-05T14:07:00Z,511.70000000000005,29.080000000000002,NA,NA,NA,NA,NA,NA,RA,downstream,2023-10-05,20835564,2023-10-05T17:07:00Z,473.0954142011834,5947,154,295,137,9.46,13:15:00,2023-10-05T16:15:00Z,460.7
SpC_RA_dowstream_051023.xlsx,2023-10-05T14:07:10Z,2023-10-05T14:07:10Z,512.1,29.09,NA,NA,NA,NA,NA,NA,RA,downstream,2023-10-05,20835564,2023-10-05T17:07:10Z,473.37770382695504,5947,154,295,137,9.46,13:15:00,2023-10-05T16:15:00Z,460.7
SpC_RA_dowstream_051023.xlsx,2023-10-05T14:07:20Z,2023-10-05T14:07:20Z,512.1,29.09,NA,NA,NA,NA,NA,NA,RA,downstream,2023-10-05,20835564,2023-10-05T17:07:20Z,473.37770382695504,5947,154,295,137,9.46,13:15:00,2023-10-05T16:15:00Z,460.7
SpC_RA_dowstream_051023.xlsx,2023-10-05T14:07:30Z,2023-10-05T14:07:30Z,512.5,29.09,NA,NA,NA,NA,NA,NA,RA,downstream,2023-10-05,20835564,2023-10-05T17:07:30Z,473.74745794046953,5947,154,295,137,9.46,13:15:00,2023-10-05T16:15:00Z,460.7
SpC_RA_dowstream_051023.xlsx,2023-10-05T14:07:40Z,2023-10-05T14:07:40Z,512.5,29.080000000000002,NA,NA,NA,NA,NA,NA,RA,downstream,2023-10-05,20835564,2023-10-05T17:07:40Z,473.8350591715976,5947,154,295,137,9.46,13:15:00,2023-10-05T16:15:00Z,460.7
SpC_RA_dowstream_051023.xlsx,2023-10-05T14:07:50Z,2023-10-05T14:07:50Z,512.5,29.09,NA,NA,NA,NA,NA,NA,RA,downstream,2023-10-05,20835564,2023-10-05T17:07:50Z,473.74745794046953,5947,154,295,137,9.46,13:15:00,2023-10-05T16:15:00Z,460.7
SpC_RA_dowstream_051023.xlsx,2023-10-05T14:08:00Z,2023-10-05T14:08:00Z,512.8000000000001,29.09,NA,NA,NA,NA,NA,NA,RA,downstream,2023-10-05,20835564,2023-10-05T17:08:00Z,474.0247735256055,5947,154,295,137,9.46,13:15:00,2023-10-05T16:15:00Z,460.7
SpC_RA_dowstream_051023.xlsx,2023-10-05T14:08:10Z,2023-10-05T14:08:10Z,512.8000000000001,29.09,NA,NA,NA,NA,NA,NA,RA,downstream,2023-10-05,20835564,2023-10-05T17:08:10Z,474.0247735256055,5947,154,295,137,9.46,13:15:00,2023-10-05T16:15:00Z,460.7
SpC_RA_dowstream_051023.xlsx,2023-10-05T14:08:20Z,2023-10-05T14:08:20Z,513.2,29.09,NA,NA,NA,NA,NA,NA,RA,downstream,2023-10-05,20835564,2023-10-05T17:08:20Z,474.39452763912,5947,154,295,137,9.46,13:15:00,2023-10-05T16:15:00Z,460.7
SpC_RA_dowstream_051023.xlsx,2023-10-05T14:08:30Z,2023-10-05T14:08:30Z,513.6,29.09,NA,NA,NA,NA,NA,NA,RA,downstream,2023-10-05,20835564,2023-10-05T17:08:30Z,474.7642817526345,5947,154,295,137,9.46,13:15:00,2023-10-05T16:15:00Z,460.7
SpC_RA_dowstream_051023.xlsx,2023-10-05T14:08:40Z,2023-10-05T14:08:40Z,514.7,29.09,NA,NA,NA,NA,NA,NA,RA,downstream,2023-10-05,20835564,2023-10-05T17:08:40Z,475.7811055647994,5947,154,295,137,9.46,13:15:00,2023-10-05T16:15:00Z,460.7
SpC_RA_dowstream_051023.xlsx,2023-10-05T14:08:50Z,2023-10-05T14:08:50Z,515.1,29.09,NA,NA,NA,NA,NA,NA,RA,downstream,2023-10-05,20835564,2023-10-05T17:08:50Z,476.1508596783139,5947,154,295,137,9.46,13:15:00,2023-10-05T16:15:00Z,460.7
SpC_RA_dowstream_051023.xlsx,2023-10-05T14:09:00Z,2023-10-05T14:09:00Z,515.9,29.09,NA,NA,NA,NA,NA,NA,RA,downstream,2023-10-05,20835564,2023-10-05T17:09:00Z,476.8903679053429,5947,154,295,137,9.46,13:15:00,2023-10-05T16:15:00Z,460.7
SpC_RA_dowstream_051023.xlsx,2023-10-05T14:09:10Z,2023-10-05T14:09:10Z,516.6,29.1,NA,NA,NA,NA,NA,NA,RA,downstream,2023-10-05,20835564,2023-10-05T17:09:10Z,477.449168207024,5947,154,295,137,9.46,13:15:00,2023-10-05T16:15:00Z,460.7
SpC_RA_dowstream_051023.xlsx,2023-10-05T14:09:20Z,2023-10-05T14:09:20Z,517,29.09,NA,NA,NA,NA,NA,NA,RA,downstream,2023-10-05,20835564,2023-10-05T17:09:20Z,477.90719171750783,5947,154,295,137,9.46,13:15:00,2023-10-05T16:15:00Z,460.7
SpC_RA_dowstream_051023.xlsx,2023-10-05T14:09:30Z,2023-10-05T14:09:30Z,517.4,29.09,NA,NA,NA,NA,NA,NA,RA,downstream,2023-10-05,20835564,2023-10-05T17:09:30Z,478.2769458310223,5947,154,295,137,9.46,13:15:00,2023-10-05T16:15:00Z,460.7
SpC_RA_dowstream_051023.xlsx,2023-10-05T14:09:40Z,2023-10-05T14:09:40Z,518.2,29.1,NA,NA,NA,NA,NA,NA,RA,downstream,2023-10-05,20835564,2023-10-05T17:09:40Z,478.9279112754159,5947,154,295,137,9.46,13:15:00,2023-10-05T16:15:00Z,460.7
SpC_RA_dowstream_051023.xlsx,2023-10-05T14:09:50Z,2023-10-05T14:09:50Z,518.9,29.1,NA,NA,NA,NA,NA,NA,RA,downstream,2023-10-05,20835564,2023-10-05T17:09:50Z,479.5748613678373,5947,154,295,137,9.46,13:15:00,2023-10-05T16:15:00Z,460.7
SpC_RA_dowstream_051023.xlsx,2023-10-05T14:10:00Z,2023-10-05T14:10:00Z,519.3000000000001,29.1,NA,NA,NA,NA,NA,NA,RA,downstream,2023-10-05,20835564,2023-10-05T17:10:00Z,479.94454713493536,5947,154,295,137,9.46,13:15:00,2023-10-05T16:15:00Z,460.7
SpC_RA_dowstream_051023.xlsx,2023-10-05T14:10:10Z,2023-10-05T14:10:10Z,520.1,29.1,NA,NA,NA,NA,NA,NA,RA,downstream,2023-10-05,20835564,2023-10-05T17:10:10Z,480.68391866913123,5947,154,295,137,9.46,13:15:00,2023-10-05T16:15:00Z,460.7
SpC_RA_dowstream_051023.xlsx,2023-10-05T14:10:20Z,2023-10-05T14:10:20Z,520.4,29.1,NA,NA,NA,NA,NA,NA,RA,downstream,2023-10-05,20835564,2023-10-05T17:10:20Z,480.96118299445465,5947,154,295,137,9.46,13:15:00,2023-10-05T16:15:00Z,460.7
SpC_RA_dowstream_051023.xlsx,2023-10-05T14:10:30Z,2023-10-05T14:10:30Z,520.8000000000001,29.080000000000002,NA,NA,NA,NA,NA,NA,RA,downstream,2023-10-05,20835564,2023-10-05T17:10:30Z,481.50887573964496,5947,154,295,137,9.46,13:15:00,2023-10-05T16:15:00Z,460.7
SpC_RA_dowstream_051023.xlsx,2023-10-05T14:10:40Z,2023-10-05T14:10:40Z,520.8000000000001,29.09,NA,NA,NA,NA,NA,NA,RA,downstream,2023-10-05,20835564,2023-10-05T17:10:40Z,481.4198557958957,5947,154,295,137,9.46,13:15:00,2023-10-05T16:15:00Z,460.7
SpC_RA_dowstream_051023.xlsx,2023-10-05T14:10:50Z,2023-10-05T14:10:50Z,521.2,29.1,NA,NA,NA,NA,NA,NA,RA,downstream,2023-10-05,20835564,2023-10-05T17:10:50Z,481.7005545286507,5947,154,295,137,9.46,13:15:00,2023-10-05T16:15:00Z,460.7
SpC_RA_dowstream_051023.xlsx,2023-10-05T14:11:00Z,2023-10-05T14:11:00Z,520.8000000000001,29.12,NA,NA,NA,NA,NA,NA,RA,downstream,2023-10-05,20835564,2023-10-05T17:11:00Z,481.15299334811533,5947,154,295,137,9.46,13:15:00,2023-10-05T16:15:00Z,460.7
SpC_RA_dowstream_051023.xlsx,2023-10-05T14:11:10Z,2023-10-05T14:11:10Z,520.8000000000001,29.1,NA,NA,NA,NA,NA,NA,RA,downstream,2023-10-05,20835564,2023-10-05T17:11:10Z,481.3308687615527,5947,154,295,137,9.46,13:15:00,2023-10-05T16:15:00Z,460.7
SpC_RA_dowstream_051023.xlsx,2023-10-05T14:11:20Z,2023-10-05T14:11:20Z,520.8000000000001,29.1,NA,NA,NA,NA,NA,NA,RA,downstream,2023-10-05,20835564,2023-10-05T17:11:20Z,481.3308687615527,5947,154,295,137,9.46,13:15:00,2023-10-05T16:15:00Z,460.7
SpC_RA_dowstream_051023.xlsx,2023-10-05T14:11:30Z,2023-10-05T14:11:30Z,521.2,29.1,NA,NA,NA,NA,NA,NA,RA,downstream,2023-10-05,20835564,2023-10-05T17:11:30Z,481.7005545286507,5947,154,295,137,9.46,13:15:00,2023-10-05T16:15:00Z,460.7
SpC_RA_dowstream_051023.xlsx,2023-10-05T14:11:40Z,2023-10-05T14:11:40Z,521.2,29.12,NA,NA,NA,NA,NA,NA,RA,downstream,2023-10-05,20835564,2023-10-05T17:11:40Z,481.5225424981523,5947,154,295,137,9.46,13:15:00,2023-10-05T16:15:00Z,460.7
SpC_RA_dowstream_051023.xlsx,2023-10-05T14:11:50Z,2023-10-05T14:11:50Z,521.2,29.13,NA,NA,NA,NA,NA,NA,RA,downstream,2023-10-05,20835564,2023-10-05T17:11:50Z,481.4335858119343,5947,154,295,137,9.46,13:15:00,2023-10-05T16:15:00Z,460.7
SpC_RA_dowstream_051023.xlsx,2023-10-05T14:12:00Z,2023-10-05T14:12:00Z,520.8000000000001,29.13,NA,NA,NA,NA,NA,NA,RA,downstream,2023-10-05,20835564,2023-10-05T17:12:00Z,481.0641049325698,5947,154,295,137,9.46,13:15:00,2023-10-05T16:15:00Z,460.7
SpC_RA_dowstream_051023.xlsx,2023-10-05T14:12:10Z,2023-10-05T14:12:10Z,520.8000000000001,29.13,NA,NA,NA,NA,NA,NA,RA,downstream,2023-10-05,20835564,2023-10-05T17:12:10Z,481.0641049325698,5947,154,295,137,9.46,13:15:00,2023-10-05T16:15:00Z,460.7
SpC_RA_dowstream_051023.xlsx,2023-10-05T14:12:20Z,2023-10-05T14:12:20Z,520.8000000000001,29.12,NA,NA,NA,NA,NA,NA,RA,downstream,2023-10-05,20835564,2023-10-05T17:12:20Z,481.15299334811533,5947,154,295,137,9.46,13:15:00,2023-10-05T16:15:00Z,460.7
SpC_RA_dowstream_051023.xlsx,2023-10-05T14:12:30Z,2023-10-05T14:12:30Z,520.8000000000001,29.13,NA,NA,NA,NA,NA,NA,RA,downstream,2023-10-05,20835564,2023-10-05T17:12:30Z,481.0641049325698,5947,154,295,137,9.46,13:15:00,2023-10-05T16:15:00Z,460.7
SpC_RA_dowstream_051023.xlsx,2023-10-05T14:12:40Z,2023-10-05T14:12:40Z,520.8000000000001,29.14,NA,NA,NA,NA,NA,NA,RA,downstream,2023-10-05,20835564,2023-10-05T17:12:40Z,480.97524935352794,5947,154,295,137,9.46,13:15:00,2023-10-05T16:15:00Z,460.7
SpC_RA_dowstream_051023.xlsx,2023-10-05T14:12:50Z,2023-10-05T14:12:50Z,520.8000000000001,29.14,NA,NA,NA,NA,NA,NA,RA,downstream,2023-10-05,20835564,2023-10-05T17:12:50Z,480.97524935352794,5947,154,295,137,9.46,13:15:00,2023-10-05T16:15:00Z,460.7
SpC_RA_dowstream_051023.xlsx,2023-10-05T14:13:00Z,2023-10-05T14:13:00Z,520,29.14,NA,NA,NA,NA,NA,NA,RA,downstream,2023-10-05,20835564,2023-10-05T17:13:00Z,480.23642408570373,5947,154,295,137,9.46,13:15:00,2023-10-05T16:15:00Z,460.7
SpC_RA_dowstream_051023.xlsx,2023-10-05T14:13:10Z,2023-10-05T14:13:10Z,520.4,29.150000000000002,NA,NA,NA,NA,NA,NA,RA,downstream,2023-10-05,20835564,2023-10-05T17:13:10Z,480.51708217913205,5947,154,295,137,9.46,13:15:00,2023-10-05T16:15:00Z,460.7
SpC_RA_dowstream_051023.xlsx,2023-10-05T14:13:20Z,2023-10-05T14:13:20Z,520.4,29.18,NA,NA,NA,NA,NA,NA,RA,downstream,2023-10-05,20835564,2023-10-05T17:13:20Z,480.25101513473606,5947,154,295,137,9.46,13:15:00,2023-10-05T16:15:00Z,460.7
SpC_RA_dowstream_051023.xlsx,2023-10-05T14:13:30Z,2023-10-05T14:13:30Z,520,29.19,NA,NA,NA,NA,NA,NA,RA,downstream,2023-10-05,20835564,2023-10-05T17:13:30Z,479.79331980070117,5947,154,295,137,9.46,13:15:00,2023-10-05T16:15:00Z,460.7
SpC_RA_dowstream_051023.xlsx,2023-10-05T14:13:40Z,2023-10-05T14:13:40Z,520,29.2,NA,NA,NA,NA,NA,NA,RA,downstream,2023-10-05,20835564,2023-10-05T17:13:40Z,479.70479704797043,5947,154,295,137,9.46,13:15:00,2023-10-05T16:15:00Z,460.7
SpC_RA_dowstream_051023.xlsx,2023-10-05T14:13:50Z,2023-10-05T14:13:50Z,520,29.23,NA,NA,NA,NA,NA,NA,RA,downstream,2023-10-05,20835564,2023-10-05T17:13:50Z,479.4394246726904,5947,154,295,137,9.46,13:15:00,2023-10-05T16:15:00Z,460.7
SpC_RA_dowstream_051023.xlsx,2023-10-05T14:14:00Z,2023-10-05T14:14:00Z,520,29.240000000000002,NA,NA,NA,NA,NA,NA,RA,downstream,2023-10-05,20835564,2023-10-05T17:14:00Z,479.35103244837757,5947,154,295,137,9.46,13:15:00,2023-10-05T16:15:00Z,460.7
SpC_RA_dowstream_051023.xlsx,2023-10-05T14:14:10Z,2023-10-05T14:14:10Z,520,29.240000000000002,NA,NA,NA,NA,NA,NA,RA,downstream,2023-10-05,20835564,2023-10-05T17:14:10Z,479.35103244837757,5947,154,295,137,9.46,13:15:00,2023-10-05T16:15:00Z,460.7
SpC_RA_dowstream_051023.xlsx,2023-10-05T14:14:20Z,2023-10-05T14:14:20Z,520,29.240000000000002,NA,NA,NA,NA,NA,NA,RA,downstream,2023-10-05,20835564,2023-10-05T17:14:20Z,479.35103244837757,5947,154,295,137,9.46,13:15:00,2023-10-05T16:15:00Z,460.7
SpC_RA_dowstream_051023.xlsx,2023-10-05T14:14:30Z,2023-10-05T14:14:30Z,520,29.23,NA,NA,NA,NA,NA,NA,RA,downstream,2023-10-05,20835564,2023-10-05T17:14:30Z,479.4394246726904,5947,154,295,137,9.46,13:15:00,2023-10-05T16:15:00Z,460.7
SpC_RA_dowstream_051023.xlsx,2023-10-05T14:14:40Z,2023-10-05T14:14:40Z,519.6,29.21,NA,NA,NA,NA,NA,NA,RA,downstream,2023-10-05,20835564,2023-10-05T17:14:40Z,479.2473713337023,5947,154,295,137,9.46,13:15:00,2023-10-05T16:15:00Z,460.7
SpC_RA_dowstream_051023.xlsx,2023-10-05T14:14:50Z,2023-10-05T14:14:50Z,519.6,29.21,NA,NA,NA,NA,NA,NA,RA,downstream,2023-10-05,20835564,2023-10-05T17:14:50Z,479.2473713337023,5947,154,295,137,9.46,13:15:00,2023-10-05T16:15:00Z,460.7
SpC_RA_dowstream_051023.xlsx,2023-10-05T14:15:00Z,2023-10-05T14:15:00Z,519.6,29.21,NA,NA,NA,NA,NA,NA,RA,downstream,2023-10-05,20835564,2023-10-05T17:15:00Z,479.2473713337023,5947,154,295,137,9.46,13:15:00,2023-10-05T16:15:00Z,460.7
SpC_RA_dowstream_051023.xlsx,2023-10-05T14:15:10Z,2023-10-05T14:15:10Z,519.6,29.21,NA,NA,NA,NA,NA,NA,RA,downstream,2023-10-05,20835564,2023-10-05T17:15:10Z,479.2473713337023,5947,154,295,137,9.46,13:15:00,2023-10-05T16:15:00Z,460.7
SpC_RA_dowstream_051023.xlsx,2023-10-05T14:15:20Z,2023-10-05T14:15:20Z,519.6,29.21,NA,NA,NA,NA,NA,NA,RA,downstream,2023-10-05,20835564,2023-10-05T17:15:20Z,479.2473713337023,5947,154,295,137,9.46,13:15:00,2023-10-05T16:15:00Z,460.7
SpC_RA_dowstream_051023.xlsx,2023-10-05T14:15:30Z,2023-10-05T14:15:30Z,519.3000000000001,29.19,NA,NA,NA,NA,NA,NA,RA,downstream,2023-10-05,20835564,2023-10-05T17:15:30Z,479.1474441778926,5947,154,295,137,9.46,13:15:00,2023-10-05T16:15:00Z,460.7
SpC_RA_dowstream_051023.xlsx,2023-10-05T14:15:40Z,2023-10-05T14:15:40Z,519.3000000000001,29.18,NA,NA,NA,NA,NA,NA,RA,downstream,2023-10-05,20835564,2023-10-05T17:15:40Z,479.2358803986712,5947,154,295,137,9.46,13:15:00,2023-10-05T16:15:00Z,460.7
SpC_RA_dowstream_051023.xlsx,2023-10-05T14:15:50Z,2023-10-05T14:15:50Z,519.7,29.17,NA,NA,NA,NA,NA,NA,RA,downstream,2023-10-05,20835564,2023-10-05T17:15:50Z,479.69355731954954,5947,154,295,137,9.46,13:15:00,2023-10-05T16:15:00Z,460.7
SpC_RA_dowstream_051023.xlsx,2023-10-05T14:16:00Z,2023-10-05T14:16:00Z,519.7,29.17,NA,NA,NA,NA,NA,NA,RA,downstream,2023-10-05,20835564,2023-10-05T17:16:00Z,479.69355731954954,5947,154,295,137,9.46,13:15:00,2023-10-05T16:15:00Z,460.7
SpC_RA_dowstream_051023.xlsx,2023-10-05T14:16:10Z,2023-10-05T14:16:10Z,518.9,29.17,NA,NA,NA,NA,NA,NA,RA,downstream,2023-10-05,20835564,2023-10-05T17:16:10Z,478.95514122207857,5947,154,295,137,9.46,13:15:00,2023-10-05T16:15:00Z,460.7
SpC_RA_dowstream_051023.xlsx,2023-10-05T14:16:20Z,2023-10-05T14:16:20Z,518.9,29.17,NA,NA,NA,NA,NA,NA,RA,downstream,2023-10-05,20835564,2023-10-05T17:16:20Z,478.95514122207857,5947,154,295,137,9.46,13:15:00,2023-10-05T16:15:00Z,460.7
SpC_RA_dowstream_051023.xlsx,2023-10-05T14:16:30Z,2023-10-05T14:16:30Z,518.1,29.18,NA,NA,NA,NA,NA,NA,RA,downstream,2023-10-05,20835564,2023-10-05T17:16:30Z,478.1284606866003,5947,154,295,137,9.46,13:15:00,2023-10-05T16:15:00Z,460.7
SpC_RA_dowstream_051023.xlsx,2023-10-05T14:16:40Z,2023-10-05T14:16:40Z,517.7,29.18,NA,NA,NA,NA,NA,NA,RA,downstream,2023-10-05,20835564,2023-10-05T17:16:40Z,477.7593207825767,5947,154,295,137,9.46,13:15:00,2023-10-05T16:15:00Z,460.7
SpC_RA_dowstream_051023.xlsx,2023-10-05T14:16:50Z,2023-10-05T14:16:50Z,517.4,29.18,NA,NA,NA,NA,NA,NA,RA,downstream,2023-10-05,20835564,2023-10-05T17:16:50Z,477.4824658545589,5947,154,295,137,9.46,13:15:00,2023-10-05T16:15:00Z,460.7
SpC_RA_dowstream_051023.xlsx,2023-10-05T14:17:00Z,2023-10-05T14:17:00Z,517,29.17,NA,NA,NA,NA,NA,NA,RA,downstream,2023-10-05,20835564,2023-10-05T17:17:00Z,477.2014029905851,5947,154,295,137,9.46,13:15:00,2023-10-05T16:15:00Z,460.7
SpC_RA_dowstream_051023.xlsx,2023-10-05T14:17:10Z,2023-10-05T14:17:10Z,517,29.17,NA,NA,NA,NA,NA,NA,RA,downstream,2023-10-05,20835564,2023-10-05T17:17:10Z,477.2014029905851,5947,154,295,137,9.46,13:15:00,2023-10-05T16:15:00Z,460.7
SpC_RA_dowstream_051023.xlsx,2023-10-05T14:17:20Z,2023-10-05T14:17:20Z,517,29.18,NA,NA,NA,NA,NA,NA,RA,downstream,2023-10-05,20835564,2023-10-05T17:17:20Z,477.1133259505353,5947,154,295,137,9.46,13:15:00,2023-10-05T16:15:00Z,460.7
SpC_RA_dowstream_051023.xlsx,2023-10-05T14:17:30Z,2023-10-05T14:17:30Z,517.4,29.19,NA,NA,NA,NA,NA,NA,RA,downstream,2023-10-05,20835564,2023-10-05T17:17:30Z,477.39435320169764,5947,154,295,137,9.46,13:15:00,2023-10-05T16:15:00Z,460.7
SpC_RA_dowstream_051023.xlsx,2023-10-05T14:17:40Z,2023-10-05T14:17:40Z,517.3000000000001,29.2,NA,NA,NA,NA,NA,NA,RA,downstream,2023-10-05,20835564,2023-10-05T17:17:40Z,477.21402214022146,5947,154,295,137,9.46,13:15:00,2023-10-05T16:15:00Z,460.7
SpC_RA_dowstream_051023.xlsx,2023-10-05T14:17:50Z,2023-10-05T14:17:50Z,517.3000000000001,29.21,NA,NA,NA,NA,NA,NA,RA,downstream,2023-10-05,20835564,2023-10-05T17:17:50Z,477.12599151448075,5947,154,295,137,9.46,13:15:00,2023-10-05T16:15:00Z,460.7
SpC_RA_dowstream_051023.xlsx,2023-10-05T14:18:00Z,2023-10-05T14:18:00Z,517,29.21,NA,NA,NA,NA,NA,NA,RA,downstream,2023-10-05,20835564,2023-10-05T17:18:00Z,476.84928979893004,5947,154,295,137,9.46,13:15:00,2023-10-05T16:15:00Z,460.7
SpC_RA_dowstream_051023.xlsx,2023-10-05T14:18:10Z,2023-10-05T14:18:10Z,517,29.19,NA,NA,NA,NA,NA,NA,RA,downstream,2023-10-05,20835564,2023-10-05T17:18:10Z,477.0252814172356,5947,154,295,137,9.46,13:15:00,2023-10-05T16:15:00Z,460.7
SpC_RA_dowstream_051023.xlsx,2023-10-05T14:18:20Z,2023-10-05T14:18:20Z,517.7,29.19,NA,NA,NA,NA,NA,NA,RA,downstream,2023-10-05,20835564,2023-10-05T17:18:20Z,477.6711570400443,5947,154,295,137,9.46,13:15:00,2023-10-05T16:15:00Z,460.7
SpC_RA_dowstream_051023.xlsx,2023-10-05T14:18:30Z,2023-10-05T14:18:30Z,518.5,29.21,NA,NA,NA,NA,NA,NA,RA,downstream,2023-10-05,20835564,2023-10-05T17:18:30Z,478.23279837668326,5947,154,295,137,9.46,13:15:00,2023-10-05T16:15:00Z,460.7
SpC_RA_dowstream_051023.xlsx,2023-10-05T14:18:40Z,2023-10-05T14:18:40Z,518.1,29.23,NA,NA,NA,NA,NA,NA,RA,downstream,2023-10-05,20835564,2023-10-05T17:18:40Z,477.6876267748479,5947,154,295,137,9.46,13:15:00,2023-10-05T16:15:00Z,460.7
SpC_RA_dowstream_051023.xlsx,2023-10-05T14:18:50Z,2023-10-05T14:18:50Z,518.1,29.23,NA,NA,NA,NA,NA,NA,RA,downstream,2023-10-05,20835564,2023-10-05T17:18:50Z,477.6876267748479,5947,154,295,137,9.46,13:15:00,2023-10-05T16:15:00Z,460.7
SpC_RA_dowstream_051023.xlsx,2023-10-05T14:19:00Z,2023-10-05T14:19:00Z,518.5,29.2,NA,NA,NA,NA,NA,NA,RA,downstream,2023-10-05,20835564,2023-10-05T17:19:00Z,478.3210332103321,5947,154,295,137,9.46,13:15:00,2023-10-05T16:15:00Z,460.7
SpC_RA_dowstream_051023.xlsx,2023-10-05T14:19:10Z,2023-10-05T14:19:10Z,518.9,29.2,NA,NA,NA,NA,NA,NA,RA,downstream,2023-10-05,20835564,2023-10-05T17:19:10Z,478.69003690036897,5947,154,295,137,9.46,13:15:00,2023-10-05T16:15:00Z,460.7
SpC_RA_dowstream_051023.xlsx,2023-10-05T14:19:20Z,2023-10-05T14:19:20Z,518.9,29.21,NA,NA,NA,NA,NA,NA,RA,downstream,2023-10-05,20835564,2023-10-05T17:19:20Z,478.6017339974174,5947,154,295,137,9.46,13:15:00,2023-10-05T16:15:00Z,460.7
SpC_RA_dowstream_051023.xlsx,2023-10-05T14:19:30Z,2023-10-05T14:19:30Z,519.2,29.23,NA,NA,NA,NA,NA,NA,RA,downstream,2023-10-05,20835564,2023-10-05T17:19:30Z,478.70182555780934,5947,154,295,137,9.46,13:15:00,2023-10-05T16:15:00Z,460.7
SpC_RA_dowstream_051023.xlsx,2023-10-05T14:19:40Z,2023-10-05T14:19:40Z,519.2,29.23,NA,NA,NA,NA,NA,NA,RA,downstream,2023-10-05,20835564,2023-10-05T17:19:40Z,478.70182555780934,5947,154,295,137,9.46,13:15:00,2023-10-05T16:15:00Z,460.7
SpC_RA_dowstream_051023.xlsx,2023-10-05T14:19:50Z,2023-10-05T14:19:50Z,519.2,29.23,NA,NA,NA,NA,NA,NA,RA,downstream,2023-10-05,20835564,2023-10-05T17:19:50Z,478.70182555780934,5947,154,295,137,9.46,13:15:00,2023-10-05T16:15:00Z,460.7
SpC_RA_dowstream_051023.xlsx,2023-10-05T14:20:00Z,2023-10-05T14:20:00Z,519.2,29.23,NA,NA,NA,NA,NA,NA,RA,downstream,2023-10-05,20835564,2023-10-05T17:20:00Z,478.70182555780934,5947,154,295,137,9.46,13:15:00,2023-10-05T16:15:00Z,460.7
SpC_RA_dowstream_051023.xlsx,2023-10-05T14:20:10Z,2023-10-05T14:20:10Z,519.2,29.240000000000002,NA,NA,NA,NA,NA,NA,RA,downstream,2023-10-05,20835564,2023-10-05T17:20:10Z,478.613569321534,5947,154,295,137,9.46,13:15:00,2023-10-05T16:15:00Z,460.7
SpC_RA_dowstream_051023.xlsx,2023-10-05T14:20:20Z,2023-10-05T14:20:20Z,519.2,29.25,NA,NA,NA,NA,NA,NA,RA,downstream,2023-10-05,20835564,2023-10-05T17:20:20Z,478.52534562211986,5947,154,295,137,9.46,13:15:00,2023-10-05T16:15:00Z,460.7
SpC_RA_dowstream_051023.xlsx,2023-10-05T14:20:30Z,2023-10-05T14:20:30Z,519.2,29.25,NA,NA,NA,NA,NA,NA,RA,downstream,2023-10-05,20835564,2023-10-05T17:20:30Z,478.52534562211986,5947,154,295,137,9.46,13:15:00,2023-10-05T16:15:00Z,460.7
SpC_RA_dowstream_051023.xlsx,2023-10-05T14:20:40Z,2023-10-05T14:20:40Z,518.8000000000001,29.26,NA,NA,NA,NA,NA,NA,RA,downstream,2023-10-05,20835564,2023-10-05T17:20:40Z,478.06855879100635,5947,154,295,137,9.46,13:15:00,2023-10-05T16:15:00Z,460.7
SpC_RA_dowstream_051023.xlsx,2023-10-05T14:20:50Z,2023-10-05T14:20:50Z,519.2,29.27,NA,NA,NA,NA,NA,NA,RA,downstream,2023-10-05,20835564,2023-10-05T17:20:50Z,478.3489957619312,5947,154,295,137,9.46,13:15:00,2023-10-05T16:15:00Z,460.7
SpC_RA_dowstream_051023.xlsx,2023-10-05T14:21:00Z,2023-10-05T14:21:00Z,518.8000000000001,29.27,NA,NA,NA,NA,NA,NA,RA,downstream,2023-10-05,20835564,2023-10-05T17:21:00Z,477.98046803021936,5947,154,295,137,9.46,13:15:00,2023-10-05T16:15:00Z,460.7
SpC_RA_dowstream_051023.xlsx,2023-10-05T14:21:10Z,2023-10-05T14:21:10Z,518.8000000000001,29.27,NA,NA,NA,NA,NA,NA,RA,downstream,2023-10-05,20835564,2023-10-05T17:21:10Z,477.98046803021936,5947,154,295,137,9.46,13:15:00,2023-10-05T16:15:00Z,460.7
SpC_RA_dowstream_051023.xlsx,2023-10-05T14:21:20Z,2023-10-05T14:21:20Z,518.8000000000001,29.29,NA,NA,NA,NA,NA,NA,RA,downstream,2023-10-05,20835564,2023-10-05T17:21:20Z,477.8043838644319,5947,154,295,137,9.46,13:15:00,2023-10-05T16:15:00Z,460.7
SpC_RA_dowstream_051023.xlsx,2023-10-05T14:21:30Z,2023-10-05T14:21:30Z,518.8000000000001,29.29,NA,NA,NA,NA,NA,NA,RA,downstream,2023-10-05,20835564,2023-10-05T17:21:30Z,477.8043838644319,5947,154,295,137,9.46,13:15:00,2023-10-05T16:15:00Z,460.7
SpC_RA_dowstream_051023.xlsx,2023-10-05T14:21:40Z,2023-10-05T14:21:40Z,518.8000000000001,29.3,NA,NA,NA,NA,NA,NA,RA,downstream,2023-10-05,20835564,2023-10-05T17:21:40Z,477.71639042357276,5947,154,295,137,9.46,13:15:00,2023-10-05T16:15:00Z,460.7
SpC_RA_dowstream_051023.xlsx,2023-10-05T14:21:50Z,2023-10-05T14:21:50Z,518.4,29.3,NA,NA,NA,NA,NA,NA,RA,downstream,2023-10-05,20835564,2023-10-05T17:21:50Z,477.3480662983425,5947,154,295,137,9.46,13:15:00,2023-10-05T16:15:00Z,460.7
SpC_RA_dowstream_051023.xlsx,2023-10-05T14:22:00Z,2023-10-05T14:22:00Z,518.4,29.29,NA,NA,NA,NA,NA,NA,RA,downstream,2023-10-05,20835564,2023-10-05T17:22:00Z,477.43599189537673,5947,154,295,137,9.46,13:15:00,2023-10-05T16:15:00Z,460.7
SpC_RA_dowstream_051023.xlsx,2023-10-05T14:22:10Z,2023-10-05T14:22:10Z,518.1,29.29,NA,NA,NA,NA,NA,NA,RA,downstream,2023-10-05,20835564,2023-10-05T17:22:10Z,477.15969791858544,5947,154,295,137,9.46,13:15:00,2023-10-05T16:15:00Z,460.7
SpC_RA_dowstream_051023.xlsx,2023-10-05T14:22:20Z,2023-10-05T14:22:20Z,518.1,29.29,NA,NA,NA,NA,NA,NA,RA,downstream,2023-10-05,20835564,2023-10-05T17:22:20Z,477.15969791858544,5947,154,295,137,9.46,13:15:00,2023-10-05T16:15:00Z,460.7
SpC_RA_dowstream_051023.xlsx,2023-10-05T14:22:30Z,2023-10-05T14:22:30Z,518.4,29.3,NA,NA,NA,NA,NA,NA,RA,downstream,2023-10-05,20835564,2023-10-05T17:22:30Z,477.3480662983425,5947,154,295,137,9.46,13:15:00,2023-10-05T16:15:00Z,460.7
SpC_RA_dowstream_051023.xlsx,2023-10-05T14:22:40Z,2023-10-05T14:22:40Z,518.1,29.3,NA,NA,NA,NA,NA,NA,RA,downstream,2023-10-05,20835564,2023-10-05T17:22:40Z,477.0718232044199,5947,154,295,137,9.46,13:15:00,2023-10-05T16:15:00Z,460.7
SpC_RA_dowstream_051023.xlsx,2023-10-05T14:22:50Z,2023-10-05T14:22:50Z,517.7,29.3,NA,NA,NA,NA,NA,NA,RA,downstream,2023-10-05,20835564,2023-10-05T17:22:50Z,476.70349907918967,5947,154,295,137,9.46,13:15:00,2023-10-05T16:15:00Z,460.7
SpC_RA_dowstream_051023.xlsx,2023-10-05T14:23:00Z,2023-10-05T14:23:00Z,518.1,29.29,NA,NA,NA,NA,NA,NA,RA,downstream,2023-10-05,20835564,2023-10-05T17:23:00Z,477.15969791858544,5947,154,295,137,9.46,13:15:00,2023-10-05T16:15:00Z,460.7
SpC_RA_dowstream_051023.xlsx,2023-10-05T14:23:10Z,2023-10-05T14:23:10Z,518.4,29.29,NA,NA,NA,NA,NA,NA,RA,downstream,2023-10-05,20835564,2023-10-05T17:23:10Z,477.43599189537673,5947,154,295,137,9.46,13:15:00,2023-10-05T16:15:00Z,460.7
SpC_RA_dowstream_051023.xlsx,2023-10-05T14:23:20Z,2023-10-05T14:23:20Z,518.8000000000001,29.29,NA,NA,NA,NA,NA,NA,RA,downstream,2023-10-05,20835564,2023-10-05T17:23:20Z,477.8043838644319,5947,154,295,137,9.46,13:15:00,2023-10-05T16:15:00Z,460.7
SpC_RA_dowstream_051023.xlsx,2023-10-05T14:23:30Z,2023-10-05T14:23:30Z,518.8000000000001,29.29,NA,NA,NA,NA,NA,NA,RA,downstream,2023-10-05,20835564,2023-10-05T17:23:30Z,477.8043838644319,5947,154,295,137,9.46,13:15:00,2023-10-05T16:15:00Z,460.7
SpC_RA_dowstream_051023.xlsx,2023-10-05T14:23:40Z,2023-10-05T14:23:40Z,519.2,29.29,NA,NA,NA,NA,NA,NA,RA,downstream,2023-10-05,20835564,2023-10-05T17:23:40Z,478.1727758334869,5947,154,295,137,9.46,13:15:00,2023-10-05T16:15:00Z,460.7
SpC_RA_dowstream_051023.xlsx,2023-10-05T14:23:50Z,2023-10-05T14:23:50Z,519.6,29.310000000000002,NA,NA,NA,NA,NA,NA,RA,downstream,2023-10-05,20835564,2023-10-05T17:23:50Z,478.36494199963175,5947,154,295,137,9.46,13:15:00,2023-10-05T16:15:00Z,460.7
SpC_RA_dowstream_051023.xlsx,2023-10-05T14:24:00Z,2023-10-05T14:24:00Z,519.6,29.310000000000002,NA,NA,NA,NA,NA,NA,RA,downstream,2023-10-05,20835564,2023-10-05T17:24:00Z,478.36494199963175,5947,154,295,137,9.46,13:15:00,2023-10-05T16:15:00Z,460.7
SpC_RA_dowstream_051023.xlsx,2023-10-05T14:24:10Z,2023-10-05T14:24:10Z,519.6,29.310000000000002,NA,NA,NA,NA,NA,NA,RA,downstream,2023-10-05,20835564,2023-10-05T17:24:10Z,478.36494199963175,5947,154,295,137,9.46,13:15:00,2023-10-05T16:15:00Z,460.7
SpC_RA_dowstream_051023.xlsx,2023-10-05T14:24:20Z,2023-10-05T14:24:20Z,519.6,29.29,NA,NA,NA,NA,NA,NA,RA,downstream,2023-10-05,20835564,2023-10-05T17:24:20Z,478.54116780254196,5947,154,295,137,9.46,13:15:00,2023-10-05T16:15:00Z,460.7
SpC_RA_dowstream_051023.xlsx,2023-10-05T14:24:30Z,2023-10-05T14:24:30Z,519.6,29.27,NA,NA,NA,NA,NA,NA,RA,downstream,2023-10-05,20835564,2023-10-05T17:24:30Z,478.71752349364294,5947,154,295,137,9.46,13:15:00,2023-10-05T16:15:00Z,460.7
SpC_RA_dowstream_051023.xlsx,2023-10-05T14:24:40Z,2023-10-05T14:24:40Z,519.6,29.29,NA,NA,NA,NA,NA,NA,RA,downstream,2023-10-05,20835564,2023-10-05T17:24:40Z,478.54116780254196,5947,154,295,137,9.46,13:15:00,2023-10-05T16:15:00Z,460.7
SpC_RA_dowstream_051023.xlsx,2023-10-05T14:24:50Z,2023-10-05T14:24:50Z,519.2,29.29,NA,NA,NA,NA,NA,NA,RA,downstream,2023-10-05,20835564,2023-10-05T17:24:50Z,478.1727758334869,5947,154,295,137,9.46,13:15:00,2023-10-05T16:15:00Z,460.7
SpC_RA_dowstream_051023.xlsx,2023-10-05T14:25:00Z,2023-10-05T14:25:00Z,518.8000000000001,29.27,NA,NA,NA,NA,NA,NA,RA,downstream,2023-10-05,20835564,2023-10-05T17:25:00Z,477.98046803021936,5947,154,295,137,9.46,13:15:00,2023-10-05T16:15:00Z,460.7
SpC_RA_dowstream_051023.xlsx,2023-10-05T14:25:10Z,2023-10-05T14:25:10Z,518.8000000000001,29.27,NA,NA,NA,NA,NA,NA,RA,downstream,2023-10-05,20835564,2023-10-05T17:25:10Z,477.98046803021936,5947,154,295,137,9.46,13:15:00,2023-10-05T16:15:00Z,460.7
SpC_RA_dowstream_051023.xlsx,2023-10-05T14:25:20Z,2023-10-05T14:25:20Z,518.8000000000001,29.27,NA,NA,NA,NA,NA,NA,RA,downstream,2023-10-05,20835564,2023-10-05T17:25:20Z,477.98046803021936,5947,154,295,137,9.46,13:15:00,2023-10-05T16:15:00Z,460.7
SpC_RA_dowstream_051023.xlsx,2023-10-05T14:25:30Z,2023-10-05T14:25:30Z,518.8000000000001,29.27,NA,NA,NA,NA,NA,NA,RA,downstream,2023-10-05,20835564,2023-10-05T17:25:30Z,477.98046803021936,5947,154,295,137,9.46,13:15:00,2023-10-05T16:15:00Z,460.7
SpC_RA_dowstream_051023.xlsx,2023-10-05T14:25:40Z,2023-10-05T14:25:40Z,518.8000000000001,29.27,NA,NA,NA,NA,NA,NA,RA,downstream,2023-10-05,20835564,2023-10-05T17:25:40Z,477.98046803021936,5947,154,295,137,9.46,13:15:00,2023-10-05T16:15:00Z,460.7
SpC_RA_dowstream_051023.xlsx,2023-10-05T14:25:50Z,2023-10-05T14:25:50Z,518.8000000000001,29.27,NA,NA,NA,NA,NA,NA,RA,downstream,2023-10-05,20835564,2023-10-05T17:25:50Z,477.98046803021936,5947,154,295,137,9.46,13:15:00,2023-10-05T16:15:00Z,460.7
SpC_RA_dowstream_051023.xlsx,2023-10-05T14:26:00Z,2023-10-05T14:26:00Z,518.8000000000001,29.27,NA,NA,NA,NA,NA,NA,RA,downstream,2023-10-05,20835564,2023-10-05T17:26:00Z,477.98046803021936,5947,154,295,137,9.46,13:15:00,2023-10-05T16:15:00Z,460.7
SpC_RA_dowstream_051023.xlsx,2023-10-05T14:26:10Z,2023-10-05T14:26:10Z,518.5,29.26,NA,NA,NA,NA,NA,NA,RA,downstream,2023-10-05,20835564,2023-10-05T17:26:10Z,477.7921120530778,5947,154,295,137,9.46,13:15:00,2023-10-05T16:15:00Z,460.7
SpC_RA_dowstream_051023.xlsx,2023-10-05T14:26:20Z,2023-10-05T14:26:20Z,518.1,29.26,NA,NA,NA,NA,NA,NA,RA,downstream,2023-10-05,20835564,2023-10-05T17:26:20Z,477.4235164025065,5947,154,295,137,9.46,13:15:00,2023-10-05T16:15:00Z,460.7
SpC_RA_dowstream_051023.xlsx,2023-10-05T14:26:30Z,2023-10-05T14:26:30Z,518.1,29.26,NA,NA,NA,NA,NA,NA,RA,downstream,2023-10-05,20835564,2023-10-05T17:26:30Z,477.4235164025065,5947,154,295,137,9.46,13:15:00,2023-10-05T16:15:00Z,460.7
SpC_RA_dowstream_051023.xlsx,2023-10-05T14:26:40Z,2023-10-05T14:26:40Z,518.1,29.27,NA,NA,NA,NA,NA,NA,RA,downstream,2023-10-05,20835564,2023-10-05T17:26:40Z,477.33554449972365,5947,154,295,137,9.46,13:15:00,2023-10-05T16:15:00Z,460.7
SpC_RA_dowstream_051023.xlsx,2023-10-05T14:26:50Z,2023-10-05T14:26:50Z,518.1,29.29,NA,NA,NA,NA,NA,NA,RA,downstream,2023-10-05,20835564,2023-10-05T17:26:50Z,477.15969791858544,5947,154,295,137,9.46,13:15:00,2023-10-05T16:15:00Z,460.7
SpC_RA_dowstream_051023.xlsx,2023-10-05T14:27:00Z,2023-10-05T14:27:00Z,518.1,29.29,NA,NA,NA,NA,NA,NA,RA,downstream,2023-10-05,20835564,2023-10-05T17:27:00Z,477.15969791858544,5947,154,295,137,9.46,13:15:00,2023-10-05T16:15:00Z,460.7
SpC_RA_dowstream_051023.xlsx,2023-10-05T14:27:10Z,2023-10-05T14:27:10Z,518.1,29.27,NA,NA,NA,NA,NA,NA,RA,downstream,2023-10-05,20835564,2023-10-05T17:27:10Z,477.33554449972365,5947,154,295,137,9.46,13:15:00,2023-10-05T16:15:00Z,460.7
SpC_RA_dowstream_051023.xlsx,2023-10-05T14:27:20Z,2023-10-05T14:27:20Z,518.5,29.27,NA,NA,NA,NA,NA,NA,RA,downstream,2023-10-05,20835564,2023-10-05T17:27:20Z,477.7040722314355,5947,154,295,137,9.46,13:15:00,2023-10-05T16:15:00Z,460.7
SpC_RA_dowstream_051023.xlsx,2023-10-05T14:27:30Z,2023-10-05T14:27:30Z,518.5,29.27,NA,NA,NA,NA,NA,NA,RA,downstream,2023-10-05,20835564,2023-10-05T17:27:30Z,477.7040722314355,5947,154,295,137,9.46,13:15:00,2023-10-05T16:15:00Z,460.7
SpC_RA_dowstream_051023.xlsx,2023-10-05T14:27:40Z,2023-10-05T14:27:40Z,518.5,29.26,NA,NA,NA,NA,NA,NA,RA,downstream,2023-10-05,20835564,2023-10-05T17:27:40Z,477.7921120530778,5947,154,295,137,9.46,13:15:00,2023-10-05T16:15:00Z,460.7
SpC_RA_dowstream_051023.xlsx,2023-10-05T14:27:50Z,2023-10-05T14:27:50Z,518.5,29.27,NA,NA,NA,NA,NA,NA,RA,downstream,2023-10-05,20835564,2023-10-05T17:27:50Z,477.7040722314355,5947,154,295,137,9.46,13:15:00,2023-10-05T16:15:00Z,460.7
SpC_RA_dowstream_051023.xlsx,2023-10-05T14:28:00Z,2023-10-05T14:28:00Z,518.8000000000001,29.26,NA,NA,NA,NA,NA,NA,RA,downstream,2023-10-05,20835564,2023-10-05T17:28:00Z,478.06855879100635,5947,154,295,137,9.46,13:15:00,2023-10-05T16:15:00Z,460.7
SpC_RA_dowstream_051023.xlsx,2023-10-05T14:28:10Z,2023-10-05T14:28:10Z,518.8000000000001,29.26,NA,NA,NA,NA,NA,NA,RA,downstream,2023-10-05,20835564,2023-10-05T17:28:10Z,478.06855879100635,5947,154,295,137,9.46,13:15:00,2023-10-05T16:15:00Z,460.7
SpC_RA_dowstream_051023.xlsx,2023-10-05T14:28:20Z,2023-10-05T14:28:20Z,519.6,29.26,NA,NA,NA,NA,NA,NA,RA,downstream,2023-10-05,20835564,2023-10-05T17:28:20Z,478.80575009214897,5947,154,295,137,9.46,13:15:00,2023-10-05T16:15:00Z,460.7
SpC_RA_dowstream_051023.xlsx,2023-10-05T14:28:30Z,2023-10-05T14:28:30Z,519.6,29.29,NA,NA,NA,NA,NA,NA,RA,downstream,2023-10-05,20835564,2023-10-05T17:28:30Z,478.54116780254196,5947,154,295,137,9.46,13:15:00,2023-10-05T16:15:00Z,460.7
SpC_RA_dowstream_051023.xlsx,2023-10-05T14:28:40Z,2023-10-05T14:28:40Z,520,29.29,NA,NA,NA,NA,NA,NA,RA,downstream,2023-10-05,20835564,2023-10-05T17:28:40Z,478.90955977159706,5947,154,295,137,9.46,13:15:00,2023-10-05T16:15:00Z,460.7
SpC_RA_dowstream_051023.xlsx,2023-10-05T14:28:50Z,2023-10-05T14:28:50Z,520,29.27,NA,NA,NA,NA,NA,NA,RA,downstream,2023-10-05,20835564,2023-10-05T17:28:50Z,479.08605122535477,5947,154,295,137,9.46,13:15:00,2023-10-05T16:15:00Z,460.7
SpC_RA_dowstream_051023.xlsx,2023-10-05T14:29:00Z,2023-10-05T14:29:00Z,520.3000000000001,29.29,NA,NA,NA,NA,NA,NA,RA,downstream,2023-10-05,20835564,2023-10-05T17:29:00Z,479.1858537483884,5947,154,295,137,9.46,13:15:00,2023-10-05T16:15:00Z,460.7
SpC_RA_dowstream_051023.xlsx,2023-10-05T14:29:10Z,2023-10-05T14:29:10Z,520.7,29.29,NA,NA,NA,NA,NA,NA,RA,downstream,2023-10-05,20835564,2023-10-05T17:29:10Z,479.55424571744345,5947,154,295,137,9.46,13:15:00,2023-10-05T16:15:00Z,460.7
SpC_RA_dowstream_051023.xlsx,2023-10-05T14:29:20Z,2023-10-05T14:29:20Z,520.7,29.29,NA,NA,NA,NA,NA,NA,RA,downstream,2023-10-05,20835564,2023-10-05T17:29:20Z,479.55424571744345,5947,154,295,137,9.46,13:15:00,2023-10-05T16:15:00Z,460.7
SpC_RA_dowstream_051023.xlsx,2023-10-05T14:29:30Z,2023-10-05T14:29:30Z,520.7,29.29,NA,NA,NA,NA,NA,NA,RA,downstream,2023-10-05,20835564,2023-10-05T17:29:30Z,479.55424571744345,5947,154,295,137,9.46,13:15:00,2023-10-05T16:15:00Z,460.7
SpC_RA_dowstream_051023.xlsx,2023-10-05T14:29:40Z,2023-10-05T14:29:40Z,520.7,29.29,NA,NA,NA,NA,NA,NA,RA,downstream,2023-10-05,20835564,2023-10-05T17:29:40Z,479.55424571744345,5947,154,295,137,9.46,13:15:00,2023-10-05T16:15:00Z,460.7
SpC_RA_dowstream_051023.xlsx,2023-10-05T14:29:50Z,2023-10-05T14:29:50Z,521.1,29.27,NA,NA,NA,NA,NA,NA,RA,downstream,2023-10-05,20835564,2023-10-05T17:29:50Z,480.09950248756223,5947,154,295,137,9.46,13:15:00,2023-10-05T16:15:00Z,460.7
SpC_RA_dowstream_051023.xlsx,2023-10-05T14:30:00Z,2023-10-05T14:30:00Z,521.1,29.27,NA,NA,NA,NA,NA,NA,RA,downstream,2023-10-05,20835564,2023-10-05T17:30:00Z,480.09950248756223,5947,154,295,137,9.46,13:15:00,2023-10-05T16:15:00Z,460.7
SpC_RA_dowstream_051023.xlsx,2023-10-05T14:30:10Z,2023-10-05T14:30:10Z,521.1,29.27,NA,NA,NA,NA,NA,NA,RA,downstream,2023-10-05,20835564,2023-10-05T17:30:10Z,480.09950248756223,5947,154,295,137,9.46,13:15:00,2023-10-05T16:15:00Z,460.7
SpC_RA_dowstream_051023.xlsx,2023-10-05T14:30:20Z,2023-10-05T14:30:20Z,521.1,29.27,NA,NA,NA,NA,NA,NA,RA,downstream,2023-10-05,20835564,2023-10-05T17:30:20Z,480.09950248756223,5947,154,295,137,9.46,13:15:00,2023-10-05T16:15:00Z,460.7
SpC_RA_dowstream_051023.xlsx,2023-10-05T14:30:30Z,2023-10-05T14:30:30Z,520.7,29.27,NA,NA,NA,NA,NA,NA,RA,downstream,2023-10-05,20835564,2023-10-05T17:30:30Z,479.73097475585047,5947,154,295,137,9.46,13:15:00,2023-10-05T16:15:00Z,460.7
SpC_RA_dowstream_051023.xlsx,2023-10-05T14:30:40Z,2023-10-05T14:30:40Z,520.7,29.27,NA,NA,NA,NA,NA,NA,RA,downstream,2023-10-05,20835564,2023-10-05T17:30:40Z,479.73097475585047,5947,154,295,137,9.46,13:15:00,2023-10-05T16:15:00Z,460.7
SpC_RA_dowstream_051023.xlsx,2023-10-05T14:30:50Z,2023-10-05T14:30:50Z,520.7,29.27,NA,NA,NA,NA,NA,NA,RA,downstream,2023-10-05,20835564,2023-10-05T17:30:50Z,479.73097475585047,5947,154,295,137,9.46,13:15:00,2023-10-05T16:15:00Z,460.7
SpC_RA_dowstream_051023.xlsx,2023-10-05T14:31:00Z,2023-10-05T14:31:00Z,520.7,29.27,NA,NA,NA,NA,NA,NA,RA,downstream,2023-10-05,20835564,2023-10-05T17:31:00Z,479.73097475585047,5947,154,295,137,9.46,13:15:00,2023-10-05T16:15:00Z,460.7
SpC_RA_dowstream_051023.xlsx,2023-10-05T14:31:10Z,2023-10-05T14:31:10Z,520.7,29.29,NA,NA,NA,NA,NA,NA,RA,downstream,2023-10-05,20835564,2023-10-05T17:31:10Z,479.55424571744345,5947,154,295,137,9.46,13:15:00,2023-10-05T16:15:00Z,460.7
SpC_RA_dowstream_051023.xlsx,2023-10-05T14:31:20Z,2023-10-05T14:31:20Z,520.7,29.29,NA,NA,NA,NA,NA,NA,RA,downstream,2023-10-05,20835564,2023-10-05T17:31:20Z,479.55424571744345,5947,154,295,137,9.46,13:15:00,2023-10-05T16:15:00Z,460.7
SpC_RA_dowstream_051023.xlsx,2023-10-05T14:31:30Z,2023-10-05T14:31:30Z,520.7,29.32,NA,NA,NA,NA,NA,NA,RA,downstream,2023-10-05,20835564,2023-10-05T17:31:30Z,479.2893961708395,5947,154,295,137,9.46,13:15:00,2023-10-05T16:15:00Z,460.7
SpC_RA_dowstream_051023.xlsx,2023-10-05T14:31:40Z,2023-10-05T14:31:40Z,520.7,29.34,NA,NA,NA,NA,NA,NA,RA,downstream,2023-10-05,20835564,2023-10-05T17:31:40Z,479.11299227088705,5947,154,295,137,9.46,13:15:00,2023-10-05T16:15:00Z,460.7
SpC_RA_dowstream_051023.xlsx,2023-10-05T14:31:50Z,2023-10-05T14:31:50Z,520.7,29.34,NA,NA,NA,NA,NA,NA,RA,downstream,2023-10-05,20835564,2023-10-05T17:31:50Z,479.11299227088705,5947,154,295,137,9.46,13:15:00,2023-10-05T16:15:00Z,460.7
SpC_RA_dowstream_051023.xlsx,2023-10-05T14:32:00Z,2023-10-05T14:32:00Z,520.3000000000001,29.34,NA,NA,NA,NA,NA,NA,RA,downstream,2023-10-05,20835564,2023-10-05T17:32:00Z,478.74493927125513,5947,154,295,137,9.46,13:15:00,2023-10-05T16:15:00Z,460.7
SpC_RA_dowstream_051023.xlsx,2023-10-05T14:32:10Z,2023-10-05T14:32:10Z,520.3000000000001,29.32,NA,NA,NA,NA,NA,NA,RA,downstream,2023-10-05,20835564,2023-10-05T17:32:10Z,478.9212076583211,5947,154,295,137,9.46,13:15:00,2023-10-05T16:15:00Z,460.7
SpC_RA_dowstream_051023.xlsx,2023-10-05T14:32:20Z,2023-10-05T14:32:20Z,520.3000000000001,29.32,NA,NA,NA,NA,NA,NA,RA,downstream,2023-10-05,20835564,2023-10-05T17:32:20Z,478.9212076583211,5947,154,295,137,9.46,13:15:00,2023-10-05T16:15:00Z,460.7
SpC_RA_dowstream_051023.xlsx,2023-10-05T14:32:30Z,2023-10-05T14:32:30Z,520,29.310000000000002,NA,NA,NA,NA,NA,NA,RA,downstream,2023-10-05,20835564,2023-10-05T17:32:30Z,478.733198306021,5947,154,295,137,9.46,13:15:00,2023-10-05T16:15:00Z,460.7
SpC_RA_dowstream_051023.xlsx,2023-10-05T14:32:40Z,2023-10-05T14:32:40Z,520.3000000000001,29.3,NA,NA,NA,NA,NA,NA,RA,downstream,2023-10-05,20835564,2023-10-05T17:32:40Z,479.097605893186,5947,154,295,137,9.46,13:15:00,2023-10-05T16:15:00Z,460.7
SpC_RA_dowstream_051023.xlsx,2023-10-05T14:32:50Z,2023-10-05T14:32:50Z,520.3000000000001,29.3,NA,NA,NA,NA,NA,NA,RA,downstream,2023-10-05,20835564,2023-10-05T17:32:50Z,479.097605893186,5947,154,295,137,9.46,13:15:00,2023-10-05T16:15:00Z,460.7
SpC_RA_dowstream_051023.xlsx,2023-10-05T14:33:00Z,2023-10-05T14:33:00Z,520.3000000000001,29.29,NA,NA,NA,NA,NA,NA,RA,downstream,2023-10-05,20835564,2023-10-05T17:33:00Z,479.1858537483884,5947,154,295,137,9.46,13:15:00,2023-10-05T16:15:00Z,460.7
SpC_RA_dowstream_051023.xlsx,2023-10-05T14:33:10Z,2023-10-05T14:33:10Z,520.3000000000001,29.29,NA,NA,NA,NA,NA,NA,RA,downstream,2023-10-05,20835564,2023-10-05T17:33:10Z,479.1858537483884,5947,154,295,137,9.46,13:15:00,2023-10-05T16:15:00Z,460.7
SpC_RA_dowstream_051023.xlsx,2023-10-05T14:33:20Z,2023-10-05T14:33:20Z,520.4,29.27,NA,NA,NA,NA,NA,NA,RA,downstream,2023-10-05,20835564,2023-10-05T17:33:20Z,479.45457895706653,5947,154,295,137,9.46,13:15:00,2023-10-05T16:15:00Z,460.7
SpC_RA_dowstream_051023.xlsx,2023-10-05T14:33:30Z,2023-10-05T14:33:30Z,520.7,29.27,NA,NA,NA,NA,NA,NA,RA,downstream,2023-10-05,20835564,2023-10-05T17:33:30Z,479.73097475585047,5947,154,295,137,9.46,13:15:00,2023-10-05T16:15:00Z,460.7
SpC_RA_dowstream_051023.xlsx,2023-10-05T14:33:40Z,2023-10-05T14:33:40Z,520.7,29.27,NA,NA,NA,NA,NA,NA,RA,downstream,2023-10-05,20835564,2023-10-05T17:33:40Z,479.73097475585047,5947,154,295,137,9.46,13:15:00,2023-10-05T16:15:00Z,460.7
SpC_RA_dowstream_051023.xlsx,2023-10-05T14:33:50Z,2023-10-05T14:33:50Z,520.7,29.25,NA,NA,NA,NA,NA,NA,RA,downstream,2023-10-05,20835564,2023-10-05T17:33:50Z,479.90783410138255,5947,154,295,137,9.46,13:15:00,2023-10-05T16:15:00Z,460.7
SpC_RA_dowstream_051023.xlsx,2023-10-05T14:34:00Z,2023-10-05T14:34:00Z,521.1,29.25,NA,NA,NA,NA,NA,NA,RA,downstream,2023-10-05,20835564,2023-10-05T17:34:00Z,480.2764976958526,5947,154,295,137,9.46,13:15:00,2023-10-05T16:15:00Z,460.7
SpC_RA_dowstream_051023.xlsx,2023-10-05T14:34:10Z,2023-10-05T14:34:10Z,521.1,29.25,NA,NA,NA,NA,NA,NA,RA,downstream,2023-10-05,20835564,2023-10-05T17:34:10Z,480.2764976958526,5947,154,295,137,9.46,13:15:00,2023-10-05T16:15:00Z,460.7
SpC_RA_dowstream_051023.xlsx,2023-10-05T14:34:20Z,2023-10-05T14:34:20Z,521.1,29.25,NA,NA,NA,NA,NA,NA,RA,downstream,2023-10-05,20835564,2023-10-05T17:34:20Z,480.2764976958526,5947,154,295,137,9.46,13:15:00,2023-10-05T16:15:00Z,460.7
SpC_RA_dowstream_051023.xlsx,2023-10-05T14:34:30Z,2023-10-05T14:34:30Z,521.5,29.25,NA,NA,NA,NA,NA,NA,RA,downstream,2023-10-05,20835564,2023-10-05T17:34:30Z,480.6451612903226,5947,154,295,137,9.46,13:15:00,2023-10-05T16:15:00Z,460.7
SpC_RA_dowstream_051023.xlsx,2023-10-05T14:34:40Z,2023-10-05T14:34:40Z,521.9,29.26,NA,NA,NA,NA,NA,NA,RA,downstream,2023-10-05,20835564,2023-10-05T17:34:40Z,480.925175082934,5947,154,295,137,9.46,13:15:00,2023-10-05T16:15:00Z,460.7
SpC_RA_dowstream_051023.xlsx,2023-10-05T14:34:50Z,2023-10-05T14:34:50Z,521.5,29.27,NA,NA,NA,NA,NA,NA,RA,downstream,2023-10-05,20835564,2023-10-05T17:34:50Z,480.46803021927406,5947,154,295,137,9.46,13:15:00,2023-10-05T16:15:00Z,460.7
SpC_RA_dowstream_051023.xlsx,2023-10-05T14:35:00Z,2023-10-05T14:35:00Z,522.3000000000001,29.29,NA,NA,NA,NA,NA,NA,RA,downstream,2023-10-05,20835564,2023-10-05T17:35:00Z,481.0278135936638,5947,154,295,137,9.46,13:15:00,2023-10-05T16:15:00Z,460.7
SpC_RA_dowstream_051023.xlsx,2023-10-05T14:35:10Z,2023-10-05T14:35:10Z,522.2,29.3,NA,NA,NA,NA,NA,NA,RA,downstream,2023-10-05,20835564,2023-10-05T17:35:10Z,480.84714548802947,5947,154,295,137,9.46,13:15:00,2023-10-05T16:15:00Z,460.7
SpC_RA_dowstream_051023.xlsx,2023-10-05T14:35:20Z,2023-10-05T14:35:20Z,522.2,29.3,NA,NA,NA,NA,NA,NA,RA,downstream,2023-10-05,20835564,2023-10-05T17:35:20Z,480.84714548802947,5947,154,295,137,9.46,13:15:00,2023-10-05T16:15:00Z,460.7
SpC_RA_dowstream_051023.xlsx,2023-10-05T14:35:30Z,2023-10-05T14:35:30Z,522.2,29.3,NA,NA,NA,NA,NA,NA,RA,downstream,2023-10-05,20835564,2023-10-05T17:35:30Z,480.84714548802947,5947,154,295,137,9.46,13:15:00,2023-10-05T16:15:00Z,460.7
SpC_RA_dowstream_051023.xlsx,2023-10-05T14:35:40Z,2023-10-05T14:35:40Z,521.9,29.29,NA,NA,NA,NA,NA,NA,RA,downstream,2023-10-05,20835564,2023-10-05T17:35:40Z,480.6594216246086,5947,154,295,137,9.46,13:15:00,2023-10-05T16:15:00Z,460.7
SpC_RA_dowstream_051023.xlsx,2023-10-05T14:35:50Z,2023-10-05T14:35:50Z,521.9,29.29,NA,NA,NA,NA,NA,NA,RA,downstream,2023-10-05,20835564,2023-10-05T17:35:50Z,480.6594216246086,5947,154,295,137,9.46,13:15:00,2023-10-05T16:15:00Z,460.7
SpC_RA_dowstream_051023.xlsx,2023-10-05T14:36:00Z,2023-10-05T14:36:00Z,521.9,29.27,NA,NA,NA,NA,NA,NA,RA,downstream,2023-10-05,20835564,2023-10-05T17:36:00Z,480.8365579509858,5947,154,295,137,9.46,13:15:00,2023-10-05T16:15:00Z,460.7
SpC_RA_dowstream_051023.xlsx,2023-10-05T14:36:10Z,2023-10-05T14:36:10Z,521.9,29.27,NA,NA,NA,NA,NA,NA,RA,downstream,2023-10-05,20835564,2023-10-05T17:36:10Z,480.8365579509858,5947,154,295,137,9.46,13:15:00,2023-10-05T16:15:00Z,460.7
SpC_RA_dowstream_051023.xlsx,2023-10-05T14:36:20Z,2023-10-05T14:36:20Z,522.3000000000001,29.27,NA,NA,NA,NA,NA,NA,RA,downstream,2023-10-05,20835564,2023-10-05T17:36:20Z,481.2050856826977,5947,154,295,137,9.46,13:15:00,2023-10-05T16:15:00Z,460.7
SpC_RA_dowstream_051023.xlsx,2023-10-05T14:36:30Z,2023-10-05T14:36:30Z,521.9,29.25,NA,NA,NA,NA,NA,NA,RA,downstream,2023-10-05,20835564,2023-10-05T17:36:30Z,481.0138248847926,5947,154,295,137,9.46,13:15:00,2023-10-05T16:15:00Z,460.7
SpC_RA_dowstream_051023.xlsx,2023-10-05T14:36:40Z,2023-10-05T14:36:40Z,522.3000000000001,29.26,NA,NA,NA,NA,NA,NA,RA,downstream,2023-10-05,20835564,2023-10-05T17:36:40Z,481.2937707335054,5947,154,295,137,9.46,13:15:00,2023-10-05T16:15:00Z,460.7
SpC_RA_dowstream_051023.xlsx,2023-10-05T14:36:50Z,2023-10-05T14:36:50Z,522.3000000000001,29.26,NA,NA,NA,NA,NA,NA,RA,downstream,2023-10-05,20835564,2023-10-05T17:36:50Z,481.2937707335054,5947,154,295,137,9.46,13:15:00,2023-10-05T16:15:00Z,460.7
SpC_RA_dowstream_051023.xlsx,2023-10-05T14:37:00Z,2023-10-05T14:37:00Z,522.3000000000001,29.26,NA,NA,NA,NA,NA,NA,RA,downstream,2023-10-05,20835564,2023-10-05T17:37:00Z,481.2937707335054,5947,154,295,137,9.46,13:15:00,2023-10-05T16:15:00Z,460.7
SpC_RA_dowstream_051023.xlsx,2023-10-05T14:37:10Z,2023-10-05T14:37:10Z,522.3000000000001,29.27,NA,NA,NA,NA,NA,NA,RA,downstream,2023-10-05,20835564,2023-10-05T17:37:10Z,481.2050856826977,5947,154,295,137,9.46,13:15:00,2023-10-05T16:15:00Z,460.7
SpC_RA_dowstream_051023.xlsx,2023-10-05T14:37:20Z,2023-10-05T14:37:20Z,522.6,29.27,NA,NA,NA,NA,NA,NA,RA,downstream,2023-10-05,20835564,2023-10-05T17:37:20Z,481.4814814814815,5947,154,295,137,9.46,13:15:00,2023-10-05T16:15:00Z,460.7
SpC_RA_dowstream_051023.xlsx,2023-10-05T14:37:30Z,2023-10-05T14:37:30Z,522.3000000000001,29.26,NA,NA,NA,NA,NA,NA,RA,downstream,2023-10-05,20835564,2023-10-05T17:37:30Z,481.2937707335054,5947,154,295,137,9.46,13:15:00,2023-10-05T16:15:00Z,460.7
SpC_RA_dowstream_051023.xlsx,2023-10-05T14:37:40Z,2023-10-05T14:37:40Z,522.3000000000001,29.25,NA,NA,NA,NA,NA,NA,RA,downstream,2023-10-05,20835564,2023-10-05T17:37:40Z,481.38248847926275,5947,154,295,137,9.46,13:15:00,2023-10-05T16:15:00Z,460.7
SpC_RA_dowstream_051023.xlsx,2023-10-05T14:37:50Z,2023-10-05T14:37:50Z,522.3000000000001,29.23,NA,NA,NA,NA,NA,NA,RA,downstream,2023-10-05,20835564,2023-10-05T17:37:50Z,481.5600221279735,5947,154,295,137,9.46,13:15:00,2023-10-05T16:15:00Z,460.7
SpC_RA_dowstream_051023.xlsx,2023-10-05T14:38:00Z,2023-10-05T14:38:00Z,522.3000000000001,29.21,NA,NA,NA,NA,NA,NA,RA,downstream,2023-10-05,20835564,2023-10-05T17:38:00Z,481.737686773658,5947,154,295,137,9.46,13:15:00,2023-10-05T16:15:00Z,460.7
SpC_RA_dowstream_051023.xlsx,2023-10-05T14:38:10Z,2023-10-05T14:38:10Z,522.3000000000001,29.2,NA,NA,NA,NA,NA,NA,RA,downstream,2023-10-05,20835564,2023-10-05T17:38:10Z,481.8265682656827,5947,154,295,137,9.46,13:15:00,2023-10-05T16:15:00Z,460.7
SpC_RA_dowstream_051023.xlsx,2023-10-05T14:38:20Z,2023-10-05T14:38:20Z,522.3000000000001,29.21,NA,NA,NA,NA,NA,NA,RA,downstream,2023-10-05,20835564,2023-10-05T17:38:20Z,481.737686773658,5947,154,295,137,9.46,13:15:00,2023-10-05T16:15:00Z,460.7
SpC_RA_dowstream_051023.xlsx,2023-10-05T14:38:30Z,2023-10-05T14:38:30Z,523.1,29.2,NA,NA,NA,NA,NA,NA,RA,downstream,2023-10-05,20835564,2023-10-05T17:38:30Z,482.56457564575646,5947,154,295,137,9.46,13:15:00,2023-10-05T16:15:00Z,460.7
SpC_RA_dowstream_051023.xlsx,2023-10-05T14:38:40Z,2023-10-05T14:38:40Z,523.4,29.21,NA,NA,NA,NA,NA,NA,RA,downstream,2023-10-05,20835564,2023-10-05T17:38:40Z,482.75225973067694,5947,154,295,137,9.46,13:15:00,2023-10-05T16:15:00Z,460.7
SpC_RA_dowstream_051023.xlsx,2023-10-05T14:38:50Z,2023-10-05T14:38:50Z,522.7,29.2,NA,NA,NA,NA,NA,NA,RA,downstream,2023-10-05,20835564,2023-10-05T17:38:50Z,482.1955719557196,5947,154,295,137,9.46,13:15:00,2023-10-05T16:15:00Z,460.7
SpC_RA_dowstream_051023.xlsx,2023-10-05T14:39:00Z,2023-10-05T14:39:00Z,522.7,29.2,NA,NA,NA,NA,NA,NA,RA,downstream,2023-10-05,20835564,2023-10-05T17:39:00Z,482.1955719557196,5947,154,295,137,9.46,13:15:00,2023-10-05T16:15:00Z,460.7
SpC_RA_dowstream_051023.xlsx,2023-10-05T14:39:10Z,2023-10-05T14:39:10Z,522.3000000000001,29.2,NA,NA,NA,NA,NA,NA,RA,downstream,2023-10-05,20835564,2023-10-05T17:39:10Z,481.8265682656827,5947,154,295,137,9.46,13:15:00,2023-10-05T16:15:00Z,460.7
SpC_RA_dowstream_051023.xlsx,2023-10-05T14:39:20Z,2023-10-05T14:39:20Z,522.3000000000001,29.2,NA,NA,NA,NA,NA,NA,RA,downstream,2023-10-05,20835564,2023-10-05T17:39:20Z,481.8265682656827,5947,154,295,137,9.46,13:15:00,2023-10-05T16:15:00Z,460.7
SpC_RA_dowstream_051023.xlsx,2023-10-05T14:39:30Z,2023-10-05T14:39:30Z,522.3000000000001,29.2,NA,NA,NA,NA,NA,NA,RA,downstream,2023-10-05,20835564,2023-10-05T17:39:30Z,481.8265682656827,5947,154,295,137,9.46,13:15:00,2023-10-05T16:15:00Z,460.7
SpC_RA_dowstream_051023.xlsx,2023-10-05T14:39:40Z,2023-10-05T14:39:40Z,522.3000000000001,29.2,NA,NA,NA,NA,NA,NA,RA,downstream,2023-10-05,20835564,2023-10-05T17:39:40Z,481.8265682656827,5947,154,295,137,9.46,13:15:00,2023-10-05T16:15:00Z,460.7
SpC_RA_dowstream_051023.xlsx,2023-10-05T14:39:50Z,2023-10-05T14:39:50Z,522.3000000000001,29.2,NA,NA,NA,NA,NA,NA,RA,downstream,2023-10-05,20835564,2023-10-05T17:39:50Z,481.8265682656827,5947,154,295,137,9.46,13:15:00,2023-10-05T16:15:00Z,460.7
SpC_RA_dowstream_051023.xlsx,2023-10-05T14:40:00Z,2023-10-05T14:40:00Z,522.3000000000001,29.2,NA,NA,NA,NA,NA,NA,RA,downstream,2023-10-05,20835564,2023-10-05T17:40:00Z,481.8265682656827,5947,154,295,137,9.46,13:15:00,2023-10-05T16:15:00Z,460.7
SpC_RA_dowstream_051023.xlsx,2023-10-05T14:40:10Z,2023-10-05T14:40:10Z,522.3000000000001,29.2,NA,NA,NA,NA,NA,NA,RA,downstream,2023-10-05,20835564,2023-10-05T17:40:10Z,481.8265682656827,5947,154,295,137,9.46,13:15:00,2023-10-05T16:15:00Z,460.7
SpC_RA_dowstream_051023.xlsx,2023-10-05T14:40:20Z,2023-10-05T14:40:20Z,522.3000000000001,29.2,NA,NA,NA,NA,NA,NA,RA,downstream,2023-10-05,20835564,2023-10-05T17:40:20Z,481.8265682656827,5947,154,295,137,9.46,13:15:00,2023-10-05T16:15:00Z,460.7
SpC_RA_dowstream_051023.xlsx,2023-10-05T14:40:30Z,2023-10-05T14:40:30Z,522.7,29.19,NA,NA,NA,NA,NA,NA,RA,downstream,2023-10-05,20835564,2023-10-05T17:40:30Z,482.28455434582025,5947,154,295,137,9.46,13:15:00,2023-10-05T16:15:00Z,460.7
SpC_RA_dowstream_051023.xlsx,2023-10-05T14:40:40Z,2023-10-05T14:40:40Z,522.3000000000001,29.2,NA,NA,NA,NA,NA,NA,RA,downstream,2023-10-05,20835564,2023-10-05T17:40:40Z,481.8265682656827,5947,154,295,137,9.46,13:15:00,2023-10-05T16:15:00Z,460.7
SpC_RA_dowstream_051023.xlsx,2023-10-05T14:40:50Z,2023-10-05T14:40:50Z,522.3000000000001,29.2,NA,NA,NA,NA,NA,NA,RA,downstream,2023-10-05,20835564,2023-10-05T17:40:50Z,481.8265682656827,5947,154,295,137,9.46,13:15:00,2023-10-05T16:15:00Z,460.7
SpC_RA_dowstream_051023.xlsx,2023-10-05T14:41:00Z,2023-10-05T14:41:00Z,522.3000000000001,29.21,NA,NA,NA,NA,NA,NA,RA,downstream,2023-10-05,20835564,2023-10-05T17:41:00Z,481.737686773658,5947,154,295,137,9.46,13:15:00,2023-10-05T16:15:00Z,460.7
SpC_RA_dowstream_051023.xlsx,2023-10-05T14:41:10Z,2023-10-05T14:41:10Z,522.3000000000001,29.23,NA,NA,NA,NA,NA,NA,RA,downstream,2023-10-05,20835564,2023-10-05T17:41:10Z,481.5600221279735,5947,154,295,137,9.46,13:15:00,2023-10-05T16:15:00Z,460.7
SpC_RA_dowstream_051023.xlsx,2023-10-05T14:41:20Z,2023-10-05T14:41:20Z,522.3000000000001,29.23,NA,NA,NA,NA,NA,NA,RA,downstream,2023-10-05,20835564,2023-10-05T17:41:20Z,481.5600221279735,5947,154,295,137,9.46,13:15:00,2023-10-05T16:15:00Z,460.7
SpC_RA_dowstream_051023.xlsx,2023-10-05T14:41:30Z,2023-10-05T14:41:30Z,522.3000000000001,29.23,NA,NA,NA,NA,NA,NA,RA,downstream,2023-10-05,20835564,2023-10-05T17:41:30Z,481.5600221279735,5947,154,295,137,9.46,13:15:00,2023-10-05T16:15:00Z,460.7
SpC_RA_dowstream_051023.xlsx,2023-10-05T14:41:40Z,2023-10-05T14:41:40Z,522.3000000000001,29.23,NA,NA,NA,NA,NA,NA,RA,downstream,2023-10-05,20835564,2023-10-05T17:41:40Z,481.5600221279735,5947,154,295,137,9.46,13:15:00,2023-10-05T16:15:00Z,460.7
SpC_RA_dowstream_051023.xlsx,2023-10-05T14:41:50Z,2023-10-05T14:41:50Z,522.3000000000001,29.240000000000002,NA,NA,NA,NA,NA,NA,RA,downstream,2023-10-05,20835564,2023-10-05T17:41:50Z,481.47123893805315,5947,154,295,137,9.46,13:15:00,2023-10-05T16:15:00Z,460.7
SpC_RA_dowstream_051023.xlsx,2023-10-05T14:42:00Z,2023-10-05T14:42:00Z,522.3000000000001,29.240000000000002,NA,NA,NA,NA,NA,NA,RA,downstream,2023-10-05,20835564,2023-10-05T17:42:00Z,481.47123893805315,5947,154,295,137,9.46,13:15:00,2023-10-05T16:15:00Z,460.7
SpC_RA_dowstream_051023.xlsx,2023-10-05T14:42:10Z,2023-10-05T14:42:10Z,522.3000000000001,29.25,NA,NA,NA,NA,NA,NA,RA,downstream,2023-10-05,20835564,2023-10-05T17:42:10Z,481.38248847926275,5947,154,295,137,9.46,13:15:00,2023-10-05T16:15:00Z,460.7
SpC_RA_dowstream_051023.xlsx,2023-10-05T14:42:20Z,2023-10-05T14:42:20Z,522.3000000000001,29.26,NA,NA,NA,NA,NA,NA,RA,downstream,2023-10-05,20835564,2023-10-05T17:42:20Z,481.2937707335054,5947,154,295,137,9.46,13:15:00,2023-10-05T16:15:00Z,460.7
SpC_RA_dowstream_051023.xlsx,2023-10-05T14:42:30Z,2023-10-05T14:42:30Z,522.3000000000001,29.26,NA,NA,NA,NA,NA,NA,RA,downstream,2023-10-05,20835564,2023-10-05T17:42:30Z,481.2937707335054,5947,154,295,137,9.46,13:15:00,2023-10-05T16:15:00Z,460.7
SpC_RA_dowstream_051023.xlsx,2023-10-05T14:42:40Z,2023-10-05T14:42:40Z,521.9,29.26,NA,NA,NA,NA,NA,NA,RA,downstream,2023-10-05,20835564,2023-10-05T17:42:40Z,480.925175082934,5947,154,295,137,9.46,13:15:00,2023-10-05T16:15:00Z,460.7
SpC_RA_dowstream_051023.xlsx,2023-10-05T14:42:50Z,2023-10-05T14:42:50Z,521.5,29.26,NA,NA,NA,NA,NA,NA,RA,downstream,2023-10-05,20835564,2023-10-05T17:42:50Z,480.5565794323627,5947,154,295,137,9.46,13:15:00,2023-10-05T16:15:00Z,460.7
SpC_RA_dowstream_051023.xlsx,2023-10-05T14:43:00Z,2023-10-05T14:43:00Z,521.5,29.240000000000002,NA,NA,NA,NA,NA,NA,RA,downstream,2023-10-05,20835564,2023-10-05T17:43:00Z,480.73377581120945,5947,154,295,137,9.46,13:15:00,2023-10-05T16:15:00Z,460.7
SpC_RA_dowstream_051023.xlsx,2023-10-05T14:43:10Z,2023-10-05T14:43:10Z,521.1,29.23,NA,NA,NA,NA,NA,NA,RA,downstream,2023-10-05,20835564,2023-10-05T17:43:10Z,480.4536234556519,5947,154,295,137,9.46,13:15:00,2023-10-05T16:15:00Z,460.7
SpC_RA_dowstream_051023.xlsx,2023-10-05T14:43:20Z,2023-10-05T14:43:20Z,521.1,29.21,NA,NA,NA,NA,NA,NA,RA,downstream,2023-10-05,20835564,2023-10-05T17:43:20Z,480.63087991145545,5947,154,295,137,9.46,13:15:00,2023-10-05T16:15:00Z,460.7
SpC_RA_dowstream_051023.xlsx,2023-10-05T14:43:30Z,2023-10-05T14:43:30Z,521.1,29.21,NA,NA,NA,NA,NA,NA,RA,downstream,2023-10-05,20835564,2023-10-05T17:43:30Z,480.63087991145545,5947,154,295,137,9.46,13:15:00,2023-10-05T16:15:00Z,460.7
SpC_RA_dowstream_051023.xlsx,2023-10-05T14:43:40Z,2023-10-05T14:43:40Z,521.2,29.2,NA,NA,NA,NA,NA,NA,RA,downstream,2023-10-05,20835564,2023-10-05T17:43:40Z,480.8118081180812,5947,154,295,137,9.46,13:15:00,2023-10-05T16:15:00Z,460.7
SpC_RA_dowstream_051023.xlsx,2023-10-05T14:43:50Z,2023-10-05T14:43:50Z,521.2,29.2,NA,NA,NA,NA,NA,NA,RA,downstream,2023-10-05,20835564,2023-10-05T17:43:50Z,480.8118081180812,5947,154,295,137,9.46,13:15:00,2023-10-05T16:15:00Z,460.7
SpC_RA_dowstream_051023.xlsx,2023-10-05T14:44:00Z,2023-10-05T14:44:00Z,521.1,29.21,NA,NA,NA,NA,NA,NA,RA,downstream,2023-10-05,20835564,2023-10-05T17:44:00Z,480.63087991145545,5947,154,295,137,9.46,13:15:00,2023-10-05T16:15:00Z,460.7
SpC_RA_dowstream_051023.xlsx,2023-10-05T14:44:10Z,2023-10-05T14:44:10Z,521.5,29.21,NA,NA,NA,NA,NA,NA,RA,downstream,2023-10-05,20835564,2023-10-05T17:44:10Z,480.9998155321896,5947,154,295,137,9.46,13:15:00,2023-10-05T16:15:00Z,460.7
SpC_RA_dowstream_051023.xlsx,2023-10-05T14:44:20Z,2023-10-05T14:44:20Z,521.5,29.21,NA,NA,NA,NA,NA,NA,RA,downstream,2023-10-05,20835564,2023-10-05T17:44:20Z,480.9998155321896,5947,154,295,137,9.46,13:15:00,2023-10-05T16:15:00Z,460.7
SpC_RA_dowstream_051023.xlsx,2023-10-05T14:44:30Z,2023-10-05T14:44:30Z,521.5,29.2,NA,NA,NA,NA,NA,NA,RA,downstream,2023-10-05,20835564,2023-10-05T17:44:30Z,481.08856088560884,5947,154,295,137,9.46,13:15:00,2023-10-05T16:15:00Z,460.7
SpC_RA_dowstream_051023.xlsx,2023-10-05T14:44:40Z,2023-10-05T14:44:40Z,521.5,29.2,NA,NA,NA,NA,NA,NA,RA,downstream,2023-10-05,20835564,2023-10-05T17:44:40Z,481.08856088560884,5947,154,295,137,9.46,13:15:00,2023-10-05T16:15:00Z,460.7
SpC_RA_dowstream_051023.xlsx,2023-10-05T14:44:50Z,2023-10-05T14:44:50Z,521.2,29.2,NA,NA,NA,NA,NA,NA,RA,downstream,2023-10-05,20835564,2023-10-05T17:44:50Z,480.8118081180812,5947,154,295,137,9.46,13:15:00,2023-10-05T16:15:00Z,460.7
SpC_RA_dowstream_051023.xlsx,2023-10-05T14:45:00Z,2023-10-05T14:45:00Z,521.2,29.2,NA,NA,NA,NA,NA,NA,RA,downstream,2023-10-05,20835564,2023-10-05T17:45:00Z,480.8118081180812,5947,154,295,137,9.46,13:15:00,2023-10-05T16:15:00Z,460.7
SpC_RA_dowstream_051023.xlsx,2023-10-05T14:45:10Z,2023-10-05T14:45:10Z,521.2,29.2,NA,NA,NA,NA,NA,NA,RA,downstream,2023-10-05,20835564,2023-10-05T17:45:10Z,480.8118081180812,5947,154,295,137,9.46,13:15:00,2023-10-05T16:15:00Z,460.7
SpC_RA_dowstream_051023.xlsx,2023-10-05T14:45:20Z,2023-10-05T14:45:20Z,521.2,29.19,NA,NA,NA,NA,NA,NA,RA,downstream,2023-10-05,20835564,2023-10-05T17:45:20Z,480.9005351540875,5947,154,295,137,9.46,13:15:00,2023-10-05T16:15:00Z,460.7
SpC_RA_dowstream_051023.xlsx,2023-10-05T14:45:30Z,2023-10-05T14:45:30Z,521.5,29.19,NA,NA,NA,NA,NA,NA,RA,downstream,2023-10-05,20835564,2023-10-05T17:45:30Z,481.177338992434,5947,154,295,137,9.46,13:15:00,2023-10-05T16:15:00Z,460.7
SpC_RA_dowstream_051023.xlsx,2023-10-05T14:45:40Z,2023-10-05T14:45:40Z,521.2,29.19,NA,NA,NA,NA,NA,NA,RA,downstream,2023-10-05,20835564,2023-10-05T17:45:40Z,480.9005351540875,5947,154,295,137,9.46,13:15:00,2023-10-05T16:15:00Z,460.7
SpC_RA_dowstream_051023.xlsx,2023-10-05T14:45:50Z,2023-10-05T14:45:50Z,521.5,29.19,NA,NA,NA,NA,NA,NA,RA,downstream,2023-10-05,20835564,2023-10-05T17:45:50Z,481.177338992434,5947,154,295,137,9.46,13:15:00,2023-10-05T16:15:00Z,460.7
SpC_RA_dowstream_051023.xlsx,2023-10-05T14:46:00Z,2023-10-05T14:46:00Z,521.2,29.19,NA,NA,NA,NA,NA,NA,RA,downstream,2023-10-05,20835564,2023-10-05T17:46:00Z,480.9005351540875,5947,154,295,137,9.46,13:15:00,2023-10-05T16:15:00Z,460.7
SpC_RA_dowstream_051023.xlsx,2023-10-05T14:46:10Z,2023-10-05T14:46:10Z,521.2,29.18,NA,NA,NA,NA,NA,NA,RA,downstream,2023-10-05,20835564,2023-10-05T17:46:10Z,480.98929494278343,5947,154,295,137,9.46,13:15:00,2023-10-05T16:15:00Z,460.7
SpC_RA_dowstream_051023.xlsx,2023-10-05T14:46:20Z,2023-10-05T14:46:20Z,521.2,29.17,NA,NA,NA,NA,NA,NA,RA,downstream,2023-10-05,20835564,2023-10-05T17:46:20Z,481.07808750230754,5947,154,295,137,9.46,13:15:00,2023-10-05T16:15:00Z,460.7
SpC_RA_dowstream_051023.xlsx,2023-10-05T14:46:30Z,2023-10-05T14:46:30Z,521.2,29.17,NA,NA,NA,NA,NA,NA,RA,downstream,2023-10-05,20835564,2023-10-05T17:46:30Z,481.07808750230754,5947,154,295,137,9.46,13:15:00,2023-10-05T16:15:00Z,460.7
SpC_RA_dowstream_051023.xlsx,2023-10-05T14:46:40Z,2023-10-05T14:46:40Z,520.8000000000001,29.17,NA,NA,NA,NA,NA,NA,RA,downstream,2023-10-05,20835564,2023-10-05T17:46:40Z,480.7088794535721,5947,154,295,137,9.46,13:15:00,2023-10-05T16:15:00Z,460.7
SpC_RA_dowstream_051023.xlsx,2023-10-05T14:46:50Z,2023-10-05T14:46:50Z,520.8000000000001,29.17,NA,NA,NA,NA,NA,NA,RA,downstream,2023-10-05,20835564,2023-10-05T17:46:50Z,480.7088794535721,5947,154,295,137,9.46,13:15:00,2023-10-05T16:15:00Z,460.7
SpC_RA_dowstream_051023.xlsx,2023-10-05T14:47:00Z,2023-10-05T14:47:00Z,521.2,29.17,NA,NA,NA,NA,NA,NA,RA,downstream,2023-10-05,20835564,2023-10-05T17:47:00Z,481.07808750230754,5947,154,295,137,9.46,13:15:00,2023-10-05T16:15:00Z,460.7
SpC_RA_dowstream_051023.xlsx,2023-10-05T14:47:10Z,2023-10-05T14:47:10Z,521.2,29.17,NA,NA,NA,NA,NA,NA,RA,downstream,2023-10-05,20835564,2023-10-05T17:47:10Z,481.07808750230754,5947,154,295,137,9.46,13:15:00,2023-10-05T16:15:00Z,460.7
SpC_RA_dowstream_051023.xlsx,2023-10-05T14:47:20Z,2023-10-05T14:47:20Z,520.8000000000001,29.17,NA,NA,NA,NA,NA,NA,RA,downstream,2023-10-05,20835564,2023-10-05T17:47:20Z,480.7088794535721,5947,154,295,137,9.46,13:15:00,2023-10-05T16:15:00Z,460.7
SpC_RA_dowstream_051023.xlsx,2023-10-05T14:47:30Z,2023-10-05T14:47:30Z,520.8000000000001,29.17,NA,NA,NA,NA,NA,NA,RA,downstream,2023-10-05,20835564,2023-10-05T17:47:30Z,480.7088794535721,5947,154,295,137,9.46,13:15:00,2023-10-05T16:15:00Z,460.7
SpC_RA_dowstream_051023.xlsx,2023-10-05T14:47:40Z,2023-10-05T14:47:40Z,520.8000000000001,29.17,NA,NA,NA,NA,NA,NA,RA,downstream,2023-10-05,20835564,2023-10-05T17:47:40Z,480.7088794535721,5947,154,295,137,9.46,13:15:00,2023-10-05T16:15:00Z,460.7
SpC_RA_dowstream_051023.xlsx,2023-10-05T14:47:50Z,2023-10-05T14:47:50Z,520.8000000000001,29.150000000000002,NA,NA,NA,NA,NA,NA,RA,downstream,2023-10-05,20835564,2023-10-05T17:47:50Z,480.8864265927979,5947,154,295,137,9.46,13:15:00,2023-10-05T16:15:00Z,460.7
SpC_RA_dowstream_051023.xlsx,2023-10-05T14:48:00Z,2023-10-05T14:48:00Z,520.8000000000001,29.150000000000002,NA,NA,NA,NA,NA,NA,RA,downstream,2023-10-05,20835564,2023-10-05T17:48:00Z,480.8864265927979,5947,154,295,137,9.46,13:15:00,2023-10-05T16:15:00Z,460.7
SpC_RA_dowstream_051023.xlsx,2023-10-05T14:48:10Z,2023-10-05T14:48:10Z,520.8000000000001,29.150000000000002,NA,NA,NA,NA,NA,NA,RA,downstream,2023-10-05,20835564,2023-10-05T17:48:10Z,480.8864265927979,5947,154,295,137,9.46,13:15:00,2023-10-05T16:15:00Z,460.7
SpC_RA_dowstream_051023.xlsx,2023-10-05T14:48:20Z,2023-10-05T14:48:20Z,520.8000000000001,29.17,NA,NA,NA,NA,NA,NA,RA,downstream,2023-10-05,20835564,2023-10-05T17:48:20Z,480.7088794535721,5947,154,295,137,9.46,13:15:00,2023-10-05T16:15:00Z,460.7
SpC_RA_dowstream_051023.xlsx,2023-10-05T14:48:30Z,2023-10-05T14:48:30Z,520.4,29.17,NA,NA,NA,NA,NA,NA,RA,downstream,2023-10-05,20835564,2023-10-05T17:48:30Z,480.33967140483657,5947,154,295,137,9.46,13:15:00,2023-10-05T16:15:00Z,460.7
SpC_RA_dowstream_051023.xlsx,2023-10-05T14:48:40Z,2023-10-05T14:48:40Z,520.8000000000001,29.17,NA,NA,NA,NA,NA,NA,RA,downstream,2023-10-05,20835564,2023-10-05T17:48:40Z,480.7088794535721,5947,154,295,137,9.46,13:15:00,2023-10-05T16:15:00Z,460.7
SpC_RA_dowstream_051023.xlsx,2023-10-05T14:48:50Z,2023-10-05T14:48:50Z,520.8000000000001,29.17,NA,NA,NA,NA,NA,NA,RA,downstream,2023-10-05,20835564,2023-10-05T17:48:50Z,480.7088794535721,5947,154,295,137,9.46,13:15:00,2023-10-05T16:15:00Z,460.7
SpC_RA_dowstream_051023.xlsx,2023-10-05T14:49:00Z,2023-10-05T14:49:00Z,520.8000000000001,29.18,NA,NA,NA,NA,NA,NA,RA,downstream,2023-10-05,20835564,2023-10-05T17:49:00Z,480.6201550387598,5947,154,295,137,9.46,13:15:00,2023-10-05T16:15:00Z,460.7
SpC_RA_dowstream_051023.xlsx,2023-10-05T14:49:10Z,2023-10-05T14:49:10Z,520.4,29.17,NA,NA,NA,NA,NA,NA,RA,downstream,2023-10-05,20835564,2023-10-05T17:49:10Z,480.33967140483657,5947,154,295,137,9.46,13:15:00,2023-10-05T16:15:00Z,460.7
SpC_RA_dowstream_051023.xlsx,2023-10-05T14:49:20Z,2023-10-05T14:49:20Z,520.8000000000001,29.18,NA,NA,NA,NA,NA,NA,RA,downstream,2023-10-05,20835564,2023-10-05T17:49:20Z,480.6201550387598,5947,154,295,137,9.46,13:15:00,2023-10-05T16:15:00Z,460.7
SpC_RA_dowstream_051023.xlsx,2023-10-05T14:49:30Z,2023-10-05T14:49:30Z,520.8000000000001,29.17,NA,NA,NA,NA,NA,NA,RA,downstream,2023-10-05,20835564,2023-10-05T17:49:30Z,480.7088794535721,5947,154,295,137,9.46,13:15:00,2023-10-05T16:15:00Z,460.7
SpC_RA_dowstream_051023.xlsx,2023-10-05T14:49:40Z,2023-10-05T14:49:40Z,520.8000000000001,29.17,NA,NA,NA,NA,NA,NA,RA,downstream,2023-10-05,20835564,2023-10-05T17:49:40Z,480.7088794535721,5947,154,295,137,9.46,13:15:00,2023-10-05T16:15:00Z,460.7
SpC_RA_dowstream_051023.xlsx,2023-10-05T14:49:50Z,2023-10-05T14:49:50Z,520.4,29.150000000000002,NA,NA,NA,NA,NA,NA,RA,downstream,2023-10-05,20835564,2023-10-05T17:49:50Z,480.51708217913205,5947,154,295,137,9.46,13:15:00,2023-10-05T16:15:00Z,460.7
SpC_RA_dowstream_051023.xlsx,2023-10-05T14:50:00Z,2023-10-05T14:50:00Z,520.4,29.13,NA,NA,NA,NA,NA,NA,RA,downstream,2023-10-05,20835564,2023-10-05T17:50:00Z,480.69462405320525,5947,154,295,137,9.46,13:15:00,2023-10-05T16:15:00Z,460.7
SpC_RA_dowstream_051023.xlsx,2023-10-05T14:50:10Z,2023-10-05T14:50:10Z,520.1,29.13,NA,NA,NA,NA,NA,NA,RA,downstream,2023-10-05,20835564,2023-10-05T17:50:10Z,480.4175133936819,5947,154,295,137,9.46,13:15:00,2023-10-05T16:15:00Z,460.7
SpC_RA_dowstream_051023.xlsx,2023-10-05T14:50:20Z,2023-10-05T14:50:20Z,520.4,29.13,NA,NA,NA,NA,NA,NA,RA,downstream,2023-10-05,20835564,2023-10-05T17:50:20Z,480.69462405320525,5947,154,295,137,9.46,13:15:00,2023-10-05T16:15:00Z,460.7
SpC_RA_dowstream_051023.xlsx,2023-10-05T14:50:30Z,2023-10-05T14:50:30Z,520.4,29.14,NA,NA,NA,NA,NA,NA,RA,downstream,2023-10-05,20835564,2023-10-05T17:50:30Z,480.6058367196158,5947,154,295,137,9.46,13:15:00,2023-10-05T16:15:00Z,460.7
SpC_RA_dowstream_051023.xlsx,2023-10-05T14:50:40Z,2023-10-05T14:50:40Z,520.4,29.14,NA,NA,NA,NA,NA,NA,RA,downstream,2023-10-05,20835564,2023-10-05T17:50:40Z,480.6058367196158,5947,154,295,137,9.46,13:15:00,2023-10-05T16:15:00Z,460.7
SpC_RA_dowstream_051023.xlsx,2023-10-05T14:50:50Z,2023-10-05T14:50:50Z,520.1,29.13,NA,NA,NA,NA,NA,NA,RA,downstream,2023-10-05,20835564,2023-10-05T17:50:50Z,480.4175133936819,5947,154,295,137,9.46,13:15:00,2023-10-05T16:15:00Z,460.7
SpC_RA_dowstream_051023.xlsx,2023-10-05T14:51:00Z,2023-10-05T14:51:00Z,520.4,29.13,NA,NA,NA,NA,NA,NA,RA,downstream,2023-10-05,20835564,2023-10-05T17:51:00Z,480.69462405320525,5947,154,295,137,9.46,13:15:00,2023-10-05T16:15:00Z,460.7
SpC_RA_dowstream_051023.xlsx,2023-10-05T14:51:10Z,2023-10-05T14:51:10Z,520.1,29.13,NA,NA,NA,NA,NA,NA,RA,downstream,2023-10-05,20835564,2023-10-05T17:51:10Z,480.4175133936819,5947,154,295,137,9.46,13:15:00,2023-10-05T16:15:00Z,460.7
SpC_RA_dowstream_051023.xlsx,2023-10-05T14:51:20Z,2023-10-05T14:51:20Z,519.7,29.13,NA,NA,NA,NA,NA,NA,RA,downstream,2023-10-05,20835564,2023-10-05T17:51:20Z,480.0480325143174,5947,154,295,137,9.46,13:15:00,2023-10-05T16:15:00Z,460.7
SpC_RA_dowstream_051023.xlsx,2023-10-05T14:51:30Z,2023-10-05T14:51:30Z,519.7,29.12,NA,NA,NA,NA,NA,NA,RA,downstream,2023-10-05,20835564,2023-10-05T17:51:30Z,480.1367331855137,5947,154,295,137,9.46,13:15:00,2023-10-05T16:15:00Z,460.7
SpC_RA_dowstream_051023.xlsx,2023-10-05T14:51:40Z,2023-10-05T14:51:40Z,520.1,29.12,NA,NA,NA,NA,NA,NA,RA,downstream,2023-10-05,20835564,2023-10-05T17:51:40Z,480.5062823355506,5947,154,295,137,9.46,13:15:00,2023-10-05T16:15:00Z,460.7
SpC_RA_dowstream_051023.xlsx,2023-10-05T14:51:50Z,2023-10-05T14:51:50Z,519.7,29.12,NA,NA,NA,NA,NA,NA,RA,downstream,2023-10-05,20835564,2023-10-05T17:51:50Z,480.1367331855137,5947,154,295,137,9.46,13:15:00,2023-10-05T16:15:00Z,460.7
SpC_RA_dowstream_051023.xlsx,2023-10-05T14:52:00Z,2023-10-05T14:52:00Z,519.3000000000001,29.1,NA,NA,NA,NA,NA,NA,RA,downstream,2023-10-05,20835564,2023-10-05T17:52:00Z,479.94454713493536,5947,154,295,137,9.46,13:15:00,2023-10-05T16:15:00Z,460.7
SpC_RA_dowstream_051023.xlsx,2023-10-05T14:52:10Z,2023-10-05T14:52:10Z,518.9,29.1,NA,NA,NA,NA,NA,NA,RA,downstream,2023-10-05,20835564,2023-10-05T17:52:10Z,479.5748613678373,5947,154,295,137,9.46,13:15:00,2023-10-05T16:15:00Z,460.7
SpC_RA_dowstream_051023.xlsx,2023-10-05T14:52:20Z,2023-10-05T14:52:20Z,519.3000000000001,29.1,NA,NA,NA,NA,NA,NA,RA,downstream,2023-10-05,20835564,2023-10-05T17:52:20Z,479.94454713493536,5947,154,295,137,9.46,13:15:00,2023-10-05T16:15:00Z,460.7
SpC_RA_dowstream_051023.xlsx,2023-10-05T14:52:30Z,2023-10-05T14:52:30Z,519.3000000000001,29.1,NA,NA,NA,NA,NA,NA,RA,downstream,2023-10-05,20835564,2023-10-05T17:52:30Z,479.94454713493536,5947,154,295,137,9.46,13:15:00,2023-10-05T16:15:00Z,460.7
SpC_RA_dowstream_051023.xlsx,2023-10-05T14:52:40Z,2023-10-05T14:52:40Z,519.3000000000001,29.12,NA,NA,NA,NA,NA,NA,RA,downstream,2023-10-05,20835564,2023-10-05T17:52:40Z,479.76718403547676,5947,154,295,137,9.46,13:15:00,2023-10-05T16:15:00Z,460.7
SpC_RA_dowstream_051023.xlsx,2023-10-05T14:52:50Z,2023-10-05T14:52:50Z,519.3000000000001,29.13,NA,NA,NA,NA,NA,NA,RA,downstream,2023-10-05,20835564,2023-10-05T17:52:50Z,479.67855163495295,5947,154,295,137,9.46,13:15:00,2023-10-05T16:15:00Z,460.7
SpC_RA_dowstream_051023.xlsx,2023-10-05T14:53:00Z,2023-10-05T14:53:00Z,519.7,29.14,NA,NA,NA,NA,NA,NA,RA,downstream,2023-10-05,20835564,2023-10-05T17:53:00Z,479.95936461026974,5947,154,295,137,9.46,13:15:00,2023-10-05T16:15:00Z,460.7
SpC_RA_dowstream_051023.xlsx,2023-10-05T14:53:10Z,2023-10-05T14:53:10Z,519.3000000000001,29.14,NA,NA,NA,NA,NA,NA,RA,downstream,2023-10-05,20835564,2023-10-05T17:53:10Z,479.58995197635767,5947,154,295,137,9.46,13:15:00,2023-10-05T16:15:00Z,460.7
SpC_RA_dowstream_051023.xlsx,2023-10-05T14:53:20Z,2023-10-05T14:53:20Z,519.7,29.17,NA,NA,NA,NA,NA,NA,RA,downstream,2023-10-05,20835564,2023-10-05T17:53:20Z,479.69355731954954,5947,154,295,137,9.46,13:15:00,2023-10-05T16:15:00Z,460.7
SpC_RA_dowstream_051023.xlsx,2023-10-05T14:53:30Z,2023-10-05T14:53:30Z,520,29.19,NA,NA,NA,NA,NA,NA,RA,downstream,2023-10-05,20835564,2023-10-05T17:53:30Z,479.79331980070117,5947,154,295,137,9.46,13:15:00,2023-10-05T16:15:00Z,460.7
SpC_RA_dowstream_051023.xlsx,2023-10-05T14:53:40Z,2023-10-05T14:53:40Z,519.6,29.2,NA,NA,NA,NA,NA,NA,RA,downstream,2023-10-05,20835564,2023-10-05T17:53:40Z,479.33579335793354,5947,154,295,137,9.46,13:15:00,2023-10-05T16:15:00Z,460.7
SpC_RA_dowstream_051023.xlsx,2023-10-05T14:53:50Z,2023-10-05T14:53:50Z,519.3000000000001,29.2,NA,NA,NA,NA,NA,NA,RA,downstream,2023-10-05,20835564,2023-10-05T17:53:50Z,479.0590405904059,5947,154,295,137,9.46,13:15:00,2023-10-05T16:15:00Z,460.7
SpC_RA_dowstream_051023.xlsx,2023-10-05T14:54:00Z,2023-10-05T14:54:00Z,519.2,29.21,NA,NA,NA,NA,NA,NA,RA,downstream,2023-10-05,20835564,2023-10-05T17:54:00Z,478.8784357129681,5947,154,295,137,9.46,13:15:00,2023-10-05T16:15:00Z,460.7
SpC_RA_dowstream_051023.xlsx,2023-10-05T14:54:10Z,2023-10-05T14:54:10Z,518.9,29.2,NA,NA,NA,NA,NA,NA,RA,downstream,2023-10-05,20835564,2023-10-05T17:54:10Z,478.69003690036897,5947,154,295,137,9.46,13:15:00,2023-10-05T16:15:00Z,460.7
SpC_RA_dowstream_051023.xlsx,2023-10-05T14:54:20Z,2023-10-05T14:54:20Z,519.2,29.21,NA,NA,NA,NA,NA,NA,RA,downstream,2023-10-05,20835564,2023-10-05T17:54:20Z,478.8784357129681,5947,154,295,137,9.46,13:15:00,2023-10-05T16:15:00Z,460.7
SpC_RA_dowstream_051023.xlsx,2023-10-05T14:54:30Z,2023-10-05T14:54:30Z,519.2,29.23,NA,NA,NA,NA,NA,NA,RA,downstream,2023-10-05,20835564,2023-10-05T17:54:30Z,478.70182555780934,5947,154,295,137,9.46,13:15:00,2023-10-05T16:15:00Z,460.7
SpC_RA_dowstream_051023.xlsx,2023-10-05T14:54:40Z,2023-10-05T14:54:40Z,518.9,29.240000000000002,NA,NA,NA,NA,NA,NA,RA,downstream,2023-10-05,20835564,2023-10-05T17:54:40Z,478.33702064896755,5947,154,295,137,9.46,13:15:00,2023-10-05T16:15:00Z,460.7
SpC_RA_dowstream_051023.xlsx,2023-10-05T14:54:50Z,2023-10-05T14:54:50Z,518.9,29.240000000000002,NA,NA,NA,NA,NA,NA,RA,downstream,2023-10-05,20835564,2023-10-05T17:54:50Z,478.33702064896755,5947,154,295,137,9.46,13:15:00,2023-10-05T16:15:00Z,460.7
SpC_RA_dowstream_051023.xlsx,2023-10-05T14:55:00Z,2023-10-05T14:55:00Z,518.9,29.240000000000002,NA,NA,NA,NA,NA,NA,RA,downstream,2023-10-05,20835564,2023-10-05T17:55:00Z,478.33702064896755,5947,154,295,137,9.46,13:15:00,2023-10-05T16:15:00Z,460.7
SpC_RA_dowstream_051023.xlsx,2023-10-05T14:55:10Z,2023-10-05T14:55:10Z,518.5,29.23,NA,NA,NA,NA,NA,NA,RA,downstream,2023-10-05,20835564,2023-10-05T17:55:10Z,478.0564263322884,5947,154,295,137,9.46,13:15:00,2023-10-05T16:15:00Z,460.7
SpC_RA_dowstream_051023.xlsx,2023-10-05T14:55:20Z,2023-10-05T14:55:20Z,518.9,29.240000000000002,NA,NA,NA,NA,NA,NA,RA,downstream,2023-10-05,20835564,2023-10-05T17:55:20Z,478.33702064896755,5947,154,295,137,9.46,13:15:00,2023-10-05T16:15:00Z,460.7
SpC_RA_dowstream_051023.xlsx,2023-10-05T14:55:30Z,2023-10-05T14:55:30Z,518.1,29.23,NA,NA,NA,NA,NA,NA,RA,downstream,2023-10-05,20835564,2023-10-05T17:55:30Z,477.6876267748479,5947,154,295,137,9.46,13:15:00,2023-10-05T16:15:00Z,460.7
SpC_RA_dowstream_051023.xlsx,2023-10-05T14:55:40Z,2023-10-05T14:55:40Z,518.5,29.23,NA,NA,NA,NA,NA,NA,RA,downstream,2023-10-05,20835564,2023-10-05T17:55:40Z,478.0564263322884,5947,154,295,137,9.46,13:15:00,2023-10-05T16:15:00Z,460.7
SpC_RA_dowstream_051023.xlsx,2023-10-05T14:55:50Z,2023-10-05T14:55:50Z,518.1,29.21,NA,NA,NA,NA,NA,NA,RA,downstream,2023-10-05,20835564,2023-10-05T17:55:50Z,477.86386275594907,5947,154,295,137,9.46,13:15:00,2023-10-05T16:15:00Z,460.7
SpC_RA_dowstream_051023.xlsx,2023-10-05T14:56:00Z,2023-10-05T14:56:00Z,518.1,29.2,NA,NA,NA,NA,NA,NA,RA,downstream,2023-10-05,20835564,2023-10-05T17:56:00Z,477.9520295202952,5947,154,295,137,9.46,13:15:00,2023-10-05T16:15:00Z,460.7
SpC_RA_dowstream_051023.xlsx,2023-10-05T14:56:10Z,2023-10-05T14:56:10Z,518.1,29.18,NA,NA,NA,NA,NA,NA,RA,downstream,2023-10-05,20835564,2023-10-05T17:56:10Z,478.1284606866003,5947,154,295,137,9.46,13:15:00,2023-10-05T16:15:00Z,460.7
SpC_RA_dowstream_051023.xlsx,2023-10-05T14:56:20Z,2023-10-05T14:56:20Z,518.1,29.18,NA,NA,NA,NA,NA,NA,RA,downstream,2023-10-05,20835564,2023-10-05T17:56:20Z,478.1284606866003,5947,154,295,137,9.46,13:15:00,2023-10-05T16:15:00Z,460.7
SpC_RA_dowstream_051023.xlsx,2023-10-05T14:56:30Z,2023-10-05T14:56:30Z,518.1,29.17,NA,NA,NA,NA,NA,NA,RA,downstream,2023-10-05,20835564,2023-10-05T17:56:30Z,478.21672512460765,5947,154,295,137,9.46,13:15:00,2023-10-05T16:15:00Z,460.7
SpC_RA_dowstream_051023.xlsx,2023-10-05T14:56:40Z,2023-10-05T14:56:40Z,518.1,29.150000000000002,NA,NA,NA,NA,NA,NA,RA,downstream,2023-10-05,20835564,2023-10-05T17:56:40Z,478.39335180055406,5947,154,295,137,9.46,13:15:00,2023-10-05T16:15:00Z,460.7
SpC_RA_dowstream_051023.xlsx,2023-10-05T14:56:50Z,2023-10-05T14:56:50Z,518.1,29.150000000000002,NA,NA,NA,NA,NA,NA,RA,downstream,2023-10-05,20835564,2023-10-05T17:56:50Z,478.39335180055406,5947,154,295,137,9.46,13:15:00,2023-10-05T16:15:00Z,460.7
SpC_RA_dowstream_051023.xlsx,2023-10-05T14:57:00Z,2023-10-05T14:57:00Z,518.1,29.14,NA,NA,NA,NA,NA,NA,RA,downstream,2023-10-05,20835564,2023-10-05T17:57:00Z,478.4817140746214,5947,154,295,137,9.46,13:15:00,2023-10-05T16:15:00Z,460.7
SpC_RA_dowstream_051023.xlsx,2023-10-05T14:57:10Z,2023-10-05T14:57:10Z,518.2,29.13,NA,NA,NA,NA,NA,NA,RA,downstream,2023-10-05,20835564,2023-10-05T17:57:10Z,478.66247921670055,5947,154,295,137,9.46,13:15:00,2023-10-05T16:15:00Z,460.7
SpC_RA_dowstream_051023.xlsx,2023-10-05T14:57:20Z,2023-10-05T14:57:20Z,518.1,29.14,NA,NA,NA,NA,NA,NA,RA,downstream,2023-10-05,20835564,2023-10-05T17:57:20Z,478.4817140746214,5947,154,295,137,9.46,13:15:00,2023-10-05T16:15:00Z,460.7
SpC_RA_dowstream_051023.xlsx,2023-10-05T14:57:30Z,2023-10-05T14:57:30Z,518.2,29.13,NA,NA,NA,NA,NA,NA,RA,downstream,2023-10-05,20835564,2023-10-05T17:57:30Z,478.66247921670055,5947,154,295,137,9.46,13:15:00,2023-10-05T16:15:00Z,460.7
SpC_RA_dowstream_051023.xlsx,2023-10-05T14:57:40Z,2023-10-05T14:57:40Z,517.8000000000001,29.13,NA,NA,NA,NA,NA,NA,RA,downstream,2023-10-05,20835564,2023-10-05T17:57:40Z,478.2929983373361,5947,154,295,137,9.46,13:15:00,2023-10-05T16:15:00Z,460.7
SpC_RA_dowstream_051023.xlsx,2023-10-05T14:57:50Z,2023-10-05T14:57:50Z,518.2,29.12,NA,NA,NA,NA,NA,NA,RA,downstream,2023-10-05,20835564,2023-10-05T17:57:50Z,478.75092387287515,5947,154,295,137,9.46,13:15:00,2023-10-05T16:15:00Z,460.7
SpC_RA_dowstream_051023.xlsx,2023-10-05T14:58:00Z,2023-10-05T14:58:00Z,518.2,29.12,NA,NA,NA,NA,NA,NA,RA,downstream,2023-10-05,20835564,2023-10-05T17:58:00Z,478.75092387287515,5947,154,295,137,9.46,13:15:00,2023-10-05T16:15:00Z,460.7
SpC_RA_dowstream_051023.xlsx,2023-10-05T14:58:10Z,2023-10-05T14:58:10Z,518.2,29.12,NA,NA,NA,NA,NA,NA,RA,downstream,2023-10-05,20835564,2023-10-05T17:58:10Z,478.75092387287515,5947,154,295,137,9.46,13:15:00,2023-10-05T16:15:00Z,460.7
SpC_RA_dowstream_051023.xlsx,2023-10-05T14:58:20Z,2023-10-05T14:58:20Z,518.2,29.12,NA,NA,NA,NA,NA,NA,RA,downstream,2023-10-05,20835564,2023-10-05T17:58:20Z,478.75092387287515,5947,154,295,137,9.46,13:15:00,2023-10-05T16:15:00Z,460.7
SpC_RA_dowstream_051023.xlsx,2023-10-05T14:58:30Z,2023-10-05T14:58:30Z,517.8000000000001,29.13,NA,NA,NA,NA,NA,NA,RA,downstream,2023-10-05,20835564,2023-10-05T17:58:30Z,478.2929983373361,5947,154,295,137,9.46,13:15:00,2023-10-05T16:15:00Z,460.7
SpC_RA_dowstream_051023.xlsx,2023-10-05T14:58:40Z,2023-10-05T14:58:40Z,518.2,29.13,NA,NA,NA,NA,NA,NA,RA,downstream,2023-10-05,20835564,2023-10-05T17:58:40Z,478.66247921670055,5947,154,295,137,9.46,13:15:00,2023-10-05T16:15:00Z,460.7
SpC_RA_dowstream_051023.xlsx,2023-10-05T14:58:50Z,2023-10-05T14:58:50Z,518.2,29.13,NA,NA,NA,NA,NA,NA,RA,downstream,2023-10-05,20835564,2023-10-05T17:58:50Z,478.66247921670055,5947,154,295,137,9.46,13:15:00,2023-10-05T16:15:00Z,460.7
SpC_RA_dowstream_051023.xlsx,2023-10-05T14:59:00Z,2023-10-05T14:59:00Z,517.8000000000001,29.13,NA,NA,NA,NA,NA,NA,RA,downstream,2023-10-05,20835564,2023-10-05T17:59:00Z,478.2929983373361,5947,154,295,137,9.46,13:15:00,2023-10-05T16:15:00Z,460.7
SpC_RA_dowstream_051023.xlsx,2023-10-05T14:59:10Z,2023-10-05T14:59:10Z,518.2,29.13,NA,NA,NA,NA,NA,NA,RA,downstream,2023-10-05,20835564,2023-10-05T17:59:10Z,478.66247921670055,5947,154,295,137,9.46,13:15:00,2023-10-05T16:15:00Z,460.7
SpC_RA_dowstream_051023.xlsx,2023-10-05T14:59:20Z,2023-10-05T14:59:20Z,518.1,29.14,NA,NA,NA,NA,NA,NA,RA,downstream,2023-10-05,20835564,2023-10-05T17:59:20Z,478.4817140746214,5947,154,295,137,9.46,13:15:00,2023-10-05T16:15:00Z,460.7
SpC_RA_dowstream_051023.xlsx,2023-10-05T14:59:30Z,2023-10-05T14:59:30Z,517.8000000000001,29.14,NA,NA,NA,NA,NA,NA,RA,downstream,2023-10-05,20835564,2023-10-05T17:59:30Z,478.20465459918734,5947,154,295,137,9.46,13:15:00,2023-10-05T16:15:00Z,460.7
SpC_RA_dowstream_051023.xlsx,2023-10-05T14:59:40Z,2023-10-05T14:59:40Z,517.8000000000001,29.13,NA,NA,NA,NA,NA,NA,RA,downstream,2023-10-05,20835564,2023-10-05T17:59:40Z,478.2929983373361,5947,154,295,137,9.46,13:15:00,2023-10-05T16:15:00Z,460.7
SpC_RA_dowstream_051023.xlsx,2023-10-05T14:59:50Z,2023-10-05T14:59:50Z,517.8000000000001,29.13,NA,NA,NA,NA,NA,NA,RA,downstream,2023-10-05,20835564,2023-10-05T17:59:50Z,478.2929983373361,5947,154,295,137,9.46,13:15:00,2023-10-05T16:15:00Z,460.7
SpC_RA_dowstream_051023.xlsx,2023-10-05T15:00:00Z,2023-10-05T15:00:00Z,518.2,29.13,NA,NA,NA,NA,NA,NA,RA,downstream,2023-10-05,20835564,2023-10-05T18:00:00Z,478.66247921670055,5947,154,295,137,9.46,13:15:00,2023-10-05T16:15:00Z,460.7
SpC_RA_dowstream_051023.xlsx,2023-10-05T15:00:10Z,2023-10-05T15:00:10Z,518.1,29.14,NA,NA,NA,NA,NA,NA,RA,downstream,2023-10-05,20835564,2023-10-05T18:00:10Z,478.4817140746214,5947,154,295,137,9.46,13:15:00,2023-10-05T16:15:00Z,460.7
SpC_RA_dowstream_051023.xlsx,2023-10-05T15:00:20Z,2023-10-05T15:00:20Z,518.1,29.14,NA,NA,NA,NA,NA,NA,RA,downstream,2023-10-05,20835564,2023-10-05T18:00:20Z,478.4817140746214,5947,154,295,137,9.46,13:15:00,2023-10-05T16:15:00Z,460.7
SpC_RA_dowstream_051023.xlsx,2023-10-05T15:00:30Z,2023-10-05T15:00:30Z,518.1,29.14,NA,NA,NA,NA,NA,NA,RA,downstream,2023-10-05,20835564,2023-10-05T18:00:30Z,478.4817140746214,5947,154,295,137,9.46,13:15:00,2023-10-05T16:15:00Z,460.7
SpC_RA_dowstream_051023.xlsx,2023-10-05T15:00:40Z,2023-10-05T15:00:40Z,518.2,29.13,NA,NA,NA,NA,NA,NA,RA,downstream,2023-10-05,20835564,2023-10-05T18:00:40Z,478.66247921670055,5947,154,295,137,9.46,13:15:00,2023-10-05T16:15:00Z,460.7
SpC_RA_dowstream_051023.xlsx,2023-10-05T15:00:50Z,2023-10-05T15:00:50Z,518.2,29.13,NA,NA,NA,NA,NA,NA,RA,downstream,2023-10-05,20835564,2023-10-05T18:00:50Z,478.66247921670055,5947,154,295,137,9.46,13:15:00,2023-10-05T16:15:00Z,460.7
SpC_RA_dowstream_051023.xlsx,2023-10-05T15:01:00Z,2023-10-05T15:01:00Z,517.8000000000001,29.12,NA,NA,NA,NA,NA,NA,RA,downstream,2023-10-05,20835564,2023-10-05T18:01:00Z,478.3813747228382,5947,154,295,137,9.46,13:15:00,2023-10-05T16:15:00Z,460.7
SpC_RA_dowstream_051023.xlsx,2023-10-05T15:01:10Z,2023-10-05T15:01:10Z,517.4,29.1,NA,NA,NA,NA,NA,NA,RA,downstream,2023-10-05,20835564,2023-10-05T18:01:10Z,478.1885397412199,5947,154,295,137,9.46,13:15:00,2023-10-05T16:15:00Z,460.7
SpC_RA_dowstream_051023.xlsx,2023-10-05T15:01:20Z,2023-10-05T15:01:20Z,517.4,29.09,NA,NA,NA,NA,NA,NA,RA,downstream,2023-10-05,20835564,2023-10-05T18:01:20Z,478.2769458310223,5947,154,295,137,9.46,13:15:00,2023-10-05T16:15:00Z,460.7
SpC_RA_dowstream_051023.xlsx,2023-10-05T15:01:30Z,2023-10-05T15:01:30Z,517.4,29.09,NA,NA,NA,NA,NA,NA,RA,downstream,2023-10-05,20835564,2023-10-05T18:01:30Z,478.2769458310223,5947,154,295,137,9.46,13:15:00,2023-10-05T16:15:00Z,460.7
SpC_RA_dowstream_051023.xlsx,2023-10-05T15:01:40Z,2023-10-05T15:01:40Z,517.4,29.080000000000002,NA,NA,NA,NA,NA,NA,RA,downstream,2023-10-05,20835564,2023-10-05T18:01:40Z,478.3653846153845,5947,154,295,137,9.46,13:15:00,2023-10-05T16:15:00Z,460.7
SpC_RA_dowstream_051023.xlsx,2023-10-05T15:01:50Z,2023-10-05T15:01:50Z,517.4,29.080000000000002,NA,NA,NA,NA,NA,NA,RA,downstream,2023-10-05,20835564,2023-10-05T18:01:50Z,478.3653846153845,5947,154,295,137,9.46,13:15:00,2023-10-05T16:15:00Z,460.7
SpC_RA_dowstream_051023.xlsx,2023-10-05T15:02:00Z,2023-10-05T15:02:00Z,517.4,29.080000000000002,NA,NA,NA,NA,NA,NA,RA,downstream,2023-10-05,20835564,2023-10-05T18:02:00Z,478.3653846153845,5947,154,295,137,9.46,13:15:00,2023-10-05T16:15:00Z,460.7
SpC_RA_dowstream_051023.xlsx,2023-10-05T15:02:10Z,2023-10-05T15:02:10Z,517,29.080000000000002,NA,NA,NA,NA,NA,NA,RA,downstream,2023-10-05,20835564,2023-10-05T18:02:10Z,477.99556213017746,5947,154,295,137,9.46,13:15:00,2023-10-05T16:15:00Z,460.7
SpC_RA_dowstream_051023.xlsx,2023-10-05T15:02:20Z,2023-10-05T15:02:20Z,517,29.080000000000002,NA,NA,NA,NA,NA,NA,RA,downstream,2023-10-05,20835564,2023-10-05T18:02:20Z,477.99556213017746,5947,154,295,137,9.46,13:15:00,2023-10-05T16:15:00Z,460.7
SpC_RA_dowstream_051023.xlsx,2023-10-05T15:02:30Z,2023-10-05T15:02:30Z,516.7,29.080000000000002,NA,NA,NA,NA,NA,NA,RA,downstream,2023-10-05,20835564,2023-10-05T18:02:30Z,477.7181952662722,5947,154,295,137,9.46,13:15:00,2023-10-05T16:15:00Z,460.7
SpC_RA_dowstream_051023.xlsx,2023-10-05T15:02:40Z,2023-10-05T15:02:40Z,516.7,29.080000000000002,NA,NA,NA,NA,NA,NA,RA,downstream,2023-10-05,20835564,2023-10-05T18:02:40Z,477.7181952662722,5947,154,295,137,9.46,13:15:00,2023-10-05T16:15:00Z,460.7
SpC_RA_dowstream_051023.xlsx,2023-10-05T15:02:50Z,2023-10-05T15:02:50Z,516.3000000000001,29.09,NA,NA,NA,NA,NA,NA,RA,downstream,2023-10-05,20835564,2023-10-05T18:02:50Z,477.2601220188575,5947,154,295,137,9.46,13:15:00,2023-10-05T16:15:00Z,460.7
SpC_RA_dowstream_051023.xlsx,2023-10-05T15:03:00Z,2023-10-05T15:03:00Z,516.3000000000001,29.07,NA,NA,NA,NA,NA,NA,RA,downstream,2023-10-05,20835564,2023-10-05T18:03:00Z,477.4366561864251,5947,154,295,137,9.46,13:15:00,2023-10-05T16:15:00Z,460.7
SpC_RA_dowstream_051023.xlsx,2023-10-05T15:03:10Z,2023-10-05T15:03:10Z,515.9,29.07,NA,NA,NA,NA,NA,NA,RA,downstream,2023-10-05,20835564,2023-10-05T18:03:10Z,477.0667653042353,5947,154,295,137,9.46,13:15:00,2023-10-05T16:15:00Z,460.7
SpC_RA_dowstream_051023.xlsx,2023-10-05T15:03:20Z,2023-10-05T15:03:20Z,515.9,29.060000000000002,NA,NA,NA,NA,NA,NA,RA,downstream,2023-10-05,20835564,2023-10-05T18:03:20Z,477.1550129485757,5947,154,295,137,9.46,13:15:00,2023-10-05T16:15:00Z,460.7
SpC_RA_dowstream_051023.xlsx,2023-10-05T15:03:30Z,2023-10-05T15:03:30Z,515.5,29.04,NA,NA,NA,NA,NA,NA,RA,downstream,2023-10-05,20835564,2023-10-05T18:03:30Z,476.9615099925981,5947,154,295,137,9.46,13:15:00,2023-10-05T16:15:00Z,460.7
SpC_RA_dowstream_051023.xlsx,2023-10-05T15:03:40Z,2023-10-05T15:03:40Z,515.1,29.060000000000002,NA,NA,NA,NA,NA,NA,RA,downstream,2023-10-05,20835564,2023-10-05T18:03:40Z,476.41509433962267,5947,154,295,137,9.46,13:15:00,2023-10-05T16:15:00Z,460.7
SpC_RA_dowstream_051023.xlsx,2023-10-05T15:03:50Z,2023-10-05T15:03:50Z,515.5,29.04,NA,NA,NA,NA,NA,NA,RA,downstream,2023-10-05,20835564,2023-10-05T18:03:50Z,476.9615099925981,5947,154,295,137,9.46,13:15:00,2023-10-05T16:15:00Z,460.7
SpC_RA_dowstream_051023.xlsx,2023-10-05T15:04:00Z,2023-10-05T15:04:00Z,515.2,29.04,NA,NA,NA,NA,NA,NA,RA,downstream,2023-10-05,20835564,2023-10-05T18:04:00Z,476.68393782383424,5947,154,295,137,9.46,13:15:00,2023-10-05T16:15:00Z,460.7
SpC_RA_dowstream_051023.xlsx,2023-10-05T15:04:10Z,2023-10-05T15:04:10Z,515.2,29.04,NA,NA,NA,NA,NA,NA,RA,downstream,2023-10-05,20835564,2023-10-05T18:04:10Z,476.68393782383424,5947,154,295,137,9.46,13:15:00,2023-10-05T16:15:00Z,460.7
SpC_RA_dowstream_051023.xlsx,2023-10-05T15:04:20Z,2023-10-05T15:04:20Z,514.8000000000001,29.04,NA,NA,NA,NA,NA,NA,RA,downstream,2023-10-05,20835564,2023-10-05T18:04:20Z,476.31384159881577,5947,154,295,137,9.46,13:15:00,2023-10-05T16:15:00Z,460.7
SpC_RA_dowstream_051023.xlsx,2023-10-05T15:04:30Z,2023-10-05T15:04:30Z,515.2,29.03,NA,NA,NA,NA,NA,NA,RA,downstream,2023-10-05,20835564,2023-10-05T18:04:30Z,476.77216361280773,5947,154,295,137,9.46,13:15:00,2023-10-05T16:15:00Z,460.7
SpC_RA_dowstream_051023.xlsx,2023-10-05T15:04:40Z,2023-10-05T15:04:40Z,514.8000000000001,29.03,NA,NA,NA,NA,NA,NA,RA,downstream,2023-10-05,20835564,2023-10-05T18:04:40Z,476.4019988895059,5947,154,295,137,9.46,13:15:00,2023-10-05T16:15:00Z,460.7
SpC_RA_dowstream_051023.xlsx,2023-10-05T15:04:50Z,2023-10-05T15:04:50Z,514.8000000000001,29.03,NA,NA,NA,NA,NA,NA,RA,downstream,2023-10-05,20835564,2023-10-05T18:04:50Z,476.4019988895059,5947,154,295,137,9.46,13:15:00,2023-10-05T16:15:00Z,460.7
SpC_RA_dowstream_051023.xlsx,2023-10-05T15:05:00Z,2023-10-05T15:05:00Z,514.8000000000001,29.03,NA,NA,NA,NA,NA,NA,RA,downstream,2023-10-05,20835564,2023-10-05T18:05:00Z,476.4019988895059,5947,154,295,137,9.46,13:15:00,2023-10-05T16:15:00Z,460.7
SpC_RA_dowstream_051023.xlsx,2023-10-05T15:05:10Z,2023-10-05T15:05:10Z,514.4,29.03,NA,NA,NA,NA,NA,NA,RA,downstream,2023-10-05,20835564,2023-10-05T18:05:10Z,476.03183416620396,5947,154,295,137,9.46,13:15:00,2023-10-05T16:15:00Z,460.7
SpC_RA_dowstream_051023.xlsx,2023-10-05T15:05:20Z,2023-10-05T15:05:20Z,514.4,29.03,NA,NA,NA,NA,NA,NA,RA,downstream,2023-10-05,20835564,2023-10-05T18:05:20Z,476.03183416620396,5947,154,295,137,9.46,13:15:00,2023-10-05T16:15:00Z,460.7
SpC_RA_dowstream_051023.xlsx,2023-10-05T15:05:30Z,2023-10-05T15:05:30Z,514.4,29.03,NA,NA,NA,NA,NA,NA,RA,downstream,2023-10-05,20835564,2023-10-05T18:05:30Z,476.03183416620396,5947,154,295,137,9.46,13:15:00,2023-10-05T16:15:00Z,460.7
SpC_RA_dowstream_051023.xlsx,2023-10-05T15:05:40Z,2023-10-05T15:05:40Z,514,29.02,NA,NA,NA,NA,NA,NA,RA,downstream,2023-10-05,20835564,2023-10-05T18:05:40Z,475.7497223250648,5947,154,295,137,9.46,13:15:00,2023-10-05T16:15:00Z,460.7
SpC_RA_dowstream_051023.xlsx,2023-10-05T15:05:50Z,2023-10-05T15:05:50Z,514.4,29.02,NA,NA,NA,NA,NA,NA,RA,downstream,2023-10-05,20835564,2023-10-05T18:05:50Z,476.1199555720103,5947,154,295,137,9.46,13:15:00,2023-10-05T16:15:00Z,460.7
SpC_RA_dowstream_051023.xlsx,2023-10-05T15:06:00Z,2023-10-05T15:06:00Z,514,29.02,NA,NA,NA,NA,NA,NA,RA,downstream,2023-10-05,20835564,2023-10-05T18:06:00Z,475.7497223250648,5947,154,295,137,9.46,13:15:00,2023-10-05T16:15:00Z,460.7
SpC_RA_dowstream_051023.xlsx,2023-10-05T15:06:10Z,2023-10-05T15:06:10Z,514,29.02,NA,NA,NA,NA,NA,NA,RA,downstream,2023-10-05,20835564,2023-10-05T18:06:10Z,475.7497223250648,5947,154,295,137,9.46,13:15:00,2023-10-05T16:15:00Z,460.7
SpC_RA_dowstream_051023.xlsx,2023-10-05T15:06:20Z,2023-10-05T15:06:20Z,514,29.02,NA,NA,NA,NA,NA,NA,RA,downstream,2023-10-05,20835564,2023-10-05T18:06:20Z,475.7497223250648,5947,154,295,137,9.46,13:15:00,2023-10-05T16:15:00Z,460.7
SpC_RA_dowstream_051023.xlsx,2023-10-05T15:06:30Z,2023-10-05T15:06:30Z,514,29.02,NA,NA,NA,NA,NA,NA,RA,downstream,2023-10-05,20835564,2023-10-05T18:06:30Z,475.7497223250648,5947,154,295,137,9.46,13:15:00,2023-10-05T16:15:00Z,460.7
SpC_RA_dowstream_051023.xlsx,2023-10-05T15:06:40Z,2023-10-05T15:06:40Z,513.6,29.02,NA,NA,NA,NA,NA,NA,RA,downstream,2023-10-05,20835564,2023-10-05T18:06:40Z,475.3794890781192,5947,154,295,137,9.46,13:15:00,2023-10-05T16:15:00Z,460.7
SpC_RA_dowstream_051023.xlsx,2023-10-05T15:06:50Z,2023-10-05T15:06:50Z,513.3000000000001,29.02,NA,NA,NA,NA,NA,NA,RA,downstream,2023-10-05,20835564,2023-10-05T18:06:50Z,475.1018141429101,5947,154,295,137,9.46,13:15:00,2023-10-05T16:15:00Z,460.7
SpC_RA_dowstream_051023.xlsx,2023-10-05T15:07:00Z,2023-10-05T15:07:00Z,513.3000000000001,29.02,NA,NA,NA,NA,NA,NA,RA,downstream,2023-10-05,20835564,2023-10-05T18:07:00Z,475.1018141429101,5947,154,295,137,9.46,13:15:00,2023-10-05T16:15:00Z,460.7
SpC_RA_dowstream_051023.xlsx,2023-10-05T15:07:10Z,2023-10-05T15:07:10Z,513.3000000000001,29.02,NA,NA,NA,NA,NA,NA,RA,downstream,2023-10-05,20835564,2023-10-05T18:07:10Z,475.1018141429101,5947,154,295,137,9.46,13:15:00,2023-10-05T16:15:00Z,460.7
SpC_RA_dowstream_051023.xlsx,2023-10-05T15:07:20Z,2023-10-05T15:07:20Z,513.3000000000001,29.02,NA,NA,NA,NA,NA,NA,RA,downstream,2023-10-05,20835564,2023-10-05T18:07:20Z,475.1018141429101,5947,154,295,137,9.46,13:15:00,2023-10-05T16:15:00Z,460.7
SpC_RA_dowstream_051023.xlsx,2023-10-05T15:07:30Z,2023-10-05T15:07:30Z,513.3000000000001,29.02,NA,NA,NA,NA,NA,NA,RA,downstream,2023-10-05,20835564,2023-10-05T18:07:30Z,475.1018141429101,5947,154,295,137,9.46,13:15:00,2023-10-05T16:15:00Z,460.7
SpC_RA_dowstream_051023.xlsx,2023-10-05T15:07:40Z,2023-10-05T15:07:40Z,512.9,29.02,NA,NA,NA,NA,NA,NA,RA,downstream,2023-10-05,20835564,2023-10-05T18:07:40Z,474.73158089596444,5947,154,295,137,9.46,13:15:00,2023-10-05T16:15:00Z,460.7
SpC_RA_dowstream_051023.xlsx,2023-10-05T15:07:50Z,2023-10-05T15:07:50Z,513.3000000000001,29.02,NA,NA,NA,NA,NA,NA,RA,downstream,2023-10-05,20835564,2023-10-05T18:07:50Z,475.1018141429101,5947,154,295,137,9.46,13:15:00,2023-10-05T16:15:00Z,460.7
SpC_RA_dowstream_051023.xlsx,2023-10-05T15:08:00Z,2023-10-05T15:08:00Z,512.9,29.02,NA,NA,NA,NA,NA,NA,RA,downstream,2023-10-05,20835564,2023-10-05T18:08:00Z,474.73158089596444,5947,154,295,137,9.46,13:15:00,2023-10-05T16:15:00Z,460.7
SpC_RA_dowstream_051023.xlsx,2023-10-05T15:08:10Z,2023-10-05T15:08:10Z,512.9,29.02,NA,NA,NA,NA,NA,NA,RA,downstream,2023-10-05,20835564,2023-10-05T18:08:10Z,474.73158089596444,5947,154,295,137,9.46,13:15:00,2023-10-05T16:15:00Z,460.7
SpC_RA_dowstream_051023.xlsx,2023-10-05T15:08:20Z,2023-10-05T15:08:20Z,512.9,29.02,NA,NA,NA,NA,NA,NA,RA,downstream,2023-10-05,20835564,2023-10-05T18:08:20Z,474.73158089596444,5947,154,295,137,9.46,13:15:00,2023-10-05T16:15:00Z,460.7
SpC_RA_dowstream_051023.xlsx,2023-10-05T15:08:30Z,2023-10-05T15:08:30Z,512.9,29.02,NA,NA,NA,NA,NA,NA,RA,downstream,2023-10-05,20835564,2023-10-05T18:08:30Z,474.73158089596444,5947,154,295,137,9.46,13:15:00,2023-10-05T16:15:00Z,460.7
SpC_RA_dowstream_051023.xlsx,2023-10-05T15:08:40Z,2023-10-05T15:08:40Z,512.5,29.03,NA,NA,NA,NA,NA,NA,RA,downstream,2023-10-05,20835564,2023-10-05T18:08:40Z,474.27355173052007,5947,154,295,137,9.46,13:15:00,2023-10-05T16:15:00Z,460.7
SpC_RA_dowstream_051023.xlsx,2023-10-05T15:08:50Z,2023-10-05T15:08:50Z,512.5,29.03,NA,NA,NA,NA,NA,NA,RA,downstream,2023-10-05,20835564,2023-10-05T18:08:50Z,474.27355173052007,5947,154,295,137,9.46,13:15:00,2023-10-05T16:15:00Z,460.7
SpC_RA_dowstream_051023.xlsx,2023-10-05T15:09:00Z,2023-10-05T15:09:00Z,512.5,29.03,NA,NA,NA,NA,NA,NA,RA,downstream,2023-10-05,20835564,2023-10-05T18:09:00Z,474.27355173052007,5947,154,295,137,9.46,13:15:00,2023-10-05T16:15:00Z,460.7
SpC_RA_dowstream_051023.xlsx,2023-10-05T15:09:10Z,2023-10-05T15:09:10Z,512.5,29.04,NA,NA,NA,NA,NA,NA,RA,downstream,2023-10-05,20835564,2023-10-05T18:09:10Z,474.1857883049593,5947,154,295,137,9.46,13:15:00,2023-10-05T16:15:00Z,460.7
SpC_RA_dowstream_051023.xlsx,2023-10-05T15:09:20Z,2023-10-05T15:09:20Z,512.1,29.04,NA,NA,NA,NA,NA,NA,RA,downstream,2023-10-05,20835564,2023-10-05T18:09:20Z,473.8156920799408,5947,154,295,137,9.46,13:15:00,2023-10-05T16:15:00Z,460.7
SpC_RA_dowstream_051023.xlsx,2023-10-05T15:09:30Z,2023-10-05T15:09:30Z,512.1,29.04,NA,NA,NA,NA,NA,NA,RA,downstream,2023-10-05,20835564,2023-10-05T18:09:30Z,473.8156920799408,5947,154,295,137,9.46,13:15:00,2023-10-05T16:15:00Z,460.7
SpC_RA_dowstream_051023.xlsx,2023-10-05T15:09:40Z,2023-10-05T15:09:40Z,512.1,29.060000000000002,NA,NA,NA,NA,NA,NA,RA,downstream,2023-10-05,20835564,2023-10-05T18:09:40Z,473.64039955604886,5947,154,295,137,9.46,13:15:00,2023-10-05T16:15:00Z,460.7
SpC_RA_dowstream_051023.xlsx,2023-10-05T15:09:50Z,2023-10-05T15:09:50Z,512.1,29.060000000000002,NA,NA,NA,NA,NA,NA,RA,downstream,2023-10-05,20835564,2023-10-05T18:09:50Z,473.64039955604886,5947,154,295,137,9.46,13:15:00,2023-10-05T16:15:00Z,460.7
SpC_RA_dowstream_051023.xlsx,2023-10-05T15:10:00Z,2023-10-05T15:10:00Z,512.1,29.060000000000002,NA,NA,NA,NA,NA,NA,RA,downstream,2023-10-05,20835564,2023-10-05T18:10:00Z,473.64039955604886,5947,154,295,137,9.46,13:15:00,2023-10-05T16:15:00Z,460.7
SpC_RA_dowstream_051023.xlsx,2023-10-05T15:10:10Z,2023-10-05T15:10:10Z,512.1,29.060000000000002,NA,NA,NA,NA,NA,NA,RA,downstream,2023-10-05,20835564,2023-10-05T18:10:10Z,473.64039955604886,5947,154,295,137,9.46,13:15:00,2023-10-05T16:15:00Z,460.7
SpC_RA_dowstream_051023.xlsx,2023-10-05T15:10:20Z,2023-10-05T15:10:20Z,512.1,29.060000000000002,NA,NA,NA,NA,NA,NA,RA,downstream,2023-10-05,20835564,2023-10-05T18:10:20Z,473.64039955604886,5947,154,295,137,9.46,13:15:00,2023-10-05T16:15:00Z,460.7
SpC_RA_dowstream_051023.xlsx,2023-10-05T15:10:30Z,2023-10-05T15:10:30Z,512.1,29.07,NA,NA,NA,NA,NA,NA,RA,downstream,2023-10-05,20835564,2023-10-05T18:10:30Z,473.55280192343264,5947,154,295,137,9.46,13:15:00,2023-10-05T16:15:00Z,460.7
SpC_RA_dowstream_051023.xlsx,2023-10-05T15:10:40Z,2023-10-05T15:10:40Z,512.1,29.07,NA,NA,NA,NA,NA,NA,RA,downstream,2023-10-05,20835564,2023-10-05T18:10:40Z,473.55280192343264,5947,154,295,137,9.46,13:15:00,2023-10-05T16:15:00Z,460.7
SpC_RA_dowstream_051023.xlsx,2023-10-05T15:10:50Z,2023-10-05T15:10:50Z,511.70000000000005,29.07,NA,NA,NA,NA,NA,NA,RA,downstream,2023-10-05,20835564,2023-10-05T18:10:50Z,473.1829110412429,5947,154,295,137,9.46,13:15:00,2023-10-05T16:15:00Z,460.7
SpC_RA_dowstream_051023.xlsx,2023-10-05T15:11:00Z,2023-10-05T15:11:00Z,512.1,29.07,NA,NA,NA,NA,NA,NA,RA,downstream,2023-10-05,20835564,2023-10-05T18:11:00Z,473.55280192343264,5947,154,295,137,9.46,13:15:00,2023-10-05T16:15:00Z,460.7
SpC_RA_dowstream_051023.xlsx,2023-10-05T15:11:10Z,2023-10-05T15:11:10Z,512.1,29.060000000000002,NA,NA,NA,NA,NA,NA,RA,downstream,2023-10-05,20835564,2023-10-05T18:11:10Z,473.64039955604886,5947,154,295,137,9.46,13:15:00,2023-10-05T16:15:00Z,460.7
SpC_RA_dowstream_051023.xlsx,2023-10-05T15:11:20Z,2023-10-05T15:11:20Z,512.1,29.060000000000002,NA,NA,NA,NA,NA,NA,RA,downstream,2023-10-05,20835564,2023-10-05T18:11:20Z,473.64039955604886,5947,154,295,137,9.46,13:15:00,2023-10-05T16:15:00Z,460.7
SpC_RA_dowstream_051023.xlsx,2023-10-05T15:11:30Z,2023-10-05T15:11:30Z,511.70000000000005,29.060000000000002,NA,NA,NA,NA,NA,NA,RA,downstream,2023-10-05,20835564,2023-10-05T18:11:30Z,473.2704402515724,5947,154,295,137,9.46,13:15:00,2023-10-05T16:15:00Z,460.7
SpC_RA_dowstream_051023.xlsx,2023-10-05T15:11:40Z,2023-10-05T15:11:40Z,511.70000000000005,29.060000000000002,NA,NA,NA,NA,NA,NA,RA,downstream,2023-10-05,20835564,2023-10-05T18:11:40Z,473.2704402515724,5947,154,295,137,9.46,13:15:00,2023-10-05T16:15:00Z,460.7
SpC_RA_dowstream_051023.xlsx,2023-10-05T15:11:50Z,2023-10-05T15:11:50Z,511.70000000000005,29.060000000000002,NA,NA,NA,NA,NA,NA,RA,downstream,2023-10-05,20835564,2023-10-05T18:11:50Z,473.2704402515724,5947,154,295,137,9.46,13:15:00,2023-10-05T16:15:00Z,460.7
SpC_RA_dowstream_051023.xlsx,2023-10-05T15:12:00Z,2023-10-05T15:12:00Z,511.70000000000005,29.060000000000002,NA,NA,NA,NA,NA,NA,RA,downstream,2023-10-05,20835564,2023-10-05T18:12:00Z,473.2704402515724,5947,154,295,137,9.46,13:15:00,2023-10-05T16:15:00Z,460.7
SpC_RA_dowstream_051023.xlsx,2023-10-05T15:12:10Z,2023-10-05T15:12:10Z,511.70000000000005,29.060000000000002,NA,NA,NA,NA,NA,NA,RA,downstream,2023-10-05,20835564,2023-10-05T18:12:10Z,473.2704402515724,5947,154,295,137,9.46,13:15:00,2023-10-05T16:15:00Z,460.7
SpC_RA_dowstream_051023.xlsx,2023-10-05T15:12:20Z,2023-10-05T15:12:20Z,511.70000000000005,29.060000000000002,NA,NA,NA,NA,NA,NA,RA,downstream,2023-10-05,20835564,2023-10-05T18:12:20Z,473.2704402515724,5947,154,295,137,9.46,13:15:00,2023-10-05T16:15:00Z,460.7
SpC_RA_dowstream_051023.xlsx,2023-10-05T15:12:30Z,2023-10-05T15:12:30Z,511.70000000000005,29.07,NA,NA,NA,NA,NA,NA,RA,downstream,2023-10-05,20835564,2023-10-05T18:12:30Z,473.1829110412429,5947,154,295,137,9.46,13:15:00,2023-10-05T16:15:00Z,460.7
SpC_RA_dowstream_051023.xlsx,2023-10-05T15:12:40Z,2023-10-05T15:12:40Z,511.70000000000005,29.07,NA,NA,NA,NA,NA,NA,RA,downstream,2023-10-05,20835564,2023-10-05T18:12:40Z,473.1829110412429,5947,154,295,137,9.46,13:15:00,2023-10-05T16:15:00Z,460.7
SpC_RA_dowstream_051023.xlsx,2023-10-05T15:12:50Z,2023-10-05T15:12:50Z,511.70000000000005,29.07,NA,NA,NA,NA,NA,NA,RA,downstream,2023-10-05,20835564,2023-10-05T18:12:50Z,473.1829110412429,5947,154,295,137,9.46,13:15:00,2023-10-05T16:15:00Z,460.7
SpC_RA_dowstream_051023.xlsx,2023-10-05T15:13:00Z,2023-10-05T15:13:00Z,511.70000000000005,29.07,NA,NA,NA,NA,NA,NA,RA,downstream,2023-10-05,20835564,2023-10-05T18:13:00Z,473.1829110412429,5947,154,295,137,9.46,13:15:00,2023-10-05T16:15:00Z,460.7
SpC_RA_dowstream_051023.xlsx,2023-10-05T15:13:10Z,2023-10-05T15:13:10Z,511.70000000000005,29.07,NA,NA,NA,NA,NA,NA,RA,downstream,2023-10-05,20835564,2023-10-05T18:13:10Z,473.1829110412429,5947,154,295,137,9.46,13:15:00,2023-10-05T16:15:00Z,460.7
SpC_RA_dowstream_051023.xlsx,2023-10-05T15:13:20Z,2023-10-05T15:13:20Z,511,29.07,NA,NA,NA,NA,NA,NA,RA,downstream,2023-10-05,20835564,2023-10-05T18:13:20Z,472.5356019974108,5947,154,295,137,9.46,13:15:00,2023-10-05T16:15:00Z,460.7
SpC_RA_dowstream_051023.xlsx,2023-10-05T15:13:30Z,2023-10-05T15:13:30Z,511,29.07,NA,NA,NA,NA,NA,NA,RA,downstream,2023-10-05,20835564,2023-10-05T18:13:30Z,472.5356019974108,5947,154,295,137,9.46,13:15:00,2023-10-05T16:15:00Z,460.7
SpC_RA_dowstream_051023.xlsx,2023-10-05T15:13:40Z,2023-10-05T15:13:40Z,511,29.07,NA,NA,NA,NA,NA,NA,RA,downstream,2023-10-05,20835564,2023-10-05T18:13:40Z,472.5356019974108,5947,154,295,137,9.46,13:15:00,2023-10-05T16:15:00Z,460.7
SpC_RA_dowstream_051023.xlsx,2023-10-05T15:13:50Z,2023-10-05T15:13:50Z,511,29.07,NA,NA,NA,NA,NA,NA,RA,downstream,2023-10-05,20835564,2023-10-05T18:13:50Z,472.5356019974108,5947,154,295,137,9.46,13:15:00,2023-10-05T16:15:00Z,460.7
SpC_RA_dowstream_051023.xlsx,2023-10-05T15:14:00Z,2023-10-05T15:14:00Z,511,29.07,NA,NA,NA,NA,NA,NA,RA,downstream,2023-10-05,20835564,2023-10-05T18:14:00Z,472.5356019974108,5947,154,295,137,9.46,13:15:00,2023-10-05T16:15:00Z,460.7
SpC_RA_dowstream_051023.xlsx,2023-10-05T15:14:10Z,2023-10-05T15:14:10Z,511,29.07,NA,NA,NA,NA,NA,NA,RA,downstream,2023-10-05,20835564,2023-10-05T18:14:10Z,472.5356019974108,5947,154,295,137,9.46,13:15:00,2023-10-05T16:15:00Z,460.7
SpC_RA_dowstream_051023.xlsx,2023-10-05T15:14:20Z,2023-10-05T15:14:20Z,511,29.07,NA,NA,NA,NA,NA,NA,RA,downstream,2023-10-05,20835564,2023-10-05T18:14:20Z,472.5356019974108,5947,154,295,137,9.46,13:15:00,2023-10-05T16:15:00Z,460.7
SpC_RA_dowstream_051023.xlsx,2023-10-05T15:14:30Z,2023-10-05T15:14:30Z,511.3,29.080000000000002,NA,NA,NA,NA,NA,NA,RA,downstream,2023-10-05,20835564,2023-10-05T18:14:30Z,472.7255917159763,5947,154,295,137,9.46,13:15:00,2023-10-05T16:15:00Z,460.7
SpC_RA_dowstream_051023.xlsx,2023-10-05T15:14:40Z,2023-10-05T15:14:40Z,511.3,29.080000000000002,NA,NA,NA,NA,NA,NA,RA,downstream,2023-10-05,20835564,2023-10-05T18:14:40Z,472.7255917159763,5947,154,295,137,9.46,13:15:00,2023-10-05T16:15:00Z,460.7
SpC_RA_dowstream_051023.xlsx,2023-10-05T15:14:50Z,2023-10-05T15:14:50Z,511.3,29.09,NA,NA,NA,NA,NA,NA,RA,downstream,2023-10-05,20835564,2023-10-05T18:14:50Z,472.638195599926,5947,154,295,137,9.46,13:15:00,2023-10-05T16:15:00Z,460.7
SpC_RA_dowstream_051023.xlsx,2023-10-05T15:15:00Z,2023-10-05T15:15:00Z,510.90000000000003,29.080000000000002,NA,NA,NA,NA,NA,NA,RA,downstream,2023-10-05,20835564,2023-10-05T18:15:00Z,472.3557692307692,5947,154,295,137,9.46,13:15:00,2023-10-05T16:15:00Z,460.7
SpC_RA_dowstream_051023.xlsx,2023-10-05T15:15:10Z,2023-10-05T15:15:10Z,511.3,29.080000000000002,NA,NA,NA,NA,NA,NA,RA,downstream,2023-10-05,20835564,2023-10-05T18:15:10Z,472.7255917159763,5947,154,295,137,9.46,13:15:00,2023-10-05T16:15:00Z,460.7
SpC_RA_dowstream_051023.xlsx,2023-10-05T15:15:20Z,2023-10-05T15:15:20Z,510.90000000000003,29.080000000000002,NA,NA,NA,NA,NA,NA,RA,downstream,2023-10-05,20835564,2023-10-05T18:15:20Z,472.3557692307692,5947,154,295,137,9.46,13:15:00,2023-10-05T16:15:00Z,460.7
SpC_RA_dowstream_051023.xlsx,2023-10-05T15:15:30Z,2023-10-05T15:15:30Z,510.90000000000003,29.080000000000002,NA,NA,NA,NA,NA,NA,RA,downstream,2023-10-05,20835564,2023-10-05T18:15:30Z,472.3557692307692,5947,154,295,137,9.46,13:15:00,2023-10-05T16:15:00Z,460.7
SpC_RA_dowstream_051023.xlsx,2023-10-05T15:15:40Z,2023-10-05T15:15:40Z,511,29.07,NA,NA,NA,NA,NA,NA,RA,downstream,2023-10-05,20835564,2023-10-05T18:15:40Z,472.5356019974108,5947,154,295,137,9.46,13:15:00,2023-10-05T16:15:00Z,460.7
SpC_RA_dowstream_051023.xlsx,2023-10-05T15:15:50Z,2023-10-05T15:15:50Z,510.6,29.080000000000002,NA,NA,NA,NA,NA,NA,RA,downstream,2023-10-05,20835564,2023-10-05T18:15:50Z,472.0784023668639,5947,154,295,137,9.46,13:15:00,2023-10-05T16:15:00Z,460.7
SpC_RA_dowstream_051023.xlsx,2023-10-05T15:16:00Z,2023-10-05T15:16:00Z,510.20000000000005,29.080000000000002,NA,NA,NA,NA,NA,NA,RA,downstream,2023-10-05,20835564,2023-10-05T18:16:00Z,471.7085798816568,5947,154,295,137,9.46,13:15:00,2023-10-05T16:15:00Z,460.7
SpC_RA_dowstream_051023.xlsx,2023-10-05T15:16:10Z,2023-10-05T15:16:10Z,510.20000000000005,29.080000000000002,NA,NA,NA,NA,NA,NA,RA,downstream,2023-10-05,20835564,2023-10-05T18:16:10Z,471.7085798816568,5947,154,295,137,9.46,13:15:00,2023-10-05T16:15:00Z,460.7
SpC_RA_dowstream_051023.xlsx,2023-10-05T15:16:20Z,2023-10-05T15:16:20Z,510.20000000000005,29.080000000000002,NA,NA,NA,NA,NA,NA,RA,downstream,2023-10-05,20835564,2023-10-05T18:16:20Z,471.7085798816568,5947,154,295,137,9.46,13:15:00,2023-10-05T16:15:00Z,460.7
SpC_RA_dowstream_051023.xlsx,2023-10-05T15:16:30Z,2023-10-05T15:16:30Z,509.8,29.080000000000002,NA,NA,NA,NA,NA,NA,RA,downstream,2023-10-05,20835564,2023-10-05T18:16:30Z,471.33875739644964,5947,154,295,137,9.46,13:15:00,2023-10-05T16:15:00Z,460.7
SpC_RA_dowstream_051023.xlsx,2023-10-05T15:16:40Z,2023-10-05T15:16:40Z,509.8,29.080000000000002,NA,NA,NA,NA,NA,NA,RA,downstream,2023-10-05,20835564,2023-10-05T18:16:40Z,471.33875739644964,5947,154,295,137,9.46,13:15:00,2023-10-05T16:15:00Z,460.7
SpC_RA_dowstream_051023.xlsx,2023-10-05T15:16:50Z,2023-10-05T15:16:50Z,509.8,29.080000000000002,NA,NA,NA,NA,NA,NA,RA,downstream,2023-10-05,20835564,2023-10-05T18:16:50Z,471.33875739644964,5947,154,295,137,9.46,13:15:00,2023-10-05T16:15:00Z,460.7
SpC_RA_dowstream_051023.xlsx,2023-10-05T15:17:00Z,2023-10-05T15:17:00Z,509.8,29.080000000000002,NA,NA,NA,NA,NA,NA,RA,downstream,2023-10-05,20835564,2023-10-05T18:17:00Z,471.33875739644964,5947,154,295,137,9.46,13:15:00,2023-10-05T16:15:00Z,460.7
SpC_RA_dowstream_051023.xlsx,2023-10-05T15:17:10Z,2023-10-05T15:17:10Z,509.40000000000003,29.080000000000002,NA,NA,NA,NA,NA,NA,RA,downstream,2023-10-05,20835564,2023-10-05T18:17:10Z,470.96893491124257,5947,154,295,137,9.46,13:15:00,2023-10-05T16:15:00Z,460.7
SpC_RA_dowstream_051023.xlsx,2023-10-05T15:17:20Z,2023-10-05T15:17:20Z,509.8,29.080000000000002,NA,NA,NA,NA,NA,NA,RA,downstream,2023-10-05,20835564,2023-10-05T18:17:20Z,471.33875739644964,5947,154,295,137,9.46,13:15:00,2023-10-05T16:15:00Z,460.7
SpC_RA_dowstream_051023.xlsx,2023-10-05T15:17:30Z,2023-10-05T15:17:30Z,509.8,29.09,NA,NA,NA,NA,NA,NA,RA,downstream,2023-10-05,20835564,2023-10-05T18:17:30Z,471.2516176742466,5947,154,295,137,9.46,13:15:00,2023-10-05T16:15:00Z,460.7
SpC_RA_dowstream_051023.xlsx,2023-10-05T15:17:40Z,2023-10-05T15:17:40Z,509,29.080000000000002,NA,NA,NA,NA,NA,NA,RA,downstream,2023-10-05,20835564,2023-10-05T18:17:40Z,470.59911242603545,5947,154,295,137,9.46,13:15:00,2023-10-05T16:15:00Z,460.7
SpC_RA_dowstream_051023.xlsx,2023-10-05T15:17:50Z,2023-10-05T15:17:50Z,509,29.080000000000002,NA,NA,NA,NA,NA,NA,RA,downstream,2023-10-05,20835564,2023-10-05T18:17:50Z,470.59911242603545,5947,154,295,137,9.46,13:15:00,2023-10-05T16:15:00Z,460.7
SpC_RA_dowstream_051023.xlsx,2023-10-05T15:18:00Z,2023-10-05T15:18:00Z,509,29.080000000000002,NA,NA,NA,NA,NA,NA,RA,downstream,2023-10-05,20835564,2023-10-05T18:18:00Z,470.59911242603545,5947,154,295,137,9.46,13:15:00,2023-10-05T16:15:00Z,460.7
SpC_RA_dowstream_051023.xlsx,2023-10-05T15:18:10Z,2023-10-05T15:18:10Z,509,29.080000000000002,NA,NA,NA,NA,NA,NA,RA,downstream,2023-10-05,20835564,2023-10-05T18:18:10Z,470.59911242603545,5947,154,295,137,9.46,13:15:00,2023-10-05T16:15:00Z,460.7
SpC_RA_dowstream_051023.xlsx,2023-10-05T15:18:20Z,2023-10-05T15:18:20Z,509,29.080000000000002,NA,NA,NA,NA,NA,NA,RA,downstream,2023-10-05,20835564,2023-10-05T18:18:20Z,470.59911242603545,5947,154,295,137,9.46,13:15:00,2023-10-05T16:15:00Z,460.7
SpC_RA_dowstream_051023.xlsx,2023-10-05T15:18:30Z,2023-10-05T15:18:30Z,509,29.080000000000002,NA,NA,NA,NA,NA,NA,RA,downstream,2023-10-05,20835564,2023-10-05T18:18:30Z,470.59911242603545,5947,154,295,137,9.46,13:15:00,2023-10-05T16:15:00Z,460.7
SpC_RA_dowstream_051023.xlsx,2023-10-05T15:18:40Z,2023-10-05T15:18:40Z,509,29.080000000000002,NA,NA,NA,NA,NA,NA,RA,downstream,2023-10-05,20835564,2023-10-05T18:18:40Z,470.59911242603545,5947,154,295,137,9.46,13:15:00,2023-10-05T16:15:00Z,460.7
SpC_RA_dowstream_051023.xlsx,2023-10-05T15:18:50Z,2023-10-05T15:18:50Z,508.70000000000005,29.080000000000002,NA,NA,NA,NA,NA,NA,RA,downstream,2023-10-05,20835564,2023-10-05T18:18:50Z,470.32174556213016,5947,154,295,137,9.46,13:15:00,2023-10-05T16:15:00Z,460.7
SpC_RA_dowstream_051023.xlsx,2023-10-05T15:19:00Z,2023-10-05T15:19:00Z,509,29.080000000000002,NA,NA,NA,NA,NA,NA,RA,downstream,2023-10-05,20835564,2023-10-05T18:19:00Z,470.59911242603545,5947,154,295,137,9.46,13:15:00,2023-10-05T16:15:00Z,460.7
SpC_RA_dowstream_051023.xlsx,2023-10-05T15:19:10Z,2023-10-05T15:19:10Z,509,29.080000000000002,NA,NA,NA,NA,NA,NA,RA,downstream,2023-10-05,20835564,2023-10-05T18:19:10Z,470.59911242603545,5947,154,295,137,9.46,13:15:00,2023-10-05T16:15:00Z,460.7
SpC_RA_dowstream_051023.xlsx,2023-10-05T15:19:20Z,2023-10-05T15:19:20Z,508.70000000000005,29.080000000000002,NA,NA,NA,NA,NA,NA,RA,downstream,2023-10-05,20835564,2023-10-05T18:19:20Z,470.32174556213016,5947,154,295,137,9.46,13:15:00,2023-10-05T16:15:00Z,460.7
SpC_RA_dowstream_051023.xlsx,2023-10-05T15:19:30Z,2023-10-05T15:19:30Z,509,29.080000000000002,NA,NA,NA,NA,NA,NA,RA,downstream,2023-10-05,20835564,2023-10-05T18:19:30Z,470.59911242603545,5947,154,295,137,9.46,13:15:00,2023-10-05T16:15:00Z,460.7
SpC_RA_dowstream_051023.xlsx,2023-10-05T15:19:40Z,2023-10-05T15:19:40Z,509,29.080000000000002,NA,NA,NA,NA,NA,NA,RA,downstream,2023-10-05,20835564,2023-10-05T18:19:40Z,470.59911242603545,5947,154,295,137,9.46,13:15:00,2023-10-05T16:15:00Z,460.7
SpC_RA_dowstream_051023.xlsx,2023-10-05T15:19:50Z,2023-10-05T15:19:50Z,509,29.1,NA,NA,NA,NA,NA,NA,RA,downstream,2023-10-05,20835564,2023-10-05T18:19:50Z,470.42513863216266,5947,154,295,137,9.46,13:15:00,2023-10-05T16:15:00Z,460.7
SpC_RA_dowstream_051023.xlsx,2023-10-05T15:20:00Z,2023-10-05T15:20:00Z,509,29.12,NA,NA,NA,NA,NA,NA,RA,downstream,2023-10-05,20835564,2023-10-05T18:20:00Z,470.2512934220251,5947,154,295,137,9.46,13:15:00,2023-10-05T16:15:00Z,460.7
SpC_RA_dowstream_051023.xlsx,2023-10-05T15:20:10Z,2023-10-05T15:20:10Z,509,29.13,NA,NA,NA,NA,NA,NA,RA,downstream,2023-10-05,20835564,2023-10-05T18:20:10Z,470.1644189913172,5947,154,295,137,9.46,13:15:00,2023-10-05T16:15:00Z,460.7
SpC_RA_dowstream_051023.xlsx,2023-10-05T15:20:20Z,2023-10-05T15:20:20Z,508.6,29.14,NA,NA,NA,NA,NA,NA,RA,downstream,2023-10-05,20835564,2023-10-05T18:20:20Z,469.7081640192095,5947,154,295,137,9.46,13:15:00,2023-10-05T16:15:00Z,460.7
SpC_RA_dowstream_051023.xlsx,2023-10-05T15:20:30Z,2023-10-05T15:20:30Z,508.6,29.17,NA,NA,NA,NA,NA,NA,RA,downstream,2023-10-05,20835564,2023-10-05T18:20:30Z,469.4480339671404,5947,154,295,137,9.46,13:15:00,2023-10-05T16:15:00Z,460.7
SpC_RA_dowstream_051023.xlsx,2023-10-05T15:20:40Z,2023-10-05T15:20:40Z,508.6,29.18,NA,NA,NA,NA,NA,NA,RA,downstream,2023-10-05,20835564,2023-10-05T18:20:40Z,469.3613879660392,5947,154,295,137,9.46,13:15:00,2023-10-05T16:15:00Z,460.7
SpC_RA_dowstream_051023.xlsx,2023-10-05T15:20:50Z,2023-10-05T15:20:50Z,508.6,29.2,NA,NA,NA,NA,NA,NA,RA,downstream,2023-10-05,20835564,2023-10-05T18:20:50Z,469.1881918819188,5947,154,295,137,9.46,13:15:00,2023-10-05T16:15:00Z,460.7
SpC_RA_dowstream_051023.xlsx,2023-10-05T15:21:00Z,2023-10-05T15:21:00Z,509,29.240000000000002,NA,NA,NA,NA,NA,NA,RA,downstream,2023-10-05,20835564,2023-10-05T18:21:00Z,469.2109144542773,5947,154,295,137,9.46,13:15:00,2023-10-05T16:15:00Z,460.7
SpC_RA_dowstream_051023.xlsx,2023-10-05T15:21:10Z,2023-10-05T15:21:10Z,508.6,29.26,NA,NA,NA,NA,NA,NA,RA,downstream,2023-10-05,20835564,2023-10-05T18:21:10Z,468.6693697014376,5947,154,295,137,9.46,13:15:00,2023-10-05T16:15:00Z,460.7
SpC_RA_dowstream_051023.xlsx,2023-10-05T15:21:20Z,2023-10-05T15:21:20Z,508.6,29.27,NA,NA,NA,NA,NA,NA,RA,downstream,2023-10-05,20835564,2023-10-05T18:21:20Z,468.58301087156815,5947,154,295,137,9.46,13:15:00,2023-10-05T16:15:00Z,460.7
SpC_RA_dowstream_051023.xlsx,2023-10-05T15:21:30Z,2023-10-05T15:21:30Z,508.5,29.3,NA,NA,NA,NA,NA,NA,RA,downstream,2023-10-05,20835564,2023-10-05T18:21:30Z,468.232044198895,5947,154,295,137,9.46,13:15:00,2023-10-05T16:15:00Z,460.7
SpC_RA_dowstream_051023.xlsx,2023-10-05T15:21:40Z,2023-10-05T15:21:40Z,508.5,29.3,NA,NA,NA,NA,NA,NA,RA,downstream,2023-10-05,20835564,2023-10-05T18:21:40Z,468.232044198895,5947,154,295,137,9.46,13:15:00,2023-10-05T16:15:00Z,460.7
SpC_RA_dowstream_051023.xlsx,2023-10-05T15:21:50Z,2023-10-05T15:21:50Z,508.5,29.310000000000002,NA,NA,NA,NA,NA,NA,RA,downstream,2023-10-05,20835564,2023-10-05T18:21:50Z,468.1458294973301,5947,154,295,137,9.46,13:15:00,2023-10-05T16:15:00Z,460.7
SpC_RA_dowstream_051023.xlsx,2023-10-05T15:22:00Z,2023-10-05T15:22:00Z,508.1,29.32,NA,NA,NA,NA,NA,NA,RA,downstream,2023-10-05,20835564,2023-10-05T18:22:00Z,467.69145802650957,5947,154,295,137,9.46,13:15:00,2023-10-05T16:15:00Z,460.7
SpC_RA_dowstream_051023.xlsx,2023-10-05T15:22:10Z,2023-10-05T15:22:10Z,508.20000000000005,29.310000000000002,NA,NA,NA,NA,NA,NA,RA,downstream,2023-10-05,20835564,2023-10-05T18:22:10Z,467.8696372675382,5947,154,295,137,9.46,13:15:00,2023-10-05T16:15:00Z,460.7
SpC_RA_dowstream_051023.xlsx,2023-10-05T15:22:20Z,2023-10-05T15:22:20Z,508.1,29.32,NA,NA,NA,NA,NA,NA,RA,downstream,2023-10-05,20835564,2023-10-05T18:22:20Z,467.69145802650957,5947,154,295,137,9.46,13:15:00,2023-10-05T16:15:00Z,460.7
SpC_RA_dowstream_051023.xlsx,2023-10-05T15:22:30Z,2023-10-05T15:22:30Z,507.8,29.310000000000002,NA,NA,NA,NA,NA,NA,RA,downstream,2023-10-05,20835564,2023-10-05T18:22:30Z,467.5013809611489,5947,154,295,137,9.46,13:15:00,2023-10-05T16:15:00Z,460.7
SpC_RA_dowstream_051023.xlsx,2023-10-05T15:22:40Z,2023-10-05T15:22:40Z,507.40000000000003,29.3,NA,NA,NA,NA,NA,NA,RA,downstream,2023-10-05,20835564,2023-10-05T18:22:40Z,467.21915285451195,5947,154,295,137,9.46,13:15:00,2023-10-05T16:15:00Z,460.7
SpC_RA_dowstream_051023.xlsx,2023-10-05T15:22:50Z,2023-10-05T15:22:50Z,507.40000000000003,29.310000000000002,NA,NA,NA,NA,NA,NA,RA,downstream,2023-10-05,20835564,2023-10-05T18:22:50Z,467.13312465475974,5947,154,295,137,9.46,13:15:00,2023-10-05T16:15:00Z,460.7
SpC_RA_dowstream_051023.xlsx,2023-10-05T15:23:00Z,2023-10-05T15:23:00Z,507,29.310000000000002,NA,NA,NA,NA,NA,NA,RA,downstream,2023-10-05,20835564,2023-10-05T18:23:00Z,466.76486834837044,5947,154,295,137,9.46,13:15:00,2023-10-05T16:15:00Z,460.7
SpC_RA_dowstream_051023.xlsx,2023-10-05T15:23:10Z,2023-10-05T15:23:10Z,507,29.32,NA,NA,NA,NA,NA,NA,RA,downstream,2023-10-05,20835564,2023-10-05T18:23:10Z,466.6789396170839,5947,154,295,137,9.46,13:15:00,2023-10-05T16:15:00Z,460.7
SpC_RA_dowstream_051023.xlsx,2023-10-05T15:23:20Z,2023-10-05T15:23:20Z,507,29.34,NA,NA,NA,NA,NA,NA,RA,downstream,2023-10-05,20835564,2023-10-05T18:23:20Z,466.50717703349284,5947,154,295,137,9.46,13:15:00,2023-10-05T16:15:00Z,460.7
SpC_RA_dowstream_051023.xlsx,2023-10-05T15:23:30Z,2023-10-05T15:23:30Z,507,29.32,NA,NA,NA,NA,NA,NA,RA,downstream,2023-10-05,20835564,2023-10-05T18:23:30Z,466.6789396170839,5947,154,295,137,9.46,13:15:00,2023-10-05T16:15:00Z,460.7
SpC_RA_dowstream_051023.xlsx,2023-10-05T15:23:40Z,2023-10-05T15:23:40Z,506.6,29.310000000000002,NA,NA,NA,NA,NA,NA,RA,downstream,2023-10-05,20835564,2023-10-05T18:23:40Z,466.3966120419812,5947,154,295,137,9.46,13:15:00,2023-10-05T16:15:00Z,460.7
SpC_RA_dowstream_051023.xlsx,2023-10-05T15:23:50Z,2023-10-05T15:23:50Z,506.3,29.27,NA,NA,NA,NA,NA,NA,RA,downstream,2023-10-05,20835564,2023-10-05T18:23:50Z,466.4639764142252,5947,154,295,137,9.46,13:15:00,2023-10-05T16:15:00Z,460.7
SpC_RA_dowstream_051023.xlsx,2023-10-05T15:24:00Z,2023-10-05T15:24:00Z,506.3,29.240000000000002,NA,NA,NA,NA,NA,NA,RA,downstream,2023-10-05,20835564,2023-10-05T18:24:00Z,466.72197640118,5947,154,295,137,9.46,13:15:00,2023-10-05T16:15:00Z,460.7
SpC_RA_dowstream_051023.xlsx,2023-10-05T15:24:10Z,2023-10-05T15:24:10Z,505.90000000000003,29.23,NA,NA,NA,NA,NA,NA,RA,downstream,2023-10-05,20835564,2023-10-05T18:24:10Z,466.4392402729117,5947,154,295,137,9.46,13:15:00,2023-10-05T16:15:00Z,460.7
SpC_RA_dowstream_051023.xlsx,2023-10-05T15:24:20Z,2023-10-05T15:24:20Z,505.90000000000003,29.25,NA,NA,NA,NA,NA,NA,RA,downstream,2023-10-05,20835564,2023-10-05T18:24:20Z,466.26728110599083,5947,154,295,137,9.46,13:15:00,2023-10-05T16:15:00Z,460.7
SpC_RA_dowstream_051023.xlsx,2023-10-05T15:24:30Z,2023-10-05T15:24:30Z,505.90000000000003,29.240000000000002,NA,NA,NA,NA,NA,NA,RA,downstream,2023-10-05,20835564,2023-10-05T18:24:30Z,466.35324483775815,5947,154,295,137,9.46,13:15:00,2023-10-05T16:15:00Z,460.7
SpC_RA_dowstream_051023.xlsx,2023-10-05T15:24:40Z,2023-10-05T15:24:40Z,505.6,29.2,NA,NA,NA,NA,NA,NA,RA,downstream,2023-10-05,20835564,2023-10-05T18:24:40Z,466.4206642066421,5947,154,295,137,9.46,13:15:00,2023-10-05T16:15:00Z,460.7
SpC_RA_dowstream_051023.xlsx,2023-10-05T15:24:50Z,2023-10-05T15:24:50Z,505.90000000000003,29.19,NA,NA,NA,NA,NA,NA,RA,downstream,2023-10-05,20835564,2023-10-05T18:24:50Z,466.783539398413,5947,154,295,137,9.46,13:15:00,2023-10-05T16:15:00Z,460.7
SpC_RA_dowstream_051023.xlsx,2023-10-05T15:25:00Z,2023-10-05T15:25:00Z,506,29.17,NA,NA,NA,NA,NA,NA,RA,downstream,2023-10-05,20835564,2023-10-05T18:25:00Z,467.04818165035994,5947,154,295,137,9.46,13:15:00,2023-10-05T16:15:00Z,460.7
SpC_RA_dowstream_051023.xlsx,2023-10-05T15:25:10Z,2023-10-05T15:25:10Z,506,29.17,NA,NA,NA,NA,NA,NA,RA,downstream,2023-10-05,20835564,2023-10-05T18:25:10Z,467.04818165035994,5947,154,295,137,9.46,13:15:00,2023-10-05T16:15:00Z,460.7
SpC_RA_dowstream_051023.xlsx,2023-10-05T15:25:20Z,2023-10-05T15:25:20Z,506,29.150000000000002,NA,NA,NA,NA,NA,NA,RA,downstream,2023-10-05,20835564,2023-10-05T18:25:20Z,467.2206832871653,5947,154,295,137,9.46,13:15:00,2023-10-05T16:15:00Z,460.7
SpC_RA_dowstream_051023.xlsx,2023-10-05T15:25:30Z,2023-10-05T15:25:30Z,506,29.14,NA,NA,NA,NA,NA,NA,RA,downstream,2023-10-05,20835564,2023-10-05T18:25:30Z,467.3069818987809,5947,154,295,137,9.46,13:15:00,2023-10-05T16:15:00Z,460.7
SpC_RA_dowstream_051023.xlsx,2023-10-05T15:25:40Z,2023-10-05T15:25:40Z,506,29.14,NA,NA,NA,NA,NA,NA,RA,downstream,2023-10-05,20835564,2023-10-05T18:25:40Z,467.3069818987809,5947,154,295,137,9.46,13:15:00,2023-10-05T16:15:00Z,460.7
SpC_RA_dowstream_051023.xlsx,2023-10-05T15:25:50Z,2023-10-05T15:25:50Z,506.3,29.14,NA,NA,NA,NA,NA,NA,RA,downstream,2023-10-05,20835564,2023-10-05T18:25:50Z,467.584041374215,5947,154,295,137,9.46,13:15:00,2023-10-05T16:15:00Z,460.7
SpC_RA_dowstream_051023.xlsx,2023-10-05T15:26:00Z,2023-10-05T15:26:00Z,506.3,29.14,NA,NA,NA,NA,NA,NA,RA,downstream,2023-10-05,20835564,2023-10-05T18:26:00Z,467.584041374215,5947,154,295,137,9.46,13:15:00,2023-10-05T16:15:00Z,460.7
SpC_RA_dowstream_051023.xlsx,2023-10-05T15:26:10Z,2023-10-05T15:26:10Z,506.3,29.14,NA,NA,NA,NA,NA,NA,RA,downstream,2023-10-05,20835564,2023-10-05T18:26:10Z,467.584041374215,5947,154,295,137,9.46,13:15:00,2023-10-05T16:15:00Z,460.7
SpC_RA_dowstream_051023.xlsx,2023-10-05T15:26:20Z,2023-10-05T15:26:20Z,506.40000000000003,29.13,NA,NA,NA,NA,NA,NA,RA,downstream,2023-10-05,20835564,2023-10-05T18:26:20Z,467.762793275448,5947,154,295,137,9.46,13:15:00,2023-10-05T16:15:00Z,460.7
SpC_RA_dowstream_051023.xlsx,2023-10-05T15:26:30Z,2023-10-05T15:26:30Z,506.40000000000003,29.13,NA,NA,NA,NA,NA,NA,RA,downstream,2023-10-05,20835564,2023-10-05T18:26:30Z,467.762793275448,5947,154,295,137,9.46,13:15:00,2023-10-05T16:15:00Z,460.7
SpC_RA_dowstream_051023.xlsx,2023-10-05T15:26:40Z,2023-10-05T15:26:40Z,506.70000000000005,29.13,NA,NA,NA,NA,NA,NA,RA,downstream,2023-10-05,20835564,2023-10-05T18:26:40Z,468.0399039349714,5947,154,295,137,9.46,13:15:00,2023-10-05T16:15:00Z,460.7
SpC_RA_dowstream_051023.xlsx,2023-10-05T15:26:50Z,2023-10-05T15:26:50Z,506.40000000000003,29.13,NA,NA,NA,NA,NA,NA,RA,downstream,2023-10-05,20835564,2023-10-05T18:26:50Z,467.762793275448,5947,154,295,137,9.46,13:15:00,2023-10-05T16:15:00Z,460.7
SpC_RA_dowstream_051023.xlsx,2023-10-05T15:27:00Z,2023-10-05T15:27:00Z,506.70000000000005,29.17,NA,NA,NA,NA,NA,NA,RA,downstream,2023-10-05,20835564,2023-10-05T18:27:00Z,467.694295735647,5947,154,295,137,9.46,13:15:00,2023-10-05T16:15:00Z,460.7
SpC_RA_dowstream_051023.xlsx,2023-10-05T15:27:10Z,2023-10-05T15:27:10Z,507.1,29.2,NA,NA,NA,NA,NA,NA,RA,downstream,2023-10-05,20835564,2023-10-05T18:27:10Z,467.8044280442804,5947,154,295,137,9.46,13:15:00,2023-10-05T16:15:00Z,460.7
SpC_RA_dowstream_051023.xlsx,2023-10-05T15:27:20Z,2023-10-05T15:27:20Z,507.1,29.23,NA,NA,NA,NA,NA,NA,RA,downstream,2023-10-05,20835564,2023-10-05T18:27:20Z,467.5456389452333,5947,154,295,137,9.46,13:15:00,2023-10-05T16:15:00Z,460.7
SpC_RA_dowstream_051023.xlsx,2023-10-05T15:27:30Z,2023-10-05T15:27:30Z,507.1,29.240000000000002,NA,NA,NA,NA,NA,NA,RA,downstream,2023-10-05,20835564,2023-10-05T18:27:30Z,467.4594395280236,5947,154,295,137,9.46,13:15:00,2023-10-05T16:15:00Z,460.7
SpC_RA_dowstream_051023.xlsx,2023-10-05T15:27:40Z,2023-10-05T15:27:40Z,506.70000000000005,29.23,NA,NA,NA,NA,NA,NA,RA,downstream,2023-10-05,20835564,2023-10-05T18:27:40Z,467.17683938779277,5947,154,295,137,9.46,13:15:00,2023-10-05T16:15:00Z,460.7
SpC_RA_dowstream_051023.xlsx,2023-10-05T15:27:50Z,2023-10-05T15:27:50Z,506.3,29.19,NA,NA,NA,NA,NA,NA,RA,downstream,2023-10-05,20835564,2023-10-05T18:27:50Z,467.15261118287503,5947,154,295,137,9.46,13:15:00,2023-10-05T16:15:00Z,460.7
SpC_RA_dowstream_051023.xlsx,2023-10-05T15:28:00Z,2023-10-05T15:28:00Z,506.3,29.17,NA,NA,NA,NA,NA,NA,RA,downstream,2023-10-05,20835564,2023-10-05T18:28:00Z,467.3250876869115,5947,154,295,137,9.46,13:15:00,2023-10-05T16:15:00Z,460.7
SpC_RA_dowstream_051023.xlsx,2023-10-05T15:28:10Z,2023-10-05T15:28:10Z,506.3,29.150000000000002,NA,NA,NA,NA,NA,NA,RA,downstream,2023-10-05,20835564,2023-10-05T18:28:10Z,467.49769159741464,5947,154,295,137,9.46,13:15:00,2023-10-05T16:15:00Z,460.7
SpC_RA_dowstream_051023.xlsx,2023-10-05T15:28:20Z,2023-10-05T15:28:20Z,506.3,29.14,NA,NA,NA,NA,NA,NA,RA,downstream,2023-10-05,20835564,2023-10-05T18:28:20Z,467.584041374215,5947,154,295,137,9.46,13:15:00,2023-10-05T16:15:00Z,460.7
SpC_RA_dowstream_051023.xlsx,2023-10-05T15:28:30Z,2023-10-05T15:28:30Z,506.3,29.14,NA,NA,NA,NA,NA,NA,RA,downstream,2023-10-05,20835564,2023-10-05T18:28:30Z,467.584041374215,5947,154,295,137,9.46,13:15:00,2023-10-05T16:15:00Z,460.7
SpC_RA_dowstream_051023.xlsx,2023-10-05T15:28:40Z,2023-10-05T15:28:40Z,506.70000000000005,29.13,NA,NA,NA,NA,NA,NA,RA,downstream,2023-10-05,20835564,2023-10-05T18:28:40Z,468.0399039349714,5947,154,295,137,9.46,13:15:00,2023-10-05T16:15:00Z,460.7
SpC_RA_dowstream_051023.xlsx,2023-10-05T15:28:50Z,2023-10-05T15:28:50Z,506.3,29.14,NA,NA,NA,NA,NA,NA,RA,downstream,2023-10-05,20835564,2023-10-05T18:28:50Z,467.584041374215,5947,154,295,137,9.46,13:15:00,2023-10-05T16:15:00Z,460.7
SpC_RA_dowstream_051023.xlsx,2023-10-05T15:29:00Z,2023-10-05T15:29:00Z,506,29.13,NA,NA,NA,NA,NA,NA,RA,downstream,2023-10-05,20835564,2023-10-05T18:29:00Z,467.3933123960835,5947,154,295,137,9.46,13:15:00,2023-10-05T16:15:00Z,460.7
SpC_RA_dowstream_051023.xlsx,2023-10-05T15:29:10Z,2023-10-05T15:29:10Z,506.40000000000003,29.13,NA,NA,NA,NA,NA,NA,RA,downstream,2023-10-05,20835564,2023-10-05T18:29:10Z,467.762793275448,5947,154,295,137,9.46,13:15:00,2023-10-05T16:15:00Z,460.7
SpC_RA_dowstream_051023.xlsx,2023-10-05T15:29:20Z,2023-10-05T15:29:20Z,506,29.12,NA,NA,NA,NA,NA,NA,RA,downstream,2023-10-05,20835564,2023-10-05T18:29:20Z,467.47967479674793,5947,154,295,137,9.46,13:15:00,2023-10-05T16:15:00Z,460.7
SpC_RA_dowstream_051023.xlsx,2023-10-05T15:29:30Z,2023-10-05T15:29:30Z,506.40000000000003,29.12,NA,NA,NA,NA,NA,NA,RA,downstream,2023-10-05,20835564,2023-10-05T18:29:30Z,467.84922394678495,5947,154,295,137,9.46,13:15:00,2023-10-05T16:15:00Z,460.7
SpC_RA_dowstream_051023.xlsx,2023-10-05T15:29:40Z,2023-10-05T15:29:40Z,506.40000000000003,29.12,NA,NA,NA,NA,NA,NA,RA,downstream,2023-10-05,20835564,2023-10-05T18:29:40Z,467.84922394678495,5947,154,295,137,9.46,13:15:00,2023-10-05T16:15:00Z,460.7
SpC_RA_dowstream_051023.xlsx,2023-10-05T15:29:50Z,2023-10-05T15:29:50Z,506.40000000000003,29.12,NA,NA,NA,NA,NA,NA,RA,downstream,2023-10-05,20835564,2023-10-05T18:29:50Z,467.84922394678495,5947,154,295,137,9.46,13:15:00,2023-10-05T16:15:00Z,460.7
SpC_RA_dowstream_051023.xlsx,2023-10-05T15:30:00Z,2023-10-05T15:30:00Z,506.70000000000005,29.12,NA,NA,NA,NA,NA,NA,RA,downstream,2023-10-05,20835564,2023-10-05T18:30:00Z,468.1263858093127,5947,154,295,137,9.46,13:15:00,2023-10-05T16:15:00Z,460.7
SpC_RA_dowstream_051023.xlsx,2023-10-05T15:30:10Z,2023-10-05T15:30:10Z,506.70000000000005,29.12,NA,NA,NA,NA,NA,NA,RA,downstream,2023-10-05,20835564,2023-10-05T18:30:10Z,468.1263858093127,5947,154,295,137,9.46,13:15:00,2023-10-05T16:15:00Z,460.7
SpC_RA_dowstream_051023.xlsx,2023-10-05T15:30:20Z,2023-10-05T15:30:20Z,506.40000000000003,29.12,NA,NA,NA,NA,NA,NA,RA,downstream,2023-10-05,20835564,2023-10-05T18:30:20Z,467.84922394678495,5947,154,295,137,9.46,13:15:00,2023-10-05T16:15:00Z,460.7
SpC_RA_dowstream_051023.xlsx,2023-10-05T15:30:30Z,2023-10-05T15:30:30Z,506.70000000000005,29.13,NA,NA,NA,NA,NA,NA,RA,downstream,2023-10-05,20835564,2023-10-05T18:30:30Z,468.0399039349714,5947,154,295,137,9.46,13:15:00,2023-10-05T16:15:00Z,460.7
SpC_RA_dowstream_051023.xlsx,2023-10-05T15:30:40Z,2023-10-05T15:30:40Z,506.70000000000005,29.13,NA,NA,NA,NA,NA,NA,RA,downstream,2023-10-05,20835564,2023-10-05T18:30:40Z,468.0399039349714,5947,154,295,137,9.46,13:15:00,2023-10-05T16:15:00Z,460.7
SpC_RA_dowstream_051023.xlsx,2023-10-05T15:30:50Z,2023-10-05T15:30:50Z,506.70000000000005,29.13,NA,NA,NA,NA,NA,NA,RA,downstream,2023-10-05,20835564,2023-10-05T18:30:50Z,468.0399039349714,5947,154,295,137,9.46,13:15:00,2023-10-05T16:15:00Z,460.7
SpC_RA_dowstream_051023.xlsx,2023-10-05T15:31:00Z,2023-10-05T15:31:00Z,506.70000000000005,29.12,NA,NA,NA,NA,NA,NA,RA,downstream,2023-10-05,20835564,2023-10-05T18:31:00Z,468.1263858093127,5947,154,295,137,9.46,13:15:00,2023-10-05T16:15:00Z,460.7
SpC_RA_dowstream_051023.xlsx,2023-10-05T15:31:10Z,2023-10-05T15:31:10Z,506.70000000000005,29.12,NA,NA,NA,NA,NA,NA,RA,downstream,2023-10-05,20835564,2023-10-05T18:31:10Z,468.1263858093127,5947,154,295,137,9.46,13:15:00,2023-10-05T16:15:00Z,460.7
SpC_RA_dowstream_051023.xlsx,2023-10-05T15:31:20Z,2023-10-05T15:31:20Z,506.70000000000005,29.12,NA,NA,NA,NA,NA,NA,RA,downstream,2023-10-05,20835564,2023-10-05T18:31:20Z,468.1263858093127,5947,154,295,137,9.46,13:15:00,2023-10-05T16:15:00Z,460.7
SpC_RA_dowstream_051023.xlsx,2023-10-05T15:31:30Z,2023-10-05T15:31:30Z,506.70000000000005,29.12,NA,NA,NA,NA,NA,NA,RA,downstream,2023-10-05,20835564,2023-10-05T18:31:30Z,468.1263858093127,5947,154,295,137,9.46,13:15:00,2023-10-05T16:15:00Z,460.7
SpC_RA_dowstream_051023.xlsx,2023-10-05T15:31:40Z,2023-10-05T15:31:40Z,506.70000000000005,29.12,NA,NA,NA,NA,NA,NA,RA,downstream,2023-10-05,20835564,2023-10-05T18:31:40Z,468.1263858093127,5947,154,295,137,9.46,13:15:00,2023-10-05T16:15:00Z,460.7
SpC_RA_dowstream_051023.xlsx,2023-10-05T15:31:50Z,2023-10-05T15:31:50Z,506.70000000000005,29.12,NA,NA,NA,NA,NA,NA,RA,downstream,2023-10-05,20835564,2023-10-05T18:31:50Z,468.1263858093127,5947,154,295,137,9.46,13:15:00,2023-10-05T16:15:00Z,460.7
SpC_RA_dowstream_051023.xlsx,2023-10-05T15:32:00Z,2023-10-05T15:32:00Z,506.70000000000005,29.12,NA,NA,NA,NA,NA,NA,RA,downstream,2023-10-05,20835564,2023-10-05T18:32:00Z,468.1263858093127,5947,154,295,137,9.46,13:15:00,2023-10-05T16:15:00Z,460.7
SpC_RA_dowstream_051023.xlsx,2023-10-05T15:32:10Z,2023-10-05T15:32:10Z,506.70000000000005,29.12,NA,NA,NA,NA,NA,NA,RA,downstream,2023-10-05,20835564,2023-10-05T18:32:10Z,468.1263858093127,5947,154,295,137,9.46,13:15:00,2023-10-05T16:15:00Z,460.7
SpC_RA_dowstream_051023.xlsx,2023-10-05T15:32:20Z,2023-10-05T15:32:20Z,506.70000000000005,29.1,NA,NA,NA,NA,NA,NA,RA,downstream,2023-10-05,20835564,2023-10-05T18:32:20Z,468.2994454713494,5947,154,295,137,9.46,13:15:00,2023-10-05T16:15:00Z,460.7
SpC_RA_dowstream_051023.xlsx,2023-10-05T15:32:30Z,2023-10-05T15:32:30Z,506.70000000000005,29.1,NA,NA,NA,NA,NA,NA,RA,downstream,2023-10-05,20835564,2023-10-05T18:32:30Z,468.2994454713494,5947,154,295,137,9.46,13:15:00,2023-10-05T16:15:00Z,460.7
SpC_RA_dowstream_051023.xlsx,2023-10-05T15:32:40Z,2023-10-05T15:32:40Z,506.70000000000005,29.12,NA,NA,NA,NA,NA,NA,RA,downstream,2023-10-05,20835564,2023-10-05T18:32:40Z,468.1263858093127,5947,154,295,137,9.46,13:15:00,2023-10-05T16:15:00Z,460.7
SpC_RA_dowstream_051023.xlsx,2023-10-05T15:32:50Z,2023-10-05T15:32:50Z,507.1,29.12,NA,NA,NA,NA,NA,NA,RA,downstream,2023-10-05,20835564,2023-10-05T18:32:50Z,468.4959349593496,5947,154,295,137,9.46,13:15:00,2023-10-05T16:15:00Z,460.7
SpC_RA_dowstream_051023.xlsx,2023-10-05T15:33:00Z,2023-10-05T15:33:00Z,506.70000000000005,29.12,NA,NA,NA,NA,NA,NA,RA,downstream,2023-10-05,20835564,2023-10-05T18:33:00Z,468.1263858093127,5947,154,295,137,9.46,13:15:00,2023-10-05T16:15:00Z,460.7
SpC_RA_dowstream_051023.xlsx,2023-10-05T15:33:10Z,2023-10-05T15:33:10Z,507.1,29.1,NA,NA,NA,NA,NA,NA,RA,downstream,2023-10-05,20835564,2023-10-05T18:33:10Z,468.66913123844733,5947,154,295,137,9.46,13:15:00,2023-10-05T16:15:00Z,460.7
SpC_RA_dowstream_051023.xlsx,2023-10-05T15:33:20Z,2023-10-05T15:33:20Z,506.70000000000005,29.12,NA,NA,NA,NA,NA,NA,RA,downstream,2023-10-05,20835564,2023-10-05T18:33:20Z,468.1263858093127,5947,154,295,137,9.46,13:15:00,2023-10-05T16:15:00Z,460.7
SpC_RA_dowstream_051023.xlsx,2023-10-05T15:33:30Z,2023-10-05T15:33:30Z,506.70000000000005,29.1,NA,NA,NA,NA,NA,NA,RA,downstream,2023-10-05,20835564,2023-10-05T18:33:30Z,468.2994454713494,5947,154,295,137,9.46,13:15:00,2023-10-05T16:15:00Z,460.7
SpC_RA_dowstream_051023.xlsx,2023-10-05T15:33:40Z,2023-10-05T15:33:40Z,506.70000000000005,29.1,NA,NA,NA,NA,NA,NA,RA,downstream,2023-10-05,20835564,2023-10-05T18:33:40Z,468.2994454713494,5947,154,295,137,9.46,13:15:00,2023-10-05T16:15:00Z,460.7
SpC_RA_dowstream_051023.xlsx,2023-10-05T15:33:50Z,2023-10-05T15:33:50Z,506.70000000000005,29.1,NA,NA,NA,NA,NA,NA,RA,downstream,2023-10-05,20835564,2023-10-05T18:33:50Z,468.2994454713494,5947,154,295,137,9.46,13:15:00,2023-10-05T16:15:00Z,460.7
SpC_RA_dowstream_051023.xlsx,2023-10-05T15:34:00Z,2023-10-05T15:34:00Z,506.70000000000005,29.1,NA,NA,NA,NA,NA,NA,RA,downstream,2023-10-05,20835564,2023-10-05T18:34:00Z,468.2994454713494,5947,154,295,137,9.46,13:15:00,2023-10-05T16:15:00Z,460.7
SpC_RA_dowstream_051023.xlsx,2023-10-05T15:34:10Z,2023-10-05T15:34:10Z,507.1,29.1,NA,NA,NA,NA,NA,NA,RA,downstream,2023-10-05,20835564,2023-10-05T18:34:10Z,468.66913123844733,5947,154,295,137,9.46,13:15:00,2023-10-05T16:15:00Z,460.7
SpC_RA_dowstream_051023.xlsx,2023-10-05T15:34:20Z,2023-10-05T15:34:20Z,507.1,29.12,NA,NA,NA,NA,NA,NA,RA,downstream,2023-10-05,20835564,2023-10-05T18:34:20Z,468.4959349593496,5947,154,295,137,9.46,13:15:00,2023-10-05T16:15:00Z,460.7
SpC_RA_dowstream_051023.xlsx,2023-10-05T15:34:30Z,2023-10-05T15:34:30Z,507.1,29.12,NA,NA,NA,NA,NA,NA,RA,downstream,2023-10-05,20835564,2023-10-05T18:34:30Z,468.4959349593496,5947,154,295,137,9.46,13:15:00,2023-10-05T16:15:00Z,460.7
SpC_RA_dowstream_051023.xlsx,2023-10-05T15:34:40Z,2023-10-05T15:34:40Z,506.70000000000005,29.12,NA,NA,NA,NA,NA,NA,RA,downstream,2023-10-05,20835564,2023-10-05T18:34:40Z,468.1263858093127,5947,154,295,137,9.46,13:15:00,2023-10-05T16:15:00Z,460.7
SpC_RA_dowstream_051023.xlsx,2023-10-05T15:34:50Z,2023-10-05T15:34:50Z,506.70000000000005,29.12,NA,NA,NA,NA,NA,NA,RA,downstream,2023-10-05,20835564,2023-10-05T18:34:50Z,468.1263858093127,5947,154,295,137,9.46,13:15:00,2023-10-05T16:15:00Z,460.7
SpC_RA_dowstream_051023.xlsx,2023-10-05T15:35:00Z,2023-10-05T15:35:00Z,506.70000000000005,29.1,NA,NA,NA,NA,NA,NA,RA,downstream,2023-10-05,20835564,2023-10-05T18:35:00Z,468.2994454713494,5947,154,295,137,9.46,13:15:00,2023-10-05T16:15:00Z,460.7
SpC_RA_dowstream_051023.xlsx,2023-10-05T15:35:10Z,2023-10-05T15:35:10Z,506.70000000000005,29.12,NA,NA,NA,NA,NA,NA,RA,downstream,2023-10-05,20835564,2023-10-05T18:35:10Z,468.1263858093127,5947,154,295,137,9.46,13:15:00,2023-10-05T16:15:00Z,460.7
SpC_RA_dowstream_051023.xlsx,2023-10-05T15:35:20Z,2023-10-05T15:35:20Z,506.70000000000005,29.12,NA,NA,NA,NA,NA,NA,RA,downstream,2023-10-05,20835564,2023-10-05T18:35:20Z,468.1263858093127,5947,154,295,137,9.46,13:15:00,2023-10-05T16:15:00Z,460.7
SpC_RA_dowstream_051023.xlsx,2023-10-05T15:35:30Z,2023-10-05T15:35:30Z,506.70000000000005,29.12,NA,NA,NA,NA,NA,NA,RA,downstream,2023-10-05,20835564,2023-10-05T18:35:30Z,468.1263858093127,5947,154,295,137,9.46,13:15:00,2023-10-05T16:15:00Z,460.7
SpC_RA_dowstream_051023.xlsx,2023-10-05T15:35:40Z,2023-10-05T15:35:40Z,507.1,29.12,NA,NA,NA,NA,NA,NA,RA,downstream,2023-10-05,20835564,2023-10-05T18:35:40Z,468.4959349593496,5947,154,295,137,9.46,13:15:00,2023-10-05T16:15:00Z,460.7
SpC_RA_dowstream_051023.xlsx,2023-10-05T15:35:50Z,2023-10-05T15:35:50Z,506.70000000000005,29.12,NA,NA,NA,NA,NA,NA,RA,downstream,2023-10-05,20835564,2023-10-05T18:35:50Z,468.1263858093127,5947,154,295,137,9.46,13:15:00,2023-10-05T16:15:00Z,460.7
SpC_RA_dowstream_051023.xlsx,2023-10-05T15:36:00Z,2023-10-05T15:36:00Z,506.70000000000005,29.1,NA,NA,NA,NA,NA,NA,RA,downstream,2023-10-05,20835564,2023-10-05T18:36:00Z,468.2994454713494,5947,154,295,137,9.46,13:15:00,2023-10-05T16:15:00Z,460.7
SpC_RA_dowstream_051023.xlsx,2023-10-05T15:36:10Z,2023-10-05T15:36:10Z,506.70000000000005,29.1,NA,NA,NA,NA,NA,NA,RA,downstream,2023-10-05,20835564,2023-10-05T18:36:10Z,468.2994454713494,5947,154,295,137,9.46,13:15:00,2023-10-05T16:15:00Z,460.7
SpC_RA_dowstream_051023.xlsx,2023-10-05T15:36:20Z,2023-10-05T15:36:20Z,506.70000000000005,29.12,NA,NA,NA,NA,NA,NA,RA,downstream,2023-10-05,20835564,2023-10-05T18:36:20Z,468.1263858093127,5947,154,295,137,9.46,13:15:00,2023-10-05T16:15:00Z,460.7
SpC_RA_dowstream_051023.xlsx,2023-10-05T15:36:30Z,2023-10-05T15:36:30Z,506.70000000000005,29.12,NA,NA,NA,NA,NA,NA,RA,downstream,2023-10-05,20835564,2023-10-05T18:36:30Z,468.1263858093127,5947,154,295,137,9.46,13:15:00,2023-10-05T16:15:00Z,460.7
SpC_RA_dowstream_051023.xlsx,2023-10-05T15:36:40Z,2023-10-05T15:36:40Z,506.70000000000005,29.12,NA,NA,NA,NA,NA,NA,RA,downstream,2023-10-05,20835564,2023-10-05T18:36:40Z,468.1263858093127,5947,154,295,137,9.46,13:15:00,2023-10-05T16:15:00Z,460.7
SpC_RA_dowstream_051023.xlsx,2023-10-05T15:36:50Z,2023-10-05T15:36:50Z,506.70000000000005,29.12,NA,NA,NA,NA,NA,NA,RA,downstream,2023-10-05,20835564,2023-10-05T18:36:50Z,468.1263858093127,5947,154,295,137,9.46,13:15:00,2023-10-05T16:15:00Z,460.7
SpC_RA_dowstream_051023.xlsx,2023-10-05T15:37:00Z,2023-10-05T15:37:00Z,506.70000000000005,29.12,NA,NA,NA,NA,NA,NA,RA,downstream,2023-10-05,20835564,2023-10-05T18:37:00Z,468.1263858093127,5947,154,295,137,9.46,13:15:00,2023-10-05T16:15:00Z,460.7
SpC_RA_dowstream_051023.xlsx,2023-10-05T15:37:10Z,2023-10-05T15:37:10Z,506.70000000000005,29.1,NA,NA,NA,NA,NA,NA,RA,downstream,2023-10-05,20835564,2023-10-05T18:37:10Z,468.2994454713494,5947,154,295,137,9.46,13:15:00,2023-10-05T16:15:00Z,460.7
SpC_RA_dowstream_051023.xlsx,2023-10-05T15:37:20Z,2023-10-05T15:37:20Z,506.70000000000005,29.1,NA,NA,NA,NA,NA,NA,RA,downstream,2023-10-05,20835564,2023-10-05T18:37:20Z,468.2994454713494,5947,154,295,137,9.46,13:15:00,2023-10-05T16:15:00Z,460.7
SpC_RA_dowstream_051023.xlsx,2023-10-05T15:37:30Z,2023-10-05T15:37:30Z,506.40000000000003,29.12,NA,NA,NA,NA,NA,NA,RA,downstream,2023-10-05,20835564,2023-10-05T18:37:30Z,467.84922394678495,5947,154,295,137,9.46,13:15:00,2023-10-05T16:15:00Z,460.7
SpC_RA_dowstream_051023.xlsx,2023-10-05T15:37:40Z,2023-10-05T15:37:40Z,506.70000000000005,29.12,NA,NA,NA,NA,NA,NA,RA,downstream,2023-10-05,20835564,2023-10-05T18:37:40Z,468.1263858093127,5947,154,295,137,9.46,13:15:00,2023-10-05T16:15:00Z,460.7
SpC_RA_dowstream_051023.xlsx,2023-10-05T15:37:50Z,2023-10-05T15:37:50Z,506.70000000000005,29.12,NA,NA,NA,NA,NA,NA,RA,downstream,2023-10-05,20835564,2023-10-05T18:37:50Z,468.1263858093127,5947,154,295,137,9.46,13:15:00,2023-10-05T16:15:00Z,460.7
SpC_RA_dowstream_051023.xlsx,2023-10-05T15:38:00Z,2023-10-05T15:38:00Z,506.70000000000005,29.12,NA,NA,NA,NA,NA,NA,RA,downstream,2023-10-05,20835564,2023-10-05T18:38:00Z,468.1263858093127,5947,154,295,137,9.46,13:15:00,2023-10-05T16:15:00Z,460.7
SpC_RA_dowstream_051023.xlsx,2023-10-05T15:38:10Z,2023-10-05T15:38:10Z,506.40000000000003,29.1,NA,NA,NA,NA,NA,NA,RA,downstream,2023-10-05,20835564,2023-10-05T18:38:10Z,468.0221811460259,5947,154,295,137,9.46,13:15:00,2023-10-05T16:15:00Z,460.7
SpC_RA_dowstream_051023.xlsx,2023-10-05T15:38:20Z,2023-10-05T15:38:20Z,506.40000000000003,29.1,NA,NA,NA,NA,NA,NA,RA,downstream,2023-10-05,20835564,2023-10-05T18:38:20Z,468.0221811460259,5947,154,295,137,9.46,13:15:00,2023-10-05T16:15:00Z,460.7
SpC_RA_dowstream_051023.xlsx,2023-10-05T15:38:30Z,2023-10-05T15:38:30Z,506.40000000000003,29.1,NA,NA,NA,NA,NA,NA,RA,downstream,2023-10-05,20835564,2023-10-05T18:38:30Z,468.0221811460259,5947,154,295,137,9.46,13:15:00,2023-10-05T16:15:00Z,460.7
SpC_RA_dowstream_051023.xlsx,2023-10-05T15:38:40Z,2023-10-05T15:38:40Z,506.40000000000003,29.12,NA,NA,NA,NA,NA,NA,RA,downstream,2023-10-05,20835564,2023-10-05T18:38:40Z,467.84922394678495,5947,154,295,137,9.46,13:15:00,2023-10-05T16:15:00Z,460.7
SpC_RA_dowstream_051023.xlsx,2023-10-05T15:38:50Z,2023-10-05T15:38:50Z,506,29.09,NA,NA,NA,NA,NA,NA,RA,downstream,2023-10-05,20835564,2023-10-05T18:38:50Z,467.73895359585873,5947,154,295,137,9.46,13:15:00,2023-10-05T16:15:00Z,460.7
SpC_RA_dowstream_051023.xlsx,2023-10-05T15:39:00Z,2023-10-05T15:39:00Z,506,29.080000000000002,NA,NA,NA,NA,NA,NA,RA,downstream,2023-10-05,20835564,2023-10-05T18:39:00Z,467.8254437869822,5947,154,295,137,9.46,13:15:00,2023-10-05T16:15:00Z,460.7
SpC_RA_dowstream_051023.xlsx,2023-10-05T15:39:10Z,2023-10-05T15:39:10Z,505.6,29.09,NA,NA,NA,NA,NA,NA,RA,downstream,2023-10-05,20835564,2023-10-05T18:39:10Z,467.36919948234424,5947,154,295,137,9.46,13:15:00,2023-10-05T16:15:00Z,460.7
SpC_RA_dowstream_051023.xlsx,2023-10-05T15:39:20Z,2023-10-05T15:39:20Z,506,29.080000000000002,NA,NA,NA,NA,NA,NA,RA,downstream,2023-10-05,20835564,2023-10-05T18:39:20Z,467.8254437869822,5947,154,295,137,9.46,13:15:00,2023-10-05T16:15:00Z,460.7
SpC_RA_dowstream_051023.xlsx,2023-10-05T15:39:30Z,2023-10-05T15:39:30Z,506,29.080000000000002,NA,NA,NA,NA,NA,NA,RA,downstream,2023-10-05,20835564,2023-10-05T18:39:30Z,467.8254437869822,5947,154,295,137,9.46,13:15:00,2023-10-05T16:15:00Z,460.7
SpC_RA_dowstream_051023.xlsx,2023-10-05T15:39:40Z,2023-10-05T15:39:40Z,505.6,29.09,NA,NA,NA,NA,NA,NA,RA,downstream,2023-10-05,20835564,2023-10-05T18:39:40Z,467.36919948234424,5947,154,295,137,9.46,13:15:00,2023-10-05T16:15:00Z,460.7
SpC_RA_dowstream_051023.xlsx,2023-10-05T15:39:50Z,2023-10-05T15:39:50Z,505.6,29.09,NA,NA,NA,NA,NA,NA,RA,downstream,2023-10-05,20835564,2023-10-05T18:39:50Z,467.36919948234424,5947,154,295,137,9.46,13:15:00,2023-10-05T16:15:00Z,460.7
SpC_RA_dowstream_051023.xlsx,2023-10-05T15:40:00Z,2023-10-05T15:40:00Z,505.6,29.09,NA,NA,NA,NA,NA,NA,RA,downstream,2023-10-05,20835564,2023-10-05T18:40:00Z,467.36919948234424,5947,154,295,137,9.46,13:15:00,2023-10-05T16:15:00Z,460.7
SpC_RA_dowstream_051023.xlsx,2023-10-05T15:40:10Z,2023-10-05T15:40:10Z,505.20000000000005,29.080000000000002,NA,NA,NA,NA,NA,NA,RA,downstream,2023-10-05,20835564,2023-10-05T18:40:10Z,467.08579881656806,5947,154,295,137,9.46,13:15:00,2023-10-05T16:15:00Z,460.7
SpC_RA_dowstream_051023.xlsx,2023-10-05T15:40:20Z,2023-10-05T15:40:20Z,505.20000000000005,29.080000000000002,NA,NA,NA,NA,NA,NA,RA,downstream,2023-10-05,20835564,2023-10-05T18:40:20Z,467.08579881656806,5947,154,295,137,9.46,13:15:00,2023-10-05T16:15:00Z,460.7
SpC_RA_dowstream_051023.xlsx,2023-10-05T15:40:30Z,2023-10-05T15:40:30Z,504.90000000000003,29.07,NA,NA,NA,NA,NA,NA,RA,downstream,2023-10-05,20835564,2023-10-05T18:40:30Z,466.8947660440171,5947,154,295,137,9.46,13:15:00,2023-10-05T16:15:00Z,460.7
SpC_RA_dowstream_051023.xlsx,2023-10-05T15:40:40Z,2023-10-05T15:40:40Z,505.20000000000005,29.07,NA,NA,NA,NA,NA,NA,RA,downstream,2023-10-05,20835564,2023-10-05T18:40:40Z,467.1721842056594,5947,154,295,137,9.46,13:15:00,2023-10-05T16:15:00Z,460.7
SpC_RA_dowstream_051023.xlsx,2023-10-05T15:40:50Z,2023-10-05T15:40:50Z,504.90000000000003,29.080000000000002,NA,NA,NA,NA,NA,NA,RA,downstream,2023-10-05,20835564,2023-10-05T18:40:50Z,466.8084319526627,5947,154,295,137,9.46,13:15:00,2023-10-05T16:15:00Z,460.7
SpC_RA_dowstream_051023.xlsx,2023-10-05T15:41:00Z,2023-10-05T15:41:00Z,504.90000000000003,29.07,NA,NA,NA,NA,NA,NA,RA,downstream,2023-10-05,20835564,2023-10-05T18:41:00Z,466.8947660440171,5947,154,295,137,9.46,13:15:00,2023-10-05T16:15:00Z,460.7
SpC_RA_dowstream_051023.xlsx,2023-10-05T15:41:10Z,2023-10-05T15:41:10Z,504.90000000000003,29.07,NA,NA,NA,NA,NA,NA,RA,downstream,2023-10-05,20835564,2023-10-05T18:41:10Z,466.8947660440171,5947,154,295,137,9.46,13:15:00,2023-10-05T16:15:00Z,460.7
SpC_RA_dowstream_051023.xlsx,2023-10-05T15:41:20Z,2023-10-05T15:41:20Z,504.90000000000003,29.07,NA,NA,NA,NA,NA,NA,RA,downstream,2023-10-05,20835564,2023-10-05T18:41:20Z,466.8947660440171,5947,154,295,137,9.46,13:15:00,2023-10-05T16:15:00Z,460.7
SpC_RA_dowstream_051023.xlsx,2023-10-05T15:41:30Z,2023-10-05T15:41:30Z,504.90000000000003,29.07,NA,NA,NA,NA,NA,NA,RA,downstream,2023-10-05,20835564,2023-10-05T18:41:30Z,466.8947660440171,5947,154,295,137,9.46,13:15:00,2023-10-05T16:15:00Z,460.7
SpC_RA_dowstream_051023.xlsx,2023-10-05T15:41:40Z,2023-10-05T15:41:40Z,504.90000000000003,29.07,NA,NA,NA,NA,NA,NA,RA,downstream,2023-10-05,20835564,2023-10-05T18:41:40Z,466.8947660440171,5947,154,295,137,9.46,13:15:00,2023-10-05T16:15:00Z,460.7
SpC_RA_dowstream_051023.xlsx,2023-10-05T15:41:50Z,2023-10-05T15:41:50Z,504.5,29.07,NA,NA,NA,NA,NA,NA,RA,downstream,2023-10-05,20835564,2023-10-05T18:41:50Z,466.5248751618273,5947,154,295,137,9.46,13:15:00,2023-10-05T16:15:00Z,460.7
SpC_RA_dowstream_051023.xlsx,2023-10-05T15:42:00Z,2023-10-05T15:42:00Z,504.5,29.07,NA,NA,NA,NA,NA,NA,RA,downstream,2023-10-05,20835564,2023-10-05T18:42:00Z,466.5248751618273,5947,154,295,137,9.46,13:15:00,2023-10-05T16:15:00Z,460.7
SpC_RA_dowstream_051023.xlsx,2023-10-05T15:42:10Z,2023-10-05T15:42:10Z,504.5,29.080000000000002,NA,NA,NA,NA,NA,NA,RA,downstream,2023-10-05,20835564,2023-10-05T18:42:10Z,466.4386094674556,5947,154,295,137,9.46,13:15:00,2023-10-05T16:15:00Z,460.7
SpC_RA_dowstream_051023.xlsx,2023-10-05T15:42:20Z,2023-10-05T15:42:20Z,504.5,29.09,NA,NA,NA,NA,NA,NA,RA,downstream,2023-10-05,20835564,2023-10-05T18:42:20Z,466.3523756701793,5947,154,295,137,9.46,13:15:00,2023-10-05T16:15:00Z,460.7
SpC_RA_dowstream_051023.xlsx,2023-10-05T15:42:30Z,2023-10-05T15:42:30Z,504.8,29.17,NA,NA,NA,NA,NA,NA,RA,downstream,2023-10-05,20835564,2023-10-05T18:42:30Z,465.94055750415356,5947,154,295,137,9.46,13:15:00,2023-10-05T16:15:00Z,460.7
SpC_RA_dowstream_051023.xlsx,2023-10-05T15:42:40Z,2023-10-05T15:42:40Z,505.5,29.26,NA,NA,NA,NA,NA,NA,RA,downstream,2023-10-05,20835564,2023-10-05T18:42:40Z,465.8127534095098,5947,154,295,137,9.46,13:15:00,2023-10-05T16:15:00Z,460.7
SpC_RA_dowstream_051023.xlsx,2023-10-05T15:42:50Z,2023-10-05T15:42:50Z,505.90000000000003,29.310000000000002,NA,NA,NA,NA,NA,NA,RA,downstream,2023-10-05,20835564,2023-10-05T18:42:50Z,465.75216350580007,5947,154,295,137,9.46,13:15:00,2023-10-05T16:15:00Z,460.7
SpC_RA_dowstream_051023.xlsx,2023-10-05T15:43:00Z,2023-10-05T15:43:00Z,505.5,29.37,NA,NA,NA,NA,NA,NA,RA,downstream,2023-10-05,20835564,2023-10-05T18:43:00Z,464.87033290417514,5947,154,295,137,9.46,13:15:00,2023-10-05T16:15:00Z,460.7
SpC_RA_dowstream_051023.xlsx,2023-10-05T15:43:10Z,2023-10-05T15:43:10Z,505.5,29.36,NA,NA,NA,NA,NA,NA,RA,downstream,2023-10-05,20835564,2023-10-05T18:43:10Z,464.95584988962474,5947,154,295,137,9.46,13:15:00,2023-10-05T16:15:00Z,460.7
SpC_RA_dowstream_051023.xlsx,2023-10-05T15:43:20Z,2023-10-05T15:43:20Z,504.70000000000005,29.37,NA,NA,NA,NA,NA,NA,RA,downstream,2023-10-05,20835564,2023-10-05T18:43:20Z,464.13463306970766,5947,154,295,137,9.46,13:15:00,2023-10-05T16:15:00Z,460.7
SpC_RA_dowstream_051023.xlsx,2023-10-05T15:43:30Z,2023-10-05T15:43:30Z,505.1,29.400000000000002,NA,NA,NA,NA,NA,NA,RA,downstream,2023-10-05,20835564,2023-10-05T18:43:30Z,464.24632352941177,5947,154,295,137,9.46,13:15:00,2023-10-05T16:15:00Z,460.7
SpC_RA_dowstream_051023.xlsx,2023-10-05T15:43:40Z,2023-10-05T15:43:40Z,505,29.45,NA,NA,NA,NA,NA,NA,RA,downstream,2023-10-05,20835564,2023-10-05T18:43:40Z,463.7281910009183,5947,154,295,137,9.46,13:15:00,2023-10-05T16:15:00Z,460.7
SpC_RA_dowstream_051023.xlsx,2023-10-05T15:43:50Z,2023-10-05T15:43:50Z,504.70000000000005,29.45,NA,NA,NA,NA,NA,NA,RA,downstream,2023-10-05,20835564,2023-10-05T18:43:50Z,463.4527089072544,5947,154,295,137,9.46,13:15:00,2023-10-05T16:15:00Z,460.7
SpC_RA_dowstream_051023.xlsx,2023-10-05T15:44:00Z,2023-10-05T15:44:00Z,504.6,29.47,NA,NA,NA,NA,NA,NA,RA,downstream,2023-10-05,20835564,2023-10-05T18:44:00Z,463.1907472002938,5947,154,295,137,9.46,13:15:00,2023-10-05T16:15:00Z,460.7
SpC_RA_dowstream_051023.xlsx,2023-10-05T15:44:10Z,2023-10-05T15:44:10Z,504.6,29.48,NA,NA,NA,NA,NA,NA,RA,downstream,2023-10-05,20835564,2023-10-05T18:44:10Z,463.10572687224675,5947,154,295,137,9.46,13:15:00,2023-10-05T16:15:00Z,460.7
SpC_RA_dowstream_051023.xlsx,2023-10-05T15:44:20Z,2023-10-05T15:44:20Z,503.90000000000003,29.490000000000002,NA,NA,NA,NA,NA,NA,RA,downstream,2023-10-05,20835564,2023-10-05T18:44:20Z,462.37841805835933,5947,154,295,137,9.46,13:15:00,2023-10-05T16:15:00Z,460.7
SpC_RA_dowstream_051023.xlsx,2023-10-05T15:44:30Z,2023-10-05T15:44:30Z,503.90000000000003,29.52,NA,NA,NA,NA,NA,NA,RA,downstream,2023-10-05,20835564,2023-10-05T18:44:30Z,462.12399119589145,5947,154,295,137,9.46,13:15:00,2023-10-05T16:15:00Z,460.7
SpC_RA_dowstream_051023.xlsx,2023-10-05T15:44:40Z,2023-10-05T15:44:40Z,503.8,29.55,NA,NA,NA,NA,NA,NA,RA,downstream,2023-10-05,20835564,2023-10-05T18:44:40Z,461.77818515123744,5947,154,295,137,9.46,13:15:00,2023-10-05T16:15:00Z,460.7
SpC_RA_dowstream_051023.xlsx,2023-10-05T15:44:50Z,2023-10-05T15:44:50Z,503.5,29.55,NA,NA,NA,NA,NA,NA,RA,downstream,2023-10-05,20835564,2023-10-05T18:44:50Z,461.5032080659945,5947,154,295,137,9.46,13:15:00,2023-10-05T16:15:00Z,460.7
SpC_RA_dowstream_051023.xlsx,2023-10-05T15:45:00Z,2023-10-05T15:45:00Z,503.1,29.55,NA,NA,NA,NA,NA,NA,RA,downstream,2023-10-05,20835564,2023-10-05T18:45:00Z,461.13657195233736,5947,154,295,137,9.46,13:15:00,2023-10-05T16:15:00Z,460.7
SpC_RA_dowstream_051023.xlsx,2023-10-05T15:45:10Z,2023-10-05T15:45:10Z,502,29.48,NA,NA,NA,NA,NA,NA,RA,downstream,2023-10-05,20835564,2023-10-05T18:45:10Z,460.71953010279003,5947,154,295,137,9.46,13:15:00,2023-10-05T16:15:00Z,460.7
SpC_RA_dowstream_051023.xlsx,2023-10-05T15:45:20Z,2023-10-05T15:45:20Z,501.3,29.400000000000002,NA,NA,NA,NA,NA,NA,RA,downstream,2023-10-05,20835564,2023-10-05T18:45:20Z,460.75367647058823,5947,154,295,137,9.46,13:15:00,2023-10-05T16:15:00Z,460.7
SpC_RA_dowstream_051023.xlsx,2023-10-05T15:45:30Z,2023-10-05T15:45:30Z,500.5,29.310000000000002,NA,NA,NA,NA,NA,NA,RA,downstream,2023-10-05,20835564,2023-10-05T18:45:30Z,460.78070336954517,5947,154,295,137,9.46,13:15:00,2023-10-05T16:15:00Z,460.7
SpC_RA_dowstream_051023.xlsx,2023-10-05T15:45:40Z,2023-10-05T15:45:40Z,500.20000000000005,29.27,NA,NA,NA,NA,NA,NA,RA,downstream,2023-10-05,20835564,2023-10-05T18:45:40Z,460.8439285056201,5947,154,295,137,9.46,13:15:00,2023-10-05T16:15:00Z,460.7
SpC_RA_dowstream_051023.xlsx,2023-10-05T15:45:50Z,2023-10-05T15:45:50Z,499.5,29.21,NA,NA,NA,NA,NA,NA,RA,downstream,2023-10-05,20835564,2023-10-05T18:45:50Z,460.7083563918096,5947,154,295,137,9.46,13:15:00,2023-10-05T16:15:00Z,460.7
SpC_RA_dowstream_051023.xlsx,2023-10-05T15:46:00Z,2023-10-05T15:46:00Z,499.90000000000003,29.19,NA,NA,NA,NA,NA,NA,RA,downstream,2023-10-05,20835564,2023-10-05T18:46:00Z,461.2474626314818,5947,154,295,137,9.46,13:15:00,2023-10-05T16:15:00Z,460.7
SpC_RA_dowstream_051023.xlsx,2023-10-05T15:46:10Z,2023-10-05T15:46:10Z,499.5,29.17,NA,NA,NA,NA,NA,NA,RA,downstream,2023-10-05,20835564,2023-10-05T18:46:10Z,461.04855085840865,5947,154,295,137,9.46,13:15:00,2023-10-05T16:15:00Z,460.7
SpC_RA_dowstream_051023.xlsx,2023-10-05T15:46:20Z,2023-10-05T15:46:20Z,499.5,29.150000000000002,NA,NA,NA,NA,NA,NA,RA,downstream,2023-10-05,20835564,2023-10-05T18:46:20Z,461.218836565097,5947,154,295,137,9.46,13:15:00,2023-10-05T16:15:00Z,460.7
SpC_RA_dowstream_051023.xlsx,2023-10-05T15:46:30Z,2023-10-05T15:46:30Z,499.5,29.14,NA,NA,NA,NA,NA,NA,RA,downstream,2023-10-05,20835564,2023-10-05T18:46:30Z,461.30402659770965,5947,154,295,137,9.46,13:15:00,2023-10-05T16:15:00Z,460.7
SpC_RA_dowstream_051023.xlsx,2023-10-05T15:46:40Z,2023-10-05T15:46:40Z,499.90000000000003,29.14,NA,NA,NA,NA,NA,NA,RA,downstream,2023-10-05,20835564,2023-10-05T18:46:40Z,461.6734392316218,5947,154,295,137,9.46,13:15:00,2023-10-05T16:15:00Z,460.7
SpC_RA_dowstream_051023.xlsx,2023-10-05T15:46:50Z,2023-10-05T15:46:50Z,500.3,29.13,NA,NA,NA,NA,NA,NA,RA,downstream,2023-10-05,20835564,2023-10-05T18:46:50Z,462.12820986513947,5947,154,295,137,9.46,13:15:00,2023-10-05T16:15:00Z,460.7
SpC_RA_dowstream_051023.xlsx,2023-10-05T15:47:00Z,2023-10-05T15:47:00Z,499.90000000000003,29.12,NA,NA,NA,NA,NA,NA,RA,downstream,2023-10-05,20835564,2023-10-05T18:47:00Z,461.84405025868443,5947,154,295,137,9.46,13:15:00,2023-10-05T16:15:00Z,460.7
SpC_RA_dowstream_051023.xlsx,2023-10-05T15:47:10Z,2023-10-05T15:47:10Z,499.90000000000003,29.12,NA,NA,NA,NA,NA,NA,RA,downstream,2023-10-05,20835564,2023-10-05T18:47:10Z,461.84405025868443,5947,154,295,137,9.46,13:15:00,2023-10-05T16:15:00Z,460.7
SpC_RA_dowstream_051023.xlsx,2023-10-05T15:47:20Z,2023-10-05T15:47:20Z,500.3,29.13,NA,NA,NA,NA,NA,NA,RA,downstream,2023-10-05,20835564,2023-10-05T18:47:20Z,462.12820986513947,5947,154,295,137,9.46,13:15:00,2023-10-05T16:15:00Z,460.7
SpC_RA_dowstream_051023.xlsx,2023-10-05T15:47:30Z,2023-10-05T15:47:30Z,500.70000000000005,29.12,NA,NA,NA,NA,NA,NA,RA,downstream,2023-10-05,20835564,2023-10-05T18:47:30Z,462.58314855875835,5947,154,295,137,9.46,13:15:00,2023-10-05T16:15:00Z,460.7
SpC_RA_dowstream_051023.xlsx,2023-10-05T15:47:40Z,2023-10-05T15:47:40Z,500.3,29.12,NA,NA,NA,NA,NA,NA,RA,downstream,2023-10-05,20835564,2023-10-05T18:47:40Z,462.21359940872134,5947,154,295,137,9.46,13:15:00,2023-10-05T16:15:00Z,460.7
SpC_RA_dowstream_051023.xlsx,2023-10-05T15:47:50Z,2023-10-05T15:47:50Z,501,29.18,NA,NA,NA,NA,NA,NA,RA,downstream,2023-10-05,20835564,2023-10-05T18:47:50Z,462.3477297895903,5947,154,295,137,9.46,13:15:00,2023-10-05T16:15:00Z,460.7
SpC_RA_dowstream_051023.xlsx,2023-10-05T15:48:00Z,2023-10-05T15:48:00Z,501,29.21,NA,NA,NA,NA,NA,NA,RA,downstream,2023-10-05,20835564,2023-10-05T18:48:00Z,462.0918649695628,5947,154,295,137,9.46,13:15:00,2023-10-05T16:15:00Z,460.7
SpC_RA_dowstream_051023.xlsx,2023-10-05T15:48:10Z,2023-10-05T15:48:10Z,500.6,29.18,NA,NA,NA,NA,NA,NA,RA,downstream,2023-10-05,20835564,2023-10-05T18:48:10Z,461.9785898855667,5947,154,295,137,9.46,13:15:00,2023-10-05T16:15:00Z,460.7
SpC_RA_dowstream_051023.xlsx,2023-10-05T15:48:20Z,2023-10-05T15:48:20Z,500.3,29.150000000000002,NA,NA,NA,NA,NA,NA,RA,downstream,2023-10-05,20835564,2023-10-05T18:48:20Z,461.95752539242847,5947,154,295,137,9.46,13:15:00,2023-10-05T16:15:00Z,460.7
SpC_RA_dowstream_051023.xlsx,2023-10-05T15:48:30Z,2023-10-05T15:48:30Z,500.6,29.13,NA,NA,NA,NA,NA,NA,RA,downstream,2023-10-05,20835564,2023-10-05T18:48:30Z,462.40532052466284,5947,154,295,137,9.46,13:15:00,2023-10-05T16:15:00Z,460.7
SpC_RA_dowstream_051023.xlsx,2023-10-05T15:48:40Z,2023-10-05T15:48:40Z,500.3,29.12,NA,NA,NA,NA,NA,NA,RA,downstream,2023-10-05,20835564,2023-10-05T18:48:40Z,462.21359940872134,5947,154,295,137,9.46,13:15:00,2023-10-05T16:15:00Z,460.7
SpC_RA_dowstream_051023.xlsx,2023-10-05T15:48:50Z,2023-10-05T15:48:50Z,500.3,29.12,NA,NA,NA,NA,NA,NA,RA,downstream,2023-10-05,20835564,2023-10-05T18:48:50Z,462.21359940872134,5947,154,295,137,9.46,13:15:00,2023-10-05T16:15:00Z,460.7
SpC_RA_dowstream_051023.xlsx,2023-10-05T15:49:00Z,2023-10-05T15:49:00Z,500.3,29.13,NA,NA,NA,NA,NA,NA,RA,downstream,2023-10-05,20835564,2023-10-05T18:49:00Z,462.12820986513947,5947,154,295,137,9.46,13:15:00,2023-10-05T16:15:00Z,460.7
SpC_RA_dowstream_051023.xlsx,2023-10-05T15:49:10Z,2023-10-05T15:49:10Z,500.3,29.12,NA,NA,NA,NA,NA,NA,RA,downstream,2023-10-05,20835564,2023-10-05T18:49:10Z,462.21359940872134,5947,154,295,137,9.46,13:15:00,2023-10-05T16:15:00Z,460.7
SpC_RA_dowstream_051023.xlsx,2023-10-05T15:49:20Z,2023-10-05T15:49:20Z,499.90000000000003,29.1,NA,NA,NA,NA,NA,NA,RA,downstream,2023-10-05,20835564,2023-10-05T18:49:20Z,462.0147874306839,5947,154,295,137,9.46,13:15:00,2023-10-05T16:15:00Z,460.7
SpC_RA_dowstream_051023.xlsx,2023-10-05T15:49:30Z,2023-10-05T15:49:30Z,499.90000000000003,29.1,NA,NA,NA,NA,NA,NA,RA,downstream,2023-10-05,20835564,2023-10-05T18:49:30Z,462.0147874306839,5947,154,295,137,9.46,13:15:00,2023-10-05T16:15:00Z,460.7
SpC_RA_dowstream_051023.xlsx,2023-10-05T15:49:40Z,2023-10-05T15:49:40Z,500.70000000000005,29.12,NA,NA,NA,NA,NA,NA,RA,downstream,2023-10-05,20835564,2023-10-05T18:49:40Z,462.58314855875835,5947,154,295,137,9.46,13:15:00,2023-10-05T16:15:00Z,460.7
SpC_RA_dowstream_051023.xlsx,2023-10-05T15:49:50Z,2023-10-05T15:49:50Z,500.3,29.1,NA,NA,NA,NA,NA,NA,RA,downstream,2023-10-05,20835564,2023-10-05T18:49:50Z,462.38447319778186,5947,154,295,137,9.46,13:15:00,2023-10-05T16:15:00Z,460.7
SpC_RA_dowstream_051023.xlsx,2023-10-05T15:50:00Z,2023-10-05T15:50:00Z,500.3,29.1,NA,NA,NA,NA,NA,NA,RA,downstream,2023-10-05,20835564,2023-10-05T18:50:00Z,462.38447319778186,5947,154,295,137,9.46,13:15:00,2023-10-05T16:15:00Z,460.7
SpC_RA_dowstream_051023.xlsx,2023-10-05T15:50:10Z,2023-10-05T15:50:10Z,499.90000000000003,29.1,NA,NA,NA,NA,NA,NA,RA,downstream,2023-10-05,20835564,2023-10-05T18:50:10Z,462.0147874306839,5947,154,295,137,9.46,13:15:00,2023-10-05T16:15:00Z,460.7
SpC_RA_dowstream_051023.xlsx,2023-10-05T15:50:20Z,2023-10-05T15:50:20Z,500.70000000000005,29.1,NA,NA,NA,NA,NA,NA,RA,downstream,2023-10-05,20835564,2023-10-05T18:50:20Z,462.7541589648799,5947,154,295,137,9.46,13:15:00,2023-10-05T16:15:00Z,460.7
SpC_RA_dowstream_051023.xlsx,2023-10-05T15:50:30Z,2023-10-05T15:50:30Z,500.6,29.150000000000002,NA,NA,NA,NA,NA,NA,RA,downstream,2023-10-05,20835564,2023-10-05T18:50:30Z,462.23453370267777,5947,154,295,137,9.46,13:15:00,2023-10-05T16:15:00Z,460.7
SpC_RA_dowstream_051023.xlsx,2023-10-05T15:50:40Z,2023-10-05T15:50:40Z,500.6,29.2,NA,NA,NA,NA,NA,NA,RA,downstream,2023-10-05,20835564,2023-10-05T18:50:40Z,461.8081180811808,5947,154,295,137,9.46,13:15:00,2023-10-05T16:15:00Z,460.7
SpC_RA_dowstream_051023.xlsx,2023-10-05T15:50:50Z,2023-10-05T15:50:50Z,500.90000000000003,29.29,NA,NA,NA,NA,NA,NA,RA,downstream,2023-10-05,20835564,2023-10-05T18:50:50Z,461.31884324921725,5947,154,295,137,9.46,13:15:00,2023-10-05T16:15:00Z,460.7
SpC_RA_dowstream_051023.xlsx,2023-10-05T15:51:00Z,2023-10-05T15:51:00Z,500.90000000000003,29.3,NA,NA,NA,NA,NA,NA,RA,downstream,2023-10-05,20835564,2023-10-05T18:51:00Z,461.23388581952116,5947,154,295,137,9.46,13:15:00,2023-10-05T16:15:00Z,460.7
SpC_RA_dowstream_051023.xlsx,2023-10-05T15:51:10Z,2023-10-05T15:51:10Z,500.6,29.27,NA,NA,NA,NA,NA,NA,RA,downstream,2023-10-05,20835564,2023-10-05T18:51:10Z,461.21245623733193,5947,154,295,137,9.46,13:15:00,2023-10-05T16:15:00Z,460.7
SpC_RA_dowstream_051023.xlsx,2023-10-05T15:51:20Z,2023-10-05T15:51:20Z,499.8,29.23,NA,NA,NA,NA,NA,NA,RA,downstream,2023-10-05,20835564,2023-10-05T18:51:20Z,460.8150470219436,5947,154,295,137,9.46,13:15:00,2023-10-05T16:15:00Z,460.7
SpC_RA_dowstream_051023.xlsx,2023-10-05T15:51:30Z,2023-10-05T15:51:30Z,499.5,29.19,NA,NA,NA,NA,NA,NA,RA,downstream,2023-10-05,20835564,2023-10-05T18:51:30Z,460.8783908470197,5947,154,295,137,9.46,13:15:00,2023-10-05T16:15:00Z,460.7
SpC_RA_dowstream_051023.xlsx,2023-10-05T15:51:40Z,2023-10-05T15:51:40Z,499.5,29.17,NA,NA,NA,NA,NA,NA,RA,downstream,2023-10-05,20835564,2023-10-05T18:51:40Z,461.04855085840865,5947,154,295,137,9.46,13:15:00,2023-10-05T16:15:00Z,460.7
SpC_RA_dowstream_051023.xlsx,2023-10-05T15:51:50Z,2023-10-05T15:51:50Z,499.1,29.13,NA,NA,NA,NA,NA,NA,RA,downstream,2023-10-05,20835564,2023-10-05T18:51:50Z,461.01976722704603,5947,154,295,137,9.46,13:15:00,2023-10-05T16:15:00Z,460.7
SpC_RA_dowstream_051023.xlsx,2023-10-05T15:52:00Z,2023-10-05T15:52:00Z,499.1,29.12,NA,NA,NA,NA,NA,NA,RA,downstream,2023-10-05,20835564,2023-10-05T18:52:00Z,461.1049519586105,5947,154,295,137,9.46,13:15:00,2023-10-05T16:15:00Z,460.7
SpC_RA_dowstream_051023.xlsx,2023-10-05T15:52:10Z,2023-10-05T15:52:10Z,499.1,29.1,NA,NA,NA,NA,NA,NA,RA,downstream,2023-10-05,20835564,2023-10-05T18:52:10Z,461.27541589648797,5947,154,295,137,9.46,13:15:00,2023-10-05T16:15:00Z,460.7
SpC_RA_dowstream_051023.xlsx,2023-10-05T15:52:20Z,2023-10-05T15:52:20Z,499.5,29.1,NA,NA,NA,NA,NA,NA,RA,downstream,2023-10-05,20835564,2023-10-05T18:52:20Z,461.64510166358593,5947,154,295,137,9.46,13:15:00,2023-10-05T16:15:00Z,460.7
SpC_RA_dowstream_051023.xlsx,2023-10-05T15:52:30Z,2023-10-05T15:52:30Z,499.1,29.1,NA,NA,NA,NA,NA,NA,RA,downstream,2023-10-05,20835564,2023-10-05T18:52:30Z,461.27541589648797,5947,154,295,137,9.46,13:15:00,2023-10-05T16:15:00Z,460.7
SpC_RA_dowstream_051023.xlsx,2023-10-05T15:52:40Z,2023-10-05T15:52:40Z,499.1,29.1,NA,NA,NA,NA,NA,NA,RA,downstream,2023-10-05,20835564,2023-10-05T18:52:40Z,461.27541589648797,5947,154,295,137,9.46,13:15:00,2023-10-05T16:15:00Z,460.7
SpC_RA_dowstream_051023.xlsx,2023-10-05T15:52:50Z,2023-10-05T15:52:50Z,499.5,29.1,NA,NA,NA,NA,NA,NA,RA,downstream,2023-10-05,20835564,2023-10-05T18:52:50Z,461.64510166358593,5947,154,295,137,9.46,13:15:00,2023-10-05T16:15:00Z,460.7
SpC_RA_dowstream_051023.xlsx,2023-10-05T15:53:00Z,2023-10-05T15:53:00Z,499.1,29.1,NA,NA,NA,NA,NA,NA,RA,downstream,2023-10-05,20835564,2023-10-05T18:53:00Z,461.27541589648797,5947,154,295,137,9.46,13:15:00,2023-10-05T16:15:00Z,460.7
SpC_RA_dowstream_051023.xlsx,2023-10-05T15:53:10Z,2023-10-05T15:53:10Z,499.5,29.1,NA,NA,NA,NA,NA,NA,RA,downstream,2023-10-05,20835564,2023-10-05T18:53:10Z,461.64510166358593,5947,154,295,137,9.46,13:15:00,2023-10-05T16:15:00Z,460.7
SpC_RA_dowstream_051023.xlsx,2023-10-05T15:53:20Z,2023-10-05T15:53:20Z,499.1,29.09,NA,NA,NA,NA,NA,NA,RA,downstream,2023-10-05,20835564,2023-10-05T18:53:20Z,461.3606951377334,5947,154,295,137,9.46,13:15:00,2023-10-05T16:15:00Z,460.7
SpC_RA_dowstream_051023.xlsx,2023-10-05T15:53:30Z,2023-10-05T15:53:30Z,499.5,29.09,NA,NA,NA,NA,NA,NA,RA,downstream,2023-10-05,20835564,2023-10-05T18:53:30Z,461.7304492512479,5947,154,295,137,9.46,13:15:00,2023-10-05T16:15:00Z,460.7
SpC_RA_dowstream_051023.xlsx,2023-10-05T15:53:40Z,2023-10-05T15:53:40Z,499.5,29.09,NA,NA,NA,NA,NA,NA,RA,downstream,2023-10-05,20835564,2023-10-05T18:53:40Z,461.7304492512479,5947,154,295,137,9.46,13:15:00,2023-10-05T16:15:00Z,460.7
SpC_RA_dowstream_051023.xlsx,2023-10-05T15:53:50Z,2023-10-05T15:53:50Z,499.5,29.09,NA,NA,NA,NA,NA,NA,RA,downstream,2023-10-05,20835564,2023-10-05T18:53:50Z,461.7304492512479,5947,154,295,137,9.46,13:15:00,2023-10-05T16:15:00Z,460.7
SpC_RA_dowstream_051023.xlsx,2023-10-05T15:54:00Z,2023-10-05T15:54:00Z,499.5,29.09,NA,NA,NA,NA,NA,NA,RA,downstream,2023-10-05,20835564,2023-10-05T18:54:00Z,461.7304492512479,5947,154,295,137,9.46,13:15:00,2023-10-05T16:15:00Z,460.7
SpC_RA_dowstream_051023.xlsx,2023-10-05T15:54:10Z,2023-10-05T15:54:10Z,499.5,29.09,NA,NA,NA,NA,NA,NA,RA,downstream,2023-10-05,20835564,2023-10-05T18:54:10Z,461.7304492512479,5947,154,295,137,9.46,13:15:00,2023-10-05T16:15:00Z,460.7
SpC_RA_dowstream_051023.xlsx,2023-10-05T15:54:20Z,2023-10-05T15:54:20Z,499.5,29.09,NA,NA,NA,NA,NA,NA,RA,downstream,2023-10-05,20835564,2023-10-05T18:54:20Z,461.7304492512479,5947,154,295,137,9.46,13:15:00,2023-10-05T16:15:00Z,460.7
SpC_RA_dowstream_051023.xlsx,2023-10-05T15:54:30Z,2023-10-05T15:54:30Z,499.5,29.09,NA,NA,NA,NA,NA,NA,RA,downstream,2023-10-05,20835564,2023-10-05T18:54:30Z,461.7304492512479,5947,154,295,137,9.46,13:15:00,2023-10-05T16:15:00Z,460.7
SpC_RA_dowstream_051023.xlsx,2023-10-05T15:54:40Z,2023-10-05T15:54:40Z,499.5,29.1,NA,NA,NA,NA,NA,NA,RA,downstream,2023-10-05,20835564,2023-10-05T18:54:40Z,461.64510166358593,5947,154,295,137,9.46,13:15:00,2023-10-05T16:15:00Z,460.7
SpC_RA_dowstream_051023.xlsx,2023-10-05T15:54:50Z,2023-10-05T15:54:50Z,499.5,29.1,NA,NA,NA,NA,NA,NA,RA,downstream,2023-10-05,20835564,2023-10-05T18:54:50Z,461.64510166358593,5947,154,295,137,9.46,13:15:00,2023-10-05T16:15:00Z,460.7
SpC_RA_dowstream_051023.xlsx,2023-10-05T15:55:00Z,2023-10-05T15:55:00Z,499.5,29.1,NA,NA,NA,NA,NA,NA,RA,downstream,2023-10-05,20835564,2023-10-05T18:55:00Z,461.64510166358593,5947,154,295,137,9.46,13:15:00,2023-10-05T16:15:00Z,460.7
SpC_RA_dowstream_051023.xlsx,2023-10-05T15:55:10Z,2023-10-05T15:55:10Z,499.5,29.1,NA,NA,NA,NA,NA,NA,RA,downstream,2023-10-05,20835564,2023-10-05T18:55:10Z,461.64510166358593,5947,154,295,137,9.46,13:15:00,2023-10-05T16:15:00Z,460.7
SpC_RA_dowstream_051023.xlsx,2023-10-05T15:55:20Z,2023-10-05T15:55:20Z,499.5,29.1,NA,NA,NA,NA,NA,NA,RA,downstream,2023-10-05,20835564,2023-10-05T18:55:20Z,461.64510166358593,5947,154,295,137,9.46,13:15:00,2023-10-05T16:15:00Z,460.7
SpC_RA_dowstream_051023.xlsx,2023-10-05T15:55:30Z,2023-10-05T15:55:30Z,499.5,29.12,NA,NA,NA,NA,NA,NA,RA,downstream,2023-10-05,20835564,2023-10-05T18:55:30Z,461.4745011086474,5947,154,295,137,9.46,13:15:00,2023-10-05T16:15:00Z,460.7
SpC_RA_dowstream_051023.xlsx,2023-10-05T15:55:40Z,2023-10-05T15:55:40Z,499.5,29.13,NA,NA,NA,NA,NA,NA,RA,downstream,2023-10-05,20835564,2023-10-05T18:55:40Z,461.3892481064105,5947,154,295,137,9.46,13:15:00,2023-10-05T16:15:00Z,460.7
SpC_RA_dowstream_051023.xlsx,2023-10-05T15:55:50Z,2023-10-05T15:55:50Z,499.5,29.150000000000002,NA,NA,NA,NA,NA,NA,RA,downstream,2023-10-05,20835564,2023-10-05T18:55:50Z,461.218836565097,5947,154,295,137,9.46,13:15:00,2023-10-05T16:15:00Z,460.7
SpC_RA_dowstream_051023.xlsx,2023-10-05T15:56:00Z,2023-10-05T15:56:00Z,499.90000000000003,29.18,NA,NA,NA,NA,NA,NA,RA,downstream,2023-10-05,20835564,2023-10-05T18:56:00Z,461.3325950535254,5947,154,295,137,9.46,13:15:00,2023-10-05T16:15:00Z,460.7
SpC_RA_dowstream_051023.xlsx,2023-10-05T15:56:10Z,2023-10-05T15:56:10Z,500.20000000000005,29.25,NA,NA,NA,NA,NA,NA,RA,downstream,2023-10-05,20835564,2023-10-05T18:56:10Z,461.0138248847927,5947,154,295,137,9.46,13:15:00,2023-10-05T16:15:00Z,460.7
SpC_RA_dowstream_051023.xlsx,2023-10-05T15:56:20Z,2023-10-05T15:56:20Z,500.6,29.27,NA,NA,NA,NA,NA,NA,RA,downstream,2023-10-05,20835564,2023-10-05T18:56:20Z,461.21245623733193,5947,154,295,137,9.46,13:15:00,2023-10-05T16:15:00Z,460.7
SpC_RA_dowstream_051023.xlsx,2023-10-05T15:56:30Z,2023-10-05T15:56:30Z,499.8,29.27,NA,NA,NA,NA,NA,NA,RA,downstream,2023-10-05,20835564,2023-10-05T18:56:30Z,460.4754007739083,5947,154,295,137,9.46,13:15:00,2023-10-05T16:15:00Z,460.7
SpC_RA_dowstream_051023.xlsx,2023-10-05T15:56:40Z,2023-10-05T15:56:40Z,500.20000000000005,29.32,NA,NA,NA,NA,NA,NA,RA,downstream,2023-10-05,20835564,2023-10-05T18:56:40Z,460.419734904271,5947,154,295,137,9.46,13:15:00,2023-10-05T16:15:00Z,460.7
SpC_RA_dowstream_051023.xlsx,2023-10-05T15:56:50Z,2023-10-05T15:56:50Z,500.5,29.36,NA,NA,NA,NA,NA,NA,RA,downstream,2023-10-05,20835564,2023-10-05T18:56:50Z,460.35688005886686,5947,154,295,137,9.46,13:15:00,2023-10-05T16:15:00Z,460.7
SpC_RA_dowstream_051023.xlsx,2023-10-05T15:57:00Z,2023-10-05T15:57:00Z,500.5,29.400000000000002,NA,NA,NA,NA,NA,NA,RA,downstream,2023-10-05,20835564,2023-10-05T18:57:00Z,460.01838235294116,5947,154,295,137,9.46,13:15:00,2023-10-05T16:15:00Z,460.7
SpC_RA_dowstream_051023.xlsx,2023-10-05T15:57:10Z,2023-10-05T15:57:10Z,537.8000000000001,29.400000000000002,NA,NA,NA,NA,NA,NA,RA,downstream,2023-10-05,20835564,2023-10-05T18:57:10Z,494.3014705882353,5947,154,295,137,9.46,13:15:00,2023-10-05T16:15:00Z,460.7
SpC_RA_dowstream_051023.xlsx,2023-10-05T15:57:20Z,2023-10-05T15:57:20Z,544.8000000000001,29.26,NA,NA,NA,NA,NA,NA,RA,downstream,2023-10-05,20835564,2023-10-05T18:57:20Z,502.0272760781424,5947,154,295,137,9.46,13:15:00,2023-10-05T16:15:00Z,460.7
SpC_RA_dowstream_051023.xlsx,2023-10-05T15:57:30Z,2023-10-05T15:57:30Z,545.1,29.310000000000002,NA,NA,NA,NA,NA,NA,RA,downstream,2023-10-05,20835564,2023-10-05T18:57:30Z,501.8412815319462,5947,154,295,137,9.46,13:15:00,2023-10-05T16:15:00Z,460.7
SpC_RA_dowstream_051023.xlsx,2023-10-05T15:57:40Z,2023-10-05T15:57:40Z,545.8000000000001,29.38,NA,NA,NA,NA,NA,NA,RA,downstream,2023-10-05,20835564,2023-10-05T18:57:40Z,501.8389113644723,5947,154,295,137,9.46,13:15:00,2023-10-05T16:15:00Z,460.7
SpC_RA_dowstream_051023.xlsx,2023-10-05T15:57:50Z,2023-10-05T15:57:50Z,545.1,29.35,NA,NA,NA,NA,NA,NA,RA,downstream,2023-10-05,20835564,2023-10-05T18:57:50Z,501.47194112235513,5947,154,295,137,9.46,13:15:00,2023-10-05T16:15:00Z,460.7
SpC_RA_dowstream_051023.xlsx,2023-10-05T15:58:00Z,2023-10-05T15:58:00Z,545.1,29.38,NA,NA,NA,NA,NA,NA,RA,downstream,2023-10-05,20835564,2023-10-05T18:58:00Z,501.195292386907,5947,154,295,137,9.46,13:15:00,2023-10-05T16:15:00Z,460.7
SpC_RA_dowstream_051023.xlsx,2023-10-05T15:58:10Z,2023-10-05T15:58:10Z,544.7,29.41,NA,NA,NA,NA,NA,NA,RA,downstream,2023-10-05,20835564,2023-10-05T18:58:10Z,500.5513692335968,5947,154,295,137,9.46,13:15:00,2023-10-05T16:15:00Z,460.7
SpC_RA_dowstream_051023.xlsx,2023-10-05T15:58:20Z,2023-10-05T15:58:20Z,545,29.43,NA,NA,NA,NA,NA,NA,RA,downstream,2023-10-05,20835564,2023-10-05T18:58:20Z,500.643027742054,5947,154,295,137,9.46,13:15:00,2023-10-05T16:15:00Z,460.7
SpC_RA_dowstream_051023.xlsx,2023-10-05T15:58:30Z,2023-10-05T15:58:30Z,544.6,29.46,NA,NA,NA,NA,NA,NA,RA,downstream,2023-10-05,20835564,2023-10-05T18:58:30Z,500.00000000000006,5947,154,295,137,9.46,13:15:00,2023-10-05T16:15:00Z,460.7
SpC_RA_dowstream_051023.xlsx,2023-10-05T15:58:40Z,2023-10-05T15:58:40Z,544.7,29.43,NA,NA,NA,NA,NA,NA,RA,downstream,2023-10-05,20835564,2023-10-05T18:58:40Z,500.3674444240309,5947,154,295,137,9.46,13:15:00,2023-10-05T16:15:00Z,460.7
SpC_RA_dowstream_051023.xlsx,2023-10-05T15:58:50Z,2023-10-05T15:58:50Z,544.7,29.43,NA,NA,NA,NA,NA,NA,RA,downstream,2023-10-05,20835564,2023-10-05T18:58:50Z,500.3674444240309,5947,154,295,137,9.46,13:15:00,2023-10-05T16:15:00Z,460.7
SpC_RA_dowstream_051023.xlsx,2023-10-05T15:59:00Z,2023-10-05T15:59:00Z,544.6,29.46,NA,NA,NA,NA,NA,NA,RA,downstream,2023-10-05,20835564,2023-10-05T18:59:00Z,500.00000000000006,5947,154,295,137,9.46,13:15:00,2023-10-05T16:15:00Z,460.7
SpC_RA_dowstream_051023.xlsx,2023-10-05T15:59:10Z,2023-10-05T15:59:10Z,544.6,29.45,NA,NA,NA,NA,NA,NA,RA,downstream,2023-10-05,20835564,2023-10-05T18:59:10Z,500.09182736455466,5947,154,295,137,9.46,13:15:00,2023-10-05T16:15:00Z,460.7
SpC_RA_dowstream_051023.xlsx,2023-10-05T15:59:20Z,2023-10-05T15:59:20Z,545,29.47,NA,NA,NA,NA,NA,NA,RA,downstream,2023-10-05,20835564,2023-10-05T18:59:20Z,500.2753809436387,5947,154,295,137,9.46,13:15:00,2023-10-05T16:15:00Z,460.7
SpC_RA_dowstream_051023.xlsx,2023-10-05T15:59:30Z,2023-10-05T15:59:30Z,545,29.47,NA,NA,NA,NA,NA,NA,RA,downstream,2023-10-05,20835564,2023-10-05T18:59:30Z,500.2753809436387,5947,154,295,137,9.46,13:15:00,2023-10-05T16:15:00Z,460.7
SpC_RA_dowstream_051023.xlsx,2023-10-05T15:59:40Z,2023-10-05T15:59:40Z,545,29.45,NA,NA,NA,NA,NA,NA,RA,downstream,2023-10-05,20835564,2023-10-05T18:59:40Z,500.4591368227732,5947,154,295,137,9.46,13:15:00,2023-10-05T16:15:00Z,460.7
SpC_RA_dowstream_051023.xlsx,2023-10-05T15:59:50Z,2023-10-05T15:59:50Z,544.3000000000001,29.42,NA,NA,NA,NA,NA,NA,RA,downstream,2023-10-05,20835564,2023-10-05T18:59:50Z,500.0918779860346,5947,154,295,137,9.46,13:15:00,2023-10-05T16:15:00Z,460.7
SpC_RA_dowstream_051023.xlsx,2023-10-05T16:00:00Z,2023-10-05T16:00:00Z,544.7,29.43,NA,NA,NA,NA,NA,NA,RA,downstream,2023-10-05,20835564,2023-10-05T19:00:00Z,500.3674444240309,5947,154,295,137,9.46,13:15:00,2023-10-05T16:15:00Z,460.7
SpC_RA_dowstream_051023.xlsx,2023-10-05T16:00:10Z,2023-10-05T16:00:10Z,544.6,29.45,NA,NA,NA,NA,NA,NA,RA,downstream,2023-10-05,20835564,2023-10-05T19:00:10Z,500.09182736455466,5947,154,295,137,9.46,13:15:00,2023-10-05T16:15:00Z,460.7
SpC_RA_dowstream_051023.xlsx,2023-10-05T16:00:20Z,2023-10-05T16:00:20Z,544.3000000000001,29.42,NA,NA,NA,NA,NA,NA,RA,downstream,2023-10-05,20835564,2023-10-05T19:00:20Z,500.0918779860346,5947,154,295,137,9.46,13:15:00,2023-10-05T16:15:00Z,460.7
SpC_RA_dowstream_051023.xlsx,2023-10-05T16:00:30Z,2023-10-05T16:00:30Z,544.3000000000001,29.43,NA,NA,NA,NA,NA,NA,RA,downstream,2023-10-05,20835564,2023-10-05T19:00:30Z,500.00000000000006,5947,154,295,137,9.46,13:15:00,2023-10-05T16:15:00Z,460.7
SpC_RA_dowstream_051023.xlsx,2023-10-05T16:00:40Z,2023-10-05T16:00:40Z,544.6,29.47,NA,NA,NA,NA,NA,NA,RA,downstream,2023-10-05,20835564,2023-10-05T19:00:40Z,499.9082063521205,5947,154,295,137,9.46,13:15:00,2023-10-05T16:15:00Z,460.7
SpC_RA_dowstream_051023.xlsx,2023-10-05T16:00:50Z,2023-10-05T16:00:50Z,544.3000000000001,29.45,NA,NA,NA,NA,NA,NA,RA,downstream,2023-10-05,20835564,2023-10-05T19:00:50Z,499.8163452708908,5947,154,295,137,9.46,13:15:00,2023-10-05T16:15:00Z,460.7
SpC_RA_dowstream_051023.xlsx,2023-10-05T16:01:00Z,2023-10-05T16:01:00Z,544.3000000000001,29.42,NA,NA,NA,NA,NA,NA,RA,downstream,2023-10-05,20835564,2023-10-05T19:01:00Z,500.0918779860346,5947,154,295,137,9.46,13:15:00,2023-10-05T16:15:00Z,460.7
SpC_RA_dowstream_051023.xlsx,2023-10-05T16:01:10Z,2023-10-05T16:01:10Z,544.3000000000001,29.42,NA,NA,NA,NA,NA,NA,RA,downstream,2023-10-05,20835564,2023-10-05T19:01:10Z,500.0918779860346,5947,154,295,137,9.46,13:15:00,2023-10-05T16:15:00Z,460.7
SpC_RA_dowstream_051023.xlsx,2023-10-05T16:01:20Z,2023-10-05T16:01:20Z,543.9,29.41,NA,NA,NA,NA,NA,NA,RA,downstream,2023-10-05,20835564,2023-10-05T19:01:20Z,499.8162102554677,5947,154,295,137,9.46,13:15:00,2023-10-05T16:15:00Z,460.7
SpC_RA_dowstream_051023.xlsx,2023-10-05T16:01:30Z,2023-10-05T16:01:30Z,543.9,29.400000000000002,NA,NA,NA,NA,NA,NA,RA,downstream,2023-10-05,20835564,2023-10-05T19:01:30Z,499.9080882352941,5947,154,295,137,9.46,13:15:00,2023-10-05T16:15:00Z,460.7
SpC_RA_dowstream_051023.xlsx,2023-10-05T16:01:40Z,2023-10-05T16:01:40Z,543.9,29.41,NA,NA,NA,NA,NA,NA,RA,downstream,2023-10-05,20835564,2023-10-05T19:01:40Z,499.8162102554677,5947,154,295,137,9.46,13:15:00,2023-10-05T16:15:00Z,460.7
SpC_RA_dowstream_051023.xlsx,2023-10-05T16:01:50Z,2023-10-05T16:01:50Z,543.2,29.36,NA,NA,NA,NA,NA,NA,RA,downstream,2023-10-05,20835564,2023-10-05T19:01:50Z,499.6320824135394,5947,154,295,137,9.46,13:15:00,2023-10-05T16:15:00Z,460.7
SpC_RA_dowstream_051023.xlsx,2023-10-05T16:02:00Z,2023-10-05T16:02:00Z,543.9,29.35,NA,NA,NA,NA,NA,NA,RA,downstream,2023-10-05,20835564,2023-10-05T19:02:00Z,500.36798528058875,5947,154,295,137,9.46,13:15:00,2023-10-05T16:15:00Z,460.7
SpC_RA_dowstream_051023.xlsx,2023-10-05T16:02:10Z,2023-10-05T16:02:10Z,543.2,29.32,NA,NA,NA,NA,NA,NA,RA,downstream,2023-10-05,20835564,2023-10-05T19:02:10Z,500,5947,154,295,137,9.46,13:15:00,2023-10-05T16:15:00Z,460.7
SpC_RA_dowstream_051023.xlsx,2023-10-05T16:02:20Z,2023-10-05T16:02:20Z,543.2,29.310000000000002,NA,NA,NA,NA,NA,NA,RA,downstream,2023-10-05,20835564,2023-10-05T19:02:20Z,500.09206407659735,5947,154,295,137,9.46,13:15:00,2023-10-05T16:15:00Z,460.7
SpC_RA_dowstream_051023.xlsx,2023-10-05T16:02:30Z,2023-10-05T16:02:30Z,543.2,29.3,NA,NA,NA,NA,NA,NA,RA,downstream,2023-10-05,20835564,2023-10-05T19:02:30Z,500.1841620626151,5947,154,295,137,9.46,13:15:00,2023-10-05T16:15:00Z,460.7
SpC_RA_dowstream_051023.xlsx,2023-10-05T16:02:40Z,2023-10-05T16:02:40Z,543.2,29.29,NA,NA,NA,NA,NA,NA,RA,downstream,2023-10-05,20835564,2023-10-05T19:02:40Z,500.2762939767914,5947,154,295,137,9.46,13:15:00,2023-10-05T16:15:00Z,460.7
SpC_RA_dowstream_051023.xlsx,2023-10-05T16:02:50Z,2023-10-05T16:02:50Z,542.8000000000001,29.26,NA,NA,NA,NA,NA,NA,RA,downstream,2023-10-05,20835564,2023-10-05T19:02:50Z,500.18429782528574,5947,154,295,137,9.46,13:15:00,2023-10-05T16:15:00Z,460.7
SpC_RA_dowstream_051023.xlsx,2023-10-05T16:03:00Z,2023-10-05T16:03:00Z,542.5,29.240000000000002,NA,NA,NA,NA,NA,NA,RA,downstream,2023-10-05,20835564,2023-10-05T19:03:00Z,500.09218289085544,5947,154,295,137,9.46,13:15:00,2023-10-05T16:15:00Z,460.7
SpC_RA_dowstream_051023.xlsx,2023-10-05T16:03:10Z,2023-10-05T16:03:10Z,541.7,29.19,NA,NA,NA,NA,NA,NA,RA,downstream,2023-10-05,20835564,2023-10-05T19:03:10Z,499.81546410776895,5947,154,295,137,9.46,13:15:00,2023-10-05T16:15:00Z,460.7
SpC_RA_dowstream_051023.xlsx,2023-10-05T16:03:20Z,2023-10-05T16:03:20Z,542.1,29.19,NA,NA,NA,NA,NA,NA,RA,downstream,2023-10-05,20835564,2023-10-05T19:03:20Z,500.184535892231,5947,154,295,137,9.46,13:15:00,2023-10-05T16:15:00Z,460.7
SpC_RA_dowstream_051023.xlsx,2023-10-05T16:03:30Z,2023-10-05T16:03:30Z,541.8000000000001,29.18,NA,NA,NA,NA,NA,NA,RA,downstream,2023-10-05,20835564,2023-10-05T19:03:30Z,500.0000000000001,5947,154,295,137,9.46,13:15:00,2023-10-05T16:15:00Z,460.7
SpC_RA_dowstream_051023.xlsx,2023-10-05T16:03:40Z,2023-10-05T16:03:40Z,541.8000000000001,29.18,NA,NA,NA,NA,NA,NA,RA,downstream,2023-10-05,20835564,2023-10-05T19:03:40Z,500.0000000000001,5947,154,295,137,9.46,13:15:00,2023-10-05T16:15:00Z,460.7
SpC_RA_dowstream_051023.xlsx,2023-10-05T16:03:50Z,2023-10-05T16:03:50Z,541.7,29.19,NA,NA,NA,NA,NA,NA,RA,downstream,2023-10-05,20835564,2023-10-05T19:03:50Z,499.81546410776895,5947,154,295,137,9.46,13:15:00,2023-10-05T16:15:00Z,460.7
SpC_RA_dowstream_051023.xlsx,2023-10-05T16:04:00Z,2023-10-05T16:04:00Z,541.8000000000001,29.18,NA,NA,NA,NA,NA,NA,RA,downstream,2023-10-05,20835564,2023-10-05T19:04:00Z,500.0000000000001,5947,154,295,137,9.46,13:15:00,2023-10-05T16:15:00Z,460.7
SpC_RA_dowstream_051023.xlsx,2023-10-05T16:04:10Z,2023-10-05T16:04:10Z,541.7,29.19,NA,NA,NA,NA,NA,NA,RA,downstream,2023-10-05,20835564,2023-10-05T19:04:10Z,499.81546410776895,5947,154,295,137,9.46,13:15:00,2023-10-05T16:15:00Z,460.7
SpC_RA_dowstream_051023.xlsx,2023-10-05T16:04:20Z,2023-10-05T16:04:20Z,541.8000000000001,29.18,NA,NA,NA,NA,NA,NA,RA,downstream,2023-10-05,20835564,2023-10-05T19:04:20Z,500.0000000000001,5947,154,295,137,9.46,13:15:00,2023-10-05T16:15:00Z,460.7
SpC_RA_dowstream_051023.xlsx,2023-10-05T16:04:30Z,2023-10-05T16:04:30Z,541,29.14,NA,NA,NA,NA,NA,NA,RA,downstream,2023-10-05,20835564,2023-10-05T19:04:30Z,499.6305873660879,5947,154,295,137,9.46,13:15:00,2023-10-05T16:15:00Z,460.7
SpC_RA_dowstream_051023.xlsx,2023-10-05T16:04:40Z,2023-10-05T16:04:40Z,541,29.14,NA,NA,NA,NA,NA,NA,RA,downstream,2023-10-05,20835564,2023-10-05T19:04:40Z,499.6305873660879,5947,154,295,137,9.46,13:15:00,2023-10-05T16:15:00Z,460.7
SpC_RA_dowstream_051023.xlsx,2023-10-05T16:04:50Z,2023-10-05T16:04:50Z,541,29.150000000000002,NA,NA,NA,NA,NA,NA,RA,downstream,2023-10-05,20835564,2023-10-05T19:04:50Z,499.5383194829178,5947,154,295,137,9.46,13:15:00,2023-10-05T16:15:00Z,460.7
SpC_RA_dowstream_051023.xlsx,2023-10-05T16:05:00Z,2023-10-05T16:05:00Z,541.4,29.150000000000002,NA,NA,NA,NA,NA,NA,RA,downstream,2023-10-05,20835564,2023-10-05T19:05:00Z,499.9076638965836,5947,154,295,137,9.46,13:15:00,2023-10-05T16:15:00Z,460.7
SpC_RA_dowstream_051023.xlsx,2023-10-05T16:05:10Z,2023-10-05T16:05:10Z,541,29.17,NA,NA,NA,NA,NA,NA,RA,downstream,2023-10-05,20835564,2023-10-05T19:05:10Z,499.35388591471286,5947,154,295,137,9.46,13:15:00,2023-10-05T16:15:00Z,460.7
