source_file,date_raw,time_raw,full_range_uscm,temp_c,spc_calculated_uscm,coupler_detached,coupler_attached,host_connected,stopped,end_of_file,stream,station,date,logger_serial,datetime,spc_uscm,nacl_mass_g,amonium_added_g,phophate_added_g,reach_length_m,reach_mean_width_m,addition_time,addition_datetime,background_spc
SpC_RA_upstream_051023.xlsx,2023-10-05T12:46:30Z,2023-10-05T12:46:30Z,553.3000000000001,28.76,NA,NA,NA,NA,NA,NA,RA,upstream,2023-10-05,20835561,2023-10-05T15:46:30Z,514.6019345238096,5947,154,295,137,9.46,13:15:00,2023-10-05T16:15:00Z,460.7
SpC_RA_upstream_051023.xlsx,2023-10-05T12:47:00Z,2023-10-05T12:47:00Z,553.3000000000001,28.67,NA,NA,NA,NA,NA,NA,RA,upstream,2023-10-05,20835561,2023-10-05T15:47:00Z,515.4648779578908,5947,154,295,137,9.46,13:15:00,2023-10-05T16:15:00Z,460.7
SpC_RA_upstream_051023.xlsx,2023-10-05T12:47:30Z,2023-10-05T12:47:30Z,553.3000000000001,28.68,NA,NA,NA,NA,NA,NA,RA,upstream,2023-10-05,20835561,2023-10-05T15:47:30Z,515.3688524590165,5947,154,295,137,9.46,13:15:00,2023-10-05T16:15:00Z,460.7
SpC_RA_upstream_051023.xlsx,2023-10-05T12:48:00Z,2023-10-05T12:48:00Z,553.4,28.64,NA,NA,NA,NA,NA,NA,RA,upstream,2023-10-05,20835561,2023-10-05T15:48:00Z,515.8463832960477,5947,154,295,137,9.46,13:15:00,2023-10-05T16:15:00Z,460.7
SpC_RA_upstream_051023.xlsx,2023-10-05T12:48:30Z,2023-10-05T12:48:30Z,553.4,28.63,NA,NA,NA,NA,NA,NA,RA,upstream,2023-10-05,20835561,2023-10-05T15:48:30Z,515.9425694573932,5947,154,295,137,9.46,13:15:00,2023-10-05T16:15:00Z,460.7
SpC_RA_upstream_051023.xlsx,2023-10-05T12:49:00Z,2023-10-05T12:49:00Z,553,28.62,NA,NA,NA,NA,NA,NA,RA,upstream,2023-10-05,20835561,2023-10-05T15:49:00Z,515.6657963446476,5947,154,295,137,9.46,13:15:00,2023-10-05T16:15:00Z,460.7
SpC_RA_upstream_051023.xlsx,2023-10-05T12:49:30Z,2023-10-05T12:49:30Z,553.4,28.63,NA,NA,NA,NA,NA,NA,RA,upstream,2023-10-05,20835561,2023-10-05T15:49:30Z,515.9425694573932,5947,154,295,137,9.46,13:15:00,2023-10-05T16:15:00Z,460.7
SpC_RA_upstream_051023.xlsx,2023-10-05T12:50:00Z,2023-10-05T12:50:00Z,553.4,28.64,NA,NA,NA,NA,NA,NA,RA,upstream,2023-10-05,20835561,2023-10-05T15:50:00Z,515.8463832960477,5947,154,295,137,9.46,13:15:00,2023-10-05T16:15:00Z,460.7
SpC_RA_upstream_051023.xlsx,2023-10-05T12:50:30Z,2023-10-05T12:50:30Z,553,28.61,NA,NA,NA,NA,NA,NA,RA,upstream,2023-10-05,20835561,2023-10-05T15:50:30Z,515.7619847043462,5947,154,295,137,9.46,13:15:00,2023-10-05T16:15:00Z,460.7
SpC_RA_upstream_051023.xlsx,2023-10-05T12:51:00Z,2023-10-05T12:51:00Z,553.3000000000001,28.69,NA,NA,NA,NA,NA,NA,RA,upstream,2023-10-05,20835561,2023-10-05T15:51:00Z,515.2728627304899,5947,154,295,137,9.46,13:15:00,2023-10-05T16:15:00Z,460.7
SpC_RA_upstream_051023.xlsx,2023-10-05T12:51:30Z,2023-10-05T12:51:30Z,552.9,28.67,NA,NA,NA,NA,NA,NA,RA,upstream,2023-10-05,20835561,2023-10-05T15:51:30Z,515.0922302962548,5947,154,295,137,9.46,13:15:00,2023-10-05T16:15:00Z,460.7
SpC_RA_upstream_051023.xlsx,2023-10-05T12:52:00Z,2023-10-05T12:52:00Z,553.3000000000001,28.69,NA,NA,NA,NA,NA,NA,RA,upstream,2023-10-05,20835561,2023-10-05T15:52:00Z,515.2728627304899,5947,154,295,137,9.46,13:15:00,2023-10-05T16:15:00Z,460.7
SpC_RA_upstream_051023.xlsx,2023-10-05T12:52:30Z,2023-10-05T12:52:30Z,553.3000000000001,28.73,NA,NA,NA,NA,NA,NA,RA,upstream,2023-10-05,20835561,2023-10-05T15:52:30Z,514.889261120417,5947,154,295,137,9.46,13:15:00,2023-10-05T16:15:00Z,460.7
SpC_RA_upstream_051023.xlsx,2023-10-05T12:53:00Z,2023-10-05T12:53:00Z,553.3000000000001,28.740000000000002,NA,NA,NA,NA,NA,NA,RA,upstream,2023-10-05,20835561,2023-10-05T15:53:00Z,514.7934499441758,5947,154,295,137,9.46,13:15:00,2023-10-05T16:15:00Z,460.7
SpC_RA_upstream_051023.xlsx,2023-10-05T12:53:30Z,2023-10-05T12:53:30Z,553.3000000000001,28.72,NA,NA,NA,NA,NA,NA,RA,upstream,2023-10-05,20835561,2023-10-05T15:53:30Z,514.9851079672376,5947,154,295,137,9.46,13:15:00,2023-10-05T16:15:00Z,460.7
SpC_RA_upstream_051023.xlsx,2023-10-05T12:54:00Z,2023-10-05T12:54:00Z,553.3000000000001,28.740000000000002,NA,NA,NA,NA,NA,NA,RA,upstream,2023-10-05,20835561,2023-10-05T15:54:00Z,514.7934499441758,5947,154,295,137,9.46,13:15:00,2023-10-05T16:15:00Z,460.7
SpC_RA_upstream_051023.xlsx,2023-10-05T12:54:30Z,2023-10-05T12:54:30Z,552.9,28.650000000000002,NA,NA,NA,NA,NA,NA,RA,upstream,2023-10-05,20835561,2023-10-05T15:54:30Z,515.2842497670084,5947,154,295,137,9.46,13:15:00,2023-10-05T16:15:00Z,460.7
SpC_RA_upstream_051023.xlsx,2023-10-05T12:55:00Z,2023-10-05T12:55:00Z,552.5,28.650000000000002,NA,NA,NA,NA,NA,NA,RA,upstream,2023-10-05,20835561,2023-10-05T15:55:00Z,514.9114631873252,5947,154,295,137,9.46,13:15:00,2023-10-05T16:15:00Z,460.7
SpC_RA_upstream_051023.xlsx,2023-10-05T12:55:30Z,2023-10-05T12:55:30Z,552.6,28.63,NA,NA,NA,NA,NA,NA,RA,upstream,2023-10-05,20835561,2023-10-05T15:55:30Z,515.1967182547082,5947,154,295,137,9.46,13:15:00,2023-10-05T16:15:00Z,460.7
SpC_RA_upstream_051023.xlsx,2023-10-05T12:56:00Z,2023-10-05T12:56:00Z,552.6,28.62,NA,NA,NA,NA,NA,NA,RA,upstream,2023-10-05,20835561,2023-10-05T15:56:00Z,515.2928011935845,5947,154,295,137,9.46,13:15:00,2023-10-05T16:15:00Z,460.7
SpC_RA_upstream_051023.xlsx,2023-10-05T12:56:30Z,2023-10-05T12:56:30Z,552.2,28.59,NA,NA,NA,NA,NA,NA,RA,upstream,2023-10-05,20835561,2023-10-05T15:56:30Z,515.2080612054488,5947,154,295,137,9.46,13:15:00,2023-10-05T16:15:00Z,460.7
SpC_RA_upstream_051023.xlsx,2023-10-05T12:57:00Z,2023-10-05T12:57:00Z,552.2,28.61,NA,NA,NA,NA,NA,NA,RA,upstream,2023-10-05,20835561,2023-10-05T15:57:00Z,515.015855250886,5947,154,295,137,9.46,13:15:00,2023-10-05T16:15:00Z,460.7
SpC_RA_upstream_051023.xlsx,2023-10-05T12:57:30Z,2023-10-05T12:57:30Z,552.2,28.57,NA,NA,NA,NA,NA,NA,RA,upstream,2023-10-05,20835561,2023-10-05T15:57:30Z,515.4004106776182,5947,154,295,137,9.46,13:15:00,2023-10-05T16:15:00Z,460.7
SpC_RA_upstream_051023.xlsx,2023-10-05T12:58:00Z,2023-10-05T12:58:00Z,552.2,28.580000000000002,NA,NA,NA,NA,NA,NA,RA,upstream,2023-10-05,20835561,2023-10-05T15:58:00Z,515.3042179917879,5947,154,295,137,9.46,13:15:00,2023-10-05T16:15:00Z,460.7
SpC_RA_upstream_051023.xlsx,2023-10-05T12:58:30Z,2023-10-05T12:58:30Z,551.4,28.57,NA,NA,NA,NA,NA,NA,RA,upstream,2023-10-05,20835561,2023-10-05T15:58:30Z,514.6537240993093,5947,154,295,137,9.46,13:15:00,2023-10-05T16:15:00Z,460.7
SpC_RA_upstream_051023.xlsx,2023-10-05T12:59:00Z,2023-10-05T12:59:00Z,551.4,28.54,NA,NA,NA,NA,NA,NA,RA,upstream,2023-10-05,20835561,2023-10-05T15:59:00Z,514.9420993649608,5947,154,295,137,9.46,13:15:00,2023-10-05T16:15:00Z,460.7
SpC_RA_upstream_051023.xlsx,2023-10-05T12:59:30Z,2023-10-05T12:59:30Z,551.4,28.57,NA,NA,NA,NA,NA,NA,RA,upstream,2023-10-05,20835561,2023-10-05T15:59:30Z,514.6537240993093,5947,154,295,137,9.46,13:15:00,2023-10-05T16:15:00Z,460.7
SpC_RA_upstream_051023.xlsx,2023-10-05T13:00:00Z,2023-10-05T13:00:00Z,551.8000000000001,28.580000000000002,NA,NA,NA,NA,NA,NA,RA,upstream,2023-10-05,20835561,2023-10-05T16:00:00Z,514.9309443822322,5947,154,295,137,9.46,13:15:00,2023-10-05T16:15:00Z,460.7
SpC_RA_upstream_051023.xlsx,2023-10-05T13:00:30Z,2023-10-05T13:00:30Z,551.4,28.560000000000002,NA,NA,NA,NA,NA,NA,RA,upstream,2023-10-05,20835561,2023-10-05T16:00:30Z,514.7498132935025,5947,154,295,137,9.46,13:15:00,2023-10-05T16:15:00Z,460.7
SpC_RA_upstream_051023.xlsx,2023-10-05T13:01:00Z,2023-10-05T13:01:00Z,551.4,28.580000000000002,NA,NA,NA,NA,NA,NA,RA,upstream,2023-10-05,20835561,2023-10-05T16:01:00Z,514.5576707726763,5947,154,295,137,9.46,13:15:00,2023-10-05T16:15:00Z,460.7
SpC_RA_upstream_051023.xlsx,2023-10-05T13:01:30Z,2023-10-05T13:01:30Z,551.4,28.57,NA,NA,NA,NA,NA,NA,RA,upstream,2023-10-05,20835561,2023-10-05T16:01:30Z,514.6537240993093,5947,154,295,137,9.46,13:15:00,2023-10-05T16:15:00Z,460.7
SpC_RA_upstream_051023.xlsx,2023-10-05T13:02:00Z,2023-10-05T13:02:00Z,551.8000000000001,28.580000000000002,NA,NA,NA,NA,NA,NA,RA,upstream,2023-10-05,20835561,2023-10-05T16:02:00Z,514.9309443822322,5947,154,295,137,9.46,13:15:00,2023-10-05T16:15:00Z,460.7
SpC_RA_upstream_051023.xlsx,2023-10-05T13:02:30Z,2023-10-05T13:02:30Z,551.4,28.59,NA,NA,NA,NA,NA,NA,RA,upstream,2023-10-05,20835561,2023-10-05T16:02:30Z,514.4616532935248,5947,154,295,137,9.46,13:15:00,2023-10-05T16:15:00Z,460.7
SpC_RA_upstream_051023.xlsx,2023-10-05T13:03:00Z,2023-10-05T13:03:00Z,551.4,28.61,NA,NA,NA,NA,NA,NA,RA,upstream,2023-10-05,20835561,2023-10-05T16:03:00Z,514.2697257974258,5947,154,295,137,9.46,13:15:00,2023-10-05T16:15:00Z,460.7
SpC_RA_upstream_051023.xlsx,2023-10-05T13:03:30Z,2023-10-05T13:03:30Z,552.1,28.68,NA,NA,NA,NA,NA,NA,RA,upstream,2023-10-05,20835561,2023-10-05T16:03:30Z,514.2511177347244,5947,154,295,137,9.46,13:15:00,2023-10-05T16:15:00Z,460.7
SpC_RA_upstream_051023.xlsx,2023-10-05T13:04:00Z,2023-10-05T13:04:00Z,551.8000000000001,28.62,NA,NA,NA,NA,NA,NA,RA,upstream,2023-10-05,20835561,2023-10-05T16:04:00Z,514.5468108914584,5947,154,295,137,9.46,13:15:00,2023-10-05T16:15:00Z,460.7
SpC_RA_upstream_051023.xlsx,2023-10-05T13:04:30Z,2023-10-05T13:04:30Z,551.4,28.580000000000002,NA,NA,NA,NA,NA,NA,RA,upstream,2023-10-05,20835561,2023-10-05T16:04:30Z,514.5576707726763,5947,154,295,137,9.46,13:15:00,2023-10-05T16:15:00Z,460.7
SpC_RA_upstream_051023.xlsx,2023-10-05T13:05:00Z,2023-10-05T13:05:00Z,552.1,28.68,NA,NA,NA,NA,NA,NA,RA,upstream,2023-10-05,20835561,2023-10-05T16:05:00Z,514.2511177347244,5947,154,295,137,9.46,13:15:00,2023-10-05T16:15:00Z,460.7
SpC_RA_upstream_051023.xlsx,2023-10-05T13:05:30Z,2023-10-05T13:05:30Z,552.1,28.67,NA,NA,NA,NA,NA,NA,RA,upstream,2023-10-05,20835561,2023-10-05T16:05:30Z,514.346934972983,5947,154,295,137,9.46,13:15:00,2023-10-05T16:15:00Z,460.7
SpC_RA_upstream_051023.xlsx,2023-10-05T13:06:00Z,2023-10-05T13:06:00Z,551.4,28.59,NA,NA,NA,NA,NA,NA,RA,upstream,2023-10-05,20835561,2023-10-05T16:06:00Z,514.4616532935248,5947,154,295,137,9.46,13:15:00,2023-10-05T16:15:00Z,460.7
SpC_RA_upstream_051023.xlsx,2023-10-05T13:06:30Z,2023-10-05T13:06:30Z,551.4,28.63,NA,NA,NA,NA,NA,NA,RA,upstream,2023-10-05,20835561,2023-10-05T16:06:30Z,514.0779414506806,5947,154,295,137,9.46,13:15:00,2023-10-05T16:15:00Z,460.7
SpC_RA_upstream_051023.xlsx,2023-10-05T13:07:00Z,2023-10-05T13:07:00Z,552.1,28.68,NA,NA,NA,NA,NA,NA,RA,upstream,2023-10-05,20835561,2023-10-05T16:07:00Z,514.2511177347244,5947,154,295,137,9.46,13:15:00,2023-10-05T16:15:00Z,460.7
SpC_RA_upstream_051023.xlsx,2023-10-05T13:07:30Z,2023-10-05T13:07:30Z,552.5,28.69,NA,NA,NA,NA,NA,NA,RA,upstream,2023-10-05,20835561,2023-10-05T16:07:30Z,514.5278450363196,5947,154,295,137,9.46,13:15:00,2023-10-05T16:15:00Z,460.7
SpC_RA_upstream_051023.xlsx,2023-10-05T13:08:00Z,2023-10-05T13:08:00Z,552.5,28.78,NA,NA,NA,NA,NA,NA,RA,upstream,2023-10-05,20835561,2023-10-05T16:08:00Z,513.6667906284864,5947,154,295,137,9.46,13:15:00,2023-10-05T16:15:00Z,460.7
SpC_RA_upstream_051023.xlsx,2023-10-05T13:08:30Z,2023-10-05T13:08:30Z,552.5,28.740000000000002,NA,NA,NA,NA,NA,NA,RA,upstream,2023-10-05,20835561,2023-10-05T16:08:30Z,514.0491254186826,5947,154,295,137,9.46,13:15:00,2023-10-05T16:15:00Z,460.7
SpC_RA_upstream_051023.xlsx,2023-10-05T13:09:00Z,2023-10-05T13:09:00Z,552.5,28.75,NA,NA,NA,NA,NA,NA,RA,upstream,2023-10-05,20835561,2023-10-05T16:09:00Z,513.953488372093,5947,154,295,137,9.46,13:15:00,2023-10-05T16:15:00Z,460.7
SpC_RA_upstream_051023.xlsx,2023-10-05T13:09:30Z,2023-10-05T13:09:30Z,552.5,28.75,NA,NA,NA,NA,NA,NA,RA,upstream,2023-10-05,20835561,2023-10-05T16:09:30Z,513.953488372093,5947,154,295,137,9.46,13:15:00,2023-10-05T16:15:00Z,460.7
SpC_RA_upstream_051023.xlsx,2023-10-05T13:10:00Z,2023-10-05T13:10:00Z,552.5,28.73,NA,NA,NA,NA,NA,NA,RA,upstream,2023-10-05,20835561,2023-10-05T16:10:00Z,514.144798064396,5947,154,295,137,9.46,13:15:00,2023-10-05T16:15:00Z,460.7
SpC_RA_upstream_051023.xlsx,2023-10-05T13:10:30Z,2023-10-05T13:10:30Z,552.5,28.740000000000002,NA,NA,NA,NA,NA,NA,RA,upstream,2023-10-05,20835561,2023-10-05T16:10:30Z,514.0491254186826,5947,154,295,137,9.46,13:15:00,2023-10-05T16:15:00Z,460.7
SpC_RA_upstream_051023.xlsx,2023-10-05T13:11:00Z,2023-10-05T13:11:00Z,552.9,28.79,NA,NA,NA,NA,NA,NA,RA,upstream,2023-10-05,20835561,2023-10-05T16:11:00Z,513.9431121026213,5947,154,295,137,9.46,13:15:00,2023-10-05T16:15:00Z,460.7
SpC_RA_upstream_051023.xlsx,2023-10-05T13:11:30Z,2023-10-05T13:11:30Z,552.9,28.8,NA,NA,NA,NA,NA,NA,RA,upstream,2023-10-05,20835561,2023-10-05T16:11:30Z,513.8475836431227,5947,154,295,137,9.46,13:15:00,2023-10-05T16:15:00Z,460.7
SpC_RA_upstream_051023.xlsx,2023-10-05T13:12:00Z,2023-10-05T13:12:00Z,552.9,28.78,NA,NA,NA,NA,NA,NA,RA,upstream,2023-10-05,20835561,2023-10-05T16:12:00Z,514.0386760877649,5947,154,295,137,9.46,13:15:00,2023-10-05T16:15:00Z,460.7
SpC_RA_upstream_051023.xlsx,2023-10-05T13:12:30Z,2023-10-05T13:12:30Z,552.9,28.8,NA,NA,NA,NA,NA,NA,RA,upstream,2023-10-05,20835561,2023-10-05T16:12:30Z,513.8475836431227,5947,154,295,137,9.46,13:15:00,2023-10-05T16:15:00Z,460.7
SpC_RA_upstream_051023.xlsx,2023-10-05T13:13:00Z,2023-10-05T13:13:00Z,553.2,28.87,NA,NA,NA,NA,NA,NA,RA,upstream,2023-10-05,20835561,2023-10-05T16:13:00Z,513.4583255986636,5947,154,295,137,9.46,13:15:00,2023-10-05T16:15:00Z,460.7
SpC_RA_upstream_051023.xlsx,2023-10-05T13:13:30Z,2023-10-05T13:13:30Z,553.3000000000001,28.8,NA,NA,NA,NA,NA,NA,RA,upstream,2023-10-05,20835561,2023-10-05T16:13:30Z,514.2193308550186,5947,154,295,137,9.46,13:15:00,2023-10-05T16:15:00Z,460.7
SpC_RA_upstream_051023.xlsx,2023-10-05T13:14:00Z,2023-10-05T13:14:00Z,552.9,28.79,NA,NA,NA,NA,NA,NA,RA,upstream,2023-10-05,20835561,2023-10-05T16:14:00Z,513.9431121026213,5947,154,295,137,9.46,13:15:00,2023-10-05T16:15:00Z,460.7
SpC_RA_upstream_051023.xlsx,2023-10-05T13:14:30Z,2023-10-05T13:14:30Z,552.9,28.78,NA,NA,NA,NA,NA,NA,RA,upstream,2023-10-05,20835561,2023-10-05T16:14:30Z,514.0386760877649,5947,154,295,137,9.46,13:15:00,2023-10-05T16:15:00Z,460.7
SpC_RA_upstream_051023.xlsx,2023-10-05T13:15:00Z,2023-10-05T13:15:00Z,552.9,28.78,NA,NA,NA,NA,NA,NA,RA,upstream,2023-10-05,20835561,2023-10-05T16:15:00Z,514.0386760877649,5947,154,295,137,9.46,13:15:00,2023-10-05T16:15:00Z,460.7
SpC_RA_upstream_051023.xlsx,2023-10-05T13:15:30Z,2023-10-05T13:15:30Z,552.9,28.79,NA,NA,NA,NA,NA,NA,RA,upstream,2023-10-05,20835561,2023-10-05T16:15:30Z,513.9431121026213,5947,154,295,137,9.46,13:15:00,2023-10-05T16:15:00Z,460.7
SpC_RA_upstream_051023.xlsx,2023-10-05T13:16:00Z,2023-10-05T13:16:00Z,552.8000000000001,28.830000000000002,NA,NA,NA,NA,NA,NA,RA,upstream,2023-10-05,20835561,2023-10-05T16:16:00Z,513.4683262121495,5947,154,295,137,9.46,13:15:00,2023-10-05T16:15:00Z,460.7
SpC_RA_upstream_051023.xlsx,2023-10-05T13:16:30Z,2023-10-05T13:16:30Z,552.9,28.76,NA,NA,NA,NA,NA,NA,RA,upstream,2023-10-05,20835561,2023-10-05T16:16:30Z,514.2299107142858,5947,154,295,137,9.46,13:15:00,2023-10-05T16:15:00Z,460.7
SpC_RA_upstream_051023.xlsx,2023-10-05T13:17:00Z,2023-10-05T13:17:00Z,552.9,28.8,NA,NA,NA,NA,NA,NA,RA,upstream,2023-10-05,20835561,2023-10-05T16:17:00Z,513.8475836431227,5947,154,295,137,9.46,13:15:00,2023-10-05T16:15:00Z,460.7
SpC_RA_upstream_051023.xlsx,2023-10-05T13:17:30Z,2023-10-05T13:17:30Z,553.2,28.830000000000002,NA,NA,NA,NA,NA,NA,RA,upstream,2023-10-05,20835561,2023-10-05T16:17:30Z,513.839866245588,5947,154,295,137,9.46,13:15:00,2023-10-05T16:15:00Z,460.7
SpC_RA_upstream_051023.xlsx,2023-10-05T13:18:00Z,2023-10-05T13:18:00Z,553.2,28.85,NA,NA,NA,NA,NA,NA,RA,upstream,2023-10-05,20835561,2023-10-05T16:18:00Z,513.6490250696379,5947,154,295,137,9.46,13:15:00,2023-10-05T16:15:00Z,460.7
SpC_RA_upstream_051023.xlsx,2023-10-05T13:18:30Z,2023-10-05T13:18:30Z,553.2,28.84,NA,NA,NA,NA,NA,NA,RA,upstream,2023-10-05,20835561,2023-10-05T16:18:30Z,513.7444279346212,5947,154,295,137,9.46,13:15:00,2023-10-05T16:15:00Z,460.7
SpC_RA_upstream_051023.xlsx,2023-10-05T13:19:00Z,2023-10-05T13:19:00Z,553.2,28.85,NA,NA,NA,NA,NA,NA,RA,upstream,2023-10-05,20835561,2023-10-05T16:19:00Z,513.6490250696379,5947,154,295,137,9.46,13:15:00,2023-10-05T16:15:00Z,460.7
SpC_RA_upstream_051023.xlsx,2023-10-05T13:19:30Z,2023-10-05T13:19:30Z,553.6,28.900000000000002,NA,NA,NA,NA,NA,NA,RA,upstream,2023-10-05,20835561,2023-10-05T16:19:30Z,513.5435992578849,5947,154,295,137,9.46,13:15:00,2023-10-05T16:15:00Z,460.7
SpC_RA_upstream_051023.xlsx,2023-10-05T13:20:00Z,2023-10-05T13:20:00Z,553.2,28.87,NA,NA,NA,NA,NA,NA,RA,upstream,2023-10-05,20835561,2023-10-05T16:20:00Z,513.4583255986636,5947,154,295,137,9.46,13:15:00,2023-10-05T16:15:00Z,460.7
SpC_RA_upstream_051023.xlsx,2023-10-05T13:20:30Z,2023-10-05T13:20:30Z,1102.7,28.91,NA,NA,NA,NA,NA,NA,RA,upstream,2023-10-05,20835561,2023-10-05T16:20:30Z,1022.7230569467631,5947,154,295,137,9.46,13:15:00,2023-10-05T16:15:00Z,460.7
SpC_RA_upstream_051023.xlsx,2023-10-05T13:21:00Z,2023-10-05T13:21:00Z,2004.5,28.94,NA,NA,NA,NA,NA,NA,RA,upstream,2023-10-05,20835561,2023-10-05T16:21:00Z,1858.0830552465702,5947,154,295,137,9.46,13:15:00,2023-10-05T16:15:00Z,460.7
SpC_RA_upstream_051023.xlsx,2023-10-05T13:21:30Z,2023-10-05T13:21:30Z,1264.8000000000002,28.91,NA,NA,NA,NA,NA,NA,RA,upstream,2023-10-05,20835561,2023-10-05T16:21:30Z,1173.066221480245,5947,154,295,137,9.46,13:15:00,2023-10-05T16:15:00Z,460.7
SpC_RA_upstream_051023.xlsx,2023-10-05T13:22:00Z,2023-10-05T13:22:00Z,767.9000000000001,28.900000000000002,NA,NA,NA,NA,NA,NA,RA,upstream,2023-10-05,20835561,2023-10-05T16:22:00Z,712.3376623376623,5947,154,295,137,9.46,13:15:00,2023-10-05T16:15:00Z,460.7
SpC_RA_upstream_051023.xlsx,2023-10-05T13:22:30Z,2023-10-05T13:22:30Z,618,28.91,NA,NA,NA,NA,NA,NA,RA,upstream,2023-10-05,20835561,2023-10-05T16:22:30Z,573.1775180856984,5947,154,295,137,9.46,13:15:00,2023-10-05T16:15:00Z,460.7
SpC_RA_upstream_051023.xlsx,2023-10-05T13:23:00Z,2023-10-05T13:23:00Z,571.6,28.84,NA,NA,NA,NA,NA,NA,RA,upstream,2023-10-05,20835561,2023-10-05T16:23:00Z,530.8320950965825,5947,154,295,137,9.46,13:15:00,2023-10-05T16:15:00Z,460.7
SpC_RA_upstream_051023.xlsx,2023-10-05T13:23:30Z,2023-10-05T13:23:30Z,563.2,28.830000000000002,NA,NA,NA,NA,NA,NA,RA,upstream,2023-10-05,20835561,2023-10-05T16:23:30Z,523.128367081553,5947,154,295,137,9.46,13:15:00,2023-10-05T16:15:00Z,460.7
SpC_RA_upstream_051023.xlsx,2023-10-05T13:24:00Z,2023-10-05T13:24:00Z,558.4,28.810000000000002,NA,NA,NA,NA,NA,NA,RA,upstream,2023-10-05,20835561,2023-10-05T16:24:00Z,518.8626649321687,5947,154,295,137,9.46,13:15:00,2023-10-05T16:15:00Z,460.7
SpC_RA_upstream_051023.xlsx,2023-10-05T13:24:30Z,2023-10-05T13:24:30Z,556.8000000000001,28.8,NA,NA,NA,NA,NA,NA,RA,upstream,2023-10-05,20835561,2023-10-05T16:24:30Z,517.4721189591079,5947,154,295,137,9.46,13:15:00,2023-10-05T16:15:00Z,460.7
SpC_RA_upstream_051023.xlsx,2023-10-05T13:25:00Z,2023-10-05T13:25:00Z,556.1,28.78,NA,NA,NA,NA,NA,NA,RA,upstream,2023-10-05,20835561,2023-10-05T16:25:00Z,517.0137597619932,5947,154,295,137,9.46,13:15:00,2023-10-05T16:15:00Z,460.7
SpC_RA_upstream_051023.xlsx,2023-10-05T13:25:30Z,2023-10-05T13:25:30Z,554.5,28.75,NA,NA,NA,NA,NA,NA,RA,upstream,2023-10-05,20835561,2023-10-05T16:25:30Z,515.8139534883721,5947,154,295,137,9.46,13:15:00,2023-10-05T16:15:00Z,460.7
SpC_RA_upstream_051023.xlsx,2023-10-05T13:26:00Z,2023-10-05T13:26:00Z,554.1,28.740000000000002,NA,NA,NA,NA,NA,NA,RA,upstream,2023-10-05,20835561,2023-10-05T16:26:00Z,515.5377744696688,5947,154,295,137,9.46,13:15:00,2023-10-05T16:15:00Z,460.7
SpC_RA_upstream_051023.xlsx,2023-10-05T13:26:30Z,2023-10-05T13:26:30Z,553.7,28.73,NA,NA,NA,NA,NA,NA,RA,upstream,2023-10-05,20835561,2023-10-05T16:26:30Z,515.2614926484274,5947,154,295,137,9.46,13:15:00,2023-10-05T16:15:00Z,460.7
SpC_RA_upstream_051023.xlsx,2023-10-05T13:27:00Z,2023-10-05T13:27:00Z,553.3000000000001,28.72,NA,NA,NA,NA,NA,NA,RA,upstream,2023-10-05,20835561,2023-10-05T16:27:00Z,514.9851079672376,5947,154,295,137,9.46,13:15:00,2023-10-05T16:15:00Z,460.7
SpC_RA_upstream_051023.xlsx,2023-10-05T13:27:30Z,2023-10-05T13:27:30Z,552.5,28.68,NA,NA,NA,NA,NA,NA,RA,upstream,2023-10-05,20835561,2023-10-05T16:27:30Z,514.6236959761551,5947,154,295,137,9.46,13:15:00,2023-10-05T16:15:00Z,460.7
SpC_RA_upstream_051023.xlsx,2023-10-05T13:28:00Z,2023-10-05T13:28:00Z,552.5,28.69,NA,NA,NA,NA,NA,NA,RA,upstream,2023-10-05,20835561,2023-10-05T16:28:00Z,514.5278450363196,5947,154,295,137,9.46,13:15:00,2023-10-05T16:15:00Z,460.7
SpC_RA_upstream_051023.xlsx,2023-10-05T13:28:30Z,2023-10-05T13:28:30Z,552.5,28.68,NA,NA,NA,NA,NA,NA,RA,upstream,2023-10-05,20835561,2023-10-05T16:28:30Z,514.6236959761551,5947,154,295,137,9.46,13:15:00,2023-10-05T16:15:00Z,460.7
SpC_RA_upstream_051023.xlsx,2023-10-05T13:29:00Z,2023-10-05T13:29:00Z,552.5,28.650000000000002,NA,NA,NA,NA,NA,NA,RA,upstream,2023-10-05,20835561,2023-10-05T16:29:00Z,514.9114631873252,5947,154,295,137,9.46,13:15:00,2023-10-05T16:15:00Z,460.7
SpC_RA_upstream_051023.xlsx,2023-10-05T13:29:30Z,2023-10-05T13:29:30Z,551.8000000000001,28.650000000000002,NA,NA,NA,NA,NA,NA,RA,upstream,2023-10-05,20835561,2023-10-05T16:29:30Z,514.2590866728799,5947,154,295,137,9.46,13:15:00,2023-10-05T16:15:00Z,460.7
SpC_RA_upstream_051023.xlsx,2023-10-05T13:30:00Z,2023-10-05T13:30:00Z,551.8000000000001,28.650000000000002,NA,NA,NA,NA,NA,NA,RA,upstream,2023-10-05,20835561,2023-10-05T16:30:00Z,514.2590866728799,5947,154,295,137,9.46,13:15:00,2023-10-05T16:15:00Z,460.7
SpC_RA_upstream_051023.xlsx,2023-10-05T13:30:30Z,2023-10-05T13:30:30Z,551.8000000000001,28.650000000000002,NA,NA,NA,NA,NA,NA,RA,upstream,2023-10-05,20835561,2023-10-05T16:30:30Z,514.2590866728799,5947,154,295,137,9.46,13:15:00,2023-10-05T16:15:00Z,460.7
SpC_RA_upstream_051023.xlsx,2023-10-05T13:31:00Z,2023-10-05T13:31:00Z,551.8000000000001,28.650000000000002,NA,NA,NA,NA,NA,NA,RA,upstream,2023-10-05,20835561,2023-10-05T16:31:00Z,514.2590866728799,5947,154,295,137,9.46,13:15:00,2023-10-05T16:15:00Z,460.7
SpC_RA_upstream_051023.xlsx,2023-10-05T13:31:30Z,2023-10-05T13:31:30Z,551.8000000000001,28.64,NA,NA,NA,NA,NA,NA,RA,upstream,2023-10-05,20835561,2023-10-05T16:31:30Z,514.3549589858316,5947,154,295,137,9.46,13:15:00,2023-10-05T16:15:00Z,460.7
SpC_RA_upstream_051023.xlsx,2023-10-05T13:32:00Z,2023-10-05T13:32:00Z,551.8000000000001,28.64,NA,NA,NA,NA,NA,NA,RA,upstream,2023-10-05,20835561,2023-10-05T16:32:00Z,514.3549589858316,5947,154,295,137,9.46,13:15:00,2023-10-05T16:15:00Z,460.7
SpC_RA_upstream_051023.xlsx,2023-10-05T13:32:30Z,2023-10-05T13:32:30Z,551.4,28.63,NA,NA,NA,NA,NA,NA,RA,upstream,2023-10-05,20835561,2023-10-05T16:32:30Z,514.0779414506806,5947,154,295,137,9.46,13:15:00,2023-10-05T16:15:00Z,460.7
SpC_RA_upstream_051023.xlsx,2023-10-05T13:33:00Z,2023-10-05T13:33:00Z,551.4,28.63,NA,NA,NA,NA,NA,NA,RA,upstream,2023-10-05,20835561,2023-10-05T16:33:00Z,514.0779414506806,5947,154,295,137,9.46,13:15:00,2023-10-05T16:15:00Z,460.7
SpC_RA_upstream_051023.xlsx,2023-10-05T13:33:30Z,2023-10-05T13:33:30Z,551.4,28.63,NA,NA,NA,NA,NA,NA,RA,upstream,2023-10-05,20835561,2023-10-05T16:33:30Z,514.0779414506806,5947,154,295,137,9.46,13:15:00,2023-10-05T16:15:00Z,460.7
SpC_RA_upstream_051023.xlsx,2023-10-05T13:34:00Z,2023-10-05T13:34:00Z,552.6,28.61,NA,NA,NA,NA,NA,NA,RA,upstream,2023-10-05,20835561,2023-10-05T16:34:00Z,515.3889199776161,5947,154,295,137,9.46,13:15:00,2023-10-05T16:15:00Z,460.7
SpC_RA_upstream_051023.xlsx,2023-10-05T13:34:30Z,2023-10-05T13:34:30Z,552.6,28.62,NA,NA,NA,NA,NA,NA,RA,upstream,2023-10-05,20835561,2023-10-05T16:34:30Z,515.2928011935845,5947,154,295,137,9.46,13:15:00,2023-10-05T16:15:00Z,460.7
SpC_RA_upstream_051023.xlsx,2023-10-05T13:35:00Z,2023-10-05T13:35:00Z,552.6,28.63,NA,NA,NA,NA,NA,NA,RA,upstream,2023-10-05,20835561,2023-10-05T16:35:00Z,515.1967182547082,5947,154,295,137,9.46,13:15:00,2023-10-05T16:15:00Z,460.7
SpC_RA_upstream_051023.xlsx,2023-10-05T13:35:30Z,2023-10-05T13:35:30Z,552.6,28.63,NA,NA,NA,NA,NA,NA,RA,upstream,2023-10-05,20835561,2023-10-05T16:35:30Z,515.1967182547082,5947,154,295,137,9.46,13:15:00,2023-10-05T16:15:00Z,460.7
SpC_RA_upstream_051023.xlsx,2023-10-05T13:36:00Z,2023-10-05T13:36:00Z,551.8000000000001,28.62,NA,NA,NA,NA,NA,NA,RA,upstream,2023-10-05,20835561,2023-10-05T16:36:00Z,514.5468108914584,5947,154,295,137,9.46,13:15:00,2023-10-05T16:15:00Z,460.7
SpC_RA_upstream_051023.xlsx,2023-10-05T13:36:30Z,2023-10-05T13:36:30Z,552.2,28.61,NA,NA,NA,NA,NA,NA,RA,upstream,2023-10-05,20835561,2023-10-05T16:36:30Z,515.015855250886,5947,154,295,137,9.46,13:15:00,2023-10-05T16:15:00Z,460.7
SpC_RA_upstream_051023.xlsx,2023-10-05T13:37:00Z,2023-10-05T13:37:00Z,551.8000000000001,28.61,NA,NA,NA,NA,NA,NA,RA,upstream,2023-10-05,20835561,2023-10-05T16:37:00Z,514.642790524156,5947,154,295,137,9.46,13:15:00,2023-10-05T16:15:00Z,460.7
SpC_RA_upstream_051023.xlsx,2023-10-05T13:37:30Z,2023-10-05T13:37:30Z,552.2,28.59,NA,NA,NA,NA,NA,NA,RA,upstream,2023-10-05,20835561,2023-10-05T16:37:30Z,515.2080612054488,5947,154,295,137,9.46,13:15:00,2023-10-05T16:15:00Z,460.7
SpC_RA_upstream_051023.xlsx,2023-10-05T13:38:00Z,2023-10-05T13:38:00Z,551.8000000000001,28.59,NA,NA,NA,NA,NA,NA,RA,upstream,2023-10-05,20835561,2023-10-05T16:38:00Z,514.8348572494868,5947,154,295,137,9.46,13:15:00,2023-10-05T16:15:00Z,460.7
SpC_RA_upstream_051023.xlsx,2023-10-05T13:38:30Z,2023-10-05T13:38:30Z,551.8000000000001,28.57,NA,NA,NA,NA,NA,NA,RA,upstream,2023-10-05,20835561,2023-10-05T16:38:30Z,515.0270673884638,5947,154,295,137,9.46,13:15:00,2023-10-05T16:15:00Z,460.7
SpC_RA_upstream_051023.xlsx,2023-10-05T13:39:00Z,2023-10-05T13:39:00Z,551.4,28.57,NA,NA,NA,NA,NA,NA,RA,upstream,2023-10-05,20835561,2023-10-05T16:39:00Z,514.6537240993093,5947,154,295,137,9.46,13:15:00,2023-10-05T16:15:00Z,460.7
SpC_RA_upstream_051023.xlsx,2023-10-05T13:39:30Z,2023-10-05T13:39:30Z,551.8000000000001,28.57,NA,NA,NA,NA,NA,NA,RA,upstream,2023-10-05,20835561,2023-10-05T16:39:30Z,515.0270673884638,5947,154,295,137,9.46,13:15:00,2023-10-05T16:15:00Z,460.7
SpC_RA_upstream_051023.xlsx,2023-10-05T13:40:00Z,2023-10-05T13:40:00Z,551.4,28.57,NA,NA,NA,NA,NA,NA,RA,upstream,2023-10-05,20835561,2023-10-05T16:40:00Z,514.6537240993093,5947,154,295,137,9.46,13:15:00,2023-10-05T16:15:00Z,460.7
SpC_RA_upstream_051023.xlsx,2023-10-05T13:40:30Z,2023-10-05T13:40:30Z,551.8000000000001,28.580000000000002,NA,NA,NA,NA,NA,NA,RA,upstream,2023-10-05,20835561,2023-10-05T16:40:30Z,514.9309443822322,5947,154,295,137,9.46,13:15:00,2023-10-05T16:15:00Z,460.7
SpC_RA_upstream_051023.xlsx,2023-10-05T13:41:00Z,2023-10-05T13:41:00Z,551.8000000000001,28.57,NA,NA,NA,NA,NA,NA,RA,upstream,2023-10-05,20835561,2023-10-05T16:41:00Z,515.0270673884638,5947,154,295,137,9.46,13:15:00,2023-10-05T16:15:00Z,460.7
SpC_RA_upstream_051023.xlsx,2023-10-05T13:41:30Z,2023-10-05T13:41:30Z,551.4,28.560000000000002,NA,NA,NA,NA,NA,NA,RA,upstream,2023-10-05,20835561,2023-10-05T16:41:30Z,514.7498132935025,5947,154,295,137,9.46,13:15:00,2023-10-05T16:15:00Z,460.7
SpC_RA_upstream_051023.xlsx,2023-10-05T13:42:00Z,2023-10-05T13:42:00Z,551.8000000000001,28.560000000000002,NA,NA,NA,NA,NA,NA,RA,upstream,2023-10-05,20835561,2023-10-05T16:42:00Z,515.12322628827485,5947,154,295,137,9.46,13:15:00,2023-10-05T16:15:00Z,460.7
SpC_RA_upstream_051023.xlsx,2023-10-05T13:42:30Z,2023-10-05T13:42:30Z,551.8000000000001,28.54,NA,NA,NA,NA,NA,NA,RA,upstream,2023-10-05,20835561,2023-10-05T16:42:30Z,515.3156518490849,5947,154,295,137,9.46,13:15:00,2023-10-05T16:15:00Z,460.7
SpC_RA_upstream_051023.xlsx,2023-10-05T13:43:00Z,2023-10-05T13:43:00Z,551.8000000000001,28.560000000000002,NA,NA,NA,NA,NA,NA,RA,upstream,2023-10-05,20835561,2023-10-05T16:43:00Z,515.12322628827485,5947,154,295,137,9.46,13:15:00,2023-10-05T16:15:00Z,460.7
SpC_RA_upstream_051023.xlsx,2023-10-05T13:43:30Z,2023-10-05T13:43:30Z,551.8000000000001,28.560000000000002,NA,NA,NA,NA,NA,NA,RA,upstream,2023-10-05,20835561,2023-10-05T16:43:30Z,515.12322628827485,5947,154,295,137,9.46,13:15:00,2023-10-05T16:15:00Z,460.7
SpC_RA_upstream_051023.xlsx,2023-10-05T13:44:00Z,2023-10-05T13:44:00Z,551.8000000000001,28.560000000000002,NA,NA,NA,NA,NA,NA,RA,upstream,2023-10-05,20835561,2023-10-05T16:44:00Z,515.12322628827485,5947,154,295,137,9.46,13:15:00,2023-10-05T16:15:00Z,460.7
SpC_RA_upstream_051023.xlsx,2023-10-05T13:44:30Z,2023-10-05T13:44:30Z,551.8000000000001,28.560000000000002,NA,NA,NA,NA,NA,NA,RA,upstream,2023-10-05,20835561,2023-10-05T16:44:30Z,515.12322628827485,5947,154,295,137,9.46,13:15:00,2023-10-05T16:15:00Z,460.7
SpC_RA_upstream_051023.xlsx,2023-10-05T13:45:00Z,2023-10-05T13:45:00Z,551.8000000000001,28.57,NA,NA,NA,NA,NA,NA,RA,upstream,2023-10-05,20835561,2023-10-05T16:45:00Z,515.0270673884638,5947,154,295,137,9.46,13:15:00,2023-10-05T16:15:00Z,460.7
SpC_RA_upstream_051023.xlsx,2023-10-05T13:45:30Z,2023-10-05T13:45:30Z,551.4,28.57,NA,NA,NA,NA,NA,NA,RA,upstream,2023-10-05,20835561,2023-10-05T16:45:30Z,514.6537240993093,5947,154,295,137,9.46,13:15:00,2023-10-05T16:15:00Z,460.7
SpC_RA_upstream_051023.xlsx,2023-10-05T13:46:00Z,2023-10-05T13:46:00Z,551.4,28.57,NA,NA,NA,NA,NA,NA,RA,upstream,2023-10-05,20835561,2023-10-05T16:46:00Z,514.6537240993093,5947,154,295,137,9.46,13:15:00,2023-10-05T16:15:00Z,460.7
SpC_RA_upstream_051023.xlsx,2023-10-05T13:46:30Z,2023-10-05T13:46:30Z,551.8000000000001,28.560000000000002,NA,NA,NA,NA,NA,NA,RA,upstream,2023-10-05,20835561,2023-10-05T16:46:30Z,515.12322628827485,5947,154,295,137,9.46,13:15:00,2023-10-05T16:15:00Z,460.7
SpC_RA_upstream_051023.xlsx,2023-10-05T13:47:00Z,2023-10-05T13:47:00Z,551.4,28.57,NA,NA,NA,NA,NA,NA,RA,upstream,2023-10-05,20835561,2023-10-05T16:47:00Z,514.6537240993093,5947,154,295,137,9.46,13:15:00,2023-10-05T16:15:00Z,460.7
SpC_RA_upstream_051023.xlsx,2023-10-05T13:47:30Z,2023-10-05T13:47:30Z,551.8000000000001,28.580000000000002,NA,NA,NA,NA,NA,NA,RA,upstream,2023-10-05,20835561,2023-10-05T16:47:30Z,514.9309443822322,5947,154,295,137,9.46,13:15:00,2023-10-05T16:15:00Z,460.7
SpC_RA_upstream_051023.xlsx,2023-10-05T13:48:00Z,2023-10-05T13:48:00Z,551.8000000000001,28.580000000000002,NA,NA,NA,NA,NA,NA,RA,upstream,2023-10-05,20835561,2023-10-05T16:48:00Z,514.9309443822322,5947,154,295,137,9.46,13:15:00,2023-10-05T16:15:00Z,460.7
SpC_RA_upstream_051023.xlsx,2023-10-05T13:48:30Z,2023-10-05T13:48:30Z,551.8000000000001,28.57,NA,NA,NA,NA,NA,NA,RA,upstream,2023-10-05,20835561,2023-10-05T16:48:30Z,515.0270673884638,5947,154,295,137,9.46,13:15:00,2023-10-05T16:15:00Z,460.7
SpC_RA_upstream_051023.xlsx,2023-10-05T13:49:00Z,2023-10-05T13:49:00Z,551.8000000000001,28.57,NA,NA,NA,NA,NA,NA,RA,upstream,2023-10-05,20835561,2023-10-05T16:49:00Z,515.0270673884638,5947,154,295,137,9.46,13:15:00,2023-10-05T16:15:00Z,460.7
SpC_RA_upstream_051023.xlsx,2023-10-05T13:49:30Z,2023-10-05T13:49:30Z,551.8000000000001,28.57,NA,NA,NA,NA,NA,NA,RA,upstream,2023-10-05,20835561,2023-10-05T16:49:30Z,515.0270673884638,5947,154,295,137,9.46,13:15:00,2023-10-05T16:15:00Z,460.7
SpC_RA_upstream_051023.xlsx,2023-10-05T13:50:00Z,2023-10-05T13:50:00Z,551.8000000000001,28.57,NA,NA,NA,NA,NA,NA,RA,upstream,2023-10-05,20835561,2023-10-05T16:50:00Z,515.0270673884638,5947,154,295,137,9.46,13:15:00,2023-10-05T16:15:00Z,460.7
SpC_RA_upstream_051023.xlsx,2023-10-05T13:50:30Z,2023-10-05T13:50:30Z,551.4,28.57,NA,NA,NA,NA,NA,NA,RA,upstream,2023-10-05,20835561,2023-10-05T16:50:30Z,514.6537240993093,5947,154,295,137,9.46,13:15:00,2023-10-05T16:15:00Z,460.7
SpC_RA_upstream_051023.xlsx,2023-10-05T13:51:00Z,2023-10-05T13:51:00Z,551.8000000000001,28.61,NA,NA,NA,NA,NA,NA,RA,upstream,2023-10-05,20835561,2023-10-05T16:51:00Z,514.642790524156,5947,154,295,137,9.46,13:15:00,2023-10-05T16:15:00Z,460.7
SpC_RA_upstream_051023.xlsx,2023-10-05T13:51:30Z,2023-10-05T13:51:30Z,551.8000000000001,28.59,NA,NA,NA,NA,NA,NA,RA,upstream,2023-10-05,20835561,2023-10-05T16:51:30Z,514.8348572494868,5947,154,295,137,9.46,13:15:00,2023-10-05T16:15:00Z,460.7
SpC_RA_upstream_051023.xlsx,2023-10-05T13:52:00Z,2023-10-05T13:52:00Z,551.8000000000001,28.580000000000002,NA,NA,NA,NA,NA,NA,RA,upstream,2023-10-05,20835561,2023-10-05T16:52:00Z,514.9309443822322,5947,154,295,137,9.46,13:15:00,2023-10-05T16:15:00Z,460.7
SpC_RA_upstream_051023.xlsx,2023-10-05T13:52:30Z,2023-10-05T13:52:30Z,551.8000000000001,28.580000000000002,NA,NA,NA,NA,NA,NA,RA,upstream,2023-10-05,20835561,2023-10-05T16:52:30Z,514.9309443822322,5947,154,295,137,9.46,13:15:00,2023-10-05T16:15:00Z,460.7
SpC_RA_upstream_051023.xlsx,2023-10-05T13:53:00Z,2023-10-05T13:53:00Z,551.8000000000001,28.57,NA,NA,NA,NA,NA,NA,RA,upstream,2023-10-05,20835561,2023-10-05T16:53:00Z,515.0270673884638,5947,154,295,137,9.46,13:15:00,2023-10-05T16:15:00Z,460.7
SpC_RA_upstream_051023.xlsx,2023-10-05T13:53:30Z,2023-10-05T13:53:30Z,551.8000000000001,28.59,NA,NA,NA,NA,NA,NA,RA,upstream,2023-10-05,20835561,2023-10-05T16:53:30Z,514.8348572494868,5947,154,295,137,9.46,13:15:00,2023-10-05T16:15:00Z,460.7
SpC_RA_upstream_051023.xlsx,2023-10-05T13:54:00Z,2023-10-05T13:54:00Z,551.8000000000001,28.580000000000002,NA,NA,NA,NA,NA,NA,RA,upstream,2023-10-05,20835561,2023-10-05T16:54:00Z,514.9309443822322,5947,154,295,137,9.46,13:15:00,2023-10-05T16:15:00Z,460.7
SpC_RA_upstream_051023.xlsx,2023-10-05T13:54:30Z,2023-10-05T13:54:30Z,551.8000000000001,28.580000000000002,NA,NA,NA,NA,NA,NA,RA,upstream,2023-10-05,20835561,2023-10-05T16:54:30Z,514.9309443822322,5947,154,295,137,9.46,13:15:00,2023-10-05T16:15:00Z,460.7
SpC_RA_upstream_051023.xlsx,2023-10-05T13:55:00Z,2023-10-05T13:55:00Z,551.4,28.580000000000002,NA,NA,NA,NA,NA,NA,RA,upstream,2023-10-05,20835561,2023-10-05T16:55:00Z,514.5576707726763,5947,154,295,137,9.46,13:15:00,2023-10-05T16:15:00Z,460.7
SpC_RA_upstream_051023.xlsx,2023-10-05T13:55:30Z,2023-10-05T13:55:30Z,551.4,28.560000000000002,NA,NA,NA,NA,NA,NA,RA,upstream,2023-10-05,20835561,2023-10-05T16:55:30Z,514.7498132935025,5947,154,295,137,9.46,13:15:00,2023-10-05T16:15:00Z,460.7
SpC_RA_upstream_051023.xlsx,2023-10-05T13:56:00Z,2023-10-05T13:56:00Z,551.8000000000001,28.57,NA,NA,NA,NA,NA,NA,RA,upstream,2023-10-05,20835561,2023-10-05T16:56:00Z,515.0270673884638,5947,154,295,137,9.46,13:15:00,2023-10-05T16:15:00Z,460.7
SpC_RA_upstream_051023.xlsx,2023-10-05T13:56:30Z,2023-10-05T13:56:30Z,551.4,28.580000000000002,NA,NA,NA,NA,NA,NA,RA,upstream,2023-10-05,20835561,2023-10-05T16:56:30Z,514.5576707726763,5947,154,295,137,9.46,13:15:00,2023-10-05T16:15:00Z,460.7
SpC_RA_upstream_051023.xlsx,2023-10-05T13:57:00Z,2023-10-05T13:57:00Z,551.8000000000001,28.59,NA,NA,NA,NA,NA,NA,RA,upstream,2023-10-05,20835561,2023-10-05T16:57:00Z,514.8348572494868,5947,154,295,137,9.46,13:15:00,2023-10-05T16:15:00Z,460.7
SpC_RA_upstream_051023.xlsx,2023-10-05T13:57:30Z,2023-10-05T13:57:30Z,551.4,28.580000000000002,NA,NA,NA,NA,NA,NA,RA,upstream,2023-10-05,20835561,2023-10-05T16:57:30Z,514.5576707726763,5947,154,295,137,9.46,13:15:00,2023-10-05T16:15:00Z,460.7
SpC_RA_upstream_051023.xlsx,2023-10-05T13:58:00Z,2023-10-05T13:58:00Z,551.4,28.57,NA,NA,NA,NA,NA,NA,RA,upstream,2023-10-05,20835561,2023-10-05T16:58:00Z,514.6537240993093,5947,154,295,137,9.46,13:15:00,2023-10-05T16:15:00Z,460.7
SpC_RA_upstream_051023.xlsx,2023-10-05T13:58:30Z,2023-10-05T13:58:30Z,551.4,28.580000000000002,NA,NA,NA,NA,NA,NA,RA,upstream,2023-10-05,20835561,2023-10-05T16:58:30Z,514.5576707726763,5947,154,295,137,9.46,13:15:00,2023-10-05T16:15:00Z,460.7
SpC_RA_upstream_051023.xlsx,2023-10-05T13:59:00Z,2023-10-05T13:59:00Z,551.4,28.580000000000002,NA,NA,NA,NA,NA,NA,RA,upstream,2023-10-05,20835561,2023-10-05T16:59:00Z,514.5576707726763,5947,154,295,137,9.46,13:15:00,2023-10-05T16:15:00Z,460.7
SpC_RA_upstream_051023.xlsx,2023-10-05T13:59:30Z,2023-10-05T13:59:30Z,551.8000000000001,28.580000000000002,NA,NA,NA,NA,NA,NA,RA,upstream,2023-10-05,20835561,2023-10-05T16:59:30Z,514.9309443822322,5947,154,295,137,9.46,13:15:00,2023-10-05T16:15:00Z,460.7
SpC_RA_upstream_051023.xlsx,2023-10-05T14:00:00Z,2023-10-05T14:00:00Z,551.8000000000001,28.57,NA,NA,NA,NA,NA,NA,RA,upstream,2023-10-05,20835561,2023-10-05T17:00:00Z,515.0270673884638,5947,154,295,137,9.46,13:15:00,2023-10-05T16:15:00Z,460.7
SpC_RA_upstream_051023.xlsx,2023-10-05T14:00:30Z,2023-10-05T14:00:30Z,551.8000000000001,28.580000000000002,NA,NA,NA,NA,NA,NA,RA,upstream,2023-10-05,20835561,2023-10-05T17:00:30Z,514.9309443822322,5947,154,295,137,9.46,13:15:00,2023-10-05T16:15:00Z,460.7
SpC_RA_upstream_051023.xlsx,2023-10-05T14:01:00Z,2023-10-05T14:01:00Z,551.8000000000001,28.580000000000002,NA,NA,NA,NA,NA,NA,RA,upstream,2023-10-05,20835561,2023-10-05T17:01:00Z,514.9309443822322,5947,154,295,137,9.46,13:15:00,2023-10-05T16:15:00Z,460.7
SpC_RA_upstream_051023.xlsx,2023-10-05T14:01:30Z,2023-10-05T14:01:30Z,551.4,28.57,NA,NA,NA,NA,NA,NA,RA,upstream,2023-10-05,20835561,2023-10-05T17:01:30Z,514.6537240993093,5947,154,295,137,9.46,13:15:00,2023-10-05T16:15:00Z,460.7
SpC_RA_upstream_051023.xlsx,2023-10-05T14:02:00Z,2023-10-05T14:02:00Z,551.4,28.580000000000002,NA,NA,NA,NA,NA,NA,RA,upstream,2023-10-05,20835561,2023-10-05T17:02:00Z,514.5576707726763,5947,154,295,137,9.46,13:15:00,2023-10-05T16:15:00Z,460.7
SpC_RA_upstream_051023.xlsx,2023-10-05T14:02:30Z,2023-10-05T14:02:30Z,551.4,28.580000000000002,NA,NA,NA,NA,NA,NA,RA,upstream,2023-10-05,20835561,2023-10-05T17:02:30Z,514.5576707726763,5947,154,295,137,9.46,13:15:00,2023-10-05T16:15:00Z,460.7
SpC_RA_upstream_051023.xlsx,2023-10-05T14:03:00Z,2023-10-05T14:03:00Z,551.4,28.59,NA,NA,NA,NA,NA,NA,RA,upstream,2023-10-05,20835561,2023-10-05T17:03:00Z,514.4616532935248,5947,154,295,137,9.46,13:15:00,2023-10-05T16:15:00Z,460.7
SpC_RA_upstream_051023.xlsx,2023-10-05T14:03:30Z,2023-10-05T14:03:30Z,551.8000000000001,28.580000000000002,NA,NA,NA,NA,NA,NA,RA,upstream,2023-10-05,20835561,2023-10-05T17:03:30Z,514.9309443822322,5947,154,295,137,9.46,13:15:00,2023-10-05T16:15:00Z,460.7
SpC_RA_upstream_051023.xlsx,2023-10-05T14:04:00Z,2023-10-05T14:04:00Z,551.8000000000001,28.63,NA,NA,NA,NA,NA,NA,RA,upstream,2023-10-05,20835561,2023-10-05T17:04:00Z,514.4508670520232,5947,154,295,137,9.46,13:15:00,2023-10-05T16:15:00Z,460.7
SpC_RA_upstream_051023.xlsx,2023-10-05T14:04:30Z,2023-10-05T14:04:30Z,552.2,28.62,NA,NA,NA,NA,NA,NA,RA,upstream,2023-10-05,20835561,2023-10-05T17:04:30Z,514.9198060425215,5947,154,295,137,9.46,13:15:00,2023-10-05T16:15:00Z,460.7
SpC_RA_upstream_051023.xlsx,2023-10-05T14:05:00Z,2023-10-05T14:05:00Z,551.8000000000001,28.62,NA,NA,NA,NA,NA,NA,RA,upstream,2023-10-05,20835561,2023-10-05T17:05:00Z,514.5468108914584,5947,154,295,137,9.46,13:15:00,2023-10-05T16:15:00Z,460.7
SpC_RA_upstream_051023.xlsx,2023-10-05T14:05:30Z,2023-10-05T14:05:30Z,551.8000000000001,28.63,NA,NA,NA,NA,NA,NA,RA,upstream,2023-10-05,20835561,2023-10-05T17:05:30Z,514.4508670520232,5947,154,295,137,9.46,13:15:00,2023-10-05T16:15:00Z,460.7
SpC_RA_upstream_051023.xlsx,2023-10-05T14:06:00Z,2023-10-05T14:06:00Z,551.8000000000001,28.62,NA,NA,NA,NA,NA,NA,RA,upstream,2023-10-05,20835561,2023-10-05T17:06:00Z,514.5468108914584,5947,154,295,137,9.46,13:15:00,2023-10-05T16:15:00Z,460.7
SpC_RA_upstream_051023.xlsx,2023-10-05T14:06:30Z,2023-10-05T14:06:30Z,551.8000000000001,28.62,NA,NA,NA,NA,NA,NA,RA,upstream,2023-10-05,20835561,2023-10-05T17:06:30Z,514.5468108914584,5947,154,295,137,9.46,13:15:00,2023-10-05T16:15:00Z,460.7
SpC_RA_upstream_051023.xlsx,2023-10-05T14:07:00Z,2023-10-05T14:07:00Z,551.8000000000001,28.62,NA,NA,NA,NA,NA,NA,RA,upstream,2023-10-05,20835561,2023-10-05T17:07:00Z,514.5468108914584,5947,154,295,137,9.46,13:15:00,2023-10-05T16:15:00Z,460.7
SpC_RA_upstream_051023.xlsx,2023-10-05T14:07:30Z,2023-10-05T14:07:30Z,551.8000000000001,28.61,NA,NA,NA,NA,NA,NA,RA,upstream,2023-10-05,20835561,2023-10-05T17:07:30Z,514.642790524156,5947,154,295,137,9.46,13:15:00,2023-10-05T16:15:00Z,460.7
SpC_RA_upstream_051023.xlsx,2023-10-05T14:08:00Z,2023-10-05T14:08:00Z,551.8000000000001,28.62,NA,NA,NA,NA,NA,NA,RA,upstream,2023-10-05,20835561,2023-10-05T17:08:00Z,514.5468108914584,5947,154,295,137,9.46,13:15:00,2023-10-05T16:15:00Z,460.7
SpC_RA_upstream_051023.xlsx,2023-10-05T14:08:30Z,2023-10-05T14:08:30Z,551.8000000000001,28.62,NA,NA,NA,NA,NA,NA,RA,upstream,2023-10-05,20835561,2023-10-05T17:08:30Z,514.5468108914584,5947,154,295,137,9.46,13:15:00,2023-10-05T16:15:00Z,460.7
SpC_RA_upstream_051023.xlsx,2023-10-05T14:09:00Z,2023-10-05T14:09:00Z,551.8000000000001,28.61,NA,NA,NA,NA,NA,NA,RA,upstream,2023-10-05,20835561,2023-10-05T17:09:00Z,514.642790524156,5947,154,295,137,9.46,13:15:00,2023-10-05T16:15:00Z,460.7
SpC_RA_upstream_051023.xlsx,2023-10-05T14:09:30Z,2023-10-05T14:09:30Z,551.8000000000001,28.62,NA,NA,NA,NA,NA,NA,RA,upstream,2023-10-05,20835561,2023-10-05T17:09:30Z,514.5468108914584,5947,154,295,137,9.46,13:15:00,2023-10-05T16:15:00Z,460.7
SpC_RA_upstream_051023.xlsx,2023-10-05T14:10:00Z,2023-10-05T14:10:00Z,551.8000000000001,28.62,NA,NA,NA,NA,NA,NA,RA,upstream,2023-10-05,20835561,2023-10-05T17:10:00Z,514.5468108914584,5947,154,295,137,9.46,13:15:00,2023-10-05T16:15:00Z,460.7
SpC_RA_upstream_051023.xlsx,2023-10-05T14:10:30Z,2023-10-05T14:10:30Z,551.8000000000001,28.64,NA,NA,NA,NA,NA,NA,RA,upstream,2023-10-05,20835561,2023-10-05T17:10:30Z,514.3549589858316,5947,154,295,137,9.46,13:15:00,2023-10-05T16:15:00Z,460.7
SpC_RA_upstream_051023.xlsx,2023-10-05T14:11:00Z,2023-10-05T14:11:00Z,551.8000000000001,28.64,NA,NA,NA,NA,NA,NA,RA,upstream,2023-10-05,20835561,2023-10-05T17:11:00Z,514.3549589858316,5947,154,295,137,9.46,13:15:00,2023-10-05T16:15:00Z,460.7
SpC_RA_upstream_051023.xlsx,2023-10-05T14:11:30Z,2023-10-05T14:11:30Z,551.8000000000001,28.63,NA,NA,NA,NA,NA,NA,RA,upstream,2023-10-05,20835561,2023-10-05T17:11:30Z,514.4508670520232,5947,154,295,137,9.46,13:15:00,2023-10-05T16:15:00Z,460.7
SpC_RA_upstream_051023.xlsx,2023-10-05T14:12:00Z,2023-10-05T14:12:00Z,551.7,28.67,NA,NA,NA,NA,NA,NA,RA,upstream,2023-10-05,20835561,2023-10-05T17:12:00Z,513.9742873113471,5947,154,295,137,9.46,13:15:00,2023-10-05T16:15:00Z,460.7
SpC_RA_upstream_051023.xlsx,2023-10-05T14:12:30Z,2023-10-05T14:12:30Z,552.5,28.7,NA,NA,NA,NA,NA,NA,RA,upstream,2023-10-05,20835561,2023-10-05T17:12:30Z,514.4320297951582,5947,154,295,137,9.46,13:15:00,2023-10-05T16:15:00Z,460.7
SpC_RA_upstream_051023.xlsx,2023-10-05T14:13:00Z,2023-10-05T14:13:00Z,552.5,28.72,NA,NA,NA,NA,NA,NA,RA,upstream,2023-10-05,20835561,2023-10-05T17:13:00Z,514.2405063291139,5947,154,295,137,9.46,13:15:00,2023-10-05T16:15:00Z,460.7
SpC_RA_upstream_051023.xlsx,2023-10-05T14:13:30Z,2023-10-05T14:13:30Z,552.5,28.76,NA,NA,NA,NA,NA,NA,RA,upstream,2023-10-05,20835561,2023-10-05T17:13:30Z,513.8578869047619,5947,154,295,137,9.46,13:15:00,2023-10-05T16:15:00Z,460.7
SpC_RA_upstream_051023.xlsx,2023-10-05T14:14:00Z,2023-10-05T14:14:00Z,552.5,28.76,NA,NA,NA,NA,NA,NA,RA,upstream,2023-10-05,20835561,2023-10-05T17:14:00Z,513.8578869047619,5947,154,295,137,9.46,13:15:00,2023-10-05T16:15:00Z,460.7
SpC_RA_upstream_051023.xlsx,2023-10-05T14:14:30Z,2023-10-05T14:14:30Z,553.3000000000001,28.8,NA,NA,NA,NA,NA,NA,RA,upstream,2023-10-05,20835561,2023-10-05T17:14:30Z,514.2193308550186,5947,154,295,137,9.46,13:15:00,2023-10-05T16:15:00Z,460.7
SpC_RA_upstream_051023.xlsx,2023-10-05T14:15:00Z,2023-10-05T14:15:00Z,553.2,28.84,NA,NA,NA,NA,NA,NA,RA,upstream,2023-10-05,20835561,2023-10-05T17:15:00Z,513.7444279346212,5947,154,295,137,9.46,13:15:00,2023-10-05T16:15:00Z,460.7
SpC_RA_upstream_051023.xlsx,2023-10-05T14:15:30Z,2023-10-05T14:15:30Z,553.3000000000001,28.76,NA,NA,NA,NA,NA,NA,RA,upstream,2023-10-05,20835561,2023-10-05T17:15:30Z,514.6019345238096,5947,154,295,137,9.46,13:15:00,2023-10-05T16:15:00Z,460.7
SpC_RA_upstream_051023.xlsx,2023-10-05T14:16:00Z,2023-10-05T14:16:00Z,553.3000000000001,28.79,NA,NA,NA,NA,NA,NA,RA,upstream,2023-10-05,20835561,2023-10-05T17:16:00Z,514.314928425358,5947,154,295,137,9.46,13:15:00,2023-10-05T16:15:00Z,460.7
SpC_RA_upstream_051023.xlsx,2023-10-05T14:16:30Z,2023-10-05T14:16:30Z,552.9,28.79,NA,NA,NA,NA,NA,NA,RA,upstream,2023-10-05,20835561,2023-10-05T17:16:30Z,513.9431121026213,5947,154,295,137,9.46,13:15:00,2023-10-05T16:15:00Z,460.7
SpC_RA_upstream_051023.xlsx,2023-10-05T14:17:00Z,2023-10-05T14:17:00Z,553.3000000000001,28.76,NA,NA,NA,NA,NA,NA,RA,upstream,2023-10-05,20835561,2023-10-05T17:17:00Z,514.6019345238096,5947,154,295,137,9.46,13:15:00,2023-10-05T16:15:00Z,460.7
SpC_RA_upstream_051023.xlsx,2023-10-05T14:17:30Z,2023-10-05T14:17:30Z,552.9,28.76,NA,NA,NA,NA,NA,NA,RA,upstream,2023-10-05,20835561,2023-10-05T17:17:30Z,514.2299107142858,5947,154,295,137,9.46,13:15:00,2023-10-05T16:15:00Z,460.7
SpC_RA_upstream_051023.xlsx,2023-10-05T14:18:00Z,2023-10-05T14:18:00Z,552.9,28.79,NA,NA,NA,NA,NA,NA,RA,upstream,2023-10-05,20835561,2023-10-05T17:18:00Z,513.9431121026213,5947,154,295,137,9.46,13:15:00,2023-10-05T16:15:00Z,460.7
SpC_RA_upstream_051023.xlsx,2023-10-05T14:18:30Z,2023-10-05T14:18:30Z,552.5,28.8,NA,NA,NA,NA,NA,NA,RA,upstream,2023-10-05,20835561,2023-10-05T17:18:30Z,513.4758364312268,5947,154,295,137,9.46,13:15:00,2023-10-05T16:15:00Z,460.7
SpC_RA_upstream_051023.xlsx,2023-10-05T14:19:00Z,2023-10-05T14:19:00Z,552.9,28.75,NA,NA,NA,NA,NA,NA,RA,upstream,2023-10-05,20835561,2023-10-05T17:19:00Z,514.3255813953489,5947,154,295,137,9.46,13:15:00,2023-10-05T16:15:00Z,460.7
SpC_RA_upstream_051023.xlsx,2023-10-05T14:19:30Z,2023-10-05T14:19:30Z,552.5,28.75,NA,NA,NA,NA,NA,NA,RA,upstream,2023-10-05,20835561,2023-10-05T17:19:30Z,513.953488372093,5947,154,295,137,9.46,13:15:00,2023-10-05T16:15:00Z,460.7
SpC_RA_upstream_051023.xlsx,2023-10-05T14:20:00Z,2023-10-05T14:20:00Z,553.2,28.84,NA,NA,NA,NA,NA,NA,RA,upstream,2023-10-05,20835561,2023-10-05T17:20:00Z,513.7444279346212,5947,154,295,137,9.46,13:15:00,2023-10-05T16:15:00Z,460.7
SpC_RA_upstream_051023.xlsx,2023-10-05T14:20:30Z,2023-10-05T14:20:30Z,552.9,28.810000000000002,NA,NA,NA,NA,NA,NA,RA,upstream,2023-10-05,20835561,2023-10-05T17:20:30Z,513.7520906894629,5947,154,295,137,9.46,13:15:00,2023-10-05T16:15:00Z,460.7
SpC_RA_upstream_051023.xlsx,2023-10-05T14:21:00Z,2023-10-05T14:21:00Z,552.5,28.78,NA,NA,NA,NA,NA,NA,RA,upstream,2023-10-05,20835561,2023-10-05T17:21:00Z,513.6667906284864,5947,154,295,137,9.46,13:15:00,2023-10-05T16:15:00Z,460.7
SpC_RA_upstream_051023.xlsx,2023-10-05T14:21:30Z,2023-10-05T14:21:30Z,553.2,28.86,NA,NA,NA,NA,NA,NA,RA,upstream,2023-10-05,20835561,2023-10-05T17:21:30Z,513.553657630895,5947,154,295,137,9.46,13:15:00,2023-10-05T16:15:00Z,460.7
SpC_RA_upstream_051023.xlsx,2023-10-05T14:22:00Z,2023-10-05T14:22:00Z,553.2,28.87,NA,NA,NA,NA,NA,NA,RA,upstream,2023-10-05,20835561,2023-10-05T17:22:00Z,513.4583255986636,5947,154,295,137,9.46,13:15:00,2023-10-05T16:15:00Z,460.7
SpC_RA_upstream_051023.xlsx,2023-10-05T14:22:30Z,2023-10-05T14:22:30Z,553.2,28.830000000000002,NA,NA,NA,NA,NA,NA,RA,upstream,2023-10-05,20835561,2023-10-05T17:22:30Z,513.839866245588,5947,154,295,137,9.46,13:15:00,2023-10-05T16:15:00Z,460.7
SpC_RA_upstream_051023.xlsx,2023-10-05T14:23:00Z,2023-10-05T14:23:00Z,553.2,28.85,NA,NA,NA,NA,NA,NA,RA,upstream,2023-10-05,20835561,2023-10-05T17:23:00Z,513.6490250696379,5947,154,295,137,9.46,13:15:00,2023-10-05T16:15:00Z,460.7
SpC_RA_upstream_051023.xlsx,2023-10-05T14:23:30Z,2023-10-05T14:23:30Z,553.6,28.89,NA,NA,NA,NA,NA,NA,RA,upstream,2023-10-05,20835561,2023-10-05T17:23:30Z,513.6388940434217,5947,154,295,137,9.46,13:15:00,2023-10-05T16:15:00Z,460.7
SpC_RA_upstream_051023.xlsx,2023-10-05T14:24:00Z,2023-10-05T14:24:00Z,553.6,28.89,NA,NA,NA,NA,NA,NA,RA,upstream,2023-10-05,20835561,2023-10-05T17:24:00Z,513.6388940434217,5947,154,295,137,9.46,13:15:00,2023-10-05T16:15:00Z,460.7
SpC_RA_upstream_051023.xlsx,2023-10-05T14:24:30Z,2023-10-05T14:24:30Z,553.6,28.87,NA,NA,NA,NA,NA,NA,RA,upstream,2023-10-05,20835561,2023-10-05T17:24:30Z,513.8295897531094,5947,154,295,137,9.46,13:15:00,2023-10-05T16:15:00Z,460.7
SpC_RA_upstream_051023.xlsx,2023-10-05T14:25:00Z,2023-10-05T14:25:00Z,553.6,28.89,NA,NA,NA,NA,NA,NA,RA,upstream,2023-10-05,20835561,2023-10-05T17:25:00Z,513.6388940434217,5947,154,295,137,9.46,13:15:00,2023-10-05T16:15:00Z,460.7
SpC_RA_upstream_051023.xlsx,2023-10-05T14:25:30Z,2023-10-05T14:25:30Z,553.6,28.85,NA,NA,NA,NA,NA,NA,RA,upstream,2023-10-05,20835561,2023-10-05T17:25:30Z,514.0204271123491,5947,154,295,137,9.46,13:15:00,2023-10-05T16:15:00Z,460.7
SpC_RA_upstream_051023.xlsx,2023-10-05T14:26:00Z,2023-10-05T14:26:00Z,553.6,28.86,NA,NA,NA,NA,NA,NA,RA,upstream,2023-10-05,20835561,2023-10-05T17:26:00Z,513.9249907166729,5947,154,295,137,9.46,13:15:00,2023-10-05T16:15:00Z,460.7
SpC_RA_upstream_051023.xlsx,2023-10-05T14:26:30Z,2023-10-05T14:26:30Z,553.6,28.84,NA,NA,NA,NA,NA,NA,RA,upstream,2023-10-05,20835561,2023-10-05T17:26:30Z,514.1158989598812,5947,154,295,137,9.46,13:15:00,2023-10-05T16:15:00Z,460.7
SpC_RA_upstream_051023.xlsx,2023-10-05T14:27:00Z,2023-10-05T14:27:00Z,553.2,28.84,NA,NA,NA,NA,NA,NA,RA,upstream,2023-10-05,20835561,2023-10-05T17:27:00Z,513.7444279346212,5947,154,295,137,9.46,13:15:00,2023-10-05T16:15:00Z,460.7
SpC_RA_upstream_051023.xlsx,2023-10-05T14:27:30Z,2023-10-05T14:27:30Z,553.3000000000001,28.810000000000002,NA,NA,NA,NA,NA,NA,RA,upstream,2023-10-05,20835561,2023-10-05T17:27:30Z,514.1237688162053,5947,154,295,137,9.46,13:15:00,2023-10-05T16:15:00Z,460.7
SpC_RA_upstream_051023.xlsx,2023-10-05T14:28:00Z,2023-10-05T14:28:00Z,553.3000000000001,28.810000000000002,NA,NA,NA,NA,NA,NA,RA,upstream,2023-10-05,20835561,2023-10-05T17:28:00Z,514.1237688162053,5947,154,295,137,9.46,13:15:00,2023-10-05T16:15:00Z,460.7
SpC_RA_upstream_051023.xlsx,2023-10-05T14:28:30Z,2023-10-05T14:28:30Z,553.3000000000001,28.79,NA,NA,NA,NA,NA,NA,RA,upstream,2023-10-05,20835561,2023-10-05T17:28:30Z,514.314928425358,5947,154,295,137,9.46,13:15:00,2023-10-05T16:15:00Z,460.7
SpC_RA_upstream_051023.xlsx,2023-10-05T14:29:00Z,2023-10-05T14:29:00Z,552.9,28.78,NA,NA,NA,NA,NA,NA,RA,upstream,2023-10-05,20835561,2023-10-05T17:29:00Z,514.0386760877649,5947,154,295,137,9.46,13:15:00,2023-10-05T16:15:00Z,460.7
SpC_RA_upstream_051023.xlsx,2023-10-05T14:29:30Z,2023-10-05T14:29:30Z,553.3000000000001,28.810000000000002,NA,NA,NA,NA,NA,NA,RA,upstream,2023-10-05,20835561,2023-10-05T17:29:30Z,514.1237688162053,5947,154,295,137,9.46,13:15:00,2023-10-05T16:15:00Z,460.7
SpC_RA_upstream_051023.xlsx,2023-10-05T14:30:00Z,2023-10-05T14:30:00Z,553.3000000000001,28.78,NA,NA,NA,NA,NA,NA,RA,upstream,2023-10-05,20835561,2023-10-05T17:30:00Z,514.4105615470435,5947,154,295,137,9.46,13:15:00,2023-10-05T16:15:00Z,460.7
SpC_RA_upstream_051023.xlsx,2023-10-05T14:30:30Z,2023-10-05T14:30:30Z,552.5,28.76,NA,NA,NA,NA,NA,NA,RA,upstream,2023-10-05,20835561,2023-10-05T17:30:30Z,513.8578869047619,5947,154,295,137,9.46,13:15:00,2023-10-05T16:15:00Z,460.7
SpC_RA_upstream_051023.xlsx,2023-10-05T14:31:00Z,2023-10-05T14:31:00Z,552.9,28.76,NA,NA,NA,NA,NA,NA,RA,upstream,2023-10-05,20835561,2023-10-05T17:31:00Z,514.2299107142858,5947,154,295,137,9.46,13:15:00,2023-10-05T16:15:00Z,460.7
SpC_RA_upstream_051023.xlsx,2023-10-05T14:31:30Z,2023-10-05T14:31:30Z,552.5,28.76,NA,NA,NA,NA,NA,NA,RA,upstream,2023-10-05,20835561,2023-10-05T17:31:30Z,513.8578869047619,5947,154,295,137,9.46,13:15:00,2023-10-05T16:15:00Z,460.7
SpC_RA_upstream_051023.xlsx,2023-10-05T14:32:00Z,2023-10-05T14:32:00Z,552.9,28.78,NA,NA,NA,NA,NA,NA,RA,upstream,2023-10-05,20835561,2023-10-05T17:32:00Z,514.0386760877649,5947,154,295,137,9.46,13:15:00,2023-10-05T16:15:00Z,460.7
SpC_RA_upstream_051023.xlsx,2023-10-05T14:32:30Z,2023-10-05T14:32:30Z,552.5,28.740000000000002,NA,NA,NA,NA,NA,NA,RA,upstream,2023-10-05,20835561,2023-10-05T17:32:30Z,514.0491254186826,5947,154,295,137,9.46,13:15:00,2023-10-05T16:15:00Z,460.7
SpC_RA_upstream_051023.xlsx,2023-10-05T14:33:00Z,2023-10-05T14:33:00Z,552.5,28.740000000000002,NA,NA,NA,NA,NA,NA,RA,upstream,2023-10-05,20835561,2023-10-05T17:33:00Z,514.0491254186826,5947,154,295,137,9.46,13:15:00,2023-10-05T16:15:00Z,460.7
SpC_RA_upstream_051023.xlsx,2023-10-05T14:33:30Z,2023-10-05T14:33:30Z,552.5,28.75,NA,NA,NA,NA,NA,NA,RA,upstream,2023-10-05,20835561,2023-10-05T17:33:30Z,513.953488372093,5947,154,295,137,9.46,13:15:00,2023-10-05T16:15:00Z,460.7
SpC_RA_upstream_051023.xlsx,2023-10-05T14:34:00Z,2023-10-05T14:34:00Z,552.5,28.740000000000002,NA,NA,NA,NA,NA,NA,RA,upstream,2023-10-05,20835561,2023-10-05T17:34:00Z,514.0491254186826,5947,154,295,137,9.46,13:15:00,2023-10-05T16:15:00Z,460.7
SpC_RA_upstream_051023.xlsx,2023-10-05T14:34:30Z,2023-10-05T14:34:30Z,552.5,28.73,NA,NA,NA,NA,NA,NA,RA,upstream,2023-10-05,20835561,2023-10-05T17:34:30Z,514.144798064396,5947,154,295,137,9.46,13:15:00,2023-10-05T16:15:00Z,460.7
SpC_RA_upstream_051023.xlsx,2023-10-05T14:35:00Z,2023-10-05T14:35:00Z,552.5,28.73,NA,NA,NA,NA,NA,NA,RA,upstream,2023-10-05,20835561,2023-10-05T17:35:00Z,514.144798064396,5947,154,295,137,9.46,13:15:00,2023-10-05T16:15:00Z,460.7
SpC_RA_upstream_051023.xlsx,2023-10-05T14:35:30Z,2023-10-05T14:35:30Z,552.5,28.73,NA,NA,NA,NA,NA,NA,RA,upstream,2023-10-05,20835561,2023-10-05T17:35:30Z,514.144798064396,5947,154,295,137,9.46,13:15:00,2023-10-05T16:15:00Z,460.7
SpC_RA_upstream_051023.xlsx,2023-10-05T14:36:00Z,2023-10-05T14:36:00Z,552.5,28.7,NA,NA,NA,NA,NA,NA,RA,upstream,2023-10-05,20835561,2023-10-05T17:36:00Z,514.4320297951582,5947,154,295,137,9.46,13:15:00,2023-10-05T16:15:00Z,460.7
SpC_RA_upstream_051023.xlsx,2023-10-05T14:36:30Z,2023-10-05T14:36:30Z,552.5,28.73,NA,NA,NA,NA,NA,NA,RA,upstream,2023-10-05,20835561,2023-10-05T17:36:30Z,514.144798064396,5947,154,295,137,9.46,13:15:00,2023-10-05T16:15:00Z,460.7
SpC_RA_upstream_051023.xlsx,2023-10-05T14:37:00Z,2023-10-05T14:37:00Z,552.5,28.72,NA,NA,NA,NA,NA,NA,RA,upstream,2023-10-05,20835561,2023-10-05T17:37:00Z,514.2405063291139,5947,154,295,137,9.46,13:15:00,2023-10-05T16:15:00Z,460.7
SpC_RA_upstream_051023.xlsx,2023-10-05T14:37:30Z,2023-10-05T14:37:30Z,552.1,28.73,NA,NA,NA,NA,NA,NA,RA,upstream,2023-10-05,20835561,2023-10-05T17:37:30Z,513.7725665363856,5947,154,295,137,9.46,13:15:00,2023-10-05T16:15:00Z,460.7
SpC_RA_upstream_051023.xlsx,2023-10-05T14:38:00Z,2023-10-05T14:38:00Z,552.5,28.73,NA,NA,NA,NA,NA,NA,RA,upstream,2023-10-05,20835561,2023-10-05T17:38:00Z,514.144798064396,5947,154,295,137,9.46,13:15:00,2023-10-05T16:15:00Z,460.7
SpC_RA_upstream_051023.xlsx,2023-10-05T14:38:30Z,2023-10-05T14:38:30Z,552.5,28.72,NA,NA,NA,NA,NA,NA,RA,upstream,2023-10-05,20835561,2023-10-05T17:38:30Z,514.2405063291139,5947,154,295,137,9.46,13:15:00,2023-10-05T16:15:00Z,460.7
SpC_RA_upstream_051023.xlsx,2023-10-05T14:39:00Z,2023-10-05T14:39:00Z,552.5,28.73,NA,NA,NA,NA,NA,NA,RA,upstream,2023-10-05,20835561,2023-10-05T17:39:00Z,514.144798064396,5947,154,295,137,9.46,13:15:00,2023-10-05T16:15:00Z,460.7
SpC_RA_upstream_051023.xlsx,2023-10-05T14:39:30Z,2023-10-05T14:39:30Z,552.5,28.72,NA,NA,NA,NA,NA,NA,RA,upstream,2023-10-05,20835561,2023-10-05T17:39:30Z,514.2405063291139,5947,154,295,137,9.46,13:15:00,2023-10-05T16:15:00Z,460.7
SpC_RA_upstream_051023.xlsx,2023-10-05T14:40:00Z,2023-10-05T14:40:00Z,552.5,28.73,NA,NA,NA,NA,NA,NA,RA,upstream,2023-10-05,20835561,2023-10-05T17:40:00Z,514.144798064396,5947,154,295,137,9.46,13:15:00,2023-10-05T16:15:00Z,460.7
SpC_RA_upstream_051023.xlsx,2023-10-05T14:40:30Z,2023-10-05T14:40:30Z,552.5,28.73,NA,NA,NA,NA,NA,NA,RA,upstream,2023-10-05,20835561,2023-10-05T17:40:30Z,514.144798064396,5947,154,295,137,9.46,13:15:00,2023-10-05T16:15:00Z,460.7
SpC_RA_upstream_051023.xlsx,2023-10-05T14:41:00Z,2023-10-05T14:41:00Z,552.5,28.73,NA,NA,NA,NA,NA,NA,RA,upstream,2023-10-05,20835561,2023-10-05T17:41:00Z,514.144798064396,5947,154,295,137,9.46,13:15:00,2023-10-05T16:15:00Z,460.7
SpC_RA_upstream_051023.xlsx,2023-10-05T14:41:30Z,2023-10-05T14:41:30Z,552.5,28.72,NA,NA,NA,NA,NA,NA,RA,upstream,2023-10-05,20835561,2023-10-05T17:41:30Z,514.2405063291139,5947,154,295,137,9.46,13:15:00,2023-10-05T16:15:00Z,460.7
SpC_RA_upstream_051023.xlsx,2023-10-05T14:42:00Z,2023-10-05T14:42:00Z,552.5,28.73,NA,NA,NA,NA,NA,NA,RA,upstream,2023-10-05,20835561,2023-10-05T17:42:00Z,514.144798064396,5947,154,295,137,9.46,13:15:00,2023-10-05T16:15:00Z,460.7
SpC_RA_upstream_051023.xlsx,2023-10-05T14:42:30Z,2023-10-05T14:42:30Z,552.5,28.73,NA,NA,NA,NA,NA,NA,RA,upstream,2023-10-05,20835561,2023-10-05T17:42:30Z,514.144798064396,5947,154,295,137,9.46,13:15:00,2023-10-05T16:15:00Z,460.7
SpC_RA_upstream_051023.xlsx,2023-10-05T14:43:00Z,2023-10-05T14:43:00Z,552.5,28.740000000000002,NA,NA,NA,NA,NA,NA,RA,upstream,2023-10-05,20835561,2023-10-05T17:43:00Z,514.0491254186826,5947,154,295,137,9.46,13:15:00,2023-10-05T16:15:00Z,460.7
SpC_RA_upstream_051023.xlsx,2023-10-05T14:43:30Z,2023-10-05T14:43:30Z,552.5,28.75,NA,NA,NA,NA,NA,NA,RA,upstream,2023-10-05,20835561,2023-10-05T17:43:30Z,513.953488372093,5947,154,295,137,9.46,13:15:00,2023-10-05T16:15:00Z,460.7
SpC_RA_upstream_051023.xlsx,2023-10-05T14:44:00Z,2023-10-05T14:44:00Z,552.5,28.73,NA,NA,NA,NA,NA,NA,RA,upstream,2023-10-05,20835561,2023-10-05T17:44:00Z,514.144798064396,5947,154,295,137,9.46,13:15:00,2023-10-05T16:15:00Z,460.7
SpC_RA_upstream_051023.xlsx,2023-10-05T14:44:30Z,2023-10-05T14:44:30Z,552.5,28.740000000000002,NA,NA,NA,NA,NA,NA,RA,upstream,2023-10-05,20835561,2023-10-05T17:44:30Z,514.0491254186826,5947,154,295,137,9.46,13:15:00,2023-10-05T16:15:00Z,460.7
SpC_RA_upstream_051023.xlsx,2023-10-05T14:45:00Z,2023-10-05T14:45:00Z,552.1,28.72,NA,NA,NA,NA,NA,NA,RA,upstream,2023-10-05,20835561,2023-10-05T17:45:00Z,513.8682055100521,5947,154,295,137,9.46,13:15:00,2023-10-05T16:15:00Z,460.7
SpC_RA_upstream_051023.xlsx,2023-10-05T14:45:30Z,2023-10-05T14:45:30Z,552.5,28.740000000000002,NA,NA,NA,NA,NA,NA,RA,upstream,2023-10-05,20835561,2023-10-05T17:45:30Z,514.0491254186826,5947,154,295,137,9.46,13:15:00,2023-10-05T16:15:00Z,460.7
SpC_RA_upstream_051023.xlsx,2023-10-05T14:46:00Z,2023-10-05T14:46:00Z,552.5,28.740000000000002,NA,NA,NA,NA,NA,NA,RA,upstream,2023-10-05,20835561,2023-10-05T17:46:00Z,514.0491254186826,5947,154,295,137,9.46,13:15:00,2023-10-05T16:15:00Z,460.7
SpC_RA_upstream_051023.xlsx,2023-10-05T14:46:30Z,2023-10-05T14:46:30Z,552.5,28.72,NA,NA,NA,NA,NA,NA,RA,upstream,2023-10-05,20835561,2023-10-05T17:46:30Z,514.2405063291139,5947,154,295,137,9.46,13:15:00,2023-10-05T16:15:00Z,460.7
SpC_RA_upstream_051023.xlsx,2023-10-05T14:47:00Z,2023-10-05T14:47:00Z,552.5,28.73,NA,NA,NA,NA,NA,NA,RA,upstream,2023-10-05,20835561,2023-10-05T17:47:00Z,514.144798064396,5947,154,295,137,9.46,13:15:00,2023-10-05T16:15:00Z,460.7
SpC_RA_upstream_051023.xlsx,2023-10-05T14:47:30Z,2023-10-05T14:47:30Z,552.5,28.73,NA,NA,NA,NA,NA,NA,RA,upstream,2023-10-05,20835561,2023-10-05T17:47:30Z,514.144798064396,5947,154,295,137,9.46,13:15:00,2023-10-05T16:15:00Z,460.7
SpC_RA_upstream_051023.xlsx,2023-10-05T14:48:00Z,2023-10-05T14:48:00Z,552.5,28.72,NA,NA,NA,NA,NA,NA,RA,upstream,2023-10-05,20835561,2023-10-05T17:48:00Z,514.2405063291139,5947,154,295,137,9.46,13:15:00,2023-10-05T16:15:00Z,460.7
SpC_RA_upstream_051023.xlsx,2023-10-05T14:48:30Z,2023-10-05T14:48:30Z,552.1,28.740000000000002,NA,NA,NA,NA,NA,NA,RA,upstream,2023-10-05,20835561,2023-10-05T17:48:30Z,513.676963155936,5947,154,295,137,9.46,13:15:00,2023-10-05T16:15:00Z,460.7
SpC_RA_upstream_051023.xlsx,2023-10-05T14:49:00Z,2023-10-05T14:49:00Z,552.5,28.79,NA,NA,NA,NA,NA,NA,RA,upstream,2023-10-05,20835561,2023-10-05T17:49:00Z,513.5712957798847,5947,154,295,137,9.46,13:15:00,2023-10-05T16:15:00Z,460.7
SpC_RA_upstream_051023.xlsx,2023-10-05T14:49:30Z,2023-10-05T14:49:30Z,552.5,28.78,NA,NA,NA,NA,NA,NA,RA,upstream,2023-10-05,20835561,2023-10-05T17:49:30Z,513.6667906284864,5947,154,295,137,9.46,13:15:00,2023-10-05T16:15:00Z,460.7
SpC_RA_upstream_051023.xlsx,2023-10-05T14:50:00Z,2023-10-05T14:50:00Z,552.5,28.740000000000002,NA,NA,NA,NA,NA,NA,RA,upstream,2023-10-05,20835561,2023-10-05T17:50:00Z,514.0491254186826,5947,154,295,137,9.46,13:15:00,2023-10-05T16:15:00Z,460.7
SpC_RA_upstream_051023.xlsx,2023-10-05T14:50:30Z,2023-10-05T14:50:30Z,552.5,28.79,NA,NA,NA,NA,NA,NA,RA,upstream,2023-10-05,20835561,2023-10-05T17:50:30Z,513.5712957798847,5947,154,295,137,9.46,13:15:00,2023-10-05T16:15:00Z,460.7
SpC_RA_upstream_051023.xlsx,2023-10-05T14:51:00Z,2023-10-05T14:51:00Z,552.9,28.78,NA,NA,NA,NA,NA,NA,RA,upstream,2023-10-05,20835561,2023-10-05T17:51:00Z,514.0386760877649,5947,154,295,137,9.46,13:15:00,2023-10-05T16:15:00Z,460.7
SpC_RA_upstream_051023.xlsx,2023-10-05T14:51:30Z,2023-10-05T14:51:30Z,552.5,28.76,NA,NA,NA,NA,NA,NA,RA,upstream,2023-10-05,20835561,2023-10-05T17:51:30Z,513.8578869047619,5947,154,295,137,9.46,13:15:00,2023-10-05T16:15:00Z,460.7
SpC_RA_upstream_051023.xlsx,2023-10-05T14:52:00Z,2023-10-05T14:52:00Z,552.5,28.78,NA,NA,NA,NA,NA,NA,RA,upstream,2023-10-05,20835561,2023-10-05T17:52:00Z,513.6667906284864,5947,154,295,137,9.46,13:15:00,2023-10-05T16:15:00Z,460.7
SpC_RA_upstream_051023.xlsx,2023-10-05T14:52:30Z,2023-10-05T14:52:30Z,552.5,28.79,NA,NA,NA,NA,NA,NA,RA,upstream,2023-10-05,20835561,2023-10-05T17:52:30Z,513.5712957798847,5947,154,295,137,9.46,13:15:00,2023-10-05T16:15:00Z,460.7
SpC_RA_upstream_051023.xlsx,2023-10-05T14:53:00Z,2023-10-05T14:53:00Z,552.5,28.79,NA,NA,NA,NA,NA,NA,RA,upstream,2023-10-05,20835561,2023-10-05T17:53:00Z,513.5712957798847,5947,154,295,137,9.46,13:15:00,2023-10-05T16:15:00Z,460.7
SpC_RA_upstream_051023.xlsx,2023-10-05T14:53:30Z,2023-10-05T14:53:30Z,552.8000000000001,28.830000000000002,NA,NA,NA,NA,NA,NA,RA,upstream,2023-10-05,20835561,2023-10-05T17:53:30Z,513.4683262121495,5947,154,295,137,9.46,13:15:00,2023-10-05T16:15:00Z,460.7
SpC_RA_upstream_051023.xlsx,2023-10-05T14:54:00Z,2023-10-05T14:54:00Z,553.2,28.84,NA,NA,NA,NA,NA,NA,RA,upstream,2023-10-05,20835561,2023-10-05T17:54:00Z,513.7444279346212,5947,154,295,137,9.46,13:15:00,2023-10-05T16:15:00Z,460.7
SpC_RA_upstream_051023.xlsx,2023-10-05T14:54:30Z,2023-10-05T14:54:30Z,552.8000000000001,28.85,NA,NA,NA,NA,NA,NA,RA,upstream,2023-10-05,20835561,2023-10-05T17:54:30Z,513.2776230269267,5947,154,295,137,9.46,13:15:00,2023-10-05T16:15:00Z,460.7
SpC_RA_upstream_051023.xlsx,2023-10-05T14:55:00Z,2023-10-05T14:55:00Z,553.2,28.89,NA,NA,NA,NA,NA,NA,RA,upstream,2023-10-05,20835561,2023-10-05T17:55:00Z,513.2677676748933,5947,154,295,137,9.46,13:15:00,2023-10-05T16:15:00Z,460.7
SpC_RA_upstream_051023.xlsx,2023-10-05T14:55:30Z,2023-10-05T14:55:30Z,553.6,28.89,NA,NA,NA,NA,NA,NA,RA,upstream,2023-10-05,20835561,2023-10-05T17:55:30Z,513.6388940434217,5947,154,295,137,9.46,13:15:00,2023-10-05T16:15:00Z,460.7
SpC_RA_upstream_051023.xlsx,2023-10-05T14:56:00Z,2023-10-05T14:56:00Z,553.6,28.84,NA,NA,NA,NA,NA,NA,RA,upstream,2023-10-05,20835561,2023-10-05T17:56:00Z,514.1158989598812,5947,154,295,137,9.46,13:15:00,2023-10-05T16:15:00Z,460.7
SpC_RA_upstream_051023.xlsx,2023-10-05T14:56:30Z,2023-10-05T14:56:30Z,553.3000000000001,28.810000000000002,NA,NA,NA,NA,NA,NA,RA,upstream,2023-10-05,20835561,2023-10-05T17:56:30Z,514.1237688162053,5947,154,295,137,9.46,13:15:00,2023-10-05T16:15:00Z,460.7
SpC_RA_upstream_051023.xlsx,2023-10-05T14:57:00Z,2023-10-05T14:57:00Z,552.9,28.810000000000002,NA,NA,NA,NA,NA,NA,RA,upstream,2023-10-05,20835561,2023-10-05T17:57:00Z,513.7520906894629,5947,154,295,137,9.46,13:15:00,2023-10-05T16:15:00Z,460.7
SpC_RA_upstream_051023.xlsx,2023-10-05T14:57:30Z,2023-10-05T14:57:30Z,552.9,28.810000000000002,NA,NA,NA,NA,NA,NA,RA,upstream,2023-10-05,20835561,2023-10-05T17:57:30Z,513.7520906894629,5947,154,295,137,9.46,13:15:00,2023-10-05T16:15:00Z,460.7
SpC_RA_upstream_051023.xlsx,2023-10-05T14:58:00Z,2023-10-05T14:58:00Z,552.9,28.78,NA,NA,NA,NA,NA,NA,RA,upstream,2023-10-05,20835561,2023-10-05T17:58:00Z,514.0386760877649,5947,154,295,137,9.46,13:15:00,2023-10-05T16:15:00Z,460.7
SpC_RA_upstream_051023.xlsx,2023-10-05T14:58:30Z,2023-10-05T14:58:30Z,552.9,28.79,NA,NA,NA,NA,NA,NA,RA,upstream,2023-10-05,20835561,2023-10-05T17:58:30Z,513.9431121026213,5947,154,295,137,9.46,13:15:00,2023-10-05T16:15:00Z,460.7
SpC_RA_upstream_051023.xlsx,2023-10-05T14:59:00Z,2023-10-05T14:59:00Z,552.5,28.78,NA,NA,NA,NA,NA,NA,RA,upstream,2023-10-05,20835561,2023-10-05T17:59:00Z,513.6667906284864,5947,154,295,137,9.46,13:15:00,2023-10-05T16:15:00Z,460.7
SpC_RA_upstream_051023.xlsx,2023-10-05T14:59:30Z,2023-10-05T14:59:30Z,552.5,28.740000000000002,NA,NA,NA,NA,NA,NA,RA,upstream,2023-10-05,20835561,2023-10-05T17:59:30Z,514.0491254186826,5947,154,295,137,9.46,13:15:00,2023-10-05T16:15:00Z,460.7
SpC_RA_upstream_051023.xlsx,2023-10-05T15:00:00Z,2023-10-05T15:00:00Z,552.5,28.75,NA,NA,NA,NA,NA,NA,RA,upstream,2023-10-05,20835561,2023-10-05T18:00:00Z,513.953488372093,5947,154,295,137,9.46,13:15:00,2023-10-05T16:15:00Z,460.7
SpC_RA_upstream_051023.xlsx,2023-10-05T15:00:30Z,2023-10-05T15:00:30Z,552.5,28.740000000000002,NA,NA,NA,NA,NA,NA,RA,upstream,2023-10-05,20835561,2023-10-05T18:00:30Z,514.0491254186826,5947,154,295,137,9.46,13:15:00,2023-10-05T16:15:00Z,460.7
SpC_RA_upstream_051023.xlsx,2023-10-05T15:01:00Z,2023-10-05T15:01:00Z,552.5,28.73,NA,NA,NA,NA,NA,NA,RA,upstream,2023-10-05,20835561,2023-10-05T18:01:00Z,514.144798064396,5947,154,295,137,9.46,13:15:00,2023-10-05T16:15:00Z,460.7
SpC_RA_upstream_051023.xlsx,2023-10-05T15:01:30Z,2023-10-05T15:01:30Z,552.5,28.740000000000002,NA,NA,NA,NA,NA,NA,RA,upstream,2023-10-05,20835561,2023-10-05T18:01:30Z,514.0491254186826,5947,154,295,137,9.46,13:15:00,2023-10-05T16:15:00Z,460.7
SpC_RA_upstream_051023.xlsx,2023-10-05T15:02:00Z,2023-10-05T15:02:00Z,552.9,28.810000000000002,NA,NA,NA,NA,NA,NA,RA,upstream,2023-10-05,20835561,2023-10-05T18:02:00Z,513.7520906894629,5947,154,295,137,9.46,13:15:00,2023-10-05T16:15:00Z,460.7
SpC_RA_upstream_051023.xlsx,2023-10-05T15:02:30Z,2023-10-05T15:02:30Z,552.1,28.75,NA,NA,NA,NA,NA,NA,RA,upstream,2023-10-05,20835561,2023-10-05T18:02:30Z,513.5813953488373,5947,154,295,137,9.46,13:15:00,2023-10-05T16:15:00Z,460.7
SpC_RA_upstream_051023.xlsx,2023-10-05T15:03:00Z,2023-10-05T15:03:00Z,552.5,28.75,NA,NA,NA,NA,NA,NA,RA,upstream,2023-10-05,20835561,2023-10-05T18:03:00Z,513.953488372093,5947,154,295,137,9.46,13:15:00,2023-10-05T16:15:00Z,460.7
SpC_RA_upstream_051023.xlsx,2023-10-05T15:03:30Z,2023-10-05T15:03:30Z,552.5,28.75,NA,NA,NA,NA,NA,NA,RA,upstream,2023-10-05,20835561,2023-10-05T18:03:30Z,513.953488372093,5947,154,295,137,9.46,13:15:00,2023-10-05T16:15:00Z,460.7
SpC_RA_upstream_051023.xlsx,2023-10-05T15:04:00Z,2023-10-05T15:04:00Z,552.5,28.740000000000002,NA,NA,NA,NA,NA,NA,RA,upstream,2023-10-05,20835561,2023-10-05T18:04:00Z,514.0491254186826,5947,154,295,137,9.46,13:15:00,2023-10-05T16:15:00Z,460.7
SpC_RA_upstream_051023.xlsx,2023-10-05T15:04:30Z,2023-10-05T15:04:30Z,552.5,28.75,NA,NA,NA,NA,NA,NA,RA,upstream,2023-10-05,20835561,2023-10-05T18:04:30Z,513.953488372093,5947,154,295,137,9.46,13:15:00,2023-10-05T16:15:00Z,460.7
SpC_RA_upstream_051023.xlsx,2023-10-05T15:05:00Z,2023-10-05T15:05:00Z,552.1,28.740000000000002,NA,NA,NA,NA,NA,NA,RA,upstream,2023-10-05,20835561,2023-10-05T18:05:00Z,513.676963155936,5947,154,295,137,9.46,13:15:00,2023-10-05T16:15:00Z,460.7
SpC_RA_upstream_051023.xlsx,2023-10-05T15:05:30Z,2023-10-05T15:05:30Z,552.5,28.740000000000002,NA,NA,NA,NA,NA,NA,RA,upstream,2023-10-05,20835561,2023-10-05T18:05:30Z,514.0491254186826,5947,154,295,137,9.46,13:15:00,2023-10-05T16:15:00Z,460.7
SpC_RA_upstream_051023.xlsx,2023-10-05T15:06:00Z,2023-10-05T15:06:00Z,552.5,28.75,NA,NA,NA,NA,NA,NA,RA,upstream,2023-10-05,20835561,2023-10-05T18:06:00Z,513.953488372093,5947,154,295,137,9.46,13:15:00,2023-10-05T16:15:00Z,460.7
SpC_RA_upstream_051023.xlsx,2023-10-05T15:06:30Z,2023-10-05T15:06:30Z,552.5,28.75,NA,NA,NA,NA,NA,NA,RA,upstream,2023-10-05,20835561,2023-10-05T18:06:30Z,513.953488372093,5947,154,295,137,9.46,13:15:00,2023-10-05T16:15:00Z,460.7
SpC_RA_upstream_051023.xlsx,2023-10-05T15:07:00Z,2023-10-05T15:07:00Z,552.5,28.740000000000002,NA,NA,NA,NA,NA,NA,RA,upstream,2023-10-05,20835561,2023-10-05T18:07:00Z,514.0491254186826,5947,154,295,137,9.46,13:15:00,2023-10-05T16:15:00Z,460.7
SpC_RA_upstream_051023.xlsx,2023-10-05T15:07:30Z,2023-10-05T15:07:30Z,552.5,28.740000000000002,NA,NA,NA,NA,NA,NA,RA,upstream,2023-10-05,20835561,2023-10-05T18:07:30Z,514.0491254186826,5947,154,295,137,9.46,13:15:00,2023-10-05T16:15:00Z,460.7
SpC_RA_upstream_051023.xlsx,2023-10-05T15:08:00Z,2023-10-05T15:08:00Z,552.5,28.73,NA,NA,NA,NA,NA,NA,RA,upstream,2023-10-05,20835561,2023-10-05T18:08:00Z,514.144798064396,5947,154,295,137,9.46,13:15:00,2023-10-05T16:15:00Z,460.7
SpC_RA_upstream_051023.xlsx,2023-10-05T15:08:30Z,2023-10-05T15:08:30Z,552.5,28.76,NA,NA,NA,NA,NA,NA,RA,upstream,2023-10-05,20835561,2023-10-05T18:08:30Z,513.8578869047619,5947,154,295,137,9.46,13:15:00,2023-10-05T16:15:00Z,460.7
SpC_RA_upstream_051023.xlsx,2023-10-05T15:09:00Z,2023-10-05T15:09:00Z,552.5,28.79,NA,NA,NA,NA,NA,NA,RA,upstream,2023-10-05,20835561,2023-10-05T18:09:00Z,513.5712957798847,5947,154,295,137,9.46,13:15:00,2023-10-05T16:15:00Z,460.7
SpC_RA_upstream_051023.xlsx,2023-10-05T15:09:30Z,2023-10-05T15:09:30Z,552.5,28.810000000000002,NA,NA,NA,NA,NA,NA,RA,upstream,2023-10-05,20835561,2023-10-05T18:09:30Z,513.3804125627206,5947,154,295,137,9.46,13:15:00,2023-10-05T16:15:00Z,460.7
SpC_RA_upstream_051023.xlsx,2023-10-05T15:10:00Z,2023-10-05T15:10:00Z,552.5,28.78,NA,NA,NA,NA,NA,NA,RA,upstream,2023-10-05,20835561,2023-10-05T18:10:00Z,513.6667906284864,5947,154,295,137,9.46,13:15:00,2023-10-05T16:15:00Z,460.7
SpC_RA_upstream_051023.xlsx,2023-10-05T15:10:30Z,2023-10-05T15:10:30Z,552.5,28.810000000000002,NA,NA,NA,NA,NA,NA,RA,upstream,2023-10-05,20835561,2023-10-05T18:10:30Z,513.3804125627206,5947,154,295,137,9.46,13:15:00,2023-10-05T16:15:00Z,460.7
SpC_RA_upstream_051023.xlsx,2023-10-05T15:11:00Z,2023-10-05T15:11:00Z,552.5,28.78,NA,NA,NA,NA,NA,NA,RA,upstream,2023-10-05,20835561,2023-10-05T18:11:00Z,513.6667906284864,5947,154,295,137,9.46,13:15:00,2023-10-05T16:15:00Z,460.7
SpC_RA_upstream_051023.xlsx,2023-10-05T15:11:30Z,2023-10-05T15:11:30Z,552.5,28.78,NA,NA,NA,NA,NA,NA,RA,upstream,2023-10-05,20835561,2023-10-05T18:11:30Z,513.6667906284864,5947,154,295,137,9.46,13:15:00,2023-10-05T16:15:00Z,460.7
SpC_RA_upstream_051023.xlsx,2023-10-05T15:12:00Z,2023-10-05T15:12:00Z,552.5,28.76,NA,NA,NA,NA,NA,NA,RA,upstream,2023-10-05,20835561,2023-10-05T18:12:00Z,513.8578869047619,5947,154,295,137,9.46,13:15:00,2023-10-05T16:15:00Z,460.7
SpC_RA_upstream_051023.xlsx,2023-10-05T15:12:30Z,2023-10-05T15:12:30Z,552.9,28.8,NA,NA,NA,NA,NA,NA,RA,upstream,2023-10-05,20835561,2023-10-05T18:12:30Z,513.8475836431227,5947,154,295,137,9.46,13:15:00,2023-10-05T16:15:00Z,460.7
SpC_RA_upstream_051023.xlsx,2023-10-05T15:13:00Z,2023-10-05T15:13:00Z,552.4,28.84,NA,NA,NA,NA,NA,NA,RA,upstream,2023-10-05,20835561,2023-10-05T18:13:00Z,513.001485884101,5947,154,295,137,9.46,13:15:00,2023-10-05T16:15:00Z,460.7
SpC_RA_upstream_051023.xlsx,2023-10-05T15:13:30Z,2023-10-05T15:13:30Z,552.8000000000001,28.84,NA,NA,NA,NA,NA,NA,RA,upstream,2023-10-05,20835561,2023-10-05T18:13:30Z,513.3729569093612,5947,154,295,137,9.46,13:15:00,2023-10-05T16:15:00Z,460.7
SpC_RA_upstream_051023.xlsx,2023-10-05T15:14:00Z,2023-10-05T15:14:00Z,552.8000000000001,28.830000000000002,NA,NA,NA,NA,NA,NA,RA,upstream,2023-10-05,20835561,2023-10-05T18:14:00Z,513.4683262121495,5947,154,295,137,9.46,13:15:00,2023-10-05T16:15:00Z,460.7
SpC_RA_upstream_051023.xlsx,2023-10-05T15:14:30Z,2023-10-05T15:14:30Z,553.2,28.86,NA,NA,NA,NA,NA,NA,RA,upstream,2023-10-05,20835561,2023-10-05T18:14:30Z,513.553657630895,5947,154,295,137,9.46,13:15:00,2023-10-05T16:15:00Z,460.7
SpC_RA_upstream_051023.xlsx,2023-10-05T15:15:00Z,2023-10-05T15:15:00Z,553.3000000000001,28.810000000000002,NA,NA,NA,NA,NA,NA,RA,upstream,2023-10-05,20835561,2023-10-05T18:15:00Z,514.1237688162053,5947,154,295,137,9.46,13:15:00,2023-10-05T16:15:00Z,460.7
SpC_RA_upstream_051023.xlsx,2023-10-05T15:15:30Z,2023-10-05T15:15:30Z,552.9,28.810000000000002,NA,NA,NA,NA,NA,NA,RA,upstream,2023-10-05,20835561,2023-10-05T18:15:30Z,513.7520906894629,5947,154,295,137,9.46,13:15:00,2023-10-05T16:15:00Z,460.7
SpC_RA_upstream_051023.xlsx,2023-10-05T15:16:00Z,2023-10-05T15:16:00Z,553.2,28.86,NA,NA,NA,NA,NA,NA,RA,upstream,2023-10-05,20835561,2023-10-05T18:16:00Z,513.553657630895,5947,154,295,137,9.46,13:15:00,2023-10-05T16:15:00Z,460.7
SpC_RA_upstream_051023.xlsx,2023-10-05T15:16:30Z,2023-10-05T15:16:30Z,552.4,28.84,NA,NA,NA,NA,NA,NA,RA,upstream,2023-10-05,20835561,2023-10-05T18:16:30Z,513.001485884101,5947,154,295,137,9.46,13:15:00,2023-10-05T16:15:00Z,460.7
SpC_RA_upstream_051023.xlsx,2023-10-05T15:17:00Z,2023-10-05T15:17:00Z,552.4,28.830000000000002,NA,NA,NA,NA,NA,NA,RA,upstream,2023-10-05,20835561,2023-10-05T18:17:00Z,513.0967861787108,5947,154,295,137,9.46,13:15:00,2023-10-05T16:15:00Z,460.7
SpC_RA_upstream_051023.xlsx,2023-10-05T15:17:30Z,2023-10-05T15:17:30Z,552.9,28.810000000000002,NA,NA,NA,NA,NA,NA,RA,upstream,2023-10-05,20835561,2023-10-05T18:17:30Z,513.7520906894629,5947,154,295,137,9.46,13:15:00,2023-10-05T16:15:00Z,460.7
SpC_RA_upstream_051023.xlsx,2023-10-05T15:18:00Z,2023-10-05T15:18:00Z,552.5,28.8,NA,NA,NA,NA,NA,NA,RA,upstream,2023-10-05,20835561,2023-10-05T18:18:00Z,513.4758364312268,5947,154,295,137,9.46,13:15:00,2023-10-05T16:15:00Z,460.7
SpC_RA_upstream_051023.xlsx,2023-10-05T15:18:30Z,2023-10-05T15:18:30Z,552.5,28.810000000000002,NA,NA,NA,NA,NA,NA,RA,upstream,2023-10-05,20835561,2023-10-05T18:18:30Z,513.3804125627206,5947,154,295,137,9.46,13:15:00,2023-10-05T16:15:00Z,460.7
SpC_RA_upstream_051023.xlsx,2023-10-05T15:19:00Z,2023-10-05T15:19:00Z,553.2,28.86,NA,NA,NA,NA,NA,NA,RA,upstream,2023-10-05,20835561,2023-10-05T18:19:00Z,513.553657630895,5947,154,295,137,9.46,13:15:00,2023-10-05T16:15:00Z,460.7
SpC_RA_upstream_051023.xlsx,2023-10-05T15:19:30Z,2023-10-05T15:19:30Z,552.8000000000001,28.86,NA,NA,NA,NA,NA,NA,RA,upstream,2023-10-05,20835561,2023-10-05T18:19:30Z,513.182324545117,5947,154,295,137,9.46,13:15:00,2023-10-05T16:15:00Z,460.7
SpC_RA_upstream_051023.xlsx,2023-10-05T15:20:00Z,2023-10-05T15:20:00Z,552.8000000000001,28.84,NA,NA,NA,NA,NA,NA,RA,upstream,2023-10-05,20835561,2023-10-05T18:20:00Z,513.3729569093612,5947,154,295,137,9.46,13:15:00,2023-10-05T16:15:00Z,460.7
SpC_RA_upstream_051023.xlsx,2023-10-05T15:20:30Z,2023-10-05T15:20:30Z,553.2,28.86,NA,NA,NA,NA,NA,NA,RA,upstream,2023-10-05,20835561,2023-10-05T18:20:30Z,513.553657630895,5947,154,295,137,9.46,13:15:00,2023-10-05T16:15:00Z,460.7
SpC_RA_upstream_051023.xlsx,2023-10-05T15:21:00Z,2023-10-05T15:21:00Z,552.8000000000001,28.86,NA,NA,NA,NA,NA,NA,RA,upstream,2023-10-05,20835561,2023-10-05T18:21:00Z,513.182324545117,5947,154,295,137,9.46,13:15:00,2023-10-05T16:15:00Z,460.7
SpC_RA_upstream_051023.xlsx,2023-10-05T15:21:30Z,2023-10-05T15:21:30Z,553.2,28.87,NA,NA,NA,NA,NA,NA,RA,upstream,2023-10-05,20835561,2023-10-05T18:21:30Z,513.4583255986636,5947,154,295,137,9.46,13:15:00,2023-10-05T16:15:00Z,460.7
SpC_RA_upstream_051023.xlsx,2023-10-05T15:22:00Z,2023-10-05T15:22:00Z,553.6,28.94,NA,NA,NA,NA,NA,NA,RA,upstream,2023-10-05,20835561,2023-10-05T18:22:00Z,513.1627734519838,5947,154,295,137,9.46,13:15:00,2023-10-05T16:15:00Z,460.7
SpC_RA_upstream_051023.xlsx,2023-10-05T15:22:30Z,2023-10-05T15:22:30Z,553.6,28.91,NA,NA,NA,NA,NA,NA,RA,upstream,2023-10-05,20835561,2023-10-05T18:22:30Z,513.4483398256353,5947,154,295,137,9.46,13:15:00,2023-10-05T16:15:00Z,460.7
SpC_RA_upstream_051023.xlsx,2023-10-05T15:23:00Z,2023-10-05T15:23:00Z,553.6,28.92,NA,NA,NA,NA,NA,NA,RA,upstream,2023-10-05,20835561,2023-10-05T18:23:00Z,513.353115727003,5947,154,295,137,9.46,13:15:00,2023-10-05T16:15:00Z,460.7
SpC_RA_upstream_051023.xlsx,2023-10-05T15:23:30Z,2023-10-05T15:23:30Z,553.6,28.91,NA,NA,NA,NA,NA,NA,RA,upstream,2023-10-05,20835561,2023-10-05T18:23:30Z,513.4483398256353,5947,154,295,137,9.46,13:15:00,2023-10-05T16:15:00Z,460.7
SpC_RA_upstream_051023.xlsx,2023-10-05T15:24:00Z,2023-10-05T15:24:00Z,553.6,28.900000000000002,NA,NA,NA,NA,NA,NA,RA,upstream,2023-10-05,20835561,2023-10-05T18:24:00Z,513.5435992578849,5947,154,295,137,9.46,13:15:00,2023-10-05T16:15:00Z,460.7
SpC_RA_upstream_051023.xlsx,2023-10-05T15:24:30Z,2023-10-05T15:24:30Z,553.6,28.900000000000002,NA,NA,NA,NA,NA,NA,RA,upstream,2023-10-05,20835561,2023-10-05T18:24:30Z,513.5435992578849,5947,154,295,137,9.46,13:15:00,2023-10-05T16:15:00Z,460.7
SpC_RA_upstream_051023.xlsx,2023-10-05T15:25:00Z,2023-10-05T15:25:00Z,553.2,28.87,NA,NA,NA,NA,NA,NA,RA,upstream,2023-10-05,20835561,2023-10-05T18:25:00Z,513.4583255986636,5947,154,295,137,9.46,13:15:00,2023-10-05T16:15:00Z,460.7
SpC_RA_upstream_051023.xlsx,2023-10-05T15:25:30Z,2023-10-05T15:25:30Z,553.2,28.86,NA,NA,NA,NA,NA,NA,RA,upstream,2023-10-05,20835561,2023-10-05T18:25:30Z,513.553657630895,5947,154,295,137,9.46,13:15:00,2023-10-05T16:15:00Z,460.7
SpC_RA_upstream_051023.xlsx,2023-10-05T15:26:00Z,2023-10-05T15:26:00Z,553.6,28.85,NA,NA,NA,NA,NA,NA,RA,upstream,2023-10-05,20835561,2023-10-05T18:26:00Z,514.0204271123491,5947,154,295,137,9.46,13:15:00,2023-10-05T16:15:00Z,460.7
SpC_RA_upstream_051023.xlsx,2023-10-05T15:26:30Z,2023-10-05T15:26:30Z,553.2,28.86,NA,NA,NA,NA,NA,NA,RA,upstream,2023-10-05,20835561,2023-10-05T18:26:30Z,513.553657630895,5947,154,295,137,9.46,13:15:00,2023-10-05T16:15:00Z,460.7
SpC_RA_upstream_051023.xlsx,2023-10-05T15:27:00Z,2023-10-05T15:27:00Z,552.8000000000001,28.89,NA,NA,NA,NA,NA,NA,RA,upstream,2023-10-05,20835561,2023-10-05T18:27:00Z,512.8966413063648,5947,154,295,137,9.46,13:15:00,2023-10-05T16:15:00Z,460.7
SpC_RA_upstream_051023.xlsx,2023-10-05T15:27:30Z,2023-10-05T15:27:30Z,553.2,28.91,NA,NA,NA,NA,NA,NA,RA,upstream,2023-10-05,20835561,2023-10-05T18:27:30Z,513.0773511407903,5947,154,295,137,9.46,13:15:00,2023-10-05T16:15:00Z,460.7
SpC_RA_upstream_051023.xlsx,2023-10-05T15:28:00Z,2023-10-05T15:28:00Z,552.8000000000001,28.85,NA,NA,NA,NA,NA,NA,RA,upstream,2023-10-05,20835561,2023-10-05T18:28:00Z,513.2776230269267,5947,154,295,137,9.46,13:15:00,2023-10-05T16:15:00Z,460.7
SpC_RA_upstream_051023.xlsx,2023-10-05T15:28:30Z,2023-10-05T15:28:30Z,553.2,28.85,NA,NA,NA,NA,NA,NA,RA,upstream,2023-10-05,20835561,2023-10-05T18:28:30Z,513.6490250696379,5947,154,295,137,9.46,13:15:00,2023-10-05T16:15:00Z,460.7
SpC_RA_upstream_051023.xlsx,2023-10-05T15:29:00Z,2023-10-05T15:29:00Z,552.8000000000001,28.86,NA,NA,NA,NA,NA,NA,RA,upstream,2023-10-05,20835561,2023-10-05T18:29:00Z,513.182324545117,5947,154,295,137,9.46,13:15:00,2023-10-05T16:15:00Z,460.7
SpC_RA_upstream_051023.xlsx,2023-10-05T15:29:30Z,2023-10-05T15:29:30Z,552.8000000000001,28.85,NA,NA,NA,NA,NA,NA,RA,upstream,2023-10-05,20835561,2023-10-05T18:29:30Z,513.2776230269267,5947,154,295,137,9.46,13:15:00,2023-10-05T16:15:00Z,460.7
SpC_RA_upstream_051023.xlsx,2023-10-05T15:30:00Z,2023-10-05T15:30:00Z,552.8000000000001,28.830000000000002,NA,NA,NA,NA,NA,NA,RA,upstream,2023-10-05,20835561,2023-10-05T18:30:00Z,513.4683262121495,5947,154,295,137,9.46,13:15:00,2023-10-05T16:15:00Z,460.7
SpC_RA_upstream_051023.xlsx,2023-10-05T15:30:30Z,2023-10-05T15:30:30Z,552.4,28.830000000000002,NA,NA,NA,NA,NA,NA,RA,upstream,2023-10-05,20835561,2023-10-05T18:30:30Z,513.0967861787108,5947,154,295,137,9.46,13:15:00,2023-10-05T16:15:00Z,460.7
SpC_RA_upstream_051023.xlsx,2023-10-05T15:31:00Z,2023-10-05T15:31:00Z,552.8000000000001,28.830000000000002,NA,NA,NA,NA,NA,NA,RA,upstream,2023-10-05,20835561,2023-10-05T18:31:00Z,513.4683262121495,5947,154,295,137,9.46,13:15:00,2023-10-05T16:15:00Z,460.7
SpC_RA_upstream_051023.xlsx,2023-10-05T15:31:30Z,2023-10-05T15:31:30Z,552.4,28.830000000000002,NA,NA,NA,NA,NA,NA,RA,upstream,2023-10-05,20835561,2023-10-05T18:31:30Z,513.0967861787108,5947,154,295,137,9.46,13:15:00,2023-10-05T16:15:00Z,460.7
SpC_RA_upstream_051023.xlsx,2023-10-05T15:32:00Z,2023-10-05T15:32:00Z,552.9,28.810000000000002,NA,NA,NA,NA,NA,NA,RA,upstream,2023-10-05,20835561,2023-10-05T18:32:00Z,513.7520906894629,5947,154,295,137,9.46,13:15:00,2023-10-05T16:15:00Z,460.7
SpC_RA_upstream_051023.xlsx,2023-10-05T15:32:30Z,2023-10-05T15:32:30Z,552.5,28.810000000000002,NA,NA,NA,NA,NA,NA,RA,upstream,2023-10-05,20835561,2023-10-05T18:32:30Z,513.3804125627206,5947,154,295,137,9.46,13:15:00,2023-10-05T16:15:00Z,460.7
SpC_RA_upstream_051023.xlsx,2023-10-05T15:33:00Z,2023-10-05T15:33:00Z,552.4,28.830000000000002,NA,NA,NA,NA,NA,NA,RA,upstream,2023-10-05,20835561,2023-10-05T18:33:00Z,513.0967861787108,5947,154,295,137,9.46,13:15:00,2023-10-05T16:15:00Z,460.7
SpC_RA_upstream_051023.xlsx,2023-10-05T15:33:30Z,2023-10-05T15:33:30Z,552.9,28.8,NA,NA,NA,NA,NA,NA,RA,upstream,2023-10-05,20835561,2023-10-05T18:33:30Z,513.8475836431227,5947,154,295,137,9.46,13:15:00,2023-10-05T16:15:00Z,460.7
SpC_RA_upstream_051023.xlsx,2023-10-05T15:34:00Z,2023-10-05T15:34:00Z,552.5,28.8,NA,NA,NA,NA,NA,NA,RA,upstream,2023-10-05,20835561,2023-10-05T18:34:00Z,513.4758364312268,5947,154,295,137,9.46,13:15:00,2023-10-05T16:15:00Z,460.7
SpC_RA_upstream_051023.xlsx,2023-10-05T15:34:30Z,2023-10-05T15:34:30Z,552.5,28.8,NA,NA,NA,NA,NA,NA,RA,upstream,2023-10-05,20835561,2023-10-05T18:34:30Z,513.4758364312268,5947,154,295,137,9.46,13:15:00,2023-10-05T16:15:00Z,460.7
SpC_RA_upstream_051023.xlsx,2023-10-05T15:35:00Z,2023-10-05T15:35:00Z,552.5,28.810000000000002,NA,NA,NA,NA,NA,NA,RA,upstream,2023-10-05,20835561,2023-10-05T18:35:00Z,513.3804125627206,5947,154,295,137,9.46,13:15:00,2023-10-05T16:15:00Z,460.7
SpC_RA_upstream_051023.xlsx,2023-10-05T15:35:30Z,2023-10-05T15:35:30Z,552.5,28.8,NA,NA,NA,NA,NA,NA,RA,upstream,2023-10-05,20835561,2023-10-05T18:35:30Z,513.4758364312268,5947,154,295,137,9.46,13:15:00,2023-10-05T16:15:00Z,460.7
SpC_RA_upstream_051023.xlsx,2023-10-05T15:36:00Z,2023-10-05T15:36:00Z,552.5,28.79,NA,NA,NA,NA,NA,NA,RA,upstream,2023-10-05,20835561,2023-10-05T18:36:00Z,513.5712957798847,5947,154,295,137,9.46,13:15:00,2023-10-05T16:15:00Z,460.7
SpC_RA_upstream_051023.xlsx,2023-10-05T15:36:30Z,2023-10-05T15:36:30Z,552.5,28.79,NA,NA,NA,NA,NA,NA,RA,upstream,2023-10-05,20835561,2023-10-05T18:36:30Z,513.5712957798847,5947,154,295,137,9.46,13:15:00,2023-10-05T16:15:00Z,460.7
SpC_RA_upstream_051023.xlsx,2023-10-05T15:37:00Z,2023-10-05T15:37:00Z,552.5,28.8,NA,NA,NA,NA,NA,NA,RA,upstream,2023-10-05,20835561,2023-10-05T18:37:00Z,513.4758364312268,5947,154,295,137,9.46,13:15:00,2023-10-05T16:15:00Z,460.7
SpC_RA_upstream_051023.xlsx,2023-10-05T15:37:30Z,2023-10-05T15:37:30Z,552.5,28.810000000000002,NA,NA,NA,NA,NA,NA,RA,upstream,2023-10-05,20835561,2023-10-05T18:37:30Z,513.3804125627206,5947,154,295,137,9.46,13:15:00,2023-10-05T16:15:00Z,460.7
SpC_RA_upstream_051023.xlsx,2023-10-05T15:38:00Z,2023-10-05T15:38:00Z,552.5,28.810000000000002,NA,NA,NA,NA,NA,NA,RA,upstream,2023-10-05,20835561,2023-10-05T18:38:00Z,513.3804125627206,5947,154,295,137,9.46,13:15:00,2023-10-05T16:15:00Z,460.7
SpC_RA_upstream_051023.xlsx,2023-10-05T15:38:30Z,2023-10-05T15:38:30Z,552.5,28.8,NA,NA,NA,NA,NA,NA,RA,upstream,2023-10-05,20835561,2023-10-05T18:38:30Z,513.4758364312268,5947,154,295,137,9.46,13:15:00,2023-10-05T16:15:00Z,460.7
SpC_RA_upstream_051023.xlsx,2023-10-05T15:39:00Z,2023-10-05T15:39:00Z,552.5,28.810000000000002,NA,NA,NA,NA,NA,NA,RA,upstream,2023-10-05,20835561,2023-10-05T18:39:00Z,513.3804125627206,5947,154,295,137,9.46,13:15:00,2023-10-05T16:15:00Z,460.7
SpC_RA_upstream_051023.xlsx,2023-10-05T15:39:30Z,2023-10-05T15:39:30Z,552.5,28.8,NA,NA,NA,NA,NA,NA,RA,upstream,2023-10-05,20835561,2023-10-05T18:39:30Z,513.4758364312268,5947,154,295,137,9.46,13:15:00,2023-10-05T16:15:00Z,460.7
SpC_RA_upstream_051023.xlsx,2023-10-05T15:40:00Z,2023-10-05T15:40:00Z,552.5,28.810000000000002,NA,NA,NA,NA,NA,NA,RA,upstream,2023-10-05,20835561,2023-10-05T18:40:00Z,513.3804125627206,5947,154,295,137,9.46,13:15:00,2023-10-05T16:15:00Z,460.7
SpC_RA_upstream_051023.xlsx,2023-10-05T15:40:30Z,2023-10-05T15:40:30Z,552.5,28.8,NA,NA,NA,NA,NA,NA,RA,upstream,2023-10-05,20835561,2023-10-05T18:40:30Z,513.4758364312268,5947,154,295,137,9.46,13:15:00,2023-10-05T16:15:00Z,460.7
SpC_RA_upstream_051023.xlsx,2023-10-05T15:41:00Z,2023-10-05T15:41:00Z,552.5,28.79,NA,NA,NA,NA,NA,NA,RA,upstream,2023-10-05,20835561,2023-10-05T18:41:00Z,513.5712957798847,5947,154,295,137,9.46,13:15:00,2023-10-05T16:15:00Z,460.7
SpC_RA_upstream_051023.xlsx,2023-10-05T15:41:30Z,2023-10-05T15:41:30Z,552.5,28.8,NA,NA,NA,NA,NA,NA,RA,upstream,2023-10-05,20835561,2023-10-05T18:41:30Z,513.4758364312268,5947,154,295,137,9.46,13:15:00,2023-10-05T16:15:00Z,460.7
SpC_RA_upstream_051023.xlsx,2023-10-05T15:42:00Z,2023-10-05T15:42:00Z,552.5,28.810000000000002,NA,NA,NA,NA,NA,NA,RA,upstream,2023-10-05,20835561,2023-10-05T18:42:00Z,513.3804125627206,5947,154,295,137,9.46,13:15:00,2023-10-05T16:15:00Z,460.7
SpC_RA_upstream_051023.xlsx,2023-10-05T15:42:30Z,2023-10-05T15:42:30Z,552.4,28.85,NA,NA,NA,NA,NA,NA,RA,upstream,2023-10-05,20835561,2023-10-05T18:42:30Z,512.9062209842155,5947,154,295,137,9.46,13:15:00,2023-10-05T16:15:00Z,460.7
SpC_RA_upstream_051023.xlsx,2023-10-05T15:43:00Z,2023-10-05T15:43:00Z,553.2,28.86,NA,NA,NA,NA,NA,NA,RA,upstream,2023-10-05,20835561,2023-10-05T18:43:00Z,513.553657630895,5947,154,295,137,9.46,13:15:00,2023-10-05T16:15:00Z,460.7
SpC_RA_upstream_051023.xlsx,2023-10-05T15:43:30Z,2023-10-05T15:43:30Z,552.8000000000001,28.89,NA,NA,NA,NA,NA,NA,RA,upstream,2023-10-05,20835561,2023-10-05T18:43:30Z,512.8966413063648,5947,154,295,137,9.46,13:15:00,2023-10-05T16:15:00Z,460.7
SpC_RA_upstream_051023.xlsx,2023-10-05T15:44:00Z,2023-10-05T15:44:00Z,552.8000000000001,28.87,NA,NA,NA,NA,NA,NA,RA,upstream,2023-10-05,20835561,2023-10-05T18:44:00Z,513.0870614442176,5947,154,295,137,9.46,13:15:00,2023-10-05T16:15:00Z,460.7
SpC_RA_upstream_051023.xlsx,2023-10-05T15:44:30Z,2023-10-05T15:44:30Z,553.6,28.96,NA,NA,NA,NA,NA,NA,RA,upstream,2023-10-05,20835561,2023-10-05T18:44:30Z,512.9725722757598,5947,154,295,137,9.46,13:15:00,2023-10-05T16:15:00Z,460.7
SpC_RA_upstream_051023.xlsx,2023-10-05T15:45:00Z,2023-10-05T15:45:00Z,553.6,28.92,NA,NA,NA,NA,NA,NA,RA,upstream,2023-10-05,20835561,2023-10-05T18:45:00Z,513.353115727003,5947,154,295,137,9.46,13:15:00,2023-10-05T16:15:00Z,460.7
SpC_RA_upstream_051023.xlsx,2023-10-05T15:45:30Z,2023-10-05T15:45:30Z,553.6,28.900000000000002,NA,NA,NA,NA,NA,NA,RA,upstream,2023-10-05,20835561,2023-10-05T18:45:30Z,513.5435992578849,5947,154,295,137,9.46,13:15:00,2023-10-05T16:15:00Z,460.7
SpC_RA_upstream_051023.xlsx,2023-10-05T15:46:00Z,2023-10-05T15:46:00Z,553.2,28.87,NA,NA,NA,NA,NA,NA,RA,upstream,2023-10-05,20835561,2023-10-05T18:46:00Z,513.4583255986636,5947,154,295,137,9.46,13:15:00,2023-10-05T16:15:00Z,460.7
SpC_RA_upstream_051023.xlsx,2023-10-05T15:46:30Z,2023-10-05T15:46:30Z,553.2,28.87,NA,NA,NA,NA,NA,NA,RA,upstream,2023-10-05,20835561,2023-10-05T18:46:30Z,513.4583255986636,5947,154,295,137,9.46,13:15:00,2023-10-05T16:15:00Z,460.7
SpC_RA_upstream_051023.xlsx,2023-10-05T15:47:00Z,2023-10-05T15:47:00Z,552.8000000000001,28.86,NA,NA,NA,NA,NA,NA,RA,upstream,2023-10-05,20835561,2023-10-05T18:47:00Z,513.182324545117,5947,154,295,137,9.46,13:15:00,2023-10-05T16:15:00Z,460.7
SpC_RA_upstream_051023.xlsx,2023-10-05T15:47:30Z,2023-10-05T15:47:30Z,552.8000000000001,28.86,NA,NA,NA,NA,NA,NA,RA,upstream,2023-10-05,20835561,2023-10-05T18:47:30Z,513.182324545117,5947,154,295,137,9.46,13:15:00,2023-10-05T16:15:00Z,460.7
SpC_RA_upstream_051023.xlsx,2023-10-05T15:48:00Z,2023-10-05T15:48:00Z,552.8000000000001,28.87,NA,NA,NA,NA,NA,NA,RA,upstream,2023-10-05,20835561,2023-10-05T18:48:00Z,513.0870614442176,5947,154,295,137,9.46,13:15:00,2023-10-05T16:15:00Z,460.7
SpC_RA_upstream_051023.xlsx,2023-10-05T15:48:30Z,2023-10-05T15:48:30Z,552.8000000000001,28.86,NA,NA,NA,NA,NA,NA,RA,upstream,2023-10-05,20835561,2023-10-05T18:48:30Z,513.182324545117,5947,154,295,137,9.46,13:15:00,2023-10-05T16:15:00Z,460.7
SpC_RA_upstream_051023.xlsx,2023-10-05T15:49:00Z,2023-10-05T15:49:00Z,553.2,28.89,NA,NA,NA,NA,NA,NA,RA,upstream,2023-10-05,20835561,2023-10-05T18:49:00Z,513.2677676748933,5947,154,295,137,9.46,13:15:00,2023-10-05T16:15:00Z,460.7
SpC_RA_upstream_051023.xlsx,2023-10-05T15:49:30Z,2023-10-05T15:49:30Z,552.8000000000001,28.86,NA,NA,NA,NA,NA,NA,RA,upstream,2023-10-05,20835561,2023-10-05T18:49:30Z,513.182324545117,5947,154,295,137,9.46,13:15:00,2023-10-05T16:15:00Z,460.7
SpC_RA_upstream_051023.xlsx,2023-10-05T15:50:00Z,2023-10-05T15:50:00Z,552.8000000000001,28.86,NA,NA,NA,NA,NA,NA,RA,upstream,2023-10-05,20835561,2023-10-05T18:50:00Z,513.182324545117,5947,154,295,137,9.46,13:15:00,2023-10-05T16:15:00Z,460.7
SpC_RA_upstream_051023.xlsx,2023-10-05T15:50:30Z,2023-10-05T15:50:30Z,552.8000000000001,28.85,NA,NA,NA,NA,NA,NA,RA,upstream,2023-10-05,20835561,2023-10-05T18:50:30Z,513.2776230269267,5947,154,295,137,9.46,13:15:00,2023-10-05T16:15:00Z,460.7
SpC_RA_upstream_051023.xlsx,2023-10-05T15:51:00Z,2023-10-05T15:51:00Z,552.8000000000001,28.87,NA,NA,NA,NA,NA,NA,RA,upstream,2023-10-05,20835561,2023-10-05T18:51:00Z,513.0870614442176,5947,154,295,137,9.46,13:15:00,2023-10-05T16:15:00Z,460.7
SpC_RA_upstream_051023.xlsx,2023-10-05T15:51:30Z,2023-10-05T15:51:30Z,552.8000000000001,28.86,NA,NA,NA,NA,NA,NA,RA,upstream,2023-10-05,20835561,2023-10-05T18:51:30Z,513.182324545117,5947,154,295,137,9.46,13:15:00,2023-10-05T16:15:00Z,460.7
SpC_RA_upstream_051023.xlsx,2023-10-05T15:52:00Z,2023-10-05T15:52:00Z,552.8000000000001,28.85,NA,NA,NA,NA,NA,NA,RA,upstream,2023-10-05,20835561,2023-10-05T18:52:00Z,513.2776230269267,5947,154,295,137,9.46,13:15:00,2023-10-05T16:15:00Z,460.7
SpC_RA_upstream_051023.xlsx,2023-10-05T15:52:30Z,2023-10-05T15:52:30Z,552.4,28.84,NA,NA,NA,NA,NA,NA,RA,upstream,2023-10-05,20835561,2023-10-05T18:52:30Z,513.001485884101,5947,154,295,137,9.46,13:15:00,2023-10-05T16:15:00Z,460.7
SpC_RA_upstream_051023.xlsx,2023-10-05T15:53:00Z,2023-10-05T15:53:00Z,552.4,28.84,NA,NA,NA,NA,NA,NA,RA,upstream,2023-10-05,20835561,2023-10-05T18:53:00Z,513.001485884101,5947,154,295,137,9.46,13:15:00,2023-10-05T16:15:00Z,460.7
SpC_RA_upstream_051023.xlsx,2023-10-05T15:53:30Z,2023-10-05T15:53:30Z,552.8000000000001,28.85,NA,NA,NA,NA,NA,NA,RA,upstream,2023-10-05,20835561,2023-10-05T18:53:30Z,513.2776230269267,5947,154,295,137,9.46,13:15:00,2023-10-05T16:15:00Z,460.7
SpC_RA_upstream_051023.xlsx,2023-10-05T15:54:00Z,2023-10-05T15:54:00Z,552.5,28.810000000000002,NA,NA,NA,NA,NA,NA,RA,upstream,2023-10-05,20835561,2023-10-05T18:54:00Z,513.3804125627206,5947,154,295,137,9.46,13:15:00,2023-10-05T16:15:00Z,460.7
SpC_RA_upstream_051023.xlsx,2023-10-05T15:54:30Z,2023-10-05T15:54:30Z,552.4,28.84,NA,NA,NA,NA,NA,NA,RA,upstream,2023-10-05,20835561,2023-10-05T18:54:30Z,513.001485884101,5947,154,295,137,9.46,13:15:00,2023-10-05T16:15:00Z,460.7
SpC_RA_upstream_051023.xlsx,2023-10-05T15:55:00Z,2023-10-05T15:55:00Z,552.8000000000001,28.830000000000002,NA,NA,NA,NA,NA,NA,RA,upstream,2023-10-05,20835561,2023-10-05T18:55:00Z,513.4683262121495,5947,154,295,137,9.46,13:15:00,2023-10-05T16:15:00Z,460.7
SpC_RA_upstream_051023.xlsx,2023-10-05T15:55:30Z,2023-10-05T15:55:30Z,552.4,28.85,NA,NA,NA,NA,NA,NA,RA,upstream,2023-10-05,20835561,2023-10-05T18:55:30Z,512.9062209842155,5947,154,295,137,9.46,13:15:00,2023-10-05T16:15:00Z,460.7
SpC_RA_upstream_051023.xlsx,2023-10-05T15:56:00Z,2023-10-05T15:56:00Z,552.4,28.86,NA,NA,NA,NA,NA,NA,RA,upstream,2023-10-05,20835561,2023-10-05T18:56:00Z,512.810991459339,5947,154,295,137,9.46,13:15:00,2023-10-05T16:15:00Z,460.7
SpC_RA_upstream_051023.xlsx,2023-10-05T15:56:30Z,2023-10-05T15:56:30Z,552.8000000000001,28.85,NA,NA,NA,NA,NA,NA,RA,upstream,2023-10-05,20835561,2023-10-05T18:56:30Z,513.2776230269267,5947,154,295,137,9.46,13:15:00,2023-10-05T16:15:00Z,460.7
SpC_RA_upstream_051023.xlsx,2023-10-05T15:57:00Z,2023-10-05T15:57:00Z,552.8000000000001,28.86,NA,NA,NA,NA,NA,NA,RA,upstream,2023-10-05,20835561,2023-10-05T18:57:00Z,513.182324545117,5947,154,295,137,9.46,13:15:00,2023-10-05T16:15:00Z,460.7
SpC_RA_upstream_051023.xlsx,2023-10-05T15:57:30Z,2023-10-05T15:57:30Z,552.8000000000001,28.900000000000002,NA,NA,NA,NA,NA,NA,RA,upstream,2023-10-05,20835561,2023-10-05T18:57:30Z,512.8014842300557,5947,154,295,137,9.46,13:15:00,2023-10-05T16:15:00Z,460.7
SpC_RA_upstream_051023.xlsx,2023-10-05T15:58:00Z,2023-10-05T15:58:00Z,552.8000000000001,28.91,NA,NA,NA,NA,NA,NA,RA,upstream,2023-10-05,20835561,2023-10-05T18:58:00Z,512.7063624559452,5947,154,295,137,9.46,13:15:00,2023-10-05T16:15:00Z,460.7
SpC_RA_upstream_051023.xlsx,2023-10-05T15:58:30Z,2023-10-05T15:58:30Z,553.6,28.94,NA,NA,NA,NA,NA,NA,RA,upstream,2023-10-05,20835561,2023-10-05T18:58:30Z,513.1627734519838,5947,154,295,137,9.46,13:15:00,2023-10-05T16:15:00Z,460.7
SpC_RA_upstream_051023.xlsx,2023-10-05T15:59:00Z,2023-10-05T15:59:00Z,553.2,28.92,NA,NA,NA,NA,NA,NA,RA,upstream,2023-10-05,20835561,2023-10-05T18:59:00Z,512.9821958456973,5947,154,295,137,9.46,13:15:00,2023-10-05T16:15:00Z,460.7
SpC_RA_upstream_051023.xlsx,2023-10-05T15:59:30Z,2023-10-05T15:59:30Z,553.2,28.92,NA,NA,NA,NA,NA,NA,RA,upstream,2023-10-05,20835561,2023-10-05T18:59:30Z,512.9821958456973,5947,154,295,137,9.46,13:15:00,2023-10-05T16:15:00Z,460.7
SpC_RA_upstream_051023.xlsx,2023-10-05T16:00:00Z,2023-10-05T16:00:00Z,553.6,28.900000000000002,NA,NA,NA,NA,NA,NA,RA,upstream,2023-10-05,20835561,2023-10-05T19:00:00Z,513.5435992578849,5947,154,295,137,9.46,13:15:00,2023-10-05T16:15:00Z,460.7
SpC_RA_upstream_051023.xlsx,2023-10-05T16:00:30Z,2023-10-05T16:00:30Z,553.2,28.92,NA,NA,NA,NA,NA,NA,RA,upstream,2023-10-05,20835561,2023-10-05T19:00:30Z,512.9821958456973,5947,154,295,137,9.46,13:15:00,2023-10-05T16:15:00Z,460.7
SpC_RA_upstream_051023.xlsx,2023-10-05T16:01:00Z,2023-10-05T16:01:00Z,553.2,28.91,NA,NA,NA,NA,NA,NA,RA,upstream,2023-10-05,20835561,2023-10-05T19:01:00Z,513.0773511407903,5947,154,295,137,9.46,13:15:00,2023-10-05T16:15:00Z,460.7
SpC_RA_upstream_051023.xlsx,2023-10-05T16:01:30Z,2023-10-05T16:01:30Z,553.6,28.92,NA,NA,NA,NA,NA,NA,RA,upstream,2023-10-05,20835561,2023-10-05T19:01:30Z,513.353115727003,5947,154,295,137,9.46,13:15:00,2023-10-05T16:15:00Z,460.7
SpC_RA_upstream_051023.xlsx,2023-10-05T16:02:00Z,2023-10-05T16:02:00Z,552.8000000000001,28.91,NA,NA,NA,NA,NA,NA,RA,upstream,2023-10-05,20835561,2023-10-05T19:02:00Z,512.7063624559452,5947,154,295,137,9.46,13:15:00,2023-10-05T16:15:00Z,460.7
SpC_RA_upstream_051023.xlsx,2023-10-05T16:02:30Z,2023-10-05T16:02:30Z,553.6,28.96,NA,NA,NA,NA,NA,NA,RA,upstream,2023-10-05,20835561,2023-10-05T19:02:30Z,512.9725722757598,5947,154,295,137,9.46,13:15:00,2023-10-05T16:15:00Z,460.7
SpC_RA_upstream_051023.xlsx,2023-10-05T16:03:00Z,2023-10-05T16:03:00Z,553.6,28.900000000000002,NA,NA,NA,NA,NA,NA,RA,upstream,2023-10-05,20835561,2023-10-05T19:03:00Z,513.5435992578849,5947,154,295,137,9.46,13:15:00,2023-10-05T16:15:00Z,460.7
SpC_RA_upstream_051023.xlsx,2023-10-05T16:03:30Z,2023-10-05T16:03:30Z,553.2,28.91,NA,NA,NA,NA,NA,NA,RA,upstream,2023-10-05,20835561,2023-10-05T19:03:30Z,513.0773511407903,5947,154,295,137,9.46,13:15:00,2023-10-05T16:15:00Z,460.7
SpC_RA_upstream_051023.xlsx,2023-10-05T16:04:00Z,2023-10-05T16:04:00Z,553.2,28.92,NA,NA,NA,NA,NA,NA,RA,upstream,2023-10-05,20835561,2023-10-05T19:04:00Z,512.9821958456973,5947,154,295,137,9.46,13:15:00,2023-10-05T16:15:00Z,460.7
SpC_RA_upstream_051023.xlsx,2023-10-05T16:04:30Z,2023-10-05T16:04:30Z,553.2,28.92,NA,NA,NA,NA,NA,NA,RA,upstream,2023-10-05,20835561,2023-10-05T19:04:30Z,512.9821958456973,5947,154,295,137,9.46,13:15:00,2023-10-05T16:15:00Z,460.7
SpC_RA_upstream_051023.xlsx,2023-10-05T16:05:00Z,2023-10-05T16:05:00Z,553.2,28.94,NA,NA,NA,NA,NA,NA,RA,upstream,2023-10-05,20835561,2023-10-05T19:05:00Z,512.7919911012236,5947,154,295,137,9.46,13:15:00,2023-10-05T16:15:00Z,460.7
SpC_RA_upstream_051023.xlsx,2023-10-05T16:05:30Z,2023-10-05T16:05:30Z,553.6,28.96,NA,NA,NA,NA,NA,NA,RA,upstream,2023-10-05,20835561,2023-10-05T19:05:30Z,512.9725722757598,5947,154,295,137,9.46,13:15:00,2023-10-05T16:15:00Z,460.7
SpC_RA_upstream_051023.xlsx,2023-10-05T16:06:00Z,2023-10-05T16:06:00Z,553.6,28.96,NA,NA,NA,NA,NA,NA,RA,upstream,2023-10-05,20835561,2023-10-05T19:06:00Z,512.9725722757598,5947,154,295,137,9.46,13:15:00,2023-10-05T16:15:00Z,460.7
SpC_RA_upstream_051023.xlsx,2023-10-05T16:06:30Z,2023-10-05T16:06:30Z,553.2,28.91,NA,NA,NA,NA,NA,NA,RA,upstream,2023-10-05,20835561,2023-10-05T19:06:30Z,513.0773511407903,5947,154,295,137,9.46,13:15:00,2023-10-05T16:15:00Z,460.7
SpC_RA_upstream_051023.xlsx,2023-10-05T16:07:00Z,2023-10-05T16:07:00Z,553.6,28.94,NA,NA,NA,NA,NA,NA,RA,upstream,2023-10-05,20835561,2023-10-05T19:07:00Z,513.1627734519838,5947,154,295,137,9.46,13:15:00,2023-10-05T16:15:00Z,460.7
SpC_RA_upstream_051023.xlsx,2023-10-05T16:07:30Z,2023-10-05T16:07:30Z,553.6,28.91,NA,NA,NA,NA,NA,NA,RA,upstream,2023-10-05,20835561,2023-10-05T19:07:30Z,513.4483398256353,5947,154,295,137,9.46,13:15:00,2023-10-05T16:15:00Z,460.7
SpC_RA_upstream_051023.xlsx,2023-10-05T16:08:00Z,2023-10-05T16:08:00Z,552.8000000000001,28.89,NA,NA,NA,NA,NA,NA,RA,upstream,2023-10-05,20835561,2023-10-05T19:08:00Z,512.8966413063648,5947,154,295,137,9.46,13:15:00,2023-10-05T16:15:00Z,460.7
SpC_RA_upstream_051023.xlsx,2023-10-05T16:08:30Z,2023-10-05T16:08:30Z,553.2,28.900000000000002,NA,NA,NA,NA,NA,NA,RA,upstream,2023-10-05,20835561,2023-10-05T19:08:30Z,513.1725417439703,5947,154,295,137,9.46,13:15:00,2023-10-05T16:15:00Z,460.7
SpC_RA_upstream_051023.xlsx,2023-10-05T16:09:00Z,2023-10-05T16:09:00Z,553.6,28.92,NA,NA,NA,NA,NA,NA,RA,upstream,2023-10-05,20835561,2023-10-05T19:09:00Z,513.353115727003,5947,154,295,137,9.46,13:15:00,2023-10-05T16:15:00Z,460.7
SpC_RA_upstream_051023.xlsx,2023-10-05T16:09:30Z,2023-10-05T16:09:30Z,553.2,28.94,NA,NA,NA,NA,NA,NA,RA,upstream,2023-10-05,20835561,2023-10-05T19:09:30Z,512.7919911012236,5947,154,295,137,9.46,13:15:00,2023-10-05T16:15:00Z,460.7
SpC_RA_upstream_051023.xlsx,2023-10-05T16:10:00Z,2023-10-05T16:10:00Z,553.6,28.900000000000002,NA,NA,NA,NA,NA,NA,RA,upstream,2023-10-05,20835561,2023-10-05T19:10:00Z,513.5435992578849,5947,154,295,137,9.46,13:15:00,2023-10-05T16:15:00Z,460.7
SpC_RA_upstream_051023.xlsx,2023-10-05T16:10:30Z,2023-10-05T16:10:30Z,553.6,28.95,NA,NA,NA,NA,NA,NA,RA,upstream,2023-10-05,20835561,2023-10-05T19:10:30Z,513.06765523633,5947,154,295,137,9.46,13:15:00,2023-10-05T16:15:00Z,460.7
SpC_RA_upstream_051023.xlsx,2023-10-05T16:11:00Z,2023-10-05T16:11:00Z,552.8000000000001,28.92,NA,NA,NA,NA,NA,NA,RA,upstream,2023-10-05,20835561,2023-10-05T19:11:00Z,512.6112759643918,5947,154,295,137,9.46,13:15:00,2023-10-05T16:15:00Z,460.7
SpC_RA_upstream_051023.xlsx,2023-10-05T16:11:30Z,2023-10-05T16:11:30Z,553.2,28.89,NA,NA,NA,NA,NA,NA,RA,upstream,2023-10-05,20835561,2023-10-05T19:11:30Z,513.2677676748933,5947,154,295,137,9.46,13:15:00,2023-10-05T16:15:00Z,460.7
SpC_RA_upstream_051023.xlsx,2023-10-05T16:12:00Z,2023-10-05T16:12:00Z,553.2,28.89,NA,NA,NA,NA,NA,NA,RA,upstream,2023-10-05,20835561,2023-10-05T19:12:00Z,513.2677676748933,5947,154,295,137,9.46,13:15:00,2023-10-05T16:15:00Z,460.7
SpC_RA_upstream_051023.xlsx,2023-10-05T16:12:30Z,2023-10-05T16:12:30Z,552.8000000000001,28.86,NA,NA,NA,NA,NA,NA,RA,upstream,2023-10-05,20835561,2023-10-05T19:12:30Z,513.182324545117,5947,154,295,137,9.46,13:15:00,2023-10-05T16:15:00Z,460.7
SpC_RA_upstream_051023.xlsx,2023-10-05T16:13:00Z,2023-10-05T16:13:00Z,552.8000000000001,28.86,NA,NA,NA,NA,NA,NA,RA,upstream,2023-10-05,20835561,2023-10-05T19:13:00Z,513.182324545117,5947,154,295,137,9.46,13:15:00,2023-10-05T16:15:00Z,460.7
SpC_RA_upstream_051023.xlsx,2023-10-05T16:13:30Z,2023-10-05T16:13:30Z,552.8000000000001,28.84,NA,NA,NA,NA,NA,NA,RA,upstream,2023-10-05,20835561,2023-10-05T19:13:30Z,513.3729569093612,5947,154,295,137,9.46,13:15:00,2023-10-05T16:15:00Z,460.7
SpC_RA_upstream_051023.xlsx,2023-10-05T16:14:00Z,2023-10-05T16:14:00Z,552.8000000000001,28.85,NA,NA,NA,NA,NA,NA,RA,upstream,2023-10-05,20835561,2023-10-05T19:14:00Z,513.2776230269267,5947,154,295,137,9.46,13:15:00,2023-10-05T16:15:00Z,460.7
SpC_RA_upstream_051023.xlsx,2023-10-05T16:14:30Z,2023-10-05T16:14:30Z,552.4,28.84,NA,NA,NA,NA,NA,NA,RA,upstream,2023-10-05,20835561,2023-10-05T19:14:30Z,513.001485884101,5947,154,295,137,9.46,13:15:00,2023-10-05T16:15:00Z,460.7
SpC_RA_upstream_051023.xlsx,2023-10-05T16:15:00Z,2023-10-05T16:15:00Z,552.4,28.84,NA,NA,NA,NA,NA,NA,RA,upstream,2023-10-05,20835561,2023-10-05T19:15:00Z,513.001485884101,5947,154,295,137,9.46,13:15:00,2023-10-05T16:15:00Z,460.7
SpC_RA_upstream_051023.xlsx,2023-10-05T16:15:30Z,2023-10-05T16:15:30Z,552.4,28.84,NA,NA,NA,NA,NA,NA,RA,upstream,2023-10-05,20835561,2023-10-05T19:15:30Z,513.001485884101,5947,154,295,137,9.46,13:15:00,2023-10-05T16:15:00Z,460.7
SpC_RA_upstream_051023.xlsx,2023-10-05T16:16:00Z,2023-10-05T16:16:00Z,552.8000000000001,28.85,NA,NA,NA,NA,NA,NA,RA,upstream,2023-10-05,20835561,2023-10-05T19:16:00Z,513.2776230269267,5947,154,295,137,9.46,13:15:00,2023-10-05T16:15:00Z,460.7
SpC_RA_upstream_051023.xlsx,2023-10-05T16:16:30Z,2023-10-05T16:16:30Z,552.8000000000001,28.86,NA,NA,NA,NA,NA,NA,RA,upstream,2023-10-05,20835561,2023-10-05T19:16:30Z,513.182324545117,5947,154,295,137,9.46,13:15:00,2023-10-05T16:15:00Z,460.7
SpC_RA_upstream_051023.xlsx,2023-10-05T16:17:00Z,2023-10-05T16:17:00Z,552.8000000000001,28.84,NA,NA,NA,NA,NA,NA,RA,upstream,2023-10-05,20835561,2023-10-05T19:17:00Z,513.3729569093612,5947,154,295,137,9.46,13:15:00,2023-10-05T16:15:00Z,460.7
SpC_RA_upstream_051023.xlsx,2023-10-05T16:17:30Z,2023-10-05T16:17:30Z,552.8000000000001,28.85,NA,NA,NA,NA,NA,NA,RA,upstream,2023-10-05,20835561,2023-10-05T19:17:30Z,513.2776230269267,5947,154,295,137,9.46,13:15:00,2023-10-05T16:15:00Z,460.7
SpC_RA_upstream_051023.xlsx,2023-10-05T16:18:00Z,2023-10-05T16:18:00Z,552.4,28.84,NA,NA,NA,NA,NA,NA,RA,upstream,2023-10-05,20835561,2023-10-05T19:18:00Z,513.001485884101,5947,154,295,137,9.46,13:15:00,2023-10-05T16:15:00Z,460.7
SpC_RA_upstream_051023.xlsx,2023-10-05T16:18:30Z,2023-10-05T16:18:30Z,552.4,28.84,NA,NA,NA,NA,NA,NA,RA,upstream,2023-10-05,20835561,2023-10-05T19:18:30Z,513.001485884101,5947,154,295,137,9.46,13:15:00,2023-10-05T16:15:00Z,460.7
SpC_RA_upstream_051023.xlsx,2023-10-05T16:19:00Z,2023-10-05T16:19:00Z,552.5,28.810000000000002,NA,NA,NA,NA,NA,NA,RA,upstream,2023-10-05,20835561,2023-10-05T19:19:00Z,513.3804125627206,5947,154,295,137,9.46,13:15:00,2023-10-05T16:15:00Z,460.7
SpC_RA_upstream_051023.xlsx,2023-10-05T16:19:30Z,2023-10-05T16:19:30Z,552.5,28.79,NA,NA,NA,NA,NA,NA,RA,upstream,2023-10-05,20835561,2023-10-05T19:19:30Z,513.5712957798847,5947,154,295,137,9.46,13:15:00,2023-10-05T16:15:00Z,460.7
SpC_RA_upstream_051023.xlsx,2023-10-05T16:20:00Z,2023-10-05T16:20:00Z,552.5,28.810000000000002,NA,NA,NA,NA,NA,NA,RA,upstream,2023-10-05,20835561,2023-10-05T19:20:00Z,513.3804125627206,5947,154,295,137,9.46,13:15:00,2023-10-05T16:15:00Z,460.7
SpC_RA_upstream_051023.xlsx,2023-10-05T16:20:30Z,2023-10-05T16:20:30Z,552.4,28.830000000000002,NA,NA,NA,NA,NA,NA,RA,upstream,2023-10-05,20835561,2023-10-05T19:20:30Z,513.0967861787108,5947,154,295,137,9.46,13:15:00,2023-10-05T16:15:00Z,460.7
SpC_RA_upstream_051023.xlsx,2023-10-05T16:21:00Z,2023-10-05T16:21:00Z,552.4,28.830000000000002,NA,NA,NA,NA,NA,NA,RA,upstream,2023-10-05,20835561,2023-10-05T19:21:00Z,513.0967861787108,5947,154,295,137,9.46,13:15:00,2023-10-05T16:15:00Z,460.7
SpC_RA_upstream_051023.xlsx,2023-10-05T16:21:30Z,2023-10-05T16:21:30Z,552.4,28.830000000000002,NA,NA,NA,NA,NA,NA,RA,upstream,2023-10-05,20835561,2023-10-05T19:21:30Z,513.0967861787108,5947,154,295,137,9.46,13:15:00,2023-10-05T16:15:00Z,460.7
SpC_RA_upstream_051023.xlsx,2023-10-05T16:22:00Z,2023-10-05T16:22:00Z,552.8000000000001,28.84,NA,NA,NA,NA,NA,NA,RA,upstream,2023-10-05,20835561,2023-10-05T19:22:00Z,513.3729569093612,5947,154,295,137,9.46,13:15:00,2023-10-05T16:15:00Z,460.7
SpC_RA_upstream_051023.xlsx,2023-10-05T16:22:30Z,2023-10-05T16:22:30Z,552.8000000000001,28.84,NA,NA,NA,NA,NA,NA,RA,upstream,2023-10-05,20835561,2023-10-05T19:22:30Z,513.3729569093612,5947,154,295,137,9.46,13:15:00,2023-10-05T16:15:00Z,460.7
SpC_RA_upstream_051023.xlsx,2023-10-05T16:23:00Z,2023-10-05T16:23:00Z,552.4,28.84,NA,NA,NA,NA,NA,NA,RA,upstream,2023-10-05,20835561,2023-10-05T19:23:00Z,513.001485884101,5947,154,295,137,9.46,13:15:00,2023-10-05T16:15:00Z,460.7
SpC_RA_upstream_051023.xlsx,2023-10-05T16:23:30Z,2023-10-05T16:23:30Z,552.4,28.830000000000002,NA,NA,NA,NA,NA,NA,RA,upstream,2023-10-05,20835561,2023-10-05T19:23:30Z,513.0967861787108,5947,154,295,137,9.46,13:15:00,2023-10-05T16:15:00Z,460.7
SpC_RA_upstream_051023.xlsx,2023-10-05T16:24:00Z,2023-10-05T16:24:00Z,552.8000000000001,28.84,NA,NA,NA,NA,NA,NA,RA,upstream,2023-10-05,20835561,2023-10-05T19:24:00Z,513.3729569093612,5947,154,295,137,9.46,13:15:00,2023-10-05T16:15:00Z,460.7
SpC_RA_upstream_051023.xlsx,2023-10-05T16:24:30Z,2023-10-05T16:24:30Z,552.5,28.810000000000002,NA,NA,NA,NA,NA,NA,RA,upstream,2023-10-05,20835561,2023-10-05T19:24:30Z,513.3804125627206,5947,154,295,137,9.46,13:15:00,2023-10-05T16:15:00Z,460.7
SpC_RA_upstream_051023.xlsx,2023-10-05T16:25:00Z,2023-10-05T16:25:00Z,552.8000000000001,28.85,NA,NA,NA,NA,NA,NA,RA,upstream,2023-10-05,20835561,2023-10-05T19:25:00Z,513.2776230269267,5947,154,295,137,9.46,13:15:00,2023-10-05T16:15:00Z,460.7
SpC_RA_upstream_051023.xlsx,2023-10-05T16:25:30Z,2023-10-05T16:25:30Z,552.8000000000001,28.86,NA,NA,NA,NA,NA,NA,RA,upstream,2023-10-05,20835561,2023-10-05T19:25:30Z,513.182324545117,5947,154,295,137,9.46,13:15:00,2023-10-05T16:15:00Z,460.7
SpC_RA_upstream_051023.xlsx,2023-10-05T16:26:00Z,2023-10-05T16:26:00Z,552.8000000000001,28.84,NA,NA,NA,NA,NA,NA,RA,upstream,2023-10-05,20835561,2023-10-05T19:26:00Z,513.3729569093612,5947,154,295,137,9.46,13:15:00,2023-10-05T16:15:00Z,460.7
SpC_RA_upstream_051023.xlsx,2023-10-05T16:26:30Z,2023-10-05T16:26:30Z,552.8000000000001,28.86,NA,NA,NA,NA,NA,NA,RA,upstream,2023-10-05,20835561,2023-10-05T19:26:30Z,513.182324545117,5947,154,295,137,9.46,13:15:00,2023-10-05T16:15:00Z,460.7
SpC_RA_upstream_051023.xlsx,2023-10-05T16:27:00Z,2023-10-05T16:27:00Z,552.8000000000001,28.86,NA,NA,NA,NA,NA,NA,RA,upstream,2023-10-05,20835561,2023-10-05T19:27:00Z,513.182324545117,5947,154,295,137,9.46,13:15:00,2023-10-05T16:15:00Z,460.7
SpC_RA_upstream_051023.xlsx,2023-10-05T16:27:30Z,2023-10-05T16:27:30Z,553.2,28.89,NA,NA,NA,NA,NA,NA,RA,upstream,2023-10-05,20835561,2023-10-05T19:27:30Z,513.2677676748933,5947,154,295,137,9.46,13:15:00,2023-10-05T16:15:00Z,460.7
SpC_RA_upstream_051023.xlsx,2023-10-05T16:28:00Z,2023-10-05T16:28:00Z,553.2,28.900000000000002,NA,NA,NA,NA,NA,NA,RA,upstream,2023-10-05,20835561,2023-10-05T19:28:00Z,513.1725417439703,5947,154,295,137,9.46,13:15:00,2023-10-05T16:15:00Z,460.7
