source_file,date_raw,time_raw,full_range_uscm,temp_c,spc_calculated_uscm,coupler_detached,coupler_attached,host_connected,stopped,end_of_file,stream,station,date,logger_serial,datetime,spc_uscm,nacl_mass_g,amonium_added_g,phophate_added_g,reach_length_m,reach_mean_width_m,addition_time,addition_datetime,background_spc
SpC_SR_091023_upstream.xlsx,2023-10-09T16:34:00Z,2023-10-09T16:34:00Z,458.40000000000003,26.91,441.53342323251786,NA,NA,NA,NA,NA,SR,upstream,2023-10-09,20835564,2023-10-09T19:34:00Z,441.53342323251786,3101,0,0,52,2,17:33:10,2023-10-09T20:33:10Z,NA
SpC_SR_091023_upstream.xlsx,2023-10-09T16:35:00Z,2023-10-09T16:35:00Z,458.40000000000003,26.91,441.53342323251786,NA,NA,NA,NA,NA,SR,upstream,2023-10-09,20835564,2023-10-09T19:35:00Z,441.53342323251786,3101,0,0,52,2,17:33:10,2023-10-09T20:33:10Z,NA
SpC_SR_091023_upstream.xlsx,2023-10-09T16:36:00Z,2023-10-09T16:36:00Z,458.40000000000003,26.900000000000002,441.6184971098266,NA,NA,NA,NA,NA,SR,upstream,2023-10-09,20835564,2023-10-09T19:36:00Z,441.6184971098266,3101,0,0,52,2,17:33:10,2023-10-09T20:33:10Z,NA
SpC_SR_091023_upstream.xlsx,2023-10-09T16:37:00Z,2023-10-09T16:37:00Z,458.8,26.91,441.9187054517434,NA,NA,NA,NA,NA,SR,upstream,2023-10-09,20835564,2023-10-09T19:37:00Z,441.9187054517434,3101,0,0,52,2,17:33:10,2023-10-09T20:33:10Z,NA
SpC_SR_091023_upstream.xlsx,2023-10-09T16:38:00Z,2023-10-09T16:38:00Z,458.40000000000003,26.900000000000002,441.6184971098266,NA,NA,NA,NA,NA,SR,upstream,2023-10-09,20835564,2023-10-09T19:38:00Z,441.6184971098266,3101,0,0,52,2,17:33:10,2023-10-09T20:33:10Z,NA
SpC_SR_091023_upstream.xlsx,2023-10-09T16:39:00Z,2023-10-09T16:39:00Z,458.8,26.900000000000002,442.0038535645472,NA,NA,NA,NA,NA,SR,upstream,2023-10-09,20835564,2023-10-09T19:39:00Z,442.0038535645472,3101,0,0,52,2,17:33:10,2023-10-09T20:33:10Z,NA
SpC_SR_091023_upstream.xlsx,2023-10-09T16:40:00Z,2023-10-09T16:40:00Z,458.40000000000003,26.900000000000002,441.6184971098266,NA,NA,NA,NA,NA,SR,upstream,2023-10-09,20835564,2023-10-09T19:40:00Z,441.6184971098266,3101,0,0,52,2,17:33:10,2023-10-09T20:33:10Z,NA
SpC_SR_091023_upstream.xlsx,2023-10-09T16:41:00Z,2023-10-09T16:41:00Z,458.40000000000003,26.900000000000002,441.6184971098266,NA,NA,NA,NA,NA,SR,upstream,2023-10-09,20835564,2023-10-09T19:41:00Z,441.6184971098266,3101,0,0,52,2,17:33:10,2023-10-09T20:33:10Z,NA
SpC_SR_091023_upstream.xlsx,2023-10-09T16:42:00Z,2023-10-09T16:42:00Z,459.20000000000005,26.89,442.4744652148776,NA,NA,NA,NA,NA,SR,upstream,2023-10-09,20835564,2023-10-09T19:42:00Z,442.4744652148776,3101,0,0,52,2,17:33:10,2023-10-09T20:33:10Z,NA
SpC_SR_091023_upstream.xlsx,2023-10-09T16:43:00Z,2023-10-09T16:43:00Z,458.8,26.89,442.0890344960493,NA,NA,NA,NA,NA,SR,upstream,2023-10-09,20835564,2023-10-09T19:43:00Z,442.0890344960493,3101,0,0,52,2,17:33:10,2023-10-09T20:33:10Z,NA
SpC_SR_091023_upstream.xlsx,2023-10-09T16:44:00Z,2023-10-09T16:44:00Z,458.8,26.89,442.0890344960493,NA,NA,NA,NA,NA,SR,upstream,2023-10-09,20835564,2023-10-09T19:44:00Z,442.0890344960493,3101,0,0,52,2,17:33:10,2023-10-09T20:33:10Z,NA
SpC_SR_091023_upstream.xlsx,2023-10-09T16:45:00Z,2023-10-09T16:45:00Z,458.8,26.89,442.0890344960493,NA,NA,NA,NA,NA,SR,upstream,2023-10-09,20835564,2023-10-09T19:45:00Z,442.0890344960493,3101,0,0,52,2,17:33:10,2023-10-09T20:33:10Z,NA
SpC_SR_091023_upstream.xlsx,2023-10-09T16:46:00Z,2023-10-09T16:46:00Z,459.20000000000005,26.89,442.4744652148776,NA,NA,NA,NA,NA,SR,upstream,2023-10-09,20835564,2023-10-09T19:46:00Z,442.4744652148776,3101,0,0,52,2,17:33:10,2023-10-09T20:33:10Z,NA
SpC_SR_091023_upstream.xlsx,2023-10-09T16:47:00Z,2023-10-09T16:47:00Z,459.20000000000005,26.89,442.4744652148776,NA,NA,NA,NA,NA,SR,upstream,2023-10-09,20835564,2023-10-09T19:47:00Z,442.4744652148776,3101,0,0,52,2,17:33:10,2023-10-09T20:33:10Z,NA
SpC_SR_091023_upstream.xlsx,2023-10-09T16:48:00Z,2023-10-09T16:48:00Z,458.8,26.89,442.0890344960493,NA,NA,NA,NA,NA,SR,upstream,2023-10-09,20835564,2023-10-09T19:48:00Z,442.0890344960493,3101,0,0,52,2,17:33:10,2023-10-09T20:33:10Z,NA
SpC_SR_091023_upstream.xlsx,2023-10-09T16:49:00Z,2023-10-09T16:49:00Z,458.8,26.89,442.0890344960493,NA,NA,NA,NA,NA,SR,upstream,2023-10-09,20835564,2023-10-09T19:49:00Z,442.0890344960493,3101,0,0,52,2,17:33:10,2023-10-09T20:33:10Z,NA
SpC_SR_091023_upstream.xlsx,2023-10-09T16:50:00Z,2023-10-09T16:50:00Z,459.20000000000005,26.87,442.6450742240216,NA,NA,NA,NA,NA,SR,upstream,2023-10-09,20835564,2023-10-09T19:50:00Z,442.6450742240216,3101,0,0,52,2,17:33:10,2023-10-09T20:33:10Z,NA
SpC_SR_091023_upstream.xlsx,2023-10-09T16:51:00Z,2023-10-09T16:51:00Z,458.8,26.87,442.2594948910738,NA,NA,NA,NA,NA,SR,upstream,2023-10-09,20835564,2023-10-09T19:51:00Z,442.2594948910738,3101,0,0,52,2,17:33:10,2023-10-09T20:33:10Z,NA
SpC_SR_091023_upstream.xlsx,2023-10-09T16:52:00Z,2023-10-09T16:52:00Z,458.8,26.87,442.2594948910738,NA,NA,NA,NA,NA,SR,upstream,2023-10-09,20835564,2023-10-09T19:52:00Z,442.2594948910738,3101,0,0,52,2,17:33:10,2023-10-09T20:33:10Z,NA
SpC_SR_091023_upstream.xlsx,2023-10-09T16:53:00Z,2023-10-09T16:53:00Z,458.5,26.87,441.970310391363,NA,NA,NA,NA,NA,SR,upstream,2023-10-09,20835564,2023-10-09T19:53:00Z,441.970310391363,3101,0,0,52,2,17:33:10,2023-10-09T20:33:10Z,NA
SpC_SR_091023_upstream.xlsx,2023-10-09T16:54:00Z,2023-10-09T16:54:00Z,459.20000000000005,26.87,442.6450742240216,NA,NA,NA,NA,NA,SR,upstream,2023-10-09,20835564,2023-10-09T19:54:00Z,442.6450742240216,3101,0,0,52,2,17:33:10,2023-10-09T20:33:10Z,NA
SpC_SR_091023_upstream.xlsx,2023-10-09T16:55:00Z,2023-10-09T16:55:00Z,458.8,26.87,442.2594948910738,NA,NA,NA,NA,NA,SR,upstream,2023-10-09,20835564,2023-10-09T19:55:00Z,442.2594948910738,3101,0,0,52,2,17:33:10,2023-10-09T20:33:10Z,NA
SpC_SR_091023_upstream.xlsx,2023-10-09T16:56:00Z,2023-10-09T16:56:00Z,459.20000000000005,26.87,442.6450742240216,NA,NA,NA,NA,NA,SR,upstream,2023-10-09,20835564,2023-10-09T19:56:00Z,442.6450742240216,3101,0,0,52,2,17:33:10,2023-10-09T20:33:10Z,NA
SpC_SR_091023_upstream.xlsx,2023-10-09T16:57:00Z,2023-10-09T16:57:00Z,459.20000000000005,26.87,442.6450742240216,NA,NA,NA,NA,NA,SR,upstream,2023-10-09,20835564,2023-10-09T19:57:00Z,442.6450742240216,3101,0,0,52,2,17:33:10,2023-10-09T20:33:10Z,NA
SpC_SR_091023_upstream.xlsx,2023-10-09T16:58:00Z,2023-10-09T16:58:00Z,459.20000000000005,26.87,442.6450742240216,NA,NA,NA,NA,NA,SR,upstream,2023-10-09,20835564,2023-10-09T19:58:00Z,442.6450742240216,3101,0,0,52,2,17:33:10,2023-10-09T20:33:10Z,NA
SpC_SR_091023_upstream.xlsx,2023-10-09T16:59:00Z,2023-10-09T16:59:00Z,459.20000000000005,26.87,442.6450742240216,NA,NA,NA,NA,NA,SR,upstream,2023-10-09,20835564,2023-10-09T19:59:00Z,442.6450742240216,3101,0,0,52,2,17:33:10,2023-10-09T20:33:10Z,NA
SpC_SR_091023_upstream.xlsx,2023-10-09T17:00:00Z,2023-10-09T17:00:00Z,458.5,26.86,442.05553413035096,NA,NA,NA,NA,NA,SR,upstream,2023-10-09,20835564,2023-10-09T20:00:00Z,442.05553413035096,3101,0,0,52,2,17:33:10,2023-10-09T20:33:10Z,NA
SpC_SR_091023_upstream.xlsx,2023-10-09T17:01:00Z,2023-10-09T17:01:00Z,458.8,26.86,442.3447743925955,NA,NA,NA,NA,NA,SR,upstream,2023-10-09,20835564,2023-10-09T20:01:00Z,442.3447743925955,3101,0,0,52,2,17:33:10,2023-10-09T20:33:10Z,NA
SpC_SR_091023_upstream.xlsx,2023-10-09T17:02:00Z,2023-10-09T17:02:00Z,458.8,26.86,442.3447743925955,NA,NA,NA,NA,NA,SR,upstream,2023-10-09,20835564,2023-10-09T20:02:00Z,442.3447743925955,3101,0,0,52,2,17:33:10,2023-10-09T20:33:10Z,NA
SpC_SR_091023_upstream.xlsx,2023-10-09T17:03:00Z,2023-10-09T17:03:00Z,458.8,26.86,442.3447743925955,NA,NA,NA,NA,NA,SR,upstream,2023-10-09,20835564,2023-10-09T20:03:00Z,442.3447743925955,3101,0,0,52,2,17:33:10,2023-10-09T20:33:10Z,NA
SpC_SR_091023_upstream.xlsx,2023-10-09T17:04:00Z,2023-10-09T17:04:00Z,459.20000000000005,26.86,442.73042807558824,NA,NA,NA,NA,NA,SR,upstream,2023-10-09,20835564,2023-10-09T20:04:00Z,442.73042807558824,3101,0,0,52,2,17:33:10,2023-10-09T20:33:10Z,NA
SpC_SR_091023_upstream.xlsx,2023-10-09T17:05:00Z,2023-10-09T17:05:00Z,458.8,26.86,442.3447743925955,NA,NA,NA,NA,NA,SR,upstream,2023-10-09,20835564,2023-10-09T20:05:00Z,442.3447743925955,3101,0,0,52,2,17:33:10,2023-10-09T20:33:10Z,NA
SpC_SR_091023_upstream.xlsx,2023-10-09T17:06:00Z,2023-10-09T17:06:00Z,458.8,26.85,442.4300867888139,NA,NA,NA,NA,NA,SR,upstream,2023-10-09,20835564,2023-10-09T20:06:00Z,442.4300867888139,3101,0,0,52,2,17:33:10,2023-10-09T20:33:10Z,NA
SpC_SR_091023_upstream.xlsx,2023-10-09T17:07:00Z,2023-10-09T17:07:00Z,459.6,26.85,443.2015429122469,NA,NA,NA,NA,NA,SR,upstream,2023-10-09,20835564,2023-10-09T20:07:00Z,443.2015429122469,3101,0,0,52,2,17:33:10,2023-10-09T20:33:10Z,NA
SpC_SR_091023_upstream.xlsx,2023-10-09T17:08:00Z,2023-10-09T17:08:00Z,459.20000000000005,26.85,442.81581485053044,NA,NA,NA,NA,NA,SR,upstream,2023-10-09,20835564,2023-10-09T20:08:00Z,442.81581485053044,3101,0,0,52,2,17:33:10,2023-10-09T20:33:10Z,NA
SpC_SR_091023_upstream.xlsx,2023-10-09T17:09:00Z,2023-10-09T17:09:00Z,459.20000000000005,26.85,442.81581485053044,NA,NA,NA,NA,NA,SR,upstream,2023-10-09,20835564,2023-10-09T20:09:00Z,442.81581485053044,3101,0,0,52,2,17:33:10,2023-10-09T20:33:10Z,NA
SpC_SR_091023_upstream.xlsx,2023-10-09T17:10:00Z,2023-10-09T17:10:00Z,459.20000000000005,26.85,442.81581485053044,NA,NA,NA,NA,NA,SR,upstream,2023-10-09,20835564,2023-10-09T20:10:00Z,442.81581485053044,3101,0,0,52,2,17:33:10,2023-10-09T20:33:10Z,NA
SpC_SR_091023_upstream.xlsx,2023-10-09T17:11:00Z,2023-10-09T17:11:00Z,458.8,26.85,442.4300867888139,NA,NA,NA,NA,NA,SR,upstream,2023-10-09,20835564,2023-10-09T20:11:00Z,442.4300867888139,3101,0,0,52,2,17:33:10,2023-10-09T20:33:10Z,NA
SpC_SR_091023_upstream.xlsx,2023-10-09T17:12:00Z,2023-10-09T17:12:00Z,459.6,26.85,443.2015429122469,NA,NA,NA,NA,NA,SR,upstream,2023-10-09,20835564,2023-10-09T20:12:00Z,443.2015429122469,3101,0,0,52,2,17:33:10,2023-10-09T20:33:10Z,NA
SpC_SR_091023_upstream.xlsx,2023-10-09T17:13:00Z,2023-10-09T17:13:00Z,459.20000000000005,26.84,442.9012345679013,NA,NA,NA,NA,NA,SR,upstream,2023-10-09,20835564,2023-10-09T20:13:00Z,442.9012345679013,3101,0,0,52,2,17:33:10,2023-10-09T20:33:10Z,NA
SpC_SR_091023_upstream.xlsx,2023-10-09T17:14:00Z,2023-10-09T17:14:00Z,459.20000000000005,26.84,442.9012345679013,NA,NA,NA,NA,NA,SR,upstream,2023-10-09,20835564,2023-10-09T20:14:00Z,442.9012345679013,3101,0,0,52,2,17:33:10,2023-10-09T20:33:10Z,NA
SpC_SR_091023_upstream.xlsx,2023-10-09T17:15:00Z,2023-10-09T17:15:00Z,459.6,26.84,443.28703703703707,NA,NA,NA,NA,NA,SR,upstream,2023-10-09,20835564,2023-10-09T20:15:00Z,443.28703703703707,3101,0,0,52,2,17:33:10,2023-10-09T20:33:10Z,NA
SpC_SR_091023_upstream.xlsx,2023-10-09T17:16:00Z,2023-10-09T17:16:00Z,459.20000000000005,26.84,442.9012345679013,NA,NA,NA,NA,NA,SR,upstream,2023-10-09,20835564,2023-10-09T20:16:00Z,442.9012345679013,3101,0,0,52,2,17:33:10,2023-10-09T20:33:10Z,NA
SpC_SR_091023_upstream.xlsx,2023-10-09T17:17:00Z,2023-10-09T17:17:00Z,459.20000000000005,26.84,442.9012345679013,NA,NA,NA,NA,NA,SR,upstream,2023-10-09,20835564,2023-10-09T20:17:00Z,442.9012345679013,3101,0,0,52,2,17:33:10,2023-10-09T20:33:10Z,NA
SpC_SR_091023_upstream.xlsx,2023-10-09T17:18:00Z,2023-10-09T17:18:00Z,459.6,26.84,443.28703703703707,NA,NA,NA,NA,NA,SR,upstream,2023-10-09,20835564,2023-10-09T20:18:00Z,443.28703703703707,3101,0,0,52,2,17:33:10,2023-10-09T20:33:10Z,NA
SpC_SR_091023_upstream.xlsx,2023-10-09T17:19:00Z,2023-10-09T17:19:00Z,458.90000000000003,26.84,442.6118827160494,NA,NA,NA,NA,NA,SR,upstream,2023-10-09,20835564,2023-10-09T20:19:00Z,442.6118827160494,3101,0,0,52,2,17:33:10,2023-10-09T20:33:10Z,NA
SpC_SR_091023_upstream.xlsx,2023-10-09T17:20:00Z,2023-10-09T17:20:00Z,459.20000000000005,26.830000000000002,442.9866872467683,NA,NA,NA,NA,NA,SR,upstream,2023-10-09,20835564,2023-10-09T20:20:00Z,442.9866872467683,3101,0,0,52,2,17:33:10,2023-10-09T20:33:10Z,NA
SpC_SR_091023_upstream.xlsx,2023-10-09T17:21:00Z,2023-10-09T17:21:00Z,459.20000000000005,26.830000000000002,442.9866872467683,NA,NA,NA,NA,NA,SR,upstream,2023-10-09,20835564,2023-10-09T20:21:00Z,442.9866872467683,3101,0,0,52,2,17:33:10,2023-10-09T20:33:10Z,NA
SpC_SR_091023_upstream.xlsx,2023-10-09T17:22:00Z,2023-10-09T17:22:00Z,459.20000000000005,26.830000000000002,442.9866872467683,NA,NA,NA,NA,NA,SR,upstream,2023-10-09,20835564,2023-10-09T20:22:00Z,442.9866872467683,3101,0,0,52,2,17:33:10,2023-10-09T20:33:10Z,NA
SpC_SR_091023_upstream.xlsx,2023-10-09T17:23:00Z,2023-10-09T17:23:00Z,459.20000000000005,26.830000000000002,442.9866872467683,NA,NA,NA,NA,NA,SR,upstream,2023-10-09,20835564,2023-10-09T20:23:00Z,442.9866872467683,3101,0,0,52,2,17:33:10,2023-10-09T20:33:10Z,NA
SpC_SR_091023_upstream.xlsx,2023-10-09T17:24:00Z,2023-10-09T17:24:00Z,459.20000000000005,26.830000000000002,442.9866872467683,NA,NA,NA,NA,NA,SR,upstream,2023-10-09,20835564,2023-10-09T20:24:00Z,442.9866872467683,3101,0,0,52,2,17:33:10,2023-10-09T20:33:10Z,NA
SpC_SR_091023_upstream.xlsx,2023-10-09T17:25:00Z,2023-10-09T17:25:00Z,459.20000000000005,26.810000000000002,443.1576915653349,NA,NA,NA,NA,NA,SR,upstream,2023-10-09,20835564,2023-10-09T20:25:00Z,443.1576915653349,3101,0,0,52,2,17:33:10,2023-10-09T20:33:10Z,NA
SpC_SR_091023_upstream.xlsx,2023-10-09T17:26:00Z,2023-10-09T17:26:00Z,459.6,26.810000000000002,443.5437174290678,NA,NA,NA,NA,NA,SR,upstream,2023-10-09,20835564,2023-10-09T20:26:00Z,443.5437174290678,3101,0,0,52,2,17:33:10,2023-10-09T20:33:10Z,NA
SpC_SR_091023_upstream.xlsx,2023-10-09T17:27:00Z,2023-10-09T17:27:00Z,459.6,26.810000000000002,443.5437174290678,NA,NA,NA,NA,NA,SR,upstream,2023-10-09,20835564,2023-10-09T20:27:00Z,443.5437174290678,3101,0,0,52,2,17:33:10,2023-10-09T20:33:10Z,NA
SpC_SR_091023_upstream.xlsx,2023-10-09T17:28:00Z,2023-10-09T17:28:00Z,459.6,26.810000000000002,443.5437174290678,NA,NA,NA,NA,NA,SR,upstream,2023-10-09,20835564,2023-10-09T20:28:00Z,443.5437174290678,3101,0,0,52,2,17:33:10,2023-10-09T20:33:10Z,NA
SpC_SR_091023_upstream.xlsx,2023-10-09T17:29:00Z,2023-10-09T17:29:00Z,460,26.8,444.015444015444,NA,NA,NA,NA,NA,SR,upstream,2023-10-09,20835564,2023-10-09T20:29:00Z,444.015444015444,3101,0,0,52,2,17:33:10,2023-10-09T20:33:10Z,NA
SpC_SR_091023_upstream.xlsx,2023-10-09T17:30:00Z,2023-10-09T17:30:00Z,460.40000000000003,26.8,444.4015444015444,NA,NA,NA,NA,NA,SR,upstream,2023-10-09,20835564,2023-10-09T20:30:00Z,444.4015444015444,3101,0,0,52,2,17:33:10,2023-10-09T20:33:10Z,NA
SpC_SR_091023_upstream.xlsx,2023-10-09T17:31:00Z,2023-10-09T17:31:00Z,461.20000000000005,26.8,445.1737451737452,NA,NA,NA,NA,NA,SR,upstream,2023-10-09,20835564,2023-10-09T20:31:00Z,445.1737451737452,3101,0,0,52,2,17:33:10,2023-10-09T20:33:10Z,NA
SpC_SR_091023_upstream.xlsx,2023-10-09T17:32:00Z,2023-10-09T17:32:00Z,461.90000000000003,26.8,445.8494208494209,NA,NA,NA,NA,NA,SR,upstream,2023-10-09,20835564,2023-10-09T20:32:00Z,445.8494208494209,3101,0,0,52,2,17:33:10,2023-10-09T20:33:10Z,NA
SpC_SR_091023_upstream.xlsx,2023-10-09T17:33:00Z,2023-10-09T17:33:00Z,463.1,26.8,447.007722007722,NA,NA,NA,NA,NA,SR,upstream,2023-10-09,20835564,2023-10-09T20:33:00Z,447.007722007722,3101,0,0,52,2,17:33:10,2023-10-09T20:33:10Z,NA
SpC_SR_091023_upstream.xlsx,2023-10-09T17:34:00Z,2023-10-09T17:34:00Z,463.8,26.8,447.6833976833977,NA,NA,NA,NA,NA,SR,upstream,2023-10-09,20835564,2023-10-09T20:34:00Z,447.6833976833977,3101,0,0,52,2,17:33:10,2023-10-09T20:33:10Z,NA
SpC_SR_091023_upstream.xlsx,2023-10-09T17:35:00Z,2023-10-09T17:35:00Z,465.3,26.8,449.13127413127415,NA,NA,NA,NA,NA,SR,upstream,2023-10-09,20835564,2023-10-09T20:35:00Z,449.13127413127415,3101,0,0,52,2,17:33:10,2023-10-09T20:33:10Z,NA
SpC_SR_091023_upstream.xlsx,2023-10-09T17:36:00Z,2023-10-09T17:36:00Z,466.5,26.8,450.2895752895753,NA,NA,NA,NA,NA,SR,upstream,2023-10-09,20835564,2023-10-09T20:36:00Z,450.2895752895753,3101,0,0,52,2,17:33:10,2023-10-09T20:33:10Z,NA
SpC_SR_091023_upstream.xlsx,2023-10-09T17:37:00Z,2023-10-09T17:37:00Z,467.6,26.8,451.35135135135135,NA,NA,NA,NA,NA,SR,upstream,2023-10-09,20835564,2023-10-09T20:37:00Z,451.35135135135135,3101,0,0,52,2,17:33:10,2023-10-09T20:33:10Z,NA
SpC_SR_091023_upstream.xlsx,2023-10-09T17:38:00Z,2023-10-09T17:38:00Z,469.1,26.8,452.7992277992278,NA,NA,NA,NA,NA,SR,upstream,2023-10-09,20835564,2023-10-09T20:38:00Z,452.7992277992278,3101,0,0,52,2,17:33:10,2023-10-09T20:33:10Z,NA
SpC_SR_091023_upstream.xlsx,2023-10-09T17:39:00Z,2023-10-09T17:39:00Z,469.90000000000003,26.8,453.5714285714286,NA,NA,NA,NA,NA,SR,upstream,2023-10-09,20835564,2023-10-09T20:39:00Z,453.5714285714286,3101,0,0,52,2,17:33:10,2023-10-09T20:33:10Z,NA
SpC_SR_091023_upstream.xlsx,2023-10-09T17:40:00Z,2023-10-09T17:40:00Z,471,26.79,454.72098860783933,NA,NA,NA,NA,NA,SR,upstream,2023-10-09,20835564,2023-10-09T20:40:00Z,454.72098860783933,3101,0,0,52,2,17:33:10,2023-10-09T20:33:10Z,NA
SpC_SR_091023_upstream.xlsx,2023-10-09T17:41:00Z,2023-10-09T17:41:00Z,471.8,26.79,455.4933384823325,NA,NA,NA,NA,NA,SR,upstream,2023-10-09,20835564,2023-10-09T20:41:00Z,455.4933384823325,3101,0,0,52,2,17:33:10,2023-10-09T20:33:10Z,NA
SpC_SR_091023_upstream.xlsx,2023-10-09T17:42:00Z,2023-10-09T17:42:00Z,473,26.79,456.6518632940722,NA,NA,NA,NA,NA,SR,upstream,2023-10-09,20835564,2023-10-09T20:42:00Z,456.6518632940722,3101,0,0,52,2,17:33:10,2023-10-09T20:33:10Z,NA
SpC_SR_091023_upstream.xlsx,2023-10-09T17:43:00Z,2023-10-09T17:43:00Z,474.5,26.79,458.1000193087468,NA,NA,NA,NA,NA,SR,upstream,2023-10-09,20835564,2023-10-09T20:43:00Z,458.1000193087468,3101,0,0,52,2,17:33:10,2023-10-09T20:33:10Z,NA
SpC_SR_091023_upstream.xlsx,2023-10-09T17:44:00Z,2023-10-09T17:44:00Z,475.20000000000005,26.79,458.7758254489284,NA,NA,NA,NA,NA,SR,upstream,2023-10-09,20835564,2023-10-09T20:44:00Z,458.7758254489284,3101,0,0,52,2,17:33:10,2023-10-09T20:33:10Z,NA
SpC_SR_091023_upstream.xlsx,2023-10-09T17:45:00Z,2023-10-09T17:45:00Z,476.40000000000003,26.78,460.02317497103127,NA,NA,NA,NA,NA,SR,upstream,2023-10-09,20835564,2023-10-09T20:45:00Z,460.02317497103127,3101,0,0,52,2,17:33:10,2023-10-09T20:33:10Z,NA
SpC_SR_091023_upstream.xlsx,2023-10-09T17:46:00Z,2023-10-09T17:46:00Z,477.1,26.78,460.69911162611044,NA,NA,NA,NA,NA,SR,upstream,2023-10-09,20835564,2023-10-09T20:46:00Z,460.69911162611044,3101,0,0,52,2,17:33:10,2023-10-09T20:33:10Z,NA
SpC_SR_091023_upstream.xlsx,2023-10-09T17:47:00Z,2023-10-09T17:47:00Z,477.90000000000003,26.78,461.47161066048665,NA,NA,NA,NA,NA,SR,upstream,2023-10-09,20835564,2023-10-09T20:47:00Z,461.47161066048665,3101,0,0,52,2,17:33:10,2023-10-09T20:33:10Z,NA
SpC_SR_091023_upstream.xlsx,2023-10-09T17:48:00Z,2023-10-09T17:48:00Z,479.40000000000003,26.77,463.0094649410856,NA,NA,NA,NA,NA,SR,upstream,2023-10-09,20835564,2023-10-09T20:48:00Z,463.0094649410856,3101,0,0,52,2,17:33:10,2023-10-09T20:33:10Z,NA
SpC_SR_091023_upstream.xlsx,2023-10-09T17:49:00Z,2023-10-09T17:49:00Z,481,26.77,464.5547614448522,NA,NA,NA,NA,NA,SR,upstream,2023-10-09,20835564,2023-10-09T20:49:00Z,464.5547614448522,3101,0,0,52,2,17:33:10,2023-10-09T20:33:10Z,NA
SpC_SR_091023_upstream.xlsx,2023-10-09T17:50:00Z,2023-10-09T17:50:00Z,483.6,26.77,467.065868263473,NA,NA,NA,NA,NA,SR,upstream,2023-10-09,20835564,2023-10-09T20:50:00Z,467.065868263473,3101,0,0,52,2,17:33:10,2023-10-09T20:33:10Z,NA
SpC_SR_091023_upstream.xlsx,2023-10-09T17:51:00Z,2023-10-09T17:51:00Z,486.70000000000005,26.77,470.05988023952096,NA,NA,NA,NA,NA,SR,upstream,2023-10-09,20835564,2023-10-09T20:51:00Z,470.05988023952096,3101,0,0,52,2,17:33:10,2023-10-09T20:33:10Z,NA
SpC_SR_091023_upstream.xlsx,2023-10-09T17:52:00Z,2023-10-09T17:52:00Z,491.20000000000005,26.77,474.4060266563647,NA,NA,NA,NA,NA,SR,upstream,2023-10-09,20835564,2023-10-09T20:52:00Z,474.4060266563647,3101,0,0,52,2,17:33:10,2023-10-09T20:33:10Z,NA
SpC_SR_091023_upstream.xlsx,2023-10-09T17:53:00Z,2023-10-09T17:53:00Z,497,26.77,480.00772648251876,NA,NA,NA,NA,NA,SR,upstream,2023-10-09,20835564,2023-10-09T20:53:00Z,480.00772648251876,3101,0,0,52,2,17:33:10,2023-10-09T20:33:10Z,NA
SpC_SR_091023_upstream.xlsx,2023-10-09T17:54:00Z,2023-10-09T17:54:00Z,503.40000000000003,26.77,486.1889124975855,NA,NA,NA,NA,NA,SR,upstream,2023-10-09,20835564,2023-10-09T20:54:00Z,486.1889124975855,3101,0,0,52,2,17:33:10,2023-10-09T20:33:10Z,NA
SpC_SR_091023_upstream.xlsx,2023-10-09T17:55:00Z,2023-10-09T17:55:00Z,511.1,26.77,493.6256519219625,NA,NA,NA,NA,NA,SR,upstream,2023-10-09,20835564,2023-10-09T20:55:00Z,493.6256519219625,3101,0,0,52,2,17:33:10,2023-10-09T20:33:10Z,NA
SpC_SR_091023_upstream.xlsx,2023-10-09T17:56:00Z,2023-10-09T17:56:00Z,520.2,26.77,502.4145257871354,NA,NA,NA,NA,NA,SR,upstream,2023-10-09,20835564,2023-10-09T20:56:00Z,502.4145257871354,3101,0,0,52,2,17:33:10,2023-10-09T20:33:10Z,NA
SpC_SR_091023_upstream.xlsx,2023-10-09T17:57:00Z,2023-10-09T17:57:00Z,530.2,26.75,512.2705314009663,NA,NA,NA,NA,NA,SR,upstream,2023-10-09,20835564,2023-10-09T20:57:00Z,512.2705314009663,3101,0,0,52,2,17:33:10,2023-10-09T20:33:10Z,NA
SpC_SR_091023_upstream.xlsx,2023-10-09T17:58:00Z,2023-10-09T17:58:00Z,540.5,26.77,522.0204751786748,NA,NA,NA,NA,NA,SR,upstream,2023-10-09,20835564,2023-10-09T20:58:00Z,522.0204751786748,3101,0,0,52,2,17:33:10,2023-10-09T20:33:10Z,NA
SpC_SR_091023_upstream.xlsx,2023-10-09T17:59:00Z,2023-10-09T17:59:00Z,552.3000000000001,26.75,533.6231884057972,NA,NA,NA,NA,NA,SR,upstream,2023-10-09,20835564,2023-10-09T20:59:00Z,533.6231884057972,3101,0,0,52,2,17:33:10,2023-10-09T20:33:10Z,NA
SpC_SR_091023_upstream.xlsx,2023-10-09T18:00:00Z,2023-10-09T18:00:00Z,564.6,26.75,545.5072463768116,NA,NA,NA,NA,NA,SR,upstream,2023-10-09,20835564,2023-10-09T21:00:00Z,545.5072463768116,3101,0,0,52,2,17:33:10,2023-10-09T20:33:10Z,NA
SpC_SR_091023_upstream.xlsx,2023-10-09T18:01:00Z,2023-10-09T18:01:00Z,576.8000000000001,26.75,557.2946859903383,NA,NA,NA,NA,NA,SR,upstream,2023-10-09,20835564,2023-10-09T21:01:00Z,557.2946859903383,3101,0,0,52,2,17:33:10,2023-10-09T20:33:10Z,NA
SpC_SR_091023_upstream.xlsx,2023-10-09T18:02:00Z,2023-10-09T18:02:00Z,589.9,26.75,569.9516908212561,NA,NA,NA,NA,NA,SR,upstream,2023-10-09,20835564,2023-10-09T21:02:00Z,569.9516908212561,3101,0,0,52,2,17:33:10,2023-10-09T20:33:10Z,NA
SpC_SR_091023_upstream.xlsx,2023-10-09T18:03:00Z,2023-10-09T18:03:00Z,602.5,26.75,582.1256038647343,NA,NA,NA,NA,NA,SR,upstream,2023-10-09,20835564,2023-10-09T21:03:00Z,582.1256038647343,3101,0,0,52,2,17:33:10,2023-10-09T20:33:10Z,NA
SpC_SR_091023_upstream.xlsx,2023-10-09T18:04:00Z,2023-10-09T18:04:00Z,615.2,26.75,594.3961352657005,NA,NA,NA,NA,NA,SR,upstream,2023-10-09,20835564,2023-10-09T21:04:00Z,594.3961352657005,3101,0,0,52,2,17:33:10,2023-10-09T20:33:10Z,NA
SpC_SR_091023_upstream.xlsx,2023-10-09T18:05:00Z,2023-10-09T18:05:00Z,627.5,26.75,606.280193236715,NA,NA,NA,NA,NA,SR,upstream,2023-10-09,20835564,2023-10-09T21:05:00Z,606.280193236715,3101,0,0,52,2,17:33:10,2023-10-09T20:33:10Z,NA
SpC_SR_091023_upstream.xlsx,2023-10-09T18:06:00Z,2023-10-09T18:06:00Z,639.8000000000001,26.75,618.1642512077295,NA,NA,NA,NA,NA,SR,upstream,2023-10-09,20835564,2023-10-09T21:06:00Z,618.1642512077295,3101,0,0,52,2,17:33:10,2023-10-09T20:33:10Z,NA
SpC_SR_091023_upstream.xlsx,2023-10-09T18:07:00Z,2023-10-09T18:07:00Z,650.6,26.740000000000002,628.7205257054504,NA,NA,NA,NA,NA,SR,upstream,2023-10-09,20835564,2023-10-09T21:07:00Z,628.7205257054504,3101,0,0,52,2,17:33:10,2023-10-09T20:33:10Z,NA
SpC_SR_091023_upstream.xlsx,2023-10-09T18:08:00Z,2023-10-09T18:08:00Z,661.8000000000001,26.740000000000002,639.543873212215,NA,NA,NA,NA,NA,SR,upstream,2023-10-09,20835564,2023-10-09T21:08:00Z,639.543873212215,3101,0,0,52,2,17:33:10,2023-10-09T20:33:10Z,NA
SpC_SR_091023_upstream.xlsx,2023-10-09T18:09:00Z,2023-10-09T18:09:00Z,671.8000000000001,26.740000000000002,649.2075763432548,NA,NA,NA,NA,NA,SR,upstream,2023-10-09,20835564,2023-10-09T21:09:00Z,649.2075763432548,3101,0,0,52,2,17:33:10,2023-10-09T20:33:10Z,NA
SpC_SR_091023_upstream.xlsx,2023-10-09T18:10:00Z,2023-10-09T18:10:00Z,680.7,26.740000000000002,657.8082721298803,NA,NA,NA,NA,NA,SR,upstream,2023-10-09,20835564,2023-10-09T21:10:00Z,657.8082721298803,3101,0,0,52,2,17:33:10,2023-10-09T20:33:10Z,NA
SpC_SR_091023_upstream.xlsx,2023-10-09T18:11:00Z,2023-10-09T18:11:00Z,689.6,26.740000000000002,666.4089679165056,NA,NA,NA,NA,NA,SR,upstream,2023-10-09,20835564,2023-10-09T21:11:00Z,666.4089679165056,3101,0,0,52,2,17:33:10,2023-10-09T20:33:10Z,NA
SpC_SR_091023_upstream.xlsx,2023-10-09T18:12:00Z,2023-10-09T18:12:00Z,697.3000000000001,26.740000000000002,673.8500193274064,NA,NA,NA,NA,NA,SR,upstream,2023-10-09,20835564,2023-10-09T21:12:00Z,673.8500193274064,3101,0,0,52,2,17:33:10,2023-10-09T20:33:10Z,NA
SpC_SR_091023_upstream.xlsx,2023-10-09T18:13:00Z,2023-10-09T18:13:00Z,704.3000000000001,26.740000000000002,680.6146115191342,NA,NA,NA,NA,NA,SR,upstream,2023-10-09,20835564,2023-10-09T21:13:00Z,680.6146115191342,3101,0,0,52,2,17:33:10,2023-10-09T20:33:10Z,NA
SpC_SR_091023_upstream.xlsx,2023-10-09T18:14:00Z,2023-10-09T18:14:00Z,710.8000000000001,26.740000000000002,686.8960185543101,NA,NA,NA,NA,NA,SR,upstream,2023-10-09,20835564,2023-10-09T21:14:00Z,686.8960185543101,3101,0,0,52,2,17:33:10,2023-10-09T20:33:10Z,NA
SpC_SR_091023_upstream.xlsx,2023-10-09T18:15:00Z,2023-10-09T18:15:00Z,716.2,26.73,692.2482118693215,NA,NA,NA,NA,NA,SR,upstream,2023-10-09,20835564,2023-10-09T21:15:00Z,692.2482118693215,3101,0,0,52,2,17:33:10,2023-10-09T20:33:10Z,NA
SpC_SR_091023_upstream.xlsx,2023-10-09T18:16:00Z,2023-10-09T18:16:00Z,721.7,26.73,697.5642760487145,NA,NA,NA,NA,NA,SR,upstream,2023-10-09,20835564,2023-10-09T21:16:00Z,697.5642760487145,3101,0,0,52,2,17:33:10,2023-10-09T20:33:10Z,NA
SpC_SR_091023_upstream.xlsx,2023-10-09T18:17:00Z,2023-10-09T18:17:00Z,725.5,26.73,701.2371931181133,NA,NA,NA,NA,NA,SR,upstream,2023-10-09,20835564,2023-10-09T21:17:00Z,701.2371931181133,3101,0,0,52,2,17:33:10,2023-10-09T20:33:10Z,NA
SpC_SR_091023_upstream.xlsx,2023-10-09T18:18:00Z,2023-10-09T18:18:00Z,729.4000000000001,26.73,705.0067658998648,NA,NA,NA,NA,NA,SR,upstream,2023-10-09,20835564,2023-10-09T21:18:00Z,705.0067658998648,3101,0,0,52,2,17:33:10,2023-10-09T20:33:10Z,NA
SpC_SR_091023_upstream.xlsx,2023-10-09T18:19:00Z,2023-10-09T18:19:00Z,732.1,26.73,707.616470133385,NA,NA,NA,NA,NA,SR,upstream,2023-10-09,20835564,2023-10-09T21:19:00Z,707.616470133385,3101,0,0,52,2,17:33:10,2023-10-09T20:33:10Z,NA
SpC_SR_091023_upstream.xlsx,2023-10-09T18:20:00Z,2023-10-09T18:20:00Z,734.8000000000001,26.73,710.2261743669052,NA,NA,NA,NA,NA,SR,upstream,2023-10-09,20835564,2023-10-09T21:20:00Z,710.2261743669052,3101,0,0,52,2,17:33:10,2023-10-09T20:33:10Z,NA
SpC_SR_091023_upstream.xlsx,2023-10-09T18:21:00Z,2023-10-09T18:21:00Z,736.8000000000001,26.73,712.1592886139572,NA,NA,NA,NA,NA,SR,upstream,2023-10-09,20835564,2023-10-09T21:21:00Z,712.1592886139572,3101,0,0,52,2,17:33:10,2023-10-09T20:33:10Z,NA
SpC_SR_091023_upstream.xlsx,2023-10-09T18:22:00Z,2023-10-09T18:22:00Z,737.9000000000001,26.73,713.2225014498358,NA,NA,NA,NA,NA,SR,upstream,2023-10-09,20835564,2023-10-09T21:22:00Z,713.2225014498358,3101,0,0,52,2,17:33:10,2023-10-09T20:33:10Z,NA
SpC_SR_091023_upstream.xlsx,2023-10-09T18:23:00Z,2023-10-09T18:23:00Z,739.1,26.72,714.5204949729311,NA,NA,NA,NA,NA,SR,upstream,2023-10-09,20835564,2023-10-09T21:23:00Z,714.5204949729311,3101,0,0,52,2,17:33:10,2023-10-09T20:33:10Z,NA
SpC_SR_091023_upstream.xlsx,2023-10-09T18:24:00Z,2023-10-09T18:24:00Z,739.5,26.73,714.7689928474773,NA,NA,NA,NA,NA,SR,upstream,2023-10-09,20835564,2023-10-09T21:24:00Z,714.7689928474773,3101,0,0,52,2,17:33:10,2023-10-09T20:33:10Z,NA
SpC_SR_091023_upstream.xlsx,2023-10-09T18:25:00Z,2023-10-09T18:25:00Z,739.5,26.72,714.907192575406,NA,NA,NA,NA,NA,SR,upstream,2023-10-09,20835564,2023-10-09T21:25:00Z,714.907192575406,3101,0,0,52,2,17:33:10,2023-10-09T20:33:10Z,NA
SpC_SR_091023_upstream.xlsx,2023-10-09T18:26:00Z,2023-10-09T18:26:00Z,739.1,26.72,714.5204949729311,NA,NA,NA,NA,NA,SR,upstream,2023-10-09,20835564,2023-10-09T21:26:00Z,714.5204949729311,3101,0,0,52,2,17:33:10,2023-10-09T20:33:10Z,NA
SpC_SR_091023_upstream.xlsx,2023-10-09T18:27:00Z,2023-10-09T18:27:00Z,738.3000000000001,26.72,713.7470997679815,NA,NA,NA,NA,NA,SR,upstream,2023-10-09,20835564,2023-10-09T21:27:00Z,713.7470997679815,3101,0,0,52,2,17:33:10,2023-10-09T20:33:10Z,NA
SpC_SR_091023_upstream.xlsx,2023-10-09T18:28:00Z,2023-10-09T18:28:00Z,737.5,26.72,712.9737045630317,NA,NA,NA,NA,NA,SR,upstream,2023-10-09,20835564,2023-10-09T21:28:00Z,712.9737045630317,3101,0,0,52,2,17:33:10,2023-10-09T20:33:10Z,NA
SpC_SR_091023_upstream.xlsx,2023-10-09T18:29:00Z,2023-10-09T18:29:00Z,736.4000000000001,26.72,711.9102861562259,NA,NA,NA,NA,NA,SR,upstream,2023-10-09,20835564,2023-10-09T21:29:00Z,711.9102861562259,3101,0,0,52,2,17:33:10,2023-10-09T20:33:10Z,NA
SpC_SR_091023_upstream.xlsx,2023-10-09T18:30:00Z,2023-10-09T18:30:00Z,734.8000000000001,26.72,710.3634957463264,NA,NA,NA,NA,NA,SR,upstream,2023-10-09,20835564,2023-10-09T21:30:00Z,710.3634957463264,3101,0,0,52,2,17:33:10,2023-10-09T20:33:10Z,NA
SpC_SR_091023_upstream.xlsx,2023-10-09T18:31:00Z,2023-10-09T18:31:00Z,732.9000000000001,26.72,708.5266821345708,NA,NA,NA,NA,NA,SR,upstream,2023-10-09,20835564,2023-10-09T21:31:00Z,708.5266821345708,3101,0,0,52,2,17:33:10,2023-10-09T20:33:10Z,NA
SpC_SR_091023_upstream.xlsx,2023-10-09T18:32:00Z,2023-10-09T18:32:00Z,730.6,26.7,706.5764023210832,NA,NA,NA,NA,NA,SR,upstream,2023-10-09,20835564,2023-10-09T21:32:00Z,706.5764023210832,3101,0,0,52,2,17:33:10,2023-10-09T20:33:10Z,NA
SpC_SR_091023_upstream.xlsx,2023-10-09T18:33:00Z,2023-10-09T18:33:00Z,728.6,26.7,704.642166344294,NA,NA,NA,NA,NA,SR,upstream,2023-10-09,20835564,2023-10-09T21:33:00Z,704.642166344294,3101,0,0,52,2,17:33:10,2023-10-09T20:33:10Z,NA
SpC_SR_091023_upstream.xlsx,2023-10-09T18:34:00Z,2023-10-09T18:34:00Z,726.7,26.7,702.8046421663444,NA,NA,NA,NA,NA,SR,upstream,2023-10-09,20835564,2023-10-09T21:34:00Z,702.8046421663444,3101,0,0,52,2,17:33:10,2023-10-09T20:33:10Z,NA
SpC_SR_091023_upstream.xlsx,2023-10-09T18:35:00Z,2023-10-09T18:35:00Z,724,26.7,700.1934235976789,NA,NA,NA,NA,NA,SR,upstream,2023-10-09,20835564,2023-10-09T21:35:00Z,700.1934235976789,3101,0,0,52,2,17:33:10,2023-10-09T20:33:10Z,NA
SpC_SR_091023_upstream.xlsx,2023-10-09T18:36:00Z,2023-10-09T18:36:00Z,721.3000000000001,26.7,697.5822050290136,NA,NA,NA,NA,NA,SR,upstream,2023-10-09,20835564,2023-10-09T21:36:00Z,697.5822050290136,3101,0,0,52,2,17:33:10,2023-10-09T20:33:10Z,NA
SpC_SR_091023_upstream.xlsx,2023-10-09T18:37:00Z,2023-10-09T18:37:00Z,718.2,26.7,694.5841392649903,NA,NA,NA,NA,NA,SR,upstream,2023-10-09,20835564,2023-10-09T21:37:00Z,694.5841392649903,3101,0,0,52,2,17:33:10,2023-10-09T20:33:10Z,NA
SpC_SR_091023_upstream.xlsx,2023-10-09T18:38:00Z,2023-10-09T18:38:00Z,715.9000000000001,26.7,692.35976789168285,NA,NA,NA,NA,NA,SR,upstream,2023-10-09,20835564,2023-10-09T21:38:00Z,692.35976789168285,3101,0,0,52,2,17:33:10,2023-10-09T20:33:10Z,NA
SpC_SR_091023_upstream.xlsx,2023-10-09T18:39:00Z,2023-10-09T18:39:00Z,712.8000000000001,26.69,689.4950667440511,NA,NA,NA,NA,NA,SR,upstream,2023-10-09,20835564,2023-10-09T21:39:00Z,689.4950667440511,3101,0,0,52,2,17:33:10,2023-10-09T20:33:10Z,NA
SpC_SR_091023_upstream.xlsx,2023-10-09T18:40:00Z,2023-10-09T18:40:00Z,709.7,26.69,686.4964209711743,NA,NA,NA,NA,NA,SR,upstream,2023-10-09,20835564,2023-10-09T21:40:00Z,686.4964209711743,3101,0,0,52,2,17:33:10,2023-10-09T20:33:10Z,NA
SpC_SR_091023_upstream.xlsx,2023-10-09T18:41:00Z,2023-10-09T18:41:00Z,707,26.69,683.8846972335074,NA,NA,NA,NA,NA,SR,upstream,2023-10-09,20835564,2023-10-09T21:41:00Z,683.8846972335074,3101,0,0,52,2,17:33:10,2023-10-09T20:33:10Z,NA
SpC_SR_091023_upstream.xlsx,2023-10-09T18:42:00Z,2023-10-09T18:42:00Z,703.5,26.69,680.4991294254207,NA,NA,NA,NA,NA,SR,upstream,2023-10-09,20835564,2023-10-09T21:42:00Z,680.4991294254207,3101,0,0,52,2,17:33:10,2023-10-09T20:33:10Z,NA
SpC_SR_091023_upstream.xlsx,2023-10-09T18:43:00Z,2023-10-09T18:43:00Z,700.4000000000001,26.69,677.5004836525441,NA,NA,NA,NA,NA,SR,upstream,2023-10-09,20835564,2023-10-09T21:43:00Z,677.5004836525441,3101,0,0,52,2,17:33:10,2023-10-09T20:33:10Z,NA
SpC_SR_091023_upstream.xlsx,2023-10-09T18:44:00Z,2023-10-09T18:44:00Z,697.3000000000001,26.69,674.5018378796673,NA,NA,NA,NA,NA,SR,upstream,2023-10-09,20835564,2023-10-09T21:44:00Z,674.5018378796673,3101,0,0,52,2,17:33:10,2023-10-09T20:33:10Z,NA
SpC_SR_091023_upstream.xlsx,2023-10-09T18:45:00Z,2023-10-09T18:45:00Z,693.9000000000001,26.69,671.2130005803831,NA,NA,NA,NA,NA,SR,upstream,2023-10-09,20835564,2023-10-09T21:45:00Z,671.2130005803831,3101,0,0,52,2,17:33:10,2023-10-09T20:33:10Z,NA
SpC_SR_091023_upstream.xlsx,2023-10-09T18:46:00Z,2023-10-09T18:46:00Z,690.8000000000001,26.69,668.2143548075063,NA,NA,NA,NA,NA,SR,upstream,2023-10-09,20835564,2023-10-09T21:46:00Z,668.2143548075063,3101,0,0,52,2,17:33:10,2023-10-09T20:33:10Z,NA
SpC_SR_091023_upstream.xlsx,2023-10-09T18:47:00Z,2023-10-09T18:47:00Z,687.3000000000001,26.69,664.8287869994197,NA,NA,NA,NA,NA,SR,upstream,2023-10-09,20835564,2023-10-09T21:47:00Z,664.8287869994197,3101,0,0,52,2,17:33:10,2023-10-09T20:33:10Z,NA
SpC_SR_091023_upstream.xlsx,2023-10-09T18:48:00Z,2023-10-09T18:48:00Z,683.8000000000001,26.68,661.5712074303406,NA,NA,NA,NA,NA,SR,upstream,2023-10-09,20835564,2023-10-09T21:48:00Z,661.5712074303406,3101,0,0,52,2,17:33:10,2023-10-09T20:33:10Z,NA
SpC_SR_091023_upstream.xlsx,2023-10-09T18:49:00Z,2023-10-09T18:49:00Z,680.7,26.68,658.5719814241486,NA,NA,NA,NA,NA,SR,upstream,2023-10-09,20835564,2023-10-09T21:49:00Z,658.5719814241486,3101,0,0,52,2,17:33:10,2023-10-09T20:33:10Z,NA
SpC_SR_091023_upstream.xlsx,2023-10-09T18:50:00Z,2023-10-09T18:50:00Z,677.3000000000001,26.68,655.2825077399381,NA,NA,NA,NA,NA,SR,upstream,2023-10-09,20835564,2023-10-09T21:50:00Z,655.2825077399381,3101,0,0,52,2,17:33:10,2023-10-09T20:33:10Z,NA
SpC_SR_091023_upstream.xlsx,2023-10-09T18:51:00Z,2023-10-09T18:51:00Z,674.2,26.68,652.2832817337461,NA,NA,NA,NA,NA,SR,upstream,2023-10-09,20835564,2023-10-09T21:51:00Z,652.2832817337461,3101,0,0,52,2,17:33:10,2023-10-09T20:33:10Z,NA
SpC_SR_091023_upstream.xlsx,2023-10-09T18:52:00Z,2023-10-09T18:52:00Z,671.1,26.68,649.2840557275541,NA,NA,NA,NA,NA,SR,upstream,2023-10-09,20835564,2023-10-09T21:52:00Z,649.2840557275541,3101,0,0,52,2,17:33:10,2023-10-09T20:33:10Z,NA
SpC_SR_091023_upstream.xlsx,2023-10-09T18:53:00Z,2023-10-09T18:53:00Z,667.6,26.68,645.8978328173374,NA,NA,NA,NA,NA,SR,upstream,2023-10-09,20835564,2023-10-09T21:53:00Z,645.8978328173374,3101,0,0,52,2,17:33:10,2023-10-09T20:33:10Z,NA
SpC_SR_091023_upstream.xlsx,2023-10-09T18:54:00Z,2023-10-09T18:54:00Z,664.2,26.68,642.6083591331269,NA,NA,NA,NA,NA,SR,upstream,2023-10-09,20835564,2023-10-09T21:54:00Z,642.6083591331269,3101,0,0,52,2,17:33:10,2023-10-09T20:33:10Z,NA
SpC_SR_091023_upstream.xlsx,2023-10-09T18:55:00Z,2023-10-09T18:55:00Z,661.1,26.68,639.6091331269349,NA,NA,NA,NA,NA,SR,upstream,2023-10-09,20835564,2023-10-09T21:55:00Z,639.6091331269349,3101,0,0,52,2,17:33:10,2023-10-09T20:33:10Z,NA
SpC_SR_091023_upstream.xlsx,2023-10-09T18:56:00Z,2023-10-09T18:56:00Z,658,26.68,636.609907120743,NA,NA,NA,NA,NA,SR,upstream,2023-10-09,20835564,2023-10-09T21:56:00Z,636.609907120743,3101,0,0,52,2,17:33:10,2023-10-09T20:33:10Z,NA
SpC_SR_091023_upstream.xlsx,2023-10-09T18:57:00Z,2023-10-09T18:57:00Z,654.9000000000001,26.68,633.6106811145511,NA,NA,NA,NA,NA,SR,upstream,2023-10-09,20835564,2023-10-09T21:57:00Z,633.6106811145511,3101,0,0,52,2,17:33:10,2023-10-09T20:33:10Z,NA
SpC_SR_091023_upstream.xlsx,2023-10-09T18:58:00Z,2023-10-09T18:58:00Z,651.4000000000001,26.68,630.2244582043344,NA,NA,NA,NA,NA,SR,upstream,2023-10-09,20835564,2023-10-09T21:58:00Z,630.2244582043344,3101,0,0,52,2,17:33:10,2023-10-09T20:33:10Z,NA
SpC_SR_091023_upstream.xlsx,2023-10-09T18:59:00Z,2023-10-09T18:59:00Z,648.8000000000001,26.67,627.8304625508032,NA,NA,NA,NA,NA,SR,upstream,2023-10-09,20835564,2023-10-09T21:59:00Z,627.8304625508032,3101,0,0,52,2,17:33:10,2023-10-09T20:33:10Z,NA
SpC_SR_091023_upstream.xlsx,2023-10-09T19:00:00Z,2023-10-09T19:00:00Z,645.3000000000001,26.67,624.4435842848849,NA,NA,NA,NA,NA,SR,upstream,2023-10-09,20835564,2023-10-09T22:00:00Z,624.4435842848849,3101,0,0,52,2,17:33:10,2023-10-09T20:33:10Z,NA
SpC_SR_091023_upstream.xlsx,2023-10-09T19:01:00Z,2023-10-09T19:01:00Z,642.6,26.67,621.830849622605,NA,NA,NA,NA,NA,SR,upstream,2023-10-09,20835564,2023-10-09T22:01:00Z,621.830849622605,3101,0,0,52,2,17:33:10,2023-10-09T20:33:10Z,NA
SpC_SR_091023_upstream.xlsx,2023-10-09T19:02:00Z,2023-10-09T19:02:00Z,639.5,26.67,618.8310431585058,NA,NA,NA,NA,NA,SR,upstream,2023-10-09,20835564,2023-10-09T22:02:00Z,618.8310431585058,3101,0,0,52,2,17:33:10,2023-10-09T20:33:10Z,NA
SpC_SR_091023_upstream.xlsx,2023-10-09T19:03:00Z,2023-10-09T19:03:00Z,636,26.67,615.4441648925875,NA,NA,NA,NA,NA,SR,upstream,2023-10-09,20835564,2023-10-09T22:03:00Z,615.4441648925875,3101,0,0,52,2,17:33:10,2023-10-09T20:33:10Z,NA
SpC_SR_091023_upstream.xlsx,2023-10-09T19:04:00Z,2023-10-09T19:04:00Z,633.7,26.67,613.2185020321269,NA,NA,NA,NA,NA,SR,upstream,2023-10-09,20835564,2023-10-09T22:04:00Z,613.2185020321269,3101,0,0,52,2,17:33:10,2023-10-09T20:33:10Z,NA
SpC_SR_091023_upstream.xlsx,2023-10-09T19:05:00Z,2023-10-09T19:05:00Z,631,26.67,610.6057673698471,NA,NA,NA,NA,NA,SR,upstream,2023-10-09,20835564,2023-10-09T22:05:00Z,610.6057673698471,3101,0,0,52,2,17:33:10,2023-10-09T20:33:10Z,NA
SpC_SR_091023_upstream.xlsx,2023-10-09T19:06:00Z,2023-10-09T19:06:00Z,628.4000000000001,26.67,608.0898006580221,NA,NA,NA,NA,NA,SR,upstream,2023-10-09,20835564,2023-10-09T22:06:00Z,608.0898006580221,3101,0,0,52,2,17:33:10,2023-10-09T20:33:10Z,NA
SpC_SR_091023_upstream.xlsx,2023-10-09T19:07:00Z,2023-10-09T19:07:00Z,625.3000000000001,26.67,605.089994193923,NA,NA,NA,NA,NA,SR,upstream,2023-10-09,20835564,2023-10-09T22:07:00Z,605.089994193923,3101,0,0,52,2,17:33:10,2023-10-09T20:33:10Z,NA
SpC_SR_091023_upstream.xlsx,2023-10-09T19:08:00Z,2023-10-09T19:08:00Z,622.6,26.67,602.4772595316431,NA,NA,NA,NA,NA,SR,upstream,2023-10-09,20835564,2023-10-09T22:08:00Z,602.4772595316431,3101,0,0,52,2,17:33:10,2023-10-09T20:33:10Z,NA
SpC_SR_091023_upstream.xlsx,2023-10-09T19:09:00Z,2023-10-09T19:09:00Z,619.9000000000001,26.66,599.9806426635696,NA,NA,NA,NA,NA,SR,upstream,2023-10-09,20835564,2023-10-09T22:09:00Z,599.9806426635696,3101,0,0,52,2,17:33:10,2023-10-09T20:33:10Z,NA
SpC_SR_091023_upstream.xlsx,2023-10-09T19:10:00Z,2023-10-09T19:10:00Z,616.8000000000001,26.66,596.980255516841,NA,NA,NA,NA,NA,SR,upstream,2023-10-09,20835564,2023-10-09T22:10:00Z,596.980255516841,3101,0,0,52,2,17:33:10,2023-10-09T20:33:10Z,NA
SpC_SR_091023_upstream.xlsx,2023-10-09T19:11:00Z,2023-10-09T19:11:00Z,614.5,26.66,594.7541618273326,NA,NA,NA,NA,NA,SR,upstream,2023-10-09,20835564,2023-10-09T22:11:00Z,594.7541618273326,3101,0,0,52,2,17:33:10,2023-10-09T20:33:10Z,NA
SpC_SR_091023_upstream.xlsx,2023-10-09T19:12:00Z,2023-10-09T19:12:00Z,611.8000000000001,26.66,592.1409214092142,NA,NA,NA,NA,NA,SR,upstream,2023-10-09,20835564,2023-10-09T22:12:00Z,592.1409214092142,3101,0,0,52,2,17:33:10,2023-10-09T20:33:10Z,NA
SpC_SR_091023_upstream.xlsx,2023-10-09T19:13:00Z,2023-10-09T19:13:00Z,609.9,26.66,590.301974448316,NA,NA,NA,NA,NA,SR,upstream,2023-10-09,20835564,2023-10-09T22:13:00Z,590.301974448316,3101,0,0,52,2,17:33:10,2023-10-09T20:33:10Z,NA
SpC_SR_091023_upstream.xlsx,2023-10-09T19:14:00Z,2023-10-09T19:14:00Z,606.8000000000001,26.66,587.3015873015875,NA,NA,NA,NA,NA,SR,upstream,2023-10-09,20835564,2023-10-09T22:14:00Z,587.3015873015875,3101,0,0,52,2,17:33:10,2023-10-09T20:33:10Z,NA
SpC_SR_091023_upstream.xlsx,2023-10-09T19:15:00Z,2023-10-09T19:15:00Z,604.1,26.66,584.688346883469,NA,NA,NA,NA,NA,SR,upstream,2023-10-09,20835564,2023-10-09T22:15:00Z,584.688346883469,3101,0,0,52,2,17:33:10,2023-10-09T20:33:10Z,NA
SpC_SR_091023_upstream.xlsx,2023-10-09T19:16:00Z,2023-10-09T19:16:00Z,601.9,26.64,582.7846630518977,NA,NA,NA,NA,NA,SR,upstream,2023-10-09,20835564,2023-10-09T22:16:00Z,582.7846630518977,3101,0,0,52,2,17:33:10,2023-10-09T20:33:10Z,NA
SpC_SR_091023_upstream.xlsx,2023-10-09T19:17:00Z,2023-10-09T19:17:00Z,599.2,26.64,580.1704105344695,NA,NA,NA,NA,NA,SR,upstream,2023-10-09,20835564,2023-10-09T22:17:00Z,580.1704105344695,3101,0,0,52,2,17:33:10,2023-10-09T20:33:10Z,NA
SpC_SR_091023_upstream.xlsx,2023-10-09T19:18:00Z,2023-10-09T19:18:00Z,597.2,26.64,578.2339271882263,NA,NA,NA,NA,NA,SR,upstream,2023-10-09,20835564,2023-10-09T22:18:00Z,578.2339271882263,3101,0,0,52,2,17:33:10,2023-10-09T20:33:10Z,NA
SpC_SR_091023_upstream.xlsx,2023-10-09T19:19:00Z,2023-10-09T19:19:00Z,594.6,26.64,575.71649883811,NA,NA,NA,NA,NA,SR,upstream,2023-10-09,20835564,2023-10-09T22:19:00Z,575.71649883811,3101,0,0,52,2,17:33:10,2023-10-09T20:33:10Z,NA
SpC_SR_091023_upstream.xlsx,2023-10-09T19:20:00Z,2023-10-09T19:20:00Z,592.6,26.64,573.7800154918668,NA,NA,NA,NA,NA,SR,upstream,2023-10-09,20835564,2023-10-09T22:20:00Z,573.7800154918668,3101,0,0,52,2,17:33:10,2023-10-09T20:33:10Z,NA
SpC_SR_091023_upstream.xlsx,2023-10-09T19:21:00Z,2023-10-09T19:21:00Z,590.3000000000001,26.64,571.5530596436872,NA,NA,NA,NA,NA,SR,upstream,2023-10-09,20835564,2023-10-09T22:21:00Z,571.5530596436872,3101,0,0,52,2,17:33:10,2023-10-09T20:33:10Z,NA
SpC_SR_091023_upstream.xlsx,2023-10-09T19:22:00Z,2023-10-09T19:22:00Z,588,26.64,569.3261037955074,NA,NA,NA,NA,NA,SR,upstream,2023-10-09,20835564,2023-10-09T22:22:00Z,569.3261037955074,3101,0,0,52,2,17:33:10,2023-10-09T20:33:10Z,NA
SpC_SR_091023_upstream.xlsx,2023-10-09T19:23:00Z,2023-10-09T19:23:00Z,585.7,26.64,567.0991479473278,NA,NA,NA,NA,NA,SR,upstream,2023-10-09,20835564,2023-10-09T22:23:00Z,567.0991479473278,3101,0,0,52,2,17:33:10,2023-10-09T20:33:10Z,NA
SpC_SR_091023_upstream.xlsx,2023-10-09T19:24:00Z,2023-10-09T19:24:00Z,584.2,26.64,565.6467854376453,NA,NA,NA,NA,NA,SR,upstream,2023-10-09,20835564,2023-10-09T22:24:00Z,565.6467854376453,3101,0,0,52,2,17:33:10,2023-10-09T20:33:10Z,NA
SpC_SR_091023_upstream.xlsx,2023-10-09T19:25:00Z,2023-10-09T19:25:00Z,581.9,26.63,563.528956033314,NA,NA,NA,NA,NA,SR,upstream,2023-10-09,20835564,2023-10-09T22:25:00Z,563.528956033314,3101,0,0,52,2,17:33:10,2023-10-09T20:33:10Z,NA
SpC_SR_091023_upstream.xlsx,2023-10-09T19:26:00Z,2023-10-09T19:26:00Z,579.6,26.63,561.3015688553168,NA,NA,NA,NA,NA,SR,upstream,2023-10-09,20835564,2023-10-09T22:26:00Z,561.3015688553168,3101,0,0,52,2,17:33:10,2023-10-09T20:33:10Z,NA
SpC_SR_091023_upstream.xlsx,2023-10-09T19:27:00Z,2023-10-09T19:27:00Z,577.7,26.63,559.4615533604494,NA,NA,NA,NA,NA,SR,upstream,2023-10-09,20835564,2023-10-09T22:27:00Z,559.4615533604494,3101,0,0,52,2,17:33:10,2023-10-09T20:33:10Z,NA
SpC_SR_091023_upstream.xlsx,2023-10-09T19:28:00Z,2023-10-09T19:28:00Z,575.8000000000001,26.63,557.6215378655821,NA,NA,NA,NA,NA,SR,upstream,2023-10-09,20835564,2023-10-09T22:28:00Z,557.6215378655821,3101,0,0,52,2,17:33:10,2023-10-09T20:33:10Z,NA
SpC_SR_091023_upstream.xlsx,2023-10-09T19:29:00Z,2023-10-09T19:29:00Z,573.9,26.63,555.7815223707147,NA,NA,NA,NA,NA,SR,upstream,2023-10-09,20835564,2023-10-09T22:29:00Z,555.7815223707147,3101,0,0,52,2,17:33:10,2023-10-09T20:33:10Z,NA
SpC_SR_091023_upstream.xlsx,2023-10-09T19:30:00Z,2023-10-09T19:30:00Z,572.3000000000001,26.63,554.2320356381949,NA,NA,NA,NA,NA,SR,upstream,2023-10-09,20835564,2023-10-09T22:30:00Z,554.2320356381949,3101,0,0,52,2,17:33:10,2023-10-09T20:33:10Z,NA
SpC_SR_091023_upstream.xlsx,2023-10-09T19:31:00Z,2023-10-09T19:31:00Z,570.4,26.63,552.3920201433275,NA,NA,NA,NA,NA,SR,upstream,2023-10-09,20835564,2023-10-09T22:31:00Z,552.3920201433275,3101,0,0,52,2,17:33:10,2023-10-09T20:33:10Z,NA
SpC_SR_091023_upstream.xlsx,2023-10-09T19:32:00Z,2023-10-09T19:32:00Z,568.5,26.63,550.5520046484602,NA,NA,NA,NA,NA,SR,upstream,2023-10-09,20835564,2023-10-09T22:32:00Z,550.5520046484602,3101,0,0,52,2,17:33:10,2023-10-09T20:33:10Z,NA
SpC_SR_091023_upstream.xlsx,2023-10-09T19:33:00Z,2023-10-09T19:33:00Z,566.6,26.62,548.8182874854708,NA,NA,NA,NA,NA,SR,upstream,2023-10-09,20835564,2023-10-09T22:33:00Z,548.8182874854708,3101,0,0,52,2,17:33:10,2023-10-09T20:33:10Z,NA
SpC_SR_091023_upstream.xlsx,2023-10-09T19:34:00Z,2023-10-09T19:34:00Z,564.3000000000001,26.62,546.5904688105386,NA,NA,NA,NA,NA,SR,upstream,2023-10-09,20835564,2023-10-09T22:34:00Z,546.5904688105386,3101,0,0,52,2,17:33:10,2023-10-09T20:33:10Z,NA
SpC_SR_091023_upstream.xlsx,2023-10-09T19:35:00Z,2023-10-09T19:35:00Z,562.8000000000001,26.62,545.1375435877568,NA,NA,NA,NA,NA,SR,upstream,2023-10-09,20835564,2023-10-09T22:35:00Z,545.1375435877568,3101,0,0,52,2,17:33:10,2023-10-09T20:33:10Z,NA
SpC_SR_091023_upstream.xlsx,2023-10-09T19:36:00Z,2023-10-09T19:36:00Z,560.8000000000001,26.62,543.2003099573809,NA,NA,NA,NA,NA,SR,upstream,2023-10-09,20835564,2023-10-09T22:36:00Z,543.2003099573809,3101,0,0,52,2,17:33:10,2023-10-09T20:33:10Z,NA
SpC_SR_091023_upstream.xlsx,2023-10-09T19:37:00Z,2023-10-09T19:37:00Z,559.3000000000001,26.62,541.7473847345991,NA,NA,NA,NA,NA,SR,upstream,2023-10-09,20835564,2023-10-09T22:37:00Z,541.7473847345991,3101,0,0,52,2,17:33:10,2023-10-09T20:33:10Z,NA
SpC_SR_091023_upstream.xlsx,2023-10-09T19:38:00Z,2023-10-09T19:38:00Z,557.4,26.62,539.9070127857419,NA,NA,NA,NA,NA,SR,upstream,2023-10-09,20835564,2023-10-09T22:38:00Z,539.9070127857419,3101,0,0,52,2,17:33:10,2023-10-09T20:33:10Z,NA
SpC_SR_091023_upstream.xlsx,2023-10-09T19:39:00Z,2023-10-09T19:39:00Z,555.9,26.62,538.4540875629601,NA,NA,NA,NA,NA,SR,upstream,2023-10-09,20835564,2023-10-09T22:39:00Z,538.4540875629601,3101,0,0,52,2,17:33:10,2023-10-09T20:33:10Z,NA
SpC_SR_091023_upstream.xlsx,2023-10-09T19:40:00Z,2023-10-09T19:40:00Z,554,26.61,536.7176903700833,NA,NA,NA,NA,NA,SR,upstream,2023-10-09,20835564,2023-10-09T22:40:00Z,536.7176903700833,3101,0,0,52,2,17:33:10,2023-10-09T20:33:10Z,NA
SpC_SR_091023_upstream.xlsx,2023-10-09T19:41:00Z,2023-10-09T19:41:00Z,552.4,26.61,535.1676031776788,NA,NA,NA,NA,NA,SR,upstream,2023-10-09,20835564,2023-10-09T22:41:00Z,535.1676031776788,3101,0,0,52,2,17:33:10,2023-10-09T20:33:10Z,NA
SpC_SR_091023_upstream.xlsx,2023-10-09T19:42:00Z,2023-10-09T19:42:00Z,550.9,26.61,533.7143964347995,NA,NA,NA,NA,NA,SR,upstream,2023-10-09,20835564,2023-10-09T22:42:00Z,533.7143964347995,3101,0,0,52,2,17:33:10,2023-10-09T20:33:10Z,NA
SpC_SR_091023_upstream.xlsx,2023-10-09T19:43:00Z,2023-10-09T19:43:00Z,549.7,26.61,532.551831040496,NA,NA,NA,NA,NA,SR,upstream,2023-10-09,20835564,2023-10-09T22:43:00Z,532.551831040496,3101,0,0,52,2,17:33:10,2023-10-09T20:33:10Z,NA
SpC_SR_091023_upstream.xlsx,2023-10-09T19:44:00Z,2023-10-09T19:44:00Z,548.2,26.59,531.3045163791433,NA,NA,NA,NA,NA,SR,upstream,2023-10-09,20835564,2023-10-09T22:44:00Z,531.3045163791433,3101,0,0,52,2,17:33:10,2023-10-09T20:33:10Z,NA
SpC_SR_091023_upstream.xlsx,2023-10-09T19:45:00Z,2023-10-09T19:45:00Z,547.1,26.61,530.0329393528386,NA,NA,NA,NA,NA,SR,upstream,2023-10-09,20835564,2023-10-09T22:45:00Z,530.0329393528386,3101,0,0,52,2,17:33:10,2023-10-09T20:33:10Z,NA
SpC_SR_091023_upstream.xlsx,2023-10-09T19:46:00Z,2023-10-09T19:46:00Z,545.2,26.59,528.3969761581702,NA,NA,NA,NA,NA,SR,upstream,2023-10-09,20835564,2023-10-09T22:46:00Z,528.3969761581702,3101,0,0,52,2,17:33:10,2023-10-09T20:33:10Z,NA
SpC_SR_091023_upstream.xlsx,2023-10-09T19:47:00Z,2023-10-09T19:47:00Z,543.6,26.59,526.8462880403179,NA,NA,NA,NA,NA,SR,upstream,2023-10-09,20835564,2023-10-09T22:47:00Z,526.8462880403179,3101,0,0,52,2,17:33:10,2023-10-09T20:33:10Z,NA
SpC_SR_091023_upstream.xlsx,2023-10-09T19:48:00Z,2023-10-09T19:48:00Z,542.5,26.59,525.7801899592944,NA,NA,NA,NA,NA,SR,upstream,2023-10-09,20835564,2023-10-09T22:48:00Z,525.7801899592944,3101,0,0,52,2,17:33:10,2023-10-09T20:33:10Z,NA
SpC_SR_091023_upstream.xlsx,2023-10-09T19:49:00Z,2023-10-09T19:49:00Z,541,26.59,524.3264198488079,NA,NA,NA,NA,NA,SR,upstream,2023-10-09,20835564,2023-10-09T22:49:00Z,524.3264198488079,3101,0,0,52,2,17:33:10,2023-10-09T20:33:10Z,NA
SpC_SR_091023_upstream.xlsx,2023-10-09T19:50:00Z,2023-10-09T19:50:00Z,539.4,26.59,522.7757317309556,NA,NA,NA,NA,NA,SR,upstream,2023-10-09,20835564,2023-10-09T22:50:00Z,522.7757317309556,3101,0,0,52,2,17:33:10,2023-10-09T20:33:10Z,NA
SpC_SR_091023_upstream.xlsx,2023-10-09T19:51:00Z,2023-10-09T19:51:00Z,538.3000000000001,26.59,521.7096336499322,NA,NA,NA,NA,NA,SR,upstream,2023-10-09,20835564,2023-10-09T22:51:00Z,521.7096336499322,3101,0,0,52,2,17:33:10,2023-10-09T20:33:10Z,NA
SpC_SR_091023_upstream.xlsx,2023-10-09T19:52:00Z,2023-10-09T19:52:00Z,536.7,26.59,520.1589455320799,NA,NA,NA,NA,NA,SR,upstream,2023-10-09,20835564,2023-10-09T22:52:00Z,520.1589455320799,3101,0,0,52,2,17:33:10,2023-10-09T20:33:10Z,NA
SpC_SR_091023_upstream.xlsx,2023-10-09T19:53:00Z,2023-10-09T19:53:00Z,535.2,26.580000000000002,518.8057386583947,NA,NA,NA,NA,NA,SR,upstream,2023-10-09,20835564,2023-10-09T22:53:00Z,518.8057386583947,3101,0,0,52,2,17:33:10,2023-10-09T20:33:10Z,NA
SpC_SR_091023_upstream.xlsx,2023-10-09T19:54:00Z,2023-10-09T19:54:00Z,534.5,26.59,518.0267493700329,NA,NA,NA,NA,NA,SR,upstream,2023-10-09,20835564,2023-10-09T22:54:00Z,518.0267493700329,3101,0,0,52,2,17:33:10,2023-10-09T20:33:10Z,NA
SpC_SR_091023_upstream.xlsx,2023-10-09T19:55:00Z,2023-10-09T19:55:00Z,533.3000000000001,26.580000000000002,516.9639395114385,NA,NA,NA,NA,NA,SR,upstream,2023-10-09,20835564,2023-10-09T22:55:00Z,516.9639395114385,3101,0,0,52,2,17:33:10,2023-10-09T20:33:10Z,NA
SpC_SR_091023_upstream.xlsx,2023-10-09T19:56:00Z,2023-10-09T19:56:00Z,532.2,26.580000000000002,515.8976347421482,NA,NA,NA,NA,NA,SR,upstream,2023-10-09,20835564,2023-10-09T22:56:00Z,515.8976347421482,3101,0,0,52,2,17:33:10,2023-10-09T20:33:10Z,NA
SpC_SR_091023_upstream.xlsx,2023-10-09T19:57:00Z,2023-10-09T19:57:00Z,531,26.580000000000002,514.7343931756494,NA,NA,NA,NA,NA,SR,upstream,2023-10-09,20835564,2023-10-09T22:57:00Z,514.7343931756494,3101,0,0,52,2,17:33:10,2023-10-09T20:33:10Z,NA
SpC_SR_091023_upstream.xlsx,2023-10-09T19:58:00Z,2023-10-09T19:58:00Z,529.5,26.580000000000002,513.2803412175261,NA,NA,NA,NA,NA,SR,upstream,2023-10-09,20835564,2023-10-09T22:58:00Z,513.2803412175261,3101,0,0,52,2,17:33:10,2023-10-09T20:33:10Z,NA
SpC_SR_091023_upstream.xlsx,2023-10-09T19:59:00Z,2023-10-09T19:59:00Z,528.7,26.580000000000002,512.5048468398604,NA,NA,NA,NA,NA,SR,upstream,2023-10-09,20835564,2023-10-09T22:59:00Z,512.5048468398604,3101,0,0,52,2,17:33:10,2023-10-09T20:33:10Z,NA
SpC_SR_091023_upstream.xlsx,2023-10-09T20:00:00Z,2023-10-09T20:00:00Z,527.2,26.580000000000002,511.0507948817371,NA,NA,NA,NA,NA,SR,upstream,2023-10-09,20835564,2023-10-09T23:00:00Z,511.0507948817371,3101,0,0,52,2,17:33:10,2023-10-09T20:33:10Z,NA
SpC_SR_091023_upstream.xlsx,2023-10-09T20:01:00Z,2023-10-09T20:01:00Z,526.1,26.580000000000002,509.9844901124467,NA,NA,NA,NA,NA,SR,upstream,2023-10-09,20835564,2023-10-09T23:01:00Z,509.9844901124467,3101,0,0,52,2,17:33:10,2023-10-09T20:33:10Z,NA
SpC_SR_091023_upstream.xlsx,2023-10-09T20:02:00Z,2023-10-09T20:02:00Z,524.9,26.57,508.9199146790769,NA,NA,NA,NA,NA,SR,upstream,2023-10-09,20835564,2023-10-09T23:02:00Z,508.9199146790769,3101,0,0,52,2,17:33:10,2023-10-09T20:33:10Z,NA
SpC_SR_091023_upstream.xlsx,2023-10-09T20:03:00Z,2023-10-09T20:03:00Z,523.8000000000001,26.580000000000002,507.7549437766576,NA,NA,NA,NA,NA,SR,upstream,2023-10-09,20835564,2023-10-09T23:03:00Z,507.7549437766576,3101,0,0,52,2,17:33:10,2023-10-09T20:33:10Z,NA
SpC_SR_091023_upstream.xlsx,2023-10-09T20:04:00Z,2023-10-09T20:04:00Z,523,26.57,507.07775838665884,NA,NA,NA,NA,NA,SR,upstream,2023-10-09,20835564,2023-10-09T23:04:00Z,507.07775838665884,3101,0,0,52,2,17:33:10,2023-10-09T20:33:10Z,NA
SpC_SR_091023_upstream.xlsx,2023-10-09T20:05:00Z,2023-10-09T20:05:00Z,522.2,26.580000000000002,506.2039550213261,NA,NA,NA,NA,NA,SR,upstream,2023-10-09,20835564,2023-10-09T23:05:00Z,506.2039550213261,3101,0,0,52,2,17:33:10,2023-10-09T20:33:10Z,NA
SpC_SR_091023_upstream.xlsx,2023-10-09T20:06:00Z,2023-10-09T20:06:00Z,521.1,26.57,505.2356020942408,NA,NA,NA,NA,NA,SR,upstream,2023-10-09,20835564,2023-10-09T23:06:00Z,505.2356020942408,3101,0,0,52,2,17:33:10,2023-10-09T20:33:10Z,NA
SpC_SR_091023_upstream.xlsx,2023-10-09T20:07:00Z,2023-10-09T20:07:00Z,520,26.57,504.1690905565251,NA,NA,NA,NA,NA,SR,upstream,2023-10-09,20835564,2023-10-09T23:07:00Z,504.1690905565251,3101,0,0,52,2,17:33:10,2023-10-09T20:33:10Z,NA
SpC_SR_091023_upstream.xlsx,2023-10-09T20:08:00Z,2023-10-09T20:08:00Z,519.2,26.57,503.39344580182274,NA,NA,NA,NA,NA,SR,upstream,2023-10-09,20835564,2023-10-09T23:08:00Z,503.39344580182274,3101,0,0,52,2,17:33:10,2023-10-09T20:33:10Z,NA
SpC_SR_091023_upstream.xlsx,2023-10-09T20:09:00Z,2023-10-09T20:09:00Z,517.7,26.57,501.9391118867559,NA,NA,NA,NA,NA,SR,upstream,2023-10-09,20835564,2023-10-09T23:09:00Z,501.9391118867559,3101,0,0,52,2,17:33:10,2023-10-09T20:33:10Z,NA
SpC_SR_091023_upstream.xlsx,2023-10-09T20:10:00Z,2023-10-09T20:10:00Z,516.9,26.57,501.1634671320534,NA,NA,NA,NA,NA,SR,upstream,2023-10-09,20835564,2023-10-09T23:10:00Z,501.1634671320534,3101,0,0,52,2,17:33:10,2023-10-09T20:33:10Z,NA
SpC_SR_091023_upstream.xlsx,2023-10-09T20:11:00Z,2023-10-09T20:11:00Z,516.1,26.57,500.38782237735114,NA,NA,NA,NA,NA,SR,upstream,2023-10-09,20835564,2023-10-09T23:11:00Z,500.38782237735114,3101,0,0,52,2,17:33:10,2023-10-09T20:33:10Z,NA
SpC_SR_091023_upstream.xlsx,2023-10-09T20:12:00Z,2023-10-09T20:12:00Z,515.4,26.57,499.7091332169866,NA,NA,NA,NA,NA,SR,upstream,2023-10-09,20835564,2023-10-09T23:12:00Z,499.7091332169866,3101,0,0,52,2,17:33:10,2023-10-09T20:33:10Z,NA
SpC_SR_091023_upstream.xlsx,2023-10-09T20:13:00Z,2023-10-09T20:13:00Z,514.2,26.57,498.5456660849331,NA,NA,NA,NA,NA,SR,upstream,2023-10-09,20835564,2023-10-09T23:13:00Z,498.5456660849331,3101,0,0,52,2,17:33:10,2023-10-09T20:33:10Z,NA
SpC_SR_091023_upstream.xlsx,2023-10-09T20:14:00Z,2023-10-09T20:14:00Z,513.5,26.57,497.8669769245685,NA,NA,NA,NA,NA,SR,upstream,2023-10-09,20835564,2023-10-09T23:14:00Z,497.8669769245685,3101,0,0,52,2,17:33:10,2023-10-09T20:33:10Z,NA
SpC_SR_091023_upstream.xlsx,2023-10-09T20:15:00Z,2023-10-09T20:15:00Z,512.3000000000001,26.57,496.70350979251504,NA,NA,NA,NA,NA,SR,upstream,2023-10-09,20835564,2023-10-09T23:15:00Z,496.70350979251504,3101,0,0,52,2,17:33:10,2023-10-09T20:33:10Z,NA
SpC_SR_091023_upstream.xlsx,2023-10-09T20:16:00Z,2023-10-09T20:16:00Z,511.6,26.57,496.02482063215047,NA,NA,NA,NA,NA,SR,upstream,2023-10-09,20835564,2023-10-09T23:16:00Z,496.02482063215047,3101,0,0,52,2,17:33:10,2023-10-09T20:33:10Z,NA
SpC_SR_091023_upstream.xlsx,2023-10-09T20:17:00Z,2023-10-09T20:17:00Z,510.40000000000003,26.57,494.8613535000969,NA,NA,NA,NA,NA,SR,upstream,2023-10-09,20835564,2023-10-09T23:17:00Z,494.8613535000969,3101,0,0,52,2,17:33:10,2023-10-09T20:33:10Z,NA
SpC_SR_091023_upstream.xlsx,2023-10-09T20:18:00Z,2023-10-09T20:18:00Z,509.6,26.57,494.0857087453946,NA,NA,NA,NA,NA,SR,upstream,2023-10-09,20835564,2023-10-09T23:18:00Z,494.0857087453946,3101,0,0,52,2,17:33:10,2023-10-09T20:33:10Z,NA
SpC_SR_091023_upstream.xlsx,2023-10-09T20:19:00Z,2023-10-09T20:19:00Z,508.90000000000003,26.57,493.40701958503007,NA,NA,NA,NA,NA,SR,upstream,2023-10-09,20835564,2023-10-09T23:19:00Z,493.40701958503007,3101,0,0,52,2,17:33:10,2023-10-09T20:33:10Z,NA
SpC_SR_091023_upstream.xlsx,2023-10-09T20:20:00Z,2023-10-09T20:20:00Z,508.1,26.560000000000002,492.7269200930954,NA,NA,NA,NA,NA,SR,upstream,2023-10-09,20835564,2023-10-09T23:20:00Z,492.7269200930954,3101,0,0,52,2,17:33:10,2023-10-09T20:33:10Z,NA
SpC_SR_091023_upstream.xlsx,2023-10-09T20:21:00Z,2023-10-09T20:21:00Z,507.40000000000003,26.57,491.95268566996316,NA,NA,NA,NA,NA,SR,upstream,2023-10-09,20835564,2023-10-09T23:21:00Z,491.95268566996316,3101,0,0,52,2,17:33:10,2023-10-09T20:33:10Z,NA
SpC_SR_091023_upstream.xlsx,2023-10-09T20:22:00Z,2023-10-09T20:22:00Z,506.20000000000005,26.57,490.7892185379096,NA,NA,NA,NA,NA,SR,upstream,2023-10-09,20835564,2023-10-09T23:22:00Z,490.7892185379096,3101,0,0,52,2,17:33:10,2023-10-09T20:33:10Z,NA
SpC_SR_091023_upstream.xlsx,2023-10-09T20:23:00Z,2023-10-09T20:23:00Z,505.5,26.560000000000002,490.20558572536845,NA,NA,NA,NA,NA,SR,upstream,2023-10-09,20835564,2023-10-09T23:23:00Z,490.20558572536845,3101,0,0,52,2,17:33:10,2023-10-09T20:33:10Z,NA
SpC_SR_091023_upstream.xlsx,2023-10-09T20:24:00Z,2023-10-09T20:24:00Z,505.1,26.560000000000002,489.8176881303336,NA,NA,NA,NA,NA,SR,upstream,2023-10-09,20835564,2023-10-09T23:24:00Z,489.8176881303336,3101,0,0,52,2,17:33:10,2023-10-09T20:33:10Z,NA
SpC_SR_091023_upstream.xlsx,2023-10-09T20:25:00Z,2023-10-09T20:25:00Z,504.3,26.560000000000002,489.0418929402637,NA,NA,NA,NA,NA,SR,upstream,2023-10-09,20835564,2023-10-09T23:25:00Z,489.0418929402637,3101,0,0,52,2,17:33:10,2023-10-09T20:33:10Z,NA
SpC_SR_091023_upstream.xlsx,2023-10-09T20:26:00Z,2023-10-09T20:26:00Z,503.5,26.560000000000002,488.2660977501939,NA,NA,NA,NA,NA,SR,upstream,2023-10-09,20835564,2023-10-09T23:26:00Z,488.2660977501939,3101,0,0,52,2,17:33:10,2023-10-09T20:33:10Z,NA
SpC_SR_091023_upstream.xlsx,2023-10-09T20:27:00Z,2023-10-09T20:27:00Z,502.8,26.560000000000002,487.5872769588828,NA,NA,NA,NA,NA,SR,upstream,2023-10-09,20835564,2023-10-09T23:27:00Z,487.5872769588828,3101,0,0,52,2,17:33:10,2023-10-09T20:33:10Z,NA
SpC_SR_091023_upstream.xlsx,2023-10-09T20:28:00Z,2023-10-09T20:28:00Z,502,26.57,486.71708357572226,NA,NA,NA,NA,NA,SR,upstream,2023-10-09,20835564,2023-10-09T23:28:00Z,486.71708357572226,3101,0,0,52,2,17:33:10,2023-10-09T20:33:10Z,NA
SpC_SR_091023_upstream.xlsx,2023-10-09T20:29:00Z,2023-10-09T20:29:00Z,501.3,26.560000000000002,486.13266097750187,NA,NA,NA,NA,NA,SR,upstream,2023-10-09,20835564,2023-10-09T23:29:00Z,486.13266097750187,3101,0,0,52,2,17:33:10,2023-10-09T20:33:10Z,NA
SpC_SR_091023_upstream.xlsx,2023-10-09T20:30:00Z,2023-10-09T20:30:00Z,500.5,26.560000000000002,485.35686578743207,NA,NA,NA,NA,NA,SR,upstream,2023-10-09,20835564,2023-10-09T23:30:00Z,485.35686578743207,3101,0,0,52,2,17:33:10,2023-10-09T20:33:10Z,NA
SpC_SR_091023_upstream.xlsx,2023-10-09T20:31:00Z,2023-10-09T20:31:00Z,500.1,26.560000000000002,484.9689681923972,NA,NA,NA,NA,NA,SR,upstream,2023-10-09,20835564,2023-10-09T23:31:00Z,484.9689681923972,3101,0,0,52,2,17:33:10,2023-10-09T20:33:10Z,NA
SpC_SR_091023_upstream.xlsx,2023-10-09T20:32:00Z,2023-10-09T20:32:00Z,499,26.560000000000002,483.90224980605115,NA,NA,NA,NA,NA,SR,upstream,2023-10-09,20835564,2023-10-09T23:32:00Z,483.90224980605115,3101,0,0,52,2,17:33:10,2023-10-09T20:33:10Z,NA
SpC_SR_091023_upstream.xlsx,2023-10-09T20:33:00Z,2023-10-09T20:33:00Z,498.20000000000005,26.57,483.03277099088615,NA,NA,NA,NA,NA,SR,upstream,2023-10-09,20835564,2023-10-09T23:33:00Z,483.03277099088615,3101,0,0,52,2,17:33:10,2023-10-09T20:33:10Z,NA
SpC_SR_091023_upstream.xlsx,2023-10-09T20:34:00Z,2023-10-09T20:34:00Z,497.40000000000003,26.560000000000002,482.35065942591154,NA,NA,NA,NA,NA,SR,upstream,2023-10-09,20835564,2023-10-09T23:34:00Z,482.35065942591154,3101,0,0,52,2,17:33:10,2023-10-09T20:33:10Z,NA
SpC_SR_091023_upstream.xlsx,2023-10-09T20:35:00Z,2023-10-09T20:35:00Z,497.1,26.560000000000002,482.05973622963535,NA,NA,NA,NA,NA,SR,upstream,2023-10-09,20835564,2023-10-09T23:35:00Z,482.05973622963535,3101,0,0,52,2,17:33:10,2023-10-09T20:33:10Z,NA
SpC_SR_091023_upstream.xlsx,2023-10-09T20:36:00Z,2023-10-09T20:36:00Z,496.70000000000005,26.560000000000002,481.6718386346005,NA,NA,NA,NA,NA,SR,upstream,2023-10-09,20835564,2023-10-09T23:36:00Z,481.6718386346005,3101,0,0,52,2,17:33:10,2023-10-09T20:33:10Z,NA
SpC_SR_091023_upstream.xlsx,2023-10-09T20:37:00Z,2023-10-09T20:37:00Z,495.90000000000003,26.560000000000002,480.8960434445306,NA,NA,NA,NA,NA,SR,upstream,2023-10-09,20835564,2023-10-09T23:37:00Z,480.8960434445306,3101,0,0,52,2,17:33:10,2023-10-09T20:33:10Z,NA
SpC_SR_091023_upstream.xlsx,2023-10-09T20:38:00Z,2023-10-09T20:38:00Z,495.20000000000005,26.560000000000002,480.21722265321955,NA,NA,NA,NA,NA,SR,upstream,2023-10-09,20835564,2023-10-09T23:38:00Z,480.21722265321955,3101,0,0,52,2,17:33:10,2023-10-09T20:33:10Z,NA
SpC_SR_091023_upstream.xlsx,2023-10-09T20:39:00Z,2023-10-09T20:39:00Z,494.8,26.560000000000002,479.8293250581846,NA,NA,NA,NA,NA,SR,upstream,2023-10-09,20835564,2023-10-09T23:39:00Z,479.8293250581846,3101,0,0,52,2,17:33:10,2023-10-09T20:33:10Z,NA
SpC_SR_091023_upstream.xlsx,2023-10-09T20:40:00Z,2023-10-09T20:40:00Z,494,26.560000000000002,479.05352986811477,NA,NA,NA,NA,NA,SR,upstream,2023-10-09,20835564,2023-10-09T23:40:00Z,479.05352986811477,3101,0,0,52,2,17:33:10,2023-10-09T20:33:10Z,NA
SpC_SR_091023_upstream.xlsx,2023-10-09T20:41:00Z,2023-10-09T20:41:00Z,493.6,26.560000000000002,478.6656322730799,NA,NA,NA,NA,NA,SR,upstream,2023-10-09,20835564,2023-10-09T23:41:00Z,478.6656322730799,3101,0,0,52,2,17:33:10,2023-10-09T20:33:10Z,NA
SpC_SR_091023_upstream.xlsx,2023-10-09T20:42:00Z,2023-10-09T20:42:00Z,492.90000000000003,26.560000000000002,477.98681148176877,NA,NA,NA,NA,NA,SR,upstream,2023-10-09,20835564,2023-10-09T23:42:00Z,477.98681148176877,3101,0,0,52,2,17:33:10,2023-10-09T20:33:10Z,NA
SpC_SR_091023_upstream.xlsx,2023-10-09T20:43:00Z,2023-10-09T20:43:00Z,492.1,26.560000000000002,477.21101629169897,NA,NA,NA,NA,NA,SR,upstream,2023-10-09,20835564,2023-10-09T23:43:00Z,477.21101629169897,3101,0,0,52,2,17:33:10,2023-10-09T20:33:10Z,NA
SpC_SR_091023_upstream.xlsx,2023-10-09T20:44:00Z,2023-10-09T20:44:00Z,491.70000000000005,26.560000000000002,476.8231186966641,NA,NA,NA,NA,NA,SR,upstream,2023-10-09,20835564,2023-10-09T23:44:00Z,476.8231186966641,3101,0,0,52,2,17:33:10,2023-10-09T20:33:10Z,NA
SpC_SR_091023_upstream.xlsx,2023-10-09T20:45:00Z,2023-10-09T20:45:00Z,491,26.560000000000002,476.1442979053529,NA,NA,NA,NA,NA,SR,upstream,2023-10-09,20835564,2023-10-09T23:45:00Z,476.1442979053529,3101,0,0,52,2,17:33:10,2023-10-09T20:33:10Z,NA
SpC_SR_091023_upstream.xlsx,2023-10-09T20:46:00Z,2023-10-09T20:46:00Z,491,26.560000000000002,476.1442979053529,NA,NA,NA,NA,NA,SR,upstream,2023-10-09,20835564,2023-10-09T23:46:00Z,476.1442979053529,3101,0,0,52,2,17:33:10,2023-10-09T20:33:10Z,NA
SpC_SR_091023_upstream.xlsx,2023-10-09T20:47:00Z,2023-10-09T20:47:00Z,490.20000000000005,26.560000000000002,475.36850271528317,NA,NA,NA,NA,NA,SR,upstream,2023-10-09,20835564,2023-10-09T23:47:00Z,475.36850271528317,3101,0,0,52,2,17:33:10,2023-10-09T20:33:10Z,NA
SpC_SR_091023_upstream.xlsx,2023-10-09T20:48:00Z,2023-10-09T20:48:00Z,489.8,26.560000000000002,474.9806051202482,NA,NA,NA,NA,NA,SR,upstream,2023-10-09,20835564,2023-10-09T23:48:00Z,474.9806051202482,3101,0,0,52,2,17:33:10,2023-10-09T20:33:10Z,NA
SpC_SR_091023_upstream.xlsx,2023-10-09T20:49:00Z,2023-10-09T20:49:00Z,489.40000000000003,26.560000000000002,474.5927075252133,NA,NA,NA,NA,NA,SR,upstream,2023-10-09,20835564,2023-10-09T23:49:00Z,474.5927075252133,3101,0,0,52,2,17:33:10,2023-10-09T20:33:10Z,NA
SpC_SR_091023_upstream.xlsx,2023-10-09T20:50:00Z,2023-10-09T20:50:00Z,488.70000000000005,26.560000000000002,473.91388673390225,NA,NA,NA,NA,NA,SR,upstream,2023-10-09,20835564,2023-10-09T23:50:00Z,473.91388673390225,3101,0,0,52,2,17:33:10,2023-10-09T20:33:10Z,NA
SpC_SR_091023_upstream.xlsx,2023-10-09T20:51:00Z,2023-10-09T20:51:00Z,487.90000000000003,26.55,473.22987390882645,NA,NA,NA,NA,NA,SR,upstream,2023-10-09,20835564,2023-10-09T23:51:00Z,473.22987390882645,3101,0,0,52,2,17:33:10,2023-10-09T20:33:10Z,NA
SpC_SR_091023_upstream.xlsx,2023-10-09T20:52:00Z,2023-10-09T20:52:00Z,487.5,26.55,472.84190106692535,NA,NA,NA,NA,NA,SR,upstream,2023-10-09,20835564,2023-10-09T23:52:00Z,472.84190106692535,3101,0,0,52,2,17:33:10,2023-10-09T20:33:10Z,NA
SpC_SR_091023_upstream.xlsx,2023-10-09T20:53:00Z,2023-10-09T20:53:00Z,487.20000000000005,26.55,472.5509214354996,NA,NA,NA,NA,NA,SR,upstream,2023-10-09,20835564,2023-10-09T23:53:00Z,472.5509214354996,3101,0,0,52,2,17:33:10,2023-10-09T20:33:10Z,NA
SpC_SR_091023_upstream.xlsx,2023-10-09T20:54:00Z,2023-10-09T20:54:00Z,486.8,26.55,472.1629485935985,NA,NA,NA,NA,NA,SR,upstream,2023-10-09,20835564,2023-10-09T23:54:00Z,472.1629485935985,3101,0,0,52,2,17:33:10,2023-10-09T20:33:10Z,NA
SpC_SR_091023_upstream.xlsx,2023-10-09T20:55:00Z,2023-10-09T20:55:00Z,485.6,26.55,470.9990300678953,NA,NA,NA,NA,NA,SR,upstream,2023-10-09,20835564,2023-10-09T23:55:00Z,470.9990300678953,3101,0,0,52,2,17:33:10,2023-10-09T20:33:10Z,NA
SpC_SR_091023_upstream.xlsx,2023-10-09T20:56:00Z,2023-10-09T20:56:00Z,485.6,26.55,470.9990300678953,NA,NA,NA,NA,NA,SR,upstream,2023-10-09,20835564,2023-10-09T23:56:00Z,470.9990300678953,3101,0,0,52,2,17:33:10,2023-10-09T20:33:10Z,NA
SpC_SR_091023_upstream.xlsx,2023-10-09T20:57:00Z,2023-10-09T20:57:00Z,484.90000000000003,26.55,470.32007759456843,NA,NA,NA,NA,NA,SR,upstream,2023-10-09,20835564,2023-10-09T23:57:00Z,470.32007759456843,3101,0,0,52,2,17:33:10,2023-10-09T20:33:10Z,NA
SpC_SR_091023_upstream.xlsx,2023-10-09T20:58:00Z,2023-10-09T20:58:00Z,484.5,26.55,469.9321047526673,NA,NA,NA,NA,NA,SR,upstream,2023-10-09,20835564,2023-10-09T23:58:00Z,469.9321047526673,3101,0,0,52,2,17:33:10,2023-10-09T20:33:10Z,NA
SpC_SR_091023_upstream.xlsx,2023-10-09T20:59:00Z,2023-10-09T20:59:00Z,484.5,26.55,469.9321047526673,NA,NA,NA,NA,NA,SR,upstream,2023-10-09,20835564,2023-10-09T23:59:00Z,469.9321047526673,3101,0,0,52,2,17:33:10,2023-10-09T20:33:10Z,NA
SpC_SR_091023_upstream.xlsx,2023-10-09T21:00:00Z,2023-10-09T21:00:00Z,484.1,26.55,469.5441319107663,NA,NA,NA,NA,NA,SR,upstream,2023-10-09,20835564,2023-10-10T00:00:00Z,469.5441319107663,3101,0,0,52,2,17:33:10,2023-10-09T20:33:10Z,NA
SpC_SR_091023_upstream.xlsx,2023-10-09T21:01:00Z,2023-10-09T21:01:00Z,483.40000000000003,26.53,469.04715699592475,NA,NA,NA,NA,NA,SR,upstream,2023-10-09,20835564,2023-10-10T00:01:00Z,469.04715699592475,3101,0,0,52,2,17:33:10,2023-10-09T20:33:10Z,NA
SpC_SR_091023_upstream.xlsx,2023-10-09T21:02:00Z,2023-10-09T21:02:00Z,483,26.53,468.65903357267615,NA,NA,NA,NA,NA,SR,upstream,2023-10-09,20835564,2023-10-10T00:02:00Z,468.65903357267615,3101,0,0,52,2,17:33:10,2023-10-09T20:33:10Z,NA
SpC_SR_091023_upstream.xlsx,2023-10-09T21:03:00Z,2023-10-09T21:03:00Z,483,26.55,468.47720659553835,NA,NA,NA,NA,NA,SR,upstream,2023-10-09,20835564,2023-10-10T00:03:00Z,468.47720659553835,3101,0,0,52,2,17:33:10,2023-10-09T20:33:10Z,NA
SpC_SR_091023_upstream.xlsx,2023-10-09T21:04:00Z,2023-10-09T21:04:00Z,482.20000000000005,26.53,467.882786726179,NA,NA,NA,NA,NA,SR,upstream,2023-10-09,20835564,2023-10-10T00:04:00Z,467.882786726179,3101,0,0,52,2,17:33:10,2023-10-09T20:33:10Z,NA
SpC_SR_091023_upstream.xlsx,2023-10-09T21:05:00Z,2023-10-09T21:05:00Z,481.8,26.53,467.49466330293035,NA,NA,NA,NA,NA,SR,upstream,2023-10-09,20835564,2023-10-10T00:05:00Z,467.49466330293035,3101,0,0,52,2,17:33:10,2023-10-09T20:33:10Z,NA
SpC_SR_091023_upstream.xlsx,2023-10-09T21:06:00Z,2023-10-09T21:06:00Z,481.5,26.53,467.2035707354939,NA,NA,NA,NA,NA,SR,upstream,2023-10-09,20835564,2023-10-10T00:06:00Z,467.2035707354939,3101,0,0,52,2,17:33:10,2023-10-09T20:33:10Z,NA
SpC_SR_091023_upstream.xlsx,2023-10-09T21:07:00Z,2023-10-09T21:07:00Z,481.5,26.53,467.2035707354939,NA,NA,NA,NA,NA,SR,upstream,2023-10-09,20835564,2023-10-10T00:07:00Z,467.2035707354939,3101,0,0,52,2,17:33:10,2023-10-09T20:33:10Z,NA
SpC_SR_091023_upstream.xlsx,2023-10-09T21:08:00Z,2023-10-09T21:08:00Z,481.1,26.53,466.81544731224534,NA,NA,NA,NA,NA,SR,upstream,2023-10-09,20835564,2023-10-10T00:08:00Z,466.81544731224534,3101,0,0,52,2,17:33:10,2023-10-09T20:33:10Z,NA
SpC_SR_091023_upstream.xlsx,2023-10-09T21:09:00Z,2023-10-09T21:09:00Z,481.1,26.53,466.81544731224534,NA,NA,NA,NA,NA,SR,upstream,2023-10-09,20835564,2023-10-10T00:09:00Z,466.81544731224534,3101,0,0,52,2,17:33:10,2023-10-09T20:33:10Z,NA
SpC_SR_091023_upstream.xlsx,2023-10-09T21:10:00Z,2023-10-09T21:10:00Z,480.3,26.53,466.03920046574814,NA,NA,NA,NA,NA,SR,upstream,2023-10-09,20835564,2023-10-10T00:10:00Z,466.03920046574814,3101,0,0,52,2,17:33:10,2023-10-09T20:33:10Z,NA
SpC_SR_091023_upstream.xlsx,2023-10-09T21:11:00Z,2023-10-09T21:11:00Z,479.90000000000003,26.53,465.6510770424996,NA,NA,NA,NA,NA,SR,upstream,2023-10-09,20835564,2023-10-10T00:11:00Z,465.6510770424996,3101,0,0,52,2,17:33:10,2023-10-09T20:33:10Z,NA
SpC_SR_091023_upstream.xlsx,2023-10-09T21:12:00Z,2023-10-09T21:12:00Z,479.6,26.53,465.35998447506313,NA,NA,NA,NA,NA,SR,upstream,2023-10-09,20835564,2023-10-10T00:12:00Z,465.35998447506313,3101,0,0,52,2,17:33:10,2023-10-09T20:33:10Z,NA
SpC_SR_091023_upstream.xlsx,2023-10-09T21:13:00Z,2023-10-09T21:13:00Z,479.6,26.53,465.35998447506313,NA,NA,NA,NA,NA,SR,upstream,2023-10-09,20835564,2023-10-10T00:13:00Z,465.35998447506313,3101,0,0,52,2,17:33:10,2023-10-09T20:33:10Z,NA
SpC_SR_091023_upstream.xlsx,2023-10-09T21:14:00Z,2023-10-09T21:14:00Z,478.8,26.53,464.5837376285659,NA,NA,NA,NA,NA,SR,upstream,2023-10-09,20835564,2023-10-10T00:14:00Z,464.5837376285659,3101,0,0,52,2,17:33:10,2023-10-09T20:33:10Z,NA
SpC_SR_091023_upstream.xlsx,2023-10-09T21:15:00Z,2023-10-09T21:15:00Z,478,26.52,463.8975155279503,NA,NA,NA,NA,NA,SR,upstream,2023-10-09,20835564,2023-10-10T00:15:00Z,463.8975155279503,3101,0,0,52,2,17:33:10,2023-10-09T20:33:10Z,NA
SpC_SR_091023_upstream.xlsx,2023-10-09T21:16:00Z,2023-10-09T21:16:00Z,478,26.52,463.8975155279503,NA,NA,NA,NA,NA,SR,upstream,2023-10-09,20835564,2023-10-10T00:16:00Z,463.8975155279503,3101,0,0,52,2,17:33:10,2023-10-09T20:33:10Z,NA
SpC_SR_091023_upstream.xlsx,2023-10-09T21:17:00Z,2023-10-09T21:17:00Z,478,26.52,463.8975155279503,NA,NA,NA,NA,NA,SR,upstream,2023-10-09,20835564,2023-10-10T00:17:00Z,463.8975155279503,3101,0,0,52,2,17:33:10,2023-10-09T20:33:10Z,NA
SpC_SR_091023_upstream.xlsx,2023-10-09T21:18:00Z,2023-10-09T21:18:00Z,477.70000000000005,26.52,463.6063664596274,NA,NA,NA,NA,NA,SR,upstream,2023-10-09,20835564,2023-10-10T00:18:00Z,463.6063664596274,3101,0,0,52,2,17:33:10,2023-10-09T20:33:10Z,NA
SpC_SR_091023_upstream.xlsx,2023-10-09T21:19:00Z,2023-10-09T21:19:00Z,477.3,26.52,463.21816770186336,NA,NA,NA,NA,NA,SR,upstream,2023-10-09,20835564,2023-10-10T00:19:00Z,463.21816770186336,3101,0,0,52,2,17:33:10,2023-10-09T20:33:10Z,NA
SpC_SR_091023_upstream.xlsx,2023-10-09T21:20:00Z,2023-10-09T21:20:00Z,476.90000000000003,26.52,462.8299689440994,NA,NA,NA,NA,NA,SR,upstream,2023-10-09,20835564,2023-10-10T00:20:00Z,462.8299689440994,3101,0,0,52,2,17:33:10,2023-10-09T20:33:10Z,NA
SpC_SR_091023_upstream.xlsx,2023-10-09T21:21:00Z,2023-10-09T21:21:00Z,476.5,26.52,462.4417701863354,NA,NA,NA,NA,NA,SR,upstream,2023-10-09,20835564,2023-10-10T00:21:00Z,462.4417701863354,3101,0,0,52,2,17:33:10,2023-10-09T20:33:10Z,NA
SpC_SR_091023_upstream.xlsx,2023-10-09T21:22:00Z,2023-10-09T21:22:00Z,476.5,26.52,462.4417701863354,NA,NA,NA,NA,NA,SR,upstream,2023-10-09,20835564,2023-10-10T00:22:00Z,462.4417701863354,3101,0,0,52,2,17:33:10,2023-10-09T20:33:10Z,NA
SpC_SR_091023_upstream.xlsx,2023-10-09T21:23:00Z,2023-10-09T21:23:00Z,476.1,26.52,462.05357142857144,NA,NA,NA,NA,NA,SR,upstream,2023-10-09,20835564,2023-10-10T00:23:00Z,462.05357142857144,3101,0,0,52,2,17:33:10,2023-10-09T20:33:10Z,NA
SpC_SR_091023_upstream.xlsx,2023-10-09T21:24:00Z,2023-10-09T21:24:00Z,475.70000000000005,26.52,461.6653726708075,NA,NA,NA,NA,NA,SR,upstream,2023-10-09,20835564,2023-10-10T00:24:00Z,461.6653726708075,3101,0,0,52,2,17:33:10,2023-10-09T20:33:10Z,NA
SpC_SR_091023_upstream.xlsx,2023-10-09T21:25:00Z,2023-10-09T21:25:00Z,475.40000000000003,26.52,461.3742236024845,NA,NA,NA,NA,NA,SR,upstream,2023-10-09,20835564,2023-10-10T00:25:00Z,461.3742236024845,3101,0,0,52,2,17:33:10,2023-10-09T20:33:10Z,NA
SpC_SR_091023_upstream.xlsx,2023-10-09T21:26:00Z,2023-10-09T21:26:00Z,475.40000000000003,26.52,461.3742236024845,NA,NA,NA,NA,NA,SR,upstream,2023-10-09,20835564,2023-10-10T00:26:00Z,461.3742236024845,3101,0,0,52,2,17:33:10,2023-10-09T20:33:10Z,NA
SpC_SR_091023_upstream.xlsx,2023-10-09T21:27:00Z,2023-10-09T21:27:00Z,475,26.52,460.98602484472053,NA,NA,NA,NA,NA,SR,upstream,2023-10-09,20835564,2023-10-10T00:27:00Z,460.98602484472053,3101,0,0,52,2,17:33:10,2023-10-09T20:33:10Z,NA
SpC_SR_091023_upstream.xlsx,2023-10-09T21:28:00Z,2023-10-09T21:28:00Z,474.20000000000005,26.52,460.2096273291926,NA,NA,NA,NA,NA,SR,upstream,2023-10-09,20835564,2023-10-10T00:28:00Z,460.2096273291926,3101,0,0,52,2,17:33:10,2023-10-09T20:33:10Z,NA
SpC_SR_091023_upstream.xlsx,2023-10-09T21:29:00Z,2023-10-09T21:29:00Z,474.20000000000005,26.52,460.2096273291926,NA,NA,NA,NA,NA,SR,upstream,2023-10-09,20835564,2023-10-10T00:29:00Z,460.2096273291926,3101,0,0,52,2,17:33:10,2023-10-09T20:33:10Z,NA
SpC_SR_091023_upstream.xlsx,2023-10-09T21:30:00Z,2023-10-09T21:30:00Z,473.90000000000003,26.51,460.0077654824306,NA,NA,NA,NA,NA,SR,upstream,2023-10-09,20835564,2023-10-10T00:30:00Z,460.0077654824306,3101,0,0,52,2,17:33:10,2023-10-09T20:33:10Z,NA
SpC_SR_091023_upstream.xlsx,2023-10-09T21:31:00Z,2023-10-09T21:31:00Z,473.90000000000003,26.51,460.0077654824306,NA,NA,NA,NA,NA,SR,upstream,2023-10-09,20835564,2023-10-10T00:31:00Z,460.0077654824306,3101,0,0,52,2,17:33:10,2023-10-09T20:33:10Z,NA
SpC_SR_091023_upstream.xlsx,2023-10-09T21:32:00Z,2023-10-09T21:32:00Z,473.5,26.51,459.6194913609008,NA,NA,NA,NA,NA,SR,upstream,2023-10-09,20835564,2023-10-10T00:32:00Z,459.6194913609008,3101,0,0,52,2,17:33:10,2023-10-09T20:33:10Z,NA
SpC_SR_091023_upstream.xlsx,2023-10-09T21:33:00Z,2023-10-09T21:33:00Z,473.1,26.51,459.231217239371,NA,NA,NA,NA,NA,SR,upstream,2023-10-09,20835564,2023-10-10T00:33:00Z,459.231217239371,3101,0,0,52,2,17:33:10,2023-10-09T20:33:10Z,NA
SpC_SR_091023_upstream.xlsx,2023-10-09T21:34:00Z,2023-10-09T21:34:00Z,472.70000000000005,26.51,458.84294311784123,NA,NA,NA,NA,NA,SR,upstream,2023-10-09,20835564,2023-10-10T00:34:00Z,458.84294311784123,3101,0,0,52,2,17:33:10,2023-10-09T20:33:10Z,NA
SpC_SR_091023_upstream.xlsx,2023-10-09T21:35:00Z,2023-10-09T21:35:00Z,472.70000000000005,26.51,458.84294311784123,NA,NA,NA,NA,NA,SR,upstream,2023-10-09,20835564,2023-10-10T00:35:00Z,458.84294311784123,3101,0,0,52,2,17:33:10,2023-10-09T20:33:10Z,NA
SpC_SR_091023_upstream.xlsx,2023-10-09T21:36:00Z,2023-10-09T21:36:00Z,471.6,26.51,457.7751892836343,NA,NA,NA,NA,NA,SR,upstream,2023-10-09,20835564,2023-10-10T00:36:00Z,457.7751892836343,3101,0,0,52,2,17:33:10,2023-10-09T20:33:10Z,NA
SpC_SR_091023_upstream.xlsx,2023-10-09T21:37:00Z,2023-10-09T21:37:00Z,471.6,26.51,457.7751892836343,NA,NA,NA,NA,NA,SR,upstream,2023-10-09,20835564,2023-10-10T00:37:00Z,457.7751892836343,3101,0,0,52,2,17:33:10,2023-10-09T20:33:10Z,NA
SpC_SR_091023_upstream.xlsx,2023-10-09T21:38:00Z,2023-10-09T21:38:00Z,471.6,26.51,457.7751892836343,NA,NA,NA,NA,NA,SR,upstream,2023-10-09,20835564,2023-10-10T00:38:00Z,457.7751892836343,3101,0,0,52,2,17:33:10,2023-10-09T20:33:10Z,NA
SpC_SR_091023_upstream.xlsx,2023-10-09T21:39:00Z,2023-10-09T21:39:00Z,471.20000000000005,26.51,457.3869151621045,NA,NA,NA,NA,NA,SR,upstream,2023-10-09,20835564,2023-10-10T00:39:00Z,457.3869151621045,3101,0,0,52,2,17:33:10,2023-10-09T20:33:10Z,NA
SpC_SR_091023_upstream.xlsx,2023-10-09T21:40:00Z,2023-10-09T21:40:00Z,471.20000000000005,26.51,457.3869151621045,NA,NA,NA,NA,NA,SR,upstream,2023-10-09,20835564,2023-10-10T00:40:00Z,457.3869151621045,3101,0,0,52,2,17:33:10,2023-10-09T20:33:10Z,NA
SpC_SR_091023_upstream.xlsx,2023-10-09T21:41:00Z,2023-10-09T21:41:00Z,471.20000000000005,26.51,457.3869151621045,NA,NA,NA,NA,NA,SR,upstream,2023-10-09,20835564,2023-10-10T00:41:00Z,457.3869151621045,3101,0,0,52,2,17:33:10,2023-10-09T20:33:10Z,NA
SpC_SR_091023_upstream.xlsx,2023-10-09T21:42:00Z,2023-10-09T21:42:00Z,470.8,26.51,456.9986410405747,NA,NA,NA,NA,NA,SR,upstream,2023-10-09,20835564,2023-10-10T00:42:00Z,456.9986410405747,3101,0,0,52,2,17:33:10,2023-10-09T20:33:10Z,NA
SpC_SR_091023_upstream.xlsx,2023-10-09T21:43:00Z,2023-10-09T21:43:00Z,470.8,26.51,456.9986410405747,NA,NA,NA,NA,NA,SR,upstream,2023-10-09,20835564,2023-10-10T00:43:00Z,456.9986410405747,3101,0,0,52,2,17:33:10,2023-10-09T20:33:10Z,NA
SpC_SR_091023_upstream.xlsx,2023-10-09T21:44:00Z,2023-10-09T21:44:00Z,470.40000000000003,26.51,456.61036691904485,NA,NA,NA,NA,NA,SR,upstream,2023-10-09,20835564,2023-10-10T00:44:00Z,456.61036691904485,3101,0,0,52,2,17:33:10,2023-10-09T20:33:10Z,NA
SpC_SR_091023_upstream.xlsx,2023-10-09T21:45:00Z,2023-10-09T21:45:00Z,470.40000000000003,26.51,456.61036691904485,NA,NA,NA,NA,NA,SR,upstream,2023-10-09,20835564,2023-10-10T00:45:00Z,456.61036691904485,3101,0,0,52,2,17:33:10,2023-10-09T20:33:10Z,NA
SpC_SR_091023_upstream.xlsx,2023-10-09T21:46:00Z,2023-10-09T21:46:00Z,470,26.52,456.13354037267084,NA,NA,NA,NA,NA,SR,upstream,2023-10-09,20835564,2023-10-10T00:46:00Z,456.13354037267084,3101,0,0,52,2,17:33:10,2023-10-09T20:33:10Z,NA
SpC_SR_091023_upstream.xlsx,2023-10-09T21:47:00Z,2023-10-09T21:47:00Z,469.70000000000005,26.51,455.93088720636774,NA,NA,NA,NA,NA,SR,upstream,2023-10-09,20835564,2023-10-10T00:47:00Z,455.93088720636774,3101,0,0,52,2,17:33:10,2023-10-09T20:33:10Z,NA
SpC_SR_091023_upstream.xlsx,2023-10-09T21:48:00Z,2023-10-09T21:48:00Z,469.3,26.51,455.5426130848379,NA,NA,NA,NA,NA,SR,upstream,2023-10-09,20835564,2023-10-10T00:48:00Z,455.5426130848379,3101,0,0,52,2,17:33:10,2023-10-09T20:33:10Z,NA
SpC_SR_091023_upstream.xlsx,2023-10-09T21:49:00Z,2023-10-09T21:49:00Z,468.90000000000003,26.51,455.15433896330813,NA,NA,NA,NA,NA,SR,upstream,2023-10-09,20835564,2023-10-10T00:49:00Z,455.15433896330813,3101,0,0,52,2,17:33:10,2023-10-09T20:33:10Z,NA
SpC_SR_091023_upstream.xlsx,2023-10-09T21:50:00Z,2023-10-09T21:50:00Z,468.5,26.51,454.7660648417783,NA,NA,NA,NA,NA,SR,upstream,2023-10-09,20835564,2023-10-10T00:50:00Z,454.7660648417783,3101,0,0,52,2,17:33:10,2023-10-09T20:33:10Z,NA
SpC_SR_091023_upstream.xlsx,2023-10-09T21:51:00Z,2023-10-09T21:51:00Z,468.5,26.52,454.6777950310559,NA,NA,NA,NA,NA,SR,upstream,2023-10-09,20835564,2023-10-10T00:51:00Z,454.6777950310559,3101,0,0,52,2,17:33:10,2023-10-09T20:33:10Z,NA
SpC_SR_091023_upstream.xlsx,2023-10-09T21:52:00Z,2023-10-09T21:52:00Z,468.5,26.51,454.7660648417783,NA,NA,NA,NA,NA,SR,upstream,2023-10-09,20835564,2023-10-10T00:52:00Z,454.7660648417783,3101,0,0,52,2,17:33:10,2023-10-09T20:33:10Z,NA
SpC_SR_091023_upstream.xlsx,2023-10-09T21:53:00Z,2023-10-09T21:53:00Z,468.1,26.51,454.3777907202485,NA,NA,NA,NA,NA,SR,upstream,2023-10-09,20835564,2023-10-10T00:53:00Z,454.3777907202485,3101,0,0,52,2,17:33:10,2023-10-09T20:33:10Z,NA
SpC_SR_091023_upstream.xlsx,2023-10-09T21:54:00Z,2023-10-09T21:54:00Z,467.8,26.51,454.08658512910114,NA,NA,NA,NA,NA,SR,upstream,2023-10-09,20835564,2023-10-10T00:54:00Z,454.08658512910114,3101,0,0,52,2,17:33:10,2023-10-09T20:33:10Z,NA
SpC_SR_091023_upstream.xlsx,2023-10-09T21:55:00Z,2023-10-09T21:55:00Z,467.8,26.51,454.08658512910114,NA,NA,NA,NA,NA,SR,upstream,2023-10-09,20835564,2023-10-10T00:55:00Z,454.08658512910114,3101,0,0,52,2,17:33:10,2023-10-09T20:33:10Z,NA
SpC_SR_091023_upstream.xlsx,2023-10-09T21:56:00Z,2023-10-09T21:56:00Z,467.8,26.51,454.08658512910114,NA,NA,NA,NA,NA,SR,upstream,2023-10-09,20835564,2023-10-10T00:56:00Z,454.08658512910114,3101,0,0,52,2,17:33:10,2023-10-09T20:33:10Z,NA
SpC_SR_091023_upstream.xlsx,2023-10-09T21:57:00Z,2023-10-09T21:57:00Z,467.8,26.51,454.08658512910114,NA,NA,NA,NA,NA,SR,upstream,2023-10-09,20835564,2023-10-10T00:57:00Z,454.08658512910114,3101,0,0,52,2,17:33:10,2023-10-09T20:33:10Z,NA
SpC_SR_091023_upstream.xlsx,2023-10-09T21:58:00Z,2023-10-09T21:58:00Z,467,26.51,453.31003688604153,NA,NA,NA,NA,NA,SR,upstream,2023-10-09,20835564,2023-10-10T00:58:00Z,453.31003688604153,3101,0,0,52,2,17:33:10,2023-10-09T20:33:10Z,NA
SpC_SR_091023_upstream.xlsx,2023-10-09T21:59:00Z,2023-10-09T21:59:00Z,466.6,26.51,452.92176276451175,NA,NA,NA,NA,NA,SR,upstream,2023-10-09,20835564,2023-10-10T00:59:00Z,452.92176276451175,3101,0,0,52,2,17:33:10,2023-10-09T20:33:10Z,NA
SpC_SR_091023_upstream.xlsx,2023-10-09T22:00:00Z,2023-10-09T22:00:00Z,466.6,26.51,452.92176276451175,NA,NA,NA,NA,NA,SR,upstream,2023-10-09,20835564,2023-10-10T01:00:00Z,452.92176276451175,3101,0,0,52,2,17:33:10,2023-10-09T20:33:10Z,NA
SpC_SR_091023_upstream.xlsx,2023-10-09T22:01:00Z,2023-10-09T22:01:00Z,466.20000000000005,26.51,452.533488642982,NA,NA,NA,NA,NA,SR,upstream,2023-10-09,20835564,2023-10-10T01:01:00Z,452.533488642982,3101,0,0,52,2,17:33:10,2023-10-09T20:33:10Z,NA
SpC_SR_091023_upstream.xlsx,2023-10-09T22:02:00Z,2023-10-09T22:02:00Z,465.90000000000003,26.51,452.24228305183465,NA,NA,NA,NA,NA,SR,upstream,2023-10-09,20835564,2023-10-10T01:02:00Z,452.24228305183465,3101,0,0,52,2,17:33:10,2023-10-09T20:33:10Z,NA
SpC_SR_091023_upstream.xlsx,2023-10-09T22:03:00Z,2023-10-09T22:03:00Z,465.90000000000003,26.51,452.24228305183465,NA,NA,NA,NA,NA,SR,upstream,2023-10-09,20835564,2023-10-10T01:03:00Z,452.24228305183465,3101,0,0,52,2,17:33:10,2023-10-09T20:33:10Z,NA
SpC_SR_091023_upstream.xlsx,2023-10-09T22:04:00Z,2023-10-09T22:04:00Z,465.5,26.51,451.8540089303048,NA,NA,NA,NA,NA,SR,upstream,2023-10-09,20835564,2023-10-10T01:04:00Z,451.8540089303048,3101,0,0,52,2,17:33:10,2023-10-09T20:33:10Z,NA
SpC_SR_091023_upstream.xlsx,2023-10-09T22:05:00Z,2023-10-09T22:05:00Z,465.5,26.51,451.8540089303048,NA,NA,NA,NA,NA,SR,upstream,2023-10-09,20835564,2023-10-10T01:05:00Z,451.8540089303048,3101,0,0,52,2,17:33:10,2023-10-09T20:33:10Z,NA
SpC_SR_091023_upstream.xlsx,2023-10-09T22:06:00Z,2023-10-09T22:06:00Z,465.5,26.51,451.8540089303048,NA,NA,NA,NA,NA,SR,upstream,2023-10-09,20835564,2023-10-10T01:06:00Z,451.8540089303048,3101,0,0,52,2,17:33:10,2023-10-09T20:33:10Z,NA
SpC_SR_091023_upstream.xlsx,2023-10-09T22:07:00Z,2023-10-09T22:07:00Z,465.5,26.51,451.8540089303048,NA,NA,NA,NA,NA,SR,upstream,2023-10-09,20835564,2023-10-10T01:07:00Z,451.8540089303048,3101,0,0,52,2,17:33:10,2023-10-09T20:33:10Z,NA
SpC_SR_091023_upstream.xlsx,2023-10-09T22:08:00Z,2023-10-09T22:08:00Z,465.1,26.51,451.46573480877504,NA,NA,NA,NA,NA,SR,upstream,2023-10-09,20835564,2023-10-10T01:08:00Z,451.46573480877504,3101,0,0,52,2,17:33:10,2023-10-09T20:33:10Z,NA
SpC_SR_091023_upstream.xlsx,2023-10-09T22:09:00Z,2023-10-09T22:09:00Z,465.1,26.51,451.46573480877504,NA,NA,NA,NA,NA,SR,upstream,2023-10-09,20835564,2023-10-10T01:09:00Z,451.46573480877504,3101,0,0,52,2,17:33:10,2023-10-09T20:33:10Z,NA
SpC_SR_091023_upstream.xlsx,2023-10-09T22:10:00Z,2023-10-09T22:10:00Z,464.70000000000005,26.5,451.16504854368935,NA,NA,NA,NA,NA,SR,upstream,2023-10-09,20835564,2023-10-10T01:10:00Z,451.16504854368935,3101,0,0,52,2,17:33:10,2023-10-09T20:33:10Z,NA
SpC_SR_091023_upstream.xlsx,2023-10-09T22:11:00Z,2023-10-09T22:11:00Z,464.3,26.5,450.77669902912623,NA,NA,NA,NA,NA,SR,upstream,2023-10-09,20835564,2023-10-10T01:11:00Z,450.77669902912623,3101,0,0,52,2,17:33:10,2023-10-09T20:33:10Z,NA
SpC_SR_091023_upstream.xlsx,2023-10-09T22:12:00Z,2023-10-09T22:12:00Z,464.3,26.5,450.77669902912623,NA,NA,NA,NA,NA,SR,upstream,2023-10-09,20835564,2023-10-10T01:12:00Z,450.77669902912623,3101,0,0,52,2,17:33:10,2023-10-09T20:33:10Z,NA
SpC_SR_091023_upstream.xlsx,2023-10-09T22:13:00Z,2023-10-09T22:13:00Z,464.3,26.5,450.77669902912623,NA,NA,NA,NA,NA,SR,upstream,2023-10-09,20835564,2023-10-10T01:13:00Z,450.77669902912623,3101,0,0,52,2,17:33:10,2023-10-09T20:33:10Z,NA
SpC_SR_091023_upstream.xlsx,2023-10-09T22:14:00Z,2023-10-09T22:14:00Z,464,26.5,450.4854368932039,NA,NA,NA,NA,NA,SR,upstream,2023-10-09,20835564,2023-10-10T01:14:00Z,450.4854368932039,3101,0,0,52,2,17:33:10,2023-10-09T20:33:10Z,NA
SpC_SR_091023_upstream.xlsx,2023-10-09T22:15:00Z,2023-10-09T22:15:00Z,464.3,26.5,450.77669902912623,NA,NA,NA,NA,NA,SR,upstream,2023-10-09,20835564,2023-10-10T01:15:00Z,450.77669902912623,3101,0,0,52,2,17:33:10,2023-10-09T20:33:10Z,NA
SpC_SR_091023_upstream.xlsx,2023-10-09T22:16:00Z,2023-10-09T22:16:00Z,464,26.5,450.4854368932039,NA,NA,NA,NA,NA,SR,upstream,2023-10-09,20835564,2023-10-10T01:16:00Z,450.4854368932039,3101,0,0,52,2,17:33:10,2023-10-09T20:33:10Z,NA
SpC_SR_091023_upstream.xlsx,2023-10-09T22:17:00Z,2023-10-09T22:17:00Z,463.6,26.5,450.09708737864077,NA,NA,NA,NA,NA,SR,upstream,2023-10-09,20835564,2023-10-10T01:17:00Z,450.09708737864077,3101,0,0,52,2,17:33:10,2023-10-09T20:33:10Z,NA
SpC_SR_091023_upstream.xlsx,2023-10-09T22:18:00Z,2023-10-09T22:18:00Z,463.6,26.5,450.09708737864077,NA,NA,NA,NA,NA,SR,upstream,2023-10-09,20835564,2023-10-10T01:18:00Z,450.09708737864077,3101,0,0,52,2,17:33:10,2023-10-09T20:33:10Z,NA
SpC_SR_091023_upstream.xlsx,2023-10-09T22:19:00Z,2023-10-09T22:19:00Z,463.20000000000005,26.5,449.7087378640777,NA,NA,NA,NA,NA,SR,upstream,2023-10-09,20835564,2023-10-10T01:19:00Z,449.7087378640777,3101,0,0,52,2,17:33:10,2023-10-09T20:33:10Z,NA
SpC_SR_091023_upstream.xlsx,2023-10-09T22:20:00Z,2023-10-09T22:20:00Z,462.8,26.5,449.3203883495146,NA,NA,NA,NA,NA,SR,upstream,2023-10-09,20835564,2023-10-10T01:20:00Z,449.3203883495146,3101,0,0,52,2,17:33:10,2023-10-09T20:33:10Z,NA
SpC_SR_091023_upstream.xlsx,2023-10-09T22:21:00Z,2023-10-09T22:21:00Z,462.8,26.5,449.3203883495146,NA,NA,NA,NA,NA,SR,upstream,2023-10-09,20835564,2023-10-10T01:21:00Z,449.3203883495146,3101,0,0,52,2,17:33:10,2023-10-09T20:33:10Z,NA
SpC_SR_091023_upstream.xlsx,2023-10-09T22:22:00Z,2023-10-09T22:22:00Z,462.8,26.5,449.3203883495146,NA,NA,NA,NA,NA,SR,upstream,2023-10-09,20835564,2023-10-10T01:22:00Z,449.3203883495146,3101,0,0,52,2,17:33:10,2023-10-09T20:33:10Z,NA
SpC_SR_091023_upstream.xlsx,2023-10-09T22:23:00Z,2023-10-09T22:23:00Z,462.8,26.5,449.3203883495146,NA,NA,NA,NA,NA,SR,upstream,2023-10-09,20835564,2023-10-10T01:23:00Z,449.3203883495146,3101,0,0,52,2,17:33:10,2023-10-09T20:33:10Z,NA
SpC_SR_091023_upstream.xlsx,2023-10-09T22:24:00Z,2023-10-09T22:24:00Z,462.8,26.5,449.3203883495146,NA,NA,NA,NA,NA,SR,upstream,2023-10-09,20835564,2023-10-10T01:24:00Z,449.3203883495146,3101,0,0,52,2,17:33:10,2023-10-09T20:33:10Z,NA
SpC_SR_091023_upstream.xlsx,2023-10-09T22:25:00Z,2023-10-09T22:25:00Z,462.5,26.490000000000002,449.11633326859584,NA,NA,NA,NA,NA,SR,upstream,2023-10-09,20835564,2023-10-10T01:25:00Z,449.11633326859584,3101,0,0,52,2,17:33:10,2023-10-09T20:33:10Z,NA
SpC_SR_091023_upstream.xlsx,2023-10-09T22:26:00Z,2023-10-09T22:26:00Z,462.40000000000003,26.5,448.93203883495147,NA,NA,NA,NA,NA,SR,upstream,2023-10-09,20835564,2023-10-10T01:26:00Z,448.93203883495147,3101,0,0,52,2,17:33:10,2023-10-09T20:33:10Z,NA
SpC_SR_091023_upstream.xlsx,2023-10-09T22:27:00Z,2023-10-09T22:27:00Z,462.40000000000003,26.5,448.93203883495147,NA,NA,NA,NA,NA,SR,upstream,2023-10-09,20835564,2023-10-10T01:27:00Z,448.93203883495147,3101,0,0,52,2,17:33:10,2023-10-09T20:33:10Z,NA
SpC_SR_091023_upstream.xlsx,2023-10-09T22:28:00Z,2023-10-09T22:28:00Z,462.5,26.490000000000002,449.11633326859584,NA,NA,NA,NA,NA,SR,upstream,2023-10-09,20835564,2023-10-10T01:28:00Z,449.11633326859584,3101,0,0,52,2,17:33:10,2023-10-09T20:33:10Z,NA
SpC_SR_091023_upstream.xlsx,2023-10-09T22:29:00Z,2023-10-09T22:29:00Z,462.40000000000003,26.5,448.93203883495147,NA,NA,NA,NA,NA,SR,upstream,2023-10-09,20835564,2023-10-10T01:29:00Z,448.93203883495147,3101,0,0,52,2,17:33:10,2023-10-09T20:33:10Z,NA
SpC_SR_091023_upstream.xlsx,2023-10-09T22:30:00Z,2023-10-09T22:30:00Z,462.1,26.5,448.6407766990291,NA,NA,NA,NA,NA,SR,upstream,2023-10-09,20835564,2023-10-10T01:30:00Z,448.6407766990291,3101,0,0,52,2,17:33:10,2023-10-09T20:33:10Z,NA
SpC_SR_091023_upstream.xlsx,2023-10-09T22:31:00Z,2023-10-09T22:31:00Z,461.70000000000005,26.5,448.25242718446606,NA,NA,NA,NA,NA,SR,upstream,2023-10-09,20835564,2023-10-10T01:31:00Z,448.25242718446606,3101,0,0,52,2,17:33:10,2023-10-09T20:33:10Z,NA
SpC_SR_091023_upstream.xlsx,2023-10-09T22:32:00Z,2023-10-09T22:32:00Z,461.70000000000005,26.490000000000002,448.33948339483396,NA,NA,NA,NA,NA,SR,upstream,2023-10-09,20835564,2023-10-10T01:32:00Z,448.33948339483396,3101,0,0,52,2,17:33:10,2023-10-09T20:33:10Z,NA
SpC_SR_091023_upstream.xlsx,2023-10-09T22:33:00Z,2023-10-09T22:33:00Z,461.70000000000005,26.5,448.25242718446606,NA,NA,NA,NA,NA,SR,upstream,2023-10-09,20835564,2023-10-10T01:33:00Z,448.25242718446606,3101,0,0,52,2,17:33:10,2023-10-09T20:33:10Z,NA
SpC_SR_091023_upstream.xlsx,2023-10-09T22:34:00Z,2023-10-09T22:34:00Z,461.70000000000005,26.5,448.25242718446606,NA,NA,NA,NA,NA,SR,upstream,2023-10-09,20835564,2023-10-10T01:34:00Z,448.25242718446606,3101,0,0,52,2,17:33:10,2023-10-09T20:33:10Z,NA
SpC_SR_091023_upstream.xlsx,2023-10-09T22:35:00Z,2023-10-09T22:35:00Z,461.70000000000005,26.490000000000002,448.33948339483396,NA,NA,NA,NA,NA,SR,upstream,2023-10-09,20835564,2023-10-10T01:35:00Z,448.33948339483396,3101,0,0,52,2,17:33:10,2023-10-09T20:33:10Z,NA
SpC_SR_091023_upstream.xlsx,2023-10-09T22:36:00Z,2023-10-09T22:36:00Z,461.3,26.490000000000002,447.95105845795297,NA,NA,NA,NA,NA,SR,upstream,2023-10-09,20835564,2023-10-10T01:36:00Z,447.95105845795297,3101,0,0,52,2,17:33:10,2023-10-09T20:33:10Z,NA
SpC_SR_091023_upstream.xlsx,2023-10-09T22:37:00Z,2023-10-09T22:37:00Z,461.70000000000005,26.490000000000002,448.33948339483396,NA,NA,NA,NA,NA,SR,upstream,2023-10-09,20835564,2023-10-10T01:37:00Z,448.33948339483396,3101,0,0,52,2,17:33:10,2023-10-09T20:33:10Z,NA
SpC_SR_091023_upstream.xlsx,2023-10-09T22:38:00Z,2023-10-09T22:38:00Z,461.3,26.490000000000002,447.95105845795297,NA,NA,NA,NA,NA,SR,upstream,2023-10-09,20835564,2023-10-10T01:38:00Z,447.95105845795297,3101,0,0,52,2,17:33:10,2023-10-09T20:33:10Z,NA
SpC_SR_091023_upstream.xlsx,2023-10-09T22:39:00Z,2023-10-09T22:39:00Z,461.3,26.490000000000002,447.95105845795297,NA,NA,NA,NA,NA,SR,upstream,2023-10-09,20835564,2023-10-10T01:39:00Z,447.95105845795297,3101,0,0,52,2,17:33:10,2023-10-09T20:33:10Z,NA
SpC_SR_091023_upstream.xlsx,2023-10-09T22:40:00Z,2023-10-09T22:40:00Z,460.90000000000003,26.490000000000002,447.5626335210721,NA,NA,NA,NA,NA,SR,upstream,2023-10-09,20835564,2023-10-10T01:40:00Z,447.5626335210721,3101,0,0,52,2,17:33:10,2023-10-09T20:33:10Z,NA
SpC_SR_091023_upstream.xlsx,2023-10-09T22:41:00Z,2023-10-09T22:41:00Z,460.90000000000003,26.47,447.73654556052077,NA,NA,NA,NA,NA,SR,upstream,2023-10-09,20835564,2023-10-10T01:41:00Z,447.73654556052077,3101,0,0,52,2,17:33:10,2023-10-09T20:33:10Z,NA
SpC_SR_091023_upstream.xlsx,2023-10-09T22:42:00Z,2023-10-09T22:42:00Z,461.3,26.490000000000002,447.95105845795297,NA,NA,NA,NA,NA,SR,upstream,2023-10-09,20835564,2023-10-10T01:42:00Z,447.95105845795297,3101,0,0,52,2,17:33:10,2023-10-09T20:33:10Z,NA
SpC_SR_091023_upstream.xlsx,2023-10-09T22:43:00Z,2023-10-09T22:43:00Z,460.5,26.490000000000002,447.1742085841911,NA,NA,NA,NA,NA,SR,upstream,2023-10-09,20835564,2023-10-10T01:43:00Z,447.1742085841911,3101,0,0,52,2,17:33:10,2023-10-09T20:33:10Z,NA
SpC_SR_091023_upstream.xlsx,2023-10-09T22:44:00Z,2023-10-09T22:44:00Z,460.5,26.490000000000002,447.1742085841911,NA,NA,NA,NA,NA,SR,upstream,2023-10-09,20835564,2023-10-10T01:44:00Z,447.1742085841911,3101,0,0,52,2,17:33:10,2023-10-09T20:33:10Z,NA
SpC_SR_091023_upstream.xlsx,2023-10-09T22:45:00Z,2023-10-09T22:45:00Z,460.90000000000003,26.47,447.73654556052077,NA,NA,NA,NA,NA,SR,upstream,2023-10-09,20835564,2023-10-10T01:45:00Z,447.73654556052077,3101,0,0,52,2,17:33:10,2023-10-09T20:33:10Z,NA
SpC_SR_091023_upstream.xlsx,2023-10-09T22:46:00Z,2023-10-09T22:46:00Z,460.6,26.47,447.44511365844187,NA,NA,NA,NA,NA,SR,upstream,2023-10-09,20835564,2023-10-10T01:46:00Z,447.44511365844187,3101,0,0,52,2,17:33:10,2023-10-09T20:33:10Z,NA
SpC_SR_091023_upstream.xlsx,2023-10-09T22:47:00Z,2023-10-09T22:47:00Z,460.6,26.47,447.44511365844187,NA,NA,NA,NA,NA,SR,upstream,2023-10-09,20835564,2023-10-10T01:47:00Z,447.44511365844187,3101,0,0,52,2,17:33:10,2023-10-09T20:33:10Z,NA
SpC_SR_091023_upstream.xlsx,2023-10-09T22:48:00Z,2023-10-09T22:48:00Z,460.6,26.47,447.44511365844187,NA,NA,NA,NA,NA,SR,upstream,2023-10-09,20835564,2023-10-10T01:48:00Z,447.44511365844187,3101,0,0,52,2,17:33:10,2023-10-09T20:33:10Z,NA
SpC_SR_091023_upstream.xlsx,2023-10-09T22:49:00Z,2023-10-09T22:49:00Z,460.20000000000005,26.47,447.0565377890034,NA,NA,NA,NA,NA,SR,upstream,2023-10-09,20835564,2023-10-10T01:49:00Z,447.0565377890034,3101,0,0,52,2,17:33:10,2023-10-09T20:33:10Z,NA
SpC_SR_091023_upstream.xlsx,2023-10-09T22:50:00Z,2023-10-09T22:50:00Z,460.5,26.490000000000002,447.1742085841911,NA,NA,NA,NA,NA,SR,upstream,2023-10-09,20835564,2023-10-10T01:50:00Z,447.1742085841911,3101,0,0,52,2,17:33:10,2023-10-09T20:33:10Z,NA
SpC_SR_091023_upstream.xlsx,2023-10-09T22:51:00Z,2023-10-09T22:51:00Z,460.20000000000005,26.47,447.0565377890034,NA,NA,NA,NA,NA,SR,upstream,2023-10-09,20835564,2023-10-10T01:51:00Z,447.0565377890034,3101,0,0,52,2,17:33:10,2023-10-09T20:33:10Z,NA
SpC_SR_091023_upstream.xlsx,2023-10-09T22:52:00Z,2023-10-09T22:52:00Z,459.8,26.47,446.66796191956485,NA,NA,NA,NA,NA,SR,upstream,2023-10-09,20835564,2023-10-10T01:52:00Z,446.66796191956485,3101,0,0,52,2,17:33:10,2023-10-09T20:33:10Z,NA
SpC_SR_091023_upstream.xlsx,2023-10-09T22:53:00Z,2023-10-09T22:53:00Z,460.20000000000005,26.47,447.0565377890034,NA,NA,NA,NA,NA,SR,upstream,2023-10-09,20835564,2023-10-10T01:53:00Z,447.0565377890034,3101,0,0,52,2,17:33:10,2023-10-09T20:33:10Z,NA
SpC_SR_091023_upstream.xlsx,2023-10-09T22:54:00Z,2023-10-09T22:54:00Z,459.8,26.47,446.66796191956485,NA,NA,NA,NA,NA,SR,upstream,2023-10-09,20835564,2023-10-10T01:54:00Z,446.66796191956485,3101,0,0,52,2,17:33:10,2023-10-09T20:33:10Z,NA
SpC_SR_091023_upstream.xlsx,2023-10-09T22:55:00Z,2023-10-09T22:55:00Z,459.40000000000003,26.46,446.3661095996891,NA,NA,NA,NA,NA,SR,upstream,2023-10-09,20835564,2023-10-10T01:55:00Z,446.3661095996891,3101,0,0,52,2,17:33:10,2023-10-09T20:33:10Z,NA
SpC_SR_091023_upstream.xlsx,2023-10-09T22:56:00Z,2023-10-09T22:56:00Z,459.40000000000003,26.47,446.2793860501264,NA,NA,NA,NA,NA,SR,upstream,2023-10-09,20835564,2023-10-10T01:56:00Z,446.2793860501264,3101,0,0,52,2,17:33:10,2023-10-09T20:33:10Z,NA
SpC_SR_091023_upstream.xlsx,2023-10-09T22:57:00Z,2023-10-09T22:57:00Z,459.40000000000003,26.47,446.2793860501264,NA,NA,NA,NA,NA,SR,upstream,2023-10-09,20835564,2023-10-10T01:57:00Z,446.2793860501264,3101,0,0,52,2,17:33:10,2023-10-09T20:33:10Z,NA
SpC_SR_091023_upstream.xlsx,2023-10-09T22:58:00Z,2023-10-09T22:58:00Z,459.40000000000003,26.47,446.2793860501264,NA,NA,NA,NA,NA,SR,upstream,2023-10-09,20835564,2023-10-10T01:58:00Z,446.2793860501264,3101,0,0,52,2,17:33:10,2023-10-09T20:33:10Z,NA
SpC_SR_091023_upstream.xlsx,2023-10-09T22:59:00Z,2023-10-09T22:59:00Z,459.40000000000003,26.46,446.3661095996891,NA,NA,NA,NA,NA,SR,upstream,2023-10-09,20835564,2023-10-10T01:59:00Z,446.3661095996891,3101,0,0,52,2,17:33:10,2023-10-09T20:33:10Z,NA
SpC_SR_091023_upstream.xlsx,2023-10-09T23:00:00Z,2023-10-09T23:00:00Z,459.40000000000003,26.46,446.3661095996891,NA,NA,NA,NA,NA,SR,upstream,2023-10-09,20835564,2023-10-10T02:00:00Z,446.3661095996891,3101,0,0,52,2,17:33:10,2023-10-09T20:33:10Z,NA
SpC_SR_091023_upstream.xlsx,2023-10-09T23:01:00Z,2023-10-09T23:01:00Z,459.40000000000003,26.47,446.2793860501264,NA,NA,NA,NA,NA,SR,upstream,2023-10-09,20835564,2023-10-10T02:01:00Z,446.2793860501264,3101,0,0,52,2,17:33:10,2023-10-09T20:33:10Z,NA
SpC_SR_091023_upstream.xlsx,2023-10-09T23:02:00Z,2023-10-09T23:02:00Z,459,26.46,445.97745821997665,NA,NA,NA,NA,NA,SR,upstream,2023-10-09,20835564,2023-10-10T02:02:00Z,445.97745821997665,3101,0,0,52,2,17:33:10,2023-10-09T20:33:10Z,NA
SpC_SR_091023_upstream.xlsx,2023-10-09T23:03:00Z,2023-10-09T23:03:00Z,459,26.47,445.8908101806878,NA,NA,NA,NA,NA,SR,upstream,2023-10-09,20835564,2023-10-10T02:03:00Z,445.8908101806878,3101,0,0,52,2,17:33:10,2023-10-09T20:33:10Z,NA
SpC_SR_091023_upstream.xlsx,2023-10-09T23:04:00Z,2023-10-09T23:04:00Z,459,26.46,445.97745821997665,NA,NA,NA,NA,NA,SR,upstream,2023-10-09,20835564,2023-10-10T02:04:00Z,445.97745821997665,3101,0,0,52,2,17:33:10,2023-10-09T20:33:10Z,NA
SpC_SR_091023_upstream.xlsx,2023-10-09T23:05:00Z,2023-10-09T23:05:00Z,459,26.46,445.97745821997665,NA,NA,NA,NA,NA,SR,upstream,2023-10-09,20835564,2023-10-10T02:05:00Z,445.97745821997665,3101,0,0,52,2,17:33:10,2023-10-09T20:33:10Z,NA
SpC_SR_091023_upstream.xlsx,2023-10-09T23:06:00Z,2023-10-09T23:06:00Z,459,26.47,445.8908101806878,NA,NA,NA,NA,NA,SR,upstream,2023-10-09,20835564,2023-10-10T02:06:00Z,445.8908101806878,3101,0,0,52,2,17:33:10,2023-10-09T20:33:10Z,NA
SpC_SR_091023_upstream.xlsx,2023-10-09T23:07:00Z,2023-10-09T23:07:00Z,459,26.46,445.97745821997665,NA,NA,NA,NA,NA,SR,upstream,2023-10-09,20835564,2023-10-10T02:07:00Z,445.97745821997665,3101,0,0,52,2,17:33:10,2023-10-09T20:33:10Z,NA
SpC_SR_091023_upstream.xlsx,2023-10-09T23:08:00Z,2023-10-09T23:08:00Z,459,26.46,445.97745821997665,NA,NA,NA,NA,NA,SR,upstream,2023-10-09,20835564,2023-10-10T02:08:00Z,445.97745821997665,3101,0,0,52,2,17:33:10,2023-10-09T20:33:10Z,NA
SpC_SR_091023_upstream.xlsx,2023-10-09T23:09:00Z,2023-10-09T23:09:00Z,458.70000000000005,26.46,445.6859696851924,NA,NA,NA,NA,NA,SR,upstream,2023-10-09,20835564,2023-10-10T02:09:00Z,445.6859696851924,3101,0,0,52,2,17:33:10,2023-10-09T20:33:10Z,NA
SpC_SR_091023_upstream.xlsx,2023-10-09T23:10:00Z,2023-10-09T23:10:00Z,459,26.46,445.97745821997665,NA,NA,NA,NA,NA,SR,upstream,2023-10-09,20835564,2023-10-10T02:10:00Z,445.97745821997665,3101,0,0,52,2,17:33:10,2023-10-09T20:33:10Z,NA
SpC_SR_091023_upstream.xlsx,2023-10-09T23:11:00Z,2023-10-09T23:11:00Z,458.70000000000005,26.46,445.6859696851924,NA,NA,NA,NA,NA,SR,upstream,2023-10-09,20835564,2023-10-10T02:11:00Z,445.6859696851924,3101,0,0,52,2,17:33:10,2023-10-09T20:33:10Z,NA
SpC_SR_091023_upstream.xlsx,2023-10-09T23:12:00Z,2023-10-09T23:12:00Z,458.70000000000005,26.46,445.6859696851924,NA,NA,NA,NA,NA,SR,upstream,2023-10-09,20835564,2023-10-10T02:12:00Z,445.6859696851924,3101,0,0,52,2,17:33:10,2023-10-09T20:33:10Z,NA
SpC_SR_091023_upstream.xlsx,2023-10-09T23:13:00Z,2023-10-09T23:13:00Z,458.70000000000005,26.46,445.6859696851924,NA,NA,NA,NA,NA,SR,upstream,2023-10-09,20835564,2023-10-10T02:13:00Z,445.6859696851924,3101,0,0,52,2,17:33:10,2023-10-09T20:33:10Z,NA
SpC_SR_091023_upstream.xlsx,2023-10-09T23:14:00Z,2023-10-09T23:14:00Z,458.70000000000005,26.46,445.6859696851924,NA,NA,NA,NA,NA,SR,upstream,2023-10-09,20835564,2023-10-10T02:14:00Z,445.6859696851924,3101,0,0,52,2,17:33:10,2023-10-09T20:33:10Z,NA
SpC_SR_091023_upstream.xlsx,2023-10-09T23:15:00Z,2023-10-09T23:15:00Z,458.70000000000005,26.46,445.6859696851924,NA,NA,NA,NA,NA,SR,upstream,2023-10-09,20835564,2023-10-10T02:15:00Z,445.6859696851924,3101,0,0,52,2,17:33:10,2023-10-09T20:33:10Z,NA
SpC_SR_091023_upstream.xlsx,2023-10-09T23:16:00Z,2023-10-09T23:16:00Z,458.3,26.46,445.29731830547996,NA,NA,NA,NA,NA,SR,upstream,2023-10-09,20835564,2023-10-10T02:16:00Z,445.29731830547996,3101,0,0,52,2,17:33:10,2023-10-09T20:33:10Z,NA
SpC_SR_091023_upstream.xlsx,2023-10-09T23:17:00Z,2023-10-09T23:17:00Z,458.3,26.46,445.29731830547996,NA,NA,NA,NA,NA,SR,upstream,2023-10-09,20835564,2023-10-10T02:17:00Z,445.29731830547996,3101,0,0,52,2,17:33:10,2023-10-09T20:33:10Z,NA
SpC_SR_091023_upstream.xlsx,2023-10-09T23:18:00Z,2023-10-09T23:18:00Z,458.3,26.46,445.29731830547996,NA,NA,NA,NA,NA,SR,upstream,2023-10-09,20835564,2023-10-10T02:18:00Z,445.29731830547996,3101,0,0,52,2,17:33:10,2023-10-09T20:33:10Z,NA
SpC_SR_091023_upstream.xlsx,2023-10-09T23:19:00Z,2023-10-09T23:19:00Z,458.3,26.46,445.29731830547996,NA,NA,NA,NA,NA,SR,upstream,2023-10-09,20835564,2023-10-10T02:19:00Z,445.29731830547996,3101,0,0,52,2,17:33:10,2023-10-09T20:33:10Z,NA
SpC_SR_091023_upstream.xlsx,2023-10-09T23:20:00Z,2023-10-09T23:20:00Z,457.90000000000003,26.45,444.99514091350835,NA,NA,NA,NA,NA,SR,upstream,2023-10-09,20835564,2023-10-10T02:20:00Z,444.99514091350835,3101,0,0,52,2,17:33:10,2023-10-09T20:33:10Z,NA
SpC_SR_091023_upstream.xlsx,2023-10-09T23:21:00Z,2023-10-09T23:21:00Z,458.3,26.46,445.29731830547996,NA,NA,NA,NA,NA,SR,upstream,2023-10-09,20835564,2023-10-10T02:21:00Z,445.29731830547996,3101,0,0,52,2,17:33:10,2023-10-09T20:33:10Z,NA
SpC_SR_091023_upstream.xlsx,2023-10-09T23:22:00Z,2023-10-09T23:22:00Z,457.90000000000003,26.46,444.9086669257676,NA,NA,NA,NA,NA,SR,upstream,2023-10-09,20835564,2023-10-10T02:22:00Z,444.9086669257676,3101,0,0,52,2,17:33:10,2023-10-09T20:33:10Z,NA
SpC_SR_091023_upstream.xlsx,2023-10-09T23:23:00Z,2023-10-09T23:23:00Z,457.90000000000003,26.46,444.9086669257676,NA,NA,NA,NA,NA,SR,upstream,2023-10-09,20835564,2023-10-10T02:23:00Z,444.9086669257676,3101,0,0,52,2,17:33:10,2023-10-09T20:33:10Z,NA
SpC_SR_091023_upstream.xlsx,2023-10-09T23:24:00Z,2023-10-09T23:24:00Z,457.5,26.45,444.60641399416915,NA,NA,NA,NA,NA,SR,upstream,2023-10-09,20835564,2023-10-10T02:24:00Z,444.60641399416915,3101,0,0,52,2,17:33:10,2023-10-09T20:33:10Z,NA
SpC_SR_091023_upstream.xlsx,2023-10-09T23:25:00Z,2023-10-09T23:25:00Z,457.90000000000003,26.46,444.9086669257676,NA,NA,NA,NA,NA,SR,upstream,2023-10-09,20835564,2023-10-10T02:25:00Z,444.9086669257676,3101,0,0,52,2,17:33:10,2023-10-09T20:33:10Z,NA
SpC_SR_091023_upstream.xlsx,2023-10-09T23:26:00Z,2023-10-09T23:26:00Z,457.5,26.45,444.60641399416915,NA,NA,NA,NA,NA,SR,upstream,2023-10-09,20835564,2023-10-10T02:26:00Z,444.60641399416915,3101,0,0,52,2,17:33:10,2023-10-09T20:33:10Z,NA
SpC_SR_091023_upstream.xlsx,2023-10-09T23:27:00Z,2023-10-09T23:27:00Z,457.5,26.45,444.60641399416915,NA,NA,NA,NA,NA,SR,upstream,2023-10-09,20835564,2023-10-10T02:27:00Z,444.60641399416915,3101,0,0,52,2,17:33:10,2023-10-09T20:33:10Z,NA
SpC_SR_091023_upstream.xlsx,2023-10-09T23:28:00Z,2023-10-09T23:28:00Z,457.5,26.45,444.60641399416915,NA,NA,NA,NA,NA,SR,upstream,2023-10-09,20835564,2023-10-10T02:28:00Z,444.60641399416915,3101,0,0,52,2,17:33:10,2023-10-09T20:33:10Z,NA
SpC_SR_091023_upstream.xlsx,2023-10-09T23:29:00Z,2023-10-09T23:29:00Z,457.5,26.45,444.60641399416915,NA,NA,NA,NA,NA,SR,upstream,2023-10-09,20835564,2023-10-10T02:29:00Z,444.60641399416915,3101,0,0,52,2,17:33:10,2023-10-09T20:33:10Z,NA
SpC_SR_091023_upstream.xlsx,2023-10-09T23:30:00Z,2023-10-09T23:30:00Z,457.5,26.45,444.60641399416915,NA,NA,NA,NA,NA,SR,upstream,2023-10-09,20835564,2023-10-10T02:30:00Z,444.60641399416915,3101,0,0,52,2,17:33:10,2023-10-09T20:33:10Z,NA
SpC_SR_091023_upstream.xlsx,2023-10-09T23:31:00Z,2023-10-09T23:31:00Z,457.1,26.45,444.21768707483,NA,NA,NA,NA,NA,SR,upstream,2023-10-09,20835564,2023-10-10T02:31:00Z,444.21768707483,3101,0,0,52,2,17:33:10,2023-10-09T20:33:10Z,NA
SpC_SR_091023_upstream.xlsx,2023-10-09T23:32:00Z,2023-10-09T23:32:00Z,457.1,26.45,444.21768707483,NA,NA,NA,NA,NA,SR,upstream,2023-10-09,20835564,2023-10-10T02:32:00Z,444.21768707483,3101,0,0,52,2,17:33:10,2023-10-09T20:33:10Z,NA
SpC_SR_091023_upstream.xlsx,2023-10-09T23:33:00Z,2023-10-09T23:33:00Z,457.1,26.45,444.21768707483,NA,NA,NA,NA,NA,SR,upstream,2023-10-09,20835564,2023-10-10T02:33:00Z,444.21768707483,3101,0,0,52,2,17:33:10,2023-10-09T20:33:10Z,NA
SpC_SR_091023_upstream.xlsx,2023-10-09T23:34:00Z,2023-10-09T23:34:00Z,457.1,26.45,444.21768707483,NA,NA,NA,NA,NA,SR,upstream,2023-10-09,20835564,2023-10-10T02:34:00Z,444.21768707483,3101,0,0,52,2,17:33:10,2023-10-09T20:33:10Z,NA
SpC_SR_091023_upstream.xlsx,2023-10-09T23:35:00Z,2023-10-09T23:35:00Z,457.1,26.45,444.21768707483,NA,NA,NA,NA,NA,SR,upstream,2023-10-09,20835564,2023-10-10T02:35:00Z,444.21768707483,3101,0,0,52,2,17:33:10,2023-10-09T20:33:10Z,NA
SpC_SR_091023_upstream.xlsx,2023-10-09T23:36:00Z,2023-10-09T23:36:00Z,457.1,26.45,444.21768707483,NA,NA,NA,NA,NA,SR,upstream,2023-10-09,20835564,2023-10-10T02:36:00Z,444.21768707483,3101,0,0,52,2,17:33:10,2023-10-09T20:33:10Z,NA
SpC_SR_091023_upstream.xlsx,2023-10-09T23:37:00Z,2023-10-09T23:37:00Z,457.1,26.45,444.21768707483,NA,NA,NA,NA,NA,SR,upstream,2023-10-09,20835564,2023-10-10T02:37:00Z,444.21768707483,3101,0,0,52,2,17:33:10,2023-10-09T20:33:10Z,NA
SpC_SR_091023_upstream.xlsx,2023-10-09T23:38:00Z,2023-10-09T23:38:00Z,457.1,26.45,444.21768707483,NA,NA,NA,NA,NA,SR,upstream,2023-10-09,20835564,2023-10-10T02:38:00Z,444.21768707483,3101,0,0,52,2,17:33:10,2023-10-09T20:33:10Z,NA
SpC_SR_091023_upstream.xlsx,2023-10-09T23:39:00Z,2023-10-09T23:39:00Z,456.8,26.45,443.9261418853256,NA,NA,NA,NA,NA,SR,upstream,2023-10-09,20835564,2023-10-10T02:39:00Z,443.9261418853256,3101,0,0,52,2,17:33:10,2023-10-09T20:33:10Z,NA
SpC_SR_091023_upstream.xlsx,2023-10-09T23:40:00Z,2023-10-09T23:40:00Z,457.1,26.45,444.21768707483,NA,NA,NA,NA,NA,SR,upstream,2023-10-09,20835564,2023-10-10T02:40:00Z,444.21768707483,3101,0,0,52,2,17:33:10,2023-10-09T20:33:10Z,NA
SpC_SR_091023_upstream.xlsx,2023-10-09T23:41:00Z,2023-10-09T23:41:00Z,456.8,26.45,443.9261418853256,NA,NA,NA,NA,NA,SR,upstream,2023-10-09,20835564,2023-10-10T02:41:00Z,443.9261418853256,3101,0,0,52,2,17:33:10,2023-10-09T20:33:10Z,NA
SpC_SR_091023_upstream.xlsx,2023-10-09T23:42:00Z,2023-10-09T23:42:00Z,456.8,26.45,443.9261418853256,NA,NA,NA,NA,NA,SR,upstream,2023-10-09,20835564,2023-10-10T02:42:00Z,443.9261418853256,3101,0,0,52,2,17:33:10,2023-10-09T20:33:10Z,NA
SpC_SR_091023_upstream.xlsx,2023-10-09T23:43:00Z,2023-10-09T23:43:00Z,456.8,26.45,443.9261418853256,NA,NA,NA,NA,NA,SR,upstream,2023-10-09,20835564,2023-10-10T02:43:00Z,443.9261418853256,3101,0,0,52,2,17:33:10,2023-10-09T20:33:10Z,NA
SpC_SR_091023_upstream.xlsx,2023-10-09T23:44:00Z,2023-10-09T23:44:00Z,456.8,26.45,443.9261418853256,NA,NA,NA,NA,NA,SR,upstream,2023-10-09,20835564,2023-10-10T02:44:00Z,443.9261418853256,3101,0,0,52,2,17:33:10,2023-10-09T20:33:10Z,NA
SpC_SR_091023_upstream.xlsx,2023-10-09T23:45:00Z,2023-10-09T23:45:00Z,456.40000000000003,26.45,443.53741496598644,NA,NA,NA,NA,NA,SR,upstream,2023-10-09,20835564,2023-10-10T02:45:00Z,443.53741496598644,3101,0,0,52,2,17:33:10,2023-10-09T20:33:10Z,NA
SpC_SR_091023_upstream.xlsx,2023-10-09T23:46:00Z,2023-10-09T23:46:00Z,456.8,26.45,443.9261418853256,NA,NA,NA,NA,NA,SR,upstream,2023-10-09,20835564,2023-10-10T02:46:00Z,443.9261418853256,3101,0,0,52,2,17:33:10,2023-10-09T20:33:10Z,NA
SpC_SR_091023_upstream.xlsx,2023-10-09T23:47:00Z,2023-10-09T23:47:00Z,456.40000000000003,26.45,443.53741496598644,NA,NA,NA,NA,NA,SR,upstream,2023-10-09,20835564,2023-10-10T02:47:00Z,443.53741496598644,3101,0,0,52,2,17:33:10,2023-10-09T20:33:10Z,NA
SpC_SR_091023_upstream.xlsx,2023-10-09T23:48:00Z,2023-10-09T23:48:00Z,456.40000000000003,26.44,443.62363919129086,NA,NA,NA,NA,NA,SR,upstream,2023-10-09,20835564,2023-10-10T02:48:00Z,443.62363919129086,3101,0,0,52,2,17:33:10,2023-10-09T20:33:10Z,NA
SpC_SR_091023_upstream.xlsx,2023-10-09T23:49:00Z,2023-10-09T23:49:00Z,456.40000000000003,26.45,443.53741496598644,NA,NA,NA,NA,NA,SR,upstream,2023-10-09,20835564,2023-10-10T02:49:00Z,443.53741496598644,3101,0,0,52,2,17:33:10,2023-10-09T20:33:10Z,NA
SpC_SR_091023_upstream.xlsx,2023-10-09T23:50:00Z,2023-10-09T23:50:00Z,456.40000000000003,26.45,443.53741496598644,NA,NA,NA,NA,NA,SR,upstream,2023-10-09,20835564,2023-10-10T02:50:00Z,443.53741496598644,3101,0,0,52,2,17:33:10,2023-10-09T20:33:10Z,NA
SpC_SR_091023_upstream.xlsx,2023-10-09T23:51:00Z,2023-10-09T23:51:00Z,456.40000000000003,26.45,443.53741496598644,NA,NA,NA,NA,NA,SR,upstream,2023-10-09,20835564,2023-10-10T02:51:00Z,443.53741496598644,3101,0,0,52,2,17:33:10,2023-10-09T20:33:10Z,NA
SpC_SR_091023_upstream.xlsx,2023-10-09T23:52:00Z,2023-10-09T23:52:00Z,456.40000000000003,26.45,443.53741496598644,NA,NA,NA,NA,NA,SR,upstream,2023-10-09,20835564,2023-10-10T02:52:00Z,443.53741496598644,3101,0,0,52,2,17:33:10,2023-10-09T20:33:10Z,NA
SpC_SR_091023_upstream.xlsx,2023-10-09T23:53:00Z,2023-10-09T23:53:00Z,456.40000000000003,26.45,443.53741496598644,NA,NA,NA,NA,NA,SR,upstream,2023-10-09,20835564,2023-10-10T02:53:00Z,443.53741496598644,3101,0,0,52,2,17:33:10,2023-10-09T20:33:10Z,NA
SpC_SR_091023_upstream.xlsx,2023-10-09T23:54:00Z,2023-10-09T23:54:00Z,456,26.44,443.2348367029549,NA,NA,NA,NA,NA,SR,upstream,2023-10-09,20835564,2023-10-10T02:54:00Z,443.2348367029549,3101,0,0,52,2,17:33:10,2023-10-09T20:33:10Z,NA
SpC_SR_091023_upstream.xlsx,2023-10-09T23:55:00Z,2023-10-09T23:55:00Z,456.40000000000003,26.45,443.53741496598644,NA,NA,NA,NA,NA,SR,upstream,2023-10-09,20835564,2023-10-10T02:55:00Z,443.53741496598644,3101,0,0,52,2,17:33:10,2023-10-09T20:33:10Z,NA
SpC_SR_091023_upstream.xlsx,2023-10-09T23:56:00Z,2023-10-09T23:56:00Z,456,26.44,443.2348367029549,NA,NA,NA,NA,NA,SR,upstream,2023-10-09,20835564,2023-10-10T02:56:00Z,443.2348367029549,3101,0,0,52,2,17:33:10,2023-10-09T20:33:10Z,NA
SpC_SR_091023_upstream.xlsx,2023-10-09T23:57:00Z,2023-10-09T23:57:00Z,456,26.45,443.1486880466473,NA,NA,NA,NA,NA,SR,upstream,2023-10-09,20835564,2023-10-10T02:57:00Z,443.1486880466473,3101,0,0,52,2,17:33:10,2023-10-09T20:33:10Z,NA
SpC_SR_091023_upstream.xlsx,2023-10-09T23:58:00Z,2023-10-09T23:58:00Z,456,26.44,443.2348367029549,NA,NA,NA,NA,NA,SR,upstream,2023-10-09,20835564,2023-10-10T02:58:00Z,443.2348367029549,3101,0,0,52,2,17:33:10,2023-10-09T20:33:10Z,NA
SpC_SR_091023_upstream.xlsx,2023-10-09T23:59:00Z,2023-10-09T23:59:00Z,456,26.44,443.2348367029549,NA,NA,NA,NA,NA,SR,upstream,2023-10-09,20835564,2023-10-10T02:59:00Z,443.2348367029549,3101,0,0,52,2,17:33:10,2023-10-09T20:33:10Z,NA
SpC_SR_091023_upstream.xlsx,2023-10-10T00:00:00Z,2023-10-10T00:00:00Z,456,26.45,443.1486880466473,NA,NA,NA,NA,NA,SR,upstream,2023-10-09,20835564,2023-10-10T03:00:00Z,443.1486880466473,3101,0,0,52,2,17:33:10,2023-10-09T20:33:10Z,NA
SpC_SR_091023_upstream.xlsx,2023-10-10T00:01:00Z,2023-10-10T00:01:00Z,455.6,26.45,442.75996112730815,NA,NA,NA,NA,NA,SR,upstream,2023-10-09,20835564,2023-10-10T03:01:00Z,442.75996112730815,3101,0,0,52,2,17:33:10,2023-10-09T20:33:10Z,NA
SpC_SR_091023_upstream.xlsx,2023-10-10T00:02:00Z,2023-10-10T00:02:00Z,455.6,26.45,442.75996112730815,NA,NA,NA,NA,NA,SR,upstream,2023-10-09,20835564,2023-10-10T03:02:00Z,442.75996112730815,3101,0,0,52,2,17:33:10,2023-10-09T20:33:10Z,NA
SpC_SR_091023_upstream.xlsx,2023-10-10T00:03:00Z,2023-10-10T00:03:00Z,455.20000000000005,26.44,442.4572317262831,NA,NA,NA,NA,NA,SR,upstream,2023-10-09,20835564,2023-10-10T03:03:00Z,442.4572317262831,3101,0,0,52,2,17:33:10,2023-10-09T20:33:10Z,NA
SpC_SR_091023_upstream.xlsx,2023-10-10T00:04:00Z,2023-10-10T00:04:00Z,455.6,26.44,442.846034214619,NA,NA,NA,NA,NA,SR,upstream,2023-10-09,20835564,2023-10-10T03:04:00Z,442.846034214619,3101,0,0,52,2,17:33:10,2023-10-09T20:33:10Z,NA
SpC_SR_091023_upstream.xlsx,2023-10-10T00:05:00Z,2023-10-10T00:05:00Z,455.20000000000005,26.44,442.4572317262831,NA,NA,NA,NA,NA,SR,upstream,2023-10-09,20835564,2023-10-10T03:05:00Z,442.4572317262831,3101,0,0,52,2,17:33:10,2023-10-09T20:33:10Z,NA
SpC_SR_091023_upstream.xlsx,2023-10-10T00:06:00Z,2023-10-10T00:06:00Z,455.6,26.45,442.75996112730815,NA,NA,NA,NA,NA,SR,upstream,2023-10-09,20835564,2023-10-10T03:06:00Z,442.75996112730815,3101,0,0,52,2,17:33:10,2023-10-09T20:33:10Z,NA
SpC_SR_091023_upstream.xlsx,2023-10-10T00:07:00Z,2023-10-10T00:07:00Z,455.20000000000005,26.44,442.4572317262831,NA,NA,NA,NA,NA,SR,upstream,2023-10-09,20835564,2023-10-10T03:07:00Z,442.4572317262831,3101,0,0,52,2,17:33:10,2023-10-09T20:33:10Z,NA
SpC_SR_091023_upstream.xlsx,2023-10-10T00:08:00Z,2023-10-10T00:08:00Z,455.20000000000005,26.44,442.4572317262831,NA,NA,NA,NA,NA,SR,upstream,2023-10-09,20835564,2023-10-10T03:08:00Z,442.4572317262831,3101,0,0,52,2,17:33:10,2023-10-09T20:33:10Z,NA
SpC_SR_091023_upstream.xlsx,2023-10-10T00:09:00Z,2023-10-10T00:09:00Z,455.6,26.44,442.846034214619,NA,NA,NA,NA,NA,SR,upstream,2023-10-09,20835564,2023-10-10T03:09:00Z,442.846034214619,3101,0,0,52,2,17:33:10,2023-10-09T20:33:10Z,NA
SpC_SR_091023_upstream.xlsx,2023-10-10T00:10:00Z,2023-10-10T00:10:00Z,455.20000000000005,26.45,442.371234207969,NA,NA,NA,NA,NA,SR,upstream,2023-10-09,20835564,2023-10-10T03:10:00Z,442.371234207969,3101,0,0,52,2,17:33:10,2023-10-09T20:33:10Z,NA
SpC_SR_091023_upstream.xlsx,2023-10-10T00:11:00Z,2023-10-10T00:11:00Z,455.20000000000005,26.44,442.4572317262831,NA,NA,NA,NA,NA,SR,upstream,2023-10-09,20835564,2023-10-10T03:11:00Z,442.4572317262831,3101,0,0,52,2,17:33:10,2023-10-09T20:33:10Z,NA
SpC_SR_091023_upstream.xlsx,2023-10-10T00:12:00Z,2023-10-10T00:12:00Z,455.6,26.44,442.846034214619,NA,NA,NA,NA,NA,SR,upstream,2023-10-09,20835564,2023-10-10T03:12:00Z,442.846034214619,3101,0,0,52,2,17:33:10,2023-10-09T20:33:10Z,NA
SpC_SR_091023_upstream.xlsx,2023-10-10T00:13:00Z,2023-10-10T00:13:00Z,455.20000000000005,26.44,442.4572317262831,NA,NA,NA,NA,NA,SR,upstream,2023-10-09,20835564,2023-10-10T03:13:00Z,442.4572317262831,3101,0,0,52,2,17:33:10,2023-10-09T20:33:10Z,NA
SpC_SR_091023_upstream.xlsx,2023-10-10T00:14:00Z,2023-10-10T00:14:00Z,455.20000000000005,26.44,442.4572317262831,NA,NA,NA,NA,NA,SR,upstream,2023-10-09,20835564,2023-10-10T03:14:00Z,442.4572317262831,3101,0,0,52,2,17:33:10,2023-10-09T20:33:10Z,NA
SpC_SR_091023_upstream.xlsx,2023-10-10T00:15:00Z,2023-10-10T00:15:00Z,455.20000000000005,26.44,442.4572317262831,NA,NA,NA,NA,NA,SR,upstream,2023-10-09,20835564,2023-10-10T03:15:00Z,442.4572317262831,3101,0,0,52,2,17:33:10,2023-10-09T20:33:10Z,NA
SpC_SR_091023_upstream.xlsx,2023-10-10T00:16:00Z,2023-10-10T00:16:00Z,455.20000000000005,26.44,442.4572317262831,NA,NA,NA,NA,NA,SR,upstream,2023-10-09,20835564,2023-10-10T03:16:00Z,442.4572317262831,3101,0,0,52,2,17:33:10,2023-10-09T20:33:10Z,NA
SpC_SR_091023_upstream.xlsx,2023-10-10T00:17:00Z,2023-10-10T00:17:00Z,455.20000000000005,26.44,442.4572317262831,NA,NA,NA,NA,NA,SR,upstream,2023-10-09,20835564,2023-10-10T03:17:00Z,442.4572317262831,3101,0,0,52,2,17:33:10,2023-10-09T20:33:10Z,NA
SpC_SR_091023_upstream.xlsx,2023-10-10T00:18:00Z,2023-10-10T00:18:00Z,455.20000000000005,26.44,442.4572317262831,NA,NA,NA,NA,NA,SR,upstream,2023-10-09,20835564,2023-10-10T03:18:00Z,442.4572317262831,3101,0,0,52,2,17:33:10,2023-10-09T20:33:10Z,NA
SpC_SR_091023_upstream.xlsx,2023-10-10T00:19:00Z,2023-10-10T00:19:00Z,455.20000000000005,26.44,442.4572317262831,NA,NA,NA,NA,NA,SR,upstream,2023-10-09,20835564,2023-10-10T03:19:00Z,442.4572317262831,3101,0,0,52,2,17:33:10,2023-10-09T20:33:10Z,NA
SpC_SR_091023_upstream.xlsx,2023-10-10T00:20:00Z,2023-10-10T00:20:00Z,455.20000000000005,26.44,442.4572317262831,NA,NA,NA,NA,NA,SR,upstream,2023-10-09,20835564,2023-10-10T03:20:00Z,442.4572317262831,3101,0,0,52,2,17:33:10,2023-10-09T20:33:10Z,NA
SpC_SR_091023_upstream.xlsx,2023-10-10T00:21:00Z,2023-10-10T00:21:00Z,455.20000000000005,26.44,442.4572317262831,NA,NA,NA,NA,NA,SR,upstream,2023-10-09,20835564,2023-10-10T03:21:00Z,442.4572317262831,3101,0,0,52,2,17:33:10,2023-10-09T20:33:10Z,NA
SpC_SR_091023_upstream.xlsx,2023-10-10T00:22:00Z,2023-10-10T00:22:00Z,454.90000000000003,26.45,442.0796890184646,NA,NA,NA,NA,NA,SR,upstream,2023-10-09,20835564,2023-10-10T03:22:00Z,442.0796890184646,3101,0,0,52,2,17:33:10,2023-10-09T20:33:10Z,NA
SpC_SR_091023_upstream.xlsx,2023-10-10T00:23:00Z,2023-10-10T00:23:00Z,455.20000000000005,26.45,442.371234207969,NA,NA,NA,NA,NA,SR,upstream,2023-10-09,20835564,2023-10-10T03:23:00Z,442.371234207969,3101,0,0,52,2,17:33:10,2023-10-09T20:33:10Z,NA
SpC_SR_091023_upstream.xlsx,2023-10-10T00:24:00Z,2023-10-10T00:24:00Z,455.20000000000005,26.45,442.371234207969,NA,NA,NA,NA,NA,SR,upstream,2023-10-09,20835564,2023-10-10T03:24:00Z,442.371234207969,3101,0,0,52,2,17:33:10,2023-10-09T20:33:10Z,NA
SpC_SR_091023_upstream.xlsx,2023-10-10T00:25:00Z,2023-10-10T00:25:00Z,455.20000000000005,26.44,442.4572317262831,NA,NA,NA,NA,NA,SR,upstream,2023-10-09,20835564,2023-10-10T03:25:00Z,442.4572317262831,3101,0,0,52,2,17:33:10,2023-10-09T20:33:10Z,NA
SpC_SR_091023_upstream.xlsx,2023-10-10T00:26:00Z,2023-10-10T00:26:00Z,455.20000000000005,26.44,442.4572317262831,NA,NA,NA,NA,NA,SR,upstream,2023-10-09,20835564,2023-10-10T03:26:00Z,442.4572317262831,3101,0,0,52,2,17:33:10,2023-10-09T20:33:10Z,NA
SpC_SR_091023_upstream.xlsx,2023-10-10T00:27:00Z,2023-10-10T00:27:00Z,455.20000000000005,26.45,442.371234207969,NA,NA,NA,NA,NA,SR,upstream,2023-10-09,20835564,2023-10-10T03:27:00Z,442.371234207969,3101,0,0,52,2,17:33:10,2023-10-09T20:33:10Z,NA
SpC_SR_091023_upstream.xlsx,2023-10-10T00:28:00Z,2023-10-10T00:28:00Z,454.90000000000003,26.45,442.0796890184646,NA,NA,NA,NA,NA,SR,upstream,2023-10-09,20835564,2023-10-10T03:28:00Z,442.0796890184646,3101,0,0,52,2,17:33:10,2023-10-09T20:33:10Z,NA
SpC_SR_091023_upstream.xlsx,2023-10-10T00:29:00Z,2023-10-10T00:29:00Z,454.90000000000003,26.45,442.0796890184646,NA,NA,NA,NA,NA,SR,upstream,2023-10-09,20835564,2023-10-10T03:29:00Z,442.0796890184646,3101,0,0,52,2,17:33:10,2023-10-09T20:33:10Z,NA
SpC_SR_091023_upstream.xlsx,2023-10-10T00:30:00Z,2023-10-10T00:30:00Z,454.90000000000003,26.45,442.0796890184646,NA,NA,NA,NA,NA,SR,upstream,2023-10-09,20835564,2023-10-10T03:30:00Z,442.0796890184646,3101,0,0,52,2,17:33:10,2023-10-09T20:33:10Z,NA
SpC_SR_091023_upstream.xlsx,2023-10-10T00:31:00Z,2023-10-10T00:31:00Z,455.20000000000005,26.45,442.371234207969,NA,NA,NA,NA,NA,SR,upstream,2023-10-09,20835564,2023-10-10T03:31:00Z,442.371234207969,3101,0,0,52,2,17:33:10,2023-10-09T20:33:10Z,NA
SpC_SR_091023_upstream.xlsx,2023-10-10T00:32:00Z,2023-10-10T00:32:00Z,454.90000000000003,26.45,442.0796890184646,NA,NA,NA,NA,NA,SR,upstream,2023-10-09,20835564,2023-10-10T03:32:00Z,442.0796890184646,3101,0,0,52,2,17:33:10,2023-10-09T20:33:10Z,NA
SpC_SR_091023_upstream.xlsx,2023-10-10T00:33:00Z,2023-10-10T00:33:00Z,454.90000000000003,26.45,442.0796890184646,NA,NA,NA,NA,NA,SR,upstream,2023-10-09,20835564,2023-10-10T03:33:00Z,442.0796890184646,3101,0,0,52,2,17:33:10,2023-10-09T20:33:10Z,NA
SpC_SR_091023_upstream.xlsx,2023-10-10T00:34:00Z,2023-10-10T00:34:00Z,454.90000000000003,26.45,442.0796890184646,NA,NA,NA,NA,NA,SR,upstream,2023-10-09,20835564,2023-10-10T03:34:00Z,442.0796890184646,3101,0,0,52,2,17:33:10,2023-10-09T20:33:10Z,NA
SpC_SR_091023_upstream.xlsx,2023-10-10T00:35:00Z,2023-10-10T00:35:00Z,454.90000000000003,26.45,442.0796890184646,NA,NA,NA,NA,NA,SR,upstream,2023-10-09,20835564,2023-10-10T03:35:00Z,442.0796890184646,3101,0,0,52,2,17:33:10,2023-10-09T20:33:10Z,NA
SpC_SR_091023_upstream.xlsx,2023-10-10T00:36:00Z,2023-10-10T00:36:00Z,454.90000000000003,26.45,442.0796890184646,NA,NA,NA,NA,NA,SR,upstream,2023-10-09,20835564,2023-10-10T03:36:00Z,442.0796890184646,3101,0,0,52,2,17:33:10,2023-10-09T20:33:10Z,NA
SpC_SR_091023_upstream.xlsx,2023-10-10T00:37:00Z,2023-10-10T00:37:00Z,454.5,26.45,441.6909620991254,NA,NA,NA,NA,NA,SR,upstream,2023-10-09,20835564,2023-10-10T03:37:00Z,441.6909620991254,3101,0,0,52,2,17:33:10,2023-10-09T20:33:10Z,NA
SpC_SR_091023_upstream.xlsx,2023-10-10T00:38:00Z,2023-10-10T00:38:00Z,454.90000000000003,26.45,442.0796890184646,NA,NA,NA,NA,NA,SR,upstream,2023-10-09,20835564,2023-10-10T03:38:00Z,442.0796890184646,3101,0,0,52,2,17:33:10,2023-10-09T20:33:10Z,NA
SpC_SR_091023_upstream.xlsx,2023-10-10T00:39:00Z,2023-10-10T00:39:00Z,454.90000000000003,26.44,442.1656298600312,NA,NA,NA,NA,NA,SR,upstream,2023-10-09,20835564,2023-10-10T03:39:00Z,442.1656298600312,3101,0,0,52,2,17:33:10,2023-10-09T20:33:10Z,NA
SpC_SR_091023_upstream.xlsx,2023-10-10T00:40:00Z,2023-10-10T00:40:00Z,454.5,26.45,441.6909620991254,NA,NA,NA,NA,NA,SR,upstream,2023-10-09,20835564,2023-10-10T03:40:00Z,441.6909620991254,3101,0,0,52,2,17:33:10,2023-10-09T20:33:10Z,NA
SpC_SR_091023_upstream.xlsx,2023-10-10T00:41:00Z,2023-10-10T00:41:00Z,454.5,26.45,441.6909620991254,NA,NA,NA,NA,NA,SR,upstream,2023-10-09,20835564,2023-10-10T03:41:00Z,441.6909620991254,3101,0,0,52,2,17:33:10,2023-10-09T20:33:10Z,NA
SpC_SR_091023_upstream.xlsx,2023-10-10T00:42:00Z,2023-10-10T00:42:00Z,454.5,26.45,441.6909620991254,NA,NA,NA,NA,NA,SR,upstream,2023-10-09,20835564,2023-10-10T03:42:00Z,441.6909620991254,3101,0,0,52,2,17:33:10,2023-10-09T20:33:10Z,NA
SpC_SR_091023_upstream.xlsx,2023-10-10T00:43:00Z,2023-10-10T00:43:00Z,454.5,26.45,441.6909620991254,NA,NA,NA,NA,NA,SR,upstream,2023-10-09,20835564,2023-10-10T03:43:00Z,441.6909620991254,3101,0,0,52,2,17:33:10,2023-10-09T20:33:10Z,NA
SpC_SR_091023_upstream.xlsx,2023-10-10T00:44:00Z,2023-10-10T00:44:00Z,454.5,26.45,441.6909620991254,NA,NA,NA,NA,NA,SR,upstream,2023-10-09,20835564,2023-10-10T03:44:00Z,441.6909620991254,3101,0,0,52,2,17:33:10,2023-10-09T20:33:10Z,NA
SpC_SR_091023_upstream.xlsx,2023-10-10T00:45:00Z,2023-10-10T00:45:00Z,454.5,26.45,441.6909620991254,NA,NA,NA,NA,NA,SR,upstream,2023-10-09,20835564,2023-10-10T03:45:00Z,441.6909620991254,3101,0,0,52,2,17:33:10,2023-10-09T20:33:10Z,NA
