source_file,date_raw,time_raw,full_range_uscm,temp_c,spc_calculated_uscm,coupler_detached,coupler_attached,host_connected,stopped,end_of_file,stream,station,date,logger_serial,datetime,spc_uscm,nacl_mass_g,amonium_added_g,phophate_added_g,reach_length_m,reach_mean_width_m,addition_time,addition_datetime,background_spc
SpC_SR_091023_downstream.xlsx,2023-10-09T17:20:20Z,2023-10-09T17:20:20Z,527.6,28.34,494.5631796025497,NA,NA,NA,NA,NA,SR,downstream,2023-10-09,20835561,2023-10-09T20:20:20Z,494.5631796025497,3101,0,0,72,2,17:33:10,2023-10-09T20:33:10Z,NA
SpC_SR_091023_downstream.xlsx,2023-10-09T17:20:30Z,2023-10-09T17:20:30Z,512.7,28.03,483.40561946068266,NA,NA,NA,NA,NA,SR,downstream,2023-10-09,20835561,2023-10-09T20:20:30Z,483.40561946068266,3101,0,0,72,2,17:33:10,2023-10-09T20:33:10Z,NA
SpC_SR_091023_downstream.xlsx,2023-10-09T17:20:40Z,2023-10-09T17:20:40Z,509.5,28.03,480.38845936262493,NA,NA,NA,NA,NA,SR,downstream,2023-10-09,20835561,2023-10-09T20:20:40Z,480.38845936262493,3101,0,0,72,2,17:33:10,2023-10-09T20:33:10Z,NA
SpC_SR_091023_downstream.xlsx,2023-10-09T17:20:50Z,2023-10-09T17:20:50Z,508.3,27.92,480.25321239606956,NA,NA,NA,NA,NA,SR,downstream,2023-10-09,20835561,2023-10-09T20:20:50Z,480.25321239606956,3101,0,0,72,2,17:33:10,2023-10-09T20:33:10Z,NA
SpC_SR_091023_downstream.xlsx,2023-10-09T17:21:00Z,2023-10-09T17:21:00Z,509.90000000000003,27.93,481.67390893633103,NA,NA,NA,NA,NA,SR,downstream,2023-10-09,20835561,2023-10-09T20:21:00Z,481.67390893633103,3101,0,0,72,2,17:33:10,2023-10-09T20:33:10Z,NA
SpC_SR_091023_downstream.xlsx,2023-10-09T17:21:10Z,2023-10-09T17:21:10Z,522.2,27.400000000000002,498.2824427480916,NA,NA,NA,NA,NA,SR,downstream,2023-10-09,20835561,2023-10-09T20:21:10Z,498.2824427480916,3101,0,0,72,2,17:33:10,2023-10-09T20:33:10Z,NA
SpC_SR_091023_downstream.xlsx,2023-10-09T17:21:20Z,2023-10-09T17:21:20Z,519.4,27.37,495.8945961428298,NA,NA,NA,NA,NA,SR,downstream,2023-10-09,20835561,2023-10-09T20:21:20Z,495.8945961428298,3101,0,0,72,2,17:33:10,2023-10-09T20:33:10Z,NA
SpC_SR_091023_downstream.xlsx,2023-10-09T17:21:30Z,2023-10-09T17:21:30Z,519.3000000000001,27.48,494.7599085365854,NA,NA,NA,NA,NA,SR,downstream,2023-10-09,20835561,2023-10-09T20:21:30Z,494.7599085365854,3101,0,0,72,2,17:33:10,2023-10-09T20:33:10Z,NA
SpC_SR_091023_downstream.xlsx,2023-10-09T17:21:40Z,2023-10-09T17:21:40Z,524.5,27.43,500.1907304978066,NA,NA,NA,NA,NA,SR,downstream,2023-10-09,20835561,2023-10-09T20:21:40Z,500.1907304978066,3101,0,0,72,2,17:33:10,2023-10-09T20:33:10Z,NA
SpC_SR_091023_downstream.xlsx,2023-10-09T17:21:50Z,2023-10-09T17:21:50Z,518.9,27.47,494.4730322088813,NA,NA,NA,NA,NA,SR,downstream,2023-10-09,20835561,2023-10-09T20:21:50Z,494.4730322088813,3101,0,0,72,2,17:33:10,2023-10-09T20:33:10Z,NA
SpC_SR_091023_downstream.xlsx,2023-10-09T17:22:00Z,2023-10-09T17:22:00Z,525.4,27.3,502.29445506692156,NA,NA,NA,NA,NA,SR,downstream,2023-10-09,20835561,2023-10-09T20:22:00Z,502.29445506692156,3101,0,0,72,2,17:33:10,2023-10-09T20:33:10Z,NA
SpC_SR_091023_downstream.xlsx,2023-10-09T17:22:10Z,2023-10-09T17:22:10Z,525.4,27.3,502.29445506692156,NA,NA,NA,NA,NA,SR,downstream,2023-10-09,20835561,2023-10-09T20:22:10Z,502.29445506692156,3101,0,0,72,2,17:33:10,2023-10-09T20:33:10Z,NA
SpC_SR_091023_downstream.xlsx,2023-10-09T17:22:20Z,2023-10-09T17:22:20Z,524.3000000000001,27.240000000000002,501.81852986217467,NA,NA,NA,NA,NA,SR,downstream,2023-10-09,20835561,2023-10-09T20:22:20Z,501.81852986217467,3101,0,0,72,2,17:33:10,2023-10-09T20:33:10Z,NA
SpC_SR_091023_downstream.xlsx,2023-10-09T17:22:30Z,2023-10-09T17:22:30Z,524.3000000000001,27.2,502.2030651340997,NA,NA,NA,NA,NA,SR,downstream,2023-10-09,20835561,2023-10-09T20:22:30Z,502.2030651340997,3101,0,0,72,2,17:33:10,2023-10-09T20:33:10Z,NA
SpC_SR_091023_downstream.xlsx,2023-10-09T17:22:40Z,2023-10-09T17:22:40Z,525.1,27.21,502.87301283279066,NA,NA,NA,NA,NA,SR,downstream,2023-10-09,20835561,2023-10-09T20:22:40Z,502.87301283279066,3101,0,0,72,2,17:33:10,2023-10-09T20:33:10Z,NA
SpC_SR_091023_downstream.xlsx,2023-10-09T17:22:50Z,2023-10-09T17:22:50Z,524.7,27.2,502.58620689655174,NA,NA,NA,NA,NA,SR,downstream,2023-10-09,20835561,2023-10-09T20:22:50Z,502.58620689655174,3101,0,0,72,2,17:33:10,2023-10-09T20:33:10Z,NA
SpC_SR_091023_downstream.xlsx,2023-10-09T17:23:00Z,2023-10-09T17:23:00Z,524.3000000000001,27.2,502.2030651340997,NA,NA,NA,NA,NA,SR,downstream,2023-10-09,20835561,2023-10-09T20:23:00Z,502.2030651340997,3101,0,0,72,2,17:33:10,2023-10-09T20:33:10Z,NA
SpC_SR_091023_downstream.xlsx,2023-10-09T17:23:10Z,2023-10-09T17:23:10Z,523.9,27.150000000000002,502.30105465004783,NA,NA,NA,NA,NA,SR,downstream,2023-10-09,20835561,2023-10-09T20:23:10Z,502.30105465004783,3101,0,0,72,2,17:33:10,2023-10-09T20:33:10Z,NA
SpC_SR_091023_downstream.xlsx,2023-10-09T17:23:20Z,2023-10-09T17:23:20Z,524.3000000000001,27.18,502.3955538520506,NA,NA,NA,NA,NA,SR,downstream,2023-10-09,20835561,2023-10-09T20:23:20Z,502.3955538520506,3101,0,0,72,2,17:33:10,2023-10-09T20:33:10Z,NA
SpC_SR_091023_downstream.xlsx,2023-10-09T17:23:30Z,2023-10-09T17:23:30Z,521.1,27.150000000000002,499.6164908916586,NA,NA,NA,NA,NA,SR,downstream,2023-10-09,20835561,2023-10-09T20:23:30Z,499.6164908916586,3101,0,0,72,2,17:33:10,2023-10-09T20:33:10Z,NA
SpC_SR_091023_downstream.xlsx,2023-10-09T17:23:40Z,2023-10-09T17:23:40Z,521.1,27.13,499.8081718779973,NA,NA,NA,NA,NA,SR,downstream,2023-10-09,20835561,2023-10-09T20:23:40Z,499.8081718779973,3101,0,0,72,2,17:33:10,2023-10-09T20:33:10Z,NA
SpC_SR_091023_downstream.xlsx,2023-10-09T17:23:50Z,2023-10-09T17:23:50Z,522.3000000000001,27.13,500.9591406100135,NA,NA,NA,NA,NA,SR,downstream,2023-10-09,20835561,2023-10-09T20:23:50Z,500.9591406100135,3101,0,0,72,2,17:33:10,2023-10-09T20:33:10Z,NA
SpC_SR_091023_downstream.xlsx,2023-10-09T17:24:00Z,2023-10-09T17:24:00Z,521.1,27.1,500.0959692898273,NA,NA,NA,NA,NA,SR,downstream,2023-10-09,20835561,2023-10-09T20:24:00Z,500.0959692898273,3101,0,0,72,2,17:33:10,2023-10-09T20:33:10Z,NA
SpC_SR_091023_downstream.xlsx,2023-10-09T17:24:10Z,2023-10-09T17:24:10Z,521.6,27.09,500.67191399500865,NA,NA,NA,NA,NA,SR,downstream,2023-10-09,20835561,2023-10-09T20:24:10Z,500.67191399500865,3101,0,0,72,2,17:33:10,2023-10-09T20:33:10Z,NA
SpC_SR_091023_downstream.xlsx,2023-10-09T17:24:20Z,2023-10-09T17:24:20Z,520,27.09,499.136110577846,NA,NA,NA,NA,NA,SR,downstream,2023-10-09,20835561,2023-10-09T20:24:20Z,499.136110577846,3101,0,0,72,2,17:33:10,2023-10-09T20:33:10Z,NA
SpC_SR_091023_downstream.xlsx,2023-10-09T17:24:30Z,2023-10-09T17:24:30Z,520.8000000000001,27.09,499.90401228642736,NA,NA,NA,NA,NA,SR,downstream,2023-10-09,20835561,2023-10-09T20:24:30Z,499.90401228642736,3101,0,0,72,2,17:33:10,2023-10-09T20:33:10Z,NA
SpC_SR_091023_downstream.xlsx,2023-10-09T17:24:40Z,2023-10-09T17:24:40Z,523.2,27.05,502.5936599423632,NA,NA,NA,NA,NA,SR,downstream,2023-10-09,20835561,2023-10-09T20:24:40Z,502.5936599423632,3101,0,0,72,2,17:33:10,2023-10-09T20:33:10Z,NA
SpC_SR_091023_downstream.xlsx,2023-10-09T17:24:50Z,2023-10-09T17:24:50Z,522,27.07,501.24831956980984,NA,NA,NA,NA,NA,SR,downstream,2023-10-09,20835561,2023-10-09T20:24:50Z,501.24831956980984,3101,0,0,72,2,17:33:10,2023-10-09T20:33:10Z,NA
SpC_SR_091023_downstream.xlsx,2023-10-09T17:25:00Z,2023-10-09T17:25:00Z,523.2,27.05,502.5936599423632,NA,NA,NA,NA,NA,SR,downstream,2023-10-09,20835561,2023-10-09T20:25:00Z,502.5936599423632,3101,0,0,72,2,17:33:10,2023-10-09T20:33:10Z,NA
SpC_SR_091023_downstream.xlsx,2023-10-09T17:25:10Z,2023-10-09T17:25:10Z,522.8000000000001,27.07,502.01651622815444,NA,NA,NA,NA,NA,SR,downstream,2023-10-09,20835561,2023-10-09T20:25:10Z,502.01651622815444,3101,0,0,72,2,17:33:10,2023-10-09T20:33:10Z,NA
SpC_SR_091023_downstream.xlsx,2023-10-09T17:25:20Z,2023-10-09T17:25:20Z,522.8000000000001,27.04,502.30591852421225,NA,NA,NA,NA,NA,SR,downstream,2023-10-09,20835561,2023-10-09T20:25:20Z,502.30591852421225,3101,0,0,72,2,17:33:10,2023-10-09T20:33:10Z,NA
SpC_SR_091023_downstream.xlsx,2023-10-09T17:25:30Z,2023-10-09T17:25:30Z,522.8000000000001,27.03,502.40246011916213,NA,NA,NA,NA,NA,SR,downstream,2023-10-09,20835561,2023-10-09T20:25:30Z,502.40246011916213,3101,0,0,72,2,17:33:10,2023-10-09T20:33:10Z,NA
SpC_SR_091023_downstream.xlsx,2023-10-09T17:25:40Z,2023-10-09T17:25:40Z,522.8000000000001,27.03,502.40246011916213,NA,NA,NA,NA,NA,SR,downstream,2023-10-09,20835561,2023-10-09T20:25:40Z,502.40246011916213,3101,0,0,72,2,17:33:10,2023-10-09T20:33:10Z,NA
SpC_SR_091023_downstream.xlsx,2023-10-09T17:25:50Z,2023-10-09T17:25:50Z,522.4,27.03,502.0180665000961,NA,NA,NA,NA,NA,SR,downstream,2023-10-09,20835561,2023-10-09T20:25:50Z,502.0180665000961,3101,0,0,72,2,17:33:10,2023-10-09T20:33:10Z,NA
SpC_SR_091023_downstream.xlsx,2023-10-09T17:26:00Z,2023-10-09T17:26:00Z,522.4,27.02,502.11457131872356,NA,NA,NA,NA,NA,SR,downstream,2023-10-09,20835561,2023-10-09T20:26:00Z,502.11457131872356,3101,0,0,72,2,17:33:10,2023-10-09T20:33:10Z,NA
SpC_SR_091023_downstream.xlsx,2023-10-09T17:26:10Z,2023-10-09T17:26:10Z,522,27.02,501.7301038062284,NA,NA,NA,NA,NA,SR,downstream,2023-10-09,20835561,2023-10-09T20:26:10Z,501.7301038062284,3101,0,0,72,2,17:33:10,2023-10-09T20:33:10Z,NA
SpC_SR_091023_downstream.xlsx,2023-10-09T17:26:20Z,2023-10-09T17:26:20Z,522,27.02,501.7301038062284,NA,NA,NA,NA,NA,SR,downstream,2023-10-09,20835561,2023-10-09T20:26:20Z,501.7301038062284,3101,0,0,72,2,17:33:10,2023-10-09T20:33:10Z,NA
SpC_SR_091023_downstream.xlsx,2023-10-09T17:26:30Z,2023-10-09T17:26:30Z,521.6,27,501.53846153846155,NA,NA,NA,NA,NA,SR,downstream,2023-10-09,20835561,2023-10-09T20:26:30Z,501.53846153846155,3101,0,0,72,2,17:33:10,2023-10-09T20:33:10Z,NA
SpC_SR_091023_downstream.xlsx,2023-10-09T17:26:40Z,2023-10-09T17:26:40Z,521.6,26.990000000000002,501.6349297941912,NA,NA,NA,NA,NA,SR,downstream,2023-10-09,20835561,2023-10-09T20:26:40Z,501.6349297941912,3101,0,0,72,2,17:33:10,2023-10-09T20:33:10Z,NA
SpC_SR_091023_downstream.xlsx,2023-10-09T17:26:50Z,2023-10-09T17:26:50Z,522,27,501.9230769230769,NA,NA,NA,NA,NA,SR,downstream,2023-10-09,20835561,2023-10-09T20:26:50Z,501.9230769230769,3101,0,0,72,2,17:33:10,2023-10-09T20:33:10Z,NA
SpC_SR_091023_downstream.xlsx,2023-10-09T17:27:00Z,2023-10-09T17:27:00Z,521.6,26.990000000000002,501.6349297941912,NA,NA,NA,NA,NA,SR,downstream,2023-10-09,20835561,2023-10-09T20:27:00Z,501.6349297941912,3101,0,0,72,2,17:33:10,2023-10-09T20:33:10Z,NA
SpC_SR_091023_downstream.xlsx,2023-10-09T17:27:10Z,2023-10-09T17:27:10Z,521.6,26.990000000000002,501.6349297941912,NA,NA,NA,NA,NA,SR,downstream,2023-10-09,20835561,2023-10-09T20:27:10Z,501.6349297941912,3101,0,0,72,2,17:33:10,2023-10-09T20:33:10Z,NA
SpC_SR_091023_downstream.xlsx,2023-10-09T17:27:20Z,2023-10-09T17:27:20Z,521.6,26.990000000000002,501.6349297941912,NA,NA,NA,NA,NA,SR,downstream,2023-10-09,20835561,2023-10-09T20:27:20Z,501.6349297941912,3101,0,0,72,2,17:33:10,2023-10-09T20:33:10Z,NA
SpC_SR_091023_downstream.xlsx,2023-10-09T17:27:30Z,2023-10-09T17:27:30Z,521.6,27,501.53846153846155,NA,NA,NA,NA,NA,SR,downstream,2023-10-09,20835561,2023-10-09T20:27:30Z,501.53846153846155,3101,0,0,72,2,17:33:10,2023-10-09T20:33:10Z,NA
SpC_SR_091023_downstream.xlsx,2023-10-09T17:27:40Z,2023-10-09T17:27:40Z,521.6,26.990000000000002,501.6349297941912,NA,NA,NA,NA,NA,SR,downstream,2023-10-09,20835561,2023-10-09T20:27:40Z,501.6349297941912,3101,0,0,72,2,17:33:10,2023-10-09T20:33:10Z,NA
SpC_SR_091023_downstream.xlsx,2023-10-09T17:27:50Z,2023-10-09T17:27:50Z,521.2,26.990000000000002,501.2502404308521,NA,NA,NA,NA,NA,SR,downstream,2023-10-09,20835561,2023-10-09T20:27:50Z,501.2502404308521,3101,0,0,72,2,17:33:10,2023-10-09T20:33:10Z,NA
SpC_SR_091023_downstream.xlsx,2023-10-09T17:28:00Z,2023-10-09T17:28:00Z,521.6,26.990000000000002,501.6349297941912,NA,NA,NA,NA,NA,SR,downstream,2023-10-09,20835561,2023-10-09T20:28:00Z,501.6349297941912,3101,0,0,72,2,17:33:10,2023-10-09T20:33:10Z,NA
SpC_SR_091023_downstream.xlsx,2023-10-09T17:28:10Z,2023-10-09T17:28:10Z,521.6,26.990000000000002,501.6349297941912,NA,NA,NA,NA,NA,SR,downstream,2023-10-09,20835561,2023-10-09T20:28:10Z,501.6349297941912,3101,0,0,72,2,17:33:10,2023-10-09T20:33:10Z,NA
SpC_SR_091023_downstream.xlsx,2023-10-09T17:28:20Z,2023-10-09T17:28:20Z,521.6,26.98,501.73143516737207,NA,NA,NA,NA,NA,SR,downstream,2023-10-09,20835561,2023-10-09T20:28:20Z,501.73143516737207,3101,0,0,72,2,17:33:10,2023-10-09T20:33:10Z,NA
SpC_SR_091023_downstream.xlsx,2023-10-09T17:28:30Z,2023-10-09T17:28:30Z,521.6,26.98,501.73143516737207,NA,NA,NA,NA,NA,SR,downstream,2023-10-09,20835561,2023-10-09T20:28:30Z,501.73143516737207,3101,0,0,72,2,17:33:10,2023-10-09T20:33:10Z,NA
SpC_SR_091023_downstream.xlsx,2023-10-09T17:28:40Z,2023-10-09T17:28:40Z,521.2,26.98,501.34667179684493,NA,NA,NA,NA,NA,SR,downstream,2023-10-09,20835561,2023-10-09T20:28:40Z,501.34667179684493,3101,0,0,72,2,17:33:10,2023-10-09T20:33:10Z,NA
SpC_SR_091023_downstream.xlsx,2023-10-09T17:28:50Z,2023-10-09T17:28:50Z,521.2,26.98,501.34667179684493,NA,NA,NA,NA,NA,SR,downstream,2023-10-09,20835561,2023-10-09T20:28:50Z,501.34667179684493,3101,0,0,72,2,17:33:10,2023-10-09T20:33:10Z,NA
SpC_SR_091023_downstream.xlsx,2023-10-09T17:29:00Z,2023-10-09T17:29:00Z,521.6,26.98,501.73143516737207,NA,NA,NA,NA,NA,SR,downstream,2023-10-09,20835561,2023-10-09T20:29:00Z,501.73143516737207,3101,0,0,72,2,17:33:10,2023-10-09T20:33:10Z,NA
SpC_SR_091023_downstream.xlsx,2023-10-09T17:29:10Z,2023-10-09T17:29:10Z,522.4,26.98,502.50096190842623,NA,NA,NA,NA,NA,SR,downstream,2023-10-09,20835561,2023-10-09T20:29:10Z,502.50096190842623,3101,0,0,72,2,17:33:10,2023-10-09T20:33:10Z,NA
SpC_SR_091023_downstream.xlsx,2023-10-09T17:29:20Z,2023-10-09T17:29:20Z,522,26.98,502.11619853789915,NA,NA,NA,NA,NA,SR,downstream,2023-10-09,20835561,2023-10-09T20:29:20Z,502.11619853789915,3101,0,0,72,2,17:33:10,2023-10-09T20:33:10Z,NA
SpC_SR_091023_downstream.xlsx,2023-10-09T17:29:30Z,2023-10-09T17:29:30Z,522,26.98,502.11619853789915,NA,NA,NA,NA,NA,SR,downstream,2023-10-09,20835561,2023-10-09T20:29:30Z,502.11619853789915,3101,0,0,72,2,17:33:10,2023-10-09T20:33:10Z,NA
SpC_SR_091023_downstream.xlsx,2023-10-09T17:29:40Z,2023-10-09T17:29:40Z,522,26.98,502.11619853789915,NA,NA,NA,NA,NA,SR,downstream,2023-10-09,20835561,2023-10-09T20:29:40Z,502.11619853789915,3101,0,0,72,2,17:33:10,2023-10-09T20:33:10Z,NA
SpC_SR_091023_downstream.xlsx,2023-10-09T17:29:50Z,2023-10-09T17:29:50Z,521.2,26.98,501.34667179684493,NA,NA,NA,NA,NA,SR,downstream,2023-10-09,20835561,2023-10-09T20:29:50Z,501.34667179684493,3101,0,0,72,2,17:33:10,2023-10-09T20:33:10Z,NA
SpC_SR_091023_downstream.xlsx,2023-10-09T17:30:00Z,2023-10-09T17:30:00Z,521.2,26.98,501.34667179684493,NA,NA,NA,NA,NA,SR,downstream,2023-10-09,20835561,2023-10-09T20:30:00Z,501.34667179684493,3101,0,0,72,2,17:33:10,2023-10-09T20:33:10Z,NA
SpC_SR_091023_downstream.xlsx,2023-10-09T17:30:10Z,2023-10-09T17:30:10Z,521.2,26.97,501.44314027323463,NA,NA,NA,NA,NA,SR,downstream,2023-10-09,20835561,2023-10-09T20:30:10Z,501.44314027323463,3101,0,0,72,2,17:33:10,2023-10-09T20:33:10Z,NA
SpC_SR_091023_downstream.xlsx,2023-10-09T17:30:20Z,2023-10-09T17:30:20Z,521.2,26.98,501.34667179684493,NA,NA,NA,NA,NA,SR,downstream,2023-10-09,20835561,2023-10-09T20:30:20Z,501.34667179684493,3101,0,0,72,2,17:33:10,2023-10-09T20:33:10Z,NA
SpC_SR_091023_downstream.xlsx,2023-10-09T17:30:30Z,2023-10-09T17:30:30Z,521.2,26.97,501.44314027323463,NA,NA,NA,NA,NA,SR,downstream,2023-10-09,20835561,2023-10-09T20:30:30Z,501.44314027323463,3101,0,0,72,2,17:33:10,2023-10-09T20:33:10Z,NA
SpC_SR_091023_downstream.xlsx,2023-10-09T17:30:40Z,2023-10-09T17:30:40Z,519.6,26.97,499.9037906484511,NA,NA,NA,NA,NA,SR,downstream,2023-10-09,20835561,2023-10-09T20:30:40Z,499.9037906484511,3101,0,0,72,2,17:33:10,2023-10-09T20:33:10Z,NA
SpC_SR_091023_downstream.xlsx,2023-10-09T17:30:50Z,2023-10-09T17:30:50Z,520,26.97,500.28862805464695,NA,NA,NA,NA,NA,SR,downstream,2023-10-09,20835561,2023-10-09T20:30:50Z,500.28862805464695,3101,0,0,72,2,17:33:10,2023-10-09T20:33:10Z,NA
SpC_SR_091023_downstream.xlsx,2023-10-09T17:31:00Z,2023-10-09T17:31:00Z,520.4,26.97,500.6734654608428,NA,NA,NA,NA,NA,SR,downstream,2023-10-09,20835561,2023-10-09T20:31:00Z,500.6734654608428,3101,0,0,72,2,17:33:10,2023-10-09T20:33:10Z,NA
SpC_SR_091023_downstream.xlsx,2023-10-09T17:31:10Z,2023-10-09T17:31:10Z,520,26.97,500.28862805464695,NA,NA,NA,NA,NA,SR,downstream,2023-10-09,20835561,2023-10-09T20:31:10Z,500.28862805464695,3101,0,0,72,2,17:33:10,2023-10-09T20:33:10Z,NA
SpC_SR_091023_downstream.xlsx,2023-10-09T17:31:20Z,2023-10-09T17:31:20Z,520.8000000000001,26.97,501.0583028670388,NA,NA,NA,NA,NA,SR,downstream,2023-10-09,20835561,2023-10-09T20:31:20Z,501.0583028670388,3101,0,0,72,2,17:33:10,2023-10-09T20:33:10Z,NA
SpC_SR_091023_downstream.xlsx,2023-10-09T17:31:30Z,2023-10-09T17:31:30Z,521.2,26.97,501.44314027323463,NA,NA,NA,NA,NA,SR,downstream,2023-10-09,20835561,2023-10-09T20:31:30Z,501.44314027323463,3101,0,0,72,2,17:33:10,2023-10-09T20:33:10Z,NA
SpC_SR_091023_downstream.xlsx,2023-10-09T17:31:40Z,2023-10-09T17:31:40Z,520.8000000000001,26.97,501.0583028670388,NA,NA,NA,NA,NA,SR,downstream,2023-10-09,20835561,2023-10-09T20:31:40Z,501.0583028670388,3101,0,0,72,2,17:33:10,2023-10-09T20:33:10Z,NA
SpC_SR_091023_downstream.xlsx,2023-10-09T17:31:50Z,2023-10-09T17:31:50Z,521.2,26.97,501.44314027323463,NA,NA,NA,NA,NA,SR,downstream,2023-10-09,20835561,2023-10-09T20:31:50Z,501.44314027323463,3101,0,0,72,2,17:33:10,2023-10-09T20:33:10Z,NA
SpC_SR_091023_downstream.xlsx,2023-10-09T17:32:00Z,2023-10-09T17:32:00Z,520.4,26.97,500.6734654608428,NA,NA,NA,NA,NA,SR,downstream,2023-10-09,20835561,2023-10-09T20:32:00Z,500.6734654608428,3101,0,0,72,2,17:33:10,2023-10-09T20:33:10Z,NA
SpC_SR_091023_downstream.xlsx,2023-10-09T17:32:10Z,2023-10-09T17:32:10Z,521.2,26.97,501.44314027323463,NA,NA,NA,NA,NA,SR,downstream,2023-10-09,20835561,2023-10-09T20:32:10Z,501.44314027323463,3101,0,0,72,2,17:33:10,2023-10-09T20:33:10Z,NA
SpC_SR_091023_downstream.xlsx,2023-10-09T17:32:20Z,2023-10-09T17:32:20Z,521.2,26.97,501.44314027323463,NA,NA,NA,NA,NA,SR,downstream,2023-10-09,20835561,2023-10-09T20:32:20Z,501.44314027323463,3101,0,0,72,2,17:33:10,2023-10-09T20:33:10Z,NA
SpC_SR_091023_downstream.xlsx,2023-10-09T17:32:30Z,2023-10-09T17:32:30Z,520.8000000000001,26.97,501.0583028670388,NA,NA,NA,NA,NA,SR,downstream,2023-10-09,20835561,2023-10-09T20:32:30Z,501.0583028670388,3101,0,0,72,2,17:33:10,2023-10-09T20:33:10Z,NA
SpC_SR_091023_downstream.xlsx,2023-10-09T17:32:40Z,2023-10-09T17:32:40Z,520.8000000000001,26.97,501.0583028670388,NA,NA,NA,NA,NA,SR,downstream,2023-10-09,20835561,2023-10-09T20:32:40Z,501.0583028670388,3101,0,0,72,2,17:33:10,2023-10-09T20:33:10Z,NA
SpC_SR_091023_downstream.xlsx,2023-10-09T17:32:50Z,2023-10-09T17:32:50Z,518.8000000000001,26.97,499.1341158360594,NA,NA,NA,NA,NA,SR,downstream,2023-10-09,20835561,2023-10-09T20:32:50Z,499.1341158360594,3101,0,0,72,2,17:33:10,2023-10-09T20:33:10Z,NA
SpC_SR_091023_downstream.xlsx,2023-10-09T17:33:00Z,2023-10-09T17:33:00Z,519.2,26.97,499.51895324225524,NA,NA,NA,NA,NA,SR,downstream,2023-10-09,20835561,2023-10-09T20:33:00Z,499.51895324225524,3101,0,0,72,2,17:33:10,2023-10-09T20:33:10Z,NA
SpC_SR_091023_downstream.xlsx,2023-10-09T17:33:10Z,2023-10-09T17:33:10Z,518,26.97,498.36444102366755,NA,NA,NA,NA,NA,SR,downstream,2023-10-09,20835561,2023-10-09T20:33:10Z,498.36444102366755,3101,0,0,72,2,17:33:10,2023-10-09T20:33:10Z,NA
SpC_SR_091023_downstream.xlsx,2023-10-09T17:33:20Z,2023-10-09T17:33:20Z,518.8000000000001,26.97,499.1341158360594,NA,NA,NA,NA,NA,SR,downstream,2023-10-09,20835561,2023-10-09T20:33:20Z,499.1341158360594,3101,0,0,72,2,17:33:10,2023-10-09T20:33:10Z,NA
SpC_SR_091023_downstream.xlsx,2023-10-09T17:33:30Z,2023-10-09T17:33:30Z,518.8000000000001,26.96,499.2301770592764,NA,NA,NA,NA,NA,SR,downstream,2023-10-09,20835561,2023-10-09T20:33:30Z,499.2301770592764,3101,0,0,72,2,17:33:10,2023-10-09T20:33:10Z,NA
SpC_SR_091023_downstream.xlsx,2023-10-09T17:33:40Z,2023-10-09T17:33:40Z,519.6,26.96,499.99999999999994,NA,NA,NA,NA,NA,SR,downstream,2023-10-09,20835561,2023-10-09T20:33:40Z,499.99999999999994,3101,0,0,72,2,17:33:10,2023-10-09T20:33:10Z,NA
SpC_SR_091023_downstream.xlsx,2023-10-09T17:33:50Z,2023-10-09T17:33:50Z,520,26.97,500.28862805464695,NA,NA,NA,NA,NA,SR,downstream,2023-10-09,20835561,2023-10-09T20:33:50Z,500.28862805464695,3101,0,0,72,2,17:33:10,2023-10-09T20:33:10Z,NA
SpC_SR_091023_downstream.xlsx,2023-10-09T17:34:00Z,2023-10-09T17:34:00Z,519.6,26.96,499.99999999999994,NA,NA,NA,NA,NA,SR,downstream,2023-10-09,20835561,2023-10-09T20:34:00Z,499.99999999999994,3101,0,0,72,2,17:33:10,2023-10-09T20:33:10Z,NA
SpC_SR_091023_downstream.xlsx,2023-10-09T17:34:10Z,2023-10-09T17:34:10Z,517.6,26.96,498.07544264819086,NA,NA,NA,NA,NA,SR,downstream,2023-10-09,20835561,2023-10-09T20:34:10Z,498.07544264819086,3101,0,0,72,2,17:33:10,2023-10-09T20:33:10Z,NA
SpC_SR_091023_downstream.xlsx,2023-10-09T17:34:20Z,2023-10-09T17:34:20Z,517.6,26.97,497.9796036174717,NA,NA,NA,NA,NA,SR,downstream,2023-10-09,20835561,2023-10-09T20:34:20Z,497.9796036174717,3101,0,0,72,2,17:33:10,2023-10-09T20:33:10Z,NA
SpC_SR_091023_downstream.xlsx,2023-10-09T17:34:30Z,2023-10-09T17:34:30Z,517.6,26.97,497.9796036174717,NA,NA,NA,NA,NA,SR,downstream,2023-10-09,20835561,2023-10-09T20:34:30Z,497.9796036174717,3101,0,0,72,2,17:33:10,2023-10-09T20:33:10Z,NA
SpC_SR_091023_downstream.xlsx,2023-10-09T17:34:40Z,2023-10-09T17:34:40Z,517.6,26.97,497.9796036174717,NA,NA,NA,NA,NA,SR,downstream,2023-10-09,20835561,2023-10-09T20:34:40Z,497.9796036174717,3101,0,0,72,2,17:33:10,2023-10-09T20:33:10Z,NA
SpC_SR_091023_downstream.xlsx,2023-10-09T17:34:50Z,2023-10-09T17:34:50Z,517.2,26.97,497.59476621127584,NA,NA,NA,NA,NA,SR,downstream,2023-10-09,20835561,2023-10-09T20:34:50Z,497.59476621127584,3101,0,0,72,2,17:33:10,2023-10-09T20:33:10Z,NA
SpC_SR_091023_downstream.xlsx,2023-10-09T17:35:00Z,2023-10-09T17:35:00Z,520,26.97,500.28862805464695,NA,NA,NA,NA,NA,SR,downstream,2023-10-09,20835561,2023-10-09T20:35:00Z,500.28862805464695,3101,0,0,72,2,17:33:10,2023-10-09T20:33:10Z,NA
SpC_SR_091023_downstream.xlsx,2023-10-09T17:35:10Z,2023-10-09T17:35:10Z,519.6,26.96,499.99999999999994,NA,NA,NA,NA,NA,SR,downstream,2023-10-09,20835561,2023-10-09T20:35:10Z,499.99999999999994,3101,0,0,72,2,17:33:10,2023-10-09T20:33:10Z,NA
SpC_SR_091023_downstream.xlsx,2023-10-09T17:35:20Z,2023-10-09T17:35:20Z,520,26.96,500.38491147036177,NA,NA,NA,NA,NA,SR,downstream,2023-10-09,20835561,2023-10-09T20:35:20Z,500.38491147036177,3101,0,0,72,2,17:33:10,2023-10-09T20:33:10Z,NA
SpC_SR_091023_downstream.xlsx,2023-10-09T17:35:30Z,2023-10-09T17:35:30Z,520,26.97,500.28862805464695,NA,NA,NA,NA,NA,SR,downstream,2023-10-09,20835561,2023-10-09T20:35:30Z,500.28862805464695,3101,0,0,72,2,17:33:10,2023-10-09T20:33:10Z,NA
SpC_SR_091023_downstream.xlsx,2023-10-09T17:35:40Z,2023-10-09T17:35:40Z,520,26.97,500.28862805464695,NA,NA,NA,NA,NA,SR,downstream,2023-10-09,20835561,2023-10-09T20:35:40Z,500.28862805464695,3101,0,0,72,2,17:33:10,2023-10-09T20:33:10Z,NA
SpC_SR_091023_downstream.xlsx,2023-10-09T17:35:50Z,2023-10-09T17:35:50Z,518.8000000000001,26.96,499.2301770592764,NA,NA,NA,NA,NA,SR,downstream,2023-10-09,20835561,2023-10-09T20:35:50Z,499.2301770592764,3101,0,0,72,2,17:33:10,2023-10-09T20:33:10Z,NA
SpC_SR_091023_downstream.xlsx,2023-10-09T17:36:00Z,2023-10-09T17:36:00Z,518,26.96,498.4603541185527,NA,NA,NA,NA,NA,SR,downstream,2023-10-09,20835561,2023-10-09T20:36:00Z,498.4603541185527,3101,0,0,72,2,17:33:10,2023-10-09T20:33:10Z,NA
SpC_SR_091023_downstream.xlsx,2023-10-09T17:36:10Z,2023-10-09T17:36:10Z,519.6,26.96,499.99999999999994,NA,NA,NA,NA,NA,SR,downstream,2023-10-09,20835561,2023-10-09T20:36:10Z,499.99999999999994,3101,0,0,72,2,17:33:10,2023-10-09T20:33:10Z,NA
SpC_SR_091023_downstream.xlsx,2023-10-09T17:36:20Z,2023-10-09T17:36:20Z,516.8000000000001,26.96,497.3056197074673,NA,NA,NA,NA,NA,SR,downstream,2023-10-09,20835561,2023-10-09T20:36:20Z,497.3056197074673,3101,0,0,72,2,17:33:10,2023-10-09T20:33:10Z,NA
SpC_SR_091023_downstream.xlsx,2023-10-09T17:36:30Z,2023-10-09T17:36:30Z,518,26.96,498.4603541185527,NA,NA,NA,NA,NA,SR,downstream,2023-10-09,20835561,2023-10-09T20:36:30Z,498.4603541185527,3101,0,0,72,2,17:33:10,2023-10-09T20:33:10Z,NA
SpC_SR_091023_downstream.xlsx,2023-10-09T17:36:40Z,2023-10-09T17:36:40Z,518,26.96,498.4603541185527,NA,NA,NA,NA,NA,SR,downstream,2023-10-09,20835561,2023-10-09T20:36:40Z,498.4603541185527,3101,0,0,72,2,17:33:10,2023-10-09T20:33:10Z,NA
SpC_SR_091023_downstream.xlsx,2023-10-09T17:36:50Z,2023-10-09T17:36:50Z,518,26.96,498.4603541185527,NA,NA,NA,NA,NA,SR,downstream,2023-10-09,20835561,2023-10-09T20:36:50Z,498.4603541185527,3101,0,0,72,2,17:33:10,2023-10-09T20:33:10Z,NA
SpC_SR_091023_downstream.xlsx,2023-10-09T17:37:00Z,2023-10-09T17:37:00Z,517.6,26.96,498.07544264819086,NA,NA,NA,NA,NA,SR,downstream,2023-10-09,20835561,2023-10-09T20:37:00Z,498.07544264819086,3101,0,0,72,2,17:33:10,2023-10-09T20:33:10Z,NA
SpC_SR_091023_downstream.xlsx,2023-10-09T17:37:10Z,2023-10-09T17:37:10Z,518,26.96,498.4603541185527,NA,NA,NA,NA,NA,SR,downstream,2023-10-09,20835561,2023-10-09T20:37:10Z,498.4603541185527,3101,0,0,72,2,17:33:10,2023-10-09T20:33:10Z,NA
SpC_SR_091023_downstream.xlsx,2023-10-09T17:37:20Z,2023-10-09T17:37:20Z,518.8000000000001,26.96,499.2301770592764,NA,NA,NA,NA,NA,SR,downstream,2023-10-09,20835561,2023-10-09T20:37:20Z,499.2301770592764,3101,0,0,72,2,17:33:10,2023-10-09T20:33:10Z,NA
SpC_SR_091023_downstream.xlsx,2023-10-09T17:37:30Z,2023-10-09T17:37:30Z,518,26.96,498.4603541185527,NA,NA,NA,NA,NA,SR,downstream,2023-10-09,20835561,2023-10-09T20:37:30Z,498.4603541185527,3101,0,0,72,2,17:33:10,2023-10-09T20:33:10Z,NA
SpC_SR_091023_downstream.xlsx,2023-10-09T17:37:40Z,2023-10-09T17:37:40Z,517.6,26.94,498.2672314208703,NA,NA,NA,NA,NA,SR,downstream,2023-10-09,20835561,2023-10-09T20:37:40Z,498.2672314208703,3101,0,0,72,2,17:33:10,2023-10-09T20:33:10Z,NA
SpC_SR_091023_downstream.xlsx,2023-10-09T17:37:50Z,2023-10-09T17:37:50Z,516.8000000000001,26.96,497.3056197074673,NA,NA,NA,NA,NA,SR,downstream,2023-10-09,20835561,2023-10-09T20:37:50Z,497.3056197074673,3101,0,0,72,2,17:33:10,2023-10-09T20:33:10Z,NA
SpC_SR_091023_downstream.xlsx,2023-10-09T17:38:00Z,2023-10-09T17:38:00Z,516.4,26.96,496.9207082371054,NA,NA,NA,NA,NA,SR,downstream,2023-10-09,20835561,2023-10-09T20:38:00Z,496.9207082371054,3101,0,0,72,2,17:33:10,2023-10-09T20:33:10Z,NA
SpC_SR_091023_downstream.xlsx,2023-10-09T17:38:10Z,2023-10-09T17:38:10Z,475.5,26.96,457.56351039260966,NA,NA,NA,NA,NA,SR,downstream,2023-10-09,20835561,2023-10-09T20:38:10Z,457.56351039260966,3101,0,0,72,2,17:33:10,2023-10-09T20:33:10Z,NA
SpC_SR_091023_downstream.xlsx,2023-10-09T17:38:20Z,2023-10-09T17:38:20Z,519.2,26.96,499.61508852963817,NA,NA,NA,NA,NA,SR,downstream,2023-10-09,20835561,2023-10-09T20:38:20Z,499.61508852963817,3101,0,0,72,2,17:33:10,2023-10-09T20:33:10Z,NA
SpC_SR_091023_downstream.xlsx,2023-10-09T17:38:30Z,2023-10-09T17:38:30Z,519.2,26.96,499.61508852963817,NA,NA,NA,NA,NA,SR,downstream,2023-10-09,20835561,2023-10-09T20:38:30Z,499.61508852963817,3101,0,0,72,2,17:33:10,2023-10-09T20:33:10Z,NA
SpC_SR_091023_downstream.xlsx,2023-10-09T17:38:40Z,2023-10-09T17:38:40Z,518.4,26.96,498.84526558891446,NA,NA,NA,NA,NA,SR,downstream,2023-10-09,20835561,2023-10-09T20:38:40Z,498.84526558891446,3101,0,0,72,2,17:33:10,2023-10-09T20:33:10Z,NA
SpC_SR_091023_downstream.xlsx,2023-10-09T17:38:50Z,2023-10-09T17:38:50Z,517.6,26.94,498.2672314208703,NA,NA,NA,NA,NA,SR,downstream,2023-10-09,20835561,2023-10-09T20:38:50Z,498.2672314208703,3101,0,0,72,2,17:33:10,2023-10-09T20:33:10Z,NA
SpC_SR_091023_downstream.xlsx,2023-10-09T17:39:00Z,2023-10-09T17:39:00Z,515.3000000000001,26.96,495.8622016936105,NA,NA,NA,NA,NA,SR,downstream,2023-10-09,20835561,2023-10-09T20:39:00Z,495.8622016936105,3101,0,0,72,2,17:33:10,2023-10-09T20:33:10Z,NA
SpC_SR_091023_downstream.xlsx,2023-10-09T17:39:10Z,2023-10-09T17:39:10Z,519.6,26.96,499.99999999999994,NA,NA,NA,NA,NA,SR,downstream,2023-10-09,20835561,2023-10-09T20:39:10Z,499.99999999999994,3101,0,0,72,2,17:33:10,2023-10-09T20:33:10Z,NA
SpC_SR_091023_downstream.xlsx,2023-10-09T17:39:20Z,2023-10-09T17:39:20Z,519.6,26.96,499.99999999999994,NA,NA,NA,NA,NA,SR,downstream,2023-10-09,20835561,2023-10-09T20:39:20Z,499.99999999999994,3101,0,0,72,2,17:33:10,2023-10-09T20:33:10Z,NA
SpC_SR_091023_downstream.xlsx,2023-10-09T17:39:30Z,2023-10-09T17:39:30Z,519.6,26.96,499.99999999999994,NA,NA,NA,NA,NA,SR,downstream,2023-10-09,20835561,2023-10-09T20:39:30Z,499.99999999999994,3101,0,0,72,2,17:33:10,2023-10-09T20:33:10Z,NA
SpC_SR_091023_downstream.xlsx,2023-10-09T17:39:40Z,2023-10-09T17:39:40Z,518.8000000000001,26.96,499.2301770592764,NA,NA,NA,NA,NA,SR,downstream,2023-10-09,20835561,2023-10-09T20:39:40Z,499.2301770592764,3101,0,0,72,2,17:33:10,2023-10-09T20:33:10Z,NA
SpC_SR_091023_downstream.xlsx,2023-10-09T17:39:50Z,2023-10-09T17:39:50Z,513.3000000000001,26.96,493.9376443418014,NA,NA,NA,NA,NA,SR,downstream,2023-10-09,20835561,2023-10-09T20:39:50Z,493.9376443418014,3101,0,0,72,2,17:33:10,2023-10-09T20:33:10Z,NA
SpC_SR_091023_downstream.xlsx,2023-10-09T17:40:00Z,2023-10-09T17:40:00Z,512.9,26.96,493.5527328714395,NA,NA,NA,NA,NA,SR,downstream,2023-10-09,20835561,2023-10-09T20:40:00Z,493.5527328714395,3101,0,0,72,2,17:33:10,2023-10-09T20:33:10Z,NA
SpC_SR_091023_downstream.xlsx,2023-10-09T17:40:10Z,2023-10-09T17:40:10Z,512.5,26.96,493.1678214010777,NA,NA,NA,NA,NA,SR,downstream,2023-10-09,20835561,2023-10-09T20:40:10Z,493.1678214010777,3101,0,0,72,2,17:33:10,2023-10-09T20:33:10Z,NA
SpC_SR_091023_downstream.xlsx,2023-10-09T17:40:20Z,2023-10-09T17:40:20Z,513.3000000000001,26.96,493.9376443418014,NA,NA,NA,NA,NA,SR,downstream,2023-10-09,20835561,2023-10-09T20:40:20Z,493.9376443418014,3101,0,0,72,2,17:33:10,2023-10-09T20:33:10Z,NA
SpC_SR_091023_downstream.xlsx,2023-10-09T17:40:30Z,2023-10-09T17:40:30Z,513.3000000000001,26.96,493.9376443418014,NA,NA,NA,NA,NA,SR,downstream,2023-10-09,20835561,2023-10-09T20:40:30Z,493.9376443418014,3101,0,0,72,2,17:33:10,2023-10-09T20:33:10Z,NA
SpC_SR_091023_downstream.xlsx,2023-10-09T17:40:40Z,2023-10-09T17:40:40Z,510.90000000000003,26.96,491.6281755196305,NA,NA,NA,NA,NA,SR,downstream,2023-10-09,20835561,2023-10-09T20:40:40Z,491.6281755196305,3101,0,0,72,2,17:33:10,2023-10-09T20:33:10Z,NA
SpC_SR_091023_downstream.xlsx,2023-10-09T17:40:50Z,2023-10-09T17:40:50Z,510.5,26.96,491.2432640492686,NA,NA,NA,NA,NA,SR,downstream,2023-10-09,20835561,2023-10-09T20:40:50Z,491.2432640492686,3101,0,0,72,2,17:33:10,2023-10-09T20:33:10Z,NA
SpC_SR_091023_downstream.xlsx,2023-10-09T17:41:00Z,2023-10-09T17:41:00Z,510.5,26.96,491.2432640492686,NA,NA,NA,NA,NA,SR,downstream,2023-10-09,20835561,2023-10-09T20:41:00Z,491.2432640492686,3101,0,0,72,2,17:33:10,2023-10-09T20:33:10Z,NA
SpC_SR_091023_downstream.xlsx,2023-10-09T17:41:10Z,2023-10-09T17:41:10Z,510.5,26.96,491.2432640492686,NA,NA,NA,NA,NA,SR,downstream,2023-10-09,20835561,2023-10-09T20:41:10Z,491.2432640492686,3101,0,0,72,2,17:33:10,2023-10-09T20:33:10Z,NA
SpC_SR_091023_downstream.xlsx,2023-10-09T17:41:20Z,2023-10-09T17:41:20Z,517.6,26.96,498.07544264819086,NA,NA,NA,NA,NA,SR,downstream,2023-10-09,20835561,2023-10-09T20:41:20Z,498.07544264819086,3101,0,0,72,2,17:33:10,2023-10-09T20:33:10Z,NA
SpC_SR_091023_downstream.xlsx,2023-10-09T17:41:30Z,2023-10-09T17:41:30Z,517.6,26.96,498.07544264819086,NA,NA,NA,NA,NA,SR,downstream,2023-10-09,20835561,2023-10-09T20:41:30Z,498.07544264819086,3101,0,0,72,2,17:33:10,2023-10-09T20:33:10Z,NA
SpC_SR_091023_downstream.xlsx,2023-10-09T17:41:40Z,2023-10-09T17:41:40Z,516.8000000000001,26.96,497.3056197074673,NA,NA,NA,NA,NA,SR,downstream,2023-10-09,20835561,2023-10-09T20:41:40Z,497.3056197074673,3101,0,0,72,2,17:33:10,2023-10-09T20:33:10Z,NA
SpC_SR_091023_downstream.xlsx,2023-10-09T17:41:50Z,2023-10-09T17:41:50Z,516.4,26.96,496.9207082371054,NA,NA,NA,NA,NA,SR,downstream,2023-10-09,20835561,2023-10-09T20:41:50Z,496.9207082371054,3101,0,0,72,2,17:33:10,2023-10-09T20:33:10Z,NA
SpC_SR_091023_downstream.xlsx,2023-10-09T17:42:00Z,2023-10-09T17:42:00Z,516.4,26.96,496.9207082371054,NA,NA,NA,NA,NA,SR,downstream,2023-10-09,20835561,2023-10-09T20:42:00Z,496.9207082371054,3101,0,0,72,2,17:33:10,2023-10-09T20:33:10Z,NA
SpC_SR_091023_downstream.xlsx,2023-10-09T17:42:10Z,2023-10-09T17:42:10Z,518.4,26.96,498.84526558891446,NA,NA,NA,NA,NA,SR,downstream,2023-10-09,20835561,2023-10-09T20:42:10Z,498.84526558891446,3101,0,0,72,2,17:33:10,2023-10-09T20:33:10Z,NA
SpC_SR_091023_downstream.xlsx,2023-10-09T17:42:20Z,2023-10-09T17:42:20Z,518.8000000000001,26.96,499.2301770592764,NA,NA,NA,NA,NA,SR,downstream,2023-10-09,20835561,2023-10-09T20:42:20Z,499.2301770592764,3101,0,0,72,2,17:33:10,2023-10-09T20:33:10Z,NA
SpC_SR_091023_downstream.xlsx,2023-10-09T17:42:30Z,2023-10-09T17:42:30Z,517.2,26.96,497.6905311778291,NA,NA,NA,NA,NA,SR,downstream,2023-10-09,20835561,2023-10-09T20:42:30Z,497.6905311778291,3101,0,0,72,2,17:33:10,2023-10-09T20:33:10Z,NA
SpC_SR_091023_downstream.xlsx,2023-10-09T17:42:40Z,2023-10-09T17:42:40Z,514.9,26.96,495.4772902232486,NA,NA,NA,NA,NA,SR,downstream,2023-10-09,20835561,2023-10-09T20:42:40Z,495.4772902232486,3101,0,0,72,2,17:33:10,2023-10-09T20:33:10Z,NA
SpC_SR_091023_downstream.xlsx,2023-10-09T17:42:50Z,2023-10-09T17:42:50Z,516.8000000000001,26.96,497.3056197074673,NA,NA,NA,NA,NA,SR,downstream,2023-10-09,20835561,2023-10-09T20:42:50Z,497.3056197074673,3101,0,0,72,2,17:33:10,2023-10-09T20:33:10Z,NA
SpC_SR_091023_downstream.xlsx,2023-10-09T17:43:00Z,2023-10-09T17:43:00Z,516.8000000000001,26.96,497.3056197074673,NA,NA,NA,NA,NA,SR,downstream,2023-10-09,20835561,2023-10-09T20:43:00Z,497.3056197074673,3101,0,0,72,2,17:33:10,2023-10-09T20:33:10Z,NA
SpC_SR_091023_downstream.xlsx,2023-10-09T17:43:10Z,2023-10-09T17:43:10Z,517.6,26.96,498.07544264819086,NA,NA,NA,NA,NA,SR,downstream,2023-10-09,20835561,2023-10-09T20:43:10Z,498.07544264819086,3101,0,0,72,2,17:33:10,2023-10-09T20:33:10Z,NA
SpC_SR_091023_downstream.xlsx,2023-10-09T17:43:20Z,2023-10-09T17:43:20Z,517.6,26.96,498.07544264819086,NA,NA,NA,NA,NA,SR,downstream,2023-10-09,20835561,2023-10-09T20:43:20Z,498.07544264819086,3101,0,0,72,2,17:33:10,2023-10-09T20:33:10Z,NA
SpC_SR_091023_downstream.xlsx,2023-10-09T17:43:30Z,2023-10-09T17:43:30Z,515.3000000000001,26.96,495.8622016936105,NA,NA,NA,NA,NA,SR,downstream,2023-10-09,20835561,2023-10-09T20:43:30Z,495.8622016936105,3101,0,0,72,2,17:33:10,2023-10-09T20:33:10Z,NA
SpC_SR_091023_downstream.xlsx,2023-10-09T17:43:40Z,2023-10-09T17:43:40Z,515.3000000000001,26.96,495.8622016936105,NA,NA,NA,NA,NA,SR,downstream,2023-10-09,20835561,2023-10-09T20:43:40Z,495.8622016936105,3101,0,0,72,2,17:33:10,2023-10-09T20:33:10Z,NA
SpC_SR_091023_downstream.xlsx,2023-10-09T17:43:50Z,2023-10-09T17:43:50Z,513.3000000000001,26.96,493.9376443418014,NA,NA,NA,NA,NA,SR,downstream,2023-10-09,20835561,2023-10-09T20:43:50Z,493.9376443418014,3101,0,0,72,2,17:33:10,2023-10-09T20:33:10Z,NA
SpC_SR_091023_downstream.xlsx,2023-10-09T17:44:00Z,2023-10-09T17:44:00Z,513.3000000000001,26.96,493.9376443418014,NA,NA,NA,NA,NA,SR,downstream,2023-10-09,20835561,2023-10-09T20:44:00Z,493.9376443418014,3101,0,0,72,2,17:33:10,2023-10-09T20:33:10Z,NA
SpC_SR_091023_downstream.xlsx,2023-10-09T17:44:10Z,2023-10-09T17:44:10Z,512.9,26.96,493.5527328714395,NA,NA,NA,NA,NA,SR,downstream,2023-10-09,20835561,2023-10-09T20:44:10Z,493.5527328714395,3101,0,0,72,2,17:33:10,2023-10-09T20:33:10Z,NA
SpC_SR_091023_downstream.xlsx,2023-10-09T17:44:20Z,2023-10-09T17:44:20Z,508.90000000000003,26.96,489.7036181678214,NA,NA,NA,NA,NA,SR,downstream,2023-10-09,20835561,2023-10-09T20:44:20Z,489.7036181678214,3101,0,0,72,2,17:33:10,2023-10-09T20:33:10Z,NA
SpC_SR_091023_downstream.xlsx,2023-10-09T17:44:30Z,2023-10-09T17:44:30Z,509.3,26.96,490.08852963818316,NA,NA,NA,NA,NA,SR,downstream,2023-10-09,20835561,2023-10-09T20:44:30Z,490.08852963818316,3101,0,0,72,2,17:33:10,2023-10-09T20:33:10Z,NA
SpC_SR_091023_downstream.xlsx,2023-10-09T17:44:40Z,2023-10-09T17:44:40Z,508.90000000000003,26.96,489.7036181678214,NA,NA,NA,NA,NA,SR,downstream,2023-10-09,20835561,2023-10-09T20:44:40Z,489.7036181678214,3101,0,0,72,2,17:33:10,2023-10-09T20:33:10Z,NA
SpC_SR_091023_downstream.xlsx,2023-10-09T17:44:50Z,2023-10-09T17:44:50Z,508.90000000000003,26.96,489.7036181678214,NA,NA,NA,NA,NA,SR,downstream,2023-10-09,20835561,2023-10-09T20:44:50Z,489.7036181678214,3101,0,0,72,2,17:33:10,2023-10-09T20:33:10Z,NA
SpC_SR_091023_downstream.xlsx,2023-10-09T17:45:00Z,2023-10-09T17:45:00Z,508.90000000000003,26.96,489.7036181678214,NA,NA,NA,NA,NA,SR,downstream,2023-10-09,20835561,2023-10-09T20:45:00Z,489.7036181678214,3101,0,0,72,2,17:33:10,2023-10-09T20:33:10Z,NA
SpC_SR_091023_downstream.xlsx,2023-10-09T17:45:10Z,2023-10-09T17:45:10Z,508.90000000000003,26.96,489.7036181678214,NA,NA,NA,NA,NA,SR,downstream,2023-10-09,20835561,2023-10-09T20:45:10Z,489.7036181678214,3101,0,0,72,2,17:33:10,2023-10-09T20:33:10Z,NA
SpC_SR_091023_downstream.xlsx,2023-10-09T17:45:20Z,2023-10-09T17:45:20Z,508.90000000000003,26.96,489.7036181678214,NA,NA,NA,NA,NA,SR,downstream,2023-10-09,20835561,2023-10-09T20:45:20Z,489.7036181678214,3101,0,0,72,2,17:33:10,2023-10-09T20:33:10Z,NA
SpC_SR_091023_downstream.xlsx,2023-10-09T17:45:30Z,2023-10-09T17:45:30Z,508.90000000000003,26.96,489.7036181678214,NA,NA,NA,NA,NA,SR,downstream,2023-10-09,20835561,2023-10-09T20:45:30Z,489.7036181678214,3101,0,0,72,2,17:33:10,2023-10-09T20:33:10Z,NA
SpC_SR_091023_downstream.xlsx,2023-10-09T17:45:40Z,2023-10-09T17:45:40Z,508.90000000000003,26.96,489.7036181678214,NA,NA,NA,NA,NA,SR,downstream,2023-10-09,20835561,2023-10-09T20:45:40Z,489.7036181678214,3101,0,0,72,2,17:33:10,2023-10-09T20:33:10Z,NA
SpC_SR_091023_downstream.xlsx,2023-10-09T17:45:50Z,2023-10-09T17:45:50Z,505.70000000000005,26.96,486.6243264049269,NA,NA,NA,NA,NA,SR,downstream,2023-10-09,20835561,2023-10-09T20:45:50Z,486.6243264049269,3101,0,0,72,2,17:33:10,2023-10-09T20:33:10Z,NA
SpC_SR_091023_downstream.xlsx,2023-10-09T17:46:00Z,2023-10-09T17:46:00Z,504.90000000000003,26.96,485.8545034642032,NA,NA,NA,NA,NA,SR,downstream,2023-10-09,20835561,2023-10-09T20:46:00Z,485.8545034642032,3101,0,0,72,2,17:33:10,2023-10-09T20:33:10Z,NA
SpC_SR_091023_downstream.xlsx,2023-10-09T17:46:10Z,2023-10-09T17:46:10Z,505.3,26.94,486.42664613015023,NA,NA,NA,NA,NA,SR,downstream,2023-10-09,20835561,2023-10-09T20:46:10Z,486.42664613015023,3101,0,0,72,2,17:33:10,2023-10-09T20:33:10Z,NA
SpC_SR_091023_downstream.xlsx,2023-10-09T17:46:20Z,2023-10-09T17:46:20Z,504.5,26.94,485.6565267616481,NA,NA,NA,NA,NA,SR,downstream,2023-10-09,20835561,2023-10-09T20:46:20Z,485.6565267616481,3101,0,0,72,2,17:33:10,2023-10-09T20:33:10Z,NA
SpC_SR_091023_downstream.xlsx,2023-10-09T17:46:30Z,2023-10-09T17:46:30Z,504.1,26.94,485.27146707739706,NA,NA,NA,NA,NA,SR,downstream,2023-10-09,20835561,2023-10-09T20:46:30Z,485.27146707739706,3101,0,0,72,2,17:33:10,2023-10-09T20:33:10Z,NA
SpC_SR_091023_downstream.xlsx,2023-10-09T17:46:40Z,2023-10-09T17:46:40Z,504.5,26.94,485.6565267616481,NA,NA,NA,NA,NA,SR,downstream,2023-10-09,20835561,2023-10-09T20:46:40Z,485.6565267616481,3101,0,0,72,2,17:33:10,2023-10-09T20:33:10Z,NA
SpC_SR_091023_downstream.xlsx,2023-10-09T17:46:50Z,2023-10-09T17:46:50Z,509.70000000000005,26.94,490.6623026569119,NA,NA,NA,NA,NA,SR,downstream,2023-10-09,20835561,2023-10-09T20:46:50Z,490.6623026569119,3101,0,0,72,2,17:33:10,2023-10-09T20:33:10Z,NA
SpC_SR_091023_downstream.xlsx,2023-10-09T17:47:00Z,2023-10-09T17:47:00Z,510.1,26.94,491.0473623411629,NA,NA,NA,NA,NA,SR,downstream,2023-10-09,20835561,2023-10-09T20:47:00Z,491.0473623411629,3101,0,0,72,2,17:33:10,2023-10-09T20:33:10Z,NA
SpC_SR_091023_downstream.xlsx,2023-10-09T17:47:10Z,2023-10-09T17:47:10Z,509.70000000000005,26.94,490.6623026569119,NA,NA,NA,NA,NA,SR,downstream,2023-10-09,20835561,2023-10-09T20:47:10Z,490.6623026569119,3101,0,0,72,2,17:33:10,2023-10-09T20:33:10Z,NA
SpC_SR_091023_downstream.xlsx,2023-10-09T17:47:20Z,2023-10-09T17:47:20Z,509.70000000000005,26.94,490.6623026569119,NA,NA,NA,NA,NA,SR,downstream,2023-10-09,20835561,2023-10-09T20:47:20Z,490.6623026569119,3101,0,0,72,2,17:33:10,2023-10-09T20:33:10Z,NA
SpC_SR_091023_downstream.xlsx,2023-10-09T17:47:30Z,2023-10-09T17:47:30Z,508.90000000000003,26.94,489.89218328840974,NA,NA,NA,NA,NA,SR,downstream,2023-10-09,20835561,2023-10-09T20:47:30Z,489.89218328840974,3101,0,0,72,2,17:33:10,2023-10-09T20:33:10Z,NA
SpC_SR_091023_downstream.xlsx,2023-10-09T17:47:40Z,2023-10-09T17:47:40Z,508.90000000000003,26.94,489.89218328840974,NA,NA,NA,NA,NA,SR,downstream,2023-10-09,20835561,2023-10-09T20:47:40Z,489.89218328840974,3101,0,0,72,2,17:33:10,2023-10-09T20:33:10Z,NA
SpC_SR_091023_downstream.xlsx,2023-10-09T17:47:50Z,2023-10-09T17:47:50Z,508.90000000000003,26.94,489.89218328840974,NA,NA,NA,NA,NA,SR,downstream,2023-10-09,20835561,2023-10-09T20:47:50Z,489.89218328840974,3101,0,0,72,2,17:33:10,2023-10-09T20:33:10Z,NA
SpC_SR_091023_downstream.xlsx,2023-10-09T17:48:00Z,2023-10-09T17:48:00Z,508.90000000000003,26.94,489.89218328840974,NA,NA,NA,NA,NA,SR,downstream,2023-10-09,20835561,2023-10-09T20:48:00Z,489.89218328840974,3101,0,0,72,2,17:33:10,2023-10-09T20:33:10Z,NA
SpC_SR_091023_downstream.xlsx,2023-10-09T17:48:10Z,2023-10-09T17:48:10Z,509.70000000000005,26.94,490.6623026569119,NA,NA,NA,NA,NA,SR,downstream,2023-10-09,20835561,2023-10-09T20:48:10Z,490.6623026569119,3101,0,0,72,2,17:33:10,2023-10-09T20:33:10Z,NA
SpC_SR_091023_downstream.xlsx,2023-10-09T17:48:20Z,2023-10-09T17:48:20Z,509.70000000000005,26.94,490.6623026569119,NA,NA,NA,NA,NA,SR,downstream,2023-10-09,20835561,2023-10-09T20:48:20Z,490.6623026569119,3101,0,0,72,2,17:33:10,2023-10-09T20:33:10Z,NA
SpC_SR_091023_downstream.xlsx,2023-10-09T17:48:30Z,2023-10-09T17:48:30Z,508.90000000000003,26.94,489.89218328840974,NA,NA,NA,NA,NA,SR,downstream,2023-10-09,20835561,2023-10-09T20:48:30Z,489.89218328840974,3101,0,0,72,2,17:33:10,2023-10-09T20:33:10Z,NA
SpC_SR_091023_downstream.xlsx,2023-10-09T17:48:40Z,2023-10-09T17:48:40Z,508.5,26.94,489.50712360415866,NA,NA,NA,NA,NA,SR,downstream,2023-10-09,20835561,2023-10-09T20:48:40Z,489.50712360415866,3101,0,0,72,2,17:33:10,2023-10-09T20:33:10Z,NA
SpC_SR_091023_downstream.xlsx,2023-10-09T17:48:50Z,2023-10-09T17:48:50Z,507.70000000000005,26.94,488.73700423565657,NA,NA,NA,NA,NA,SR,downstream,2023-10-09,20835561,2023-10-09T20:48:50Z,488.73700423565657,3101,0,0,72,2,17:33:10,2023-10-09T20:33:10Z,NA
SpC_SR_091023_downstream.xlsx,2023-10-09T17:49:00Z,2023-10-09T17:49:00Z,480.6,26.93,462.7383015597921,NA,NA,NA,NA,NA,SR,downstream,2023-10-09,20835561,2023-10-09T20:49:00Z,462.7383015597921,3101,0,0,72,2,17:33:10,2023-10-09T20:33:10Z,NA
SpC_SR_091023_downstream.xlsx,2023-10-09T17:49:10Z,2023-10-09T17:49:10Z,466.40000000000003,26.93,449.0660504525323,NA,NA,NA,NA,NA,SR,downstream,2023-10-09,20835561,2023-10-09T20:49:10Z,449.0660504525323,3101,0,0,72,2,17:33:10,2023-10-09T20:33:10Z,NA
SpC_SR_091023_downstream.xlsx,2023-10-09T17:49:20Z,2023-10-09T17:49:20Z,466.40000000000003,26.93,449.0660504525323,NA,NA,NA,NA,NA,SR,downstream,2023-10-09,20835561,2023-10-09T20:49:20Z,449.0660504525323,3101,0,0,72,2,17:33:10,2023-10-09T20:33:10Z,NA
SpC_SR_091023_downstream.xlsx,2023-10-09T17:49:30Z,2023-10-09T17:49:30Z,466.40000000000003,26.93,449.0660504525323,NA,NA,NA,NA,NA,SR,downstream,2023-10-09,20835561,2023-10-09T20:49:30Z,449.0660504525323,3101,0,0,72,2,17:33:10,2023-10-09T20:33:10Z,NA
SpC_SR_091023_downstream.xlsx,2023-10-09T17:49:40Z,2023-10-09T17:49:40Z,466.70000000000005,26.93,449.3549008280378,NA,NA,NA,NA,NA,SR,downstream,2023-10-09,20835561,2023-10-09T20:49:40Z,449.3549008280378,3101,0,0,72,2,17:33:10,2023-10-09T20:33:10Z,NA
SpC_SR_091023_downstream.xlsx,2023-10-09T17:49:50Z,2023-10-09T17:49:50Z,466.3,26.94,448.88332691567194,NA,NA,NA,NA,NA,SR,downstream,2023-10-09,20835561,2023-10-09T20:49:50Z,448.88332691567194,3101,0,0,72,2,17:33:10,2023-10-09T20:33:10Z,NA
SpC_SR_091023_downstream.xlsx,2023-10-09T17:50:00Z,2023-10-09T17:50:00Z,465.6,26.93,448.29578278451766,NA,NA,NA,NA,NA,SR,downstream,2023-10-09,20835561,2023-10-09T20:50:00Z,448.29578278451766,3101,0,0,72,2,17:33:10,2023-10-09T20:33:10Z,NA
SpC_SR_091023_downstream.xlsx,2023-10-09T17:50:10Z,2023-10-09T17:50:10Z,465.6,26.93,448.29578278451766,NA,NA,NA,NA,NA,SR,downstream,2023-10-09,20835561,2023-10-09T20:50:10Z,448.29578278451766,3101,0,0,72,2,17:33:10,2023-10-09T20:33:10Z,NA
SpC_SR_091023_downstream.xlsx,2023-10-09T17:50:20Z,2023-10-09T17:50:20Z,464,26.93,446.7552474484884,NA,NA,NA,NA,NA,SR,downstream,2023-10-09,20835561,2023-10-09T20:50:20Z,446.7552474484884,3101,0,0,72,2,17:33:10,2023-10-09T20:33:10Z,NA
SpC_SR_091023_downstream.xlsx,2023-10-09T17:50:30Z,2023-10-09T17:50:30Z,464,26.93,446.7552474484884,NA,NA,NA,NA,NA,SR,downstream,2023-10-09,20835561,2023-10-09T20:50:30Z,446.7552474484884,3101,0,0,72,2,17:33:10,2023-10-09T20:33:10Z,NA
SpC_SR_091023_downstream.xlsx,2023-10-09T17:50:40Z,2023-10-09T17:50:40Z,463.20000000000005,26.93,445.9849797804738,NA,NA,NA,NA,NA,SR,downstream,2023-10-09,20835561,2023-10-09T20:50:40Z,445.9849797804738,3101,0,0,72,2,17:33:10,2023-10-09T20:33:10Z,NA
SpC_SR_091023_downstream.xlsx,2023-10-09T17:50:50Z,2023-10-09T17:50:50Z,462.8,26.93,445.5998459464664,NA,NA,NA,NA,NA,SR,downstream,2023-10-09,20835561,2023-10-09T20:50:50Z,445.5998459464664,3101,0,0,72,2,17:33:10,2023-10-09T20:33:10Z,NA
SpC_SR_091023_downstream.xlsx,2023-10-09T17:51:00Z,2023-10-09T17:51:00Z,462,26.93,444.8295782784518,NA,NA,NA,NA,NA,SR,downstream,2023-10-09,20835561,2023-10-09T20:51:00Z,444.8295782784518,3101,0,0,72,2,17:33:10,2023-10-09T20:33:10Z,NA
SpC_SR_091023_downstream.xlsx,2023-10-09T17:51:10Z,2023-10-09T17:51:10Z,472.70000000000005,26.92,455.2195685670262,NA,NA,NA,NA,NA,SR,downstream,2023-10-09,20835561,2023-10-09T20:51:10Z,455.2195685670262,3101,0,0,72,2,17:33:10,2023-10-09T20:33:10Z,NA
SpC_SR_091023_downstream.xlsx,2023-10-09T17:51:20Z,2023-10-09T17:51:20Z,464.8,26.92,447.61171032357475,NA,NA,NA,NA,NA,SR,downstream,2023-10-09,20835561,2023-10-09T20:51:20Z,447.61171032357475,3101,0,0,72,2,17:33:10,2023-10-09T20:33:10Z,NA
SpC_SR_091023_downstream.xlsx,2023-10-09T17:51:30Z,2023-10-09T17:51:30Z,462.8,26.92,445.6856702619415,NA,NA,NA,NA,NA,SR,downstream,2023-10-09,20835561,2023-10-09T20:51:30Z,445.6856702619415,3101,0,0,72,2,17:33:10,2023-10-09T20:33:10Z,NA
SpC_SR_091023_downstream.xlsx,2023-10-09T17:51:40Z,2023-10-09T17:51:40Z,463.20000000000005,26.93,445.9849797804738,NA,NA,NA,NA,NA,SR,downstream,2023-10-09,20835561,2023-10-09T20:51:40Z,445.9849797804738,3101,0,0,72,2,17:33:10,2023-10-09T20:33:10Z,NA
SpC_SR_091023_downstream.xlsx,2023-10-09T17:51:50Z,2023-10-09T17:51:50Z,463.6,26.93,446.37011361448106,NA,NA,NA,NA,NA,SR,downstream,2023-10-09,20835561,2023-10-09T20:51:50Z,446.37011361448106,3101,0,0,72,2,17:33:10,2023-10-09T20:33:10Z,NA
SpC_SR_091023_downstream.xlsx,2023-10-09T17:52:00Z,2023-10-09T17:52:00Z,454.5,26.92,437.6926040061633,NA,NA,NA,NA,NA,SR,downstream,2023-10-09,20835561,2023-10-09T20:52:00Z,437.6926040061633,3101,0,0,72,2,17:33:10,2023-10-09T20:33:10Z,NA
SpC_SR_091023_downstream.xlsx,2023-10-09T17:52:10Z,2023-10-09T17:52:10Z,435.40000000000003,26.92,419.2989214175655,NA,NA,NA,NA,NA,SR,downstream,2023-10-09,20835561,2023-10-09T20:52:10Z,419.2989214175655,3101,0,0,72,2,17:33:10,2023-10-09T20:33:10Z,NA
SpC_SR_091023_downstream.xlsx,2023-10-09T17:52:20Z,2023-10-09T17:52:20Z,435,26.92,418.9137134052388,NA,NA,NA,NA,NA,SR,downstream,2023-10-09,20835561,2023-10-09T20:52:20Z,418.9137134052388,3101,0,0,72,2,17:33:10,2023-10-09T20:33:10Z,NA
SpC_SR_091023_downstream.xlsx,2023-10-09T17:52:30Z,2023-10-09T17:52:30Z,434.3,26.93,418.15906027344505,NA,NA,NA,NA,NA,SR,downstream,2023-10-09,20835561,2023-10-09T20:52:30Z,418.15906027344505,3101,0,0,72,2,17:33:10,2023-10-09T20:33:10Z,NA
SpC_SR_091023_downstream.xlsx,2023-10-09T17:52:40Z,2023-10-09T17:52:40Z,454.1,26.92,437.3073959938367,NA,NA,NA,NA,NA,SR,downstream,2023-10-09,20835561,2023-10-09T20:52:40Z,437.3073959938367,3101,0,0,72,2,17:33:10,2023-10-09T20:33:10Z,NA
SpC_SR_091023_downstream.xlsx,2023-10-09T17:52:50Z,2023-10-09T17:52:50Z,435.8,26.92,419.68412942989215,NA,NA,NA,NA,NA,SR,downstream,2023-10-09,20835561,2023-10-09T20:52:50Z,419.68412942989215,3101,0,0,72,2,17:33:10,2023-10-09T20:33:10Z,NA
SpC_SR_091023_downstream.xlsx,2023-10-09T17:53:00Z,2023-10-09T17:53:00Z,478.70000000000005,26.92,460.9976887519261,NA,NA,NA,NA,NA,SR,downstream,2023-10-09,20835561,2023-10-09T20:53:00Z,460.9976887519261,3101,0,0,72,2,17:33:10,2023-10-09T20:33:10Z,NA
SpC_SR_091023_downstream.xlsx,2023-10-09T17:53:10Z,2023-10-09T17:53:10Z,498.90000000000003,26.92,480.4506933744222,NA,NA,NA,NA,NA,SR,downstream,2023-10-09,20835561,2023-10-09T20:53:10Z,480.4506933744222,3101,0,0,72,2,17:33:10,2023-10-09T20:33:10Z,NA
SpC_SR_091023_downstream.xlsx,2023-10-09T17:53:20Z,2023-10-09T17:53:20Z,498.5,26.92,480.06548536209556,NA,NA,NA,NA,NA,SR,downstream,2023-10-09,20835561,2023-10-09T20:53:20Z,480.06548536209556,3101,0,0,72,2,17:33:10,2023-10-09T20:33:10Z,NA
SpC_SR_091023_downstream.xlsx,2023-10-09T17:53:30Z,2023-10-09T17:53:30Z,495.8,26.92,477.46533127889063,NA,NA,NA,NA,NA,SR,downstream,2023-10-09,20835561,2023-10-09T20:53:30Z,477.46533127889063,3101,0,0,72,2,17:33:10,2023-10-09T20:33:10Z,NA
SpC_SR_091023_downstream.xlsx,2023-10-09T17:53:40Z,2023-10-09T17:53:40Z,496.20000000000005,26.92,477.85053929121733,NA,NA,NA,NA,NA,SR,downstream,2023-10-09,20835561,2023-10-09T20:53:40Z,477.85053929121733,3101,0,0,72,2,17:33:10,2023-10-09T20:33:10Z,NA
SpC_SR_091023_downstream.xlsx,2023-10-09T17:53:50Z,2023-10-09T17:53:50Z,495.8,26.92,477.46533127889063,NA,NA,NA,NA,NA,SR,downstream,2023-10-09,20835561,2023-10-09T20:53:50Z,477.46533127889063,3101,0,0,72,2,17:33:10,2023-10-09T20:33:10Z,NA
SpC_SR_091023_downstream.xlsx,2023-10-09T17:54:00Z,2023-10-09T17:54:00Z,495.40000000000003,26.92,477.080123266564,NA,NA,NA,NA,NA,SR,downstream,2023-10-09,20835561,2023-10-09T20:54:00Z,477.080123266564,3101,0,0,72,2,17:33:10,2023-10-09T20:33:10Z,NA
SpC_SR_091023_downstream.xlsx,2023-10-09T17:54:10Z,2023-10-09T17:54:10Z,495,26.92,476.6949152542373,NA,NA,NA,NA,NA,SR,downstream,2023-10-09,20835561,2023-10-09T20:54:10Z,476.6949152542373,3101,0,0,72,2,17:33:10,2023-10-09T20:33:10Z,NA
SpC_SR_091023_downstream.xlsx,2023-10-09T17:54:20Z,2023-10-09T17:54:20Z,495.40000000000003,26.92,477.080123266564,NA,NA,NA,NA,NA,SR,downstream,2023-10-09,20835561,2023-10-09T20:54:20Z,477.080123266564,3101,0,0,72,2,17:33:10,2023-10-09T20:33:10Z,NA
SpC_SR_091023_downstream.xlsx,2023-10-09T17:54:30Z,2023-10-09T17:54:30Z,493.40000000000003,26.92,475.1540832049307,NA,NA,NA,NA,NA,SR,downstream,2023-10-09,20835561,2023-10-09T20:54:30Z,475.1540832049307,3101,0,0,72,2,17:33:10,2023-10-09T20:33:10Z,NA
SpC_SR_091023_downstream.xlsx,2023-10-09T17:54:40Z,2023-10-09T17:54:40Z,493.40000000000003,26.92,475.1540832049307,NA,NA,NA,NA,NA,SR,downstream,2023-10-09,20835561,2023-10-09T20:54:40Z,475.1540832049307,3101,0,0,72,2,17:33:10,2023-10-09T20:33:10Z,NA
SpC_SR_091023_downstream.xlsx,2023-10-09T17:54:50Z,2023-10-09T17:54:50Z,493.40000000000003,26.91,475.24561741475634,NA,NA,NA,NA,NA,SR,downstream,2023-10-09,20835561,2023-10-09T20:54:50Z,475.24561741475634,3101,0,0,72,2,17:33:10,2023-10-09T20:33:10Z,NA
SpC_SR_091023_downstream.xlsx,2023-10-09T17:55:00Z,2023-10-09T17:55:00Z,493.40000000000003,26.91,475.24561741475634,NA,NA,NA,NA,NA,SR,downstream,2023-10-09,20835561,2023-10-09T20:55:00Z,475.24561741475634,3101,0,0,72,2,17:33:10,2023-10-09T20:33:10Z,NA
SpC_SR_091023_downstream.xlsx,2023-10-09T17:55:10Z,2023-10-09T17:55:10Z,493.40000000000003,26.92,475.1540832049307,NA,NA,NA,NA,NA,SR,downstream,2023-10-09,20835561,2023-10-09T20:55:10Z,475.1540832049307,3101,0,0,72,2,17:33:10,2023-10-09T20:33:10Z,NA
SpC_SR_091023_downstream.xlsx,2023-10-09T17:55:20Z,2023-10-09T17:55:20Z,494.20000000000005,26.92,475.924499229584,NA,NA,NA,NA,NA,SR,downstream,2023-10-09,20835561,2023-10-09T20:55:20Z,475.924499229584,3101,0,0,72,2,17:33:10,2023-10-09T20:33:10Z,NA
SpC_SR_091023_downstream.xlsx,2023-10-09T17:55:30Z,2023-10-09T17:55:30Z,493.8,26.91,475.63089963398187,NA,NA,NA,NA,NA,SR,downstream,2023-10-09,20835561,2023-10-09T20:55:30Z,475.63089963398187,3101,0,0,72,2,17:33:10,2023-10-09T20:33:10Z,NA
SpC_SR_091023_downstream.xlsx,2023-10-09T17:55:40Z,2023-10-09T17:55:40Z,494.20000000000005,26.91,476.0161818532075,NA,NA,NA,NA,NA,SR,downstream,2023-10-09,20835561,2023-10-09T20:55:40Z,476.0161818532075,3101,0,0,72,2,17:33:10,2023-10-09T20:33:10Z,NA
SpC_SR_091023_downstream.xlsx,2023-10-09T17:55:50Z,2023-10-09T17:55:50Z,493.8,26.91,475.63089963398187,NA,NA,NA,NA,NA,SR,downstream,2023-10-09,20835561,2023-10-09T20:55:50Z,475.63089963398187,3101,0,0,72,2,17:33:10,2023-10-09T20:33:10Z,NA
SpC_SR_091023_downstream.xlsx,2023-10-09T17:56:00Z,2023-10-09T17:56:00Z,493.8,26.91,475.63089963398187,NA,NA,NA,NA,NA,SR,downstream,2023-10-09,20835561,2023-10-09T20:56:00Z,475.63089963398187,3101,0,0,72,2,17:33:10,2023-10-09T20:33:10Z,NA
SpC_SR_091023_downstream.xlsx,2023-10-09T17:56:10Z,2023-10-09T17:56:10Z,494.6,26.91,476.4014640724331,NA,NA,NA,NA,NA,SR,downstream,2023-10-09,20835561,2023-10-09T20:56:10Z,476.4014640724331,3101,0,0,72,2,17:33:10,2023-10-09T20:33:10Z,NA
SpC_SR_091023_downstream.xlsx,2023-10-09T17:56:20Z,2023-10-09T17:56:20Z,494.20000000000005,26.91,476.0161818532075,NA,NA,NA,NA,NA,SR,downstream,2023-10-09,20835561,2023-10-09T20:56:20Z,476.0161818532075,3101,0,0,72,2,17:33:10,2023-10-09T20:33:10Z,NA
SpC_SR_091023_downstream.xlsx,2023-10-09T17:56:30Z,2023-10-09T17:56:30Z,494.20000000000005,26.91,476.0161818532075,NA,NA,NA,NA,NA,SR,downstream,2023-10-09,20835561,2023-10-09T20:56:30Z,476.0161818532075,3101,0,0,72,2,17:33:10,2023-10-09T20:33:10Z,NA
SpC_SR_091023_downstream.xlsx,2023-10-09T17:56:40Z,2023-10-09T17:56:40Z,494.6,26.91,476.4014640724331,NA,NA,NA,NA,NA,SR,downstream,2023-10-09,20835561,2023-10-09T20:56:40Z,476.4014640724331,3101,0,0,72,2,17:33:10,2023-10-09T20:33:10Z,NA
SpC_SR_091023_downstream.xlsx,2023-10-09T17:56:50Z,2023-10-09T17:56:50Z,494.6,26.91,476.4014640724331,NA,NA,NA,NA,NA,SR,downstream,2023-10-09,20835561,2023-10-09T20:56:50Z,476.4014640724331,3101,0,0,72,2,17:33:10,2023-10-09T20:33:10Z,NA
SpC_SR_091023_downstream.xlsx,2023-10-09T17:57:00Z,2023-10-09T17:57:00Z,494.6,26.91,476.4014640724331,NA,NA,NA,NA,NA,SR,downstream,2023-10-09,20835561,2023-10-09T20:57:00Z,476.4014640724331,3101,0,0,72,2,17:33:10,2023-10-09T20:33:10Z,NA
SpC_SR_091023_downstream.xlsx,2023-10-09T17:57:10Z,2023-10-09T17:57:10Z,494.6,26.91,476.4014640724331,NA,NA,NA,NA,NA,SR,downstream,2023-10-09,20835561,2023-10-09T20:57:10Z,476.4014640724331,3101,0,0,72,2,17:33:10,2023-10-09T20:33:10Z,NA
SpC_SR_091023_downstream.xlsx,2023-10-09T17:57:20Z,2023-10-09T17:57:20Z,496.20000000000005,26.91,477.94259294933545,NA,NA,NA,NA,NA,SR,downstream,2023-10-09,20835561,2023-10-09T20:57:20Z,477.94259294933545,3101,0,0,72,2,17:33:10,2023-10-09T20:33:10Z,NA
SpC_SR_091023_downstream.xlsx,2023-10-09T17:57:30Z,2023-10-09T17:57:30Z,495.8,26.91,477.5573107301098,NA,NA,NA,NA,NA,SR,downstream,2023-10-09,20835561,2023-10-09T20:57:30Z,477.5573107301098,3101,0,0,72,2,17:33:10,2023-10-09T20:33:10Z,NA
SpC_SR_091023_downstream.xlsx,2023-10-09T17:57:40Z,2023-10-09T17:57:40Z,497,26.91,478.71315738778657,NA,NA,NA,NA,NA,SR,downstream,2023-10-09,20835561,2023-10-09T20:57:40Z,478.71315738778657,3101,0,0,72,2,17:33:10,2023-10-09T20:33:10Z,NA
SpC_SR_091023_downstream.xlsx,2023-10-09T17:57:50Z,2023-10-09T17:57:50Z,496.20000000000005,26.91,477.94259294933545,NA,NA,NA,NA,NA,SR,downstream,2023-10-09,20835561,2023-10-09T20:57:50Z,477.94259294933545,3101,0,0,72,2,17:33:10,2023-10-09T20:33:10Z,NA
SpC_SR_091023_downstream.xlsx,2023-10-09T17:58:00Z,2023-10-09T17:58:00Z,496.6,26.91,478.327875168561,NA,NA,NA,NA,NA,SR,downstream,2023-10-09,20835561,2023-10-09T20:58:00Z,478.327875168561,3101,0,0,72,2,17:33:10,2023-10-09T20:33:10Z,NA
SpC_SR_091023_downstream.xlsx,2023-10-09T17:58:10Z,2023-10-09T17:58:10Z,497,26.91,478.71315738778657,NA,NA,NA,NA,NA,SR,downstream,2023-10-09,20835561,2023-10-09T20:58:10Z,478.71315738778657,3101,0,0,72,2,17:33:10,2023-10-09T20:33:10Z,NA
SpC_SR_091023_downstream.xlsx,2023-10-09T17:58:20Z,2023-10-09T17:58:20Z,497,26.91,478.71315738778657,NA,NA,NA,NA,NA,SR,downstream,2023-10-09,20835561,2023-10-09T20:58:20Z,478.71315738778657,3101,0,0,72,2,17:33:10,2023-10-09T20:33:10Z,NA
SpC_SR_091023_downstream.xlsx,2023-10-09T17:58:30Z,2023-10-09T17:58:30Z,497.40000000000003,26.91,479.09843960701215,NA,NA,NA,NA,NA,SR,downstream,2023-10-09,20835561,2023-10-09T20:58:30Z,479.09843960701215,3101,0,0,72,2,17:33:10,2023-10-09T20:33:10Z,NA
SpC_SR_091023_downstream.xlsx,2023-10-09T17:58:40Z,2023-10-09T17:58:40Z,498.6,26.91,480.2542862646889,NA,NA,NA,NA,NA,SR,downstream,2023-10-09,20835561,2023-10-09T20:58:40Z,480.2542862646889,3101,0,0,72,2,17:33:10,2023-10-09T20:33:10Z,NA
SpC_SR_091023_downstream.xlsx,2023-10-09T17:58:50Z,2023-10-09T17:58:50Z,498.6,26.91,480.2542862646889,NA,NA,NA,NA,NA,SR,downstream,2023-10-09,20835561,2023-10-09T20:58:50Z,480.2542862646889,3101,0,0,72,2,17:33:10,2023-10-09T20:33:10Z,NA
SpC_SR_091023_downstream.xlsx,2023-10-09T17:59:00Z,2023-10-09T17:59:00Z,499.40000000000003,26.89,481.2102524571208,NA,NA,NA,NA,NA,SR,downstream,2023-10-09,20835561,2023-10-09T20:59:00Z,481.2102524571208,3101,0,0,72,2,17:33:10,2023-10-09T20:33:10Z,NA
SpC_SR_091023_downstream.xlsx,2023-10-09T17:59:10Z,2023-10-09T17:59:10Z,499.40000000000003,26.89,481.2102524571208,NA,NA,NA,NA,NA,SR,downstream,2023-10-09,20835561,2023-10-09T20:59:10Z,481.2102524571208,3101,0,0,72,2,17:33:10,2023-10-09T20:33:10Z,NA
SpC_SR_091023_downstream.xlsx,2023-10-09T17:59:20Z,2023-10-09T17:59:20Z,499.40000000000003,26.91,481.0248507031401,NA,NA,NA,NA,NA,SR,downstream,2023-10-09,20835561,2023-10-09T20:59:20Z,481.0248507031401,3101,0,0,72,2,17:33:10,2023-10-09T20:33:10Z,NA
SpC_SR_091023_downstream.xlsx,2023-10-09T17:59:30Z,2023-10-09T17:59:30Z,500.20000000000005,26.89,481.9811138947774,NA,NA,NA,NA,NA,SR,downstream,2023-10-09,20835561,2023-10-09T20:59:30Z,481.9811138947774,3101,0,0,72,2,17:33:10,2023-10-09T20:33:10Z,NA
SpC_SR_091023_downstream.xlsx,2023-10-09T17:59:40Z,2023-10-09T17:59:40Z,496.6,26.89,478.5122374253228,NA,NA,NA,NA,NA,SR,downstream,2023-10-09,20835561,2023-10-09T20:59:40Z,478.5122374253228,3101,0,0,72,2,17:33:10,2023-10-09T20:33:10Z,NA
SpC_SR_091023_downstream.xlsx,2023-10-09T17:59:50Z,2023-10-09T17:59:50Z,499,26.89,480.82482173829254,NA,NA,NA,NA,NA,SR,downstream,2023-10-09,20835561,2023-10-09T20:59:50Z,480.82482173829254,3101,0,0,72,2,17:33:10,2023-10-09T20:33:10Z,NA
SpC_SR_091023_downstream.xlsx,2023-10-09T18:00:00Z,2023-10-09T18:00:00Z,500.90000000000003,26.89,482.6556176527269,NA,NA,NA,NA,NA,SR,downstream,2023-10-09,20835561,2023-10-09T21:00:00Z,482.6556176527269,3101,0,0,72,2,17:33:10,2023-10-09T20:33:10Z,NA
SpC_SR_091023_downstream.xlsx,2023-10-09T18:00:10Z,2023-10-09T18:00:10Z,501.3,26.89,483.0410483715552,NA,NA,NA,NA,NA,SR,downstream,2023-10-09,20835561,2023-10-09T21:00:10Z,483.0410483715552,3101,0,0,72,2,17:33:10,2023-10-09T20:33:10Z,NA
SpC_SR_091023_downstream.xlsx,2023-10-09T18:00:20Z,2023-10-09T18:00:20Z,502.5,26.91,484.0107879021383,NA,NA,NA,NA,NA,SR,downstream,2023-10-09,20835561,2023-10-09T21:00:20Z,484.0107879021383,3101,0,0,72,2,17:33:10,2023-10-09T20:33:10Z,NA
SpC_SR_091023_downstream.xlsx,2023-10-09T18:00:30Z,2023-10-09T18:00:30Z,501.3,26.89,483.0410483715552,NA,NA,NA,NA,NA,SR,downstream,2023-10-09,20835561,2023-10-09T21:00:30Z,483.0410483715552,3101,0,0,72,2,17:33:10,2023-10-09T20:33:10Z,NA
SpC_SR_091023_downstream.xlsx,2023-10-09T18:00:40Z,2023-10-09T18:00:40Z,502.5,26.91,484.0107879021383,NA,NA,NA,NA,NA,SR,downstream,2023-10-09,20835561,2023-10-09T21:00:40Z,484.0107879021383,3101,0,0,72,2,17:33:10,2023-10-09T20:33:10Z,NA
SpC_SR_091023_downstream.xlsx,2023-10-09T18:00:50Z,2023-10-09T18:00:50Z,503.3,26.89,484.96820196569666,NA,NA,NA,NA,NA,SR,downstream,2023-10-09,20835561,2023-10-09T21:00:50Z,484.96820196569666,3101,0,0,72,2,17:33:10,2023-10-09T20:33:10Z,NA
SpC_SR_091023_downstream.xlsx,2023-10-09T18:01:00Z,2023-10-09T18:01:00Z,505.3,26.89,486.8953555598381,NA,NA,NA,NA,NA,SR,downstream,2023-10-09,20835561,2023-10-09T21:01:00Z,486.8953555598381,3101,0,0,72,2,17:33:10,2023-10-09T20:33:10Z,NA
SpC_SR_091023_downstream.xlsx,2023-10-09T18:01:10Z,2023-10-09T18:01:10Z,506.1,26.89,487.6662169974947,NA,NA,NA,NA,NA,SR,downstream,2023-10-09,20835561,2023-10-09T21:01:10Z,487.6662169974947,3101,0,0,72,2,17:33:10,2023-10-09T20:33:10Z,NA
SpC_SR_091023_downstream.xlsx,2023-10-09T18:01:20Z,2023-10-09T18:01:20Z,508.5,26.89,489.9788013104644,NA,NA,NA,NA,NA,SR,downstream,2023-10-09,20835561,2023-10-09T21:01:20Z,489.9788013104644,3101,0,0,72,2,17:33:10,2023-10-09T20:33:10Z,NA
SpC_SR_091023_downstream.xlsx,2023-10-09T18:01:30Z,2023-10-09T18:01:30Z,514.5,26.89,495.76026209288875,NA,NA,NA,NA,NA,SR,downstream,2023-10-09,20835561,2023-10-09T21:01:30Z,495.76026209288875,3101,0,0,72,2,17:33:10,2023-10-09T20:33:10Z,NA
SpC_SR_091023_downstream.xlsx,2023-10-09T18:01:40Z,2023-10-09T18:01:40Z,525.3000000000001,26.89,506.1668915012527,NA,NA,NA,NA,NA,SR,downstream,2023-10-09,20835561,2023-10-09T21:01:40Z,506.1668915012527,3101,0,0,72,2,17:33:10,2023-10-09T20:33:10Z,NA
SpC_SR_091023_downstream.xlsx,2023-10-09T18:01:50Z,2023-10-09T18:01:50Z,527.6,26.89,508.3831181345153,NA,NA,NA,NA,NA,SR,downstream,2023-10-09,20835561,2023-10-09T21:01:50Z,508.3831181345153,3101,0,0,72,2,17:33:10,2023-10-09T20:33:10Z,NA
SpC_SR_091023_downstream.xlsx,2023-10-09T18:02:00Z,2023-10-09T18:02:00Z,530.8000000000001,26.89,511.4665638851417,NA,NA,NA,NA,NA,SR,downstream,2023-10-09,20835561,2023-10-09T21:02:00Z,511.4665638851417,3101,0,0,72,2,17:33:10,2023-10-09T20:33:10Z,NA
SpC_SR_091023_downstream.xlsx,2023-10-09T18:02:10Z,2023-10-09T18:02:10Z,533.2,26.89,513.7791481981114,NA,NA,NA,NA,NA,SR,downstream,2023-10-09,20835561,2023-10-09T21:02:10Z,513.7791481981114,3101,0,0,72,2,17:33:10,2023-10-09T20:33:10Z,NA
SpC_SR_091023_downstream.xlsx,2023-10-09T18:02:20Z,2023-10-09T18:02:20Z,536.8000000000001,26.89,517.248024667566,NA,NA,NA,NA,NA,SR,downstream,2023-10-09,20835561,2023-10-09T21:02:20Z,517.248024667566,3101,0,0,72,2,17:33:10,2023-10-09T20:33:10Z,NA
SpC_SR_091023_downstream.xlsx,2023-10-09T18:02:30Z,2023-10-09T18:02:30Z,541.6,26.89,521.8731932935054,NA,NA,NA,NA,NA,SR,downstream,2023-10-09,20835561,2023-10-09T21:02:30Z,521.8731932935054,3101,0,0,72,2,17:33:10,2023-10-09T20:33:10Z,NA
SpC_SR_091023_downstream.xlsx,2023-10-09T18:02:40Z,2023-10-09T18:02:40Z,543.2,26.89,523.4149161688186,NA,NA,NA,NA,NA,SR,downstream,2023-10-09,20835561,2023-10-09T21:02:40Z,523.4149161688186,3101,0,0,72,2,17:33:10,2023-10-09T20:33:10Z,NA
SpC_SR_091023_downstream.xlsx,2023-10-09T18:02:50Z,2023-10-09T18:02:50Z,546,26.89,526.1129312006167,NA,NA,NA,NA,NA,SR,downstream,2023-10-09,20835561,2023-10-09T21:02:50Z,526.1129312006167,3101,0,0,72,2,17:33:10,2023-10-09T20:33:10Z,NA
SpC_SR_091023_downstream.xlsx,2023-10-09T18:03:00Z,2023-10-09T18:03:00Z,550,26.89,529.9672383888995,NA,NA,NA,NA,NA,SR,downstream,2023-10-09,20835561,2023-10-09T21:03:00Z,529.9672383888995,3101,0,0,72,2,17:33:10,2023-10-09T20:33:10Z,NA
SpC_SR_091023_downstream.xlsx,2023-10-09T18:03:10Z,2023-10-09T18:03:10Z,556.4,26.89,536.1341298901522,NA,NA,NA,NA,NA,SR,downstream,2023-10-09,20835561,2023-10-09T21:03:10Z,536.1341298901522,3101,0,0,72,2,17:33:10,2023-10-09T20:33:10Z,NA
SpC_SR_091023_downstream.xlsx,2023-10-09T18:03:20Z,2023-10-09T18:03:20Z,561.6,26.89,541.14472923492,NA,NA,NA,NA,NA,SR,downstream,2023-10-09,20835561,2023-10-09T21:03:20Z,541.14472923492,3101,0,0,72,2,17:33:10,2023-10-09T20:33:10Z,NA
SpC_SR_091023_downstream.xlsx,2023-10-09T18:03:30Z,2023-10-09T18:03:30Z,564.4,26.89,543.842744266718,NA,NA,NA,NA,NA,SR,downstream,2023-10-09,20835561,2023-10-09T21:03:30Z,543.842744266718,3101,0,0,72,2,17:33:10,2023-10-09T20:33:10Z,NA
SpC_SR_091023_downstream.xlsx,2023-10-09T18:03:40Z,2023-10-09T18:03:40Z,569.2,26.89,548.4679128926575,NA,NA,NA,NA,NA,SR,downstream,2023-10-09,20835561,2023-10-09T21:03:40Z,548.4679128926575,3101,0,0,72,2,17:33:10,2023-10-09T20:33:10Z,NA
SpC_SR_091023_downstream.xlsx,2023-10-09T18:03:50Z,2023-10-09T18:03:50Z,576.8000000000001,26.89,555.7910965503951,NA,NA,NA,NA,NA,SR,downstream,2023-10-09,20835561,2023-10-09T21:03:50Z,555.7910965503951,3101,0,0,72,2,17:33:10,2023-10-09T20:33:10Z,NA
SpC_SR_091023_downstream.xlsx,2023-10-09T18:04:00Z,2023-10-09T18:04:00Z,582,26.89,560.8016958951628,NA,NA,NA,NA,NA,SR,downstream,2023-10-09,20835561,2023-10-09T21:04:00Z,560.8016958951628,3101,0,0,72,2,17:33:10,2023-10-09T20:33:10Z,NA
SpC_SR_091023_downstream.xlsx,2023-10-09T18:04:10Z,2023-10-09T18:04:10Z,588,26.89,566.5831566775872,NA,NA,NA,NA,NA,SR,downstream,2023-10-09,20835561,2023-10-09T21:04:10Z,566.5831566775872,3101,0,0,72,2,17:33:10,2023-10-09T20:33:10Z,NA
SpC_SR_091023_downstream.xlsx,2023-10-09T18:04:20Z,2023-10-09T18:04:20Z,594.4,26.89,572.7500481788398,NA,NA,NA,NA,NA,SR,downstream,2023-10-09,20835561,2023-10-09T21:04:20Z,572.7500481788398,3101,0,0,72,2,17:33:10,2023-10-09T20:33:10Z,NA
SpC_SR_091023_downstream.xlsx,2023-10-09T18:04:30Z,2023-10-09T18:04:30Z,596.4,26.89,574.6772017729812,NA,NA,NA,NA,NA,SR,downstream,2023-10-09,20835561,2023-10-09T21:04:30Z,574.6772017729812,3101,0,0,72,2,17:33:10,2023-10-09T20:33:10Z,NA
SpC_SR_091023_downstream.xlsx,2023-10-09T18:04:40Z,2023-10-09T18:04:40Z,550,26.89,529.9672383888995,NA,NA,NA,NA,NA,SR,downstream,2023-10-09,20835561,2023-10-09T21:04:40Z,529.9672383888995,3101,0,0,72,2,17:33:10,2023-10-09T20:33:10Z,NA
SpC_SR_091023_downstream.xlsx,2023-10-09T18:04:50Z,2023-10-09T18:04:50Z,554,26.89,533.8215455771825,NA,NA,NA,NA,NA,SR,downstream,2023-10-09,20835561,2023-10-09T21:04:50Z,533.8215455771825,3101,0,0,72,2,17:33:10,2023-10-09T20:33:10Z,NA
SpC_SR_091023_downstream.xlsx,2023-10-09T18:05:00Z,2023-10-09T18:05:00Z,569.2,26.89,548.4679128926575,NA,NA,NA,NA,NA,SR,downstream,2023-10-09,20835561,2023-10-09T21:05:00Z,548.4679128926575,3101,0,0,72,2,17:33:10,2023-10-09T20:33:10Z,NA
SpC_SR_091023_downstream.xlsx,2023-10-09T18:05:10Z,2023-10-09T18:05:10Z,643.8000000000001,26.89,620.3507419541338,NA,NA,NA,NA,NA,SR,downstream,2023-10-09,20835561,2023-10-09T21:05:10Z,620.3507419541338,3101,0,0,72,2,17:33:10,2023-10-09T20:33:10Z,NA
SpC_SR_091023_downstream.xlsx,2023-10-09T18:05:20Z,2023-10-09T18:05:20Z,646.7,26.89,623.1451146656389,NA,NA,NA,NA,NA,SR,downstream,2023-10-09,20835561,2023-10-09T21:05:20Z,623.1451146656389,3101,0,0,72,2,17:33:10,2023-10-09T20:33:10Z,NA
SpC_SR_091023_downstream.xlsx,2023-10-09T18:05:30Z,2023-10-09T18:05:30Z,625.7,26.89,602.9100019271536,NA,NA,NA,NA,NA,SR,downstream,2023-10-09,20835561,2023-10-09T21:05:30Z,602.9100019271536,3101,0,0,72,2,17:33:10,2023-10-09T20:33:10Z,NA
SpC_SR_091023_downstream.xlsx,2023-10-09T18:05:40Z,2023-10-09T18:05:40Z,616.5,26.88,594.1595990747879,NA,NA,NA,NA,NA,SR,downstream,2023-10-09,20835561,2023-10-09T21:05:40Z,594.1595990747879,3101,0,0,72,2,17:33:10,2023-10-09T20:33:10Z,NA
SpC_SR_091023_downstream.xlsx,2023-10-09T18:05:50Z,2023-10-09T18:05:50Z,651.9000000000001,26.89,628.1557140104067,NA,NA,NA,NA,NA,SR,downstream,2023-10-09,20835561,2023-10-09T21:05:50Z,628.1557140104067,3101,0,0,72,2,17:33:10,2023-10-09T20:33:10Z,NA
SpC_SR_091023_downstream.xlsx,2023-10-09T18:06:00Z,2023-10-09T18:06:00Z,659.9000000000001,26.89,635.8643283869725,NA,NA,NA,NA,NA,SR,downstream,2023-10-09,20835561,2023-10-09T21:06:00Z,635.8643283869725,3101,0,0,72,2,17:33:10,2023-10-09T20:33:10Z,NA
SpC_SR_091023_downstream.xlsx,2023-10-09T18:06:10Z,2023-10-09T18:06:10Z,691.4000000000001,26.89,666.2169974947004,NA,NA,NA,NA,NA,SR,downstream,2023-10-09,20835561,2023-10-09T21:06:10Z,666.2169974947004,3101,0,0,72,2,17:33:10,2023-10-09T20:33:10Z,NA
SpC_SR_091023_downstream.xlsx,2023-10-09T18:06:20Z,2023-10-09T18:06:20Z,697.9000000000001,26.89,672.48024667566,NA,NA,NA,NA,NA,SR,downstream,2023-10-09,20835561,2023-10-09T21:06:20Z,672.48024667566,3101,0,0,72,2,17:33:10,2023-10-09T20:33:10Z,NA
SpC_SR_091023_downstream.xlsx,2023-10-09T18:06:30Z,2023-10-09T18:06:30Z,709.6,26.88,683.8858905165766,NA,NA,NA,NA,NA,SR,downstream,2023-10-09,20835561,2023-10-09T21:06:30Z,683.8858905165766,3101,0,0,72,2,17:33:10,2023-10-09T20:33:10Z,NA
SpC_SR_091023_downstream.xlsx,2023-10-09T18:06:40Z,2023-10-09T18:06:40Z,716.5,26.89,690.4027751011755,NA,NA,NA,NA,NA,SR,downstream,2023-10-09,20835561,2023-10-09T21:06:40Z,690.4027751011755,3101,0,0,72,2,17:33:10,2023-10-09T20:33:10Z,NA
SpC_SR_091023_downstream.xlsx,2023-10-09T18:06:50Z,2023-10-09T18:06:50Z,740.4000000000001,26.89,713.432260551166,NA,NA,NA,NA,NA,SR,downstream,2023-10-09,20835561,2023-10-09T21:06:50Z,713.432260551166,3101,0,0,72,2,17:33:10,2023-10-09T20:33:10Z,NA
SpC_SR_091023_downstream.xlsx,2023-10-09T18:07:00Z,2023-10-09T18:07:00Z,756.6,26.88,729.1827293754818,NA,NA,NA,NA,NA,SR,downstream,2023-10-09,20835561,2023-10-09T21:07:00Z,729.1827293754818,3101,0,0,72,2,17:33:10,2023-10-09T20:33:10Z,NA
SpC_SR_091023_downstream.xlsx,2023-10-09T18:07:10Z,2023-10-09T18:07:10Z,779.7,26.88,751.4456437933693,NA,NA,NA,NA,NA,SR,downstream,2023-10-09,20835561,2023-10-09T21:07:10Z,751.4456437933693,3101,0,0,72,2,17:33:10,2023-10-09T20:33:10Z,NA
SpC_SR_091023_downstream.xlsx,2023-10-09T18:07:20Z,2023-10-09T18:07:20Z,793.9000000000001,26.88,765.1310717039322,NA,NA,NA,NA,NA,SR,downstream,2023-10-09,20835561,2023-10-09T21:07:20Z,765.1310717039322,3101,0,0,72,2,17:33:10,2023-10-09T20:33:10Z,NA
SpC_SR_091023_downstream.xlsx,2023-10-09T18:07:30Z,2023-10-09T18:07:30Z,799.6,26.89,770.4760069377529,NA,NA,NA,NA,NA,SR,downstream,2023-10-09,20835561,2023-10-09T21:07:30Z,770.4760069377529,3101,0,0,72,2,17:33:10,2023-10-09T20:33:10Z,NA
SpC_SR_091023_downstream.xlsx,2023-10-09T18:07:40Z,2023-10-09T18:07:40Z,816.3000000000001,26.88,786.7193523515806,NA,NA,NA,NA,NA,SR,downstream,2023-10-09,20835561,2023-10-09T21:07:40Z,786.7193523515806,3101,0,0,72,2,17:33:10,2023-10-09T20:33:10Z,NA
SpC_SR_091023_downstream.xlsx,2023-10-09T18:07:50Z,2023-10-09T18:07:50Z,830.2,26.88,800.1156515034695,NA,NA,NA,NA,NA,SR,downstream,2023-10-09,20835561,2023-10-09T21:07:50Z,800.1156515034695,3101,0,0,72,2,17:33:10,2023-10-09T20:33:10Z,NA
SpC_SR_091023_downstream.xlsx,2023-10-09T18:08:00Z,2023-10-09T18:08:00Z,849.4000000000001,26.88,818.6198920585967,NA,NA,NA,NA,NA,SR,downstream,2023-10-09,20835561,2023-10-09T21:08:00Z,818.6198920585967,3101,0,0,72,2,17:33:10,2023-10-09T20:33:10Z,NA
SpC_SR_091023_downstream.xlsx,2023-10-09T18:08:10Z,2023-10-09T18:08:10Z,861.6,26.88,830.3777949113338,NA,NA,NA,NA,NA,SR,downstream,2023-10-09,20835561,2023-10-09T21:08:10Z,830.3777949113338,3101,0,0,72,2,17:33:10,2023-10-09T20:33:10Z,NA
SpC_SR_091023_downstream.xlsx,2023-10-09T18:08:20Z,2023-10-09T18:08:20Z,874.3000000000001,26.88,842.6175790285274,NA,NA,NA,NA,NA,SR,downstream,2023-10-09,20835561,2023-10-09T21:08:20Z,842.6175790285274,3101,0,0,72,2,17:33:10,2023-10-09T20:33:10Z,NA
SpC_SR_091023_downstream.xlsx,2023-10-09T18:08:30Z,2023-10-09T18:08:30Z,886.5,26.88,854.3754818812644,NA,NA,NA,NA,NA,SR,downstream,2023-10-09,20835561,2023-10-09T21:08:30Z,854.3754818812644,3101,0,0,72,2,17:33:10,2023-10-09T20:33:10Z,NA
SpC_SR_091023_downstream.xlsx,2023-10-09T18:08:40Z,2023-10-09T18:08:40Z,899.6,26.88,867.0007710100231,NA,NA,NA,NA,NA,SR,downstream,2023-10-09,20835561,2023-10-09T21:08:40Z,867.0007710100231,3101,0,0,72,2,17:33:10,2023-10-09T20:33:10Z,NA
SpC_SR_091023_downstream.xlsx,2023-10-09T18:08:50Z,2023-10-09T18:08:50Z,908.6,26.88,875.674633770239,NA,NA,NA,NA,NA,SR,downstream,2023-10-09,20835561,2023-10-09T21:08:50Z,875.674633770239,3101,0,0,72,2,17:33:10,2023-10-09T20:33:10Z,NA
SpC_SR_091023_downstream.xlsx,2023-10-09T18:09:00Z,2023-10-09T18:09:00Z,921.7,26.88,888.2999228989977,NA,NA,NA,NA,NA,SR,downstream,2023-10-09,20835561,2023-10-09T21:09:00Z,888.2999228989977,3101,0,0,72,2,17:33:10,2023-10-09T20:33:10Z,NA
SpC_SR_091023_downstream.xlsx,2023-10-09T18:09:10Z,2023-10-09T18:09:10Z,932.8000000000001,26.88,898.9976869699306,NA,NA,NA,NA,NA,SR,downstream,2023-10-09,20835561,2023-10-09T21:09:10Z,898.9976869699306,3101,0,0,72,2,17:33:10,2023-10-09T20:33:10Z,NA
SpC_SR_091023_downstream.xlsx,2023-10-09T18:09:20Z,2023-10-09T18:09:20Z,962,26.88,927.1395528141865,NA,NA,NA,NA,NA,SR,downstream,2023-10-09,20835561,2023-10-09T21:09:20Z,927.1395528141865,3101,0,0,72,2,17:33:10,2023-10-09T20:33:10Z,NA
SpC_SR_091023_downstream.xlsx,2023-10-09T18:09:30Z,2023-10-09T18:09:30Z,987.1,26.87,951.5133988818199,NA,NA,NA,NA,NA,SR,downstream,2023-10-09,20835561,2023-10-09T21:09:30Z,951.5133988818199,3101,0,0,72,2,17:33:10,2023-10-09T20:33:10Z,NA
SpC_SR_091023_downstream.xlsx,2023-10-09T18:09:40Z,2023-10-09T18:09:40Z,992.4000000000001,26.88,956.437933693138,NA,NA,NA,NA,NA,SR,downstream,2023-10-09,20835561,2023-10-09T21:09:40Z,956.437933693138,3101,0,0,72,2,17:33:10,2023-10-09T20:33:10Z,NA
SpC_SR_091023_downstream.xlsx,2023-10-09T18:09:50Z,2023-10-09T18:09:50Z,999.8000000000001,26.88,963.5697764070933,NA,NA,NA,NA,NA,SR,downstream,2023-10-09,20835561,2023-10-09T21:09:50Z,963.5697764070933,3101,0,0,72,2,17:33:10,2023-10-09T20:33:10Z,NA
SpC_SR_091023_downstream.xlsx,2023-10-09T18:10:00Z,2023-10-09T18:10:00Z,1012.2,26.88,975.5204317656129,NA,NA,NA,NA,NA,SR,downstream,2023-10-09,20835561,2023-10-09T21:10:00Z,975.5204317656129,3101,0,0,72,2,17:33:10,2023-10-09T20:33:10Z,NA
SpC_SR_091023_downstream.xlsx,2023-10-09T18:10:10Z,2023-10-09T18:10:10Z,1021.6,26.88,984.5797995373939,NA,NA,NA,NA,NA,SR,downstream,2023-10-09,20835561,2023-10-09T21:10:10Z,984.5797995373939,3101,0,0,72,2,17:33:10,2023-10-09T20:33:10Z,NA
SpC_SR_091023_downstream.xlsx,2023-10-09T18:10:20Z,2023-10-09T18:10:20Z,1031.9,26.88,994.5065535851966,NA,NA,NA,NA,NA,SR,downstream,2023-10-09,20835561,2023-10-09T21:10:20Z,994.5065535851966,3101,0,0,72,2,17:33:10,2023-10-09T20:33:10Z,NA
SpC_SR_091023_downstream.xlsx,2023-10-09T18:10:30Z,2023-10-09T18:10:30Z,1045.6000000000001,26.88,1007.710100231303,NA,NA,NA,NA,NA,SR,downstream,2023-10-09,20835561,2023-10-09T21:10:30Z,1007.710100231303,3101,0,0,72,2,17:33:10,2023-10-09T20:33:10Z,NA
SpC_SR_091023_downstream.xlsx,2023-10-09T18:10:40Z,2023-10-09T18:10:40Z,1052.2,26.88,1014.070932922128,NA,NA,NA,NA,NA,SR,downstream,2023-10-09,20835561,2023-10-09T21:10:40Z,1014.070932922128,3101,0,0,72,2,17:33:10,2023-10-09T20:33:10Z,NA
SpC_SR_091023_downstream.xlsx,2023-10-09T18:10:50Z,2023-10-09T18:10:50Z,1068.3,26.88,1029.587509637625,NA,NA,NA,NA,NA,SR,downstream,2023-10-09,20835561,2023-10-09T21:10:50Z,1029.587509637625,3101,0,0,72,2,17:33:10,2023-10-09T20:33:10Z,NA
SpC_SR_091023_downstream.xlsx,2023-10-09T18:11:00Z,2023-10-09T18:11:00Z,1094.3,26.88,1054.6453353893598,NA,NA,NA,NA,NA,SR,downstream,2023-10-09,20835561,2023-10-09T21:11:00Z,1054.6453353893598,3101,0,0,72,2,17:33:10,2023-10-09T20:33:10Z,NA
SpC_SR_091023_downstream.xlsx,2023-10-09T18:11:10Z,2023-10-09T18:11:10Z,1105.5,26.87,1065.644881434355,NA,NA,NA,NA,NA,SR,downstream,2023-10-09,20835561,2023-10-09T21:11:10Z,1065.644881434355,3101,0,0,72,2,17:33:10,2023-10-09T20:33:10Z,NA
SpC_SR_091023_downstream.xlsx,2023-10-09T18:11:20Z,2023-10-09T18:11:20Z,1107.2,26.87,1067.283593599383,NA,NA,NA,NA,NA,SR,downstream,2023-10-09,20835561,2023-10-09T21:11:20Z,1067.283593599383,3101,0,0,72,2,17:33:10,2023-10-09T20:33:10Z,NA
SpC_SR_091023_downstream.xlsx,2023-10-09T18:11:30Z,2023-10-09T18:11:30Z,1125.4,26.87,1084.827453248506,NA,NA,NA,NA,NA,SR,downstream,2023-10-09,20835561,2023-10-09T21:11:30Z,1084.827453248506,3101,0,0,72,2,17:33:10,2023-10-09T20:33:10Z,NA
SpC_SR_091023_downstream.xlsx,2023-10-09T18:11:40Z,2023-10-09T18:11:40Z,1133.3,26.87,1092.442645074224,NA,NA,NA,NA,NA,SR,downstream,2023-10-09,20835561,2023-10-09T21:11:40Z,1092.442645074224,3101,0,0,72,2,17:33:10,2023-10-09T20:33:10Z,NA
SpC_SR_091023_downstream.xlsx,2023-10-09T18:11:50Z,2023-10-09T18:11:50Z,1142.4,26.87,1101.2145748987855,NA,NA,NA,NA,NA,SR,downstream,2023-10-09,20835561,2023-10-09T21:11:50Z,1101.2145748987855,3101,0,0,72,2,17:33:10,2023-10-09T20:33:10Z,NA
SpC_SR_091023_downstream.xlsx,2023-10-09T18:12:00Z,2023-10-09T18:12:00Z,1149.9,26.87,1108.4441873915557,NA,NA,NA,NA,NA,SR,downstream,2023-10-09,20835561,2023-10-09T21:12:00Z,1108.4441873915557,3101,0,0,72,2,17:33:10,2023-10-09T20:33:10Z,NA
SpC_SR_091023_downstream.xlsx,2023-10-09T18:12:10Z,2023-10-09T18:12:10Z,1153.2,26.87,1111.6252168883748,NA,NA,NA,NA,NA,SR,downstream,2023-10-09,20835561,2023-10-09T21:12:10Z,1111.6252168883748,3101,0,0,72,2,17:33:10,2023-10-09T20:33:10Z,NA
SpC_SR_091023_downstream.xlsx,2023-10-09T18:12:20Z,2023-10-09T18:12:20Z,1152.8,26.87,1111.239637555427,NA,NA,NA,NA,NA,SR,downstream,2023-10-09,20835561,2023-10-09T21:12:20Z,1111.239637555427,3101,0,0,72,2,17:33:10,2023-10-09T20:33:10Z,NA
SpC_SR_091023_downstream.xlsx,2023-10-09T18:12:30Z,2023-10-09T18:12:30Z,1161.5,26.87,1119.6259880470407,NA,NA,NA,NA,NA,SR,downstream,2023-10-09,20835561,2023-10-09T21:12:30Z,1119.6259880470407,3101,0,0,72,2,17:33:10,2023-10-09T20:33:10Z,NA
SpC_SR_091023_downstream.xlsx,2023-10-09T18:12:40Z,2023-10-09T18:12:40Z,1171.1000000000001,26.87,1128.8798920377867,NA,NA,NA,NA,NA,SR,downstream,2023-10-09,20835561,2023-10-09T21:12:40Z,1128.8798920377867,3101,0,0,72,2,17:33:10,2023-10-09T20:33:10Z,NA
SpC_SR_091023_downstream.xlsx,2023-10-09T18:12:50Z,2023-10-09T18:12:50Z,1183.9,26.87,1141.218430692115,NA,NA,NA,NA,NA,SR,downstream,2023-10-09,20835561,2023-10-09T21:12:50Z,1141.218430692115,3101,0,0,72,2,17:33:10,2023-10-09T20:33:10Z,NA
SpC_SR_091023_downstream.xlsx,2023-10-09T18:13:00Z,2023-10-09T18:13:00Z,1191,26.87,1148.0624638519375,NA,NA,NA,NA,NA,SR,downstream,2023-10-09,20835561,2023-10-09T21:13:00Z,1148.0624638519375,3101,0,0,72,2,17:33:10,2023-10-09T20:33:10Z,NA
SpC_SR_091023_downstream.xlsx,2023-10-09T18:13:10Z,2023-10-09T18:13:10Z,1228.5,26.87,1184.2105263157894,NA,NA,NA,NA,NA,SR,downstream,2023-10-09,20835561,2023-10-09T21:13:10Z,1184.2105263157894,3101,0,0,72,2,17:33:10,2023-10-09T20:33:10Z,NA
SpC_SR_091023_downstream.xlsx,2023-10-09T18:13:20Z,2023-10-09T18:13:20Z,1234.7,26.87,1190.1870059764797,NA,NA,NA,NA,NA,SR,downstream,2023-10-09,20835561,2023-10-09T21:13:20Z,1190.1870059764797,3101,0,0,72,2,17:33:10,2023-10-09T20:33:10Z,NA
SpC_SR_091023_downstream.xlsx,2023-10-09T18:13:30Z,2023-10-09T18:13:30Z,1239.7,26.87,1195.0067476383265,NA,NA,NA,NA,NA,SR,downstream,2023-10-09,20835561,2023-10-09T21:13:30Z,1195.0067476383265,3101,0,0,72,2,17:33:10,2023-10-09T20:33:10Z,NA
SpC_SR_091023_downstream.xlsx,2023-10-09T18:13:40Z,2023-10-09T18:13:40Z,1229.7,26.87,1185.3672643146326,NA,NA,NA,NA,NA,SR,downstream,2023-10-09,20835561,2023-10-09T21:13:40Z,1185.3672643146326,3101,0,0,72,2,17:33:10,2023-10-09T20:33:10Z,NA
SpC_SR_091023_downstream.xlsx,2023-10-09T18:13:50Z,2023-10-09T18:13:50Z,1237.2,26.87,1192.596876807403,NA,NA,NA,NA,NA,SR,downstream,2023-10-09,20835561,2023-10-09T21:13:50Z,1192.596876807403,3101,0,0,72,2,17:33:10,2023-10-09T20:33:10Z,NA
SpC_SR_091023_downstream.xlsx,2023-10-09T18:14:00Z,2023-10-09T18:14:00Z,1225.1000000000001,26.87,1180.9331019857336,NA,NA,NA,NA,NA,SR,downstream,2023-10-09,20835561,2023-10-09T21:14:00Z,1180.9331019857336,3101,0,0,72,2,17:33:10,2023-10-09T20:33:10Z,NA
SpC_SR_091023_downstream.xlsx,2023-10-09T18:14:10Z,2023-10-09T18:14:10Z,1252.2,26.87,1207.0561017929438,NA,NA,NA,NA,NA,SR,downstream,2023-10-09,20835561,2023-10-09T21:14:10Z,1207.0561017929438,3101,0,0,72,2,17:33:10,2023-10-09T20:33:10Z,NA
SpC_SR_091023_downstream.xlsx,2023-10-09T18:14:20Z,2023-10-09T18:14:20Z,1255.6000000000001,26.87,1210.3335261229997,NA,NA,NA,NA,NA,SR,downstream,2023-10-09,20835561,2023-10-09T21:14:20Z,1210.3335261229997,3101,0,0,72,2,17:33:10,2023-10-09T20:33:10Z,NA
SpC_SR_091023_downstream.xlsx,2023-10-09T18:14:30Z,2023-10-09T18:14:30Z,1257.2,26.87,1211.8758434547908,NA,NA,NA,NA,NA,SR,downstream,2023-10-09,20835561,2023-10-09T21:14:30Z,1211.8758434547908,3101,0,0,72,2,17:33:10,2023-10-09T20:33:10Z,NA
SpC_SR_091023_downstream.xlsx,2023-10-09T18:14:40Z,2023-10-09T18:14:40Z,1261.4,26.86,1216.1588893173932,NA,NA,NA,NA,NA,SR,downstream,2023-10-09,20835561,2023-10-09T21:14:40Z,1216.1588893173932,3101,0,0,72,2,17:33:10,2023-10-09T20:33:10Z,NA
SpC_SR_091023_downstream.xlsx,2023-10-09T18:14:50Z,2023-10-09T18:14:50Z,1265.2,26.87,1219.5874301137458,NA,NA,NA,NA,NA,SR,downstream,2023-10-09,20835561,2023-10-09T21:14:50Z,1219.5874301137458,3101,0,0,72,2,17:33:10,2023-10-09T20:33:10Z,NA
SpC_SR_091023_downstream.xlsx,2023-10-09T18:15:00Z,2023-10-09T18:15:00Z,1264.3000000000002,26.86,1218.9548785190902,NA,NA,NA,NA,NA,SR,downstream,2023-10-09,20835561,2023-10-09T21:15:00Z,1218.9548785190902,3101,0,0,72,2,17:33:10,2023-10-09T20:33:10Z,NA
SpC_SR_091023_downstream.xlsx,2023-10-09T18:15:10Z,2023-10-09T18:15:10Z,1269.4,26.86,1223.8719629772465,NA,NA,NA,NA,NA,SR,downstream,2023-10-09,20835561,2023-10-09T21:15:10Z,1223.8719629772465,3101,0,0,72,2,17:33:10,2023-10-09T20:33:10Z,NA
SpC_SR_091023_downstream.xlsx,2023-10-09T18:15:20Z,2023-10-09T18:15:20Z,1271,26.86,1225.4145777092172,NA,NA,NA,NA,NA,SR,downstream,2023-10-09,20835561,2023-10-09T21:15:20Z,1225.4145777092172,3101,0,0,72,2,17:33:10,2023-10-09T20:33:10Z,NA
SpC_SR_091023_downstream.xlsx,2023-10-09T18:15:30Z,2023-10-09T18:15:30Z,1276.9,26.86,1231.1029695333593,NA,NA,NA,NA,NA,SR,downstream,2023-10-09,20835561,2023-10-09T21:15:30Z,1231.1029695333593,3101,0,0,72,2,17:33:10,2023-10-09T20:33:10Z,NA
SpC_SR_091023_downstream.xlsx,2023-10-09T18:15:40Z,2023-10-09T18:15:40Z,1270.6000000000001,26.86,1225.0289240262248,NA,NA,NA,NA,NA,SR,downstream,2023-10-09,20835561,2023-10-09T21:15:40Z,1225.0289240262248,3101,0,0,72,2,17:33:10,2023-10-09T20:33:10Z,NA
SpC_SR_091023_downstream.xlsx,2023-10-09T18:15:50Z,2023-10-09T18:15:50Z,1278.5,26.86,1232.64558426533,NA,NA,NA,NA,NA,SR,downstream,2023-10-09,20835561,2023-10-09T21:15:50Z,1232.64558426533,3101,0,0,72,2,17:33:10,2023-10-09T20:33:10Z,NA
SpC_SR_091023_downstream.xlsx,2023-10-09T18:16:00Z,2023-10-09T18:16:00Z,1259.3000000000002,26.86,1214.1342074816816,NA,NA,NA,NA,NA,SR,downstream,2023-10-09,20835561,2023-10-09T21:16:00Z,1214.1342074816816,3101,0,0,72,2,17:33:10,2023-10-09T20:33:10Z,NA
SpC_SR_091023_downstream.xlsx,2023-10-09T18:16:10Z,2023-10-09T18:16:10Z,1260.6000000000001,26.86,1215.3875819514078,NA,NA,NA,NA,NA,SR,downstream,2023-10-09,20835561,2023-10-09T21:16:10Z,1215.3875819514078,3101,0,0,72,2,17:33:10,2023-10-09T20:33:10Z,NA
SpC_SR_091023_downstream.xlsx,2023-10-09T18:16:20Z,2023-10-09T18:16:20Z,1260.6000000000001,26.86,1215.3875819514078,NA,NA,NA,NA,NA,SR,downstream,2023-10-09,20835561,2023-10-09T21:16:20Z,1215.3875819514078,3101,0,0,72,2,17:33:10,2023-10-09T20:33:10Z,NA
SpC_SR_091023_downstream.xlsx,2023-10-09T18:16:30Z,2023-10-09T18:16:30Z,1260.2,26.86,1215.0019282684152,NA,NA,NA,NA,NA,SR,downstream,2023-10-09,20835561,2023-10-09T21:16:30Z,1215.0019282684152,3101,0,0,72,2,17:33:10,2023-10-09T20:33:10Z,NA
SpC_SR_091023_downstream.xlsx,2023-10-09T18:16:40Z,2023-10-09T18:16:40Z,1256.4,26.86,1211.3382182799849,NA,NA,NA,NA,NA,SR,downstream,2023-10-09,20835561,2023-10-09T21:16:40Z,1211.3382182799849,3101,0,0,72,2,17:33:10,2023-10-09T20:33:10Z,NA
SpC_SR_091023_downstream.xlsx,2023-10-09T18:16:50Z,2023-10-09T18:16:50Z,1256.4,26.86,1211.3382182799849,NA,NA,NA,NA,NA,SR,downstream,2023-10-09,20835561,2023-10-09T21:16:50Z,1211.3382182799849,3101,0,0,72,2,17:33:10,2023-10-09T20:33:10Z,NA
SpC_SR_091023_downstream.xlsx,2023-10-09T18:17:00Z,2023-10-09T18:17:00Z,1265.2,26.85,1220.0578592092577,NA,NA,NA,NA,NA,SR,downstream,2023-10-09,20835561,2023-10-09T21:17:00Z,1220.0578592092577,3101,0,0,72,2,17:33:10,2023-10-09T20:33:10Z,NA
SpC_SR_091023_downstream.xlsx,2023-10-09T18:17:10Z,2023-10-09T18:17:10Z,1259.3000000000002,26.86,1214.1342074816816,NA,NA,NA,NA,NA,SR,downstream,2023-10-09,20835561,2023-10-09T21:17:10Z,1214.1342074816816,3101,0,0,72,2,17:33:10,2023-10-09T20:33:10Z,NA
SpC_SR_091023_downstream.xlsx,2023-10-09T18:17:20Z,2023-10-09T18:17:20Z,1255.2,26.86,1210.1812572310066,NA,NA,NA,NA,NA,SR,downstream,2023-10-09,20835561,2023-10-09T21:17:20Z,1210.1812572310066,3101,0,0,72,2,17:33:10,2023-10-09T20:33:10Z,NA
SpC_SR_091023_downstream.xlsx,2023-10-09T18:17:30Z,2023-10-09T18:17:30Z,1248.5,26.85,1203.953712632594,NA,NA,NA,NA,NA,SR,downstream,2023-10-09,20835561,2023-10-09T21:17:30Z,1203.953712632594,3101,0,0,72,2,17:33:10,2023-10-09T20:33:10Z,NA
SpC_SR_091023_downstream.xlsx,2023-10-09T18:17:40Z,2023-10-09T18:17:40Z,1245.6000000000001,26.85,1201.1571841851496,NA,NA,NA,NA,NA,SR,downstream,2023-10-09,20835561,2023-10-09T21:17:40Z,1201.1571841851496,3101,0,0,72,2,17:33:10,2023-10-09T20:33:10Z,NA
SpC_SR_091023_downstream.xlsx,2023-10-09T18:17:50Z,2023-10-09T18:17:50Z,1246,26.86,1201.3112225221753,NA,NA,NA,NA,NA,SR,downstream,2023-10-09,20835561,2023-10-09T21:17:50Z,1201.3112225221753,3101,0,0,72,2,17:33:10,2023-10-09T20:33:10Z,NA
SpC_SR_091023_downstream.xlsx,2023-10-09T18:18:00Z,2023-10-09T18:18:00Z,1250.2,26.86,1205.3605861935982,NA,NA,NA,NA,NA,SR,downstream,2023-10-09,20835561,2023-10-09T21:18:00Z,1205.3605861935982,3101,0,0,72,2,17:33:10,2023-10-09T20:33:10Z,NA
SpC_SR_091023_downstream.xlsx,2023-10-09T18:18:10Z,2023-10-09T18:18:10Z,1247.3000000000002,26.85,1202.7965284474449,NA,NA,NA,NA,NA,SR,downstream,2023-10-09,20835561,2023-10-09T21:18:10Z,1202.7965284474449,3101,0,0,72,2,17:33:10,2023-10-09T20:33:10Z,NA
SpC_SR_091023_downstream.xlsx,2023-10-09T18:18:20Z,2023-10-09T18:18:20Z,1244.3000000000002,26.85,1199.903567984571,NA,NA,NA,NA,NA,SR,downstream,2023-10-09,20835561,2023-10-09T21:18:20Z,1199.903567984571,3101,0,0,72,2,17:33:10,2023-10-09T20:33:10Z,NA
SpC_SR_091023_downstream.xlsx,2023-10-09T18:18:30Z,2023-10-09T18:18:30Z,1242.3000000000002,26.85,1197.9749276759887,NA,NA,NA,NA,NA,SR,downstream,2023-10-09,20835561,2023-10-09T21:18:30Z,1197.9749276759887,3101,0,0,72,2,17:33:10,2023-10-09T20:33:10Z,NA
SpC_SR_091023_downstream.xlsx,2023-10-09T18:18:40Z,2023-10-09T18:18:40Z,1240.6000000000001,26.85,1196.3355834136935,NA,NA,NA,NA,NA,SR,downstream,2023-10-09,20835561,2023-10-09T21:18:40Z,1196.3355834136935,3101,0,0,72,2,17:33:10,2023-10-09T20:33:10Z,NA
SpC_SR_091023_downstream.xlsx,2023-10-09T18:18:50Z,2023-10-09T18:18:50Z,1237.3000000000002,26.85,1193.1533269045326,NA,NA,NA,NA,NA,SR,downstream,2023-10-09,20835561,2023-10-09T21:18:50Z,1193.1533269045326,3101,0,0,72,2,17:33:10,2023-10-09T20:33:10Z,NA
SpC_SR_091023_downstream.xlsx,2023-10-09T18:19:00Z,2023-10-09T18:19:00Z,1233.9,26.85,1189.8746383799423,NA,NA,NA,NA,NA,SR,downstream,2023-10-09,20835561,2023-10-09T21:19:00Z,1189.8746383799423,3101,0,0,72,2,17:33:10,2023-10-09T20:33:10Z,NA
SpC_SR_091023_downstream.xlsx,2023-10-09T18:19:10Z,2023-10-09T18:19:10Z,1231,26.85,1187.0781099324977,NA,NA,NA,NA,NA,SR,downstream,2023-10-09,20835561,2023-10-09T21:19:10Z,1187.0781099324977,3101,0,0,72,2,17:33:10,2023-10-09T20:33:10Z,NA
SpC_SR_091023_downstream.xlsx,2023-10-09T18:19:20Z,2023-10-09T18:19:20Z,1225.6000000000001,26.85,1181.870781099325,NA,NA,NA,NA,NA,SR,downstream,2023-10-09,20835561,2023-10-09T21:19:20Z,1181.870781099325,3101,0,0,72,2,17:33:10,2023-10-09T20:33:10Z,NA
SpC_SR_091023_downstream.xlsx,2023-10-09T18:19:30Z,2023-10-09T18:19:30Z,1221,26.85,1177.4349083895854,NA,NA,NA,NA,NA,SR,downstream,2023-10-09,20835561,2023-10-09T21:19:30Z,1177.4349083895854,3101,0,0,72,2,17:33:10,2023-10-09T20:33:10Z,NA
SpC_SR_091023_downstream.xlsx,2023-10-09T18:19:40Z,2023-10-09T18:19:40Z,1220.2,26.85,1176.6634522661525,NA,NA,NA,NA,NA,SR,downstream,2023-10-09,20835561,2023-10-09T21:19:40Z,1176.6634522661525,3101,0,0,72,2,17:33:10,2023-10-09T20:33:10Z,NA
SpC_SR_091023_downstream.xlsx,2023-10-09T18:19:50Z,2023-10-09T18:19:50Z,1217.7,26.85,1174.2526518804245,NA,NA,NA,NA,NA,SR,downstream,2023-10-09,20835561,2023-10-09T21:19:50Z,1174.2526518804245,3101,0,0,72,2,17:33:10,2023-10-09T20:33:10Z,NA
SpC_SR_091023_downstream.xlsx,2023-10-09T18:20:00Z,2023-10-09T18:20:00Z,1209.8,26.85,1166.6345226615238,NA,NA,NA,NA,NA,SR,downstream,2023-10-09,20835561,2023-10-09T21:20:00Z,1166.6345226615238,3101,0,0,72,2,17:33:10,2023-10-09T20:33:10Z,NA
SpC_SR_091023_downstream.xlsx,2023-10-09T18:20:10Z,2023-10-09T18:20:10Z,1205.6000000000001,26.830000000000002,1163.0329924754005,NA,NA,NA,NA,NA,SR,downstream,2023-10-09,20835561,2023-10-09T21:20:10Z,1163.0329924754005,3101,0,0,72,2,17:33:10,2023-10-09T20:33:10Z,NA
SpC_SR_091023_downstream.xlsx,2023-10-09T18:20:20Z,2023-10-09T18:20:20Z,1198.5,26.830000000000002,1156.1836774069072,NA,NA,NA,NA,NA,SR,downstream,2023-10-09,20835561,2023-10-09T21:20:20Z,1156.1836774069072,3101,0,0,72,2,17:33:10,2023-10-09T20:33:10Z,NA
SpC_SR_091023_downstream.xlsx,2023-10-09T18:20:30Z,2023-10-09T18:20:30Z,1195.2,26.85,1152.5554484088718,NA,NA,NA,NA,NA,SR,downstream,2023-10-09,20835561,2023-10-09T21:20:30Z,1152.5554484088718,3101,0,0,72,2,17:33:10,2023-10-09T20:33:10Z,NA
SpC_SR_091023_downstream.xlsx,2023-10-09T18:20:40Z,2023-10-09T18:20:40Z,1190.2,26.830000000000002,1148.1767316226126,NA,NA,NA,NA,NA,SR,downstream,2023-10-09,20835561,2023-10-09T21:20:40Z,1148.1767316226126,3101,0,0,72,2,17:33:10,2023-10-09T20:33:10Z,NA
SpC_SR_091023_downstream.xlsx,2023-10-09T18:20:50Z,2023-10-09T18:20:50Z,1186.1000000000001,26.830000000000002,1144.2214933436235,NA,NA,NA,NA,NA,SR,downstream,2023-10-09,20835561,2023-10-09T21:20:50Z,1144.2214933436235,3101,0,0,72,2,17:33:10,2023-10-09T20:33:10Z,NA
SpC_SR_091023_downstream.xlsx,2023-10-09T18:21:00Z,2023-10-09T18:21:00Z,1177.8,26.830000000000002,1136.2145475593286,NA,NA,NA,NA,NA,SR,downstream,2023-10-09,20835561,2023-10-09T21:21:00Z,1136.2145475593286,3101,0,0,72,2,17:33:10,2023-10-09T20:33:10Z,NA
SpC_SR_091023_downstream.xlsx,2023-10-09T18:21:10Z,2023-10-09T18:21:10Z,1171.9,26.830000000000002,1130.522863206637,NA,NA,NA,NA,NA,SR,downstream,2023-10-09,20835561,2023-10-09T21:21:10Z,1130.522863206637,3101,0,0,72,2,17:33:10,2023-10-09T20:33:10Z,NA
SpC_SR_091023_downstream.xlsx,2023-10-09T18:21:20Z,2023-10-09T18:21:20Z,1169,26.830000000000002,1127.7252556434498,NA,NA,NA,NA,NA,SR,downstream,2023-10-09,20835561,2023-10-09T21:21:20Z,1127.7252556434498,3101,0,0,72,2,17:33:10,2023-10-09T20:33:10Z,NA
SpC_SR_091023_downstream.xlsx,2023-10-09T18:21:30Z,2023-10-09T18:21:30Z,1162.4,26.830000000000002,1121.3582867065406,NA,NA,NA,NA,NA,SR,downstream,2023-10-09,20835561,2023-10-09T21:21:30Z,1121.3582867065406,3101,0,0,72,2,17:33:10,2023-10-09T20:33:10Z,NA
SpC_SR_091023_downstream.xlsx,2023-10-09T18:21:40Z,2023-10-09T18:21:40Z,1155.3,26.830000000000002,1114.5089716380476,NA,NA,NA,NA,NA,SR,downstream,2023-10-09,20835561,2023-10-09T21:21:40Z,1114.5089716380476,3101,0,0,72,2,17:33:10,2023-10-09T20:33:10Z,NA
SpC_SR_091023_downstream.xlsx,2023-10-09T18:21:50Z,2023-10-09T18:21:50Z,1147.4,26.830000000000002,1106.88790275902,NA,NA,NA,NA,NA,SR,downstream,2023-10-09,20835561,2023-10-09T21:21:50Z,1106.88790275902,3101,0,0,72,2,17:33:10,2023-10-09T20:33:10Z,NA
SpC_SR_091023_downstream.xlsx,2023-10-09T18:22:00Z,2023-10-09T18:22:00Z,1145.8,26.830000000000002,1105.344395137951,NA,NA,NA,NA,NA,SR,downstream,2023-10-09,20835561,2023-10-09T21:22:00Z,1105.344395137951,3101,0,0,72,2,17:33:10,2023-10-09T20:33:10Z,NA
SpC_SR_091023_downstream.xlsx,2023-10-09T18:22:10Z,2023-10-09T18:22:10Z,1142,26.830000000000002,1101.6785645379125,NA,NA,NA,NA,NA,SR,downstream,2023-10-09,20835561,2023-10-09T21:22:10Z,1101.6785645379125,3101,0,0,72,2,17:33:10,2023-10-09T20:33:10Z,NA
SpC_SR_091023_downstream.xlsx,2023-10-09T18:22:20Z,2023-10-09T18:22:20Z,1134.2,26.830000000000002,1094.1539648852017,NA,NA,NA,NA,NA,SR,downstream,2023-10-09,20835561,2023-10-09T21:22:20Z,1094.1539648852017,3101,0,0,72,2,17:33:10,2023-10-09T20:33:10Z,NA
SpC_SR_091023_downstream.xlsx,2023-10-09T18:22:30Z,2023-10-09T18:22:30Z,1127.5,26.830000000000002,1087.6905267219756,NA,NA,NA,NA,NA,SR,downstream,2023-10-09,20835561,2023-10-09T21:22:30Z,1087.6905267219756,3101,0,0,72,2,17:33:10,2023-10-09T20:33:10Z,NA
SpC_SR_091023_downstream.xlsx,2023-10-09T18:22:40Z,2023-10-09T18:22:40Z,1124.6000000000001,26.830000000000002,1084.8929191587886,NA,NA,NA,NA,NA,SR,downstream,2023-10-09,20835561,2023-10-09T21:22:40Z,1084.8929191587886,3101,0,0,72,2,17:33:10,2023-10-09T20:33:10Z,NA
SpC_SR_091023_downstream.xlsx,2023-10-09T18:22:50Z,2023-10-09T18:22:50Z,1115.5,26.830000000000002,1076.114219563959,NA,NA,NA,NA,NA,SR,downstream,2023-10-09,20835561,2023-10-09T21:22:50Z,1076.114219563959,3101,0,0,72,2,17:33:10,2023-10-09T20:33:10Z,NA
SpC_SR_091023_downstream.xlsx,2023-10-09T18:23:00Z,2023-10-09T18:23:00Z,1109.3,26.830000000000002,1070.133127532317,NA,NA,NA,NA,NA,SR,downstream,2023-10-09,20835561,2023-10-09T21:23:00Z,1070.133127532317,3101,0,0,72,2,17:33:10,2023-10-09T20:33:10Z,NA
SpC_SR_091023_downstream.xlsx,2023-10-09T18:23:10Z,2023-10-09T18:23:10Z,1104.7,26.830000000000002,1065.6955431217443,NA,NA,NA,NA,NA,SR,downstream,2023-10-09,20835561,2023-10-09T21:23:10Z,1065.6955431217443,3101,0,0,72,2,17:33:10,2023-10-09T20:33:10Z,NA
SpC_SR_091023_downstream.xlsx,2023-10-09T18:23:20Z,2023-10-09T18:23:20Z,1108.5,26.830000000000002,1069.3613737217827,NA,NA,NA,NA,NA,SR,downstream,2023-10-09,20835561,2023-10-09T21:23:20Z,1069.3613737217827,3101,0,0,72,2,17:33:10,2023-10-09T20:33:10Z,NA
SpC_SR_091023_downstream.xlsx,2023-10-09T18:23:30Z,2023-10-09T18:23:30Z,1101,26.830000000000002,1062.1261817480224,NA,NA,NA,NA,NA,SR,downstream,2023-10-09,20835561,2023-10-09T21:23:30Z,1062.1261817480224,3101,0,0,72,2,17:33:10,2023-10-09T20:33:10Z,NA
SpC_SR_091023_downstream.xlsx,2023-10-09T18:23:40Z,2023-10-09T18:23:40Z,1088.6000000000001,26.830000000000002,1050.1639976847387,NA,NA,NA,NA,NA,SR,downstream,2023-10-09,20835561,2023-10-09T21:23:40Z,1050.1639976847387,3101,0,0,72,2,17:33:10,2023-10-09T20:33:10Z,NA
SpC_SR_091023_downstream.xlsx,2023-10-09T18:23:50Z,2023-10-09T18:23:50Z,1082.4,26.830000000000002,1044.182905653097,NA,NA,NA,NA,NA,SR,downstream,2023-10-09,20835561,2023-10-09T21:23:50Z,1044.182905653097,3101,0,0,72,2,17:33:10,2023-10-09T20:33:10Z,NA
SpC_SR_091023_downstream.xlsx,2023-10-09T18:24:00Z,2023-10-09T18:24:00Z,1072.5,26.82,1034.8321111539947,NA,NA,NA,NA,NA,SR,downstream,2023-10-09,20835561,2023-10-09T21:24:00Z,1034.8321111539947,3101,0,0,72,2,17:33:10,2023-10-09T20:33:10Z,NA
SpC_SR_091023_downstream.xlsx,2023-10-09T18:24:10Z,2023-10-09T18:24:10Z,1065,26.82,1027.5955229641065,NA,NA,NA,NA,NA,SR,downstream,2023-10-09,20835561,2023-10-09T21:24:10Z,1027.5955229641065,3101,0,0,72,2,17:33:10,2023-10-09T20:33:10Z,NA
SpC_SR_091023_downstream.xlsx,2023-10-09T18:24:20Z,2023-10-09T18:24:20Z,1063.8,26.830000000000002,1026.239629558171,NA,NA,NA,NA,NA,SR,downstream,2023-10-09,20835561,2023-10-09T21:24:20Z,1026.239629558171,3101,0,0,72,2,17:33:10,2023-10-09T20:33:10Z,NA
SpC_SR_091023_downstream.xlsx,2023-10-09T18:24:30Z,2023-10-09T18:24:30Z,1063.4,26.82,1026.0517174835973,NA,NA,NA,NA,NA,SR,downstream,2023-10-09,20835561,2023-10-09T21:24:30Z,1026.0517174835973,3101,0,0,72,2,17:33:10,2023-10-09T20:33:10Z,NA
SpC_SR_091023_downstream.xlsx,2023-10-09T18:24:40Z,2023-10-09T18:24:40Z,1058.4,26.82,1021.2273253570052,NA,NA,NA,NA,NA,SR,downstream,2023-10-09,20835561,2023-10-09T21:24:40Z,1021.2273253570052,3101,0,0,72,2,17:33:10,2023-10-09T20:33:10Z,NA
SpC_SR_091023_downstream.xlsx,2023-10-09T18:24:50Z,2023-10-09T18:24:50Z,1055.9,26.830000000000002,1018.6185606791435,NA,NA,NA,NA,NA,SR,downstream,2023-10-09,20835561,2023-10-09T21:24:50Z,1018.6185606791435,3101,0,0,72,2,17:33:10,2023-10-09T20:33:10Z,NA
SpC_SR_091023_downstream.xlsx,2023-10-09T18:25:00Z,2023-10-09T18:25:00Z,1052.2,26.82,1015.2450791200309,NA,NA,NA,NA,NA,SR,downstream,2023-10-09,20835561,2023-10-09T21:25:00Z,1015.2450791200309,3101,0,0,72,2,17:33:10,2023-10-09T20:33:10Z,NA
SpC_SR_091023_downstream.xlsx,2023-10-09T18:25:10Z,2023-10-09T18:25:10Z,1049.8,26.82,1012.9293708992667,NA,NA,NA,NA,NA,SR,downstream,2023-10-09,20835561,2023-10-09T21:25:10Z,1012.9293708992667,3101,0,0,72,2,17:33:10,2023-10-09T20:33:10Z,NA
SpC_SR_091023_downstream.xlsx,2023-10-09T18:25:20Z,2023-10-09T18:25:20Z,1046.5,26.82,1009.7452720957159,NA,NA,NA,NA,NA,SR,downstream,2023-10-09,20835561,2023-10-09T21:25:20Z,1009.7452720957159,3101,0,0,72,2,17:33:10,2023-10-09T20:33:10Z,NA
SpC_SR_091023_downstream.xlsx,2023-10-09T18:25:30Z,2023-10-09T18:25:30Z,1038.2,26.830000000000002,1001.543507621069,NA,NA,NA,NA,NA,SR,downstream,2023-10-09,20835561,2023-10-09T21:25:30Z,1001.543507621069,3101,0,0,72,2,17:33:10,2023-10-09T20:33:10Z,NA
SpC_SR_091023_downstream.xlsx,2023-10-09T18:25:40Z,2023-10-09T18:25:40Z,1032,26.82,995.754534928599,NA,NA,NA,NA,NA,SR,downstream,2023-10-09,20835561,2023-10-09T21:25:40Z,995.754534928599,3101,0,0,72,2,17:33:10,2023-10-09T20:33:10Z,NA
SpC_SR_091023_downstream.xlsx,2023-10-09T18:25:50Z,2023-10-09T18:25:50Z,1026.2,26.82,990.1582400617523,NA,NA,NA,NA,NA,SR,downstream,2023-10-09,20835561,2023-10-09T21:25:50Z,990.1582400617523,3101,0,0,72,2,17:33:10,2023-10-09T20:33:10Z,NA
SpC_SR_091023_downstream.xlsx,2023-10-09T18:26:00Z,2023-10-09T18:26:00Z,1021.3000000000001,26.82,985.4303357776921,NA,NA,NA,NA,NA,SR,downstream,2023-10-09,20835561,2023-10-09T21:26:00Z,985.4303357776921,3101,0,0,72,2,17:33:10,2023-10-09T20:33:10Z,NA
SpC_SR_091023_downstream.xlsx,2023-10-09T18:26:10Z,2023-10-09T18:26:10Z,1011.8000000000001,26.82,976.2639907371672,NA,NA,NA,NA,NA,SR,downstream,2023-10-09,20835561,2023-10-09T21:26:10Z,976.2639907371672,3101,0,0,72,2,17:33:10,2023-10-09T20:33:10Z,NA
SpC_SR_091023_downstream.xlsx,2023-10-09T18:26:20Z,2023-10-09T18:26:20Z,1009.8000000000001,26.82,974.3342338865303,NA,NA,NA,NA,NA,SR,downstream,2023-10-09,20835561,2023-10-09T21:26:20Z,974.3342338865303,3101,0,0,72,2,17:33:10,2023-10-09T20:33:10Z,NA
SpC_SR_091023_downstream.xlsx,2023-10-09T18:26:30Z,2023-10-09T18:26:30Z,1005.2,26.82,969.8957931300656,NA,NA,NA,NA,NA,SR,downstream,2023-10-09,20835561,2023-10-09T21:26:30Z,969.8957931300656,3101,0,0,72,2,17:33:10,2023-10-09T20:33:10Z,NA
SpC_SR_091023_downstream.xlsx,2023-10-09T18:26:40Z,2023-10-09T18:26:40Z,999.9000000000001,26.82,964.7819374758782,NA,NA,NA,NA,NA,SR,downstream,2023-10-09,20835561,2023-10-09T21:26:40Z,964.7819374758782,3101,0,0,72,2,17:33:10,2023-10-09T20:33:10Z,NA
SpC_SR_091023_downstream.xlsx,2023-10-09T18:26:50Z,2023-10-09T18:26:50Z,990,26.82,955.2296410652258,NA,NA,NA,NA,NA,SR,downstream,2023-10-09,20835561,2023-10-09T21:26:50Z,955.2296410652258,3101,0,0,72,2,17:33:10,2023-10-09T20:33:10Z,NA
SpC_SR_091023_downstream.xlsx,2023-10-09T18:27:00Z,2023-10-09T18:27:00Z,986.7,26.82,952.0455422616751,NA,NA,NA,NA,NA,SR,downstream,2023-10-09,20835561,2023-10-09T21:27:00Z,952.0455422616751,3101,0,0,72,2,17:33:10,2023-10-09T20:33:10Z,NA
SpC_SR_091023_downstream.xlsx,2023-10-09T18:27:10Z,2023-10-09T18:27:10Z,983.4000000000001,26.82,948.8614434581244,NA,NA,NA,NA,NA,SR,downstream,2023-10-09,20835561,2023-10-09T21:27:10Z,948.8614434581244,3101,0,0,72,2,17:33:10,2023-10-09T20:33:10Z,NA
SpC_SR_091023_downstream.xlsx,2023-10-09T18:27:20Z,2023-10-09T18:27:20Z,974.4000000000001,26.82,940.1775376302587,NA,NA,NA,NA,NA,SR,downstream,2023-10-09,20835561,2023-10-09T21:27:20Z,940.1775376302587,3101,0,0,72,2,17:33:10,2023-10-09T20:33:10Z,NA
SpC_SR_091023_downstream.xlsx,2023-10-09T18:27:30Z,2023-10-09T18:27:30Z,970.7,26.82,936.6074874565805,NA,NA,NA,NA,NA,SR,downstream,2023-10-09,20835561,2023-10-09T21:27:30Z,936.6074874565805,3101,0,0,72,2,17:33:10,2023-10-09T20:33:10Z,NA
SpC_SR_091023_downstream.xlsx,2023-10-09T18:27:40Z,2023-10-09T18:27:40Z,967.8000000000001,26.82,933.8093400231571,NA,NA,NA,NA,NA,SR,downstream,2023-10-09,20835561,2023-10-09T21:27:40Z,933.8093400231571,3101,0,0,72,2,17:33:10,2023-10-09T20:33:10Z,NA
SpC_SR_091023_downstream.xlsx,2023-10-09T18:27:50Z,2023-10-09T18:27:50Z,962.8000000000001,26.82,928.9849478965651,NA,NA,NA,NA,NA,SR,downstream,2023-10-09,20835561,2023-10-09T21:27:50Z,928.9849478965651,3101,0,0,72,2,17:33:10,2023-10-09T20:33:10Z,NA
SpC_SR_091023_downstream.xlsx,2023-10-09T18:28:00Z,2023-10-09T18:28:00Z,962.9000000000001,26.810000000000002,929.2607604709516,NA,NA,NA,NA,NA,SR,downstream,2023-10-09,20835561,2023-10-09T21:28:00Z,929.2607604709516,3101,0,0,72,2,17:33:10,2023-10-09T20:33:10Z,NA
SpC_SR_091023_downstream.xlsx,2023-10-09T18:28:10Z,2023-10-09T18:28:10Z,955.1,26.810000000000002,921.7332561281606,NA,NA,NA,NA,NA,SR,downstream,2023-10-09,20835561,2023-10-09T21:28:10Z,921.7332561281606,3101,0,0,72,2,17:33:10,2023-10-09T20:33:10Z,NA
SpC_SR_091023_downstream.xlsx,2023-10-09T18:28:20Z,2023-10-09T18:28:20Z,948.1,26.82,914.8012350443844,NA,NA,NA,NA,NA,SR,downstream,2023-10-09,20835561,2023-10-09T21:28:20Z,914.8012350443844,3101,0,0,72,2,17:33:10,2023-10-09T20:33:10Z,NA
SpC_SR_091023_downstream.xlsx,2023-10-09T18:28:30Z,2023-10-09T18:28:30Z,942.3000000000001,26.810000000000002,909.3804284887088,NA,NA,NA,NA,NA,SR,downstream,2023-10-09,20835561,2023-10-09T21:28:30Z,909.3804284887088,3101,0,0,72,2,17:33:10,2023-10-09T20:33:10Z,NA
SpC_SR_091023_downstream.xlsx,2023-10-09T18:28:40Z,2023-10-09T18:28:40Z,939,26.810000000000002,906.1957151129126,NA,NA,NA,NA,NA,SR,downstream,2023-10-09,20835561,2023-10-09T21:28:40Z,906.1957151129126,3101,0,0,72,2,17:33:10,2023-10-09T20:33:10Z,NA
SpC_SR_091023_downstream.xlsx,2023-10-09T18:28:50Z,2023-10-09T18:28:50Z,931.2,26.810000000000002,898.6682107701216,NA,NA,NA,NA,NA,SR,downstream,2023-10-09,20835561,2023-10-09T21:28:50Z,898.6682107701216,3101,0,0,72,2,17:33:10,2023-10-09T20:33:10Z,NA
SpC_SR_091023_downstream.xlsx,2023-10-09T18:29:00Z,2023-10-09T18:29:00Z,926.7,26.810000000000002,894.3254198031268,NA,NA,NA,NA,NA,SR,downstream,2023-10-09,20835561,2023-10-09T21:29:00Z,894.3254198031268,3101,0,0,72,2,17:33:10,2023-10-09T20:33:10Z,NA
SpC_SR_091023_downstream.xlsx,2023-10-09T18:29:10Z,2023-10-09T18:29:10Z,921.8000000000001,26.810000000000002,889.5966029723992,NA,NA,NA,NA,NA,SR,downstream,2023-10-09,20835561,2023-10-09T21:29:10Z,889.5966029723992,3101,0,0,72,2,17:33:10,2023-10-09T20:33:10Z,NA
SpC_SR_091023_downstream.xlsx,2023-10-09T18:29:20Z,2023-10-09T18:29:20Z,916.9000000000001,26.810000000000002,884.8677861416716,NA,NA,NA,NA,NA,SR,downstream,2023-10-09,20835561,2023-10-09T21:29:20Z,884.8677861416716,3101,0,0,72,2,17:33:10,2023-10-09T20:33:10Z,NA
SpC_SR_091023_downstream.xlsx,2023-10-09T18:29:30Z,2023-10-09T18:29:30Z,912.8000000000001,26.810000000000002,880.9110210384097,NA,NA,NA,NA,NA,SR,downstream,2023-10-09,20835561,2023-10-09T21:29:30Z,880.9110210384097,3101,0,0,72,2,17:33:10,2023-10-09T20:33:10Z,NA
SpC_SR_091023_downstream.xlsx,2023-10-09T18:29:40Z,2023-10-09T18:29:40Z,908.7,26.810000000000002,876.9542559351477,NA,NA,NA,NA,NA,SR,downstream,2023-10-09,20835561,2023-10-09T21:29:40Z,876.9542559351477,3101,0,0,72,2,17:33:10,2023-10-09T20:33:10Z,NA
SpC_SR_091023_downstream.xlsx,2023-10-09T18:29:50Z,2023-10-09T18:29:50Z,904.2,26.810000000000002,872.6114649681529,NA,NA,NA,NA,NA,SR,downstream,2023-10-09,20835561,2023-10-09T21:29:50Z,872.6114649681529,3101,0,0,72,2,17:33:10,2023-10-09T20:33:10Z,NA
SpC_SR_091023_downstream.xlsx,2023-10-09T18:30:00Z,2023-10-09T18:30:00Z,902.2,26.810000000000002,870.6813356494886,NA,NA,NA,NA,NA,SR,downstream,2023-10-09,20835561,2023-10-09T21:30:00Z,870.6813356494886,3101,0,0,72,2,17:33:10,2023-10-09T20:33:10Z,NA
SpC_SR_091023_downstream.xlsx,2023-10-09T18:30:10Z,2023-10-09T18:30:10Z,899.7,26.810000000000002,868.2686740011582,NA,NA,NA,NA,NA,SR,downstream,2023-10-09,20835561,2023-10-09T21:30:10Z,868.2686740011582,3101,0,0,72,2,17:33:10,2023-10-09T20:33:10Z,NA
SpC_SR_091023_downstream.xlsx,2023-10-09T18:30:20Z,2023-10-09T18:30:20Z,894,26.810000000000002,862.7678054429647,NA,NA,NA,NA,NA,SR,downstream,2023-10-09,20835561,2023-10-09T21:30:20Z,862.7678054429647,3101,0,0,72,2,17:33:10,2023-10-09T20:33:10Z,NA
SpC_SR_091023_downstream.xlsx,2023-10-09T18:30:30Z,2023-10-09T18:30:30Z,887.8000000000001,26.810000000000002,856.7844045551052,NA,NA,NA,NA,NA,SR,downstream,2023-10-09,20835561,2023-10-09T21:30:30Z,856.7844045551052,3101,0,0,72,2,17:33:10,2023-10-09T20:33:10Z,NA
SpC_SR_091023_downstream.xlsx,2023-10-09T18:30:40Z,2023-10-09T18:30:40Z,885.4000000000001,26.810000000000002,854.4682493727081,NA,NA,NA,NA,NA,SR,downstream,2023-10-09,20835561,2023-10-09T21:30:40Z,854.4682493727081,3101,0,0,72,2,17:33:10,2023-10-09T20:33:10Z,NA
SpC_SR_091023_downstream.xlsx,2023-10-09T18:30:50Z,2023-10-09T18:30:50Z,882.1,26.810000000000002,851.2835359969118,NA,NA,NA,NA,NA,SR,downstream,2023-10-09,20835561,2023-10-09T21:30:50Z,851.2835359969118,3101,0,0,72,2,17:33:10,2023-10-09T20:33:10Z,NA
SpC_SR_091023_downstream.xlsx,2023-10-09T18:31:00Z,2023-10-09T18:31:00Z,875.2,26.810000000000002,844.6245898475198,NA,NA,NA,NA,NA,SR,downstream,2023-10-09,20835561,2023-10-09T21:31:00Z,844.6245898475198,3101,0,0,72,2,17:33:10,2023-10-09T20:33:10Z,NA
SpC_SR_091023_downstream.xlsx,2023-10-09T18:31:10Z,2023-10-09T18:31:10Z,869.8000000000001,26.810000000000002,839.4132406871261,NA,NA,NA,NA,NA,SR,downstream,2023-10-09,20835561,2023-10-09T21:31:10Z,839.4132406871261,3101,0,0,72,2,17:33:10,2023-10-09T20:33:10Z,NA
SpC_SR_091023_downstream.xlsx,2023-10-09T18:31:20Z,2023-10-09T18:31:20Z,864.9000000000001,26.810000000000002,834.6844238563984,NA,NA,NA,NA,NA,SR,downstream,2023-10-09,20835561,2023-10-09T21:31:20Z,834.6844238563984,3101,0,0,72,2,17:33:10,2023-10-09T20:33:10Z,NA
SpC_SR_091023_downstream.xlsx,2023-10-09T18:31:30Z,2023-10-09T18:31:30Z,865.3000000000001,26.810000000000002,835.0704497201313,NA,NA,NA,NA,NA,SR,downstream,2023-10-09,20835561,2023-10-09T21:31:30Z,835.0704497201313,3101,0,0,72,2,17:33:10,2023-10-09T20:33:10Z,NA
SpC_SR_091023_downstream.xlsx,2023-10-09T18:31:40Z,2023-10-09T18:31:40Z,861.3000000000001,26.810000000000002,831.2101910828026,NA,NA,NA,NA,NA,SR,downstream,2023-10-09,20835561,2023-10-09T21:31:40Z,831.2101910828026,3101,0,0,72,2,17:33:10,2023-10-09T20:33:10Z,NA
SpC_SR_091023_downstream.xlsx,2023-10-09T18:31:50Z,2023-10-09T18:31:50Z,853.5,26.810000000000002,823.6826867400116,NA,NA,NA,NA,NA,SR,downstream,2023-10-09,20835561,2023-10-09T21:31:50Z,823.6826867400116,3101,0,0,72,2,17:33:10,2023-10-09T20:33:10Z,NA
SpC_SR_091023_downstream.xlsx,2023-10-09T18:32:00Z,2023-10-09T18:32:00Z,847.4000000000001,26.810000000000002,817.7957923180854,NA,NA,NA,NA,NA,SR,downstream,2023-10-09,20835561,2023-10-09T21:32:00Z,817.7957923180854,3101,0,0,72,2,17:33:10,2023-10-09T20:33:10Z,NA
SpC_SR_091023_downstream.xlsx,2023-10-09T18:32:10Z,2023-10-09T18:32:10Z,842.9000000000001,26.8,813.6100386100387,NA,NA,NA,NA,NA,SR,downstream,2023-10-09,20835561,2023-10-09T21:32:10Z,813.6100386100387,3101,0,0,72,2,17:33:10,2023-10-09T20:33:10Z,NA
SpC_SR_091023_downstream.xlsx,2023-10-09T18:32:20Z,2023-10-09T18:32:20Z,840.9000000000001,26.810000000000002,811.5228720324262,NA,NA,NA,NA,NA,SR,downstream,2023-10-09,20835561,2023-10-09T21:32:20Z,811.5228720324262,3101,0,0,72,2,17:33:10,2023-10-09T20:33:10Z,NA
SpC_SR_091023_downstream.xlsx,2023-10-09T18:32:30Z,2023-10-09T18:32:30Z,837.6,26.8,808.4942084942085,NA,NA,NA,NA,NA,SR,downstream,2023-10-09,20835561,2023-10-09T21:32:30Z,808.4942084942085,3101,0,0,72,2,17:33:10,2023-10-09T20:33:10Z,NA
SpC_SR_091023_downstream.xlsx,2023-10-09T18:32:40Z,2023-10-09T18:32:40Z,834.7,26.8,805.6949806949807,NA,NA,NA,NA,NA,SR,downstream,2023-10-09,20835561,2023-10-09T21:32:40Z,805.6949806949807,3101,0,0,72,2,17:33:10,2023-10-09T20:33:10Z,NA
SpC_SR_091023_downstream.xlsx,2023-10-09T18:32:50Z,2023-10-09T18:32:50Z,829.9000000000001,26.8,801.0617760617761,NA,NA,NA,NA,NA,SR,downstream,2023-10-09,20835561,2023-10-09T21:32:50Z,801.0617760617761,3101,0,0,72,2,17:33:10,2023-10-09T20:33:10Z,NA
SpC_SR_091023_downstream.xlsx,2023-10-09T18:33:00Z,2023-10-09T18:33:00Z,825,26.8,796.3320463320463,NA,NA,NA,NA,NA,SR,downstream,2023-10-09,20835561,2023-10-09T21:33:00Z,796.3320463320463,3101,0,0,72,2,17:33:10,2023-10-09T20:33:10Z,NA
SpC_SR_091023_downstream.xlsx,2023-10-09T18:33:10Z,2023-10-09T18:33:10Z,822.5,26.8,793.9189189189188,NA,NA,NA,NA,NA,SR,downstream,2023-10-09,20835561,2023-10-09T21:33:10Z,793.9189189189188,3101,0,0,72,2,17:33:10,2023-10-09T20:33:10Z,NA
SpC_SR_091023_downstream.xlsx,2023-10-09T18:33:20Z,2023-10-09T18:33:20Z,818.4000000000001,26.8,789.9613899613901,NA,NA,NA,NA,NA,SR,downstream,2023-10-09,20835561,2023-10-09T21:33:20Z,789.9613899613901,3101,0,0,72,2,17:33:10,2023-10-09T20:33:10Z,NA
SpC_SR_091023_downstream.xlsx,2023-10-09T18:33:30Z,2023-10-09T18:33:30Z,811.9000000000001,26.8,783.6872586872588,NA,NA,NA,NA,NA,SR,downstream,2023-10-09,20835561,2023-10-09T21:33:30Z,783.6872586872588,3101,0,0,72,2,17:33:10,2023-10-09T20:33:10Z,NA
SpC_SR_091023_downstream.xlsx,2023-10-09T18:33:40Z,2023-10-09T18:33:40Z,808.7,26.8,780.5984555984556,NA,NA,NA,NA,NA,SR,downstream,2023-10-09,20835561,2023-10-09T21:33:40Z,780.5984555984556,3101,0,0,72,2,17:33:10,2023-10-09T20:33:10Z,NA
SpC_SR_091023_downstream.xlsx,2023-10-09T18:33:50Z,2023-10-09T18:33:50Z,805.4000000000001,26.8,777.4131274131274,NA,NA,NA,NA,NA,SR,downstream,2023-10-09,20835561,2023-10-09T21:33:50Z,777.4131274131274,3101,0,0,72,2,17:33:10,2023-10-09T20:33:10Z,NA
SpC_SR_091023_downstream.xlsx,2023-10-09T18:34:00Z,2023-10-09T18:34:00Z,807,26.8,778.9575289575289,NA,NA,NA,NA,NA,SR,downstream,2023-10-09,20835561,2023-10-09T21:34:00Z,778.9575289575289,3101,0,0,72,2,17:33:10,2023-10-09T20:33:10Z,NA
SpC_SR_091023_downstream.xlsx,2023-10-09T18:34:10Z,2023-10-09T18:34:10Z,804.2,26.8,776.2548262548263,NA,NA,NA,NA,NA,SR,downstream,2023-10-09,20835561,2023-10-09T21:34:10Z,776.2548262548263,3101,0,0,72,2,17:33:10,2023-10-09T20:33:10Z,NA
SpC_SR_091023_downstream.xlsx,2023-10-09T18:34:20Z,2023-10-09T18:34:20Z,800.1,26.8,772.2972972972973,NA,NA,NA,NA,NA,SR,downstream,2023-10-09,20835561,2023-10-09T21:34:20Z,772.2972972972973,3101,0,0,72,2,17:33:10,2023-10-09T20:33:10Z,NA
SpC_SR_091023_downstream.xlsx,2023-10-09T18:34:30Z,2023-10-09T18:34:30Z,797.7,26.8,769.980694980695,NA,NA,NA,NA,NA,SR,downstream,2023-10-09,20835561,2023-10-09T21:34:30Z,769.980694980695,3101,0,0,72,2,17:33:10,2023-10-09T20:33:10Z,NA
SpC_SR_091023_downstream.xlsx,2023-10-09T18:34:40Z,2023-10-09T18:34:40Z,793.6,26.8,766.023166023166,NA,NA,NA,NA,NA,SR,downstream,2023-10-09,20835561,2023-10-09T21:34:40Z,766.023166023166,3101,0,0,72,2,17:33:10,2023-10-09T20:33:10Z,NA
SpC_SR_091023_downstream.xlsx,2023-10-09T18:34:50Z,2023-10-09T18:34:50Z,792,26.8,764.4787644787644,NA,NA,NA,NA,NA,SR,downstream,2023-10-09,20835561,2023-10-09T21:34:50Z,764.4787644787644,3101,0,0,72,2,17:33:10,2023-10-09T20:33:10Z,NA
SpC_SR_091023_downstream.xlsx,2023-10-09T18:35:00Z,2023-10-09T18:35:00Z,789.5,26.8,762.065637065637,NA,NA,NA,NA,NA,SR,downstream,2023-10-09,20835561,2023-10-09T21:35:00Z,762.065637065637,3101,0,0,72,2,17:33:10,2023-10-09T20:33:10Z,NA
SpC_SR_091023_downstream.xlsx,2023-10-09T18:35:10Z,2023-10-09T18:35:10Z,787.1,26.8,759.7490347490348,NA,NA,NA,NA,NA,SR,downstream,2023-10-09,20835561,2023-10-09T21:35:10Z,759.7490347490348,3101,0,0,72,2,17:33:10,2023-10-09T20:33:10Z,NA
SpC_SR_091023_downstream.xlsx,2023-10-09T18:35:20Z,2023-10-09T18:35:20Z,782.6,26.8,755.4054054054054,NA,NA,NA,NA,NA,SR,downstream,2023-10-09,20835561,2023-10-09T21:35:20Z,755.4054054054054,3101,0,0,72,2,17:33:10,2023-10-09T20:33:10Z,NA
SpC_SR_091023_downstream.xlsx,2023-10-09T18:35:30Z,2023-10-09T18:35:30Z,779,26.8,751.9305019305019,NA,NA,NA,NA,NA,SR,downstream,2023-10-09,20835561,2023-10-09T21:35:30Z,751.9305019305019,3101,0,0,72,2,17:33:10,2023-10-09T20:33:10Z,NA
SpC_SR_091023_downstream.xlsx,2023-10-09T18:35:40Z,2023-10-09T18:35:40Z,777.8000000000001,26.8,750.7722007722008,NA,NA,NA,NA,NA,SR,downstream,2023-10-09,20835561,2023-10-09T21:35:40Z,750.7722007722008,3101,0,0,72,2,17:33:10,2023-10-09T20:33:10Z,NA
SpC_SR_091023_downstream.xlsx,2023-10-09T18:35:50Z,2023-10-09T18:35:50Z,774.5,26.8,747.5868725868726,NA,NA,NA,NA,NA,SR,downstream,2023-10-09,20835561,2023-10-09T21:35:50Z,747.5868725868726,3101,0,0,72,2,17:33:10,2023-10-09T20:33:10Z,NA
SpC_SR_091023_downstream.xlsx,2023-10-09T18:36:00Z,2023-10-09T18:36:00Z,773.3000000000001,26.8,746.4285714285714,NA,NA,NA,NA,NA,SR,downstream,2023-10-09,20835561,2023-10-09T21:36:00Z,746.4285714285714,3101,0,0,72,2,17:33:10,2023-10-09T20:33:10Z,NA
SpC_SR_091023_downstream.xlsx,2023-10-09T18:36:10Z,2023-10-09T18:36:10Z,775.3000000000001,26.78,748.6481266898417,NA,NA,NA,NA,NA,SR,downstream,2023-10-09,20835561,2023-10-09T21:36:10Z,748.6481266898417,3101,0,0,72,2,17:33:10,2023-10-09T20:33:10Z,NA
SpC_SR_091023_downstream.xlsx,2023-10-09T18:36:20Z,2023-10-09T18:36:20Z,773.3000000000001,26.8,746.4285714285714,NA,NA,NA,NA,NA,SR,downstream,2023-10-09,20835561,2023-10-09T21:36:20Z,746.4285714285714,3101,0,0,72,2,17:33:10,2023-10-09T20:33:10Z,NA
SpC_SR_091023_downstream.xlsx,2023-10-09T18:36:30Z,2023-10-09T18:36:30Z,771.3000000000001,26.8,744.4980694980695,NA,NA,NA,NA,NA,SR,downstream,2023-10-09,20835561,2023-10-09T21:36:30Z,744.4980694980695,3101,0,0,72,2,17:33:10,2023-10-09T20:33:10Z,NA
SpC_SR_091023_downstream.xlsx,2023-10-09T18:36:40Z,2023-10-09T18:36:40Z,769.2,26.78,742.757821552723,NA,NA,NA,NA,NA,SR,downstream,2023-10-09,20835561,2023-10-09T21:36:40Z,742.757821552723,3101,0,0,72,2,17:33:10,2023-10-09T20:33:10Z,NA
SpC_SR_091023_downstream.xlsx,2023-10-09T18:36:50Z,2023-10-09T18:36:50Z,767.2,26.78,740.8265739667826,NA,NA,NA,NA,NA,SR,downstream,2023-10-09,20835561,2023-10-09T21:36:50Z,740.8265739667826,3101,0,0,72,2,17:33:10,2023-10-09T20:33:10Z,NA
SpC_SR_091023_downstream.xlsx,2023-10-09T18:37:00Z,2023-10-09T18:37:00Z,764.8000000000001,26.78,738.509076863654,NA,NA,NA,NA,NA,SR,downstream,2023-10-09,20835561,2023-10-09T21:37:00Z,738.509076863654,3101,0,0,72,2,17:33:10,2023-10-09T20:33:10Z,NA
SpC_SR_091023_downstream.xlsx,2023-10-09T18:37:10Z,2023-10-09T18:37:10Z,764.8000000000001,26.78,738.509076863654,NA,NA,NA,NA,NA,SR,downstream,2023-10-09,20835561,2023-10-09T21:37:10Z,738.509076863654,3101,0,0,72,2,17:33:10,2023-10-09T20:33:10Z,NA
SpC_SR_091023_downstream.xlsx,2023-10-09T18:37:20Z,2023-10-09T18:37:20Z,761.5,26.78,735.322518346852,NA,NA,NA,NA,NA,SR,downstream,2023-10-09,20835561,2023-10-09T21:37:20Z,735.322518346852,3101,0,0,72,2,17:33:10,2023-10-09T20:33:10Z,NA
SpC_SR_091023_downstream.xlsx,2023-10-09T18:37:30Z,2023-10-09T18:37:30Z,757.9000000000001,26.8,731.5637065637067,NA,NA,NA,NA,NA,SR,downstream,2023-10-09,20835561,2023-10-09T21:37:30Z,731.5637065637067,3101,0,0,72,2,17:33:10,2023-10-09T20:33:10Z,NA
SpC_SR_091023_downstream.xlsx,2023-10-09T18:37:40Z,2023-10-09T18:37:40Z,755,26.8,728.7644787644788,NA,NA,NA,NA,NA,SR,downstream,2023-10-09,20835561,2023-10-09T21:37:40Z,728.7644787644788,3101,0,0,72,2,17:33:10,2023-10-09T20:33:10Z,NA
SpC_SR_091023_downstream.xlsx,2023-10-09T18:37:50Z,2023-10-09T18:37:50Z,754.2,26.78,728.2734646581691,NA,NA,NA,NA,NA,SR,downstream,2023-10-09,20835561,2023-10-09T21:37:50Z,728.2734646581691,3101,0,0,72,2,17:33:10,2023-10-09T20:33:10Z,NA
SpC_SR_091023_downstream.xlsx,2023-10-09T18:38:00Z,2023-10-09T18:38:00Z,753.8000000000001,26.8,727.6061776061777,NA,NA,NA,NA,NA,SR,downstream,2023-10-09,20835561,2023-10-09T21:38:00Z,727.6061776061777,3101,0,0,72,2,17:33:10,2023-10-09T20:33:10Z,NA
SpC_SR_091023_downstream.xlsx,2023-10-09T18:38:10Z,2023-10-09T18:38:10Z,749,26.78,723.2522209347238,NA,NA,NA,NA,NA,SR,downstream,2023-10-09,20835561,2023-10-09T21:38:10Z,723.2522209347238,3101,0,0,72,2,17:33:10,2023-10-09T20:33:10Z,NA
SpC_SR_091023_downstream.xlsx,2023-10-09T18:38:20Z,2023-10-09T18:38:20Z,746.1,26.78,720.45191193511,NA,NA,NA,NA,NA,SR,downstream,2023-10-09,20835561,2023-10-09T21:38:20Z,720.45191193511,3101,0,0,72,2,17:33:10,2023-10-09T20:33:10Z,NA
SpC_SR_091023_downstream.xlsx,2023-10-09T18:38:30Z,2023-10-09T18:38:30Z,744.1,26.78,718.5206643491696,NA,NA,NA,NA,NA,SR,downstream,2023-10-09,20835561,2023-10-09T21:38:30Z,718.5206643491696,3101,0,0,72,2,17:33:10,2023-10-09T20:33:10Z,NA
SpC_SR_091023_downstream.xlsx,2023-10-09T18:38:40Z,2023-10-09T18:38:40Z,743.7,26.78,718.1344148319814,NA,NA,NA,NA,NA,SR,downstream,2023-10-09,20835561,2023-10-09T21:38:40Z,718.1344148319814,3101,0,0,72,2,17:33:10,2023-10-09T20:33:10Z,NA
SpC_SR_091023_downstream.xlsx,2023-10-09T18:38:50Z,2023-10-09T18:38:50Z,739.6,26.78,714.1753572808034,NA,NA,NA,NA,NA,SR,downstream,2023-10-09,20835561,2023-10-09T21:38:50Z,714.1753572808034,3101,0,0,72,2,17:33:10,2023-10-09T20:33:10Z,NA
SpC_SR_091023_downstream.xlsx,2023-10-09T18:39:00Z,2023-10-09T18:39:00Z,737.6,26.78,712.2441096948628,NA,NA,NA,NA,NA,SR,downstream,2023-10-09,20835561,2023-10-09T21:39:00Z,712.2441096948628,3101,0,0,72,2,17:33:10,2023-10-09T20:33:10Z,NA
SpC_SR_091023_downstream.xlsx,2023-10-09T18:39:10Z,2023-10-09T18:39:10Z,737.6,26.78,712.2441096948628,NA,NA,NA,NA,NA,SR,downstream,2023-10-09,20835561,2023-10-09T21:39:10Z,712.2441096948628,3101,0,0,72,2,17:33:10,2023-10-09T20:33:10Z,NA
SpC_SR_091023_downstream.xlsx,2023-10-09T18:39:20Z,2023-10-09T18:39:20Z,734,26.78,708.7678640401699,NA,NA,NA,NA,NA,SR,downstream,2023-10-09,20835561,2023-10-09T21:39:20Z,708.7678640401699,3101,0,0,72,2,17:33:10,2023-10-09T20:33:10Z,NA
SpC_SR_091023_downstream.xlsx,2023-10-09T18:39:30Z,2023-10-09T18:39:30Z,731.9000000000001,26.78,706.7400540749325,NA,NA,NA,NA,NA,SR,downstream,2023-10-09,20835561,2023-10-09T21:39:30Z,706.7400540749325,3101,0,0,72,2,17:33:10,2023-10-09T20:33:10Z,NA
SpC_SR_091023_downstream.xlsx,2023-10-09T18:39:40Z,2023-10-09T18:39:40Z,728.7,26.78,703.6500579374276,NA,NA,NA,NA,NA,SR,downstream,2023-10-09,20835561,2023-10-09T21:39:40Z,703.6500579374276,3101,0,0,72,2,17:33:10,2023-10-09T20:33:10Z,NA
SpC_SR_091023_downstream.xlsx,2023-10-09T18:39:50Z,2023-10-09T18:39:50Z,725.9000000000001,26.78,700.9463113171109,NA,NA,NA,NA,NA,SR,downstream,2023-10-09,20835561,2023-10-09T21:39:50Z,700.9463113171109,3101,0,0,72,2,17:33:10,2023-10-09T20:33:10Z,NA
SpC_SR_091023_downstream.xlsx,2023-10-09T18:40:00Z,2023-10-09T18:40:00Z,723.4000000000001,26.78,698.5322518346852,NA,NA,NA,NA,NA,SR,downstream,2023-10-09,20835561,2023-10-09T21:40:00Z,698.5322518346852,3101,0,0,72,2,17:33:10,2023-10-09T20:33:10Z,NA
SpC_SR_091023_downstream.xlsx,2023-10-09T18:40:10Z,2023-10-09T18:40:10Z,722.2,26.78,697.3735032831208,NA,NA,NA,NA,NA,SR,downstream,2023-10-09,20835561,2023-10-09T21:40:10Z,697.3735032831208,3101,0,0,72,2,17:33:10,2023-10-09T20:33:10Z,NA
SpC_SR_091023_downstream.xlsx,2023-10-09T18:40:20Z,2023-10-09T18:40:20Z,719.8000000000001,26.78,695.0560061799923,NA,NA,NA,NA,NA,SR,downstream,2023-10-09,20835561,2023-10-09T21:40:20Z,695.0560061799923,3101,0,0,72,2,17:33:10,2023-10-09T20:33:10Z,NA
SpC_SR_091023_downstream.xlsx,2023-10-09T18:40:30Z,2023-10-09T18:40:30Z,717.8000000000001,26.78,693.1247585940517,NA,NA,NA,NA,NA,SR,downstream,2023-10-09,20835561,2023-10-09T21:40:30Z,693.1247585940517,3101,0,0,72,2,17:33:10,2023-10-09T20:33:10Z,NA
SpC_SR_091023_downstream.xlsx,2023-10-09T18:40:40Z,2023-10-09T18:40:40Z,715.7,26.78,691.0969486288142,NA,NA,NA,NA,NA,SR,downstream,2023-10-09,20835561,2023-10-09T21:40:40Z,691.0969486288142,3101,0,0,72,2,17:33:10,2023-10-09T20:33:10Z,NA
SpC_SR_091023_downstream.xlsx,2023-10-09T18:40:50Z,2023-10-09T18:40:50Z,712.1,26.78,687.6207029741213,NA,NA,NA,NA,NA,SR,downstream,2023-10-09,20835561,2023-10-09T21:40:50Z,687.6207029741213,3101,0,0,72,2,17:33:10,2023-10-09T20:33:10Z,NA
SpC_SR_091023_downstream.xlsx,2023-10-09T18:41:00Z,2023-10-09T18:41:00Z,711.3000000000001,26.78,686.8482039397451,NA,NA,NA,NA,NA,SR,downstream,2023-10-09,20835561,2023-10-09T21:41:00Z,686.8482039397451,3101,0,0,72,2,17:33:10,2023-10-09T20:33:10Z,NA
SpC_SR_091023_downstream.xlsx,2023-10-09T18:41:10Z,2023-10-09T18:41:10Z,709.7,26.78,685.3032058709927,NA,NA,NA,NA,NA,SR,downstream,2023-10-09,20835561,2023-10-09T21:41:10Z,685.3032058709927,3101,0,0,72,2,17:33:10,2023-10-09T20:33:10Z,NA
SpC_SR_091023_downstream.xlsx,2023-10-09T18:41:20Z,2023-10-09T18:41:20Z,707.3000000000001,26.78,682.985708767864,NA,NA,NA,NA,NA,SR,downstream,2023-10-09,20835561,2023-10-09T21:41:20Z,682.985708767864,3101,0,0,72,2,17:33:10,2023-10-09T20:33:10Z,NA
SpC_SR_091023_downstream.xlsx,2023-10-09T18:41:30Z,2023-10-09T18:41:30Z,705.6,26.78,681.3441483198146,NA,NA,NA,NA,NA,SR,downstream,2023-10-09,20835561,2023-10-09T21:41:30Z,681.3441483198146,3101,0,0,72,2,17:33:10,2023-10-09T20:33:10Z,NA
SpC_SR_091023_downstream.xlsx,2023-10-09T18:41:40Z,2023-10-09T18:41:40Z,702.8000000000001,26.78,678.6404016994979,NA,NA,NA,NA,NA,SR,downstream,2023-10-09,20835561,2023-10-09T21:41:40Z,678.6404016994979,3101,0,0,72,2,17:33:10,2023-10-09T20:33:10Z,NA
SpC_SR_091023_downstream.xlsx,2023-10-09T18:41:50Z,2023-10-09T18:41:50Z,701.6,26.78,677.4816531479336,NA,NA,NA,NA,NA,SR,downstream,2023-10-09,20835561,2023-10-09T21:41:50Z,677.4816531479336,3101,0,0,72,2,17:33:10,2023-10-09T20:33:10Z,NA
SpC_SR_091023_downstream.xlsx,2023-10-09T18:42:00Z,2023-10-09T18:42:00Z,698.4000000000001,26.78,674.3916570104287,NA,NA,NA,NA,NA,SR,downstream,2023-10-09,20835561,2023-10-09T21:42:00Z,674.3916570104287,3101,0,0,72,2,17:33:10,2023-10-09T20:33:10Z,NA
SpC_SR_091023_downstream.xlsx,2023-10-09T18:42:10Z,2023-10-09T18:42:10Z,698,26.78,674.0054074932406,NA,NA,NA,NA,NA,SR,downstream,2023-10-09,20835561,2023-10-09T21:42:10Z,674.0054074932406,3101,0,0,72,2,17:33:10,2023-10-09T20:33:10Z,NA
SpC_SR_091023_downstream.xlsx,2023-10-09T18:42:20Z,2023-10-09T18:42:20Z,695.5,26.78,671.591348010815,NA,NA,NA,NA,NA,SR,downstream,2023-10-09,20835561,2023-10-09T21:42:20Z,671.591348010815,3101,0,0,72,2,17:33:10,2023-10-09T20:33:10Z,NA
SpC_SR_091023_downstream.xlsx,2023-10-09T18:42:30Z,2023-10-09T18:42:30Z,693.5,26.77,669.7894533513618,NA,NA,NA,NA,NA,SR,downstream,2023-10-09,20835561,2023-10-09T21:42:30Z,669.7894533513618,3101,0,0,72,2,17:33:10,2023-10-09T20:33:10Z,NA
SpC_SR_091023_downstream.xlsx,2023-10-09T18:42:40Z,2023-10-09T18:42:40Z,692.7,26.78,668.8876013904983,NA,NA,NA,NA,NA,SR,downstream,2023-10-09,20835561,2023-10-09T21:42:40Z,668.8876013904983,3101,0,0,72,2,17:33:10,2023-10-09T20:33:10Z,NA
SpC_SR_091023_downstream.xlsx,2023-10-09T18:42:50Z,2023-10-09T18:42:50Z,689.5,26.78,665.7976052529934,NA,NA,NA,NA,NA,SR,downstream,2023-10-09,20835561,2023-10-09T21:42:50Z,665.7976052529934,3101,0,0,72,2,17:33:10,2023-10-09T20:33:10Z,NA
SpC_SR_091023_downstream.xlsx,2023-10-09T18:43:00Z,2023-10-09T18:43:00Z,688.7,26.78,665.0251062186172,NA,NA,NA,NA,NA,SR,downstream,2023-10-09,20835561,2023-10-09T21:43:00Z,665.0251062186172,3101,0,0,72,2,17:33:10,2023-10-09T20:33:10Z,NA
SpC_SR_091023_downstream.xlsx,2023-10-09T18:43:10Z,2023-10-09T18:43:10Z,687.1,26.78,663.4801081498648,NA,NA,NA,NA,NA,SR,downstream,2023-10-09,20835561,2023-10-09T21:43:10Z,663.4801081498648,3101,0,0,72,2,17:33:10,2023-10-09T20:33:10Z,NA
SpC_SR_091023_downstream.xlsx,2023-10-09T18:43:20Z,2023-10-09T18:43:20Z,687.1,26.78,663.4801081498648,NA,NA,NA,NA,NA,SR,downstream,2023-10-09,20835561,2023-10-09T21:43:20Z,663.4801081498648,3101,0,0,72,2,17:33:10,2023-10-09T20:33:10Z,NA
SpC_SR_091023_downstream.xlsx,2023-10-09T18:43:30Z,2023-10-09T18:43:30Z,683,26.77,659.648445045393,NA,NA,NA,NA,NA,SR,downstream,2023-10-09,20835561,2023-10-09T21:43:30Z,659.648445045393,3101,0,0,72,2,17:33:10,2023-10-09T20:33:10Z,NA
SpC_SR_091023_downstream.xlsx,2023-10-09T18:43:40Z,2023-10-09T18:43:40Z,681.8000000000001,26.77,658.4894726675681,NA,NA,NA,NA,NA,SR,downstream,2023-10-09,20835561,2023-10-09T21:43:40Z,658.4894726675681,3101,0,0,72,2,17:33:10,2023-10-09T20:33:10Z,NA
SpC_SR_091023_downstream.xlsx,2023-10-09T18:43:50Z,2023-10-09T18:43:50Z,679.4000000000001,26.78,656.0448049439939,NA,NA,NA,NA,NA,SR,downstream,2023-10-09,20835561,2023-10-09T21:43:50Z,656.0448049439939,3101,0,0,72,2,17:33:10,2023-10-09T20:33:10Z,NA
SpC_SR_091023_downstream.xlsx,2023-10-09T18:44:00Z,2023-10-09T18:44:00Z,678.6,26.77,655.3988796600347,NA,NA,NA,NA,NA,SR,downstream,2023-10-09,20835561,2023-10-09T21:44:00Z,655.3988796600347,3101,0,0,72,2,17:33:10,2023-10-09T20:33:10Z,NA
SpC_SR_091023_downstream.xlsx,2023-10-09T18:44:10Z,2023-10-09T18:44:10Z,676.6,26.77,653.4672590303264,NA,NA,NA,NA,NA,SR,downstream,2023-10-09,20835561,2023-10-09T21:44:10Z,653.4672590303264,3101,0,0,72,2,17:33:10,2023-10-09T20:33:10Z,NA
SpC_SR_091023_downstream.xlsx,2023-10-09T18:44:20Z,2023-10-09T18:44:20Z,674.1,26.77,651.052733243191,NA,NA,NA,NA,NA,SR,downstream,2023-10-09,20835561,2023-10-09T21:44:20Z,651.052733243191,3101,0,0,72,2,17:33:10,2023-10-09T20:33:10Z,NA
SpC_SR_091023_downstream.xlsx,2023-10-09T18:44:30Z,2023-10-09T18:44:30Z,673.7,26.77,650.6664091172494,NA,NA,NA,NA,NA,SR,downstream,2023-10-09,20835561,2023-10-09T21:44:30Z,650.6664091172494,3101,0,0,72,2,17:33:10,2023-10-09T20:33:10Z,NA
SpC_SR_091023_downstream.xlsx,2023-10-09T18:44:40Z,2023-10-09T18:44:40Z,672.1,26.77,649.1211126134826,NA,NA,NA,NA,NA,SR,downstream,2023-10-09,20835561,2023-10-09T21:44:40Z,649.1211126134826,3101,0,0,72,2,17:33:10,2023-10-09T20:33:10Z,NA
SpC_SR_091023_downstream.xlsx,2023-10-09T18:44:50Z,2023-10-09T18:44:50Z,670.9000000000001,26.77,647.9621402356578,NA,NA,NA,NA,NA,SR,downstream,2023-10-09,20835561,2023-10-09T21:44:50Z,647.9621402356578,3101,0,0,72,2,17:33:10,2023-10-09T20:33:10Z,NA
SpC_SR_091023_downstream.xlsx,2023-10-09T18:45:00Z,2023-10-09T18:45:00Z,670.1,26.77,647.1894919837744,NA,NA,NA,NA,NA,SR,downstream,2023-10-09,20835561,2023-10-09T21:45:00Z,647.1894919837744,3101,0,0,72,2,17:33:10,2023-10-09T20:33:10Z,NA
SpC_SR_091023_downstream.xlsx,2023-10-09T18:45:10Z,2023-10-09T18:45:10Z,668.1,26.77,645.257871354066,NA,NA,NA,NA,NA,SR,downstream,2023-10-09,20835561,2023-10-09T21:45:10Z,645.257871354066,3101,0,0,72,2,17:33:10,2023-10-09T20:33:10Z,NA
SpC_SR_091023_downstream.xlsx,2023-10-09T18:45:20Z,2023-10-09T18:45:20Z,666.5,26.77,643.7125748502993,NA,NA,NA,NA,NA,SR,downstream,2023-10-09,20835561,2023-10-09T21:45:20Z,643.7125748502993,3101,0,0,72,2,17:33:10,2023-10-09T20:33:10Z,NA
SpC_SR_091023_downstream.xlsx,2023-10-09T18:45:30Z,2023-10-09T18:45:30Z,665.7,26.77,642.939926598416,NA,NA,NA,NA,NA,SR,downstream,2023-10-09,20835561,2023-10-09T21:45:30Z,642.939926598416,3101,0,0,72,2,17:33:10,2023-10-09T20:33:10Z,NA
SpC_SR_091023_downstream.xlsx,2023-10-09T18:45:40Z,2023-10-09T18:45:40Z,695.1,26.77,671.3347498551284,NA,NA,NA,NA,NA,SR,downstream,2023-10-09,20835561,2023-10-09T21:45:40Z,671.3347498551284,3101,0,0,72,2,17:33:10,2023-10-09T20:33:10Z,NA
SpC_SR_091023_downstream.xlsx,2023-10-09T18:45:50Z,2023-10-09T18:45:50Z,688.7,26.77,665.1535638400618,NA,NA,NA,NA,NA,SR,downstream,2023-10-09,20835561,2023-10-09T21:45:50Z,665.1535638400618,3101,0,0,72,2,17:33:10,2023-10-09T20:33:10Z,NA
SpC_SR_091023_downstream.xlsx,2023-10-09T18:46:00Z,2023-10-09T18:46:00Z,663.3000000000001,26.77,640.6219818427661,NA,NA,NA,NA,NA,SR,downstream,2023-10-09,20835561,2023-10-09T21:46:00Z,640.6219818427661,3101,0,0,72,2,17:33:10,2023-10-09T20:33:10Z,NA
SpC_SR_091023_downstream.xlsx,2023-10-09T18:46:10Z,2023-10-09T18:46:10Z,653.6,26.77,631.2536217886807,NA,NA,NA,NA,NA,SR,downstream,2023-10-09,20835561,2023-10-09T21:46:10Z,631.2536217886807,3101,0,0,72,2,17:33:10,2023-10-09T20:33:10Z,NA
SpC_SR_091023_downstream.xlsx,2023-10-09T18:46:20Z,2023-10-09T18:46:20Z,652.4000000000001,26.78,629.9729625337969,NA,NA,NA,NA,NA,SR,downstream,2023-10-09,20835561,2023-10-09T21:46:20Z,629.9729625337969,3101,0,0,72,2,17:33:10,2023-10-09T20:33:10Z,NA
SpC_SR_091023_downstream.xlsx,2023-10-09T18:46:30Z,2023-10-09T18:46:30Z,649.2,26.77,627.0040564033224,NA,NA,NA,NA,NA,SR,downstream,2023-10-09,20835561,2023-10-09T21:46:30Z,627.0040564033224,3101,0,0,72,2,17:33:10,2023-10-09T20:33:10Z,NA
SpC_SR_091023_downstream.xlsx,2023-10-09T18:46:40Z,2023-10-09T18:46:40Z,648,26.77,625.8450840254974,NA,NA,NA,NA,NA,SR,downstream,2023-10-09,20835561,2023-10-09T21:46:40Z,625.8450840254974,3101,0,0,72,2,17:33:10,2023-10-09T20:33:10Z,NA
SpC_SR_091023_downstream.xlsx,2023-10-09T18:46:50Z,2023-10-09T18:46:50Z,647.5,26.77,625.3621788680703,NA,NA,NA,NA,NA,SR,downstream,2023-10-09,20835561,2023-10-09T21:46:50Z,625.3621788680703,3101,0,0,72,2,17:33:10,2023-10-09T20:33:10Z,NA
SpC_SR_091023_downstream.xlsx,2023-10-09T18:47:00Z,2023-10-09T18:47:00Z,642.3000000000001,26.77,620.3399652308286,NA,NA,NA,NA,NA,SR,downstream,2023-10-09,20835561,2023-10-09T21:47:00Z,620.3399652308286,3101,0,0,72,2,17:33:10,2023-10-09T20:33:10Z,NA
SpC_SR_091023_downstream.xlsx,2023-10-09T18:47:10Z,2023-10-09T18:47:10Z,640.7,26.77,618.794668727062,NA,NA,NA,NA,NA,SR,downstream,2023-10-09,20835561,2023-10-09T21:47:10Z,618.794668727062,3101,0,0,72,2,17:33:10,2023-10-09T20:33:10Z,NA
SpC_SR_091023_downstream.xlsx,2023-10-09T18:47:20Z,2023-10-09T18:47:20Z,636.7,26.77,614.9314274676453,NA,NA,NA,NA,NA,SR,downstream,2023-10-09,20835561,2023-10-09T21:47:20Z,614.9314274676453,3101,0,0,72,2,17:33:10,2023-10-09T20:33:10Z,NA
SpC_SR_091023_downstream.xlsx,2023-10-09T18:47:30Z,2023-10-09T18:47:30Z,635.5,26.77,613.7724550898203,NA,NA,NA,NA,NA,SR,downstream,2023-10-09,20835561,2023-10-09T21:47:30Z,613.7724550898203,3101,0,0,72,2,17:33:10,2023-10-09T20:33:10Z,NA
SpC_SR_091023_downstream.xlsx,2023-10-09T18:47:40Z,2023-10-09T18:47:40Z,632.3000000000001,26.77,610.681862082287,NA,NA,NA,NA,NA,SR,downstream,2023-10-09,20835561,2023-10-09T21:47:40Z,610.681862082287,3101,0,0,72,2,17:33:10,2023-10-09T20:33:10Z,NA
SpC_SR_091023_downstream.xlsx,2023-10-09T18:47:50Z,2023-10-09T18:47:50Z,630.7,26.77,609.1365655785204,NA,NA,NA,NA,NA,SR,downstream,2023-10-09,20835561,2023-10-09T21:47:50Z,609.1365655785204,3101,0,0,72,2,17:33:10,2023-10-09T20:33:10Z,NA
SpC_SR_091023_downstream.xlsx,2023-10-09T18:48:00Z,2023-10-09T18:48:00Z,628.6,26.77,607.1083639173266,NA,NA,NA,NA,NA,SR,downstream,2023-10-09,20835561,2023-10-09T21:48:00Z,607.1083639173266,3101,0,0,72,2,17:33:10,2023-10-09T20:33:10Z,NA
SpC_SR_091023_downstream.xlsx,2023-10-09T18:48:10Z,2023-10-09T18:48:10Z,632.7,26.77,611.0681862082287,NA,NA,NA,NA,NA,SR,downstream,2023-10-09,20835561,2023-10-09T21:48:10Z,611.0681862082287,3101,0,0,72,2,17:33:10,2023-10-09T20:33:10Z,NA
SpC_SR_091023_downstream.xlsx,2023-10-09T18:48:20Z,2023-10-09T18:48:20Z,630.7,26.76,609.2542503863988,NA,NA,NA,NA,NA,SR,downstream,2023-10-09,20835561,2023-10-09T21:48:20Z,609.2542503863988,3101,0,0,72,2,17:33:10,2023-10-09T20:33:10Z,NA
SpC_SR_091023_downstream.xlsx,2023-10-09T18:48:30Z,2023-10-09T18:48:30Z,630.7,26.77,609.1365655785204,NA,NA,NA,NA,NA,SR,downstream,2023-10-09,20835561,2023-10-09T21:48:30Z,609.1365655785204,3101,0,0,72,2,17:33:10,2023-10-09T20:33:10Z,NA
SpC_SR_091023_downstream.xlsx,2023-10-09T18:48:40Z,2023-10-09T18:48:40Z,629.9000000000001,26.76,608.4814528593508,NA,NA,NA,NA,NA,SR,downstream,2023-10-09,20835561,2023-10-09T21:48:40Z,608.4814528593508,3101,0,0,72,2,17:33:10,2023-10-09T20:33:10Z,NA
SpC_SR_091023_downstream.xlsx,2023-10-09T18:48:50Z,2023-10-09T18:48:50Z,627.8000000000001,26.76,606.4528593508501,NA,NA,NA,NA,NA,SR,downstream,2023-10-09,20835561,2023-10-09T21:48:50Z,606.4528593508501,3101,0,0,72,2,17:33:10,2023-10-09T20:33:10Z,NA
SpC_SR_091023_downstream.xlsx,2023-10-09T18:49:00Z,2023-10-09T18:49:00Z,626.2,26.76,604.9072642967542,NA,NA,NA,NA,NA,SR,downstream,2023-10-09,20835561,2023-10-09T21:49:00Z,604.9072642967542,3101,0,0,72,2,17:33:10,2023-10-09T20:33:10Z,NA
SpC_SR_091023_downstream.xlsx,2023-10-09T18:49:10Z,2023-10-09T18:49:10Z,623.8000000000001,26.76,602.5888717156105,NA,NA,NA,NA,NA,SR,downstream,2023-10-09,20835561,2023-10-09T21:49:10Z,602.5888717156105,3101,0,0,72,2,17:33:10,2023-10-09T20:33:10Z,NA
SpC_SR_091023_downstream.xlsx,2023-10-09T18:49:20Z,2023-10-09T18:49:20Z,623.4000000000001,26.77,602.086150280085,NA,NA,NA,NA,NA,SR,downstream,2023-10-09,20835561,2023-10-09T21:49:20Z,602.086150280085,3101,0,0,72,2,17:33:10,2023-10-09T20:33:10Z,NA
SpC_SR_091023_downstream.xlsx,2023-10-09T18:49:30Z,2023-10-09T18:49:30Z,622.2,26.76,601.0432766615147,NA,NA,NA,NA,NA,SR,downstream,2023-10-09,20835561,2023-10-09T21:49:30Z,601.0432766615147,3101,0,0,72,2,17:33:10,2023-10-09T20:33:10Z,NA
SpC_SR_091023_downstream.xlsx,2023-10-09T18:49:40Z,2023-10-09T18:49:40Z,621,26.77,599.768205524435,NA,NA,NA,NA,NA,SR,downstream,2023-10-09,20835561,2023-10-09T21:49:40Z,599.768205524435,3101,0,0,72,2,17:33:10,2023-10-09T20:33:10Z,NA
SpC_SR_091023_downstream.xlsx,2023-10-09T18:49:50Z,2023-10-09T18:49:50Z,619,26.76,597.9520865533229,NA,NA,NA,NA,NA,SR,downstream,2023-10-09,20835561,2023-10-09T21:49:50Z,597.9520865533229,3101,0,0,72,2,17:33:10,2023-10-09T20:33:10Z,NA
SpC_SR_091023_downstream.xlsx,2023-10-09T18:50:00Z,2023-10-09T18:50:00Z,617.4000000000001,26.76,596.4064914992272,NA,NA,NA,NA,NA,SR,downstream,2023-10-09,20835561,2023-10-09T21:50:00Z,596.4064914992272,3101,0,0,72,2,17:33:10,2023-10-09T20:33:10Z,NA
SpC_SR_091023_downstream.xlsx,2023-10-09T18:50:10Z,2023-10-09T18:50:10Z,615.8000000000001,26.76,594.8608964451314,NA,NA,NA,NA,NA,SR,downstream,2023-10-09,20835561,2023-10-09T21:50:10Z,594.8608964451314,3101,0,0,72,2,17:33:10,2023-10-09T20:33:10Z,NA
SpC_SR_091023_downstream.xlsx,2023-10-09T18:50:20Z,2023-10-09T18:50:20Z,615,26.76,594.0880989180833,NA,NA,NA,NA,NA,SR,downstream,2023-10-09,20835561,2023-10-09T21:50:20Z,594.0880989180833,3101,0,0,72,2,17:33:10,2023-10-09T20:33:10Z,NA
SpC_SR_091023_downstream.xlsx,2023-10-09T18:50:30Z,2023-10-09T18:50:30Z,613.8000000000001,26.76,592.9289026275115,NA,NA,NA,NA,NA,SR,downstream,2023-10-09,20835561,2023-10-09T21:50:30Z,592.9289026275115,3101,0,0,72,2,17:33:10,2023-10-09T20:33:10Z,NA
SpC_SR_091023_downstream.xlsx,2023-10-09T18:50:40Z,2023-10-09T18:50:40Z,613.4,26.76,592.5425038639876,NA,NA,NA,NA,NA,SR,downstream,2023-10-09,20835561,2023-10-09T21:50:40Z,592.5425038639876,3101,0,0,72,2,17:33:10,2023-10-09T20:33:10Z,NA
SpC_SR_091023_downstream.xlsx,2023-10-09T18:50:50Z,2023-10-09T18:50:50Z,612.2,26.76,591.3833075734158,NA,NA,NA,NA,NA,SR,downstream,2023-10-09,20835561,2023-10-09T21:50:50Z,591.3833075734158,3101,0,0,72,2,17:33:10,2023-10-09T20:33:10Z,NA
SpC_SR_091023_downstream.xlsx,2023-10-09T18:51:00Z,2023-10-09T18:51:00Z,610.2,26.76,589.4513137557959,NA,NA,NA,NA,NA,SR,downstream,2023-10-09,20835561,2023-10-09T21:51:00Z,589.4513137557959,3101,0,0,72,2,17:33:10,2023-10-09T20:33:10Z,NA
SpC_SR_091023_downstream.xlsx,2023-10-09T18:51:10Z,2023-10-09T18:51:10Z,607.8000000000001,26.76,587.1329211746522,NA,NA,NA,NA,NA,SR,downstream,2023-10-09,20835561,2023-10-09T21:51:10Z,587.1329211746522,3101,0,0,72,2,17:33:10,2023-10-09T20:33:10Z,NA
SpC_SR_091023_downstream.xlsx,2023-10-09T18:51:20Z,2023-10-09T18:51:20Z,605.8000000000001,26.76,585.2009273570325,NA,NA,NA,NA,NA,SR,downstream,2023-10-09,20835561,2023-10-09T21:51:20Z,585.2009273570325,3101,0,0,72,2,17:33:10,2023-10-09T20:33:10Z,NA
SpC_SR_091023_downstream.xlsx,2023-10-09T18:51:30Z,2023-10-09T18:51:30Z,604.5,26.76,583.9451313755795,NA,NA,NA,NA,NA,SR,downstream,2023-10-09,20835561,2023-10-09T21:51:30Z,583.9451313755795,3101,0,0,72,2,17:33:10,2023-10-09T20:33:10Z,NA
SpC_SR_091023_downstream.xlsx,2023-10-09T18:51:40Z,2023-10-09T18:51:40Z,603.7,26.76,583.1723338485317,NA,NA,NA,NA,NA,SR,downstream,2023-10-09,20835561,2023-10-09T21:51:40Z,583.1723338485317,3101,0,0,72,2,17:33:10,2023-10-09T20:33:10Z,NA
SpC_SR_091023_downstream.xlsx,2023-10-09T18:51:50Z,2023-10-09T18:51:50Z,601.7,26.76,581.2403400309119,NA,NA,NA,NA,NA,SR,downstream,2023-10-09,20835561,2023-10-09T21:51:50Z,581.2403400309119,3101,0,0,72,2,17:33:10,2023-10-09T20:33:10Z,NA
SpC_SR_091023_downstream.xlsx,2023-10-09T18:52:00Z,2023-10-09T18:52:00Z,610.2,26.76,589.4513137557959,NA,NA,NA,NA,NA,SR,downstream,2023-10-09,20835561,2023-10-09T21:52:00Z,589.4513137557959,3101,0,0,72,2,17:33:10,2023-10-09T20:33:10Z,NA
SpC_SR_091023_downstream.xlsx,2023-10-09T18:52:10Z,2023-10-09T18:52:10Z,608.6,26.76,587.9057187017002,NA,NA,NA,NA,NA,SR,downstream,2023-10-09,20835561,2023-10-09T21:52:10Z,587.9057187017002,3101,0,0,72,2,17:33:10,2023-10-09T20:33:10Z,NA
SpC_SR_091023_downstream.xlsx,2023-10-09T18:52:20Z,2023-10-09T18:52:20Z,607.8000000000001,26.76,587.1329211746522,NA,NA,NA,NA,NA,SR,downstream,2023-10-09,20835561,2023-10-09T21:52:20Z,587.1329211746522,3101,0,0,72,2,17:33:10,2023-10-09T20:33:10Z,NA
SpC_SR_091023_downstream.xlsx,2023-10-09T18:52:30Z,2023-10-09T18:52:30Z,603.7,26.76,583.1723338485317,NA,NA,NA,NA,NA,SR,downstream,2023-10-09,20835561,2023-10-09T21:52:30Z,583.1723338485317,3101,0,0,72,2,17:33:10,2023-10-09T20:33:10Z,NA
SpC_SR_091023_downstream.xlsx,2023-10-09T18:52:40Z,2023-10-09T18:52:40Z,602.5,26.76,582.0131375579598,NA,NA,NA,NA,NA,SR,downstream,2023-10-09,20835561,2023-10-09T21:52:40Z,582.0131375579598,3101,0,0,72,2,17:33:10,2023-10-09T20:33:10Z,NA
SpC_SR_091023_downstream.xlsx,2023-10-09T18:52:50Z,2023-10-09T18:52:50Z,603.7,26.76,583.1723338485317,NA,NA,NA,NA,NA,SR,downstream,2023-10-09,20835561,2023-10-09T21:52:50Z,583.1723338485317,3101,0,0,72,2,17:33:10,2023-10-09T20:33:10Z,NA
SpC_SR_091023_downstream.xlsx,2023-10-09T18:53:00Z,2023-10-09T18:53:00Z,602.9,26.76,582.3995363214837,NA,NA,NA,NA,NA,SR,downstream,2023-10-09,20835561,2023-10-09T21:53:00Z,582.3995363214837,3101,0,0,72,2,17:33:10,2023-10-09T20:33:10Z,NA
SpC_SR_091023_downstream.xlsx,2023-10-09T18:53:10Z,2023-10-09T18:53:10Z,602.1,26.76,581.6267387944358,NA,NA,NA,NA,NA,SR,downstream,2023-10-09,20835561,2023-10-09T21:53:10Z,581.6267387944358,3101,0,0,72,2,17:33:10,2023-10-09T20:33:10Z,NA
SpC_SR_091023_downstream.xlsx,2023-10-09T18:53:20Z,2023-10-09T18:53:20Z,601.3000000000001,26.76,580.853941267388,NA,NA,NA,NA,NA,SR,downstream,2023-10-09,20835561,2023-10-09T21:53:20Z,580.853941267388,3101,0,0,72,2,17:33:10,2023-10-09T20:33:10Z,NA
SpC_SR_091023_downstream.xlsx,2023-10-09T18:53:30Z,2023-10-09T18:53:30Z,600.1,26.75,579.8067632850242,NA,NA,NA,NA,NA,SR,downstream,2023-10-09,20835561,2023-10-09T21:53:30Z,579.8067632850242,3101,0,0,72,2,17:33:10,2023-10-09T20:33:10Z,NA
SpC_SR_091023_downstream.xlsx,2023-10-09T18:53:40Z,2023-10-09T18:53:40Z,599.3000000000001,26.76,578.9219474497681,NA,NA,NA,NA,NA,SR,downstream,2023-10-09,20835561,2023-10-09T21:53:40Z,578.9219474497681,3101,0,0,72,2,17:33:10,2023-10-09T20:33:10Z,NA
SpC_SR_091023_downstream.xlsx,2023-10-09T18:53:50Z,2023-10-09T18:53:50Z,598.9,26.76,578.5355486862442,NA,NA,NA,NA,NA,SR,downstream,2023-10-09,20835561,2023-10-09T21:53:50Z,578.5355486862442,3101,0,0,72,2,17:33:10,2023-10-09T20:33:10Z,NA
SpC_SR_091023_downstream.xlsx,2023-10-09T18:54:00Z,2023-10-09T18:54:00Z,601.3000000000001,26.75,580.9661835748793,NA,NA,NA,NA,NA,SR,downstream,2023-10-09,20835561,2023-10-09T21:54:00Z,580.9661835748793,3101,0,0,72,2,17:33:10,2023-10-09T20:33:10Z,NA
SpC_SR_091023_downstream.xlsx,2023-10-09T18:54:10Z,2023-10-09T18:54:10Z,618.6,26.76,597.565687789799,NA,NA,NA,NA,NA,SR,downstream,2023-10-09,20835561,2023-10-09T21:54:10Z,597.565687789799,3101,0,0,72,2,17:33:10,2023-10-09T20:33:10Z,NA
SpC_SR_091023_downstream.xlsx,2023-10-09T18:54:20Z,2023-10-09T18:54:20Z,613.4,26.76,592.5425038639876,NA,NA,NA,NA,NA,SR,downstream,2023-10-09,20835561,2023-10-09T21:54:20Z,592.5425038639876,3101,0,0,72,2,17:33:10,2023-10-09T20:33:10Z,NA
SpC_SR_091023_downstream.xlsx,2023-10-09T18:54:30Z,2023-10-09T18:54:30Z,612.6,26.75,591.8840579710146,NA,NA,NA,NA,NA,SR,downstream,2023-10-09,20835561,2023-10-09T21:54:30Z,591.8840579710146,3101,0,0,72,2,17:33:10,2023-10-09T20:33:10Z,NA
SpC_SR_091023_downstream.xlsx,2023-10-09T18:54:40Z,2023-10-09T18:54:40Z,611.8000000000001,26.76,590.9969088098918,NA,NA,NA,NA,NA,SR,downstream,2023-10-09,20835561,2023-10-09T21:54:40Z,590.9969088098918,3101,0,0,72,2,17:33:10,2023-10-09T20:33:10Z,NA
SpC_SR_091023_downstream.xlsx,2023-10-09T18:54:50Z,2023-10-09T18:54:50Z,611,26.75,590.3381642512078,NA,NA,NA,NA,NA,SR,downstream,2023-10-09,20835561,2023-10-09T21:54:50Z,590.3381642512078,3101,0,0,72,2,17:33:10,2023-10-09T20:33:10Z,NA
SpC_SR_091023_downstream.xlsx,2023-10-09T18:55:00Z,2023-10-09T18:55:00Z,609.4,26.75,588.792270531401,NA,NA,NA,NA,NA,SR,downstream,2023-10-09,20835561,2023-10-09T21:55:00Z,588.792270531401,3101,0,0,72,2,17:33:10,2023-10-09T20:33:10Z,NA
SpC_SR_091023_downstream.xlsx,2023-10-09T18:55:10Z,2023-10-09T18:55:10Z,609,26.76,588.292117465224,NA,NA,NA,NA,NA,SR,downstream,2023-10-09,20835561,2023-10-09T21:55:10Z,588.292117465224,3101,0,0,72,2,17:33:10,2023-10-09T20:33:10Z,NA
SpC_SR_091023_downstream.xlsx,2023-10-09T18:55:20Z,2023-10-09T18:55:20Z,608.2,26.75,587.632850241546,NA,NA,NA,NA,NA,SR,downstream,2023-10-09,20835561,2023-10-09T21:55:20Z,587.632850241546,3101,0,0,72,2,17:33:10,2023-10-09T20:33:10Z,NA
SpC_SR_091023_downstream.xlsx,2023-10-09T18:55:30Z,2023-10-09T18:55:30Z,606.2,26.75,585.7004830917875,NA,NA,NA,NA,NA,SR,downstream,2023-10-09,20835561,2023-10-09T21:55:30Z,585.7004830917875,3101,0,0,72,2,17:33:10,2023-10-09T20:33:10Z,NA
SpC_SR_091023_downstream.xlsx,2023-10-09T18:55:40Z,2023-10-09T18:55:40Z,605.4,26.75,584.9275362318841,NA,NA,NA,NA,NA,SR,downstream,2023-10-09,20835561,2023-10-09T21:55:40Z,584.9275362318841,3101,0,0,72,2,17:33:10,2023-10-09T20:33:10Z,NA
SpC_SR_091023_downstream.xlsx,2023-10-09T18:55:50Z,2023-10-09T18:55:50Z,603.8000000000001,26.75,583.3816425120774,NA,NA,NA,NA,NA,SR,downstream,2023-10-09,20835561,2023-10-09T21:55:50Z,583.3816425120774,3101,0,0,72,2,17:33:10,2023-10-09T20:33:10Z,NA
SpC_SR_091023_downstream.xlsx,2023-10-09T18:56:00Z,2023-10-09T18:56:00Z,603,26.75,582.608695652174,NA,NA,NA,NA,NA,SR,downstream,2023-10-09,20835561,2023-10-09T21:56:00Z,582.608695652174,3101,0,0,72,2,17:33:10,2023-10-09T20:33:10Z,NA
SpC_SR_091023_downstream.xlsx,2023-10-09T18:56:10Z,2023-10-09T18:56:10Z,602.5,26.75,582.1256038647343,NA,NA,NA,NA,NA,SR,downstream,2023-10-09,20835561,2023-10-09T21:56:10Z,582.1256038647343,3101,0,0,72,2,17:33:10,2023-10-09T20:33:10Z,NA
SpC_SR_091023_downstream.xlsx,2023-10-09T18:56:20Z,2023-10-09T18:56:20Z,600.5,26.75,580.1932367149759,NA,NA,NA,NA,NA,SR,downstream,2023-10-09,20835561,2023-10-09T21:56:20Z,580.1932367149759,3101,0,0,72,2,17:33:10,2023-10-09T20:33:10Z,NA
SpC_SR_091023_downstream.xlsx,2023-10-09T18:56:30Z,2023-10-09T18:56:30Z,599.7,26.75,579.4202898550725,NA,NA,NA,NA,NA,SR,downstream,2023-10-09,20835561,2023-10-09T21:56:30Z,579.4202898550725,3101,0,0,72,2,17:33:10,2023-10-09T20:33:10Z,NA
SpC_SR_091023_downstream.xlsx,2023-10-09T18:56:40Z,2023-10-09T18:56:40Z,598.5,26.75,578.2608695652175,NA,NA,NA,NA,NA,SR,downstream,2023-10-09,20835561,2023-10-09T21:56:40Z,578.2608695652175,3101,0,0,72,2,17:33:10,2023-10-09T20:33:10Z,NA
SpC_SR_091023_downstream.xlsx,2023-10-09T18:56:50Z,2023-10-09T18:56:50Z,596.5,26.75,576.328502415459,NA,NA,NA,NA,NA,SR,downstream,2023-10-09,20835561,2023-10-09T21:56:50Z,576.328502415459,3101,0,0,72,2,17:33:10,2023-10-09T20:33:10Z,NA
SpC_SR_091023_downstream.xlsx,2023-10-09T18:57:00Z,2023-10-09T18:57:00Z,594.1,26.75,574.0096618357488,NA,NA,NA,NA,NA,SR,downstream,2023-10-09,20835561,2023-10-09T21:57:00Z,574.0096618357488,3101,0,0,72,2,17:33:10,2023-10-09T20:33:10Z,NA
SpC_SR_091023_downstream.xlsx,2023-10-09T18:57:10Z,2023-10-09T18:57:10Z,592.1,26.75,572.0772946859904,NA,NA,NA,NA,NA,SR,downstream,2023-10-09,20835561,2023-10-09T21:57:10Z,572.0772946859904,3101,0,0,72,2,17:33:10,2023-10-09T20:33:10Z,NA
SpC_SR_091023_downstream.xlsx,2023-10-09T18:57:20Z,2023-10-09T18:57:20Z,592.1,26.75,572.0772946859904,NA,NA,NA,NA,NA,SR,downstream,2023-10-09,20835561,2023-10-09T21:57:20Z,572.0772946859904,3101,0,0,72,2,17:33:10,2023-10-09T20:33:10Z,NA
SpC_SR_091023_downstream.xlsx,2023-10-09T18:57:30Z,2023-10-09T18:57:30Z,591.3000000000001,26.75,571.3043478260871,NA,NA,NA,NA,NA,SR,downstream,2023-10-09,20835561,2023-10-09T21:57:30Z,571.3043478260871,3101,0,0,72,2,17:33:10,2023-10-09T20:33:10Z,NA
SpC_SR_091023_downstream.xlsx,2023-10-09T18:57:40Z,2023-10-09T18:57:40Z,590.1,26.75,570.144927536232,NA,NA,NA,NA,NA,SR,downstream,2023-10-09,20835561,2023-10-09T21:57:40Z,570.144927536232,3101,0,0,72,2,17:33:10,2023-10-09T20:33:10Z,NA
SpC_SR_091023_downstream.xlsx,2023-10-09T18:57:50Z,2023-10-09T18:57:50Z,588.9,26.75,568.9855072463769,NA,NA,NA,NA,NA,SR,downstream,2023-10-09,20835561,2023-10-09T21:57:50Z,568.9855072463769,3101,0,0,72,2,17:33:10,2023-10-09T20:33:10Z,NA
SpC_SR_091023_downstream.xlsx,2023-10-09T18:58:00Z,2023-10-09T18:58:00Z,588.1,26.75,568.2125603864735,NA,NA,NA,NA,NA,SR,downstream,2023-10-09,20835561,2023-10-09T21:58:00Z,568.2125603864735,3101,0,0,72,2,17:33:10,2023-10-09T20:33:10Z,NA
SpC_SR_091023_downstream.xlsx,2023-10-09T18:58:10Z,2023-10-09T18:58:10Z,586.9,26.75,567.0531400966183,NA,NA,NA,NA,NA,SR,downstream,2023-10-09,20835561,2023-10-09T21:58:10Z,567.0531400966183,3101,0,0,72,2,17:33:10,2023-10-09T20:33:10Z,NA
SpC_SR_091023_downstream.xlsx,2023-10-09T18:58:20Z,2023-10-09T18:58:20Z,585.3000000000001,26.75,565.5072463768117,NA,NA,NA,NA,NA,SR,downstream,2023-10-09,20835561,2023-10-09T21:58:20Z,565.5072463768117,3101,0,0,72,2,17:33:10,2023-10-09T20:33:10Z,NA
SpC_SR_091023_downstream.xlsx,2023-10-09T18:58:30Z,2023-10-09T18:58:30Z,585.3000000000001,26.75,565.5072463768117,NA,NA,NA,NA,NA,SR,downstream,2023-10-09,20835561,2023-10-09T21:58:30Z,565.5072463768117,3101,0,0,72,2,17:33:10,2023-10-09T20:33:10Z,NA
SpC_SR_091023_downstream.xlsx,2023-10-09T18:58:40Z,2023-10-09T18:58:40Z,583.7,26.75,563.9613526570049,NA,NA,NA,NA,NA,SR,downstream,2023-10-09,20835561,2023-10-09T21:58:40Z,563.9613526570049,3101,0,0,72,2,17:33:10,2023-10-09T20:33:10Z,NA
SpC_SR_091023_downstream.xlsx,2023-10-09T18:58:50Z,2023-10-09T18:58:50Z,582.9,26.75,563.1884057971015,NA,NA,NA,NA,NA,SR,downstream,2023-10-09,20835561,2023-10-09T21:58:50Z,563.1884057971015,3101,0,0,72,2,17:33:10,2023-10-09T20:33:10Z,NA
SpC_SR_091023_downstream.xlsx,2023-10-09T18:59:00Z,2023-10-09T18:59:00Z,582.1,26.75,562.4154589371981,NA,NA,NA,NA,NA,SR,downstream,2023-10-09,20835561,2023-10-09T21:59:00Z,562.4154589371981,3101,0,0,72,2,17:33:10,2023-10-09T20:33:10Z,NA
SpC_SR_091023_downstream.xlsx,2023-10-09T18:59:10Z,2023-10-09T18:59:10Z,582.1,26.75,562.4154589371981,NA,NA,NA,NA,NA,SR,downstream,2023-10-09,20835561,2023-10-09T21:59:10Z,562.4154589371981,3101,0,0,72,2,17:33:10,2023-10-09T20:33:10Z,NA
SpC_SR_091023_downstream.xlsx,2023-10-09T18:59:20Z,2023-10-09T18:59:20Z,580.5,26.740000000000002,560.9779667568613,NA,NA,NA,NA,NA,SR,downstream,2023-10-09,20835561,2023-10-09T21:59:20Z,560.9779667568613,3101,0,0,72,2,17:33:10,2023-10-09T20:33:10Z,NA
SpC_SR_091023_downstream.xlsx,2023-10-09T18:59:30Z,2023-10-09T18:59:30Z,579.3000000000001,26.740000000000002,559.8183223811366,NA,NA,NA,NA,NA,SR,downstream,2023-10-09,20835561,2023-10-09T21:59:30Z,559.8183223811366,3101,0,0,72,2,17:33:10,2023-10-09T20:33:10Z,NA
SpC_SR_091023_downstream.xlsx,2023-10-09T18:59:40Z,2023-10-09T18:59:40Z,578.5,26.75,558.937198067633,NA,NA,NA,NA,NA,SR,downstream,2023-10-09,20835561,2023-10-09T21:59:40Z,558.937198067633,3101,0,0,72,2,17:33:10,2023-10-09T20:33:10Z,NA
SpC_SR_091023_downstream.xlsx,2023-10-09T18:59:50Z,2023-10-09T18:59:50Z,576.9,26.75,557.3913043478261,NA,NA,NA,NA,NA,SR,downstream,2023-10-09,20835561,2023-10-09T21:59:50Z,557.3913043478261,3101,0,0,72,2,17:33:10,2023-10-09T20:33:10Z,NA
SpC_SR_091023_downstream.xlsx,2023-10-09T19:00:00Z,2023-10-09T19:00:00Z,576.5,26.75,557.0048309178744,NA,NA,NA,NA,NA,SR,downstream,2023-10-09,20835561,2023-10-09T22:00:00Z,557.0048309178744,3101,0,0,72,2,17:33:10,2023-10-09T20:33:10Z,NA
SpC_SR_091023_downstream.xlsx,2023-10-09T19:00:10Z,2023-10-09T19:00:10Z,574.5,26.75,555.072463768116,NA,NA,NA,NA,NA,SR,downstream,2023-10-09,20835561,2023-10-09T22:00:10Z,555.072463768116,3101,0,0,72,2,17:33:10,2023-10-09T20:33:10Z,NA
SpC_SR_091023_downstream.xlsx,2023-10-09T19:00:20Z,2023-10-09T19:00:20Z,575.7,26.740000000000002,556.3393892539622,NA,NA,NA,NA,NA,SR,downstream,2023-10-09,20835561,2023-10-09T22:00:20Z,556.3393892539622,3101,0,0,72,2,17:33:10,2023-10-09T20:33:10Z,NA
SpC_SR_091023_downstream.xlsx,2023-10-09T19:00:30Z,2023-10-09T19:00:30Z,574.1,26.75,554.6859903381643,NA,NA,NA,NA,NA,SR,downstream,2023-10-09,20835561,2023-10-09T22:00:30Z,554.6859903381643,3101,0,0,72,2,17:33:10,2023-10-09T20:33:10Z,NA
SpC_SR_091023_downstream.xlsx,2023-10-09T19:00:40Z,2023-10-09T19:00:40Z,573.3000000000001,26.740000000000002,554.0201005025126,NA,NA,NA,NA,NA,SR,downstream,2023-10-09,20835561,2023-10-09T22:00:40Z,554.0201005025126,3101,0,0,72,2,17:33:10,2023-10-09T20:33:10Z,NA
SpC_SR_091023_downstream.xlsx,2023-10-09T19:00:50Z,2023-10-09T19:00:50Z,572.9,26.740000000000002,553.633552377271,NA,NA,NA,NA,NA,SR,downstream,2023-10-09,20835561,2023-10-09T22:00:50Z,553.633552377271,3101,0,0,72,2,17:33:10,2023-10-09T20:33:10Z,NA
SpC_SR_091023_downstream.xlsx,2023-10-09T19:01:00Z,2023-10-09T19:01:00Z,572.5,26.75,553.1400966183576,NA,NA,NA,NA,NA,SR,downstream,2023-10-09,20835561,2023-10-09T22:01:00Z,553.1400966183576,3101,0,0,72,2,17:33:10,2023-10-09T20:33:10Z,NA
SpC_SR_091023_downstream.xlsx,2023-10-09T19:01:10Z,2023-10-09T19:01:10Z,571.3000000000001,26.740000000000002,552.0873598763047,NA,NA,NA,NA,NA,SR,downstream,2023-10-09,20835561,2023-10-09T22:01:10Z,552.0873598763047,3101,0,0,72,2,17:33:10,2023-10-09T20:33:10Z,NA
SpC_SR_091023_downstream.xlsx,2023-10-09T19:01:20Z,2023-10-09T19:01:20Z,571.3000000000001,26.740000000000002,552.0873598763047,NA,NA,NA,NA,NA,SR,downstream,2023-10-09,20835561,2023-10-09T22:01:20Z,552.0873598763047,3101,0,0,72,2,17:33:10,2023-10-09T20:33:10Z,NA
SpC_SR_091023_downstream.xlsx,2023-10-09T19:01:30Z,2023-10-09T19:01:30Z,568.9,26.740000000000002,549.768071124855,NA,NA,NA,NA,NA,SR,downstream,2023-10-09,20835561,2023-10-09T22:01:30Z,549.768071124855,3101,0,0,72,2,17:33:10,2023-10-09T20:33:10Z,NA
SpC_SR_091023_downstream.xlsx,2023-10-09T19:01:40Z,2023-10-09T19:01:40Z,568.1,26.740000000000002,548.9949748743719,NA,NA,NA,NA,NA,SR,downstream,2023-10-09,20835561,2023-10-09T22:01:40Z,548.9949748743719,3101,0,0,72,2,17:33:10,2023-10-09T20:33:10Z,NA
SpC_SR_091023_downstream.xlsx,2023-10-09T19:01:50Z,2023-10-09T19:01:50Z,567.3000000000001,26.740000000000002,548.2218786238888,NA,NA,NA,NA,NA,SR,downstream,2023-10-09,20835561,2023-10-09T22:01:50Z,548.2218786238888,3101,0,0,72,2,17:33:10,2023-10-09T20:33:10Z,NA
SpC_SR_091023_downstream.xlsx,2023-10-09T19:02:00Z,2023-10-09T19:02:00Z,565.7,26.740000000000002,546.6756861229223,NA,NA,NA,NA,NA,SR,downstream,2023-10-09,20835561,2023-10-09T22:02:00Z,546.6756861229223,3101,0,0,72,2,17:33:10,2023-10-09T20:33:10Z,NA
SpC_SR_091023_downstream.xlsx,2023-10-09T19:02:10Z,2023-10-09T19:02:10Z,564.5,26.740000000000002,545.5160417471975,NA,NA,NA,NA,NA,SR,downstream,2023-10-09,20835561,2023-10-09T22:02:10Z,545.5160417471975,3101,0,0,72,2,17:33:10,2023-10-09T20:33:10Z,NA
SpC_SR_091023_downstream.xlsx,2023-10-09T19:02:20Z,2023-10-09T19:02:20Z,563.7,26.740000000000002,544.7429454967145,NA,NA,NA,NA,NA,SR,downstream,2023-10-09,20835561,2023-10-09T22:02:20Z,544.7429454967145,3101,0,0,72,2,17:33:10,2023-10-09T20:33:10Z,NA
SpC_SR_091023_downstream.xlsx,2023-10-09T19:02:30Z,2023-10-09T19:02:30Z,562.9,26.740000000000002,543.9698492462312,NA,NA,NA,NA,NA,SR,downstream,2023-10-09,20835561,2023-10-09T22:02:30Z,543.9698492462312,3101,0,0,72,2,17:33:10,2023-10-09T20:33:10Z,NA
SpC_SR_091023_downstream.xlsx,2023-10-09T19:02:40Z,2023-10-09T19:02:40Z,562.5,26.740000000000002,543.5833011209896,NA,NA,NA,NA,NA,SR,downstream,2023-10-09,20835561,2023-10-09T22:02:40Z,543.5833011209896,3101,0,0,72,2,17:33:10,2023-10-09T20:33:10Z,NA
SpC_SR_091023_downstream.xlsx,2023-10-09T19:02:50Z,2023-10-09T19:02:50Z,561.3000000000001,26.740000000000002,542.4236567452649,NA,NA,NA,NA,NA,SR,downstream,2023-10-09,20835561,2023-10-09T22:02:50Z,542.4236567452649,3101,0,0,72,2,17:33:10,2023-10-09T20:33:10Z,NA
SpC_SR_091023_downstream.xlsx,2023-10-09T19:03:00Z,2023-10-09T19:03:00Z,558.9,26.740000000000002,540.1043679938152,NA,NA,NA,NA,NA,SR,downstream,2023-10-09,20835561,2023-10-09T22:03:00Z,540.1043679938152,3101,0,0,72,2,17:33:10,2023-10-09T20:33:10Z,NA
SpC_SR_091023_downstream.xlsx,2023-10-09T19:03:10Z,2023-10-09T19:03:10Z,558.5,26.740000000000002,539.7178198685737,NA,NA,NA,NA,NA,SR,downstream,2023-10-09,20835561,2023-10-09T22:03:10Z,539.7178198685737,3101,0,0,72,2,17:33:10,2023-10-09T20:33:10Z,NA
SpC_SR_091023_downstream.xlsx,2023-10-09T19:03:20Z,2023-10-09T19:03:20Z,557.7,26.740000000000002,538.9447236180905,NA,NA,NA,NA,NA,SR,downstream,2023-10-09,20835561,2023-10-09T22:03:20Z,538.9447236180905,3101,0,0,72,2,17:33:10,2023-10-09T20:33:10Z,NA
SpC_SR_091023_downstream.xlsx,2023-10-09T19:03:30Z,2023-10-09T19:03:30Z,556.1,26.740000000000002,537.3985311171241,NA,NA,NA,NA,NA,SR,downstream,2023-10-09,20835561,2023-10-09T22:03:30Z,537.3985311171241,3101,0,0,72,2,17:33:10,2023-10-09T20:33:10Z,NA
SpC_SR_091023_downstream.xlsx,2023-10-09T19:03:40Z,2023-10-09T19:03:40Z,554.9,26.72,536.446249033256,NA,NA,NA,NA,NA,SR,downstream,2023-10-09,20835561,2023-10-09T22:03:40Z,536.446249033256,3101,0,0,72,2,17:33:10,2023-10-09T20:33:10Z,NA
SpC_SR_091023_downstream.xlsx,2023-10-09T19:03:50Z,2023-10-09T19:03:50Z,554.1,26.72,535.6728538283063,NA,NA,NA,NA,NA,SR,downstream,2023-10-09,20835561,2023-10-09T22:03:50Z,535.6728538283063,3101,0,0,72,2,17:33:10,2023-10-09T20:33:10Z,NA
SpC_SR_091023_downstream.xlsx,2023-10-09T19:04:00Z,2023-10-09T19:04:00Z,553.7,26.740000000000002,535.0792423656746,NA,NA,NA,NA,NA,SR,downstream,2023-10-09,20835561,2023-10-09T22:04:00Z,535.0792423656746,3101,0,0,72,2,17:33:10,2023-10-09T20:33:10Z,NA
SpC_SR_091023_downstream.xlsx,2023-10-09T19:04:10Z,2023-10-09T19:04:10Z,552.9,26.72,534.5127610208816,NA,NA,NA,NA,NA,SR,downstream,2023-10-09,20835561,2023-10-09T22:04:10Z,534.5127610208816,3101,0,0,72,2,17:33:10,2023-10-09T20:33:10Z,NA
SpC_SR_091023_downstream.xlsx,2023-10-09T19:04:20Z,2023-10-09T19:04:20Z,551.7,26.72,533.3526682134572,NA,NA,NA,NA,NA,SR,downstream,2023-10-09,20835561,2023-10-09T22:04:20Z,533.3526682134572,3101,0,0,72,2,17:33:10,2023-10-09T20:33:10Z,NA
SpC_SR_091023_downstream.xlsx,2023-10-09T19:04:30Z,2023-10-09T19:04:30Z,550.9,26.72,532.5792730085074,NA,NA,NA,NA,NA,SR,downstream,2023-10-09,20835561,2023-10-09T22:04:30Z,532.5792730085074,3101,0,0,72,2,17:33:10,2023-10-09T20:33:10Z,NA
SpC_SR_091023_downstream.xlsx,2023-10-09T19:04:40Z,2023-10-09T19:04:40Z,550.1,26.72,531.8058778035577,NA,NA,NA,NA,NA,SR,downstream,2023-10-09,20835561,2023-10-09T22:04:40Z,531.8058778035577,3101,0,0,72,2,17:33:10,2023-10-09T20:33:10Z,NA
SpC_SR_091023_downstream.xlsx,2023-10-09T19:04:50Z,2023-10-09T19:04:50Z,551.3000000000001,26.72,532.9659706109823,NA,NA,NA,NA,NA,SR,downstream,2023-10-09,20835561,2023-10-09T22:04:50Z,532.9659706109823,3101,0,0,72,2,17:33:10,2023-10-09T20:33:10Z,NA
SpC_SR_091023_downstream.xlsx,2023-10-09T19:05:00Z,2023-10-09T19:05:00Z,550.1,26.72,531.8058778035577,NA,NA,NA,NA,NA,SR,downstream,2023-10-09,20835561,2023-10-09T22:05:00Z,531.8058778035577,3101,0,0,72,2,17:33:10,2023-10-09T20:33:10Z,NA
SpC_SR_091023_downstream.xlsx,2023-10-09T19:05:10Z,2023-10-09T19:05:10Z,549.3000000000001,26.72,531.032482598608,NA,NA,NA,NA,NA,SR,downstream,2023-10-09,20835561,2023-10-09T22:05:10Z,531.032482598608,3101,0,0,72,2,17:33:10,2023-10-09T20:33:10Z,NA
SpC_SR_091023_downstream.xlsx,2023-10-09T19:05:20Z,2023-10-09T19:05:20Z,547.7,26.72,529.4856921887085,NA,NA,NA,NA,NA,SR,downstream,2023-10-09,20835561,2023-10-09T22:05:20Z,529.4856921887085,3101,0,0,72,2,17:33:10,2023-10-09T20:33:10Z,NA
SpC_SR_091023_downstream.xlsx,2023-10-09T19:05:30Z,2023-10-09T19:05:30Z,543.3000000000001,26.72,525.232018561485,NA,NA,NA,NA,NA,SR,downstream,2023-10-09,20835561,2023-10-09T22:05:30Z,525.232018561485,3101,0,0,72,2,17:33:10,2023-10-09T20:33:10Z,NA
SpC_SR_091023_downstream.xlsx,2023-10-09T19:05:40Z,2023-10-09T19:05:40Z,547.7,26.72,529.4856921887085,NA,NA,NA,NA,NA,SR,downstream,2023-10-09,20835561,2023-10-09T22:05:40Z,529.4856921887085,3101,0,0,72,2,17:33:10,2023-10-09T20:33:10Z,NA
SpC_SR_091023_downstream.xlsx,2023-10-09T19:05:50Z,2023-10-09T19:05:50Z,546.5,26.72,528.3255993812838,NA,NA,NA,NA,NA,SR,downstream,2023-10-09,20835561,2023-10-09T22:05:50Z,528.3255993812838,3101,0,0,72,2,17:33:10,2023-10-09T20:33:10Z,NA
SpC_SR_091023_downstream.xlsx,2023-10-09T19:06:00Z,2023-10-09T19:06:00Z,545.7,26.72,527.5522041763342,NA,NA,NA,NA,NA,SR,downstream,2023-10-09,20835561,2023-10-09T22:06:00Z,527.5522041763342,3101,0,0,72,2,17:33:10,2023-10-09T20:33:10Z,NA
SpC_SR_091023_downstream.xlsx,2023-10-09T19:06:10Z,2023-10-09T19:06:10Z,544.9,26.72,526.7788089713844,NA,NA,NA,NA,NA,SR,downstream,2023-10-09,20835561,2023-10-09T22:06:10Z,526.7788089713844,3101,0,0,72,2,17:33:10,2023-10-09T20:33:10Z,NA
SpC_SR_091023_downstream.xlsx,2023-10-09T19:06:20Z,2023-10-09T19:06:20Z,543.3000000000001,26.72,525.232018561485,NA,NA,NA,NA,NA,SR,downstream,2023-10-09,20835561,2023-10-09T22:06:20Z,525.232018561485,3101,0,0,72,2,17:33:10,2023-10-09T20:33:10Z,NA
SpC_SR_091023_downstream.xlsx,2023-10-09T19:06:30Z,2023-10-09T19:06:30Z,542.5,26.72,524.4586233565352,NA,NA,NA,NA,NA,SR,downstream,2023-10-09,20835561,2023-10-09T22:06:30Z,524.4586233565352,3101,0,0,72,2,17:33:10,2023-10-09T20:33:10Z,NA
SpC_SR_091023_downstream.xlsx,2023-10-09T19:06:40Z,2023-10-09T19:06:40Z,541.7,26.72,523.6852281515855,NA,NA,NA,NA,NA,SR,downstream,2023-10-09,20835561,2023-10-09T22:06:40Z,523.6852281515855,3101,0,0,72,2,17:33:10,2023-10-09T20:33:10Z,NA
SpC_SR_091023_downstream.xlsx,2023-10-09T19:06:50Z,2023-10-09T19:06:50Z,541.7,26.72,523.6852281515855,NA,NA,NA,NA,NA,SR,downstream,2023-10-09,20835561,2023-10-09T22:06:50Z,523.6852281515855,3101,0,0,72,2,17:33:10,2023-10-09T20:33:10Z,NA
SpC_SR_091023_downstream.xlsx,2023-10-09T19:07:00Z,2023-10-09T19:07:00Z,542.5,26.72,524.4586233565352,NA,NA,NA,NA,NA,SR,downstream,2023-10-09,20835561,2023-10-09T22:07:00Z,524.4586233565352,3101,0,0,72,2,17:33:10,2023-10-09T20:33:10Z,NA
SpC_SR_091023_downstream.xlsx,2023-10-09T19:07:10Z,2023-10-09T19:07:10Z,542.1,26.72,524.0719257540603,NA,NA,NA,NA,NA,SR,downstream,2023-10-09,20835561,2023-10-09T22:07:10Z,524.0719257540603,3101,0,0,72,2,17:33:10,2023-10-09T20:33:10Z,NA
SpC_SR_091023_downstream.xlsx,2023-10-09T19:07:20Z,2023-10-09T19:07:20Z,541.7,26.71,523.7865016437827,NA,NA,NA,NA,NA,SR,downstream,2023-10-09,20835561,2023-10-09T22:07:20Z,523.7865016437827,3101,0,0,72,2,17:33:10,2023-10-09T20:33:10Z,NA
SpC_SR_091023_downstream.xlsx,2023-10-09T19:07:30Z,2023-10-09T19:07:30Z,540.9,26.72,522.9118329466357,NA,NA,NA,NA,NA,SR,downstream,2023-10-09,20835561,2023-10-09T22:07:30Z,522.9118329466357,3101,0,0,72,2,17:33:10,2023-10-09T20:33:10Z,NA
SpC_SR_091023_downstream.xlsx,2023-10-09T19:07:40Z,2023-10-09T19:07:40Z,540.1,26.71,522.2394121059757,NA,NA,NA,NA,NA,SR,downstream,2023-10-09,20835561,2023-10-09T22:07:40Z,522.2394121059757,3101,0,0,72,2,17:33:10,2023-10-09T20:33:10Z,NA
SpC_SR_091023_downstream.xlsx,2023-10-09T19:07:50Z,2023-10-09T19:07:50Z,540.1,26.72,522.1384377416861,NA,NA,NA,NA,NA,SR,downstream,2023-10-09,20835561,2023-10-09T22:07:50Z,522.1384377416861,3101,0,0,72,2,17:33:10,2023-10-09T20:33:10Z,NA
SpC_SR_091023_downstream.xlsx,2023-10-09T19:08:00Z,2023-10-09T19:08:00Z,539.7,26.72,521.7517401392112,NA,NA,NA,NA,NA,SR,downstream,2023-10-09,20835561,2023-10-09T22:08:00Z,521.7517401392112,3101,0,0,72,2,17:33:10,2023-10-09T20:33:10Z,NA
SpC_SR_091023_downstream.xlsx,2023-10-09T19:08:10Z,2023-10-09T19:08:10Z,538.9,26.71,521.0790949526204,NA,NA,NA,NA,NA,SR,downstream,2023-10-09,20835561,2023-10-09T22:08:10Z,521.0790949526204,3101,0,0,72,2,17:33:10,2023-10-09T20:33:10Z,NA
SpC_SR_091023_downstream.xlsx,2023-10-09T19:08:20Z,2023-10-09T19:08:20Z,538.5,26.71,520.6923225681686,NA,NA,NA,NA,NA,SR,downstream,2023-10-09,20835561,2023-10-09T22:08:20Z,520.6923225681686,3101,0,0,72,2,17:33:10,2023-10-09T20:33:10Z,NA
SpC_SR_091023_downstream.xlsx,2023-10-09T19:08:30Z,2023-10-09T19:08:30Z,538.1,26.71,520.305550183717,NA,NA,NA,NA,NA,SR,downstream,2023-10-09,20835561,2023-10-09T22:08:30Z,520.305550183717,3101,0,0,72,2,17:33:10,2023-10-09T20:33:10Z,NA
SpC_SR_091023_downstream.xlsx,2023-10-09T19:08:40Z,2023-10-09T19:08:40Z,538.1,26.72,520.2049497293117,NA,NA,NA,NA,NA,SR,downstream,2023-10-09,20835561,2023-10-09T22:08:40Z,520.2049497293117,3101,0,0,72,2,17:33:10,2023-10-09T20:33:10Z,NA
SpC_SR_091023_downstream.xlsx,2023-10-09T19:08:50Z,2023-10-09T19:08:50Z,538.5,26.71,520.6923225681686,NA,NA,NA,NA,NA,SR,downstream,2023-10-09,20835561,2023-10-09T22:08:50Z,520.6923225681686,3101,0,0,72,2,17:33:10,2023-10-09T20:33:10Z,NA
SpC_SR_091023_downstream.xlsx,2023-10-09T19:09:00Z,2023-10-09T19:09:00Z,538.1,26.72,520.2049497293117,NA,NA,NA,NA,NA,SR,downstream,2023-10-09,20835561,2023-10-09T22:09:00Z,520.2049497293117,3101,0,0,72,2,17:33:10,2023-10-09T20:33:10Z,NA
SpC_SR_091023_downstream.xlsx,2023-10-09T19:09:10Z,2023-10-09T19:09:10Z,537.7,26.71,519.9187777992652,NA,NA,NA,NA,NA,SR,downstream,2023-10-09,20835561,2023-10-09T22:09:10Z,519.9187777992652,3101,0,0,72,2,17:33:10,2023-10-09T20:33:10Z,NA
SpC_SR_091023_downstream.xlsx,2023-10-09T19:09:20Z,2023-10-09T19:09:20Z,537.7,26.71,519.9187777992652,NA,NA,NA,NA,NA,SR,downstream,2023-10-09,20835561,2023-10-09T22:09:20Z,519.9187777992652,3101,0,0,72,2,17:33:10,2023-10-09T20:33:10Z,NA
SpC_SR_091023_downstream.xlsx,2023-10-09T19:09:30Z,2023-10-09T19:09:30Z,537.3000000000001,26.71,519.5320054148134,NA,NA,NA,NA,NA,SR,downstream,2023-10-09,20835561,2023-10-09T22:09:30Z,519.5320054148134,3101,0,0,72,2,17:33:10,2023-10-09T20:33:10Z,NA
SpC_SR_091023_downstream.xlsx,2023-10-09T19:09:40Z,2023-10-09T19:09:40Z,537.3000000000001,26.71,519.5320054148134,NA,NA,NA,NA,NA,SR,downstream,2023-10-09,20835561,2023-10-09T22:09:40Z,519.5320054148134,3101,0,0,72,2,17:33:10,2023-10-09T20:33:10Z,NA
SpC_SR_091023_downstream.xlsx,2023-10-09T19:09:50Z,2023-10-09T19:09:50Z,536.9,26.71,519.1452330303616,NA,NA,NA,NA,NA,SR,downstream,2023-10-09,20835561,2023-10-09T22:09:50Z,519.1452330303616,3101,0,0,72,2,17:33:10,2023-10-09T20:33:10Z,NA
SpC_SR_091023_downstream.xlsx,2023-10-09T19:10:00Z,2023-10-09T19:10:00Z,536.9,26.71,519.1452330303616,NA,NA,NA,NA,NA,SR,downstream,2023-10-09,20835561,2023-10-09T22:10:00Z,519.1452330303616,3101,0,0,72,2,17:33:10,2023-10-09T20:33:10Z,NA
SpC_SR_091023_downstream.xlsx,2023-10-09T19:10:10Z,2023-10-09T19:10:10Z,536.9,26.71,519.1452330303616,NA,NA,NA,NA,NA,SR,downstream,2023-10-09,20835561,2023-10-09T22:10:10Z,519.1452330303616,3101,0,0,72,2,17:33:10,2023-10-09T20:33:10Z,NA
SpC_SR_091023_downstream.xlsx,2023-10-09T19:10:20Z,2023-10-09T19:10:20Z,536.1,26.71,518.3716882614582,NA,NA,NA,NA,NA,SR,downstream,2023-10-09,20835561,2023-10-09T22:10:20Z,518.3716882614582,3101,0,0,72,2,17:33:10,2023-10-09T20:33:10Z,NA
SpC_SR_091023_downstream.xlsx,2023-10-09T19:10:30Z,2023-10-09T19:10:30Z,536.1,26.71,518.3716882614582,NA,NA,NA,NA,NA,SR,downstream,2023-10-09,20835561,2023-10-09T22:10:30Z,518.3716882614582,3101,0,0,72,2,17:33:10,2023-10-09T20:33:10Z,NA
SpC_SR_091023_downstream.xlsx,2023-10-09T19:10:40Z,2023-10-09T19:10:40Z,536.1,26.71,518.3716882614582,NA,NA,NA,NA,NA,SR,downstream,2023-10-09,20835561,2023-10-09T22:10:40Z,518.3716882614582,3101,0,0,72,2,17:33:10,2023-10-09T20:33:10Z,NA
SpC_SR_091023_downstream.xlsx,2023-10-09T19:10:50Z,2023-10-09T19:10:50Z,535.7,26.71,517.9849158770064,NA,NA,NA,NA,NA,SR,downstream,2023-10-09,20835561,2023-10-09T22:10:50Z,517.9849158770064,3101,0,0,72,2,17:33:10,2023-10-09T20:33:10Z,NA
SpC_SR_091023_downstream.xlsx,2023-10-09T19:11:00Z,2023-10-09T19:11:00Z,535.3000000000001,26.71,517.5981434925546,NA,NA,NA,NA,NA,SR,downstream,2023-10-09,20835561,2023-10-09T22:11:00Z,517.5981434925546,3101,0,0,72,2,17:33:10,2023-10-09T20:33:10Z,NA
SpC_SR_091023_downstream.xlsx,2023-10-09T19:11:10Z,2023-10-09T19:11:10Z,534.9,26.71,517.2113711081029,NA,NA,NA,NA,NA,SR,downstream,2023-10-09,20835561,2023-10-09T22:11:10Z,517.2113711081029,3101,0,0,72,2,17:33:10,2023-10-09T20:33:10Z,NA
SpC_SR_091023_downstream.xlsx,2023-10-09T19:11:20Z,2023-10-09T19:11:20Z,534.9,26.71,517.2113711081029,NA,NA,NA,NA,NA,SR,downstream,2023-10-09,20835561,2023-10-09T22:11:20Z,517.2113711081029,3101,0,0,72,2,17:33:10,2023-10-09T20:33:10Z,NA
SpC_SR_091023_downstream.xlsx,2023-10-09T19:11:30Z,2023-10-09T19:11:30Z,534.5,26.71,516.8245987236511,NA,NA,NA,NA,NA,SR,downstream,2023-10-09,20835561,2023-10-09T22:11:30Z,516.8245987236511,3101,0,0,72,2,17:33:10,2023-10-09T20:33:10Z,NA
SpC_SR_091023_downstream.xlsx,2023-10-09T19:11:40Z,2023-10-09T19:11:40Z,534.1,26.71,516.4378263391994,NA,NA,NA,NA,NA,SR,downstream,2023-10-09,20835561,2023-10-09T22:11:40Z,516.4378263391994,3101,0,0,72,2,17:33:10,2023-10-09T20:33:10Z,NA
SpC_SR_091023_downstream.xlsx,2023-10-09T19:11:50Z,2023-10-09T19:11:50Z,532.9,26.71,515.2775091858441,NA,NA,NA,NA,NA,SR,downstream,2023-10-09,20835561,2023-10-09T22:11:50Z,515.2775091858441,3101,0,0,72,2,17:33:10,2023-10-09T20:33:10Z,NA
SpC_SR_091023_downstream.xlsx,2023-10-09T19:12:00Z,2023-10-09T19:12:00Z,532.5,26.71,514.8907368013923,NA,NA,NA,NA,NA,SR,downstream,2023-10-09,20835561,2023-10-09T22:12:00Z,514.8907368013923,3101,0,0,72,2,17:33:10,2023-10-09T20:33:10Z,NA
SpC_SR_091023_downstream.xlsx,2023-10-09T19:12:10Z,2023-10-09T19:12:10Z,530.1,26.71,512.5701024946819,NA,NA,NA,NA,NA,SR,downstream,2023-10-09,20835561,2023-10-09T22:12:10Z,512.5701024946819,3101,0,0,72,2,17:33:10,2023-10-09T20:33:10Z,NA
SpC_SR_091023_downstream.xlsx,2023-10-09T19:12:20Z,2023-10-09T19:12:20Z,529.3000000000001,26.71,511.7965577257784,NA,NA,NA,NA,NA,SR,downstream,2023-10-09,20835561,2023-10-09T22:12:20Z,511.7965577257784,3101,0,0,72,2,17:33:10,2023-10-09T20:33:10Z,NA
SpC_SR_091023_downstream.xlsx,2023-10-09T19:12:30Z,2023-10-09T19:12:30Z,528.5,26.71,511.0230129568749,NA,NA,NA,NA,NA,SR,downstream,2023-10-09,20835561,2023-10-09T22:12:30Z,511.0230129568749,3101,0,0,72,2,17:33:10,2023-10-09T20:33:10Z,NA
SpC_SR_091023_downstream.xlsx,2023-10-09T19:12:40Z,2023-10-09T19:12:40Z,528.5,26.71,511.0230129568749,NA,NA,NA,NA,NA,SR,downstream,2023-10-09,20835561,2023-10-09T22:12:40Z,511.0230129568749,3101,0,0,72,2,17:33:10,2023-10-09T20:33:10Z,NA
SpC_SR_091023_downstream.xlsx,2023-10-09T19:12:50Z,2023-10-09T19:12:50Z,528.2,26.7,510.8317214700194,NA,NA,NA,NA,NA,SR,downstream,2023-10-09,20835561,2023-10-09T22:12:50Z,510.8317214700194,3101,0,0,72,2,17:33:10,2023-10-09T20:33:10Z,NA
SpC_SR_091023_downstream.xlsx,2023-10-09T19:13:00Z,2023-10-09T19:13:00Z,527.4,26.7,510.05802707930366,NA,NA,NA,NA,NA,SR,downstream,2023-10-09,20835561,2023-10-09T22:13:00Z,510.05802707930366,3101,0,0,72,2,17:33:10,2023-10-09T20:33:10Z,NA
SpC_SR_091023_downstream.xlsx,2023-10-09T19:13:10Z,2023-10-09T19:13:10Z,526.6,26.7,509.284332688588,NA,NA,NA,NA,NA,SR,downstream,2023-10-09,20835561,2023-10-09T22:13:10Z,509.284332688588,3101,0,0,72,2,17:33:10,2023-10-09T20:33:10Z,NA
SpC_SR_091023_downstream.xlsx,2023-10-09T19:13:20Z,2023-10-09T19:13:20Z,525.8000000000001,26.7,508.5106382978724,NA,NA,NA,NA,NA,SR,downstream,2023-10-09,20835561,2023-10-09T22:13:20Z,508.5106382978724,3101,0,0,72,2,17:33:10,2023-10-09T20:33:10Z,NA
SpC_SR_091023_downstream.xlsx,2023-10-09T19:13:30Z,2023-10-09T19:13:30Z,523.8000000000001,26.7,506.5764023210832,NA,NA,NA,NA,NA,SR,downstream,2023-10-09,20835561,2023-10-09T22:13:30Z,506.5764023210832,3101,0,0,72,2,17:33:10,2023-10-09T20:33:10Z,NA
SpC_SR_091023_downstream.xlsx,2023-10-09T19:13:40Z,2023-10-09T19:13:40Z,523.8000000000001,26.7,506.5764023210832,NA,NA,NA,NA,NA,SR,downstream,2023-10-09,20835561,2023-10-09T22:13:40Z,506.5764023210832,3101,0,0,72,2,17:33:10,2023-10-09T20:33:10Z,NA
SpC_SR_091023_downstream.xlsx,2023-10-09T19:13:50Z,2023-10-09T19:13:50Z,523.8000000000001,26.7,506.5764023210832,NA,NA,NA,NA,NA,SR,downstream,2023-10-09,20835561,2023-10-09T22:13:50Z,506.5764023210832,3101,0,0,72,2,17:33:10,2023-10-09T20:33:10Z,NA
SpC_SR_091023_downstream.xlsx,2023-10-09T19:14:00Z,2023-10-09T19:14:00Z,522.2,26.7,505.0290135396519,NA,NA,NA,NA,NA,SR,downstream,2023-10-09,20835561,2023-10-09T22:14:00Z,505.0290135396519,3101,0,0,72,2,17:33:10,2023-10-09T20:33:10Z,NA
SpC_SR_091023_downstream.xlsx,2023-10-09T19:14:10Z,2023-10-09T19:14:10Z,522.2,26.7,505.0290135396519,NA,NA,NA,NA,NA,SR,downstream,2023-10-09,20835561,2023-10-09T22:14:10Z,505.0290135396519,3101,0,0,72,2,17:33:10,2023-10-09T20:33:10Z,NA
SpC_SR_091023_downstream.xlsx,2023-10-09T19:14:20Z,2023-10-09T19:14:20Z,522.2,26.7,505.0290135396519,NA,NA,NA,NA,NA,SR,downstream,2023-10-09,20835561,2023-10-09T22:14:20Z,505.0290135396519,3101,0,0,72,2,17:33:10,2023-10-09T20:33:10Z,NA
SpC_SR_091023_downstream.xlsx,2023-10-09T19:14:30Z,2023-10-09T19:14:30Z,522.2,26.7,505.0290135396519,NA,NA,NA,NA,NA,SR,downstream,2023-10-09,20835561,2023-10-09T22:14:30Z,505.0290135396519,3101,0,0,72,2,17:33:10,2023-10-09T20:33:10Z,NA
SpC_SR_091023_downstream.xlsx,2023-10-09T19:14:40Z,2023-10-09T19:14:40Z,522.2,26.7,505.0290135396519,NA,NA,NA,NA,NA,SR,downstream,2023-10-09,20835561,2023-10-09T22:14:40Z,505.0290135396519,3101,0,0,72,2,17:33:10,2023-10-09T20:33:10Z,NA
SpC_SR_091023_downstream.xlsx,2023-10-09T19:14:50Z,2023-10-09T19:14:50Z,523.4,26.7,506.1895551257253,NA,NA,NA,NA,NA,SR,downstream,2023-10-09,20835561,2023-10-09T22:14:50Z,506.1895551257253,3101,0,0,72,2,17:33:10,2023-10-09T20:33:10Z,NA
SpC_SR_091023_downstream.xlsx,2023-10-09T19:15:00Z,2023-10-09T19:15:00Z,522.2,26.7,505.0290135396519,NA,NA,NA,NA,NA,SR,downstream,2023-10-09,20835561,2023-10-09T22:15:00Z,505.0290135396519,3101,0,0,72,2,17:33:10,2023-10-09T20:33:10Z,NA
SpC_SR_091023_downstream.xlsx,2023-10-09T19:15:10Z,2023-10-09T19:15:10Z,521.4,26.7,504.2553191489361,NA,NA,NA,NA,NA,SR,downstream,2023-10-09,20835561,2023-10-09T22:15:10Z,504.2553191489361,3101,0,0,72,2,17:33:10,2023-10-09T20:33:10Z,NA
SpC_SR_091023_downstream.xlsx,2023-10-09T19:15:20Z,2023-10-09T19:15:20Z,525,26.69,507.83517121300054,NA,NA,NA,NA,NA,SR,downstream,2023-10-09,20835561,2023-10-09T22:15:20Z,507.83517121300054,3101,0,0,72,2,17:33:10,2023-10-09T20:33:10Z,NA
SpC_SR_091023_downstream.xlsx,2023-10-09T19:15:30Z,2023-10-09T19:15:30Z,524.6,26.7,507.35009671179887,NA,NA,NA,NA,NA,SR,downstream,2023-10-09,20835561,2023-10-09T22:15:30Z,507.35009671179887,3101,0,0,72,2,17:33:10,2023-10-09T20:33:10Z,NA
SpC_SR_091023_downstream.xlsx,2023-10-09T19:15:40Z,2023-10-09T19:15:40Z,524.6,26.7,507.35009671179887,NA,NA,NA,NA,NA,SR,downstream,2023-10-09,20835561,2023-10-09T22:15:40Z,507.35009671179887,3101,0,0,72,2,17:33:10,2023-10-09T20:33:10Z,NA
SpC_SR_091023_downstream.xlsx,2023-10-09T19:15:50Z,2023-10-09T19:15:50Z,523.8000000000001,26.7,506.5764023210832,NA,NA,NA,NA,NA,SR,downstream,2023-10-09,20835561,2023-10-09T22:15:50Z,506.5764023210832,3101,0,0,72,2,17:33:10,2023-10-09T20:33:10Z,NA
SpC_SR_091023_downstream.xlsx,2023-10-09T19:16:00Z,2023-10-09T19:16:00Z,523.8000000000001,26.7,506.5764023210832,NA,NA,NA,NA,NA,SR,downstream,2023-10-09,20835561,2023-10-09T22:16:00Z,506.5764023210832,3101,0,0,72,2,17:33:10,2023-10-09T20:33:10Z,NA
SpC_SR_091023_downstream.xlsx,2023-10-09T19:16:10Z,2023-10-09T19:16:10Z,522.6,26.7,505.4158607350097,NA,NA,NA,NA,NA,SR,downstream,2023-10-09,20835561,2023-10-09T22:16:10Z,505.4158607350097,3101,0,0,72,2,17:33:10,2023-10-09T20:33:10Z,NA
SpC_SR_091023_downstream.xlsx,2023-10-09T19:16:20Z,2023-10-09T19:16:20Z,521.8000000000001,26.69,504.7397949313214,NA,NA,NA,NA,NA,SR,downstream,2023-10-09,20835561,2023-10-09T22:16:20Z,504.7397949313214,3101,0,0,72,2,17:33:10,2023-10-09T20:33:10Z,NA
SpC_SR_091023_downstream.xlsx,2023-10-09T19:16:30Z,2023-10-09T19:16:30Z,521.4,26.7,504.2553191489361,NA,NA,NA,NA,NA,SR,downstream,2023-10-09,20835561,2023-10-09T22:16:30Z,504.2553191489361,3101,0,0,72,2,17:33:10,2023-10-09T20:33:10Z,NA
SpC_SR_091023_downstream.xlsx,2023-10-09T19:16:40Z,2023-10-09T19:16:40Z,521.4,26.69,504.35287289611136,NA,NA,NA,NA,NA,SR,downstream,2023-10-09,20835561,2023-10-09T22:16:40Z,504.35287289611136,3101,0,0,72,2,17:33:10,2023-10-09T20:33:10Z,NA
SpC_SR_091023_downstream.xlsx,2023-10-09T19:16:50Z,2023-10-09T19:16:50Z,521,26.69,503.9659508609015,NA,NA,NA,NA,NA,SR,downstream,2023-10-09,20835561,2023-10-09T22:16:50Z,503.9659508609015,3101,0,0,72,2,17:33:10,2023-10-09T20:33:10Z,NA
SpC_SR_091023_downstream.xlsx,2023-10-09T19:17:00Z,2023-10-09T19:17:00Z,519,26.69,502.03134068485195,NA,NA,NA,NA,NA,SR,downstream,2023-10-09,20835561,2023-10-09T22:17:00Z,502.03134068485195,3101,0,0,72,2,17:33:10,2023-10-09T20:33:10Z,NA
SpC_SR_091023_downstream.xlsx,2023-10-09T19:17:10Z,2023-10-09T19:17:10Z,519.4,26.69,502.4182627200619,NA,NA,NA,NA,NA,SR,downstream,2023-10-09,20835561,2023-10-09T22:17:10Z,502.4182627200619,3101,0,0,72,2,17:33:10,2023-10-09T20:33:10Z,NA
SpC_SR_091023_downstream.xlsx,2023-10-09T19:17:20Z,2023-10-09T19:17:20Z,519.4,26.69,502.4182627200619,NA,NA,NA,NA,NA,SR,downstream,2023-10-09,20835561,2023-10-09T22:17:20Z,502.4182627200619,3101,0,0,72,2,17:33:10,2023-10-09T20:33:10Z,NA
SpC_SR_091023_downstream.xlsx,2023-10-09T19:17:30Z,2023-10-09T19:17:30Z,519.4,26.69,502.4182627200619,NA,NA,NA,NA,NA,SR,downstream,2023-10-09,20835561,2023-10-09T22:17:30Z,502.4182627200619,3101,0,0,72,2,17:33:10,2023-10-09T20:33:10Z,NA
SpC_SR_091023_downstream.xlsx,2023-10-09T19:17:40Z,2023-10-09T19:17:40Z,518.6,26.69,501.6444186496421,NA,NA,NA,NA,NA,SR,downstream,2023-10-09,20835561,2023-10-09T22:17:40Z,501.6444186496421,3101,0,0,72,2,17:33:10,2023-10-09T20:33:10Z,NA
SpC_SR_091023_downstream.xlsx,2023-10-09T19:17:50Z,2023-10-09T19:17:50Z,518.2,26.69,501.2574966144322,NA,NA,NA,NA,NA,SR,downstream,2023-10-09,20835561,2023-10-09T22:17:50Z,501.2574966144322,3101,0,0,72,2,17:33:10,2023-10-09T20:33:10Z,NA
SpC_SR_091023_downstream.xlsx,2023-10-09T19:18:00Z,2023-10-09T19:18:00Z,518.6,26.69,501.6444186496421,NA,NA,NA,NA,NA,SR,downstream,2023-10-09,20835561,2023-10-09T22:18:00Z,501.6444186496421,3101,0,0,72,2,17:33:10,2023-10-09T20:33:10Z,NA
SpC_SR_091023_downstream.xlsx,2023-10-09T19:18:10Z,2023-10-09T19:18:10Z,518.2,26.69,501.2574966144322,NA,NA,NA,NA,NA,SR,downstream,2023-10-09,20835561,2023-10-09T22:18:10Z,501.2574966144322,3101,0,0,72,2,17:33:10,2023-10-09T20:33:10Z,NA
