source_file,date_raw,time_raw,full_range_uscm,temp_c,spc_calculated_uscm,coupler_detached,coupler_attached,host_connected,stopped,end_of_file,stream,station,date,logger_serial,datetime,spc_uscm,nacl_mass_g,amonium_added_g,phophate_added_g,reach_length_m,reach_mean_width_m,addition_time,addition_datetime,background_spc
SpC_RC_071023.xlsx,2023-10-07T12:21:10Z,2023-10-07T12:21:10Z,411.40000000000003,29.52,NA,NA,NA,NA,NA,NA,RC,NA,2023-10-07,20835564,2023-10-07T15:21:10Z,377.2927366104182,4752,102,196,150,7.866,12:30:00,2023-10-07T15:30:00Z,350.7
SpC_RC_071023.xlsx,2023-10-07T12:21:20Z,2023-10-07T12:21:20Z,411.40000000000003,29.400000000000002,NA,NA,NA,NA,NA,NA,RC,NA,2023-10-07,20835564,2023-10-07T15:21:20Z,378.125,4752,102,196,150,7.866,12:30:00,2023-10-07T15:30:00Z,350.7
SpC_RC_071023.xlsx,2023-10-07T12:21:30Z,2023-10-07T12:21:30Z,411.90000000000003,29.32,NA,NA,NA,NA,NA,NA,RC,NA,2023-10-07,20835564,2023-10-07T15:21:30Z,379.14212076583215,4752,102,196,150,7.866,12:30:00,2023-10-07T15:30:00Z,350.7
SpC_RC_071023.xlsx,2023-10-07T12:21:40Z,2023-10-07T12:21:40Z,411.5,29.29,NA,NA,NA,NA,NA,NA,RC,NA,2023-10-07,20835564,2023-10-07T15:21:40Z,378.983238165408,4752,102,196,150,7.866,12:30:00,2023-10-07T15:30:00Z,350.7
SpC_RC_071023.xlsx,2023-10-07T12:21:50Z,2023-10-07T12:21:50Z,411.5,29.23,NA,NA,NA,NA,NA,NA,RC,NA,2023-10-07,20835564,2023-10-07T15:21:50Z,379.40254471694635,4752,102,196,150,7.866,12:30:00,2023-10-07T15:30:00Z,350.7
SpC_RC_071023.xlsx,2023-10-07T12:22:00Z,2023-10-07T12:22:00Z,411.5,29.23,NA,NA,NA,NA,NA,NA,RC,NA,2023-10-07,20835564,2023-10-07T15:22:00Z,379.40254471694635,4752,102,196,150,7.866,12:30:00,2023-10-07T15:30:00Z,350.7
SpC_RC_071023.xlsx,2023-10-07T12:22:10Z,2023-10-07T12:22:10Z,411.90000000000003,29.25,NA,NA,NA,NA,NA,NA,RC,NA,2023-10-07,20835564,2023-10-07T15:22:10Z,379.63133640553,4752,102,196,150,7.866,12:30:00,2023-10-07T15:30:00Z,350.7
SpC_RC_071023.xlsx,2023-10-07T12:22:20Z,2023-10-07T12:22:20Z,411.5,29.21,NA,NA,NA,NA,NA,NA,RC,NA,2023-10-07,20835564,2023-10-07T15:22:20Z,379.5425198302896,4752,102,196,150,7.866,12:30:00,2023-10-07T15:30:00Z,350.7
SpC_RC_071023.xlsx,2023-10-07T12:22:30Z,2023-10-07T12:22:30Z,411.5,29.2,NA,NA,NA,NA,NA,NA,RC,NA,2023-10-07,20835564,2023-10-07T15:22:30Z,379.6125461254612,4752,102,196,150,7.866,12:30:00,2023-10-07T15:30:00Z,350.7
SpC_RC_071023.xlsx,2023-10-07T12:22:40Z,2023-10-07T12:22:40Z,411.5,29.2,NA,NA,NA,NA,NA,NA,RC,NA,2023-10-07,20835564,2023-10-07T15:22:40Z,379.6125461254612,4752,102,196,150,7.866,12:30:00,2023-10-07T15:30:00Z,350.7
SpC_RC_071023.xlsx,2023-10-07T12:22:50Z,2023-10-07T12:22:50Z,411.5,29.2,NA,NA,NA,NA,NA,NA,RC,NA,2023-10-07,20835564,2023-10-07T15:22:50Z,379.6125461254612,4752,102,196,150,7.866,12:30:00,2023-10-07T15:30:00Z,350.7
SpC_RC_071023.xlsx,2023-10-07T12:23:00Z,2023-10-07T12:23:00Z,411.20000000000005,29.18,NA,NA,NA,NA,NA,NA,RC,NA,2023-10-07,20835564,2023-10-07T15:23:00Z,379.4758213362865,4752,102,196,150,7.866,12:30:00,2023-10-07T15:30:00Z,350.7
SpC_RC_071023.xlsx,2023-10-07T12:23:10Z,2023-10-07T12:23:10Z,411.20000000000005,29.18,NA,NA,NA,NA,NA,NA,RC,NA,2023-10-07,20835564,2023-10-07T15:23:10Z,379.4758213362865,4752,102,196,150,7.866,12:30:00,2023-10-07T15:30:00Z,350.7
SpC_RC_071023.xlsx,2023-10-07T12:23:20Z,2023-10-07T12:23:20Z,411.5,29.19,NA,NA,NA,NA,NA,NA,RC,NA,2023-10-07,20835564,2023-10-07T15:23:20Z,379.68259826536257,4752,102,196,150,7.866,12:30:00,2023-10-07T15:30:00Z,350.7
SpC_RC_071023.xlsx,2023-10-07T12:23:30Z,2023-10-07T12:23:30Z,411.5,29.18,NA,NA,NA,NA,NA,NA,RC,NA,2023-10-07,20835564,2023-10-07T15:23:30Z,379.7526762643042,4752,102,196,150,7.866,12:30:00,2023-10-07T15:30:00Z,350.7
SpC_RC_071023.xlsx,2023-10-07T12:23:40Z,2023-10-07T12:23:40Z,411.5,29.17,NA,NA,NA,NA,NA,NA,RC,NA,2023-10-07,20835564,2023-10-07T15:23:40Z,379.8227801366069,4752,102,196,150,7.866,12:30:00,2023-10-07T15:30:00Z,350.7
SpC_RC_071023.xlsx,2023-10-07T12:23:50Z,2023-10-07T12:23:50Z,411.20000000000005,29.17,NA,NA,NA,NA,NA,NA,RC,NA,2023-10-07,20835564,2023-10-07T15:23:50Z,379.54587410005536,4752,102,196,150,7.866,12:30:00,2023-10-07T15:30:00Z,350.7
SpC_RC_071023.xlsx,2023-10-07T12:24:00Z,2023-10-07T12:24:00Z,411.20000000000005,29.150000000000002,NA,NA,NA,NA,NA,NA,RC,NA,2023-10-07,20835564,2023-10-07T15:24:00Z,379.68605724838415,4752,102,196,150,7.866,12:30:00,2023-10-07T15:30:00Z,350.7
SpC_RC_071023.xlsx,2023-10-07T12:24:10Z,2023-10-07T12:24:10Z,411.5,29.17,NA,NA,NA,NA,NA,NA,RC,NA,2023-10-07,20835564,2023-10-07T15:24:10Z,379.8227801366069,4752,102,196,150,7.866,12:30:00,2023-10-07T15:30:00Z,350.7
SpC_RC_071023.xlsx,2023-10-07T12:24:20Z,2023-10-07T12:24:20Z,411.5,29.150000000000002,NA,NA,NA,NA,NA,NA,RC,NA,2023-10-07,20835564,2023-10-07T15:24:20Z,379.96306555863345,4752,102,196,150,7.866,12:30:00,2023-10-07T15:30:00Z,350.7
SpC_RC_071023.xlsx,2023-10-07T12:24:30Z,2023-10-07T12:24:30Z,411.20000000000005,29.17,NA,NA,NA,NA,NA,NA,RC,NA,2023-10-07,20835564,2023-10-07T15:24:30Z,379.54587410005536,4752,102,196,150,7.866,12:30:00,2023-10-07T15:30:00Z,350.7
SpC_RC_071023.xlsx,2023-10-07T12:24:40Z,2023-10-07T12:24:40Z,411.5,29.150000000000002,NA,NA,NA,NA,NA,NA,RC,NA,2023-10-07,20835564,2023-10-07T15:24:40Z,379.96306555863345,4752,102,196,150,7.866,12:30:00,2023-10-07T15:30:00Z,350.7
SpC_RC_071023.xlsx,2023-10-07T12:24:50Z,2023-10-07T12:24:50Z,411.5,29.150000000000002,NA,NA,NA,NA,NA,NA,RC,NA,2023-10-07,20835564,2023-10-07T15:24:50Z,379.96306555863345,4752,102,196,150,7.866,12:30:00,2023-10-07T15:30:00Z,350.7
SpC_RC_071023.xlsx,2023-10-07T12:25:00Z,2023-10-07T12:25:00Z,411.20000000000005,29.150000000000002,NA,NA,NA,NA,NA,NA,RC,NA,2023-10-07,20835564,2023-10-07T15:25:00Z,379.68605724838415,4752,102,196,150,7.866,12:30:00,2023-10-07T15:30:00Z,350.7
SpC_RC_071023.xlsx,2023-10-07T12:25:10Z,2023-10-07T12:25:10Z,411.5,29.150000000000002,NA,NA,NA,NA,NA,NA,RC,NA,2023-10-07,20835564,2023-10-07T15:25:10Z,379.96306555863345,4752,102,196,150,7.866,12:30:00,2023-10-07T15:30:00Z,350.7
SpC_RC_071023.xlsx,2023-10-07T12:25:20Z,2023-10-07T12:25:20Z,411.20000000000005,29.14,NA,NA,NA,NA,NA,NA,RC,NA,2023-10-07,20835564,2023-10-07T15:25:20Z,379.75618766161807,4752,102,196,150,7.866,12:30:00,2023-10-07T15:30:00Z,350.7
SpC_RC_071023.xlsx,2023-10-07T12:25:30Z,2023-10-07T12:25:30Z,411.90000000000003,29.150000000000002,NA,NA,NA,NA,NA,NA,RC,NA,2023-10-07,20835564,2023-10-07T15:25:30Z,380.3324099722992,4752,102,196,150,7.866,12:30:00,2023-10-07T15:30:00Z,350.7
SpC_RC_071023.xlsx,2023-10-07T12:25:40Z,2023-10-07T12:25:40Z,411.6,29.14,NA,NA,NA,NA,NA,NA,RC,NA,2023-10-07,20835564,2023-10-07T15:25:40Z,380.12560029553015,4752,102,196,150,7.866,12:30:00,2023-10-07T15:30:00Z,350.7
SpC_RC_071023.xlsx,2023-10-07T12:25:50Z,2023-10-07T12:25:50Z,411.5,29.150000000000002,NA,NA,NA,NA,NA,NA,RC,NA,2023-10-07,20835564,2023-10-07T15:25:50Z,379.96306555863345,4752,102,196,150,7.866,12:30:00,2023-10-07T15:30:00Z,350.7
SpC_RC_071023.xlsx,2023-10-07T12:26:00Z,2023-10-07T12:26:00Z,411.5,29.150000000000002,NA,NA,NA,NA,NA,NA,RC,NA,2023-10-07,20835564,2023-10-07T15:26:00Z,379.96306555863345,4752,102,196,150,7.866,12:30:00,2023-10-07T15:30:00Z,350.7
SpC_RC_071023.xlsx,2023-10-07T12:26:10Z,2023-10-07T12:26:10Z,411.5,29.150000000000002,NA,NA,NA,NA,NA,NA,RC,NA,2023-10-07,20835564,2023-10-07T15:26:10Z,379.96306555863345,4752,102,196,150,7.866,12:30:00,2023-10-07T15:30:00Z,350.7
SpC_RC_071023.xlsx,2023-10-07T12:26:20Z,2023-10-07T12:26:20Z,411.6,29.14,NA,NA,NA,NA,NA,NA,RC,NA,2023-10-07,20835564,2023-10-07T15:26:20Z,380.12560029553015,4752,102,196,150,7.866,12:30:00,2023-10-07T15:30:00Z,350.7
SpC_RC_071023.xlsx,2023-10-07T12:26:30Z,2023-10-07T12:26:30Z,411.5,29.150000000000002,NA,NA,NA,NA,NA,NA,RC,NA,2023-10-07,20835564,2023-10-07T15:26:30Z,379.96306555863345,4752,102,196,150,7.866,12:30:00,2023-10-07T15:30:00Z,350.7
SpC_RC_071023.xlsx,2023-10-07T12:26:40Z,2023-10-07T12:26:40Z,411.20000000000005,29.14,NA,NA,NA,NA,NA,NA,RC,NA,2023-10-07,20835564,2023-10-07T15:26:40Z,379.75618766161807,4752,102,196,150,7.866,12:30:00,2023-10-07T15:30:00Z,350.7
SpC_RC_071023.xlsx,2023-10-07T12:26:50Z,2023-10-07T12:26:50Z,411.5,29.150000000000002,NA,NA,NA,NA,NA,NA,RC,NA,2023-10-07,20835564,2023-10-07T15:26:50Z,379.96306555863345,4752,102,196,150,7.866,12:30:00,2023-10-07T15:30:00Z,350.7
SpC_RC_071023.xlsx,2023-10-07T12:27:00Z,2023-10-07T12:27:00Z,411.90000000000003,29.150000000000002,NA,NA,NA,NA,NA,NA,RC,NA,2023-10-07,20835564,2023-10-07T15:27:00Z,380.3324099722992,4752,102,196,150,7.866,12:30:00,2023-10-07T15:30:00Z,350.7
SpC_RC_071023.xlsx,2023-10-07T12:27:10Z,2023-10-07T12:27:10Z,411.20000000000005,29.14,NA,NA,NA,NA,NA,NA,RC,NA,2023-10-07,20835564,2023-10-07T15:27:10Z,379.75618766161807,4752,102,196,150,7.866,12:30:00,2023-10-07T15:30:00Z,350.7
SpC_RC_071023.xlsx,2023-10-07T12:27:20Z,2023-10-07T12:27:20Z,411.5,29.150000000000002,NA,NA,NA,NA,NA,NA,RC,NA,2023-10-07,20835564,2023-10-07T15:27:20Z,379.96306555863345,4752,102,196,150,7.866,12:30:00,2023-10-07T15:30:00Z,350.7
SpC_RC_071023.xlsx,2023-10-07T12:27:30Z,2023-10-07T12:27:30Z,411.90000000000003,29.150000000000002,NA,NA,NA,NA,NA,NA,RC,NA,2023-10-07,20835564,2023-10-07T15:27:30Z,380.3324099722992,4752,102,196,150,7.866,12:30:00,2023-10-07T15:30:00Z,350.7
SpC_RC_071023.xlsx,2023-10-07T12:27:40Z,2023-10-07T12:27:40Z,411.90000000000003,29.14,NA,NA,NA,NA,NA,NA,RC,NA,2023-10-07,20835564,2023-10-07T15:27:40Z,380.4026597709642,4752,102,196,150,7.866,12:30:00,2023-10-07T15:30:00Z,350.7
SpC_RC_071023.xlsx,2023-10-07T12:27:50Z,2023-10-07T12:27:50Z,411.90000000000003,29.14,NA,NA,NA,NA,NA,NA,RC,NA,2023-10-07,20835564,2023-10-07T15:27:50Z,380.4026597709642,4752,102,196,150,7.866,12:30:00,2023-10-07T15:30:00Z,350.7
SpC_RC_071023.xlsx,2023-10-07T12:28:00Z,2023-10-07T12:28:00Z,411.5,29.150000000000002,NA,NA,NA,NA,NA,NA,RC,NA,2023-10-07,20835564,2023-10-07T15:28:00Z,379.96306555863345,4752,102,196,150,7.866,12:30:00,2023-10-07T15:30:00Z,350.7
SpC_RC_071023.xlsx,2023-10-07T12:28:10Z,2023-10-07T12:28:10Z,411.90000000000003,29.150000000000002,NA,NA,NA,NA,NA,NA,RC,NA,2023-10-07,20835564,2023-10-07T15:28:10Z,380.3324099722992,4752,102,196,150,7.866,12:30:00,2023-10-07T15:30:00Z,350.7
SpC_RC_071023.xlsx,2023-10-07T12:28:20Z,2023-10-07T12:28:20Z,411.90000000000003,29.150000000000002,NA,NA,NA,NA,NA,NA,RC,NA,2023-10-07,20835564,2023-10-07T15:28:20Z,380.3324099722992,4752,102,196,150,7.866,12:30:00,2023-10-07T15:30:00Z,350.7
SpC_RC_071023.xlsx,2023-10-07T12:28:30Z,2023-10-07T12:28:30Z,411.90000000000003,29.150000000000002,NA,NA,NA,NA,NA,NA,RC,NA,2023-10-07,20835564,2023-10-07T15:28:30Z,380.3324099722992,4752,102,196,150,7.866,12:30:00,2023-10-07T15:30:00Z,350.7
SpC_RC_071023.xlsx,2023-10-07T12:28:40Z,2023-10-07T12:28:40Z,411.5,29.150000000000002,NA,NA,NA,NA,NA,NA,RC,NA,2023-10-07,20835564,2023-10-07T15:28:40Z,379.96306555863345,4752,102,196,150,7.866,12:30:00,2023-10-07T15:30:00Z,350.7
SpC_RC_071023.xlsx,2023-10-07T12:28:50Z,2023-10-07T12:28:50Z,411.90000000000003,29.150000000000002,NA,NA,NA,NA,NA,NA,RC,NA,2023-10-07,20835564,2023-10-07T15:28:50Z,380.3324099722992,4752,102,196,150,7.866,12:30:00,2023-10-07T15:30:00Z,350.7
SpC_RC_071023.xlsx,2023-10-07T12:29:00Z,2023-10-07T12:29:00Z,411.90000000000003,29.150000000000002,NA,NA,NA,NA,NA,NA,RC,NA,2023-10-07,20835564,2023-10-07T15:29:00Z,380.3324099722992,4752,102,196,150,7.866,12:30:00,2023-10-07T15:30:00Z,350.7
SpC_RC_071023.xlsx,2023-10-07T12:29:10Z,2023-10-07T12:29:10Z,411.5,29.150000000000002,NA,NA,NA,NA,NA,NA,RC,NA,2023-10-07,20835564,2023-10-07T15:29:10Z,379.96306555863345,4752,102,196,150,7.866,12:30:00,2023-10-07T15:30:00Z,350.7
SpC_RC_071023.xlsx,2023-10-07T12:29:20Z,2023-10-07T12:29:20Z,411.90000000000003,29.150000000000002,NA,NA,NA,NA,NA,NA,RC,NA,2023-10-07,20835564,2023-10-07T15:29:20Z,380.3324099722992,4752,102,196,150,7.866,12:30:00,2023-10-07T15:30:00Z,350.7
SpC_RC_071023.xlsx,2023-10-07T12:29:30Z,2023-10-07T12:29:30Z,411.90000000000003,29.150000000000002,NA,NA,NA,NA,NA,NA,RC,NA,2023-10-07,20835564,2023-10-07T15:29:30Z,380.3324099722992,4752,102,196,150,7.866,12:30:00,2023-10-07T15:30:00Z,350.7
SpC_RC_071023.xlsx,2023-10-07T12:29:40Z,2023-10-07T12:29:40Z,411.90000000000003,29.17,NA,NA,NA,NA,NA,NA,RC,NA,2023-10-07,20835564,2023-10-07T15:29:40Z,380.19198818534244,4752,102,196,150,7.866,12:30:00,2023-10-07T15:30:00Z,350.7
SpC_RC_071023.xlsx,2023-10-07T12:29:50Z,2023-10-07T12:29:50Z,411.90000000000003,29.17,NA,NA,NA,NA,NA,NA,RC,NA,2023-10-07,20835564,2023-10-07T15:29:50Z,380.19198818534244,4752,102,196,150,7.866,12:30:00,2023-10-07T15:30:00Z,350.7
SpC_RC_071023.xlsx,2023-10-07T12:30:00Z,2023-10-07T12:30:00Z,411.90000000000003,29.17,NA,NA,NA,NA,NA,NA,RC,NA,2023-10-07,20835564,2023-10-07T15:30:00Z,380.19198818534244,4752,102,196,150,7.866,12:30:00,2023-10-07T15:30:00Z,350.7
SpC_RC_071023.xlsx,2023-10-07T12:30:10Z,2023-10-07T12:30:10Z,411.90000000000003,29.17,NA,NA,NA,NA,NA,NA,RC,NA,2023-10-07,20835564,2023-10-07T15:30:10Z,380.19198818534244,4752,102,196,150,7.866,12:30:00,2023-10-07T15:30:00Z,350.7
SpC_RC_071023.xlsx,2023-10-07T12:30:20Z,2023-10-07T12:30:20Z,411.90000000000003,29.150000000000002,NA,NA,NA,NA,NA,NA,RC,NA,2023-10-07,20835564,2023-10-07T15:30:20Z,380.3324099722992,4752,102,196,150,7.866,12:30:00,2023-10-07T15:30:00Z,350.7
SpC_RC_071023.xlsx,2023-10-07T12:30:30Z,2023-10-07T12:30:30Z,411.90000000000003,29.150000000000002,NA,NA,NA,NA,NA,NA,RC,NA,2023-10-07,20835564,2023-10-07T15:30:30Z,380.3324099722992,4752,102,196,150,7.866,12:30:00,2023-10-07T15:30:00Z,350.7
SpC_RC_071023.xlsx,2023-10-07T12:30:40Z,2023-10-07T12:30:40Z,411.90000000000003,29.17,NA,NA,NA,NA,NA,NA,RC,NA,2023-10-07,20835564,2023-10-07T15:30:40Z,380.19198818534244,4752,102,196,150,7.866,12:30:00,2023-10-07T15:30:00Z,350.7
SpC_RC_071023.xlsx,2023-10-07T12:30:50Z,2023-10-07T12:30:50Z,411.90000000000003,29.17,NA,NA,NA,NA,NA,NA,RC,NA,2023-10-07,20835564,2023-10-07T15:30:50Z,380.19198818534244,4752,102,196,150,7.866,12:30:00,2023-10-07T15:30:00Z,350.7
SpC_RC_071023.xlsx,2023-10-07T12:31:00Z,2023-10-07T12:31:00Z,411.90000000000003,29.150000000000002,NA,NA,NA,NA,NA,NA,RC,NA,2023-10-07,20835564,2023-10-07T15:31:00Z,380.3324099722992,4752,102,196,150,7.866,12:30:00,2023-10-07T15:30:00Z,350.7
SpC_RC_071023.xlsx,2023-10-07T12:31:10Z,2023-10-07T12:31:10Z,411.90000000000003,29.18,NA,NA,NA,NA,NA,NA,RC,NA,2023-10-07,20835564,2023-10-07T15:31:10Z,380.1218161683279,4752,102,196,150,7.866,12:30:00,2023-10-07T15:30:00Z,350.7
SpC_RC_071023.xlsx,2023-10-07T12:31:20Z,2023-10-07T12:31:20Z,411.90000000000003,29.18,NA,NA,NA,NA,NA,NA,RC,NA,2023-10-07,20835564,2023-10-07T15:31:20Z,380.1218161683279,4752,102,196,150,7.866,12:30:00,2023-10-07T15:30:00Z,350.7
SpC_RC_071023.xlsx,2023-10-07T12:31:30Z,2023-10-07T12:31:30Z,411.90000000000003,29.17,NA,NA,NA,NA,NA,NA,RC,NA,2023-10-07,20835564,2023-10-07T15:31:30Z,380.19198818534244,4752,102,196,150,7.866,12:30:00,2023-10-07T15:30:00Z,350.7
SpC_RC_071023.xlsx,2023-10-07T12:31:40Z,2023-10-07T12:31:40Z,411.90000000000003,29.17,NA,NA,NA,NA,NA,NA,RC,NA,2023-10-07,20835564,2023-10-07T15:31:40Z,380.19198818534244,4752,102,196,150,7.866,12:30:00,2023-10-07T15:30:00Z,350.7
SpC_RC_071023.xlsx,2023-10-07T12:31:50Z,2023-10-07T12:31:50Z,411.90000000000003,29.17,NA,NA,NA,NA,NA,NA,RC,NA,2023-10-07,20835564,2023-10-07T15:31:50Z,380.19198818534244,4752,102,196,150,7.866,12:30:00,2023-10-07T15:30:00Z,350.7
SpC_RC_071023.xlsx,2023-10-07T12:32:00Z,2023-10-07T12:32:00Z,411.90000000000003,29.18,NA,NA,NA,NA,NA,NA,RC,NA,2023-10-07,20835564,2023-10-07T15:32:00Z,380.1218161683279,4752,102,196,150,7.866,12:30:00,2023-10-07T15:30:00Z,350.7
SpC_RC_071023.xlsx,2023-10-07T12:32:10Z,2023-10-07T12:32:10Z,411.90000000000003,29.17,NA,NA,NA,NA,NA,NA,RC,NA,2023-10-07,20835564,2023-10-07T15:32:10Z,380.19198818534244,4752,102,196,150,7.866,12:30:00,2023-10-07T15:30:00Z,350.7
SpC_RC_071023.xlsx,2023-10-07T12:32:20Z,2023-10-07T12:32:20Z,411.90000000000003,29.17,NA,NA,NA,NA,NA,NA,RC,NA,2023-10-07,20835564,2023-10-07T15:32:20Z,380.19198818534244,4752,102,196,150,7.866,12:30:00,2023-10-07T15:30:00Z,350.7
SpC_RC_071023.xlsx,2023-10-07T12:32:30Z,2023-10-07T12:32:30Z,411.90000000000003,29.18,NA,NA,NA,NA,NA,NA,RC,NA,2023-10-07,20835564,2023-10-07T15:32:30Z,380.1218161683279,4752,102,196,150,7.866,12:30:00,2023-10-07T15:30:00Z,350.7
SpC_RC_071023.xlsx,2023-10-07T12:32:40Z,2023-10-07T12:32:40Z,411.90000000000003,29.18,NA,NA,NA,NA,NA,NA,RC,NA,2023-10-07,20835564,2023-10-07T15:32:40Z,380.1218161683279,4752,102,196,150,7.866,12:30:00,2023-10-07T15:30:00Z,350.7
SpC_RC_071023.xlsx,2023-10-07T12:32:50Z,2023-10-07T12:32:50Z,411.90000000000003,29.18,NA,NA,NA,NA,NA,NA,RC,NA,2023-10-07,20835564,2023-10-07T15:32:50Z,380.1218161683279,4752,102,196,150,7.866,12:30:00,2023-10-07T15:30:00Z,350.7
SpC_RC_071023.xlsx,2023-10-07T12:33:00Z,2023-10-07T12:33:00Z,412.3,29.18,NA,NA,NA,NA,NA,NA,RC,NA,2023-10-07,20835564,2023-10-07T15:33:00Z,380.4909560723515,4752,102,196,150,7.866,12:30:00,2023-10-07T15:30:00Z,350.7
SpC_RC_071023.xlsx,2023-10-07T12:33:10Z,2023-10-07T12:33:10Z,411.90000000000003,29.18,NA,NA,NA,NA,NA,NA,RC,NA,2023-10-07,20835564,2023-10-07T15:33:10Z,380.1218161683279,4752,102,196,150,7.866,12:30:00,2023-10-07T15:30:00Z,350.7
SpC_RC_071023.xlsx,2023-10-07T12:33:20Z,2023-10-07T12:33:20Z,411.90000000000003,29.17,NA,NA,NA,NA,NA,NA,RC,NA,2023-10-07,20835564,2023-10-07T15:33:20Z,380.19198818534244,4752,102,196,150,7.866,12:30:00,2023-10-07T15:30:00Z,350.7
SpC_RC_071023.xlsx,2023-10-07T12:33:30Z,2023-10-07T12:33:30Z,411.90000000000003,29.18,NA,NA,NA,NA,NA,NA,RC,NA,2023-10-07,20835564,2023-10-07T15:33:30Z,380.1218161683279,4752,102,196,150,7.866,12:30:00,2023-10-07T15:30:00Z,350.7
SpC_RC_071023.xlsx,2023-10-07T12:33:40Z,2023-10-07T12:33:40Z,412.3,29.18,NA,NA,NA,NA,NA,NA,RC,NA,2023-10-07,20835564,2023-10-07T15:33:40Z,380.4909560723515,4752,102,196,150,7.866,12:30:00,2023-10-07T15:30:00Z,350.7
SpC_RC_071023.xlsx,2023-10-07T12:33:50Z,2023-10-07T12:33:50Z,411.90000000000003,29.18,NA,NA,NA,NA,NA,NA,RC,NA,2023-10-07,20835564,2023-10-07T15:33:50Z,380.1218161683279,4752,102,196,150,7.866,12:30:00,2023-10-07T15:30:00Z,350.7
SpC_RC_071023.xlsx,2023-10-07T12:34:00Z,2023-10-07T12:34:00Z,412.3,29.18,NA,NA,NA,NA,NA,NA,RC,NA,2023-10-07,20835564,2023-10-07T15:34:00Z,380.4909560723515,4752,102,196,150,7.866,12:30:00,2023-10-07T15:30:00Z,350.7
SpC_RC_071023.xlsx,2023-10-07T12:34:10Z,2023-10-07T12:34:10Z,411.90000000000003,29.18,NA,NA,NA,NA,NA,NA,RC,NA,2023-10-07,20835564,2023-10-07T15:34:10Z,380.1218161683279,4752,102,196,150,7.866,12:30:00,2023-10-07T15:30:00Z,350.7
SpC_RC_071023.xlsx,2023-10-07T12:34:20Z,2023-10-07T12:34:20Z,411.90000000000003,29.19,NA,NA,NA,NA,NA,NA,RC,NA,2023-10-07,20835564,2023-10-07T15:34:20Z,380.0516700498247,4752,102,196,150,7.866,12:30:00,2023-10-07T15:30:00Z,350.7
SpC_RC_071023.xlsx,2023-10-07T12:34:30Z,2023-10-07T12:34:30Z,412.3,29.19,NA,NA,NA,NA,NA,NA,RC,NA,2023-10-07,20835564,2023-10-07T15:34:30Z,380.42074183428673,4752,102,196,150,7.866,12:30:00,2023-10-07T15:30:00Z,350.7
SpC_RC_071023.xlsx,2023-10-07T12:34:40Z,2023-10-07T12:34:40Z,411.90000000000003,29.18,NA,NA,NA,NA,NA,NA,RC,NA,2023-10-07,20835564,2023-10-07T15:34:40Z,380.1218161683279,4752,102,196,150,7.866,12:30:00,2023-10-07T15:30:00Z,350.7
SpC_RC_071023.xlsx,2023-10-07T12:34:50Z,2023-10-07T12:34:50Z,412.3,29.18,NA,NA,NA,NA,NA,NA,RC,NA,2023-10-07,20835564,2023-10-07T15:34:50Z,380.4909560723515,4752,102,196,150,7.866,12:30:00,2023-10-07T15:30:00Z,350.7
SpC_RC_071023.xlsx,2023-10-07T12:35:00Z,2023-10-07T12:35:00Z,411.90000000000003,29.18,NA,NA,NA,NA,NA,NA,RC,NA,2023-10-07,20835564,2023-10-07T15:35:00Z,380.1218161683279,4752,102,196,150,7.866,12:30:00,2023-10-07T15:30:00Z,350.7
SpC_RC_071023.xlsx,2023-10-07T12:35:10Z,2023-10-07T12:35:10Z,411.90000000000003,29.19,NA,NA,NA,NA,NA,NA,RC,NA,2023-10-07,20835564,2023-10-07T15:35:10Z,380.0516700498247,4752,102,196,150,7.866,12:30:00,2023-10-07T15:30:00Z,350.7
SpC_RC_071023.xlsx,2023-10-07T12:35:20Z,2023-10-07T12:35:20Z,411.90000000000003,29.18,NA,NA,NA,NA,NA,NA,RC,NA,2023-10-07,20835564,2023-10-07T15:35:20Z,380.1218161683279,4752,102,196,150,7.866,12:30:00,2023-10-07T15:30:00Z,350.7
SpC_RC_071023.xlsx,2023-10-07T12:35:30Z,2023-10-07T12:35:30Z,412.3,29.18,NA,NA,NA,NA,NA,NA,RC,NA,2023-10-07,20835564,2023-10-07T15:35:30Z,380.4909560723515,4752,102,196,150,7.866,12:30:00,2023-10-07T15:30:00Z,350.7
SpC_RC_071023.xlsx,2023-10-07T12:35:40Z,2023-10-07T12:35:40Z,412.3,29.18,NA,NA,NA,NA,NA,NA,RC,NA,2023-10-07,20835564,2023-10-07T15:35:40Z,380.4909560723515,4752,102,196,150,7.866,12:30:00,2023-10-07T15:30:00Z,350.7
SpC_RC_071023.xlsx,2023-10-07T12:35:50Z,2023-10-07T12:35:50Z,411.90000000000003,29.19,NA,NA,NA,NA,NA,NA,RC,NA,2023-10-07,20835564,2023-10-07T15:35:50Z,380.0516700498247,4752,102,196,150,7.866,12:30:00,2023-10-07T15:30:00Z,350.7
SpC_RC_071023.xlsx,2023-10-07T12:36:00Z,2023-10-07T12:36:00Z,411.90000000000003,29.19,NA,NA,NA,NA,NA,NA,RC,NA,2023-10-07,20835564,2023-10-07T15:36:00Z,380.0516700498247,4752,102,196,150,7.866,12:30:00,2023-10-07T15:30:00Z,350.7
SpC_RC_071023.xlsx,2023-10-07T12:36:10Z,2023-10-07T12:36:10Z,411.90000000000003,29.19,NA,NA,NA,NA,NA,NA,RC,NA,2023-10-07,20835564,2023-10-07T15:36:10Z,380.0516700498247,4752,102,196,150,7.866,12:30:00,2023-10-07T15:30:00Z,350.7
SpC_RC_071023.xlsx,2023-10-07T12:36:20Z,2023-10-07T12:36:20Z,412.3,29.19,NA,NA,NA,NA,NA,NA,RC,NA,2023-10-07,20835564,2023-10-07T15:36:20Z,380.42074183428673,4752,102,196,150,7.866,12:30:00,2023-10-07T15:30:00Z,350.7
SpC_RC_071023.xlsx,2023-10-07T12:36:30Z,2023-10-07T12:36:30Z,411.90000000000003,29.19,NA,NA,NA,NA,NA,NA,RC,NA,2023-10-07,20835564,2023-10-07T15:36:30Z,380.0516700498247,4752,102,196,150,7.866,12:30:00,2023-10-07T15:30:00Z,350.7
SpC_RC_071023.xlsx,2023-10-07T12:36:40Z,2023-10-07T12:36:40Z,412.3,29.19,NA,NA,NA,NA,NA,NA,RC,NA,2023-10-07,20835564,2023-10-07T15:36:40Z,380.42074183428673,4752,102,196,150,7.866,12:30:00,2023-10-07T15:30:00Z,350.7
SpC_RC_071023.xlsx,2023-10-07T12:36:50Z,2023-10-07T12:36:50Z,412.3,29.18,NA,NA,NA,NA,NA,NA,RC,NA,2023-10-07,20835564,2023-10-07T15:36:50Z,380.4909560723515,4752,102,196,150,7.866,12:30:00,2023-10-07T15:30:00Z,350.7
SpC_RC_071023.xlsx,2023-10-07T12:37:00Z,2023-10-07T12:37:00Z,412.3,29.18,NA,NA,NA,NA,NA,NA,RC,NA,2023-10-07,20835564,2023-10-07T15:37:00Z,380.4909560723515,4752,102,196,150,7.866,12:30:00,2023-10-07T15:30:00Z,350.7
SpC_RC_071023.xlsx,2023-10-07T12:37:10Z,2023-10-07T12:37:10Z,411.90000000000003,29.19,NA,NA,NA,NA,NA,NA,RC,NA,2023-10-07,20835564,2023-10-07T15:37:10Z,380.0516700498247,4752,102,196,150,7.866,12:30:00,2023-10-07T15:30:00Z,350.7
SpC_RC_071023.xlsx,2023-10-07T12:37:20Z,2023-10-07T12:37:20Z,412.3,29.2,NA,NA,NA,NA,NA,NA,RC,NA,2023-10-07,20835564,2023-10-07T15:37:20Z,380.35055350553506,4752,102,196,150,7.866,12:30:00,2023-10-07T15:30:00Z,350.7
SpC_RC_071023.xlsx,2023-10-07T12:37:30Z,2023-10-07T12:37:30Z,412.3,29.2,NA,NA,NA,NA,NA,NA,RC,NA,2023-10-07,20835564,2023-10-07T15:37:30Z,380.35055350553506,4752,102,196,150,7.866,12:30:00,2023-10-07T15:30:00Z,350.7
SpC_RC_071023.xlsx,2023-10-07T12:37:40Z,2023-10-07T12:37:40Z,412.3,29.2,NA,NA,NA,NA,NA,NA,RC,NA,2023-10-07,20835564,2023-10-07T15:37:40Z,380.35055350553506,4752,102,196,150,7.866,12:30:00,2023-10-07T15:30:00Z,350.7
SpC_RC_071023.xlsx,2023-10-07T12:37:50Z,2023-10-07T12:37:50Z,412.70000000000005,29.19,NA,NA,NA,NA,NA,NA,RC,NA,2023-10-07,20835564,2023-10-07T15:37:50Z,380.78981361874884,4752,102,196,150,7.866,12:30:00,2023-10-07T15:30:00Z,350.7
SpC_RC_071023.xlsx,2023-10-07T12:38:00Z,2023-10-07T12:38:00Z,412.3,29.19,NA,NA,NA,NA,NA,NA,RC,NA,2023-10-07,20835564,2023-10-07T15:38:00Z,380.42074183428673,4752,102,196,150,7.866,12:30:00,2023-10-07T15:30:00Z,350.7
SpC_RC_071023.xlsx,2023-10-07T12:38:10Z,2023-10-07T12:38:10Z,412.3,29.2,NA,NA,NA,NA,NA,NA,RC,NA,2023-10-07,20835564,2023-10-07T15:38:10Z,380.35055350553506,4752,102,196,150,7.866,12:30:00,2023-10-07T15:30:00Z,350.7
SpC_RC_071023.xlsx,2023-10-07T12:38:20Z,2023-10-07T12:38:20Z,412.3,29.2,NA,NA,NA,NA,NA,NA,RC,NA,2023-10-07,20835564,2023-10-07T15:38:20Z,380.35055350553506,4752,102,196,150,7.866,12:30:00,2023-10-07T15:30:00Z,350.7
SpC_RC_071023.xlsx,2023-10-07T12:38:30Z,2023-10-07T12:38:30Z,411.90000000000003,29.2,NA,NA,NA,NA,NA,NA,RC,NA,2023-10-07,20835564,2023-10-07T15:38:30Z,379.98154981549817,4752,102,196,150,7.866,12:30:00,2023-10-07T15:30:00Z,350.7
SpC_RC_071023.xlsx,2023-10-07T12:38:40Z,2023-10-07T12:38:40Z,412.3,29.19,NA,NA,NA,NA,NA,NA,RC,NA,2023-10-07,20835564,2023-10-07T15:38:40Z,380.42074183428673,4752,102,196,150,7.866,12:30:00,2023-10-07T15:30:00Z,350.7
SpC_RC_071023.xlsx,2023-10-07T12:38:50Z,2023-10-07T12:38:50Z,412.3,29.19,NA,NA,NA,NA,NA,NA,RC,NA,2023-10-07,20835564,2023-10-07T15:38:50Z,380.42074183428673,4752,102,196,150,7.866,12:30:00,2023-10-07T15:30:00Z,350.7
SpC_RC_071023.xlsx,2023-10-07T12:39:00Z,2023-10-07T12:39:00Z,412.3,29.2,NA,NA,NA,NA,NA,NA,RC,NA,2023-10-07,20835564,2023-10-07T15:39:00Z,380.35055350553506,4752,102,196,150,7.866,12:30:00,2023-10-07T15:30:00Z,350.7
SpC_RC_071023.xlsx,2023-10-07T12:39:10Z,2023-10-07T12:39:10Z,412.3,29.2,NA,NA,NA,NA,NA,NA,RC,NA,2023-10-07,20835564,2023-10-07T15:39:10Z,380.35055350553506,4752,102,196,150,7.866,12:30:00,2023-10-07T15:30:00Z,350.7
SpC_RC_071023.xlsx,2023-10-07T12:39:20Z,2023-10-07T12:39:20Z,412.3,29.21,NA,NA,NA,NA,NA,NA,RC,NA,2023-10-07,20835564,2023-10-07T15:39:20Z,380.28039107175795,4752,102,196,150,7.866,12:30:00,2023-10-07T15:30:00Z,350.7
SpC_RC_071023.xlsx,2023-10-07T12:39:30Z,2023-10-07T12:39:30Z,412.3,29.2,NA,NA,NA,NA,NA,NA,RC,NA,2023-10-07,20835564,2023-10-07T15:39:30Z,380.35055350553506,4752,102,196,150,7.866,12:30:00,2023-10-07T15:30:00Z,350.7
SpC_RC_071023.xlsx,2023-10-07T12:39:40Z,2023-10-07T12:39:40Z,412.3,29.2,NA,NA,NA,NA,NA,NA,RC,NA,2023-10-07,20835564,2023-10-07T15:39:40Z,380.35055350553506,4752,102,196,150,7.866,12:30:00,2023-10-07T15:30:00Z,350.7
SpC_RC_071023.xlsx,2023-10-07T12:39:50Z,2023-10-07T12:39:50Z,412.3,29.21,NA,NA,NA,NA,NA,NA,RC,NA,2023-10-07,20835564,2023-10-07T15:39:50Z,380.28039107175795,4752,102,196,150,7.866,12:30:00,2023-10-07T15:30:00Z,350.7
SpC_RC_071023.xlsx,2023-10-07T12:40:00Z,2023-10-07T12:40:00Z,412.3,29.2,NA,NA,NA,NA,NA,NA,RC,NA,2023-10-07,20835564,2023-10-07T15:40:00Z,380.35055350553506,4752,102,196,150,7.866,12:30:00,2023-10-07T15:30:00Z,350.7
SpC_RC_071023.xlsx,2023-10-07T12:40:10Z,2023-10-07T12:40:10Z,412.3,29.2,NA,NA,NA,NA,NA,NA,RC,NA,2023-10-07,20835564,2023-10-07T15:40:10Z,380.35055350553506,4752,102,196,150,7.866,12:30:00,2023-10-07T15:30:00Z,350.7
SpC_RC_071023.xlsx,2023-10-07T12:40:20Z,2023-10-07T12:40:20Z,412.3,29.2,NA,NA,NA,NA,NA,NA,RC,NA,2023-10-07,20835564,2023-10-07T15:40:20Z,380.35055350553506,4752,102,196,150,7.866,12:30:00,2023-10-07T15:30:00Z,350.7
SpC_RC_071023.xlsx,2023-10-07T12:40:30Z,2023-10-07T12:40:30Z,412.3,29.2,NA,NA,NA,NA,NA,NA,RC,NA,2023-10-07,20835564,2023-10-07T15:40:30Z,380.35055350553506,4752,102,196,150,7.866,12:30:00,2023-10-07T15:30:00Z,350.7
SpC_RC_071023.xlsx,2023-10-07T12:40:40Z,2023-10-07T12:40:40Z,412.3,29.21,NA,NA,NA,NA,NA,NA,RC,NA,2023-10-07,20835564,2023-10-07T15:40:40Z,380.28039107175795,4752,102,196,150,7.866,12:30:00,2023-10-07T15:30:00Z,350.7
SpC_RC_071023.xlsx,2023-10-07T12:40:50Z,2023-10-07T12:40:50Z,412.3,29.21,NA,NA,NA,NA,NA,NA,RC,NA,2023-10-07,20835564,2023-10-07T15:40:50Z,380.28039107175795,4752,102,196,150,7.866,12:30:00,2023-10-07T15:30:00Z,350.7
SpC_RC_071023.xlsx,2023-10-07T12:41:00Z,2023-10-07T12:41:00Z,412.70000000000005,29.2,NA,NA,NA,NA,NA,NA,RC,NA,2023-10-07,20835564,2023-10-07T15:41:00Z,380.71955719557195,4752,102,196,150,7.866,12:30:00,2023-10-07T15:30:00Z,350.7
SpC_RC_071023.xlsx,2023-10-07T12:41:10Z,2023-10-07T12:41:10Z,412.3,29.2,NA,NA,NA,NA,NA,NA,RC,NA,2023-10-07,20835564,2023-10-07T15:41:10Z,380.35055350553506,4752,102,196,150,7.866,12:30:00,2023-10-07T15:30:00Z,350.7
SpC_RC_071023.xlsx,2023-10-07T12:41:20Z,2023-10-07T12:41:20Z,412.70000000000005,29.21,NA,NA,NA,NA,NA,NA,RC,NA,2023-10-07,20835564,2023-10-07T15:41:20Z,380.6493266924922,4752,102,196,150,7.866,12:30:00,2023-10-07T15:30:00Z,350.7
SpC_RC_071023.xlsx,2023-10-07T12:41:30Z,2023-10-07T12:41:30Z,412.70000000000005,29.21,NA,NA,NA,NA,NA,NA,RC,NA,2023-10-07,20835564,2023-10-07T15:41:30Z,380.6493266924922,4752,102,196,150,7.866,12:30:00,2023-10-07T15:30:00Z,350.7
SpC_RC_071023.xlsx,2023-10-07T12:41:40Z,2023-10-07T12:41:40Z,412.70000000000005,29.21,NA,NA,NA,NA,NA,NA,RC,NA,2023-10-07,20835564,2023-10-07T15:41:40Z,380.6493266924922,4752,102,196,150,7.866,12:30:00,2023-10-07T15:30:00Z,350.7
SpC_RC_071023.xlsx,2023-10-07T12:41:50Z,2023-10-07T12:41:50Z,412.70000000000005,29.21,NA,NA,NA,NA,NA,NA,RC,NA,2023-10-07,20835564,2023-10-07T15:41:50Z,380.6493266924922,4752,102,196,150,7.866,12:30:00,2023-10-07T15:30:00Z,350.7
SpC_RC_071023.xlsx,2023-10-07T12:42:00Z,2023-10-07T12:42:00Z,413,29.21,NA,NA,NA,NA,NA,NA,RC,NA,2023-10-07,20835564,2023-10-07T15:42:00Z,380.9260284080428,4752,102,196,150,7.866,12:30:00,2023-10-07T15:30:00Z,350.7
SpC_RC_071023.xlsx,2023-10-07T12:42:10Z,2023-10-07T12:42:10Z,413,29.21,NA,NA,NA,NA,NA,NA,RC,NA,2023-10-07,20835564,2023-10-07T15:42:10Z,380.9260284080428,4752,102,196,150,7.866,12:30:00,2023-10-07T15:30:00Z,350.7
SpC_RC_071023.xlsx,2023-10-07T12:42:20Z,2023-10-07T12:42:20Z,413,29.21,NA,NA,NA,NA,NA,NA,RC,NA,2023-10-07,20835564,2023-10-07T15:42:20Z,380.9260284080428,4752,102,196,150,7.866,12:30:00,2023-10-07T15:30:00Z,350.7
SpC_RC_071023.xlsx,2023-10-07T12:42:30Z,2023-10-07T12:42:30Z,413.40000000000003,29.21,NA,NA,NA,NA,NA,NA,RC,NA,2023-10-07,20835564,2023-10-07T15:42:30Z,381.294964028777,4752,102,196,150,7.866,12:30:00,2023-10-07T15:30:00Z,350.7
SpC_RC_071023.xlsx,2023-10-07T12:42:40Z,2023-10-07T12:42:40Z,415.70000000000005,29.21,NA,NA,NA,NA,NA,NA,RC,NA,2023-10-07,20835564,2023-10-07T15:42:40Z,383.4163438479986,4752,102,196,150,7.866,12:30:00,2023-10-07T15:30:00Z,350.7
SpC_RC_071023.xlsx,2023-10-07T12:42:50Z,2023-10-07T12:42:50Z,419.5,29.21,NA,NA,NA,NA,NA,NA,RC,NA,2023-10-07,20835564,2023-10-07T15:42:50Z,386.9212322449732,4752,102,196,150,7.866,12:30:00,2023-10-07T15:30:00Z,350.7
SpC_RC_071023.xlsx,2023-10-07T12:43:00Z,2023-10-07T12:43:00Z,420.20000000000005,29.21,NA,NA,NA,NA,NA,NA,RC,NA,2023-10-07,20835564,2023-10-07T15:43:00Z,387.5668695812581,4752,102,196,150,7.866,12:30:00,2023-10-07T15:30:00Z,350.7
SpC_RC_071023.xlsx,2023-10-07T12:43:10Z,2023-10-07T12:43:10Z,432.70000000000005,29.23,NA,NA,NA,NA,NA,NA,RC,NA,2023-10-07,20835564,2023-10-07T15:43:10Z,398.9489212612945,4752,102,196,150,7.866,12:30:00,2023-10-07T15:30:00Z,350.7
SpC_RC_071023.xlsx,2023-10-07T12:43:20Z,2023-10-07T12:43:20Z,436.1,29.21,NA,NA,NA,NA,NA,NA,RC,NA,2023-10-07,20835564,2023-10-07T15:43:20Z,402.2320605054418,4752,102,196,150,7.866,12:30:00,2023-10-07T15:30:00Z,350.7
SpC_RC_071023.xlsx,2023-10-07T12:43:30Z,2023-10-07T12:43:30Z,453.5,29.21,NA,NA,NA,NA,NA,NA,RC,NA,2023-10-07,20835564,2023-10-07T15:43:30Z,418.2807600073787,4752,102,196,150,7.866,12:30:00,2023-10-07T15:30:00Z,350.7
SpC_RC_071023.xlsx,2023-10-07T12:43:40Z,2023-10-07T12:43:40Z,456.6,29.23,NA,NA,NA,NA,NA,NA,RC,NA,2023-10-07,20835564,2023-10-07T15:43:40Z,420.9846948183662,4752,102,196,150,7.866,12:30:00,2023-10-07T15:30:00Z,350.7
SpC_RC_071023.xlsx,2023-10-07T12:43:50Z,2023-10-07T12:43:50Z,472.1,29.23,NA,NA,NA,NA,NA,NA,RC,NA,2023-10-07,20835564,2023-10-07T15:43:50Z,435.2756776691868,4752,102,196,150,7.866,12:30:00,2023-10-07T15:30:00Z,350.7
SpC_RC_071023.xlsx,2023-10-07T12:44:00Z,2023-10-07T12:44:00Z,469.8,29.23,NA,NA,NA,NA,NA,NA,RC,NA,2023-10-07,20835564,2023-10-07T15:44:00Z,433.1550802139038,4752,102,196,150,7.866,12:30:00,2023-10-07T15:30:00Z,350.7
SpC_RC_071023.xlsx,2023-10-07T12:44:10Z,2023-10-07T12:44:10Z,483.5,29.23,NA,NA,NA,NA,NA,NA,RC,NA,2023-10-07,20835564,2023-10-07T15:44:10Z,445.7864650562419,4752,102,196,150,7.866,12:30:00,2023-10-07T15:30:00Z,350.7
SpC_RC_071023.xlsx,2023-10-07T12:44:20Z,2023-10-07T12:44:20Z,489.90000000000003,29.23,NA,NA,NA,NA,NA,NA,RC,NA,2023-10-07,20835564,2023-10-07T15:44:20Z,451.68725797529044,4752,102,196,150,7.866,12:30:00,2023-10-07T15:30:00Z,350.7
SpC_RC_071023.xlsx,2023-10-07T12:44:30Z,2023-10-07T12:44:30Z,494.90000000000003,29.240000000000002,NA,NA,NA,NA,NA,NA,RC,NA,2023-10-07,20835564,2023-10-07T15:44:30Z,456.21312684365785,4752,102,196,150,7.866,12:30:00,2023-10-07T15:30:00Z,350.7
SpC_RC_071023.xlsx,2023-10-07T12:44:40Z,2023-10-07T12:44:40Z,493,29.23,NA,NA,NA,NA,NA,NA,RC,NA,2023-10-07,20835564,2023-10-07T15:44:40Z,454.54545454545456,4752,102,196,150,7.866,12:30:00,2023-10-07T15:30:00Z,350.7
SpC_RC_071023.xlsx,2023-10-07T12:44:50Z,2023-10-07T12:44:50Z,492.20000000000005,29.240000000000002,NA,NA,NA,NA,NA,NA,RC,NA,2023-10-07,20835564,2023-10-07T15:44:50Z,453.7241887905605,4752,102,196,150,7.866,12:30:00,2023-10-07T15:30:00Z,350.7
SpC_RC_071023.xlsx,2023-10-07T12:45:00Z,2023-10-07T12:45:00Z,487.70000000000005,29.240000000000002,NA,NA,NA,NA,NA,NA,RC,NA,2023-10-07,20835564,2023-10-07T15:45:00Z,449.57595870206495,4752,102,196,150,7.866,12:30:00,2023-10-07T15:30:00Z,350.7
SpC_RC_071023.xlsx,2023-10-07T12:45:10Z,2023-10-07T12:45:10Z,488.40000000000003,29.240000000000002,NA,NA,NA,NA,NA,NA,RC,NA,2023-10-07,20835564,2023-10-07T15:45:10Z,450.22123893805315,4752,102,196,150,7.866,12:30:00,2023-10-07T15:30:00Z,350.7
SpC_RC_071023.xlsx,2023-10-07T12:45:20Z,2023-10-07T12:45:20Z,485.8,29.23,NA,NA,NA,NA,NA,NA,RC,NA,2023-10-07,20835564,2023-10-07T15:45:20Z,447.907062511525,4752,102,196,150,7.866,12:30:00,2023-10-07T15:30:00Z,350.7
SpC_RC_071023.xlsx,2023-10-07T12:45:30Z,2023-10-07T12:45:30Z,482.3,29.240000000000002,NA,NA,NA,NA,NA,NA,RC,NA,2023-10-07,20835564,2023-10-07T15:45:30Z,444.5980825958702,4752,102,196,150,7.866,12:30:00,2023-10-07T15:30:00Z,350.7
SpC_RC_071023.xlsx,2023-10-07T12:45:40Z,2023-10-07T12:45:40Z,476.3,29.240000000000002,NA,NA,NA,NA,NA,NA,RC,NA,2023-10-07,20835564,2023-10-07T15:45:40Z,439.06710914454277,4752,102,196,150,7.866,12:30:00,2023-10-07T15:30:00Z,350.7
SpC_RC_071023.xlsx,2023-10-07T12:45:50Z,2023-10-07T12:45:50Z,474.40000000000003,29.240000000000002,NA,NA,NA,NA,NA,NA,RC,NA,2023-10-07,20835564,2023-10-07T15:45:50Z,437.3156342182891,4752,102,196,150,7.866,12:30:00,2023-10-07T15:30:00Z,350.7
SpC_RC_071023.xlsx,2023-10-07T12:46:00Z,2023-10-07T12:46:00Z,469.1,29.240000000000002,NA,NA,NA,NA,NA,NA,RC,NA,2023-10-07,20835564,2023-10-07T15:46:00Z,432.4299410029499,4752,102,196,150,7.866,12:30:00,2023-10-07T15:30:00Z,350.7
SpC_RC_071023.xlsx,2023-10-07T12:46:10Z,2023-10-07T12:46:10Z,466.8,29.240000000000002,NA,NA,NA,NA,NA,NA,RC,NA,2023-10-07,20835564,2023-10-07T15:46:10Z,430.30973451327435,4752,102,196,150,7.866,12:30:00,2023-10-07T15:30:00Z,350.7
SpC_RC_071023.xlsx,2023-10-07T12:46:20Z,2023-10-07T12:46:20Z,467.5,29.240000000000002,NA,NA,NA,NA,NA,NA,RC,NA,2023-10-07,20835564,2023-10-07T15:46:20Z,430.95501474926255,4752,102,196,150,7.866,12:30:00,2023-10-07T15:30:00Z,350.7
SpC_RC_071023.xlsx,2023-10-07T12:46:30Z,2023-10-07T12:46:30Z,459.20000000000005,29.240000000000002,NA,NA,NA,NA,NA,NA,RC,NA,2023-10-07,20835564,2023-10-07T15:46:30Z,423.30383480825964,4752,102,196,150,7.866,12:30:00,2023-10-07T15:30:00Z,350.7
SpC_RC_071023.xlsx,2023-10-07T12:46:40Z,2023-10-07T12:46:40Z,460,29.240000000000002,NA,NA,NA,NA,NA,NA,RC,NA,2023-10-07,20835564,2023-10-07T15:46:40Z,424.0412979351033,4752,102,196,150,7.866,12:30:00,2023-10-07T15:30:00Z,350.7
SpC_RC_071023.xlsx,2023-10-07T12:46:50Z,2023-10-07T12:46:50Z,453.1,29.240000000000002,NA,NA,NA,NA,NA,NA,RC,NA,2023-10-07,20835564,2023-10-07T15:46:50Z,417.6806784660767,4752,102,196,150,7.866,12:30:00,2023-10-07T15:30:00Z,350.7
SpC_RC_071023.xlsx,2023-10-07T12:47:00Z,2023-10-07T12:47:00Z,452.40000000000003,29.25,NA,NA,NA,NA,NA,NA,RC,NA,2023-10-07,20835564,2023-10-07T15:47:00Z,416.95852534562215,4752,102,196,150,7.866,12:30:00,2023-10-07T15:30:00Z,350.7
SpC_RC_071023.xlsx,2023-10-07T12:47:10Z,2023-10-07T12:47:10Z,450.90000000000003,29.240000000000002,NA,NA,NA,NA,NA,NA,RC,NA,2023-10-07,20835564,2023-10-07T15:47:10Z,415.6526548672567,4752,102,196,150,7.866,12:30:00,2023-10-07T15:30:00Z,350.7
SpC_RC_071023.xlsx,2023-10-07T12:47:20Z,2023-10-07T12:47:20Z,444.8,29.240000000000002,NA,NA,NA,NA,NA,NA,RC,NA,2023-10-07,20835564,2023-10-07T15:47:20Z,410.02949852507373,4752,102,196,150,7.866,12:30:00,2023-10-07T15:30:00Z,350.7
SpC_RC_071023.xlsx,2023-10-07T12:47:30Z,2023-10-07T12:47:30Z,443.3,29.240000000000002,NA,NA,NA,NA,NA,NA,RC,NA,2023-10-07,20835564,2023-10-07T15:47:30Z,408.6467551622419,4752,102,196,150,7.866,12:30:00,2023-10-07T15:30:00Z,350.7
SpC_RC_071023.xlsx,2023-10-07T12:47:40Z,2023-10-07T12:47:40Z,444,29.25,NA,NA,NA,NA,NA,NA,RC,NA,2023-10-07,20835564,2023-10-07T15:47:40Z,409.2165898617512,4752,102,196,150,7.866,12:30:00,2023-10-07T15:30:00Z,350.7
SpC_RC_071023.xlsx,2023-10-07T12:47:50Z,2023-10-07T12:47:50Z,441.8,29.25,NA,NA,NA,NA,NA,NA,RC,NA,2023-10-07,20835564,2023-10-07T15:47:50Z,407.1889400921659,4752,102,196,150,7.866,12:30:00,2023-10-07T15:30:00Z,350.7
SpC_RC_071023.xlsx,2023-10-07T12:48:00Z,2023-10-07T12:48:00Z,442.1,29.25,NA,NA,NA,NA,NA,NA,RC,NA,2023-10-07,20835564,2023-10-07T15:48:00Z,407.46543778801845,4752,102,196,150,7.866,12:30:00,2023-10-07T15:30:00Z,350.7
SpC_RC_071023.xlsx,2023-10-07T12:48:10Z,2023-10-07T12:48:10Z,441,29.25,NA,NA,NA,NA,NA,NA,RC,NA,2023-10-07,20835564,2023-10-07T15:48:10Z,406.4516129032258,4752,102,196,150,7.866,12:30:00,2023-10-07T15:30:00Z,350.7
SpC_RC_071023.xlsx,2023-10-07T12:48:20Z,2023-10-07T12:48:20Z,437.6,29.25,NA,NA,NA,NA,NA,NA,RC,NA,2023-10-07,20835564,2023-10-07T15:48:20Z,403.31797235023043,4752,102,196,150,7.866,12:30:00,2023-10-07T15:30:00Z,350.7
SpC_RC_071023.xlsx,2023-10-07T12:48:30Z,2023-10-07T12:48:30Z,438.40000000000003,29.25,NA,NA,NA,NA,NA,NA,RC,NA,2023-10-07,20835564,2023-10-07T15:48:30Z,404.05529953917056,4752,102,196,150,7.866,12:30:00,2023-10-07T15:30:00Z,350.7
SpC_RC_071023.xlsx,2023-10-07T12:48:40Z,2023-10-07T12:48:40Z,436.1,29.25,NA,NA,NA,NA,NA,NA,RC,NA,2023-10-07,20835564,2023-10-07T15:48:40Z,401.9354838709678,4752,102,196,150,7.866,12:30:00,2023-10-07T15:30:00Z,350.7
SpC_RC_071023.xlsx,2023-10-07T12:48:50Z,2023-10-07T12:48:50Z,435.70000000000005,29.25,NA,NA,NA,NA,NA,NA,RC,NA,2023-10-07,20835564,2023-10-07T15:48:50Z,401.56682027649777,4752,102,196,150,7.866,12:30:00,2023-10-07T15:30:00Z,350.7
SpC_RC_071023.xlsx,2023-10-07T12:49:00Z,2023-10-07T12:49:00Z,433.40000000000003,29.25,NA,NA,NA,NA,NA,NA,RC,NA,2023-10-07,20835564,2023-10-07T15:49:00Z,399.447004608295,4752,102,196,150,7.866,12:30:00,2023-10-07T15:30:00Z,350.7
SpC_RC_071023.xlsx,2023-10-07T12:49:10Z,2023-10-07T12:49:10Z,436.5,29.240000000000002,NA,NA,NA,NA,NA,NA,RC,NA,2023-10-07,20835564,2023-10-07T15:49:10Z,402.3783185840708,4752,102,196,150,7.866,12:30:00,2023-10-07T15:30:00Z,350.7
SpC_RC_071023.xlsx,2023-10-07T12:49:20Z,2023-10-07T12:49:20Z,432.70000000000005,29.25,NA,NA,NA,NA,NA,NA,RC,NA,2023-10-07,20835564,2023-10-07T15:49:20Z,398.8018433179724,4752,102,196,150,7.866,12:30:00,2023-10-07T15:30:00Z,350.7
SpC_RC_071023.xlsx,2023-10-07T12:49:30Z,2023-10-07T12:49:30Z,432.70000000000005,29.26,NA,NA,NA,NA,NA,NA,RC,NA,2023-10-07,20835564,2023-10-07T15:49:30Z,398.728345005529,4752,102,196,150,7.866,12:30:00,2023-10-07T15:30:00Z,350.7
SpC_RC_071023.xlsx,2023-10-07T12:49:40Z,2023-10-07T12:49:40Z,432.70000000000005,29.26,NA,NA,NA,NA,NA,NA,RC,NA,2023-10-07,20835564,2023-10-07T15:49:40Z,398.728345005529,4752,102,196,150,7.866,12:30:00,2023-10-07T15:30:00Z,350.7
SpC_RC_071023.xlsx,2023-10-07T12:49:50Z,2023-10-07T12:49:50Z,433.40000000000003,29.25,NA,NA,NA,NA,NA,NA,RC,NA,2023-10-07,20835564,2023-10-07T15:49:50Z,399.447004608295,4752,102,196,150,7.866,12:30:00,2023-10-07T15:30:00Z,350.7
SpC_RC_071023.xlsx,2023-10-07T12:50:00Z,2023-10-07T12:50:00Z,430.8,29.25,NA,NA,NA,NA,NA,NA,RC,NA,2023-10-07,20835564,2023-10-07T15:50:00Z,397.05069124423966,4752,102,196,150,7.866,12:30:00,2023-10-07T15:30:00Z,350.7
SpC_RC_071023.xlsx,2023-10-07T12:50:10Z,2023-10-07T12:50:10Z,430.40000000000003,29.26,NA,NA,NA,NA,NA,NA,RC,NA,2023-10-07,20835564,2023-10-07T15:50:10Z,396.6089200147439,4752,102,196,150,7.866,12:30:00,2023-10-07T15:30:00Z,350.7
SpC_RC_071023.xlsx,2023-10-07T12:50:20Z,2023-10-07T12:50:20Z,428.90000000000003,29.26,NA,NA,NA,NA,NA,NA,RC,NA,2023-10-07,20835564,2023-10-07T15:50:20Z,395.2266863251014,4752,102,196,150,7.866,12:30:00,2023-10-07T15:30:00Z,350.7
SpC_RC_071023.xlsx,2023-10-07T12:50:30Z,2023-10-07T12:50:30Z,429.3,29.25,NA,NA,NA,NA,NA,NA,RC,NA,2023-10-07,20835564,2023-10-07T15:50:30Z,395.66820276497697,4752,102,196,150,7.866,12:30:00,2023-10-07T15:30:00Z,350.7
SpC_RC_071023.xlsx,2023-10-07T12:50:40Z,2023-10-07T12:50:40Z,428.5,29.26,NA,NA,NA,NA,NA,NA,RC,NA,2023-10-07,20835564,2023-10-07T15:50:40Z,394.85809067453005,4752,102,196,150,7.866,12:30:00,2023-10-07T15:30:00Z,350.7
SpC_RC_071023.xlsx,2023-10-07T12:50:50Z,2023-10-07T12:50:50Z,427.40000000000003,29.26,NA,NA,NA,NA,NA,NA,RC,NA,2023-10-07,20835564,2023-10-07T15:50:50Z,393.84445263545894,4752,102,196,150,7.866,12:30:00,2023-10-07T15:30:00Z,350.7
SpC_RC_071023.xlsx,2023-10-07T12:51:00Z,2023-10-07T12:51:00Z,427,29.26,NA,NA,NA,NA,NA,NA,RC,NA,2023-10-07,20835564,2023-10-07T15:51:00Z,393.47585698488757,4752,102,196,150,7.866,12:30:00,2023-10-07T15:30:00Z,350.7
SpC_RC_071023.xlsx,2023-10-07T12:51:10Z,2023-10-07T12:51:10Z,425.5,29.26,NA,NA,NA,NA,NA,NA,RC,NA,2023-10-07,20835564,2023-10-07T15:51:10Z,392.09362329524515,4752,102,196,150,7.866,12:30:00,2023-10-07T15:30:00Z,350.7
SpC_RC_071023.xlsx,2023-10-07T12:51:20Z,2023-10-07T12:51:20Z,427.40000000000003,29.26,NA,NA,NA,NA,NA,NA,RC,NA,2023-10-07,20835564,2023-10-07T15:51:20Z,393.84445263545894,4752,102,196,150,7.866,12:30:00,2023-10-07T15:30:00Z,350.7
SpC_RC_071023.xlsx,2023-10-07T12:51:30Z,2023-10-07T12:51:30Z,425.5,29.26,NA,NA,NA,NA,NA,NA,RC,NA,2023-10-07,20835564,2023-10-07T15:51:30Z,392.09362329524515,4752,102,196,150,7.866,12:30:00,2023-10-07T15:30:00Z,350.7
SpC_RC_071023.xlsx,2023-10-07T12:51:40Z,2023-10-07T12:51:40Z,425.5,29.26,NA,NA,NA,NA,NA,NA,RC,NA,2023-10-07,20835564,2023-10-07T15:51:40Z,392.09362329524515,4752,102,196,150,7.866,12:30:00,2023-10-07T15:30:00Z,350.7
SpC_RC_071023.xlsx,2023-10-07T12:51:50Z,2023-10-07T12:51:50Z,424.40000000000003,29.26,NA,NA,NA,NA,NA,NA,RC,NA,2023-10-07,20835564,2023-10-07T15:51:50Z,391.07998525617404,4752,102,196,150,7.866,12:30:00,2023-10-07T15:30:00Z,350.7
SpC_RC_071023.xlsx,2023-10-07T12:52:00Z,2023-10-07T12:52:00Z,424,29.26,NA,NA,NA,NA,NA,NA,RC,NA,2023-10-07,20835564,2023-10-07T15:52:00Z,390.7113896056027,4752,102,196,150,7.866,12:30:00,2023-10-07T15:30:00Z,350.7
SpC_RC_071023.xlsx,2023-10-07T12:52:10Z,2023-10-07T12:52:10Z,423.20000000000005,29.26,NA,NA,NA,NA,NA,NA,RC,NA,2023-10-07,20835564,2023-10-07T15:52:10Z,389.97419830446006,4752,102,196,150,7.866,12:30:00,2023-10-07T15:30:00Z,350.7
SpC_RC_071023.xlsx,2023-10-07T12:52:20Z,2023-10-07T12:52:20Z,423.6,29.26,NA,NA,NA,NA,NA,NA,RC,NA,2023-10-07,20835564,2023-10-07T15:52:20Z,390.34279395503137,4752,102,196,150,7.866,12:30:00,2023-10-07T15:30:00Z,350.7
SpC_RC_071023.xlsx,2023-10-07T12:52:30Z,2023-10-07T12:52:30Z,422.1,29.27,NA,NA,NA,NA,NA,NA,RC,NA,2023-10-07,20835564,2023-10-07T15:52:30Z,388.8888888888889,4752,102,196,150,7.866,12:30:00,2023-10-07T15:30:00Z,350.7
SpC_RC_071023.xlsx,2023-10-07T12:52:40Z,2023-10-07T12:52:40Z,422.1,29.27,NA,NA,NA,NA,NA,NA,RC,NA,2023-10-07,20835564,2023-10-07T15:52:40Z,388.8888888888889,4752,102,196,150,7.866,12:30:00,2023-10-07T15:30:00Z,350.7
SpC_RC_071023.xlsx,2023-10-07T12:52:50Z,2023-10-07T12:52:50Z,421.3,29.26,NA,NA,NA,NA,NA,NA,RC,NA,2023-10-07,20835564,2023-10-07T15:52:50Z,388.2233689642463,4752,102,196,150,7.866,12:30:00,2023-10-07T15:30:00Z,350.7
SpC_RC_071023.xlsx,2023-10-07T12:53:00Z,2023-10-07T12:53:00Z,420.6,29.27,NA,NA,NA,NA,NA,NA,RC,NA,2023-10-07,20835564,2023-10-07T15:53:00Z,387.5069098949696,4752,102,196,150,7.866,12:30:00,2023-10-07T15:30:00Z,350.7
SpC_RC_071023.xlsx,2023-10-07T12:53:10Z,2023-10-07T12:53:10Z,421.3,29.27,NA,NA,NA,NA,NA,NA,RC,NA,2023-10-07,20835564,2023-10-07T15:53:10Z,388.1518334254653,4752,102,196,150,7.866,12:30:00,2023-10-07T15:30:00Z,350.7
SpC_RC_071023.xlsx,2023-10-07T12:53:20Z,2023-10-07T12:53:20Z,420.90000000000003,29.27,NA,NA,NA,NA,NA,NA,RC,NA,2023-10-07,20835564,2023-10-07T15:53:20Z,387.7833056937535,4752,102,196,150,7.866,12:30:00,2023-10-07T15:30:00Z,350.7
SpC_RC_071023.xlsx,2023-10-07T12:53:30Z,2023-10-07T12:53:30Z,420.90000000000003,29.27,NA,NA,NA,NA,NA,NA,RC,NA,2023-10-07,20835564,2023-10-07T15:53:30Z,387.7833056937535,4752,102,196,150,7.866,12:30:00,2023-10-07T15:30:00Z,350.7
SpC_RC_071023.xlsx,2023-10-07T12:53:40Z,2023-10-07T12:53:40Z,420.20000000000005,29.27,NA,NA,NA,NA,NA,NA,RC,NA,2023-10-07,20835564,2023-10-07T15:53:40Z,387.13838216325786,4752,102,196,150,7.866,12:30:00,2023-10-07T15:30:00Z,350.7
SpC_RC_071023.xlsx,2023-10-07T12:53:50Z,2023-10-07T12:53:50Z,419.8,29.27,NA,NA,NA,NA,NA,NA,RC,NA,2023-10-07,20835564,2023-10-07T15:53:50Z,386.76985443154604,4752,102,196,150,7.866,12:30:00,2023-10-07T15:30:00Z,350.7
SpC_RC_071023.xlsx,2023-10-07T12:54:00Z,2023-10-07T12:54:00Z,419.1,29.27,NA,NA,NA,NA,NA,NA,RC,NA,2023-10-07,20835564,2023-10-07T15:54:00Z,386.12493090105033,4752,102,196,150,7.866,12:30:00,2023-10-07T15:30:00Z,350.7
SpC_RC_071023.xlsx,2023-10-07T12:54:10Z,2023-10-07T12:54:10Z,419,29.29,NA,NA,NA,NA,NA,NA,RC,NA,2023-10-07,20835564,2023-10-07T15:54:10Z,385.8905875851907,4752,102,196,150,7.866,12:30:00,2023-10-07T15:30:00Z,350.7
SpC_RC_071023.xlsx,2023-10-07T12:54:20Z,2023-10-07T12:54:20Z,419.1,29.27,NA,NA,NA,NA,NA,NA,RC,NA,2023-10-07,20835564,2023-10-07T15:54:20Z,386.12493090105033,4752,102,196,150,7.866,12:30:00,2023-10-07T15:30:00Z,350.7
SpC_RC_071023.xlsx,2023-10-07T12:54:30Z,2023-10-07T12:54:30Z,419,29.29,NA,NA,NA,NA,NA,NA,RC,NA,2023-10-07,20835564,2023-10-07T15:54:30Z,385.8905875851907,4752,102,196,150,7.866,12:30:00,2023-10-07T15:30:00Z,350.7
SpC_RC_071023.xlsx,2023-10-07T12:54:40Z,2023-10-07T12:54:40Z,418.70000000000005,29.29,NA,NA,NA,NA,NA,NA,RC,NA,2023-10-07,20835564,2023-10-07T15:54:40Z,385.6142936083994,4752,102,196,150,7.866,12:30:00,2023-10-07T15:30:00Z,350.7
SpC_RC_071023.xlsx,2023-10-07T12:54:50Z,2023-10-07T12:54:50Z,419,29.29,NA,NA,NA,NA,NA,NA,RC,NA,2023-10-07,20835564,2023-10-07T15:54:50Z,385.8905875851907,4752,102,196,150,7.866,12:30:00,2023-10-07T15:30:00Z,350.7
SpC_RC_071023.xlsx,2023-10-07T12:55:00Z,2023-10-07T12:55:00Z,418.70000000000005,29.27,NA,NA,NA,NA,NA,NA,RC,NA,2023-10-07,20835564,2023-10-07T15:55:00Z,385.75640316933857,4752,102,196,150,7.866,12:30:00,2023-10-07T15:30:00Z,350.7
SpC_RC_071023.xlsx,2023-10-07T12:55:10Z,2023-10-07T12:55:10Z,418.3,29.27,NA,NA,NA,NA,NA,NA,RC,NA,2023-10-07,20835564,2023-10-07T15:55:10Z,385.38787543762675,4752,102,196,150,7.866,12:30:00,2023-10-07T15:30:00Z,350.7
SpC_RC_071023.xlsx,2023-10-07T12:55:20Z,2023-10-07T12:55:20Z,418.70000000000005,29.29,NA,NA,NA,NA,NA,NA,RC,NA,2023-10-07,20835564,2023-10-07T15:55:20Z,385.6142936083994,4752,102,196,150,7.866,12:30:00,2023-10-07T15:30:00Z,350.7
SpC_RC_071023.xlsx,2023-10-07T12:55:30Z,2023-10-07T12:55:30Z,419.1,29.27,NA,NA,NA,NA,NA,NA,RC,NA,2023-10-07,20835564,2023-10-07T15:55:30Z,386.12493090105033,4752,102,196,150,7.866,12:30:00,2023-10-07T15:30:00Z,350.7
SpC_RC_071023.xlsx,2023-10-07T12:55:40Z,2023-10-07T12:55:40Z,418.3,29.29,NA,NA,NA,NA,NA,NA,RC,NA,2023-10-07,20835564,2023-10-07T15:55:40Z,385.2459016393443,4752,102,196,150,7.866,12:30:00,2023-10-07T15:30:00Z,350.7
SpC_RC_071023.xlsx,2023-10-07T12:55:50Z,2023-10-07T12:55:50Z,417.20000000000005,29.29,NA,NA,NA,NA,NA,NA,RC,NA,2023-10-07,20835564,2023-10-07T15:55:50Z,384.2328237244429,4752,102,196,150,7.866,12:30:00,2023-10-07T15:30:00Z,350.7
SpC_RC_071023.xlsx,2023-10-07T12:56:00Z,2023-10-07T12:56:00Z,417.20000000000005,29.29,NA,NA,NA,NA,NA,NA,RC,NA,2023-10-07,20835564,2023-10-07T15:56:00Z,384.2328237244429,4752,102,196,150,7.866,12:30:00,2023-10-07T15:30:00Z,350.7
SpC_RC_071023.xlsx,2023-10-07T12:56:10Z,2023-10-07T12:56:10Z,417.20000000000005,29.29,NA,NA,NA,NA,NA,NA,RC,NA,2023-10-07,20835564,2023-10-07T15:56:10Z,384.2328237244429,4752,102,196,150,7.866,12:30:00,2023-10-07T15:30:00Z,350.7
SpC_RC_071023.xlsx,2023-10-07T12:56:20Z,2023-10-07T12:56:20Z,416.8,29.29,NA,NA,NA,NA,NA,NA,RC,NA,2023-10-07,20835564,2023-10-07T15:56:20Z,383.8644317553878,4752,102,196,150,7.866,12:30:00,2023-10-07T15:30:00Z,350.7
SpC_RC_071023.xlsx,2023-10-07T12:56:30Z,2023-10-07T12:56:30Z,417.20000000000005,29.29,NA,NA,NA,NA,NA,NA,RC,NA,2023-10-07,20835564,2023-10-07T15:56:30Z,384.2328237244429,4752,102,196,150,7.866,12:30:00,2023-10-07T15:30:00Z,350.7
SpC_RC_071023.xlsx,2023-10-07T12:56:40Z,2023-10-07T12:56:40Z,416.8,29.3,NA,NA,NA,NA,NA,NA,RC,NA,2023-10-07,20835564,2023-10-07T15:56:40Z,383.7937384898711,4752,102,196,150,7.866,12:30:00,2023-10-07T15:30:00Z,350.7
SpC_RC_071023.xlsx,2023-10-07T12:56:50Z,2023-10-07T12:56:50Z,416.8,29.3,NA,NA,NA,NA,NA,NA,RC,NA,2023-10-07,20835564,2023-10-07T15:56:50Z,383.7937384898711,4752,102,196,150,7.866,12:30:00,2023-10-07T15:30:00Z,350.7
SpC_RC_071023.xlsx,2023-10-07T12:57:00Z,2023-10-07T12:57:00Z,416.8,29.29,NA,NA,NA,NA,NA,NA,RC,NA,2023-10-07,20835564,2023-10-07T15:57:00Z,383.8644317553878,4752,102,196,150,7.866,12:30:00,2023-10-07T15:30:00Z,350.7
SpC_RC_071023.xlsx,2023-10-07T12:57:10Z,2023-10-07T12:57:10Z,416.40000000000003,29.3,NA,NA,NA,NA,NA,NA,RC,NA,2023-10-07,20835564,2023-10-07T15:57:10Z,383.4254143646409,4752,102,196,150,7.866,12:30:00,2023-10-07T15:30:00Z,350.7
SpC_RC_071023.xlsx,2023-10-07T12:57:20Z,2023-10-07T12:57:20Z,416.40000000000003,29.29,NA,NA,NA,NA,NA,NA,RC,NA,2023-10-07,20835564,2023-10-07T15:57:20Z,383.49603978633274,4752,102,196,150,7.866,12:30:00,2023-10-07T15:30:00Z,350.7
SpC_RC_071023.xlsx,2023-10-07T12:57:30Z,2023-10-07T12:57:30Z,416,29.29,NA,NA,NA,NA,NA,NA,RC,NA,2023-10-07,20835564,2023-10-07T15:57:30Z,383.12764781727765,4752,102,196,150,7.866,12:30:00,2023-10-07T15:30:00Z,350.7
SpC_RC_071023.xlsx,2023-10-07T12:57:40Z,2023-10-07T12:57:40Z,416.40000000000003,29.3,NA,NA,NA,NA,NA,NA,RC,NA,2023-10-07,20835564,2023-10-07T15:57:40Z,383.4254143646409,4752,102,196,150,7.866,12:30:00,2023-10-07T15:30:00Z,350.7
SpC_RC_071023.xlsx,2023-10-07T12:57:50Z,2023-10-07T12:57:50Z,416.40000000000003,29.3,NA,NA,NA,NA,NA,NA,RC,NA,2023-10-07,20835564,2023-10-07T15:57:50Z,383.4254143646409,4752,102,196,150,7.866,12:30:00,2023-10-07T15:30:00Z,350.7
SpC_RC_071023.xlsx,2023-10-07T12:58:00Z,2023-10-07T12:58:00Z,416,29.29,NA,NA,NA,NA,NA,NA,RC,NA,2023-10-07,20835564,2023-10-07T15:58:00Z,383.12764781727765,4752,102,196,150,7.866,12:30:00,2023-10-07T15:30:00Z,350.7
SpC_RC_071023.xlsx,2023-10-07T12:58:10Z,2023-10-07T12:58:10Z,416,29.3,NA,NA,NA,NA,NA,NA,RC,NA,2023-10-07,20835564,2023-10-07T15:58:10Z,383.0570902394106,4752,102,196,150,7.866,12:30:00,2023-10-07T15:30:00Z,350.7
SpC_RC_071023.xlsx,2023-10-07T12:58:20Z,2023-10-07T12:58:20Z,416,29.29,NA,NA,NA,NA,NA,NA,RC,NA,2023-10-07,20835564,2023-10-07T15:58:20Z,383.12764781727765,4752,102,196,150,7.866,12:30:00,2023-10-07T15:30:00Z,350.7
SpC_RC_071023.xlsx,2023-10-07T12:58:30Z,2023-10-07T12:58:30Z,416,29.3,NA,NA,NA,NA,NA,NA,RC,NA,2023-10-07,20835564,2023-10-07T15:58:30Z,383.0570902394106,4752,102,196,150,7.866,12:30:00,2023-10-07T15:30:00Z,350.7
SpC_RC_071023.xlsx,2023-10-07T12:58:40Z,2023-10-07T12:58:40Z,416,29.3,NA,NA,NA,NA,NA,NA,RC,NA,2023-10-07,20835564,2023-10-07T15:58:40Z,383.0570902394106,4752,102,196,150,7.866,12:30:00,2023-10-07T15:30:00Z,350.7
SpC_RC_071023.xlsx,2023-10-07T12:58:50Z,2023-10-07T12:58:50Z,415.6,29.3,NA,NA,NA,NA,NA,NA,RC,NA,2023-10-07,20835564,2023-10-07T15:58:50Z,382.68876611418045,4752,102,196,150,7.866,12:30:00,2023-10-07T15:30:00Z,350.7
SpC_RC_071023.xlsx,2023-10-07T12:59:00Z,2023-10-07T12:59:00Z,415.3,29.310000000000002,NA,NA,NA,NA,NA,NA,RC,NA,2023-10-07,20835564,2023-10-07T15:59:00Z,382.3421101086356,4752,102,196,150,7.866,12:30:00,2023-10-07T15:30:00Z,350.7
SpC_RC_071023.xlsx,2023-10-07T12:59:10Z,2023-10-07T12:59:10Z,415.6,29.310000000000002,NA,NA,NA,NA,NA,NA,RC,NA,2023-10-07,20835564,2023-10-07T15:59:10Z,382.61830233842755,4752,102,196,150,7.866,12:30:00,2023-10-07T15:30:00Z,350.7
SpC_RC_071023.xlsx,2023-10-07T12:59:20Z,2023-10-07T12:59:20Z,415.6,29.3,NA,NA,NA,NA,NA,NA,RC,NA,2023-10-07,20835564,2023-10-07T15:59:20Z,382.68876611418045,4752,102,196,150,7.866,12:30:00,2023-10-07T15:30:00Z,350.7
SpC_RC_071023.xlsx,2023-10-07T12:59:30Z,2023-10-07T12:59:30Z,415.6,29.310000000000002,NA,NA,NA,NA,NA,NA,RC,NA,2023-10-07,20835564,2023-10-07T15:59:30Z,382.61830233842755,4752,102,196,150,7.866,12:30:00,2023-10-07T15:30:00Z,350.7
SpC_RC_071023.xlsx,2023-10-07T12:59:40Z,2023-10-07T12:59:40Z,415.6,29.310000000000002,NA,NA,NA,NA,NA,NA,RC,NA,2023-10-07,20835564,2023-10-07T15:59:40Z,382.61830233842755,4752,102,196,150,7.866,12:30:00,2023-10-07T15:30:00Z,350.7
SpC_RC_071023.xlsx,2023-10-07T12:59:50Z,2023-10-07T12:59:50Z,415.6,29.310000000000002,NA,NA,NA,NA,NA,NA,RC,NA,2023-10-07,20835564,2023-10-07T15:59:50Z,382.61830233842755,4752,102,196,150,7.866,12:30:00,2023-10-07T15:30:00Z,350.7
SpC_RC_071023.xlsx,2023-10-07T13:00:00Z,2023-10-07T13:00:00Z,415.6,29.310000000000002,NA,NA,NA,NA,NA,NA,RC,NA,2023-10-07,20835564,2023-10-07T16:00:00Z,382.61830233842755,4752,102,196,150,7.866,12:30:00,2023-10-07T15:30:00Z,350.7
SpC_RC_071023.xlsx,2023-10-07T13:00:10Z,2023-10-07T13:00:10Z,414.90000000000003,29.310000000000002,NA,NA,NA,NA,NA,NA,RC,NA,2023-10-07,20835564,2023-10-07T16:00:10Z,381.97385380224637,4752,102,196,150,7.866,12:30:00,2023-10-07T15:30:00Z,350.7
SpC_RC_071023.xlsx,2023-10-07T13:00:20Z,2023-10-07T13:00:20Z,414.90000000000003,29.310000000000002,NA,NA,NA,NA,NA,NA,RC,NA,2023-10-07,20835564,2023-10-07T16:00:20Z,381.97385380224637,4752,102,196,150,7.866,12:30:00,2023-10-07T15:30:00Z,350.7
SpC_RC_071023.xlsx,2023-10-07T13:00:30Z,2023-10-07T13:00:30Z,414.90000000000003,29.310000000000002,NA,NA,NA,NA,NA,NA,RC,NA,2023-10-07,20835564,2023-10-07T16:00:30Z,381.97385380224637,4752,102,196,150,7.866,12:30:00,2023-10-07T15:30:00Z,350.7
SpC_RC_071023.xlsx,2023-10-07T13:00:40Z,2023-10-07T13:00:40Z,414.90000000000003,29.310000000000002,NA,NA,NA,NA,NA,NA,RC,NA,2023-10-07,20835564,2023-10-07T16:00:40Z,381.97385380224637,4752,102,196,150,7.866,12:30:00,2023-10-07T15:30:00Z,350.7
SpC_RC_071023.xlsx,2023-10-07T13:00:50Z,2023-10-07T13:00:50Z,414.90000000000003,29.310000000000002,NA,NA,NA,NA,NA,NA,RC,NA,2023-10-07,20835564,2023-10-07T16:00:50Z,381.97385380224637,4752,102,196,150,7.866,12:30:00,2023-10-07T15:30:00Z,350.7
SpC_RC_071023.xlsx,2023-10-07T13:01:00Z,2023-10-07T13:01:00Z,414.90000000000003,29.310000000000002,NA,NA,NA,NA,NA,NA,RC,NA,2023-10-07,20835564,2023-10-07T16:01:00Z,381.97385380224637,4752,102,196,150,7.866,12:30:00,2023-10-07T15:30:00Z,350.7
SpC_RC_071023.xlsx,2023-10-07T13:01:10Z,2023-10-07T13:01:10Z,414.90000000000003,29.310000000000002,NA,NA,NA,NA,NA,NA,RC,NA,2023-10-07,20835564,2023-10-07T16:01:10Z,381.97385380224637,4752,102,196,150,7.866,12:30:00,2023-10-07T15:30:00Z,350.7
SpC_RC_071023.xlsx,2023-10-07T13:01:20Z,2023-10-07T13:01:20Z,414.90000000000003,29.310000000000002,NA,NA,NA,NA,NA,NA,RC,NA,2023-10-07,20835564,2023-10-07T16:01:20Z,381.97385380224637,4752,102,196,150,7.866,12:30:00,2023-10-07T15:30:00Z,350.7
SpC_RC_071023.xlsx,2023-10-07T13:01:30Z,2023-10-07T13:01:30Z,414.90000000000003,29.310000000000002,NA,NA,NA,NA,NA,NA,RC,NA,2023-10-07,20835564,2023-10-07T16:01:30Z,381.97385380224637,4752,102,196,150,7.866,12:30:00,2023-10-07T15:30:00Z,350.7
SpC_RC_071023.xlsx,2023-10-07T13:01:40Z,2023-10-07T13:01:40Z,414.90000000000003,29.32,NA,NA,NA,NA,NA,NA,RC,NA,2023-10-07,20835564,2023-10-07T16:01:40Z,381.9035346097202,4752,102,196,150,7.866,12:30:00,2023-10-07T15:30:00Z,350.7
SpC_RC_071023.xlsx,2023-10-07T13:01:50Z,2023-10-07T13:01:50Z,414.90000000000003,29.32,NA,NA,NA,NA,NA,NA,RC,NA,2023-10-07,20835564,2023-10-07T16:01:50Z,381.9035346097202,4752,102,196,150,7.866,12:30:00,2023-10-07T15:30:00Z,350.7
SpC_RC_071023.xlsx,2023-10-07T13:02:00Z,2023-10-07T13:02:00Z,414.90000000000003,29.32,NA,NA,NA,NA,NA,NA,RC,NA,2023-10-07,20835564,2023-10-07T16:02:00Z,381.9035346097202,4752,102,196,150,7.866,12:30:00,2023-10-07T15:30:00Z,350.7
SpC_RC_071023.xlsx,2023-10-07T13:02:10Z,2023-10-07T13:02:10Z,414.90000000000003,29.32,NA,NA,NA,NA,NA,NA,RC,NA,2023-10-07,20835564,2023-10-07T16:02:10Z,381.9035346097202,4752,102,196,150,7.866,12:30:00,2023-10-07T15:30:00Z,350.7
SpC_RC_071023.xlsx,2023-10-07T13:02:20Z,2023-10-07T13:02:20Z,414.90000000000003,29.310000000000002,NA,NA,NA,NA,NA,NA,RC,NA,2023-10-07,20835564,2023-10-07T16:02:20Z,381.97385380224637,4752,102,196,150,7.866,12:30:00,2023-10-07T15:30:00Z,350.7
SpC_RC_071023.xlsx,2023-10-07T13:02:30Z,2023-10-07T13:02:30Z,414.90000000000003,29.310000000000002,NA,NA,NA,NA,NA,NA,RC,NA,2023-10-07,20835564,2023-10-07T16:02:30Z,381.97385380224637,4752,102,196,150,7.866,12:30:00,2023-10-07T15:30:00Z,350.7
SpC_RC_071023.xlsx,2023-10-07T13:02:40Z,2023-10-07T13:02:40Z,414.90000000000003,29.310000000000002,NA,NA,NA,NA,NA,NA,RC,NA,2023-10-07,20835564,2023-10-07T16:02:40Z,381.97385380224637,4752,102,196,150,7.866,12:30:00,2023-10-07T15:30:00Z,350.7
SpC_RC_071023.xlsx,2023-10-07T13:02:50Z,2023-10-07T13:02:50Z,414.90000000000003,29.32,NA,NA,NA,NA,NA,NA,RC,NA,2023-10-07,20835564,2023-10-07T16:02:50Z,381.9035346097202,4752,102,196,150,7.866,12:30:00,2023-10-07T15:30:00Z,350.7
SpC_RC_071023.xlsx,2023-10-07T13:03:00Z,2023-10-07T13:03:00Z,414.90000000000003,29.32,NA,NA,NA,NA,NA,NA,RC,NA,2023-10-07,20835564,2023-10-07T16:03:00Z,381.9035346097202,4752,102,196,150,7.866,12:30:00,2023-10-07T15:30:00Z,350.7
SpC_RC_071023.xlsx,2023-10-07T13:03:10Z,2023-10-07T13:03:10Z,414.90000000000003,29.32,NA,NA,NA,NA,NA,NA,RC,NA,2023-10-07,20835564,2023-10-07T16:03:10Z,381.9035346097202,4752,102,196,150,7.866,12:30:00,2023-10-07T15:30:00Z,350.7
SpC_RC_071023.xlsx,2023-10-07T13:03:20Z,2023-10-07T13:03:20Z,414.5,29.32,NA,NA,NA,NA,NA,NA,RC,NA,2023-10-07,20835564,2023-10-07T16:03:20Z,381.53534609720174,4752,102,196,150,7.866,12:30:00,2023-10-07T15:30:00Z,350.7
SpC_RC_071023.xlsx,2023-10-07T13:03:30Z,2023-10-07T13:03:30Z,414.5,29.34,NA,NA,NA,NA,NA,NA,RC,NA,2023-10-07,20835564,2023-10-07T16:03:30Z,381.3949208686051,4752,102,196,150,7.866,12:30:00,2023-10-07T15:30:00Z,350.7
SpC_RC_071023.xlsx,2023-10-07T13:03:40Z,2023-10-07T13:03:40Z,414.5,29.34,NA,NA,NA,NA,NA,NA,RC,NA,2023-10-07,20835564,2023-10-07T16:03:40Z,381.3949208686051,4752,102,196,150,7.866,12:30:00,2023-10-07T15:30:00Z,350.7
SpC_RC_071023.xlsx,2023-10-07T13:03:50Z,2023-10-07T13:03:50Z,414.90000000000003,29.32,NA,NA,NA,NA,NA,NA,RC,NA,2023-10-07,20835564,2023-10-07T16:03:50Z,381.9035346097202,4752,102,196,150,7.866,12:30:00,2023-10-07T15:30:00Z,350.7
SpC_RC_071023.xlsx,2023-10-07T13:04:00Z,2023-10-07T13:04:00Z,414.5,29.32,NA,NA,NA,NA,NA,NA,RC,NA,2023-10-07,20835564,2023-10-07T16:04:00Z,381.53534609720174,4752,102,196,150,7.866,12:30:00,2023-10-07T15:30:00Z,350.7
SpC_RC_071023.xlsx,2023-10-07T13:04:10Z,2023-10-07T13:04:10Z,414.5,29.34,NA,NA,NA,NA,NA,NA,RC,NA,2023-10-07,20835564,2023-10-07T16:04:10Z,381.3949208686051,4752,102,196,150,7.866,12:30:00,2023-10-07T15:30:00Z,350.7
SpC_RC_071023.xlsx,2023-10-07T13:04:20Z,2023-10-07T13:04:20Z,414.1,29.32,NA,NA,NA,NA,NA,NA,RC,NA,2023-10-07,20835564,2023-10-07T16:04:20Z,381.16715758468337,4752,102,196,150,7.866,12:30:00,2023-10-07T15:30:00Z,350.7
SpC_RC_071023.xlsx,2023-10-07T13:04:30Z,2023-10-07T13:04:30Z,414.1,29.34,NA,NA,NA,NA,NA,NA,RC,NA,2023-10-07,20835564,2023-10-07T16:04:30Z,381.02686786897317,4752,102,196,150,7.866,12:30:00,2023-10-07T15:30:00Z,350.7
SpC_RC_071023.xlsx,2023-10-07T13:04:40Z,2023-10-07T13:04:40Z,414.5,29.34,NA,NA,NA,NA,NA,NA,RC,NA,2023-10-07,20835564,2023-10-07T16:04:40Z,381.3949208686051,4752,102,196,150,7.866,12:30:00,2023-10-07T15:30:00Z,350.7
SpC_RC_071023.xlsx,2023-10-07T13:04:50Z,2023-10-07T13:04:50Z,414.1,29.34,NA,NA,NA,NA,NA,NA,RC,NA,2023-10-07,20835564,2023-10-07T16:04:50Z,381.02686786897317,4752,102,196,150,7.866,12:30:00,2023-10-07T15:30:00Z,350.7
SpC_RC_071023.xlsx,2023-10-07T13:05:00Z,2023-10-07T13:05:00Z,414.5,29.34,NA,NA,NA,NA,NA,NA,RC,NA,2023-10-07,20835564,2023-10-07T16:05:00Z,381.3949208686051,4752,102,196,150,7.866,12:30:00,2023-10-07T15:30:00Z,350.7
SpC_RC_071023.xlsx,2023-10-07T13:05:10Z,2023-10-07T13:05:10Z,414.5,29.34,NA,NA,NA,NA,NA,NA,RC,NA,2023-10-07,20835564,2023-10-07T16:05:10Z,381.3949208686051,4752,102,196,150,7.866,12:30:00,2023-10-07T15:30:00Z,350.7
SpC_RC_071023.xlsx,2023-10-07T13:05:20Z,2023-10-07T13:05:20Z,414.1,29.35,NA,NA,NA,NA,NA,NA,RC,NA,2023-10-07,20835564,2023-10-07T16:05:20Z,380.95676172953085,4752,102,196,150,7.866,12:30:00,2023-10-07T15:30:00Z,350.7
SpC_RC_071023.xlsx,2023-10-07T13:05:30Z,2023-10-07T13:05:30Z,414.1,29.34,NA,NA,NA,NA,NA,NA,RC,NA,2023-10-07,20835564,2023-10-07T16:05:30Z,381.02686786897317,4752,102,196,150,7.866,12:30:00,2023-10-07T15:30:00Z,350.7
SpC_RC_071023.xlsx,2023-10-07T13:05:40Z,2023-10-07T13:05:40Z,414.5,29.34,NA,NA,NA,NA,NA,NA,RC,NA,2023-10-07,20835564,2023-10-07T16:05:40Z,381.3949208686051,4752,102,196,150,7.866,12:30:00,2023-10-07T15:30:00Z,350.7
SpC_RC_071023.xlsx,2023-10-07T13:05:50Z,2023-10-07T13:05:50Z,414.1,29.34,NA,NA,NA,NA,NA,NA,RC,NA,2023-10-07,20835564,2023-10-07T16:05:50Z,381.02686786897317,4752,102,196,150,7.866,12:30:00,2023-10-07T15:30:00Z,350.7
SpC_RC_071023.xlsx,2023-10-07T13:06:00Z,2023-10-07T13:06:00Z,414.1,29.34,NA,NA,NA,NA,NA,NA,RC,NA,2023-10-07,20835564,2023-10-07T16:06:00Z,381.02686786897317,4752,102,196,150,7.866,12:30:00,2023-10-07T15:30:00Z,350.7
SpC_RC_071023.xlsx,2023-10-07T13:06:10Z,2023-10-07T13:06:10Z,414.5,29.34,NA,NA,NA,NA,NA,NA,RC,NA,2023-10-07,20835564,2023-10-07T16:06:10Z,381.3949208686051,4752,102,196,150,7.866,12:30:00,2023-10-07T15:30:00Z,350.7
SpC_RC_071023.xlsx,2023-10-07T13:06:20Z,2023-10-07T13:06:20Z,414.5,29.35,NA,NA,NA,NA,NA,NA,RC,NA,2023-10-07,20835564,2023-10-07T16:06:20Z,381.3247470101196,4752,102,196,150,7.866,12:30:00,2023-10-07T15:30:00Z,350.7
SpC_RC_071023.xlsx,2023-10-07T13:06:30Z,2023-10-07T13:06:30Z,414.1,29.34,NA,NA,NA,NA,NA,NA,RC,NA,2023-10-07,20835564,2023-10-07T16:06:30Z,381.02686786897317,4752,102,196,150,7.866,12:30:00,2023-10-07T15:30:00Z,350.7
SpC_RC_071023.xlsx,2023-10-07T13:06:40Z,2023-10-07T13:06:40Z,414.1,29.35,NA,NA,NA,NA,NA,NA,RC,NA,2023-10-07,20835564,2023-10-07T16:06:40Z,380.95676172953085,4752,102,196,150,7.866,12:30:00,2023-10-07T15:30:00Z,350.7
SpC_RC_071023.xlsx,2023-10-07T13:06:50Z,2023-10-07T13:06:50Z,414.5,29.35,NA,NA,NA,NA,NA,NA,RC,NA,2023-10-07,20835564,2023-10-07T16:06:50Z,381.3247470101196,4752,102,196,150,7.866,12:30:00,2023-10-07T15:30:00Z,350.7
SpC_RC_071023.xlsx,2023-10-07T13:07:00Z,2023-10-07T13:07:00Z,414.5,29.35,NA,NA,NA,NA,NA,NA,RC,NA,2023-10-07,20835564,2023-10-07T16:07:00Z,381.3247470101196,4752,102,196,150,7.866,12:30:00,2023-10-07T15:30:00Z,350.7
SpC_RC_071023.xlsx,2023-10-07T13:07:10Z,2023-10-07T13:07:10Z,414.1,29.35,NA,NA,NA,NA,NA,NA,RC,NA,2023-10-07,20835564,2023-10-07T16:07:10Z,380.95676172953085,4752,102,196,150,7.866,12:30:00,2023-10-07T15:30:00Z,350.7
SpC_RC_071023.xlsx,2023-10-07T13:07:20Z,2023-10-07T13:07:20Z,414.1,29.35,NA,NA,NA,NA,NA,NA,RC,NA,2023-10-07,20835564,2023-10-07T16:07:20Z,380.95676172953085,4752,102,196,150,7.866,12:30:00,2023-10-07T15:30:00Z,350.7
SpC_RC_071023.xlsx,2023-10-07T13:07:30Z,2023-10-07T13:07:30Z,414.1,29.35,NA,NA,NA,NA,NA,NA,RC,NA,2023-10-07,20835564,2023-10-07T16:07:30Z,380.95676172953085,4752,102,196,150,7.866,12:30:00,2023-10-07T15:30:00Z,350.7
SpC_RC_071023.xlsx,2023-10-07T13:07:40Z,2023-10-07T13:07:40Z,414.1,29.34,NA,NA,NA,NA,NA,NA,RC,NA,2023-10-07,20835564,2023-10-07T16:07:40Z,381.02686786897317,4752,102,196,150,7.866,12:30:00,2023-10-07T15:30:00Z,350.7
SpC_RC_071023.xlsx,2023-10-07T13:07:50Z,2023-10-07T13:07:50Z,414.5,29.35,NA,NA,NA,NA,NA,NA,RC,NA,2023-10-07,20835564,2023-10-07T16:07:50Z,381.3247470101196,4752,102,196,150,7.866,12:30:00,2023-10-07T15:30:00Z,350.7
SpC_RC_071023.xlsx,2023-10-07T13:08:00Z,2023-10-07T13:08:00Z,414.5,29.35,NA,NA,NA,NA,NA,NA,RC,NA,2023-10-07,20835564,2023-10-07T16:08:00Z,381.3247470101196,4752,102,196,150,7.866,12:30:00,2023-10-07T15:30:00Z,350.7
SpC_RC_071023.xlsx,2023-10-07T13:08:10Z,2023-10-07T13:08:10Z,414.5,29.36,NA,NA,NA,NA,NA,NA,RC,NA,2023-10-07,20835564,2023-10-07T16:08:10Z,381.2545989698308,4752,102,196,150,7.866,12:30:00,2023-10-07T15:30:00Z,350.7
SpC_RC_071023.xlsx,2023-10-07T13:08:20Z,2023-10-07T13:08:20Z,414.5,29.36,NA,NA,NA,NA,NA,NA,RC,NA,2023-10-07,20835564,2023-10-07T16:08:20Z,381.2545989698308,4752,102,196,150,7.866,12:30:00,2023-10-07T15:30:00Z,350.7
SpC_RC_071023.xlsx,2023-10-07T13:08:30Z,2023-10-07T13:08:30Z,414.1,29.36,NA,NA,NA,NA,NA,NA,RC,NA,2023-10-07,20835564,2023-10-07T16:08:30Z,380.88668138337016,4752,102,196,150,7.866,12:30:00,2023-10-07T15:30:00Z,350.7
SpC_RC_071023.xlsx,2023-10-07T13:08:40Z,2023-10-07T13:08:40Z,414.1,29.36,NA,NA,NA,NA,NA,NA,RC,NA,2023-10-07,20835564,2023-10-07T16:08:40Z,380.88668138337016,4752,102,196,150,7.866,12:30:00,2023-10-07T15:30:00Z,350.7
SpC_RC_071023.xlsx,2023-10-07T13:08:50Z,2023-10-07T13:08:50Z,414.5,29.36,NA,NA,NA,NA,NA,NA,RC,NA,2023-10-07,20835564,2023-10-07T16:08:50Z,381.2545989698308,4752,102,196,150,7.866,12:30:00,2023-10-07T15:30:00Z,350.7
SpC_RC_071023.xlsx,2023-10-07T13:09:00Z,2023-10-07T13:09:00Z,414.1,29.36,NA,NA,NA,NA,NA,NA,RC,NA,2023-10-07,20835564,2023-10-07T16:09:00Z,380.88668138337016,4752,102,196,150,7.866,12:30:00,2023-10-07T15:30:00Z,350.7
SpC_RC_071023.xlsx,2023-10-07T13:09:10Z,2023-10-07T13:09:10Z,414.1,29.36,NA,NA,NA,NA,NA,NA,RC,NA,2023-10-07,20835564,2023-10-07T16:09:10Z,380.88668138337016,4752,102,196,150,7.866,12:30:00,2023-10-07T15:30:00Z,350.7
SpC_RC_071023.xlsx,2023-10-07T13:09:20Z,2023-10-07T13:09:20Z,414.1,29.36,NA,NA,NA,NA,NA,NA,RC,NA,2023-10-07,20835564,2023-10-07T16:09:20Z,380.88668138337016,4752,102,196,150,7.866,12:30:00,2023-10-07T15:30:00Z,350.7
SpC_RC_071023.xlsx,2023-10-07T13:09:30Z,2023-10-07T13:09:30Z,414.5,29.36,NA,NA,NA,NA,NA,NA,RC,NA,2023-10-07,20835564,2023-10-07T16:09:30Z,381.2545989698308,4752,102,196,150,7.866,12:30:00,2023-10-07T15:30:00Z,350.7
SpC_RC_071023.xlsx,2023-10-07T13:09:40Z,2023-10-07T13:09:40Z,414.1,29.36,NA,NA,NA,NA,NA,NA,RC,NA,2023-10-07,20835564,2023-10-07T16:09:40Z,380.88668138337016,4752,102,196,150,7.866,12:30:00,2023-10-07T15:30:00Z,350.7
SpC_RC_071023.xlsx,2023-10-07T13:09:50Z,2023-10-07T13:09:50Z,414.5,29.36,NA,NA,NA,NA,NA,NA,RC,NA,2023-10-07,20835564,2023-10-07T16:09:50Z,381.2545989698308,4752,102,196,150,7.866,12:30:00,2023-10-07T15:30:00Z,350.7
SpC_RC_071023.xlsx,2023-10-07T13:10:00Z,2023-10-07T13:10:00Z,414.5,29.36,NA,NA,NA,NA,NA,NA,RC,NA,2023-10-07,20835564,2023-10-07T16:10:00Z,381.2545989698308,4752,102,196,150,7.866,12:30:00,2023-10-07T15:30:00Z,350.7
SpC_RC_071023.xlsx,2023-10-07T13:10:10Z,2023-10-07T13:10:10Z,414.1,29.35,NA,NA,NA,NA,NA,NA,RC,NA,2023-10-07,20835564,2023-10-07T16:10:10Z,380.95676172953085,4752,102,196,150,7.866,12:30:00,2023-10-07T15:30:00Z,350.7
SpC_RC_071023.xlsx,2023-10-07T13:10:20Z,2023-10-07T13:10:20Z,414.5,29.37,NA,NA,NA,NA,NA,NA,RC,NA,2023-10-07,20835564,2023-10-07T16:10:20Z,381.1844767334928,4752,102,196,150,7.866,12:30:00,2023-10-07T15:30:00Z,350.7
SpC_RC_071023.xlsx,2023-10-07T13:10:30Z,2023-10-07T13:10:30Z,414.1,29.36,NA,NA,NA,NA,NA,NA,RC,NA,2023-10-07,20835564,2023-10-07T16:10:30Z,380.88668138337016,4752,102,196,150,7.866,12:30:00,2023-10-07T15:30:00Z,350.7
SpC_RC_071023.xlsx,2023-10-07T13:10:40Z,2023-10-07T13:10:40Z,414.5,29.36,NA,NA,NA,NA,NA,NA,RC,NA,2023-10-07,20835564,2023-10-07T16:10:40Z,381.2545989698308,4752,102,196,150,7.866,12:30:00,2023-10-07T15:30:00Z,350.7
SpC_RC_071023.xlsx,2023-10-07T13:10:50Z,2023-10-07T13:10:50Z,414.1,29.37,NA,NA,NA,NA,NA,NA,RC,NA,2023-10-07,20835564,2023-10-07T16:10:50Z,380.81662681625903,4752,102,196,150,7.866,12:30:00,2023-10-07T15:30:00Z,350.7
SpC_RC_071023.xlsx,2023-10-07T13:11:00Z,2023-10-07T13:11:00Z,414.90000000000003,29.37,NA,NA,NA,NA,NA,NA,RC,NA,2023-10-07,20835564,2023-10-07T16:11:00Z,381.55232665072657,4752,102,196,150,7.866,12:30:00,2023-10-07T15:30:00Z,350.7
SpC_RC_071023.xlsx,2023-10-07T13:11:10Z,2023-10-07T13:11:10Z,414.1,29.37,NA,NA,NA,NA,NA,NA,RC,NA,2023-10-07,20835564,2023-10-07T16:11:10Z,380.81662681625903,4752,102,196,150,7.866,12:30:00,2023-10-07T15:30:00Z,350.7
SpC_RC_071023.xlsx,2023-10-07T13:11:20Z,2023-10-07T13:11:20Z,414.5,29.37,NA,NA,NA,NA,NA,NA,RC,NA,2023-10-07,20835564,2023-10-07T16:11:20Z,381.1844767334928,4752,102,196,150,7.866,12:30:00,2023-10-07T15:30:00Z,350.7
SpC_RC_071023.xlsx,2023-10-07T13:11:30Z,2023-10-07T13:11:30Z,414.5,29.37,NA,NA,NA,NA,NA,NA,RC,NA,2023-10-07,20835564,2023-10-07T16:11:30Z,381.1844767334928,4752,102,196,150,7.866,12:30:00,2023-10-07T15:30:00Z,350.7
SpC_RC_071023.xlsx,2023-10-07T13:11:40Z,2023-10-07T13:11:40Z,414.1,29.37,NA,NA,NA,NA,NA,NA,RC,NA,2023-10-07,20835564,2023-10-07T16:11:40Z,380.81662681625903,4752,102,196,150,7.866,12:30:00,2023-10-07T15:30:00Z,350.7
SpC_RC_071023.xlsx,2023-10-07T13:11:50Z,2023-10-07T13:11:50Z,414.1,29.37,NA,NA,NA,NA,NA,NA,RC,NA,2023-10-07,20835564,2023-10-07T16:11:50Z,380.81662681625903,4752,102,196,150,7.866,12:30:00,2023-10-07T15:30:00Z,350.7
SpC_RC_071023.xlsx,2023-10-07T13:12:00Z,2023-10-07T13:12:00Z,414.1,29.38,NA,NA,NA,NA,NA,NA,RC,NA,2023-10-07,20835564,2023-10-07T16:12:00Z,380.74659801397576,4752,102,196,150,7.866,12:30:00,2023-10-07T15:30:00Z,350.7
SpC_RC_071023.xlsx,2023-10-07T13:12:10Z,2023-10-07T13:12:10Z,414.5,29.38,NA,NA,NA,NA,NA,NA,RC,NA,2023-10-07,20835564,2023-10-07T16:12:10Z,381.1143802868702,4752,102,196,150,7.866,12:30:00,2023-10-07T15:30:00Z,350.7
SpC_RC_071023.xlsx,2023-10-07T13:12:20Z,2023-10-07T13:12:20Z,414.1,29.37,NA,NA,NA,NA,NA,NA,RC,NA,2023-10-07,20835564,2023-10-07T16:12:20Z,380.81662681625903,4752,102,196,150,7.866,12:30:00,2023-10-07T15:30:00Z,350.7
SpC_RC_071023.xlsx,2023-10-07T13:12:30Z,2023-10-07T13:12:30Z,414.5,29.37,NA,NA,NA,NA,NA,NA,RC,NA,2023-10-07,20835564,2023-10-07T16:12:30Z,381.1844767334928,4752,102,196,150,7.866,12:30:00,2023-10-07T15:30:00Z,350.7
SpC_RC_071023.xlsx,2023-10-07T13:12:40Z,2023-10-07T13:12:40Z,414.1,29.37,NA,NA,NA,NA,NA,NA,RC,NA,2023-10-07,20835564,2023-10-07T16:12:40Z,380.81662681625903,4752,102,196,150,7.866,12:30:00,2023-10-07T15:30:00Z,350.7
SpC_RC_071023.xlsx,2023-10-07T13:12:50Z,2023-10-07T13:12:50Z,414.1,29.37,NA,NA,NA,NA,NA,NA,RC,NA,2023-10-07,20835564,2023-10-07T16:12:50Z,380.81662681625903,4752,102,196,150,7.866,12:30:00,2023-10-07T15:30:00Z,350.7
SpC_RC_071023.xlsx,2023-10-07T13:13:00Z,2023-10-07T13:13:00Z,414.5,29.37,NA,NA,NA,NA,NA,NA,RC,NA,2023-10-07,20835564,2023-10-07T16:13:00Z,381.1844767334928,4752,102,196,150,7.866,12:30:00,2023-10-07T15:30:00Z,350.7
SpC_RC_071023.xlsx,2023-10-07T13:13:10Z,2023-10-07T13:13:10Z,414.1,29.38,NA,NA,NA,NA,NA,NA,RC,NA,2023-10-07,20835564,2023-10-07T16:13:10Z,380.74659801397576,4752,102,196,150,7.866,12:30:00,2023-10-07T15:30:00Z,350.7
SpC_RC_071023.xlsx,2023-10-07T13:13:20Z,2023-10-07T13:13:20Z,414.5,29.38,NA,NA,NA,NA,NA,NA,RC,NA,2023-10-07,20835564,2023-10-07T16:13:20Z,381.1143802868702,4752,102,196,150,7.866,12:30:00,2023-10-07T15:30:00Z,350.7
SpC_RC_071023.xlsx,2023-10-07T13:13:30Z,2023-10-07T13:13:30Z,414.5,29.37,NA,NA,NA,NA,NA,NA,RC,NA,2023-10-07,20835564,2023-10-07T16:13:30Z,381.1844767334928,4752,102,196,150,7.866,12:30:00,2023-10-07T15:30:00Z,350.7
SpC_RC_071023.xlsx,2023-10-07T13:13:40Z,2023-10-07T13:13:40Z,414.5,29.38,NA,NA,NA,NA,NA,NA,RC,NA,2023-10-07,20835564,2023-10-07T16:13:40Z,381.1143802868702,4752,102,196,150,7.866,12:30:00,2023-10-07T15:30:00Z,350.7
SpC_RC_071023.xlsx,2023-10-07T13:13:50Z,2023-10-07T13:13:50Z,414.90000000000003,29.37,NA,NA,NA,NA,NA,NA,RC,NA,2023-10-07,20835564,2023-10-07T16:13:50Z,381.55232665072657,4752,102,196,150,7.866,12:30:00,2023-10-07T15:30:00Z,350.7
SpC_RC_071023.xlsx,2023-10-07T13:14:00Z,2023-10-07T13:14:00Z,414.5,29.37,NA,NA,NA,NA,NA,NA,RC,NA,2023-10-07,20835564,2023-10-07T16:14:00Z,381.1844767334928,4752,102,196,150,7.866,12:30:00,2023-10-07T15:30:00Z,350.7
SpC_RC_071023.xlsx,2023-10-07T13:14:10Z,2023-10-07T13:14:10Z,414.5,29.37,NA,NA,NA,NA,NA,NA,RC,NA,2023-10-07,20835564,2023-10-07T16:14:10Z,381.1844767334928,4752,102,196,150,7.866,12:30:00,2023-10-07T15:30:00Z,350.7
SpC_RC_071023.xlsx,2023-10-07T13:14:20Z,2023-10-07T13:14:20Z,414.5,29.38,NA,NA,NA,NA,NA,NA,RC,NA,2023-10-07,20835564,2023-10-07T16:14:20Z,381.1143802868702,4752,102,196,150,7.866,12:30:00,2023-10-07T15:30:00Z,350.7
SpC_RC_071023.xlsx,2023-10-07T13:14:30Z,2023-10-07T13:14:30Z,414.5,29.38,NA,NA,NA,NA,NA,NA,RC,NA,2023-10-07,20835564,2023-10-07T16:14:30Z,381.1143802868702,4752,102,196,150,7.866,12:30:00,2023-10-07T15:30:00Z,350.7
SpC_RC_071023.xlsx,2023-10-07T13:14:40Z,2023-10-07T13:14:40Z,414.5,29.37,NA,NA,NA,NA,NA,NA,RC,NA,2023-10-07,20835564,2023-10-07T16:14:40Z,381.1844767334928,4752,102,196,150,7.866,12:30:00,2023-10-07T15:30:00Z,350.7
SpC_RC_071023.xlsx,2023-10-07T13:14:50Z,2023-10-07T13:14:50Z,414.8,29.38,NA,NA,NA,NA,NA,NA,RC,NA,2023-10-07,20835564,2023-10-07T16:14:50Z,381.3902169915411,4752,102,196,150,7.866,12:30:00,2023-10-07T15:30:00Z,350.7
SpC_RC_071023.xlsx,2023-10-07T13:15:00Z,2023-10-07T13:15:00Z,414.5,29.38,NA,NA,NA,NA,NA,NA,RC,NA,2023-10-07,20835564,2023-10-07T16:15:00Z,381.1143802868702,4752,102,196,150,7.866,12:30:00,2023-10-07T15:30:00Z,350.7
SpC_RC_071023.xlsx,2023-10-07T13:15:10Z,2023-10-07T13:15:10Z,414.8,29.38,NA,NA,NA,NA,NA,NA,RC,NA,2023-10-07,20835564,2023-10-07T16:15:10Z,381.3902169915411,4752,102,196,150,7.866,12:30:00,2023-10-07T15:30:00Z,350.7
SpC_RC_071023.xlsx,2023-10-07T13:15:20Z,2023-10-07T13:15:20Z,414.5,29.400000000000002,NA,NA,NA,NA,NA,NA,RC,NA,2023-10-07,20835564,2023-10-07T16:15:20Z,380.9742647058823,4752,102,196,150,7.866,12:30:00,2023-10-07T15:30:00Z,350.7
SpC_RC_071023.xlsx,2023-10-07T13:15:30Z,2023-10-07T13:15:30Z,414.5,29.400000000000002,NA,NA,NA,NA,NA,NA,RC,NA,2023-10-07,20835564,2023-10-07T16:15:30Z,380.9742647058823,4752,102,196,150,7.866,12:30:00,2023-10-07T15:30:00Z,350.7
SpC_RC_071023.xlsx,2023-10-07T13:15:40Z,2023-10-07T13:15:40Z,414.5,29.38,NA,NA,NA,NA,NA,NA,RC,NA,2023-10-07,20835564,2023-10-07T16:15:40Z,381.1143802868702,4752,102,196,150,7.866,12:30:00,2023-10-07T15:30:00Z,350.7
SpC_RC_071023.xlsx,2023-10-07T13:15:50Z,2023-10-07T13:15:50Z,414.5,29.38,NA,NA,NA,NA,NA,NA,RC,NA,2023-10-07,20835564,2023-10-07T16:15:50Z,381.1143802868702,4752,102,196,150,7.866,12:30:00,2023-10-07T15:30:00Z,350.7
SpC_RC_071023.xlsx,2023-10-07T13:16:00Z,2023-10-07T13:16:00Z,414.5,29.400000000000002,NA,NA,NA,NA,NA,NA,RC,NA,2023-10-07,20835564,2023-10-07T16:16:00Z,380.9742647058823,4752,102,196,150,7.866,12:30:00,2023-10-07T15:30:00Z,350.7
SpC_RC_071023.xlsx,2023-10-07T13:16:10Z,2023-10-07T13:16:10Z,414.5,29.38,NA,NA,NA,NA,NA,NA,RC,NA,2023-10-07,20835564,2023-10-07T16:16:10Z,381.1143802868702,4752,102,196,150,7.866,12:30:00,2023-10-07T15:30:00Z,350.7
SpC_RC_071023.xlsx,2023-10-07T13:16:20Z,2023-10-07T13:16:20Z,414.8,29.400000000000002,NA,NA,NA,NA,NA,NA,RC,NA,2023-10-07,20835564,2023-10-07T16:16:20Z,381.25,4752,102,196,150,7.866,12:30:00,2023-10-07T15:30:00Z,350.7
SpC_RC_071023.xlsx,2023-10-07T13:16:30Z,2023-10-07T13:16:30Z,414.5,29.41,NA,NA,NA,NA,NA,NA,RC,NA,2023-10-07,20835564,2023-10-07T16:16:30Z,380.9042455430987,4752,102,196,150,7.866,12:30:00,2023-10-07T15:30:00Z,350.7
SpC_RC_071023.xlsx,2023-10-07T13:16:40Z,2023-10-07T13:16:40Z,414.5,29.41,NA,NA,NA,NA,NA,NA,RC,NA,2023-10-07,20835564,2023-10-07T16:16:40Z,380.9042455430987,4752,102,196,150,7.866,12:30:00,2023-10-07T15:30:00Z,350.7
SpC_RC_071023.xlsx,2023-10-07T13:16:50Z,2023-10-07T13:16:50Z,414.5,29.42,NA,NA,NA,NA,NA,NA,RC,NA,2023-10-07,20835564,2023-10-07T16:16:50Z,380.83425211319366,4752,102,196,150,7.866,12:30:00,2023-10-07T15:30:00Z,350.7
SpC_RC_071023.xlsx,2023-10-07T13:17:00Z,2023-10-07T13:17:00Z,414.8,29.41,NA,NA,NA,NA,NA,NA,RC,NA,2023-10-07,20835564,2023-10-07T16:17:00Z,381.1799301598971,4752,102,196,150,7.866,12:30:00,2023-10-07T15:30:00Z,350.7
SpC_RC_071023.xlsx,2023-10-07T13:17:10Z,2023-10-07T13:17:10Z,414.8,29.41,NA,NA,NA,NA,NA,NA,RC,NA,2023-10-07,20835564,2023-10-07T16:17:10Z,381.1799301598971,4752,102,196,150,7.866,12:30:00,2023-10-07T15:30:00Z,350.7
SpC_RC_071023.xlsx,2023-10-07T13:17:20Z,2023-10-07T13:17:20Z,414.8,29.41,NA,NA,NA,NA,NA,NA,RC,NA,2023-10-07,20835564,2023-10-07T16:17:20Z,381.1799301598971,4752,102,196,150,7.866,12:30:00,2023-10-07T15:30:00Z,350.7
SpC_RC_071023.xlsx,2023-10-07T13:17:30Z,2023-10-07T13:17:30Z,414.8,29.41,NA,NA,NA,NA,NA,NA,RC,NA,2023-10-07,20835564,2023-10-07T16:17:30Z,381.1799301598971,4752,102,196,150,7.866,12:30:00,2023-10-07T15:30:00Z,350.7
SpC_RC_071023.xlsx,2023-10-07T13:17:40Z,2023-10-07T13:17:40Z,414.8,29.42,NA,NA,NA,NA,NA,NA,RC,NA,2023-10-07,20835564,2023-10-07T16:17:40Z,381.1098860712973,4752,102,196,150,7.866,12:30:00,2023-10-07T15:30:00Z,350.7
SpC_RC_071023.xlsx,2023-10-07T13:17:50Z,2023-10-07T13:17:50Z,414.5,29.42,NA,NA,NA,NA,NA,NA,RC,NA,2023-10-07,20835564,2023-10-07T16:17:50Z,380.83425211319366,4752,102,196,150,7.866,12:30:00,2023-10-07T15:30:00Z,350.7
SpC_RC_071023.xlsx,2023-10-07T13:18:00Z,2023-10-07T13:18:00Z,414.8,29.42,NA,NA,NA,NA,NA,NA,RC,NA,2023-10-07,20835564,2023-10-07T16:18:00Z,381.1098860712973,4752,102,196,150,7.866,12:30:00,2023-10-07T15:30:00Z,350.7
SpC_RC_071023.xlsx,2023-10-07T13:18:10Z,2023-10-07T13:18:10Z,414.8,29.41,NA,NA,NA,NA,NA,NA,RC,NA,2023-10-07,20835564,2023-10-07T16:18:10Z,381.1799301598971,4752,102,196,150,7.866,12:30:00,2023-10-07T15:30:00Z,350.7
SpC_RC_071023.xlsx,2023-10-07T13:18:20Z,2023-10-07T13:18:20Z,414.8,29.42,NA,NA,NA,NA,NA,NA,RC,NA,2023-10-07,20835564,2023-10-07T16:18:20Z,381.1098860712973,4752,102,196,150,7.866,12:30:00,2023-10-07T15:30:00Z,350.7
SpC_RC_071023.xlsx,2023-10-07T13:18:30Z,2023-10-07T13:18:30Z,414.8,29.42,NA,NA,NA,NA,NA,NA,RC,NA,2023-10-07,20835564,2023-10-07T16:18:30Z,381.1098860712973,4752,102,196,150,7.866,12:30:00,2023-10-07T15:30:00Z,350.7
SpC_RC_071023.xlsx,2023-10-07T13:18:40Z,2023-10-07T13:18:40Z,414.8,29.43,NA,NA,NA,NA,NA,NA,RC,NA,2023-10-07,20835564,2023-10-07T16:18:40Z,381.03986772000735,4752,102,196,150,7.866,12:30:00,2023-10-07T15:30:00Z,350.7
SpC_RC_071023.xlsx,2023-10-07T13:18:50Z,2023-10-07T13:18:50Z,414.8,29.43,NA,NA,NA,NA,NA,NA,RC,NA,2023-10-07,20835564,2023-10-07T16:18:50Z,381.03986772000735,4752,102,196,150,7.866,12:30:00,2023-10-07T15:30:00Z,350.7
SpC_RC_071023.xlsx,2023-10-07T13:19:00Z,2023-10-07T13:19:00Z,414.8,29.42,NA,NA,NA,NA,NA,NA,RC,NA,2023-10-07,20835564,2023-10-07T16:19:00Z,381.1098860712973,4752,102,196,150,7.866,12:30:00,2023-10-07T15:30:00Z,350.7
SpC_RC_071023.xlsx,2023-10-07T13:19:10Z,2023-10-07T13:19:10Z,414.8,29.42,NA,NA,NA,NA,NA,NA,RC,NA,2023-10-07,20835564,2023-10-07T16:19:10Z,381.1098860712973,4752,102,196,150,7.866,12:30:00,2023-10-07T15:30:00Z,350.7
SpC_RC_071023.xlsx,2023-10-07T13:19:20Z,2023-10-07T13:19:20Z,414.8,29.43,NA,NA,NA,NA,NA,NA,RC,NA,2023-10-07,20835564,2023-10-07T16:19:20Z,381.03986772000735,4752,102,196,150,7.866,12:30:00,2023-10-07T15:30:00Z,350.7
SpC_RC_071023.xlsx,2023-10-07T13:19:30Z,2023-10-07T13:19:30Z,414.8,29.42,NA,NA,NA,NA,NA,NA,RC,NA,2023-10-07,20835564,2023-10-07T16:19:30Z,381.1098860712973,4752,102,196,150,7.866,12:30:00,2023-10-07T15:30:00Z,350.7
SpC_RC_071023.xlsx,2023-10-07T13:19:40Z,2023-10-07T13:19:40Z,414.8,29.43,NA,NA,NA,NA,NA,NA,RC,NA,2023-10-07,20835564,2023-10-07T16:19:40Z,381.03986772000735,4752,102,196,150,7.866,12:30:00,2023-10-07T15:30:00Z,350.7
SpC_RC_071023.xlsx,2023-10-07T13:19:50Z,2023-10-07T13:19:50Z,414.8,29.43,NA,NA,NA,NA,NA,NA,RC,NA,2023-10-07,20835564,2023-10-07T16:19:50Z,381.03986772000735,4752,102,196,150,7.866,12:30:00,2023-10-07T15:30:00Z,350.7
SpC_RC_071023.xlsx,2023-10-07T13:20:00Z,2023-10-07T13:20:00Z,414.8,29.43,NA,NA,NA,NA,NA,NA,RC,NA,2023-10-07,20835564,2023-10-07T16:20:00Z,381.03986772000735,4752,102,196,150,7.866,12:30:00,2023-10-07T15:30:00Z,350.7
SpC_RC_071023.xlsx,2023-10-07T13:20:10Z,2023-10-07T13:20:10Z,414.8,29.43,NA,NA,NA,NA,NA,NA,RC,NA,2023-10-07,20835564,2023-10-07T16:20:10Z,381.03986772000735,4752,102,196,150,7.866,12:30:00,2023-10-07T15:30:00Z,350.7
SpC_RC_071023.xlsx,2023-10-07T13:20:20Z,2023-10-07T13:20:20Z,414.8,29.43,NA,NA,NA,NA,NA,NA,RC,NA,2023-10-07,20835564,2023-10-07T16:20:20Z,381.03986772000735,4752,102,196,150,7.866,12:30:00,2023-10-07T15:30:00Z,350.7
SpC_RC_071023.xlsx,2023-10-07T13:20:30Z,2023-10-07T13:20:30Z,414.8,29.43,NA,NA,NA,NA,NA,NA,RC,NA,2023-10-07,20835564,2023-10-07T16:20:30Z,381.03986772000735,4752,102,196,150,7.866,12:30:00,2023-10-07T15:30:00Z,350.7
SpC_RC_071023.xlsx,2023-10-07T13:20:40Z,2023-10-07T13:20:40Z,414.8,29.45,NA,NA,NA,NA,NA,NA,RC,NA,2023-10-07,20835564,2023-10-07T16:20:40Z,380.8999081726355,4752,102,196,150,7.866,12:30:00,2023-10-07T15:30:00Z,350.7
SpC_RC_071023.xlsx,2023-10-07T13:20:50Z,2023-10-07T13:20:50Z,414.8,29.43,NA,NA,NA,NA,NA,NA,RC,NA,2023-10-07,20835564,2023-10-07T16:20:50Z,381.03986772000735,4752,102,196,150,7.866,12:30:00,2023-10-07T15:30:00Z,350.7
SpC_RC_071023.xlsx,2023-10-07T13:21:00Z,2023-10-07T13:21:00Z,414.8,29.45,NA,NA,NA,NA,NA,NA,RC,NA,2023-10-07,20835564,2023-10-07T16:21:00Z,380.8999081726355,4752,102,196,150,7.866,12:30:00,2023-10-07T15:30:00Z,350.7
SpC_RC_071023.xlsx,2023-10-07T13:21:10Z,2023-10-07T13:21:10Z,414.8,29.45,NA,NA,NA,NA,NA,NA,RC,NA,2023-10-07,20835564,2023-10-07T16:21:10Z,380.8999081726355,4752,102,196,150,7.866,12:30:00,2023-10-07T15:30:00Z,350.7
SpC_RC_071023.xlsx,2023-10-07T13:21:20Z,2023-10-07T13:21:20Z,414.8,29.45,NA,NA,NA,NA,NA,NA,RC,NA,2023-10-07,20835564,2023-10-07T16:21:20Z,380.8999081726355,4752,102,196,150,7.866,12:30:00,2023-10-07T15:30:00Z,350.7
SpC_RC_071023.xlsx,2023-10-07T13:21:30Z,2023-10-07T13:21:30Z,414.8,29.45,NA,NA,NA,NA,NA,NA,RC,NA,2023-10-07,20835564,2023-10-07T16:21:30Z,380.8999081726355,4752,102,196,150,7.866,12:30:00,2023-10-07T15:30:00Z,350.7
SpC_RC_071023.xlsx,2023-10-07T13:21:40Z,2023-10-07T13:21:40Z,414.8,29.46,NA,NA,NA,NA,NA,NA,RC,NA,2023-10-07,20835564,2023-10-07T16:21:40Z,380.8299669482189,4752,102,196,150,7.866,12:30:00,2023-10-07T15:30:00Z,350.7
SpC_RC_071023.xlsx,2023-10-07T13:21:50Z,2023-10-07T13:21:50Z,414.8,29.45,NA,NA,NA,NA,NA,NA,RC,NA,2023-10-07,20835564,2023-10-07T16:21:50Z,380.8999081726355,4752,102,196,150,7.866,12:30:00,2023-10-07T15:30:00Z,350.7
SpC_RC_071023.xlsx,2023-10-07T13:22:00Z,2023-10-07T13:22:00Z,414.8,29.46,NA,NA,NA,NA,NA,NA,RC,NA,2023-10-07,20835564,2023-10-07T16:22:00Z,380.8299669482189,4752,102,196,150,7.866,12:30:00,2023-10-07T15:30:00Z,350.7
SpC_RC_071023.xlsx,2023-10-07T13:22:10Z,2023-10-07T13:22:10Z,414.8,29.45,NA,NA,NA,NA,NA,NA,RC,NA,2023-10-07,20835564,2023-10-07T16:22:10Z,380.8999081726355,4752,102,196,150,7.866,12:30:00,2023-10-07T15:30:00Z,350.7
SpC_RC_071023.xlsx,2023-10-07T13:22:20Z,2023-10-07T13:22:20Z,414.8,29.46,NA,NA,NA,NA,NA,NA,RC,NA,2023-10-07,20835564,2023-10-07T16:22:20Z,380.8299669482189,4752,102,196,150,7.866,12:30:00,2023-10-07T15:30:00Z,350.7
SpC_RC_071023.xlsx,2023-10-07T13:22:30Z,2023-10-07T13:22:30Z,414.8,29.46,NA,NA,NA,NA,NA,NA,RC,NA,2023-10-07,20835564,2023-10-07T16:22:30Z,380.8299669482189,4752,102,196,150,7.866,12:30:00,2023-10-07T15:30:00Z,350.7
SpC_RC_071023.xlsx,2023-10-07T13:22:40Z,2023-10-07T13:22:40Z,414.8,29.46,NA,NA,NA,NA,NA,NA,RC,NA,2023-10-07,20835564,2023-10-07T16:22:40Z,380.8299669482189,4752,102,196,150,7.866,12:30:00,2023-10-07T15:30:00Z,350.7
SpC_RC_071023.xlsx,2023-10-07T13:22:50Z,2023-10-07T13:22:50Z,414.8,29.46,NA,NA,NA,NA,NA,NA,RC,NA,2023-10-07,20835564,2023-10-07T16:22:50Z,380.8299669482189,4752,102,196,150,7.866,12:30:00,2023-10-07T15:30:00Z,350.7
SpC_RC_071023.xlsx,2023-10-07T13:23:00Z,2023-10-07T13:23:00Z,414.8,29.46,NA,NA,NA,NA,NA,NA,RC,NA,2023-10-07,20835564,2023-10-07T16:23:00Z,380.8299669482189,4752,102,196,150,7.866,12:30:00,2023-10-07T15:30:00Z,350.7
SpC_RC_071023.xlsx,2023-10-07T13:23:10Z,2023-10-07T13:23:10Z,414.8,29.47,NA,NA,NA,NA,NA,NA,RC,NA,2023-10-07,20835564,2023-10-07T16:23:10Z,380.76005140444283,4752,102,196,150,7.866,12:30:00,2023-10-07T15:30:00Z,350.7
SpC_RC_071023.xlsx,2023-10-07T13:23:20Z,2023-10-07T13:23:20Z,414.8,29.47,NA,NA,NA,NA,NA,NA,RC,NA,2023-10-07,20835564,2023-10-07T16:23:20Z,380.76005140444283,4752,102,196,150,7.866,12:30:00,2023-10-07T15:30:00Z,350.7
SpC_RC_071023.xlsx,2023-10-07T13:23:30Z,2023-10-07T13:23:30Z,414.8,29.46,NA,NA,NA,NA,NA,NA,RC,NA,2023-10-07,20835564,2023-10-07T16:23:30Z,380.8299669482189,4752,102,196,150,7.866,12:30:00,2023-10-07T15:30:00Z,350.7
SpC_RC_071023.xlsx,2023-10-07T13:23:40Z,2023-10-07T13:23:40Z,414.8,29.46,NA,NA,NA,NA,NA,NA,RC,NA,2023-10-07,20835564,2023-10-07T16:23:40Z,380.8299669482189,4752,102,196,150,7.866,12:30:00,2023-10-07T15:30:00Z,350.7
SpC_RC_071023.xlsx,2023-10-07T13:23:50Z,2023-10-07T13:23:50Z,415.20000000000005,29.47,NA,NA,NA,NA,NA,NA,RC,NA,2023-10-07,20835564,2023-10-07T16:23:50Z,381.12722599596117,4752,102,196,150,7.866,12:30:00,2023-10-07T15:30:00Z,350.7
SpC_RC_071023.xlsx,2023-10-07T13:24:00Z,2023-10-07T13:24:00Z,414.8,29.47,NA,NA,NA,NA,NA,NA,RC,NA,2023-10-07,20835564,2023-10-07T16:24:00Z,380.76005140444283,4752,102,196,150,7.866,12:30:00,2023-10-07T15:30:00Z,350.7
SpC_RC_071023.xlsx,2023-10-07T13:24:10Z,2023-10-07T13:24:10Z,414.8,29.47,NA,NA,NA,NA,NA,NA,RC,NA,2023-10-07,20835564,2023-10-07T16:24:10Z,380.76005140444283,4752,102,196,150,7.866,12:30:00,2023-10-07T15:30:00Z,350.7
SpC_RC_071023.xlsx,2023-10-07T13:24:20Z,2023-10-07T13:24:20Z,415.20000000000005,29.47,NA,NA,NA,NA,NA,NA,RC,NA,2023-10-07,20835564,2023-10-07T16:24:20Z,381.12722599596117,4752,102,196,150,7.866,12:30:00,2023-10-07T15:30:00Z,350.7
SpC_RC_071023.xlsx,2023-10-07T13:24:30Z,2023-10-07T13:24:30Z,414.8,29.47,NA,NA,NA,NA,NA,NA,RC,NA,2023-10-07,20835564,2023-10-07T16:24:30Z,380.76005140444283,4752,102,196,150,7.866,12:30:00,2023-10-07T15:30:00Z,350.7
SpC_RC_071023.xlsx,2023-10-07T13:24:40Z,2023-10-07T13:24:40Z,414.8,29.48,NA,NA,NA,NA,NA,NA,RC,NA,2023-10-07,20835564,2023-10-07T16:24:40Z,380.69016152716597,4752,102,196,150,7.866,12:30:00,2023-10-07T15:30:00Z,350.7
SpC_RC_071023.xlsx,2023-10-07T13:24:50Z,2023-10-07T13:24:50Z,414.8,29.48,NA,NA,NA,NA,NA,NA,RC,NA,2023-10-07,20835564,2023-10-07T16:24:50Z,380.69016152716597,4752,102,196,150,7.866,12:30:00,2023-10-07T15:30:00Z,350.7
SpC_RC_071023.xlsx,2023-10-07T13:25:00Z,2023-10-07T13:25:00Z,414.8,29.47,NA,NA,NA,NA,NA,NA,RC,NA,2023-10-07,20835564,2023-10-07T16:25:00Z,380.76005140444283,4752,102,196,150,7.866,12:30:00,2023-10-07T15:30:00Z,350.7
SpC_RC_071023.xlsx,2023-10-07T13:25:10Z,2023-10-07T13:25:10Z,415.20000000000005,29.47,NA,NA,NA,NA,NA,NA,RC,NA,2023-10-07,20835564,2023-10-07T16:25:10Z,381.12722599596117,4752,102,196,150,7.866,12:30:00,2023-10-07T15:30:00Z,350.7
SpC_RC_071023.xlsx,2023-10-07T13:25:20Z,2023-10-07T13:25:20Z,415.6,29.490000000000002,NA,NA,NA,NA,NA,NA,RC,NA,2023-10-07,20835564,2023-10-07T16:25:20Z,381.35437694989906,4752,102,196,150,7.866,12:30:00,2023-10-07T15:30:00Z,350.7
SpC_RC_071023.xlsx,2023-10-07T13:25:30Z,2023-10-07T13:25:30Z,415.20000000000005,29.490000000000002,NA,NA,NA,NA,NA,NA,RC,NA,2023-10-07,20835564,2023-10-07T16:25:30Z,380.98733712607816,4752,102,196,150,7.866,12:30:00,2023-10-07T15:30:00Z,350.7
SpC_RC_071023.xlsx,2023-10-07T13:25:40Z,2023-10-07T13:25:40Z,414.8,29.47,NA,NA,NA,NA,NA,NA,RC,NA,2023-10-07,20835564,2023-10-07T16:25:40Z,380.76005140444283,4752,102,196,150,7.866,12:30:00,2023-10-07T15:30:00Z,350.7
SpC_RC_071023.xlsx,2023-10-07T13:25:50Z,2023-10-07T13:25:50Z,415.20000000000005,29.48,NA,NA,NA,NA,NA,NA,RC,NA,2023-10-07,20835564,2023-10-07T16:25:50Z,381.05726872246703,4752,102,196,150,7.866,12:30:00,2023-10-07T15:30:00Z,350.7
SpC_RC_071023.xlsx,2023-10-07T13:26:00Z,2023-10-07T13:26:00Z,414.8,29.48,NA,NA,NA,NA,NA,NA,RC,NA,2023-10-07,20835564,2023-10-07T16:26:00Z,380.69016152716597,4752,102,196,150,7.866,12:30:00,2023-10-07T15:30:00Z,350.7
SpC_RC_071023.xlsx,2023-10-07T13:26:10Z,2023-10-07T13:26:10Z,414.8,29.48,NA,NA,NA,NA,NA,NA,RC,NA,2023-10-07,20835564,2023-10-07T16:26:10Z,380.69016152716597,4752,102,196,150,7.866,12:30:00,2023-10-07T15:30:00Z,350.7
SpC_RC_071023.xlsx,2023-10-07T13:26:20Z,2023-10-07T13:26:20Z,414.8,29.48,NA,NA,NA,NA,NA,NA,RC,NA,2023-10-07,20835564,2023-10-07T16:26:20Z,380.69016152716597,4752,102,196,150,7.866,12:30:00,2023-10-07T15:30:00Z,350.7
SpC_RC_071023.xlsx,2023-10-07T13:26:30Z,2023-10-07T13:26:30Z,414.8,29.490000000000002,NA,NA,NA,NA,NA,NA,RC,NA,2023-10-07,20835564,2023-10-07T16:26:30Z,380.62029730225726,4752,102,196,150,7.866,12:30:00,2023-10-07T15:30:00Z,350.7
SpC_RC_071023.xlsx,2023-10-07T13:26:40Z,2023-10-07T13:26:40Z,415.20000000000005,29.490000000000002,NA,NA,NA,NA,NA,NA,RC,NA,2023-10-07,20835564,2023-10-07T16:26:40Z,380.98733712607816,4752,102,196,150,7.866,12:30:00,2023-10-07T15:30:00Z,350.7
SpC_RC_071023.xlsx,2023-10-07T13:26:50Z,2023-10-07T13:26:50Z,414.8,29.490000000000002,NA,NA,NA,NA,NA,NA,RC,NA,2023-10-07,20835564,2023-10-07T16:26:50Z,380.62029730225726,4752,102,196,150,7.866,12:30:00,2023-10-07T15:30:00Z,350.7
SpC_RC_071023.xlsx,2023-10-07T13:27:00Z,2023-10-07T13:27:00Z,415.6,29.490000000000002,NA,NA,NA,NA,NA,NA,RC,NA,2023-10-07,20835564,2023-10-07T16:27:00Z,381.35437694989906,4752,102,196,150,7.866,12:30:00,2023-10-07T15:30:00Z,350.7
SpC_RC_071023.xlsx,2023-10-07T13:27:10Z,2023-10-07T13:27:10Z,415.20000000000005,29.490000000000002,NA,NA,NA,NA,NA,NA,RC,NA,2023-10-07,20835564,2023-10-07T16:27:10Z,380.98733712607816,4752,102,196,150,7.866,12:30:00,2023-10-07T15:30:00Z,350.7
SpC_RC_071023.xlsx,2023-10-07T13:27:20Z,2023-10-07T13:27:20Z,415.6,29.490000000000002,NA,NA,NA,NA,NA,NA,RC,NA,2023-10-07,20835564,2023-10-07T16:27:20Z,381.35437694989906,4752,102,196,150,7.866,12:30:00,2023-10-07T15:30:00Z,350.7
SpC_RC_071023.xlsx,2023-10-07T13:27:30Z,2023-10-07T13:27:30Z,415.20000000000005,29.490000000000002,NA,NA,NA,NA,NA,NA,RC,NA,2023-10-07,20835564,2023-10-07T16:27:30Z,380.98733712607816,4752,102,196,150,7.866,12:30:00,2023-10-07T15:30:00Z,350.7
SpC_RC_071023.xlsx,2023-10-07T13:27:40Z,2023-10-07T13:27:40Z,414.8,29.490000000000002,NA,NA,NA,NA,NA,NA,RC,NA,2023-10-07,20835564,2023-10-07T16:27:40Z,380.62029730225726,4752,102,196,150,7.866,12:30:00,2023-10-07T15:30:00Z,350.7
SpC_RC_071023.xlsx,2023-10-07T13:27:50Z,2023-10-07T13:27:50Z,415.20000000000005,29.490000000000002,NA,NA,NA,NA,NA,NA,RC,NA,2023-10-07,20835564,2023-10-07T16:27:50Z,380.98733712607816,4752,102,196,150,7.866,12:30:00,2023-10-07T15:30:00Z,350.7
SpC_RC_071023.xlsx,2023-10-07T13:28:00Z,2023-10-07T13:28:00Z,415.20000000000005,29.48,NA,NA,NA,NA,NA,NA,RC,NA,2023-10-07,20835564,2023-10-07T16:28:00Z,381.05726872246703,4752,102,196,150,7.866,12:30:00,2023-10-07T15:30:00Z,350.7
SpC_RC_071023.xlsx,2023-10-07T13:28:10Z,2023-10-07T13:28:10Z,415.5,29.51,NA,NA,NA,NA,NA,NA,RC,NA,2023-10-07,20835564,2023-10-07T16:28:10Z,381.12272977435333,4752,102,196,150,7.866,12:30:00,2023-10-07T15:30:00Z,350.7
SpC_RC_071023.xlsx,2023-10-07T13:28:20Z,2023-10-07T13:28:20Z,415.6,29.490000000000002,NA,NA,NA,NA,NA,NA,RC,NA,2023-10-07,20835564,2023-10-07T16:28:20Z,381.35437694989906,4752,102,196,150,7.866,12:30:00,2023-10-07T15:30:00Z,350.7
SpC_RC_071023.xlsx,2023-10-07T13:28:30Z,2023-10-07T13:28:30Z,415.20000000000005,29.490000000000002,NA,NA,NA,NA,NA,NA,RC,NA,2023-10-07,20835564,2023-10-07T16:28:30Z,380.98733712607816,4752,102,196,150,7.866,12:30:00,2023-10-07T15:30:00Z,350.7
SpC_RC_071023.xlsx,2023-10-07T13:28:40Z,2023-10-07T13:28:40Z,415.5,29.51,NA,NA,NA,NA,NA,NA,RC,NA,2023-10-07,20835564,2023-10-07T16:28:40Z,381.12272977435333,4752,102,196,150,7.866,12:30:00,2023-10-07T15:30:00Z,350.7
SpC_RC_071023.xlsx,2023-10-07T13:28:50Z,2023-10-07T13:28:50Z,415.6,29.490000000000002,NA,NA,NA,NA,NA,NA,RC,NA,2023-10-07,20835564,2023-10-07T16:28:50Z,381.35437694989906,4752,102,196,150,7.866,12:30:00,2023-10-07T15:30:00Z,350.7
SpC_RC_071023.xlsx,2023-10-07T13:29:00Z,2023-10-07T13:29:00Z,415.20000000000005,29.51,NA,NA,NA,NA,NA,NA,RC,NA,2023-10-07,20835564,2023-10-07T16:29:00Z,380.8475509080903,4752,102,196,150,7.866,12:30:00,2023-10-07T15:30:00Z,350.7
SpC_RC_071023.xlsx,2023-10-07T13:29:10Z,2023-10-07T13:29:10Z,415.6,29.490000000000002,NA,NA,NA,NA,NA,NA,RC,NA,2023-10-07,20835564,2023-10-07T16:29:10Z,381.35437694989906,4752,102,196,150,7.866,12:30:00,2023-10-07T15:30:00Z,350.7
SpC_RC_071023.xlsx,2023-10-07T13:29:20Z,2023-10-07T13:29:20Z,415.5,29.51,NA,NA,NA,NA,NA,NA,RC,NA,2023-10-07,20835564,2023-10-07T16:29:20Z,381.12272977435333,4752,102,196,150,7.866,12:30:00,2023-10-07T15:30:00Z,350.7
SpC_RC_071023.xlsx,2023-10-07T13:29:30Z,2023-10-07T13:29:30Z,415.5,29.51,NA,NA,NA,NA,NA,NA,RC,NA,2023-10-07,20835564,2023-10-07T16:29:30Z,381.12272977435333,4752,102,196,150,7.866,12:30:00,2023-10-07T15:30:00Z,350.7
SpC_RC_071023.xlsx,2023-10-07T13:29:40Z,2023-10-07T13:29:40Z,415.6,29.490000000000002,NA,NA,NA,NA,NA,NA,RC,NA,2023-10-07,20835564,2023-10-07T16:29:40Z,381.35437694989906,4752,102,196,150,7.866,12:30:00,2023-10-07T15:30:00Z,350.7
SpC_RC_071023.xlsx,2023-10-07T13:29:50Z,2023-10-07T13:29:50Z,415.20000000000005,29.51,NA,NA,NA,NA,NA,NA,RC,NA,2023-10-07,20835564,2023-10-07T16:29:50Z,380.8475509080903,4752,102,196,150,7.866,12:30:00,2023-10-07T15:30:00Z,350.7
SpC_RC_071023.xlsx,2023-10-07T13:30:00Z,2023-10-07T13:30:00Z,415.6,29.490000000000002,NA,NA,NA,NA,NA,NA,RC,NA,2023-10-07,20835564,2023-10-07T16:30:00Z,381.35437694989906,4752,102,196,150,7.866,12:30:00,2023-10-07T15:30:00Z,350.7
SpC_RC_071023.xlsx,2023-10-07T13:30:10Z,2023-10-07T13:30:10Z,415.20000000000005,29.490000000000002,NA,NA,NA,NA,NA,NA,RC,NA,2023-10-07,20835564,2023-10-07T16:30:10Z,380.98733712607816,4752,102,196,150,7.866,12:30:00,2023-10-07T15:30:00Z,350.7
SpC_RC_071023.xlsx,2023-10-07T13:30:20Z,2023-10-07T13:30:20Z,415.5,29.51,NA,NA,NA,NA,NA,NA,RC,NA,2023-10-07,20835564,2023-10-07T16:30:20Z,381.12272977435333,4752,102,196,150,7.866,12:30:00,2023-10-07T15:30:00Z,350.7
SpC_RC_071023.xlsx,2023-10-07T13:30:30Z,2023-10-07T13:30:30Z,415.5,29.51,NA,NA,NA,NA,NA,NA,RC,NA,2023-10-07,20835564,2023-10-07T16:30:30Z,381.12272977435333,4752,102,196,150,7.866,12:30:00,2023-10-07T15:30:00Z,350.7
SpC_RC_071023.xlsx,2023-10-07T13:30:40Z,2023-10-07T13:30:40Z,415.5,29.51,NA,NA,NA,NA,NA,NA,RC,NA,2023-10-07,20835564,2023-10-07T16:30:40Z,381.12272977435333,4752,102,196,150,7.866,12:30:00,2023-10-07T15:30:00Z,350.7
SpC_RC_071023.xlsx,2023-10-07T13:30:50Z,2023-10-07T13:30:50Z,415.5,29.52,NA,NA,NA,NA,NA,NA,RC,NA,2023-10-07,20835564,2023-10-07T16:30:50Z,381.052824651504,4752,102,196,150,7.866,12:30:00,2023-10-07T15:30:00Z,350.7
SpC_RC_071023.xlsx,2023-10-07T13:31:00Z,2023-10-07T13:31:00Z,415.5,29.51,NA,NA,NA,NA,NA,NA,RC,NA,2023-10-07,20835564,2023-10-07T16:31:00Z,381.12272977435333,4752,102,196,150,7.866,12:30:00,2023-10-07T15:30:00Z,350.7
SpC_RC_071023.xlsx,2023-10-07T13:31:10Z,2023-10-07T13:31:10Z,415.5,29.51,NA,NA,NA,NA,NA,NA,RC,NA,2023-10-07,20835564,2023-10-07T16:31:10Z,381.12272977435333,4752,102,196,150,7.866,12:30:00,2023-10-07T15:30:00Z,350.7
SpC_RC_071023.xlsx,2023-10-07T13:31:20Z,2023-10-07T13:31:20Z,415.5,29.51,NA,NA,NA,NA,NA,NA,RC,NA,2023-10-07,20835564,2023-10-07T16:31:20Z,381.12272977435333,4752,102,196,150,7.866,12:30:00,2023-10-07T15:30:00Z,350.7
SpC_RC_071023.xlsx,2023-10-07T13:31:30Z,2023-10-07T13:31:30Z,415.5,29.51,NA,NA,NA,NA,NA,NA,RC,NA,2023-10-07,20835564,2023-10-07T16:31:30Z,381.12272977435333,4752,102,196,150,7.866,12:30:00,2023-10-07T15:30:00Z,350.7
SpC_RC_071023.xlsx,2023-10-07T13:31:40Z,2023-10-07T13:31:40Z,415.5,29.51,NA,NA,NA,NA,NA,NA,RC,NA,2023-10-07,20835564,2023-10-07T16:31:40Z,381.12272977435333,4752,102,196,150,7.866,12:30:00,2023-10-07T15:30:00Z,350.7
SpC_RC_071023.xlsx,2023-10-07T13:31:50Z,2023-10-07T13:31:50Z,415.5,29.52,NA,NA,NA,NA,NA,NA,RC,NA,2023-10-07,20835564,2023-10-07T16:31:50Z,381.052824651504,4752,102,196,150,7.866,12:30:00,2023-10-07T15:30:00Z,350.7
SpC_RC_071023.xlsx,2023-10-07T13:32:00Z,2023-10-07T13:32:00Z,415.5,29.52,NA,NA,NA,NA,NA,NA,RC,NA,2023-10-07,20835564,2023-10-07T16:32:00Z,381.052824651504,4752,102,196,150,7.866,12:30:00,2023-10-07T15:30:00Z,350.7
SpC_RC_071023.xlsx,2023-10-07T13:32:10Z,2023-10-07T13:32:10Z,415.5,29.52,NA,NA,NA,NA,NA,NA,RC,NA,2023-10-07,20835564,2023-10-07T16:32:10Z,381.052824651504,4752,102,196,150,7.866,12:30:00,2023-10-07T15:30:00Z,350.7
SpC_RC_071023.xlsx,2023-10-07T13:32:20Z,2023-10-07T13:32:20Z,415.5,29.52,NA,NA,NA,NA,NA,NA,RC,NA,2023-10-07,20835564,2023-10-07T16:32:20Z,381.052824651504,4752,102,196,150,7.866,12:30:00,2023-10-07T15:30:00Z,350.7
SpC_RC_071023.xlsx,2023-10-07T13:32:30Z,2023-10-07T13:32:30Z,415.90000000000003,29.53,NA,NA,NA,NA,NA,NA,RC,NA,2023-10-07,20835564,2023-10-07T16:32:30Z,381.34971575279667,4752,102,196,150,7.866,12:30:00,2023-10-07T15:30:00Z,350.7
SpC_RC_071023.xlsx,2023-10-07T13:32:40Z,2023-10-07T13:32:40Z,415.5,29.52,NA,NA,NA,NA,NA,NA,RC,NA,2023-10-07,20835564,2023-10-07T16:32:40Z,381.052824651504,4752,102,196,150,7.866,12:30:00,2023-10-07T15:30:00Z,350.7
SpC_RC_071023.xlsx,2023-10-07T13:32:50Z,2023-10-07T13:32:50Z,415.5,29.52,NA,NA,NA,NA,NA,NA,RC,NA,2023-10-07,20835564,2023-10-07T16:32:50Z,381.052824651504,4752,102,196,150,7.866,12:30:00,2023-10-07T15:30:00Z,350.7
SpC_RC_071023.xlsx,2023-10-07T13:33:00Z,2023-10-07T13:33:00Z,415.5,29.53,NA,NA,NA,NA,NA,NA,RC,NA,2023-10-07,20835564,2023-10-07T16:33:00Z,380.98294516779754,4752,102,196,150,7.866,12:30:00,2023-10-07T15:30:00Z,350.7
SpC_RC_071023.xlsx,2023-10-07T13:33:10Z,2023-10-07T13:33:10Z,415.5,29.53,NA,NA,NA,NA,NA,NA,RC,NA,2023-10-07,20835564,2023-10-07T16:33:10Z,380.98294516779754,4752,102,196,150,7.866,12:30:00,2023-10-07T15:30:00Z,350.7
SpC_RC_071023.xlsx,2023-10-07T13:33:20Z,2023-10-07T13:33:20Z,415.90000000000003,29.53,NA,NA,NA,NA,NA,NA,RC,NA,2023-10-07,20835564,2023-10-07T16:33:20Z,381.34971575279667,4752,102,196,150,7.866,12:30:00,2023-10-07T15:30:00Z,350.7
SpC_RC_071023.xlsx,2023-10-07T13:33:30Z,2023-10-07T13:33:30Z,415.5,29.53,NA,NA,NA,NA,NA,NA,RC,NA,2023-10-07,20835564,2023-10-07T16:33:30Z,380.98294516779754,4752,102,196,150,7.866,12:30:00,2023-10-07T15:30:00Z,350.7
SpC_RC_071023.xlsx,2023-10-07T13:33:40Z,2023-10-07T13:33:40Z,415.5,29.53,NA,NA,NA,NA,NA,NA,RC,NA,2023-10-07,20835564,2023-10-07T16:33:40Z,380.98294516779754,4752,102,196,150,7.866,12:30:00,2023-10-07T15:30:00Z,350.7
SpC_RC_071023.xlsx,2023-10-07T13:33:50Z,2023-10-07T13:33:50Z,415.5,29.53,NA,NA,NA,NA,NA,NA,RC,NA,2023-10-07,20835564,2023-10-07T16:33:50Z,380.98294516779754,4752,102,196,150,7.866,12:30:00,2023-10-07T15:30:00Z,350.7
SpC_RC_071023.xlsx,2023-10-07T13:34:00Z,2023-10-07T13:34:00Z,415.5,29.53,NA,NA,NA,NA,NA,NA,RC,NA,2023-10-07,20835564,2023-10-07T16:34:00Z,380.98294516779754,4752,102,196,150,7.866,12:30:00,2023-10-07T15:30:00Z,350.7
SpC_RC_071023.xlsx,2023-10-07T13:34:10Z,2023-10-07T13:34:10Z,415.90000000000003,29.53,NA,NA,NA,NA,NA,NA,RC,NA,2023-10-07,20835564,2023-10-07T16:34:10Z,381.34971575279667,4752,102,196,150,7.866,12:30:00,2023-10-07T15:30:00Z,350.7
SpC_RC_071023.xlsx,2023-10-07T13:34:20Z,2023-10-07T13:34:20Z,415.90000000000003,29.53,NA,NA,NA,NA,NA,NA,RC,NA,2023-10-07,20835564,2023-10-07T16:34:20Z,381.34971575279667,4752,102,196,150,7.866,12:30:00,2023-10-07T15:30:00Z,350.7
SpC_RC_071023.xlsx,2023-10-07T13:34:30Z,2023-10-07T13:34:30Z,415.90000000000003,29.53,NA,NA,NA,NA,NA,NA,RC,NA,2023-10-07,20835564,2023-10-07T16:34:30Z,381.34971575279667,4752,102,196,150,7.866,12:30:00,2023-10-07T15:30:00Z,350.7
SpC_RC_071023.xlsx,2023-10-07T13:34:40Z,2023-10-07T13:34:40Z,415.5,29.53,NA,NA,NA,NA,NA,NA,RC,NA,2023-10-07,20835564,2023-10-07T16:34:40Z,380.98294516779754,4752,102,196,150,7.866,12:30:00,2023-10-07T15:30:00Z,350.7
SpC_RC_071023.xlsx,2023-10-07T13:34:50Z,2023-10-07T13:34:50Z,415.90000000000003,29.54,NA,NA,NA,NA,NA,NA,RC,NA,2023-10-07,20835564,2023-10-07T16:34:50Z,381.27979464613134,4752,102,196,150,7.866,12:30:00,2023-10-07T15:30:00Z,350.7
SpC_RC_071023.xlsx,2023-10-07T13:35:00Z,2023-10-07T13:35:00Z,415.5,29.53,NA,NA,NA,NA,NA,NA,RC,NA,2023-10-07,20835564,2023-10-07T16:35:00Z,380.98294516779754,4752,102,196,150,7.866,12:30:00,2023-10-07T15:30:00Z,350.7
SpC_RC_071023.xlsx,2023-10-07T13:35:10Z,2023-10-07T13:35:10Z,415.5,29.54,NA,NA,NA,NA,NA,NA,RC,NA,2023-10-07,20835564,2023-10-07T16:35:10Z,380.9130913091309,4752,102,196,150,7.866,12:30:00,2023-10-07T15:30:00Z,350.7
SpC_RC_071023.xlsx,2023-10-07T13:35:20Z,2023-10-07T13:35:20Z,415.5,29.54,NA,NA,NA,NA,NA,NA,RC,NA,2023-10-07,20835564,2023-10-07T16:35:20Z,380.9130913091309,4752,102,196,150,7.866,12:30:00,2023-10-07T15:30:00Z,350.7
SpC_RC_071023.xlsx,2023-10-07T13:35:30Z,2023-10-07T13:35:30Z,415.90000000000003,29.54,NA,NA,NA,NA,NA,NA,RC,NA,2023-10-07,20835564,2023-10-07T16:35:30Z,381.27979464613134,4752,102,196,150,7.866,12:30:00,2023-10-07T15:30:00Z,350.7
SpC_RC_071023.xlsx,2023-10-07T13:35:40Z,2023-10-07T13:35:40Z,415.90000000000003,29.54,NA,NA,NA,NA,NA,NA,RC,NA,2023-10-07,20835564,2023-10-07T16:35:40Z,381.27979464613134,4752,102,196,150,7.866,12:30:00,2023-10-07T15:30:00Z,350.7
SpC_RC_071023.xlsx,2023-10-07T13:35:50Z,2023-10-07T13:35:50Z,415.90000000000003,29.54,NA,NA,NA,NA,NA,NA,RC,NA,2023-10-07,20835564,2023-10-07T16:35:50Z,381.27979464613134,4752,102,196,150,7.866,12:30:00,2023-10-07T15:30:00Z,350.7
SpC_RC_071023.xlsx,2023-10-07T13:36:00Z,2023-10-07T13:36:00Z,415.90000000000003,29.54,NA,NA,NA,NA,NA,NA,RC,NA,2023-10-07,20835564,2023-10-07T16:36:00Z,381.27979464613134,4752,102,196,150,7.866,12:30:00,2023-10-07T15:30:00Z,350.7
SpC_RC_071023.xlsx,2023-10-07T13:36:10Z,2023-10-07T13:36:10Z,415.5,29.55,NA,NA,NA,NA,NA,NA,RC,NA,2023-10-07,20835564,2023-10-07T16:36:10Z,380.84326306141156,4752,102,196,150,7.866,12:30:00,2023-10-07T15:30:00Z,350.7
SpC_RC_071023.xlsx,2023-10-07T13:36:20Z,2023-10-07T13:36:20Z,415.90000000000003,29.55,NA,NA,NA,NA,NA,NA,RC,NA,2023-10-07,20835564,2023-10-07T16:36:20Z,381.2098991750688,4752,102,196,150,7.866,12:30:00,2023-10-07T15:30:00Z,350.7
SpC_RC_071023.xlsx,2023-10-07T13:36:30Z,2023-10-07T13:36:30Z,415.90000000000003,29.55,NA,NA,NA,NA,NA,NA,RC,NA,2023-10-07,20835564,2023-10-07T16:36:30Z,381.2098991750688,4752,102,196,150,7.866,12:30:00,2023-10-07T15:30:00Z,350.7
SpC_RC_071023.xlsx,2023-10-07T13:36:40Z,2023-10-07T13:36:40Z,415.90000000000003,29.55,NA,NA,NA,NA,NA,NA,RC,NA,2023-10-07,20835564,2023-10-07T16:36:40Z,381.2098991750688,4752,102,196,150,7.866,12:30:00,2023-10-07T15:30:00Z,350.7
SpC_RC_071023.xlsx,2023-10-07T13:36:50Z,2023-10-07T13:36:50Z,415.90000000000003,29.55,NA,NA,NA,NA,NA,NA,RC,NA,2023-10-07,20835564,2023-10-07T16:36:50Z,381.2098991750688,4752,102,196,150,7.866,12:30:00,2023-10-07T15:30:00Z,350.7
SpC_RC_071023.xlsx,2023-10-07T13:37:00Z,2023-10-07T13:37:00Z,415.90000000000003,29.55,NA,NA,NA,NA,NA,NA,RC,NA,2023-10-07,20835564,2023-10-07T16:37:00Z,381.2098991750688,4752,102,196,150,7.866,12:30:00,2023-10-07T15:30:00Z,350.7
SpC_RC_071023.xlsx,2023-10-07T13:37:10Z,2023-10-07T13:37:10Z,415.90000000000003,29.55,NA,NA,NA,NA,NA,NA,RC,NA,2023-10-07,20835564,2023-10-07T16:37:10Z,381.2098991750688,4752,102,196,150,7.866,12:30:00,2023-10-07T15:30:00Z,350.7
SpC_RC_071023.xlsx,2023-10-07T13:37:20Z,2023-10-07T13:37:20Z,415.90000000000003,29.55,NA,NA,NA,NA,NA,NA,RC,NA,2023-10-07,20835564,2023-10-07T16:37:20Z,381.2098991750688,4752,102,196,150,7.866,12:30:00,2023-10-07T15:30:00Z,350.7
SpC_RC_071023.xlsx,2023-10-07T13:37:30Z,2023-10-07T13:37:30Z,415.90000000000003,29.55,NA,NA,NA,NA,NA,NA,RC,NA,2023-10-07,20835564,2023-10-07T16:37:30Z,381.2098991750688,4752,102,196,150,7.866,12:30:00,2023-10-07T15:30:00Z,350.7
SpC_RC_071023.xlsx,2023-10-07T13:37:40Z,2023-10-07T13:37:40Z,415.90000000000003,29.55,NA,NA,NA,NA,NA,NA,RC,NA,2023-10-07,20835564,2023-10-07T16:37:40Z,381.2098991750688,4752,102,196,150,7.866,12:30:00,2023-10-07T15:30:00Z,350.7
SpC_RC_071023.xlsx,2023-10-07T13:37:50Z,2023-10-07T13:37:50Z,415.90000000000003,29.57,NA,NA,NA,NA,NA,NA,RC,NA,2023-10-07,20835564,2023-10-07T16:37:50Z,381.0701850833792,4752,102,196,150,7.866,12:30:00,2023-10-07T15:30:00Z,350.7
SpC_RC_071023.xlsx,2023-10-07T13:38:00Z,2023-10-07T13:38:00Z,415.90000000000003,29.57,NA,NA,NA,NA,NA,NA,RC,NA,2023-10-07,20835564,2023-10-07T16:38:00Z,381.0701850833792,4752,102,196,150,7.866,12:30:00,2023-10-07T15:30:00Z,350.7
SpC_RC_071023.xlsx,2023-10-07T13:38:10Z,2023-10-07T13:38:10Z,415.90000000000003,29.57,NA,NA,NA,NA,NA,NA,RC,NA,2023-10-07,20835564,2023-10-07T16:38:10Z,381.0701850833792,4752,102,196,150,7.866,12:30:00,2023-10-07T15:30:00Z,350.7
SpC_RC_071023.xlsx,2023-10-07T13:38:20Z,2023-10-07T13:38:20Z,415.90000000000003,29.57,NA,NA,NA,NA,NA,NA,RC,NA,2023-10-07,20835564,2023-10-07T16:38:20Z,381.0701850833792,4752,102,196,150,7.866,12:30:00,2023-10-07T15:30:00Z,350.7
SpC_RC_071023.xlsx,2023-10-07T13:38:30Z,2023-10-07T13:38:30Z,415.90000000000003,29.57,NA,NA,NA,NA,NA,NA,RC,NA,2023-10-07,20835564,2023-10-07T16:38:30Z,381.0701850833792,4752,102,196,150,7.866,12:30:00,2023-10-07T15:30:00Z,350.7
SpC_RC_071023.xlsx,2023-10-07T13:38:40Z,2023-10-07T13:38:40Z,415.90000000000003,29.57,NA,NA,NA,NA,NA,NA,RC,NA,2023-10-07,20835564,2023-10-07T16:38:40Z,381.0701850833792,4752,102,196,150,7.866,12:30:00,2023-10-07T15:30:00Z,350.7
SpC_RC_071023.xlsx,2023-10-07T13:38:50Z,2023-10-07T13:38:50Z,415.90000000000003,29.57,NA,NA,NA,NA,NA,NA,RC,NA,2023-10-07,20835564,2023-10-07T16:38:50Z,381.0701850833792,4752,102,196,150,7.866,12:30:00,2023-10-07T15:30:00Z,350.7
SpC_RC_071023.xlsx,2023-10-07T13:39:00Z,2023-10-07T13:39:00Z,415.90000000000003,29.57,NA,NA,NA,NA,NA,NA,RC,NA,2023-10-07,20835564,2023-10-07T16:39:00Z,381.0701850833792,4752,102,196,150,7.866,12:30:00,2023-10-07T15:30:00Z,350.7
SpC_RC_071023.xlsx,2023-10-07T13:39:10Z,2023-10-07T13:39:10Z,415.90000000000003,29.57,NA,NA,NA,NA,NA,NA,RC,NA,2023-10-07,20835564,2023-10-07T16:39:10Z,381.0701850833792,4752,102,196,150,7.866,12:30:00,2023-10-07T15:30:00Z,350.7
SpC_RC_071023.xlsx,2023-10-07T13:39:20Z,2023-10-07T13:39:20Z,415.90000000000003,29.57,NA,NA,NA,NA,NA,NA,RC,NA,2023-10-07,20835564,2023-10-07T16:39:20Z,381.0701850833792,4752,102,196,150,7.866,12:30:00,2023-10-07T15:30:00Z,350.7
SpC_RC_071023.xlsx,2023-10-07T13:39:30Z,2023-10-07T13:39:30Z,416.3,29.57,NA,NA,NA,NA,NA,NA,RC,NA,2023-10-07,20835564,2023-10-07T16:39:30Z,381.43668682426244,4752,102,196,150,7.866,12:30:00,2023-10-07T15:30:00Z,350.7
SpC_RC_071023.xlsx,2023-10-07T13:39:40Z,2023-10-07T13:39:40Z,416.3,29.57,NA,NA,NA,NA,NA,NA,RC,NA,2023-10-07,20835564,2023-10-07T16:39:40Z,381.43668682426244,4752,102,196,150,7.866,12:30:00,2023-10-07T15:30:00Z,350.7
SpC_RC_071023.xlsx,2023-10-07T13:39:50Z,2023-10-07T13:39:50Z,416.3,29.580000000000002,NA,NA,NA,NA,NA,NA,RC,NA,2023-10-07,20835564,2023-10-07T16:39:50Z,381.36680102601684,4752,102,196,150,7.866,12:30:00,2023-10-07T15:30:00Z,350.7
SpC_RC_071023.xlsx,2023-10-07T13:40:00Z,2023-10-07T13:40:00Z,415.90000000000003,29.55,NA,NA,NA,NA,NA,NA,RC,NA,2023-10-07,20835564,2023-10-07T16:40:00Z,381.2098991750688,4752,102,196,150,7.866,12:30:00,2023-10-07T15:30:00Z,350.7
SpC_RC_071023.xlsx,2023-10-07T13:40:10Z,2023-10-07T13:40:10Z,415.90000000000003,29.57,NA,NA,NA,NA,NA,NA,RC,NA,2023-10-07,20835564,2023-10-07T16:40:10Z,381.0701850833792,4752,102,196,150,7.866,12:30:00,2023-10-07T15:30:00Z,350.7
SpC_RC_071023.xlsx,2023-10-07T13:40:20Z,2023-10-07T13:40:20Z,416.3,29.57,NA,NA,NA,NA,NA,NA,RC,NA,2023-10-07,20835564,2023-10-07T16:40:20Z,381.43668682426244,4752,102,196,150,7.866,12:30:00,2023-10-07T15:30:00Z,350.7
SpC_RC_071023.xlsx,2023-10-07T13:40:30Z,2023-10-07T13:40:30Z,415.90000000000003,29.57,NA,NA,NA,NA,NA,NA,RC,NA,2023-10-07,20835564,2023-10-07T16:40:30Z,381.0701850833792,4752,102,196,150,7.866,12:30:00,2023-10-07T15:30:00Z,350.7
SpC_RC_071023.xlsx,2023-10-07T13:40:40Z,2023-10-07T13:40:40Z,416.3,29.580000000000002,NA,NA,NA,NA,NA,NA,RC,NA,2023-10-07,20835564,2023-10-07T16:40:40Z,381.36680102601684,4752,102,196,150,7.866,12:30:00,2023-10-07T15:30:00Z,350.7
