source_file,date_raw,time_raw,full_range_uscm,temp_c,spc_calculated_uscm,coupler_detached,coupler_attached,host_connected,stopped,end_of_file,stream,station,date,logger_serial,datetime,spc_uscm,nacl_mass_g,amonium_added_g,phophate_added_g,reach_length_m,reach_mean_width_m,addition_time,addition_datetime,background_spc
SpC_RS_111023.xlsx,2023-10-11T11:36:10Z,2023-10-11T11:36:10Z,433.70000000000005,28.14,1,NA,NA,NA,NA,NA,RS,NA,2023-10-11,20835561,2023-10-11T14:36:10Z,408.07301467820855,10448,484,924,408,6.96,11:40:40,2023-10-11T14:40:40Z,368.4
SpC_RS_111023.xlsx,2023-10-11T11:36:20Z,2023-10-11T11:36:20Z,433,27.98,1,NA,NA,NA,NA,NA,RS,NA,2023-10-11,20835561,2023-10-11T14:36:20Z,408.644771611929,10448,484,924,408,6.96,11:40:40,2023-10-11T14:40:40Z,368.4
SpC_RS_111023.xlsx,2023-10-11T11:36:30Z,2023-10-11T11:36:30Z,432.6,27.900000000000002,1,NA,NA,NA,NA,NA,RS,NA,2023-10-11,20835561,2023-10-11T14:36:30Z,408.88468809073726,10448,484,924,408,6.96,11:40:40,2023-10-11T14:40:40Z,368.4
SpC_RS_111023.xlsx,2023-10-11T11:36:40Z,2023-10-11T11:36:40Z,432.6,27.900000000000002,1,NA,NA,NA,NA,NA,RS,NA,2023-10-11,20835561,2023-10-11T14:36:40Z,408.88468809073726,10448,484,924,408,6.96,11:40:40,2023-10-11T14:40:40Z,368.4
SpC_RS_111023.xlsx,2023-10-11T11:36:50Z,2023-10-11T11:36:50Z,433,27.900000000000002,1,NA,NA,NA,NA,NA,RS,NA,2023-10-11,20835561,2023-10-11T14:36:50Z,409.2627599243856,10448,484,924,408,6.96,11:40:40,2023-10-11T14:40:40Z,368.4
SpC_RS_111023.xlsx,2023-10-11T11:37:00Z,2023-10-11T11:37:00Z,432.6,27.87,1,NA,NA,NA,NA,NA,RS,NA,2023-10-11,20835561,2023-10-11T14:37:00Z,409.11670134291654,10448,484,924,408,6.96,11:40:40,2023-10-11T14:40:40Z,368.4
SpC_RS_111023.xlsx,2023-10-11T11:37:10Z,2023-10-11T11:37:10Z,431.90000000000003,27.740000000000002,1,NA,NA,NA,NA,NA,RS,NA,2023-10-11,20835561,2023-10-11T14:37:10Z,409.4615092908609,10448,484,924,408,6.96,11:40:40,2023-10-11T14:40:40Z,368.4
SpC_RS_111023.xlsx,2023-10-11T11:37:20Z,2023-10-11T11:37:20Z,431.90000000000003,27.73,1,NA,NA,NA,NA,NA,RS,NA,2023-10-11,20835561,2023-10-11T14:37:20Z,409.5391617674948,10448,484,924,408,6.96,11:40:40,2023-10-11T14:40:40Z,368.4
SpC_RS_111023.xlsx,2023-10-11T11:37:30Z,2023-10-11T11:37:30Z,432.3,27.740000000000002,1,NA,NA,NA,NA,NA,RS,NA,2023-10-11,20835561,2023-10-11T14:37:30Z,409.8407281001138,10448,484,924,408,6.96,11:40:40,2023-10-11T14:40:40Z,368.4
SpC_RS_111023.xlsx,2023-10-11T11:37:40Z,2023-10-11T11:37:40Z,431.90000000000003,27.68,1,NA,NA,NA,NA,NA,RS,NA,2023-10-11,20835561,2023-10-11T14:37:40Z,409.9278663629461,10448,484,924,408,6.96,11:40:40,2023-10-11T14:40:40Z,368.4
SpC_RS_111023.xlsx,2023-10-11T11:37:50Z,2023-10-11T11:37:50Z,431.90000000000003,27.73,1,NA,NA,NA,NA,NA,RS,NA,2023-10-11,20835561,2023-10-11T14:37:50Z,409.5391617674948,10448,484,924,408,6.96,11:40:40,2023-10-11T14:40:40Z,368.4
SpC_RS_111023.xlsx,2023-10-11T11:38:00Z,2023-10-11T11:38:00Z,432.70000000000005,27.75,1,NA,NA,NA,NA,NA,RS,NA,2023-10-11,20835561,2023-10-11T14:38:00Z,410.1421800947868,10448,484,924,408,6.96,11:40:40,2023-10-11T14:40:40Z,368.4
SpC_RS_111023.xlsx,2023-10-11T11:38:10Z,2023-10-11T11:38:10Z,431.90000000000003,27.7,1,NA,NA,NA,NA,NA,RS,NA,2023-10-11,20835561,2023-10-11T14:38:10Z,409.7722960151803,10448,484,924,408,6.96,11:40:40,2023-10-11T14:40:40Z,368.4
SpC_RS_111023.xlsx,2023-10-11T11:38:20Z,2023-10-11T11:38:20Z,431.90000000000003,27.69,1,NA,NA,NA,NA,NA,RS,NA,2023-10-11,20835561,2023-10-11T14:38:20Z,409.85006642626684,10448,484,924,408,6.96,11:40:40,2023-10-11T14:40:40Z,368.4
SpC_RS_111023.xlsx,2023-10-11T11:38:30Z,2023-10-11T11:38:30Z,431.90000000000003,27.7,1,NA,NA,NA,NA,NA,RS,NA,2023-10-11,20835561,2023-10-11T14:38:30Z,409.7722960151803,10448,484,924,408,6.96,11:40:40,2023-10-11T14:40:40Z,368.4
SpC_RS_111023.xlsx,2023-10-11T11:38:40Z,2023-10-11T11:38:40Z,431.90000000000003,27.7,1,NA,NA,NA,NA,NA,RS,NA,2023-10-11,20835561,2023-10-11T14:38:40Z,409.7722960151803,10448,484,924,408,6.96,11:40:40,2023-10-11T14:40:40Z,368.4
SpC_RS_111023.xlsx,2023-10-11T11:38:50Z,2023-10-11T11:38:50Z,431.90000000000003,27.7,1,NA,NA,NA,NA,NA,RS,NA,2023-10-11,20835561,2023-10-11T14:38:50Z,409.7722960151803,10448,484,924,408,6.96,11:40:40,2023-10-11T14:40:40Z,368.4
SpC_RS_111023.xlsx,2023-10-11T11:39:00Z,2023-10-11T11:39:00Z,431.5,27.64,1,NA,NA,NA,NA,NA,RS,NA,2023-10-11,20835561,2023-10-11T14:39:00Z,409.8594224924012,10448,484,924,408,6.96,11:40:40,2023-10-11T14:40:40Z,368.4
SpC_RS_111023.xlsx,2023-10-11T11:39:10Z,2023-10-11T11:39:10Z,431.90000000000003,27.650000000000002,1,NA,NA,NA,NA,NA,RS,NA,2023-10-11,20835561,2023-10-11T14:39:10Z,410.1614434947769,10448,484,924,408,6.96,11:40:40,2023-10-11T14:40:40Z,368.4
SpC_RS_111023.xlsx,2023-10-11T11:39:20Z,2023-10-11T11:39:20Z,431.90000000000003,27.650000000000002,1,NA,NA,NA,NA,NA,RS,NA,2023-10-11,20835561,2023-10-11T14:39:20Z,410.1614434947769,10448,484,924,408,6.96,11:40:40,2023-10-11T14:40:40Z,368.4
SpC_RS_111023.xlsx,2023-10-11T11:39:30Z,2023-10-11T11:39:30Z,431.5,27.64,1,NA,NA,NA,NA,NA,RS,NA,2023-10-11,20835561,2023-10-11T14:39:30Z,409.8594224924012,10448,484,924,408,6.96,11:40:40,2023-10-11T14:40:40Z,368.4
SpC_RS_111023.xlsx,2023-10-11T11:39:40Z,2023-10-11T11:39:40Z,431.90000000000003,27.64,1,NA,NA,NA,NA,NA,RS,NA,2023-10-11,20835561,2023-10-11T14:39:40Z,410.2393617021277,10448,484,924,408,6.96,11:40:40,2023-10-11T14:40:40Z,368.4
SpC_RS_111023.xlsx,2023-10-11T11:39:50Z,2023-10-11T11:39:50Z,431.5,27.64,1,NA,NA,NA,NA,NA,RS,NA,2023-10-11,20835561,2023-10-11T14:39:50Z,409.8594224924012,10448,484,924,408,6.96,11:40:40,2023-10-11T14:40:40Z,368.4
SpC_RS_111023.xlsx,2023-10-11T11:40:00Z,2023-10-11T11:40:00Z,431.6,27.63,1,NA,NA,NA,NA,NA,RS,NA,2023-10-11,20835561,2023-10-11T14:40:00Z,410.0323009690291,10448,484,924,408,6.96,11:40:40,2023-10-11T14:40:40Z,368.4
SpC_RS_111023.xlsx,2023-10-11T11:40:10Z,2023-10-11T11:40:10Z,431.5,27.64,1,NA,NA,NA,NA,NA,RS,NA,2023-10-11,20835561,2023-10-11T14:40:10Z,409.8594224924012,10448,484,924,408,6.96,11:40:40,2023-10-11T14:40:40Z,368.4
SpC_RS_111023.xlsx,2023-10-11T11:40:20Z,2023-10-11T11:40:20Z,431.5,27.64,1,NA,NA,NA,NA,NA,RS,NA,2023-10-11,20835561,2023-10-11T14:40:20Z,409.8594224924012,10448,484,924,408,6.96,11:40:40,2023-10-11T14:40:40Z,368.4
SpC_RS_111023.xlsx,2023-10-11T11:40:30Z,2023-10-11T11:40:30Z,431.5,27.64,1,NA,NA,NA,NA,NA,RS,NA,2023-10-11,20835561,2023-10-11T14:40:30Z,409.8594224924012,10448,484,924,408,6.96,11:40:40,2023-10-11T14:40:40Z,368.4
SpC_RS_111023.xlsx,2023-10-11T11:40:40Z,2023-10-11T11:40:40Z,431.6,27.63,1,NA,NA,NA,NA,NA,RS,NA,2023-10-11,20835561,2023-10-11T14:40:40Z,410.0323009690291,10448,484,924,408,6.96,11:40:40,2023-10-11T14:40:40Z,368.4
SpC_RS_111023.xlsx,2023-10-11T11:40:50Z,2023-10-11T11:40:50Z,431.6,27.63,1,NA,NA,NA,NA,NA,RS,NA,2023-10-11,20835561,2023-10-11T14:40:50Z,410.0323009690291,10448,484,924,408,6.96,11:40:40,2023-10-11T14:40:40Z,368.4
SpC_RS_111023.xlsx,2023-10-11T11:41:00Z,2023-10-11T11:41:00Z,431.6,27.63,1,NA,NA,NA,NA,NA,RS,NA,2023-10-11,20835561,2023-10-11T14:41:00Z,410.0323009690291,10448,484,924,408,6.96,11:40:40,2023-10-11T14:40:40Z,368.4
SpC_RS_111023.xlsx,2023-10-11T11:41:10Z,2023-10-11T11:41:10Z,431.6,27.62,1,NA,NA,NA,NA,NA,RS,NA,2023-10-11,20835561,2023-10-11T14:41:10Z,410.11022424933486,10448,484,924,408,6.96,11:40:40,2023-10-11T14:40:40Z,368.4
SpC_RS_111023.xlsx,2023-10-11T11:41:20Z,2023-10-11T11:41:20Z,431.6,27.63,1,NA,NA,NA,NA,NA,RS,NA,2023-10-11,20835561,2023-10-11T14:41:20Z,410.0323009690291,10448,484,924,408,6.96,11:40:40,2023-10-11T14:40:40Z,368.4
SpC_RS_111023.xlsx,2023-10-11T11:41:30Z,2023-10-11T11:41:30Z,431.20000000000005,27.62,1,NA,NA,NA,NA,NA,RS,NA,2023-10-11,20835561,2023-10-11T14:41:30Z,409.7301406309389,10448,484,924,408,6.96,11:40:40,2023-10-11T14:40:40Z,368.4
SpC_RS_111023.xlsx,2023-10-11T11:41:40Z,2023-10-11T11:41:40Z,431.20000000000005,27.62,1,NA,NA,NA,NA,NA,RS,NA,2023-10-11,20835561,2023-10-11T14:41:40Z,409.7301406309389,10448,484,924,408,6.96,11:40:40,2023-10-11T14:40:40Z,368.4
SpC_RS_111023.xlsx,2023-10-11T11:41:50Z,2023-10-11T11:41:50Z,431.20000000000005,27.62,1,NA,NA,NA,NA,NA,RS,NA,2023-10-11,20835561,2023-10-11T14:41:50Z,409.7301406309389,10448,484,924,408,6.96,11:40:40,2023-10-11T14:40:40Z,368.4
SpC_RS_111023.xlsx,2023-10-11T11:42:00Z,2023-10-11T11:42:00Z,431.20000000000005,27.62,1,NA,NA,NA,NA,NA,RS,NA,2023-10-11,20835561,2023-10-11T14:42:00Z,409.7301406309389,10448,484,924,408,6.96,11:40:40,2023-10-11T14:40:40Z,368.4
SpC_RS_111023.xlsx,2023-10-11T11:42:10Z,2023-10-11T11:42:10Z,431.20000000000005,27.62,1,NA,NA,NA,NA,NA,RS,NA,2023-10-11,20835561,2023-10-11T14:42:10Z,409.7301406309389,10448,484,924,408,6.96,11:40:40,2023-10-11T14:40:40Z,368.4
SpC_RS_111023.xlsx,2023-10-11T11:42:20Z,2023-10-11T11:42:20Z,431.20000000000005,27.6,1,NA,NA,NA,NA,NA,RS,NA,2023-10-11,20835561,2023-10-11T14:42:20Z,409.8859315589354,10448,484,924,408,6.96,11:40:40,2023-10-11T14:40:40Z,368.4
SpC_RS_111023.xlsx,2023-10-11T11:42:30Z,2023-10-11T11:42:30Z,431.20000000000005,27.6,1,NA,NA,NA,NA,NA,RS,NA,2023-10-11,20835561,2023-10-11T14:42:30Z,409.8859315589354,10448,484,924,408,6.96,11:40:40,2023-10-11T14:40:40Z,368.4
SpC_RS_111023.xlsx,2023-10-11T11:42:40Z,2023-10-11T11:42:40Z,431.6,27.6,1,NA,NA,NA,NA,NA,RS,NA,2023-10-11,20835561,2023-10-11T14:42:40Z,410.2661596958175,10448,484,924,408,6.96,11:40:40,2023-10-11T14:40:40Z,368.4
SpC_RS_111023.xlsx,2023-10-11T11:42:50Z,2023-10-11T11:42:50Z,431.20000000000005,27.62,1,NA,NA,NA,NA,NA,RS,NA,2023-10-11,20835561,2023-10-11T14:42:50Z,409.7301406309389,10448,484,924,408,6.96,11:40:40,2023-10-11T14:40:40Z,368.4
SpC_RS_111023.xlsx,2023-10-11T11:43:00Z,2023-10-11T11:43:00Z,431.20000000000005,27.62,1,NA,NA,NA,NA,NA,RS,NA,2023-10-11,20835561,2023-10-11T14:43:00Z,409.7301406309389,10448,484,924,408,6.96,11:40:40,2023-10-11T14:40:40Z,368.4
SpC_RS_111023.xlsx,2023-10-11T11:43:10Z,2023-10-11T11:43:10Z,431.20000000000005,27.62,1,NA,NA,NA,NA,NA,RS,NA,2023-10-11,20835561,2023-10-11T14:43:10Z,409.7301406309389,10448,484,924,408,6.96,11:40:40,2023-10-11T14:40:40Z,368.4
SpC_RS_111023.xlsx,2023-10-11T11:43:20Z,2023-10-11T11:43:20Z,431.6,27.6,1,NA,NA,NA,NA,NA,RS,NA,2023-10-11,20835561,2023-10-11T14:43:20Z,410.2661596958175,10448,484,924,408,6.96,11:40:40,2023-10-11T14:40:40Z,368.4
SpC_RS_111023.xlsx,2023-10-11T11:43:30Z,2023-10-11T11:43:30Z,431.20000000000005,27.6,1,NA,NA,NA,NA,NA,RS,NA,2023-10-11,20835561,2023-10-11T14:43:30Z,409.8859315589354,10448,484,924,408,6.96,11:40:40,2023-10-11T14:40:40Z,368.4
SpC_RS_111023.xlsx,2023-10-11T11:43:40Z,2023-10-11T11:43:40Z,431.20000000000005,27.62,1,NA,NA,NA,NA,NA,RS,NA,2023-10-11,20835561,2023-10-11T14:43:40Z,409.7301406309389,10448,484,924,408,6.96,11:40:40,2023-10-11T14:40:40Z,368.4
SpC_RS_111023.xlsx,2023-10-11T11:43:50Z,2023-10-11T11:43:50Z,431.20000000000005,27.62,1,NA,NA,NA,NA,NA,RS,NA,2023-10-11,20835561,2023-10-11T14:43:50Z,409.7301406309389,10448,484,924,408,6.96,11:40:40,2023-10-11T14:40:40Z,368.4
SpC_RS_111023.xlsx,2023-10-11T11:44:00Z,2023-10-11T11:44:00Z,431.20000000000005,27.62,1,NA,NA,NA,NA,NA,RS,NA,2023-10-11,20835561,2023-10-11T14:44:00Z,409.7301406309389,10448,484,924,408,6.96,11:40:40,2023-10-11T14:40:40Z,368.4
SpC_RS_111023.xlsx,2023-10-11T11:44:10Z,2023-10-11T11:44:10Z,431.20000000000005,27.62,1,NA,NA,NA,NA,NA,RS,NA,2023-10-11,20835561,2023-10-11T14:44:10Z,409.7301406309389,10448,484,924,408,6.96,11:40:40,2023-10-11T14:40:40Z,368.4
SpC_RS_111023.xlsx,2023-10-11T11:44:20Z,2023-10-11T11:44:20Z,431.20000000000005,27.62,1,NA,NA,NA,NA,NA,RS,NA,2023-10-11,20835561,2023-10-11T14:44:20Z,409.7301406309389,10448,484,924,408,6.96,11:40:40,2023-10-11T14:40:40Z,368.4
SpC_RS_111023.xlsx,2023-10-11T11:44:30Z,2023-10-11T11:44:30Z,431.20000000000005,27.62,1,NA,NA,NA,NA,NA,RS,NA,2023-10-11,20835561,2023-10-11T14:44:30Z,409.7301406309389,10448,484,924,408,6.96,11:40:40,2023-10-11T14:40:40Z,368.4
SpC_RS_111023.xlsx,2023-10-11T11:44:40Z,2023-10-11T11:44:40Z,431.20000000000005,27.62,1,NA,NA,NA,NA,NA,RS,NA,2023-10-11,20835561,2023-10-11T14:44:40Z,409.7301406309389,10448,484,924,408,6.96,11:40:40,2023-10-11T14:40:40Z,368.4
SpC_RS_111023.xlsx,2023-10-11T11:44:50Z,2023-10-11T11:44:50Z,431.20000000000005,27.62,1,NA,NA,NA,NA,NA,RS,NA,2023-10-11,20835561,2023-10-11T14:44:50Z,409.7301406309389,10448,484,924,408,6.96,11:40:40,2023-10-11T14:40:40Z,368.4
SpC_RS_111023.xlsx,2023-10-11T11:45:00Z,2023-10-11T11:45:00Z,431.20000000000005,27.62,1,NA,NA,NA,NA,NA,RS,NA,2023-10-11,20835561,2023-10-11T14:45:00Z,409.7301406309389,10448,484,924,408,6.96,11:40:40,2023-10-11T14:40:40Z,368.4
SpC_RS_111023.xlsx,2023-10-11T11:45:10Z,2023-10-11T11:45:10Z,431.6,27.62,1,NA,NA,NA,NA,NA,RS,NA,2023-10-11,20835561,2023-10-11T14:45:10Z,410.11022424933486,10448,484,924,408,6.96,11:40:40,2023-10-11T14:40:40Z,368.4
SpC_RS_111023.xlsx,2023-10-11T11:45:20Z,2023-10-11T11:45:20Z,431.20000000000005,27.62,1,NA,NA,NA,NA,NA,RS,NA,2023-10-11,20835561,2023-10-11T14:45:20Z,409.7301406309389,10448,484,924,408,6.96,11:40:40,2023-10-11T14:40:40Z,368.4
SpC_RS_111023.xlsx,2023-10-11T11:45:30Z,2023-10-11T11:45:30Z,431.20000000000005,27.62,1,NA,NA,NA,NA,NA,RS,NA,2023-10-11,20835561,2023-10-11T14:45:30Z,409.7301406309389,10448,484,924,408,6.96,11:40:40,2023-10-11T14:40:40Z,368.4
SpC_RS_111023.xlsx,2023-10-11T11:45:40Z,2023-10-11T11:45:40Z,431.20000000000005,27.62,1,NA,NA,NA,NA,NA,RS,NA,2023-10-11,20835561,2023-10-11T14:45:40Z,409.7301406309389,10448,484,924,408,6.96,11:40:40,2023-10-11T14:40:40Z,368.4
SpC_RS_111023.xlsx,2023-10-11T11:45:50Z,2023-10-11T11:45:50Z,431.20000000000005,27.62,1,NA,NA,NA,NA,NA,RS,NA,2023-10-11,20835561,2023-10-11T14:45:50Z,409.7301406309389,10448,484,924,408,6.96,11:40:40,2023-10-11T14:40:40Z,368.4
SpC_RS_111023.xlsx,2023-10-11T11:46:00Z,2023-10-11T11:46:00Z,431.6,27.62,1,NA,NA,NA,NA,NA,RS,NA,2023-10-11,20835561,2023-10-11T14:46:00Z,410.11022424933486,10448,484,924,408,6.96,11:40:40,2023-10-11T14:40:40Z,368.4
SpC_RS_111023.xlsx,2023-10-11T11:46:10Z,2023-10-11T11:46:10Z,431.20000000000005,27.62,1,NA,NA,NA,NA,NA,RS,NA,2023-10-11,20835561,2023-10-11T14:46:10Z,409.7301406309389,10448,484,924,408,6.96,11:40:40,2023-10-11T14:40:40Z,368.4
SpC_RS_111023.xlsx,2023-10-11T11:46:20Z,2023-10-11T11:46:20Z,431.20000000000005,27.62,1,NA,NA,NA,NA,NA,RS,NA,2023-10-11,20835561,2023-10-11T14:46:20Z,409.7301406309389,10448,484,924,408,6.96,11:40:40,2023-10-11T14:40:40Z,368.4
SpC_RS_111023.xlsx,2023-10-11T11:46:30Z,2023-10-11T11:46:30Z,431.20000000000005,27.63,1,NA,NA,NA,NA,NA,RS,NA,2023-10-11,20835561,2023-10-11T14:46:30Z,409.65228956868714,10448,484,924,408,6.96,11:40:40,2023-10-11T14:40:40Z,368.4
SpC_RS_111023.xlsx,2023-10-11T11:46:40Z,2023-10-11T11:46:40Z,431.20000000000005,27.62,1,NA,NA,NA,NA,NA,RS,NA,2023-10-11,20835561,2023-10-11T14:46:40Z,409.7301406309389,10448,484,924,408,6.96,11:40:40,2023-10-11T14:40:40Z,368.4
SpC_RS_111023.xlsx,2023-10-11T11:46:50Z,2023-10-11T11:46:50Z,431.20000000000005,27.62,1,NA,NA,NA,NA,NA,RS,NA,2023-10-11,20835561,2023-10-11T14:46:50Z,409.7301406309389,10448,484,924,408,6.96,11:40:40,2023-10-11T14:40:40Z,368.4
SpC_RS_111023.xlsx,2023-10-11T11:47:00Z,2023-10-11T11:47:00Z,431.20000000000005,27.62,1,NA,NA,NA,NA,NA,RS,NA,2023-10-11,20835561,2023-10-11T14:47:00Z,409.7301406309389,10448,484,924,408,6.96,11:40:40,2023-10-11T14:40:40Z,368.4
SpC_RS_111023.xlsx,2023-10-11T11:47:10Z,2023-10-11T11:47:10Z,431.20000000000005,27.62,1,NA,NA,NA,NA,NA,RS,NA,2023-10-11,20835561,2023-10-11T14:47:10Z,409.7301406309389,10448,484,924,408,6.96,11:40:40,2023-10-11T14:40:40Z,368.4
SpC_RS_111023.xlsx,2023-10-11T11:47:20Z,2023-10-11T11:47:20Z,431.20000000000005,27.62,1,NA,NA,NA,NA,NA,RS,NA,2023-10-11,20835561,2023-10-11T14:47:20Z,409.7301406309389,10448,484,924,408,6.96,11:40:40,2023-10-11T14:40:40Z,368.4
SpC_RS_111023.xlsx,2023-10-11T11:47:30Z,2023-10-11T11:47:30Z,431.20000000000005,27.62,1,NA,NA,NA,NA,NA,RS,NA,2023-10-11,20835561,2023-10-11T14:47:30Z,409.7301406309389,10448,484,924,408,6.96,11:40:40,2023-10-11T14:40:40Z,368.4
SpC_RS_111023.xlsx,2023-10-11T11:47:40Z,2023-10-11T11:47:40Z,431.6,27.63,1,NA,NA,NA,NA,NA,RS,NA,2023-10-11,20835561,2023-10-11T14:47:40Z,410.0323009690291,10448,484,924,408,6.96,11:40:40,2023-10-11T14:40:40Z,368.4
SpC_RS_111023.xlsx,2023-10-11T11:47:50Z,2023-10-11T11:47:50Z,431.20000000000005,27.63,1,NA,NA,NA,NA,NA,RS,NA,2023-10-11,20835561,2023-10-11T14:47:50Z,409.65228956868714,10448,484,924,408,6.96,11:40:40,2023-10-11T14:40:40Z,368.4
SpC_RS_111023.xlsx,2023-10-11T11:48:00Z,2023-10-11T11:48:00Z,431.20000000000005,27.62,1,NA,NA,NA,NA,NA,RS,NA,2023-10-11,20835561,2023-10-11T14:48:00Z,409.7301406309389,10448,484,924,408,6.96,11:40:40,2023-10-11T14:40:40Z,368.4
SpC_RS_111023.xlsx,2023-10-11T11:48:10Z,2023-10-11T11:48:10Z,431.20000000000005,27.63,1,NA,NA,NA,NA,NA,RS,NA,2023-10-11,20835561,2023-10-11T14:48:10Z,409.65228956868714,10448,484,924,408,6.96,11:40:40,2023-10-11T14:40:40Z,368.4
SpC_RS_111023.xlsx,2023-10-11T11:48:20Z,2023-10-11T11:48:20Z,431.20000000000005,27.63,1,NA,NA,NA,NA,NA,RS,NA,2023-10-11,20835561,2023-10-11T14:48:20Z,409.65228956868714,10448,484,924,408,6.96,11:40:40,2023-10-11T14:40:40Z,368.4
SpC_RS_111023.xlsx,2023-10-11T11:48:30Z,2023-10-11T11:48:30Z,431.20000000000005,27.63,1,NA,NA,NA,NA,NA,RS,NA,2023-10-11,20835561,2023-10-11T14:48:30Z,409.65228956868714,10448,484,924,408,6.96,11:40:40,2023-10-11T14:40:40Z,368.4
SpC_RS_111023.xlsx,2023-10-11T11:48:40Z,2023-10-11T11:48:40Z,431.6,27.63,1,NA,NA,NA,NA,NA,RS,NA,2023-10-11,20835561,2023-10-11T14:48:40Z,410.0323009690291,10448,484,924,408,6.96,11:40:40,2023-10-11T14:40:40Z,368.4
SpC_RS_111023.xlsx,2023-10-11T11:48:50Z,2023-10-11T11:48:50Z,431.20000000000005,27.63,1,NA,NA,NA,NA,NA,RS,NA,2023-10-11,20835561,2023-10-11T14:48:50Z,409.65228956868714,10448,484,924,408,6.96,11:40:40,2023-10-11T14:40:40Z,368.4
SpC_RS_111023.xlsx,2023-10-11T11:49:00Z,2023-10-11T11:49:00Z,431.20000000000005,27.62,1,NA,NA,NA,NA,NA,RS,NA,2023-10-11,20835561,2023-10-11T14:49:00Z,409.7301406309389,10448,484,924,408,6.96,11:40:40,2023-10-11T14:40:40Z,368.4
SpC_RS_111023.xlsx,2023-10-11T11:49:10Z,2023-10-11T11:49:10Z,431.20000000000005,27.63,1,NA,NA,NA,NA,NA,RS,NA,2023-10-11,20835561,2023-10-11T14:49:10Z,409.65228956868714,10448,484,924,408,6.96,11:40:40,2023-10-11T14:40:40Z,368.4
SpC_RS_111023.xlsx,2023-10-11T11:49:20Z,2023-10-11T11:49:20Z,431.20000000000005,27.62,1,NA,NA,NA,NA,NA,RS,NA,2023-10-11,20835561,2023-10-11T14:49:20Z,409.7301406309389,10448,484,924,408,6.96,11:40:40,2023-10-11T14:40:40Z,368.4
SpC_RS_111023.xlsx,2023-10-11T11:49:30Z,2023-10-11T11:49:30Z,431.20000000000005,27.63,1,NA,NA,NA,NA,NA,RS,NA,2023-10-11,20835561,2023-10-11T14:49:30Z,409.65228956868714,10448,484,924,408,6.96,11:40:40,2023-10-11T14:40:40Z,368.4
SpC_RS_111023.xlsx,2023-10-11T11:49:40Z,2023-10-11T11:49:40Z,431.20000000000005,27.62,1,NA,NA,NA,NA,NA,RS,NA,2023-10-11,20835561,2023-10-11T14:49:40Z,409.7301406309389,10448,484,924,408,6.96,11:40:40,2023-10-11T14:40:40Z,368.4
SpC_RS_111023.xlsx,2023-10-11T11:49:50Z,2023-10-11T11:49:50Z,431.20000000000005,27.63,1,NA,NA,NA,NA,NA,RS,NA,2023-10-11,20835561,2023-10-11T14:49:50Z,409.65228956868714,10448,484,924,408,6.96,11:40:40,2023-10-11T14:40:40Z,368.4
SpC_RS_111023.xlsx,2023-10-11T11:50:00Z,2023-10-11T11:50:00Z,431.20000000000005,27.63,1,NA,NA,NA,NA,NA,RS,NA,2023-10-11,20835561,2023-10-11T14:50:00Z,409.65228956868714,10448,484,924,408,6.96,11:40:40,2023-10-11T14:40:40Z,368.4
SpC_RS_111023.xlsx,2023-10-11T11:50:10Z,2023-10-11T11:50:10Z,431.20000000000005,27.62,1,NA,NA,NA,NA,NA,RS,NA,2023-10-11,20835561,2023-10-11T14:50:10Z,409.7301406309389,10448,484,924,408,6.96,11:40:40,2023-10-11T14:40:40Z,368.4
SpC_RS_111023.xlsx,2023-10-11T11:50:20Z,2023-10-11T11:50:20Z,431.20000000000005,27.62,1,NA,NA,NA,NA,NA,RS,NA,2023-10-11,20835561,2023-10-11T14:50:20Z,409.7301406309389,10448,484,924,408,6.96,11:40:40,2023-10-11T14:40:40Z,368.4
SpC_RS_111023.xlsx,2023-10-11T11:50:30Z,2023-10-11T11:50:30Z,431.20000000000005,27.63,1,NA,NA,NA,NA,NA,RS,NA,2023-10-11,20835561,2023-10-11T14:50:30Z,409.65228956868714,10448,484,924,408,6.96,11:40:40,2023-10-11T14:40:40Z,368.4
SpC_RS_111023.xlsx,2023-10-11T11:50:40Z,2023-10-11T11:50:40Z,431.20000000000005,27.63,1,NA,NA,NA,NA,NA,RS,NA,2023-10-11,20835561,2023-10-11T14:50:40Z,409.65228956868714,10448,484,924,408,6.96,11:40:40,2023-10-11T14:40:40Z,368.4
SpC_RS_111023.xlsx,2023-10-11T11:50:50Z,2023-10-11T11:50:50Z,431.20000000000005,27.63,1,NA,NA,NA,NA,NA,RS,NA,2023-10-11,20835561,2023-10-11T14:50:50Z,409.65228956868714,10448,484,924,408,6.96,11:40:40,2023-10-11T14:40:40Z,368.4
SpC_RS_111023.xlsx,2023-10-11T11:51:00Z,2023-10-11T11:51:00Z,431.20000000000005,27.63,1,NA,NA,NA,NA,NA,RS,NA,2023-10-11,20835561,2023-10-11T14:51:00Z,409.65228956868714,10448,484,924,408,6.96,11:40:40,2023-10-11T14:40:40Z,368.4
SpC_RS_111023.xlsx,2023-10-11T11:51:10Z,2023-10-11T11:51:10Z,431.20000000000005,27.63,1,NA,NA,NA,NA,NA,RS,NA,2023-10-11,20835561,2023-10-11T14:51:10Z,409.65228956868714,10448,484,924,408,6.96,11:40:40,2023-10-11T14:40:40Z,368.4
SpC_RS_111023.xlsx,2023-10-11T11:51:20Z,2023-10-11T11:51:20Z,431.20000000000005,27.63,1,NA,NA,NA,NA,NA,RS,NA,2023-10-11,20835561,2023-10-11T14:51:20Z,409.65228956868714,10448,484,924,408,6.96,11:40:40,2023-10-11T14:40:40Z,368.4
SpC_RS_111023.xlsx,2023-10-11T11:51:30Z,2023-10-11T11:51:30Z,431.20000000000005,27.63,1,NA,NA,NA,NA,NA,RS,NA,2023-10-11,20835561,2023-10-11T14:51:30Z,409.65228956868714,10448,484,924,408,6.96,11:40:40,2023-10-11T14:40:40Z,368.4
SpC_RS_111023.xlsx,2023-10-11T11:51:40Z,2023-10-11T11:51:40Z,431.20000000000005,27.63,1,NA,NA,NA,NA,NA,RS,NA,2023-10-11,20835561,2023-10-11T14:51:40Z,409.65228956868714,10448,484,924,408,6.96,11:40:40,2023-10-11T14:40:40Z,368.4
SpC_RS_111023.xlsx,2023-10-11T11:51:50Z,2023-10-11T11:51:50Z,431.6,27.63,1,NA,NA,NA,NA,NA,RS,NA,2023-10-11,20835561,2023-10-11T14:51:50Z,410.0323009690291,10448,484,924,408,6.96,11:40:40,2023-10-11T14:40:40Z,368.4
SpC_RS_111023.xlsx,2023-10-11T11:52:00Z,2023-10-11T11:52:00Z,431.6,27.63,1,NA,NA,NA,NA,NA,RS,NA,2023-10-11,20835561,2023-10-11T14:52:00Z,410.0323009690291,10448,484,924,408,6.96,11:40:40,2023-10-11T14:40:40Z,368.4
SpC_RS_111023.xlsx,2023-10-11T11:52:10Z,2023-10-11T11:52:10Z,431.6,27.63,1,NA,NA,NA,NA,NA,RS,NA,2023-10-11,20835561,2023-10-11T14:52:10Z,410.0323009690291,10448,484,924,408,6.96,11:40:40,2023-10-11T14:40:40Z,368.4
SpC_RS_111023.xlsx,2023-10-11T11:52:20Z,2023-10-11T11:52:20Z,431.20000000000005,27.63,1,NA,NA,NA,NA,NA,RS,NA,2023-10-11,20835561,2023-10-11T14:52:20Z,409.65228956868714,10448,484,924,408,6.96,11:40:40,2023-10-11T14:40:40Z,368.4
SpC_RS_111023.xlsx,2023-10-11T11:52:30Z,2023-10-11T11:52:30Z,431.6,27.63,1,NA,NA,NA,NA,NA,RS,NA,2023-10-11,20835561,2023-10-11T14:52:30Z,410.0323009690291,10448,484,924,408,6.96,11:40:40,2023-10-11T14:40:40Z,368.4
SpC_RS_111023.xlsx,2023-10-11T11:52:40Z,2023-10-11T11:52:40Z,431.20000000000005,27.63,1,NA,NA,NA,NA,NA,RS,NA,2023-10-11,20835561,2023-10-11T14:52:40Z,409.65228956868714,10448,484,924,408,6.96,11:40:40,2023-10-11T14:40:40Z,368.4
SpC_RS_111023.xlsx,2023-10-11T11:52:50Z,2023-10-11T11:52:50Z,431.20000000000005,27.63,1,NA,NA,NA,NA,NA,RS,NA,2023-10-11,20835561,2023-10-11T14:52:50Z,409.65228956868714,10448,484,924,408,6.96,11:40:40,2023-10-11T14:40:40Z,368.4
SpC_RS_111023.xlsx,2023-10-11T11:53:00Z,2023-10-11T11:53:00Z,431.6,27.63,1,NA,NA,NA,NA,NA,RS,NA,2023-10-11,20835561,2023-10-11T14:53:00Z,410.0323009690291,10448,484,924,408,6.96,11:40:40,2023-10-11T14:40:40Z,368.4
SpC_RS_111023.xlsx,2023-10-11T11:53:10Z,2023-10-11T11:53:10Z,431.20000000000005,27.63,1,NA,NA,NA,NA,NA,RS,NA,2023-10-11,20835561,2023-10-11T14:53:10Z,409.65228956868714,10448,484,924,408,6.96,11:40:40,2023-10-11T14:40:40Z,368.4
SpC_RS_111023.xlsx,2023-10-11T11:53:20Z,2023-10-11T11:53:20Z,431.6,27.63,1,NA,NA,NA,NA,NA,RS,NA,2023-10-11,20835561,2023-10-11T14:53:20Z,410.0323009690291,10448,484,924,408,6.96,11:40:40,2023-10-11T14:40:40Z,368.4
SpC_RS_111023.xlsx,2023-10-11T11:53:30Z,2023-10-11T11:53:30Z,431.5,27.64,1,NA,NA,NA,NA,NA,RS,NA,2023-10-11,20835561,2023-10-11T14:53:30Z,409.8594224924012,10448,484,924,408,6.96,11:40:40,2023-10-11T14:40:40Z,368.4
SpC_RS_111023.xlsx,2023-10-11T11:53:40Z,2023-10-11T11:53:40Z,431.20000000000005,27.63,1,NA,NA,NA,NA,NA,RS,NA,2023-10-11,20835561,2023-10-11T14:53:40Z,409.65228956868714,10448,484,924,408,6.96,11:40:40,2023-10-11T14:40:40Z,368.4
SpC_RS_111023.xlsx,2023-10-11T11:53:50Z,2023-10-11T11:53:50Z,431.5,27.64,1,NA,NA,NA,NA,NA,RS,NA,2023-10-11,20835561,2023-10-11T14:53:50Z,409.8594224924012,10448,484,924,408,6.96,11:40:40,2023-10-11T14:40:40Z,368.4
SpC_RS_111023.xlsx,2023-10-11T11:54:00Z,2023-10-11T11:54:00Z,431.6,27.63,1,NA,NA,NA,NA,NA,RS,NA,2023-10-11,20835561,2023-10-11T14:54:00Z,410.0323009690291,10448,484,924,408,6.96,11:40:40,2023-10-11T14:40:40Z,368.4
SpC_RS_111023.xlsx,2023-10-11T11:54:10Z,2023-10-11T11:54:10Z,431.20000000000005,27.63,1,NA,NA,NA,NA,NA,RS,NA,2023-10-11,20835561,2023-10-11T14:54:10Z,409.65228956868714,10448,484,924,408,6.96,11:40:40,2023-10-11T14:40:40Z,368.4
SpC_RS_111023.xlsx,2023-10-11T11:54:20Z,2023-10-11T11:54:20Z,431.5,27.64,1,NA,NA,NA,NA,NA,RS,NA,2023-10-11,20835561,2023-10-11T14:54:20Z,409.8594224924012,10448,484,924,408,6.96,11:40:40,2023-10-11T14:40:40Z,368.4
SpC_RS_111023.xlsx,2023-10-11T11:54:30Z,2023-10-11T11:54:30Z,431.6,27.63,1,NA,NA,NA,NA,NA,RS,NA,2023-10-11,20835561,2023-10-11T14:54:30Z,410.0323009690291,10448,484,924,408,6.96,11:40:40,2023-10-11T14:40:40Z,368.4
SpC_RS_111023.xlsx,2023-10-11T11:54:40Z,2023-10-11T11:54:40Z,431.6,27.63,1,NA,NA,NA,NA,NA,RS,NA,2023-10-11,20835561,2023-10-11T14:54:40Z,410.0323009690291,10448,484,924,408,6.96,11:40:40,2023-10-11T14:40:40Z,368.4
SpC_RS_111023.xlsx,2023-10-11T11:54:50Z,2023-10-11T11:54:50Z,431.20000000000005,27.63,1,NA,NA,NA,NA,NA,RS,NA,2023-10-11,20835561,2023-10-11T14:54:50Z,409.65228956868714,10448,484,924,408,6.96,11:40:40,2023-10-11T14:40:40Z,368.4
SpC_RS_111023.xlsx,2023-10-11T11:55:00Z,2023-10-11T11:55:00Z,431.6,27.63,1,NA,NA,NA,NA,NA,RS,NA,2023-10-11,20835561,2023-10-11T14:55:00Z,410.0323009690291,10448,484,924,408,6.96,11:40:40,2023-10-11T14:40:40Z,368.4
SpC_RS_111023.xlsx,2023-10-11T11:55:10Z,2023-10-11T11:55:10Z,431.20000000000005,27.63,1,NA,NA,NA,NA,NA,RS,NA,2023-10-11,20835561,2023-10-11T14:55:10Z,409.65228956868714,10448,484,924,408,6.96,11:40:40,2023-10-11T14:40:40Z,368.4
SpC_RS_111023.xlsx,2023-10-11T11:55:20Z,2023-10-11T11:55:20Z,431.6,27.63,1,NA,NA,NA,NA,NA,RS,NA,2023-10-11,20835561,2023-10-11T14:55:20Z,410.0323009690291,10448,484,924,408,6.96,11:40:40,2023-10-11T14:40:40Z,368.4
SpC_RS_111023.xlsx,2023-10-11T11:55:30Z,2023-10-11T11:55:30Z,431.5,27.64,1,NA,NA,NA,NA,NA,RS,NA,2023-10-11,20835561,2023-10-11T14:55:30Z,409.8594224924012,10448,484,924,408,6.96,11:40:40,2023-10-11T14:40:40Z,368.4
SpC_RS_111023.xlsx,2023-10-11T11:55:40Z,2023-10-11T11:55:40Z,431.20000000000005,27.64,1,NA,NA,NA,NA,NA,RS,NA,2023-10-11,20835561,2023-10-11T14:55:40Z,409.57446808510645,10448,484,924,408,6.96,11:40:40,2023-10-11T14:40:40Z,368.4
SpC_RS_111023.xlsx,2023-10-11T11:55:50Z,2023-10-11T11:55:50Z,431.6,27.63,1,NA,NA,NA,NA,NA,RS,NA,2023-10-11,20835561,2023-10-11T14:55:50Z,410.0323009690291,10448,484,924,408,6.96,11:40:40,2023-10-11T14:40:40Z,368.4
SpC_RS_111023.xlsx,2023-10-11T11:56:00Z,2023-10-11T11:56:00Z,431.5,27.64,1,NA,NA,NA,NA,NA,RS,NA,2023-10-11,20835561,2023-10-11T14:56:00Z,409.8594224924012,10448,484,924,408,6.96,11:40:40,2023-10-11T14:40:40Z,368.4
SpC_RS_111023.xlsx,2023-10-11T11:56:10Z,2023-10-11T11:56:10Z,431.5,27.64,1,NA,NA,NA,NA,NA,RS,NA,2023-10-11,20835561,2023-10-11T14:56:10Z,409.8594224924012,10448,484,924,408,6.96,11:40:40,2023-10-11T14:40:40Z,368.4
SpC_RS_111023.xlsx,2023-10-11T11:56:20Z,2023-10-11T11:56:20Z,431.20000000000005,27.64,1,NA,NA,NA,NA,NA,RS,NA,2023-10-11,20835561,2023-10-11T14:56:20Z,409.57446808510645,10448,484,924,408,6.96,11:40:40,2023-10-11T14:40:40Z,368.4
SpC_RS_111023.xlsx,2023-10-11T11:56:30Z,2023-10-11T11:56:30Z,431.90000000000003,27.64,1,NA,NA,NA,NA,NA,RS,NA,2023-10-11,20835561,2023-10-11T14:56:30Z,410.2393617021277,10448,484,924,408,6.96,11:40:40,2023-10-11T14:40:40Z,368.4
SpC_RS_111023.xlsx,2023-10-11T11:56:40Z,2023-10-11T11:56:40Z,431.90000000000003,27.64,1,NA,NA,NA,NA,NA,RS,NA,2023-10-11,20835561,2023-10-11T14:56:40Z,410.2393617021277,10448,484,924,408,6.96,11:40:40,2023-10-11T14:40:40Z,368.4
SpC_RS_111023.xlsx,2023-10-11T11:56:50Z,2023-10-11T11:56:50Z,431.5,27.64,1,NA,NA,NA,NA,NA,RS,NA,2023-10-11,20835561,2023-10-11T14:56:50Z,409.8594224924012,10448,484,924,408,6.96,11:40:40,2023-10-11T14:40:40Z,368.4
SpC_RS_111023.xlsx,2023-10-11T11:57:00Z,2023-10-11T11:57:00Z,431.5,27.64,1,NA,NA,NA,NA,NA,RS,NA,2023-10-11,20835561,2023-10-11T14:57:00Z,409.8594224924012,10448,484,924,408,6.96,11:40:40,2023-10-11T14:40:40Z,368.4
SpC_RS_111023.xlsx,2023-10-11T11:57:10Z,2023-10-11T11:57:10Z,431.90000000000003,27.64,1,NA,NA,NA,NA,NA,RS,NA,2023-10-11,20835561,2023-10-11T14:57:10Z,410.2393617021277,10448,484,924,408,6.96,11:40:40,2023-10-11T14:40:40Z,368.4
SpC_RS_111023.xlsx,2023-10-11T11:57:20Z,2023-10-11T11:57:20Z,431.90000000000003,27.64,1,NA,NA,NA,NA,NA,RS,NA,2023-10-11,20835561,2023-10-11T14:57:20Z,410.2393617021277,10448,484,924,408,6.96,11:40:40,2023-10-11T14:40:40Z,368.4
SpC_RS_111023.xlsx,2023-10-11T11:57:30Z,2023-10-11T11:57:30Z,431.5,27.64,1,NA,NA,NA,NA,NA,RS,NA,2023-10-11,20835561,2023-10-11T14:57:30Z,409.8594224924012,10448,484,924,408,6.96,11:40:40,2023-10-11T14:40:40Z,368.4
SpC_RS_111023.xlsx,2023-10-11T11:57:40Z,2023-10-11T11:57:40Z,431.5,27.64,1,NA,NA,NA,NA,NA,RS,NA,2023-10-11,20835561,2023-10-11T14:57:40Z,409.8594224924012,10448,484,924,408,6.96,11:40:40,2023-10-11T14:40:40Z,368.4
SpC_RS_111023.xlsx,2023-10-11T11:57:50Z,2023-10-11T11:57:50Z,431.5,27.64,1,NA,NA,NA,NA,NA,RS,NA,2023-10-11,20835561,2023-10-11T14:57:50Z,409.8594224924012,10448,484,924,408,6.96,11:40:40,2023-10-11T14:40:40Z,368.4
SpC_RS_111023.xlsx,2023-10-11T11:58:00Z,2023-10-11T11:58:00Z,431.5,27.64,1,NA,NA,NA,NA,NA,RS,NA,2023-10-11,20835561,2023-10-11T14:58:00Z,409.8594224924012,10448,484,924,408,6.96,11:40:40,2023-10-11T14:40:40Z,368.4
SpC_RS_111023.xlsx,2023-10-11T11:58:10Z,2023-10-11T11:58:10Z,431.90000000000003,27.650000000000002,1,NA,NA,NA,NA,NA,RS,NA,2023-10-11,20835561,2023-10-11T14:58:10Z,410.1614434947769,10448,484,924,408,6.96,11:40:40,2023-10-11T14:40:40Z,368.4
SpC_RS_111023.xlsx,2023-10-11T11:58:20Z,2023-10-11T11:58:20Z,431.90000000000003,27.64,1,NA,NA,NA,NA,NA,RS,NA,2023-10-11,20835561,2023-10-11T14:58:20Z,410.2393617021277,10448,484,924,408,6.96,11:40:40,2023-10-11T14:40:40Z,368.4
SpC_RS_111023.xlsx,2023-10-11T11:58:30Z,2023-10-11T11:58:30Z,431.90000000000003,27.64,1,NA,NA,NA,NA,NA,RS,NA,2023-10-11,20835561,2023-10-11T14:58:30Z,410.2393617021277,10448,484,924,408,6.96,11:40:40,2023-10-11T14:40:40Z,368.4
SpC_RS_111023.xlsx,2023-10-11T11:58:40Z,2023-10-11T11:58:40Z,431.90000000000003,27.64,1,NA,NA,NA,NA,NA,RS,NA,2023-10-11,20835561,2023-10-11T14:58:40Z,410.2393617021277,10448,484,924,408,6.96,11:40:40,2023-10-11T14:40:40Z,368.4
SpC_RS_111023.xlsx,2023-10-11T11:58:50Z,2023-10-11T11:58:50Z,431.5,27.64,1,NA,NA,NA,NA,NA,RS,NA,2023-10-11,20835561,2023-10-11T14:58:50Z,409.8594224924012,10448,484,924,408,6.96,11:40:40,2023-10-11T14:40:40Z,368.4
SpC_RS_111023.xlsx,2023-10-11T11:59:00Z,2023-10-11T11:59:00Z,431.90000000000003,27.64,1,NA,NA,NA,NA,NA,RS,NA,2023-10-11,20835561,2023-10-11T14:59:00Z,410.2393617021277,10448,484,924,408,6.96,11:40:40,2023-10-11T14:40:40Z,368.4
SpC_RS_111023.xlsx,2023-10-11T11:59:10Z,2023-10-11T11:59:10Z,431.90000000000003,27.64,1,NA,NA,NA,NA,NA,RS,NA,2023-10-11,20835561,2023-10-11T14:59:10Z,410.2393617021277,10448,484,924,408,6.96,11:40:40,2023-10-11T14:40:40Z,368.4
SpC_RS_111023.xlsx,2023-10-11T11:59:20Z,2023-10-11T11:59:20Z,431.6,27.63,1,NA,NA,NA,NA,NA,RS,NA,2023-10-11,20835561,2023-10-11T14:59:20Z,410.0323009690291,10448,484,924,408,6.96,11:40:40,2023-10-11T14:40:40Z,368.4
SpC_RS_111023.xlsx,2023-10-11T11:59:30Z,2023-10-11T11:59:30Z,431.90000000000003,27.64,1,NA,NA,NA,NA,NA,RS,NA,2023-10-11,20835561,2023-10-11T14:59:30Z,410.2393617021277,10448,484,924,408,6.96,11:40:40,2023-10-11T14:40:40Z,368.4
SpC_RS_111023.xlsx,2023-10-11T11:59:40Z,2023-10-11T11:59:40Z,431.90000000000003,27.64,1,NA,NA,NA,NA,NA,RS,NA,2023-10-11,20835561,2023-10-11T14:59:40Z,410.2393617021277,10448,484,924,408,6.96,11:40:40,2023-10-11T14:40:40Z,368.4
SpC_RS_111023.xlsx,2023-10-11T11:59:50Z,2023-10-11T11:59:50Z,431.5,27.64,1,NA,NA,NA,NA,NA,RS,NA,2023-10-11,20835561,2023-10-11T14:59:50Z,409.8594224924012,10448,484,924,408,6.96,11:40:40,2023-10-11T14:40:40Z,368.4
SpC_RS_111023.xlsx,2023-10-11T12:00:00Z,2023-10-11T12:00:00Z,431.5,27.650000000000002,1,NA,NA,NA,NA,NA,RS,NA,2023-10-11,20835561,2023-10-11T15:00:00Z,409.78157644824313,10448,484,924,408,6.96,11:40:40,2023-10-11T14:40:40Z,368.4
SpC_RS_111023.xlsx,2023-10-11T12:00:10Z,2023-10-11T12:00:10Z,431.90000000000003,27.650000000000002,1,NA,NA,NA,NA,NA,RS,NA,2023-10-11,20835561,2023-10-11T15:00:10Z,410.1614434947769,10448,484,924,408,6.96,11:40:40,2023-10-11T14:40:40Z,368.4
SpC_RS_111023.xlsx,2023-10-11T12:00:20Z,2023-10-11T12:00:20Z,431.90000000000003,27.650000000000002,1,NA,NA,NA,NA,NA,RS,NA,2023-10-11,20835561,2023-10-11T15:00:20Z,410.1614434947769,10448,484,924,408,6.96,11:40:40,2023-10-11T14:40:40Z,368.4
SpC_RS_111023.xlsx,2023-10-11T12:00:30Z,2023-10-11T12:00:30Z,431.5,27.64,1,NA,NA,NA,NA,NA,RS,NA,2023-10-11,20835561,2023-10-11T15:00:30Z,409.8594224924012,10448,484,924,408,6.96,11:40:40,2023-10-11T14:40:40Z,368.4
SpC_RS_111023.xlsx,2023-10-11T12:00:40Z,2023-10-11T12:00:40Z,431.90000000000003,27.64,1,NA,NA,NA,NA,NA,RS,NA,2023-10-11,20835561,2023-10-11T15:00:40Z,410.2393617021277,10448,484,924,408,6.96,11:40:40,2023-10-11T14:40:40Z,368.4
SpC_RS_111023.xlsx,2023-10-11T12:00:50Z,2023-10-11T12:00:50Z,431.5,27.650000000000002,1,NA,NA,NA,NA,NA,RS,NA,2023-10-11,20835561,2023-10-11T15:00:50Z,409.78157644824313,10448,484,924,408,6.96,11:40:40,2023-10-11T14:40:40Z,368.4
SpC_RS_111023.xlsx,2023-10-11T12:01:00Z,2023-10-11T12:01:00Z,431.90000000000003,27.650000000000002,1,NA,NA,NA,NA,NA,RS,NA,2023-10-11,20835561,2023-10-11T15:01:00Z,410.1614434947769,10448,484,924,408,6.96,11:40:40,2023-10-11T14:40:40Z,368.4
SpC_RS_111023.xlsx,2023-10-11T12:01:10Z,2023-10-11T12:01:10Z,431.90000000000003,27.650000000000002,1,NA,NA,NA,NA,NA,RS,NA,2023-10-11,20835561,2023-10-11T15:01:10Z,410.1614434947769,10448,484,924,408,6.96,11:40:40,2023-10-11T14:40:40Z,368.4
SpC_RS_111023.xlsx,2023-10-11T12:01:20Z,2023-10-11T12:01:20Z,431.90000000000003,27.650000000000002,1,NA,NA,NA,NA,NA,RS,NA,2023-10-11,20835561,2023-10-11T15:01:20Z,410.1614434947769,10448,484,924,408,6.96,11:40:40,2023-10-11T14:40:40Z,368.4
SpC_RS_111023.xlsx,2023-10-11T12:01:30Z,2023-10-11T12:01:30Z,431.90000000000003,27.650000000000002,1,NA,NA,NA,NA,NA,RS,NA,2023-10-11,20835561,2023-10-11T15:01:30Z,410.1614434947769,10448,484,924,408,6.96,11:40:40,2023-10-11T14:40:40Z,368.4
SpC_RS_111023.xlsx,2023-10-11T12:01:40Z,2023-10-11T12:01:40Z,431.5,27.650000000000002,1,NA,NA,NA,NA,NA,RS,NA,2023-10-11,20835561,2023-10-11T15:01:40Z,409.78157644824313,10448,484,924,408,6.96,11:40:40,2023-10-11T14:40:40Z,368.4
SpC_RS_111023.xlsx,2023-10-11T12:01:50Z,2023-10-11T12:01:50Z,431.90000000000003,27.650000000000002,1,NA,NA,NA,NA,NA,RS,NA,2023-10-11,20835561,2023-10-11T15:01:50Z,410.1614434947769,10448,484,924,408,6.96,11:40:40,2023-10-11T14:40:40Z,368.4
SpC_RS_111023.xlsx,2023-10-11T12:02:00Z,2023-10-11T12:02:00Z,431.90000000000003,27.650000000000002,1,NA,NA,NA,NA,NA,RS,NA,2023-10-11,20835561,2023-10-11T15:02:00Z,410.1614434947769,10448,484,924,408,6.96,11:40:40,2023-10-11T14:40:40Z,368.4
SpC_RS_111023.xlsx,2023-10-11T12:02:10Z,2023-10-11T12:02:10Z,431.90000000000003,27.650000000000002,1,NA,NA,NA,NA,NA,RS,NA,2023-10-11,20835561,2023-10-11T15:02:10Z,410.1614434947769,10448,484,924,408,6.96,11:40:40,2023-10-11T14:40:40Z,368.4
SpC_RS_111023.xlsx,2023-10-11T12:02:20Z,2023-10-11T12:02:20Z,431.90000000000003,27.650000000000002,1,NA,NA,NA,NA,NA,RS,NA,2023-10-11,20835561,2023-10-11T15:02:20Z,410.1614434947769,10448,484,924,408,6.96,11:40:40,2023-10-11T14:40:40Z,368.4
SpC_RS_111023.xlsx,2023-10-11T12:02:30Z,2023-10-11T12:02:30Z,431.90000000000003,27.650000000000002,1,NA,NA,NA,NA,NA,RS,NA,2023-10-11,20835561,2023-10-11T15:02:30Z,410.1614434947769,10448,484,924,408,6.96,11:40:40,2023-10-11T14:40:40Z,368.4
SpC_RS_111023.xlsx,2023-10-11T12:02:40Z,2023-10-11T12:02:40Z,431.90000000000003,27.650000000000002,1,NA,NA,NA,NA,NA,RS,NA,2023-10-11,20835561,2023-10-11T15:02:40Z,410.1614434947769,10448,484,924,408,6.96,11:40:40,2023-10-11T14:40:40Z,368.4
SpC_RS_111023.xlsx,2023-10-11T12:02:50Z,2023-10-11T12:02:50Z,431.5,27.66,1,NA,NA,NA,NA,NA,RS,NA,2023-10-11,20835561,2023-10-11T15:02:50Z,409.70375996961644,10448,484,924,408,6.96,11:40:40,2023-10-11T14:40:40Z,368.4
SpC_RS_111023.xlsx,2023-10-11T12:03:00Z,2023-10-11T12:03:00Z,431.90000000000003,27.650000000000002,1,NA,NA,NA,NA,NA,RS,NA,2023-10-11,20835561,2023-10-11T15:03:00Z,410.1614434947769,10448,484,924,408,6.96,11:40:40,2023-10-11T14:40:40Z,368.4
SpC_RS_111023.xlsx,2023-10-11T12:03:10Z,2023-10-11T12:03:10Z,431.5,27.650000000000002,1,NA,NA,NA,NA,NA,RS,NA,2023-10-11,20835561,2023-10-11T15:03:10Z,409.78157644824313,10448,484,924,408,6.96,11:40:40,2023-10-11T14:40:40Z,368.4
SpC_RS_111023.xlsx,2023-10-11T12:03:20Z,2023-10-11T12:03:20Z,431.90000000000003,27.66,1,NA,NA,NA,NA,NA,RS,NA,2023-10-11,20835561,2023-10-11T15:03:20Z,410.08355488036466,10448,484,924,408,6.96,11:40:40,2023-10-11T14:40:40Z,368.4
SpC_RS_111023.xlsx,2023-10-11T12:03:30Z,2023-10-11T12:03:30Z,431.90000000000003,27.650000000000002,1,NA,NA,NA,NA,NA,RS,NA,2023-10-11,20835561,2023-10-11T15:03:30Z,410.1614434947769,10448,484,924,408,6.96,11:40:40,2023-10-11T14:40:40Z,368.4
SpC_RS_111023.xlsx,2023-10-11T12:03:40Z,2023-10-11T12:03:40Z,431.90000000000003,27.650000000000002,1,NA,NA,NA,NA,NA,RS,NA,2023-10-11,20835561,2023-10-11T15:03:40Z,410.1614434947769,10448,484,924,408,6.96,11:40:40,2023-10-11T14:40:40Z,368.4
SpC_RS_111023.xlsx,2023-10-11T12:03:50Z,2023-10-11T12:03:50Z,431.90000000000003,27.650000000000002,1,NA,NA,NA,NA,NA,RS,NA,2023-10-11,20835561,2023-10-11T15:03:50Z,410.1614434947769,10448,484,924,408,6.96,11:40:40,2023-10-11T14:40:40Z,368.4
SpC_RS_111023.xlsx,2023-10-11T12:04:00Z,2023-10-11T12:04:00Z,431.90000000000003,27.650000000000002,1,NA,NA,NA,NA,NA,RS,NA,2023-10-11,20835561,2023-10-11T15:04:00Z,410.1614434947769,10448,484,924,408,6.96,11:40:40,2023-10-11T14:40:40Z,368.4
SpC_RS_111023.xlsx,2023-10-11T12:04:10Z,2023-10-11T12:04:10Z,431.90000000000003,27.650000000000002,1,NA,NA,NA,NA,NA,RS,NA,2023-10-11,20835561,2023-10-11T15:04:10Z,410.1614434947769,10448,484,924,408,6.96,11:40:40,2023-10-11T14:40:40Z,368.4
SpC_RS_111023.xlsx,2023-10-11T12:04:20Z,2023-10-11T12:04:20Z,431.90000000000003,27.650000000000002,1,NA,NA,NA,NA,NA,RS,NA,2023-10-11,20835561,2023-10-11T15:04:20Z,410.1614434947769,10448,484,924,408,6.96,11:40:40,2023-10-11T14:40:40Z,368.4
SpC_RS_111023.xlsx,2023-10-11T12:04:30Z,2023-10-11T12:04:30Z,431.90000000000003,27.66,1,NA,NA,NA,NA,NA,RS,NA,2023-10-11,20835561,2023-10-11T15:04:30Z,410.08355488036466,10448,484,924,408,6.96,11:40:40,2023-10-11T14:40:40Z,368.4
SpC_RS_111023.xlsx,2023-10-11T12:04:40Z,2023-10-11T12:04:40Z,431.90000000000003,27.650000000000002,1,NA,NA,NA,NA,NA,RS,NA,2023-10-11,20835561,2023-10-11T15:04:40Z,410.1614434947769,10448,484,924,408,6.96,11:40:40,2023-10-11T14:40:40Z,368.4
SpC_RS_111023.xlsx,2023-10-11T12:04:50Z,2023-10-11T12:04:50Z,431.90000000000003,27.650000000000002,1,NA,NA,NA,NA,NA,RS,NA,2023-10-11,20835561,2023-10-11T15:04:50Z,410.1614434947769,10448,484,924,408,6.96,11:40:40,2023-10-11T14:40:40Z,368.4
SpC_RS_111023.xlsx,2023-10-11T12:05:00Z,2023-10-11T12:05:00Z,431.90000000000003,27.650000000000002,1,NA,NA,NA,NA,NA,RS,NA,2023-10-11,20835561,2023-10-11T15:05:00Z,410.1614434947769,10448,484,924,408,6.96,11:40:40,2023-10-11T14:40:40Z,368.4
SpC_RS_111023.xlsx,2023-10-11T12:05:10Z,2023-10-11T12:05:10Z,431.90000000000003,27.66,1,NA,NA,NA,NA,NA,RS,NA,2023-10-11,20835561,2023-10-11T15:05:10Z,410.08355488036466,10448,484,924,408,6.96,11:40:40,2023-10-11T14:40:40Z,368.4
SpC_RS_111023.xlsx,2023-10-11T12:05:20Z,2023-10-11T12:05:20Z,431.90000000000003,27.650000000000002,1,NA,NA,NA,NA,NA,RS,NA,2023-10-11,20835561,2023-10-11T15:05:20Z,410.1614434947769,10448,484,924,408,6.96,11:40:40,2023-10-11T14:40:40Z,368.4
SpC_RS_111023.xlsx,2023-10-11T12:05:30Z,2023-10-11T12:05:30Z,432.3,27.650000000000002,1,NA,NA,NA,NA,NA,RS,NA,2023-10-11,20835561,2023-10-11T15:05:30Z,410.54131054131057,10448,484,924,408,6.96,11:40:40,2023-10-11T14:40:40Z,368.4
SpC_RS_111023.xlsx,2023-10-11T12:05:40Z,2023-10-11T12:05:40Z,433.1,27.650000000000002,1,NA,NA,NA,NA,NA,RS,NA,2023-10-11,20835561,2023-10-11T15:05:40Z,411.301044634378,10448,484,924,408,6.96,11:40:40,2023-10-11T14:40:40Z,368.4
SpC_RS_111023.xlsx,2023-10-11T12:05:50Z,2023-10-11T12:05:50Z,433.5,27.650000000000002,1,NA,NA,NA,NA,NA,RS,NA,2023-10-11,20835561,2023-10-11T15:05:50Z,411.6809116809117,10448,484,924,408,6.96,11:40:40,2023-10-11T14:40:40Z,368.4
SpC_RS_111023.xlsx,2023-10-11T12:06:00Z,2023-10-11T12:06:00Z,433.1,27.650000000000002,1,NA,NA,NA,NA,NA,RS,NA,2023-10-11,20835561,2023-10-11T15:06:00Z,411.301044634378,10448,484,924,408,6.96,11:40:40,2023-10-11T14:40:40Z,368.4
SpC_RS_111023.xlsx,2023-10-11T12:06:10Z,2023-10-11T12:06:10Z,432.70000000000005,27.650000000000002,1,NA,NA,NA,NA,NA,RS,NA,2023-10-11,20835561,2023-10-11T15:06:10Z,410.92117758784434,10448,484,924,408,6.96,11:40:40,2023-10-11T14:40:40Z,368.4
SpC_RS_111023.xlsx,2023-10-11T12:06:20Z,2023-10-11T12:06:20Z,431.90000000000003,27.66,1,NA,NA,NA,NA,NA,RS,NA,2023-10-11,20835561,2023-10-11T15:06:20Z,410.08355488036466,10448,484,924,408,6.96,11:40:40,2023-10-11T14:40:40Z,368.4
SpC_RS_111023.xlsx,2023-10-11T12:06:30Z,2023-10-11T12:06:30Z,433.90000000000003,27.66,1,NA,NA,NA,NA,NA,RS,NA,2023-10-11,20835561,2023-10-11T15:06:30Z,411.98252943410563,10448,484,924,408,6.96,11:40:40,2023-10-11T14:40:40Z,368.4
SpC_RS_111023.xlsx,2023-10-11T12:06:40Z,2023-10-11T12:06:40Z,433.1,27.66,1,NA,NA,NA,NA,NA,RS,NA,2023-10-11,20835561,2023-10-11T15:06:40Z,411.22293961260925,10448,484,924,408,6.96,11:40:40,2023-10-11T14:40:40Z,368.4
SpC_RS_111023.xlsx,2023-10-11T12:06:50Z,2023-10-11T12:06:50Z,434.3,27.650000000000002,1,NA,NA,NA,NA,NA,RS,NA,2023-10-11,20835561,2023-10-11T15:06:50Z,412.44064577397916,10448,484,924,408,6.96,11:40:40,2023-10-11T14:40:40Z,368.4
SpC_RS_111023.xlsx,2023-10-11T12:07:00Z,2023-10-11T12:07:00Z,436.3,27.66,1,NA,NA,NA,NA,NA,RS,NA,2023-10-11,20835561,2023-10-11T15:07:00Z,414.2612988985948,10448,484,924,408,6.96,11:40:40,2023-10-11T14:40:40Z,368.4
SpC_RS_111023.xlsx,2023-10-11T12:07:10Z,2023-10-11T12:07:10Z,437.90000000000003,27.650000000000002,1,NA,NA,NA,NA,NA,RS,NA,2023-10-11,20835561,2023-10-11T15:07:10Z,415.85944919278256,10448,484,924,408,6.96,11:40:40,2023-10-11T14:40:40Z,368.4
SpC_RS_111023.xlsx,2023-10-11T12:07:20Z,2023-10-11T12:07:20Z,436.3,27.66,1,NA,NA,NA,NA,NA,RS,NA,2023-10-11,20835561,2023-10-11T15:07:20Z,414.2612988985948,10448,484,924,408,6.96,11:40:40,2023-10-11T14:40:40Z,368.4
SpC_RS_111023.xlsx,2023-10-11T12:07:30Z,2023-10-11T12:07:30Z,435.90000000000003,27.66,1,NA,NA,NA,NA,NA,RS,NA,2023-10-11,20835561,2023-10-11T15:07:30Z,413.88150398784666,10448,484,924,408,6.96,11:40:40,2023-10-11T14:40:40Z,368.4
SpC_RS_111023.xlsx,2023-10-11T12:07:40Z,2023-10-11T12:07:40Z,442.20000000000005,27.650000000000002,1,NA,NA,NA,NA,NA,RS,NA,2023-10-11,20835561,2023-10-11T15:07:40Z,419.94301994302003,10448,484,924,408,6.96,11:40:40,2023-10-11T14:40:40Z,368.4
SpC_RS_111023.xlsx,2023-10-11T12:07:50Z,2023-10-11T12:07:50Z,442.6,27.66,1,NA,NA,NA,NA,NA,RS,NA,2023-10-11,20835561,2023-10-11T15:07:50Z,420.2430687428789,10448,484,924,408,6.96,11:40:40,2023-10-11T14:40:40Z,368.4
SpC_RS_111023.xlsx,2023-10-11T12:08:00Z,2023-10-11T12:08:00Z,444.6,27.650000000000002,1,NA,NA,NA,NA,NA,RS,NA,2023-10-11,20835561,2023-10-11T15:08:00Z,422.2222222222223,10448,484,924,408,6.96,11:40:40,2023-10-11T14:40:40Z,368.4
SpC_RS_111023.xlsx,2023-10-11T12:08:10Z,2023-10-11T12:08:10Z,441,27.66,1,NA,NA,NA,NA,NA,RS,NA,2023-10-11,20835561,2023-10-11T15:08:10Z,418.7238890998861,10448,484,924,408,6.96,11:40:40,2023-10-11T14:40:40Z,368.4
SpC_RS_111023.xlsx,2023-10-11T12:08:20Z,2023-10-11T12:08:20Z,437.5,27.66,1,NA,NA,NA,NA,NA,RS,NA,2023-10-11,20835561,2023-10-11T15:08:20Z,415.40068363083935,10448,484,924,408,6.96,11:40:40,2023-10-11T14:40:40Z,368.4
SpC_RS_111023.xlsx,2023-10-11T12:08:30Z,2023-10-11T12:08:30Z,443,27.66,1,NA,NA,NA,NA,NA,RS,NA,2023-10-11,20835561,2023-10-11T15:08:30Z,420.62286365362706,10448,484,924,408,6.96,11:40:40,2023-10-11T14:40:40Z,368.4
SpC_RS_111023.xlsx,2023-10-11T12:08:40Z,2023-10-11T12:08:40Z,444.6,27.650000000000002,1,NA,NA,NA,NA,NA,RS,NA,2023-10-11,20835561,2023-10-11T15:08:40Z,422.2222222222223,10448,484,924,408,6.96,11:40:40,2023-10-11T14:40:40Z,368.4
SpC_RS_111023.xlsx,2023-10-11T12:08:50Z,2023-10-11T12:08:50Z,445.8,27.66,1,NA,NA,NA,NA,NA,RS,NA,2023-10-11,20835561,2023-10-11T15:08:50Z,423.28142802886447,10448,484,924,408,6.96,11:40:40,2023-10-11T14:40:40Z,368.4
SpC_RS_111023.xlsx,2023-10-11T12:09:00Z,2023-10-11T12:09:00Z,443.8,27.66,1,NA,NA,NA,NA,NA,RS,NA,2023-10-11,20835561,2023-10-11T15:09:00Z,421.3824534751235,10448,484,924,408,6.96,11:40:40,2023-10-11T14:40:40Z,368.4
SpC_RS_111023.xlsx,2023-10-11T12:09:10Z,2023-10-11T12:09:10Z,446.20000000000005,27.66,1,NA,NA,NA,NA,NA,RS,NA,2023-10-11,20835561,2023-10-11T15:09:10Z,423.6612229396127,10448,484,924,408,6.96,11:40:40,2023-10-11T14:40:40Z,368.4
SpC_RS_111023.xlsx,2023-10-11T12:09:20Z,2023-10-11T12:09:20Z,450.1,27.650000000000002,1,NA,NA,NA,NA,NA,RS,NA,2023-10-11,20835561,2023-10-11T15:09:20Z,427.44539411206085,10448,484,924,408,6.96,11:40:40,2023-10-11T14:40:40Z,368.4
SpC_RS_111023.xlsx,2023-10-11T12:09:30Z,2023-10-11T12:09:30Z,447.8,27.66,1,NA,NA,NA,NA,NA,RS,NA,2023-10-11,20835561,2023-10-11T15:09:30Z,425.18040258260544,10448,484,924,408,6.96,11:40:40,2023-10-11T14:40:40Z,368.4
SpC_RS_111023.xlsx,2023-10-11T12:09:40Z,2023-10-11T12:09:40Z,443,27.66,1,NA,NA,NA,NA,NA,RS,NA,2023-10-11,20835561,2023-10-11T15:09:40Z,420.62286365362706,10448,484,924,408,6.96,11:40:40,2023-10-11T14:40:40Z,368.4
SpC_RS_111023.xlsx,2023-10-11T12:09:50Z,2023-10-11T12:09:50Z,444.20000000000005,27.66,1,NA,NA,NA,NA,NA,RS,NA,2023-10-11,20835561,2023-10-11T15:09:50Z,421.7622483858717,10448,484,924,408,6.96,11:40:40,2023-10-11T14:40:40Z,368.4
SpC_RS_111023.xlsx,2023-10-11T12:10:00Z,2023-10-11T12:10:00Z,443,27.66,1,NA,NA,NA,NA,NA,RS,NA,2023-10-11,20835561,2023-10-11T15:10:00Z,420.62286365362706,10448,484,924,408,6.96,11:40:40,2023-10-11T14:40:40Z,368.4
SpC_RS_111023.xlsx,2023-10-11T12:10:10Z,2023-10-11T12:10:10Z,445.8,27.66,1,NA,NA,NA,NA,NA,RS,NA,2023-10-11,20835561,2023-10-11T15:10:10Z,423.28142802886447,10448,484,924,408,6.96,11:40:40,2023-10-11T14:40:40Z,368.4
SpC_RS_111023.xlsx,2023-10-11T12:10:20Z,2023-10-11T12:10:20Z,449.70000000000005,27.66,1,NA,NA,NA,NA,NA,RS,NA,2023-10-11,20835561,2023-10-11T15:10:20Z,426.9844284086594,10448,484,924,408,6.96,11:40:40,2023-10-11T14:40:40Z,368.4
SpC_RS_111023.xlsx,2023-10-11T12:10:30Z,2023-10-11T12:10:30Z,449.3,27.66,1,NA,NA,NA,NA,NA,RS,NA,2023-10-11,20835561,2023-10-11T15:10:30Z,426.60463349791115,10448,484,924,408,6.96,11:40:40,2023-10-11T14:40:40Z,368.4
SpC_RS_111023.xlsx,2023-10-11T12:10:40Z,2023-10-11T12:10:40Z,450.5,27.66,1,NA,NA,NA,NA,NA,RS,NA,2023-10-11,20835561,2023-10-11T15:10:40Z,427.74401823015575,10448,484,924,408,6.96,11:40:40,2023-10-11T14:40:40Z,368.4
SpC_RS_111023.xlsx,2023-10-11T12:10:50Z,2023-10-11T12:10:50Z,448.20000000000005,27.66,1,NA,NA,NA,NA,NA,RS,NA,2023-10-11,20835561,2023-10-11T15:10:50Z,425.56019749335366,10448,484,924,408,6.96,11:40:40,2023-10-11T14:40:40Z,368.4
SpC_RS_111023.xlsx,2023-10-11T12:11:00Z,2023-10-11T12:11:00Z,443.8,27.66,1,NA,NA,NA,NA,NA,RS,NA,2023-10-11,20835561,2023-10-11T15:11:00Z,421.3824534751235,10448,484,924,408,6.96,11:40:40,2023-10-11T14:40:40Z,368.4
SpC_RS_111023.xlsx,2023-10-11T12:11:10Z,2023-10-11T12:11:10Z,456.90000000000003,27.66,1,NA,NA,NA,NA,NA,RS,NA,2023-10-11,20835561,2023-10-11T15:11:10Z,433.82073680212693,10448,484,924,408,6.96,11:40:40,2023-10-11T14:40:40Z,368.4
SpC_RS_111023.xlsx,2023-10-11T12:11:20Z,2023-10-11T12:11:20Z,455.3,27.66,1,NA,NA,NA,NA,NA,RS,NA,2023-10-11,20835561,2023-10-11T15:11:20Z,432.3015571591341,10448,484,924,408,6.96,11:40:40,2023-10-11T14:40:40Z,368.4
SpC_RS_111023.xlsx,2023-10-11T12:11:30Z,2023-10-11T12:11:30Z,454.90000000000003,27.66,1,NA,NA,NA,NA,NA,RS,NA,2023-10-11,20835561,2023-10-11T15:11:30Z,431.92176224838596,10448,484,924,408,6.96,11:40:40,2023-10-11T14:40:40Z,368.4
SpC_RS_111023.xlsx,2023-10-11T12:11:40Z,2023-10-11T12:11:40Z,456.5,27.66,1,NA,NA,NA,NA,NA,RS,NA,2023-10-11,20835561,2023-10-11T15:11:40Z,433.4409418913787,10448,484,924,408,6.96,11:40:40,2023-10-11T14:40:40Z,368.4
SpC_RS_111023.xlsx,2023-10-11T12:11:50Z,2023-10-11T12:11:50Z,454.5,27.66,1,NA,NA,NA,NA,NA,RS,NA,2023-10-11,20835561,2023-10-11T15:11:50Z,431.5419673376377,10448,484,924,408,6.96,11:40:40,2023-10-11T14:40:40Z,368.4
SpC_RS_111023.xlsx,2023-10-11T12:12:00Z,2023-10-11T12:12:00Z,453.3,27.66,1,NA,NA,NA,NA,NA,RS,NA,2023-10-11,20835561,2023-10-11T15:12:00Z,430.40258260539315,10448,484,924,408,6.96,11:40:40,2023-10-11T14:40:40Z,368.4
SpC_RS_111023.xlsx,2023-10-11T12:12:10Z,2023-10-11T12:12:10Z,452.90000000000003,27.66,1,NA,NA,NA,NA,NA,RS,NA,2023-10-11,20835561,2023-10-11T15:12:10Z,430.02278769464493,10448,484,924,408,6.96,11:40:40,2023-10-11T14:40:40Z,368.4
SpC_RS_111023.xlsx,2023-10-11T12:12:20Z,2023-10-11T12:12:20Z,454.1,27.66,1,NA,NA,NA,NA,NA,RS,NA,2023-10-11,20835561,2023-10-11T15:12:20Z,431.1621724268895,10448,484,924,408,6.96,11:40:40,2023-10-11T14:40:40Z,368.4
SpC_RS_111023.xlsx,2023-10-11T12:12:30Z,2023-10-11T12:12:30Z,454.5,27.66,1,NA,NA,NA,NA,NA,RS,NA,2023-10-11,20835561,2023-10-11T15:12:30Z,431.5419673376377,10448,484,924,408,6.96,11:40:40,2023-10-11T14:40:40Z,368.4
SpC_RS_111023.xlsx,2023-10-11T12:12:40Z,2023-10-11T12:12:40Z,452.5,27.68,1,NA,NA,NA,NA,NA,RS,NA,2023-10-11,20835561,2023-10-11T15:12:40Z,429.47987851176913,10448,484,924,408,6.96,11:40:40,2023-10-11T14:40:40Z,368.4
SpC_RS_111023.xlsx,2023-10-11T12:12:50Z,2023-10-11T12:12:50Z,457.3,27.66,1,NA,NA,NA,NA,NA,RS,NA,2023-10-11,20835561,2023-10-11T15:12:50Z,434.2005317128751,10448,484,924,408,6.96,11:40:40,2023-10-11T14:40:40Z,368.4
SpC_RS_111023.xlsx,2023-10-11T12:13:00Z,2023-10-11T12:13:00Z,453.3,27.66,1,NA,NA,NA,NA,NA,RS,NA,2023-10-11,20835561,2023-10-11T15:13:00Z,430.40258260539315,10448,484,924,408,6.96,11:40:40,2023-10-11T14:40:40Z,368.4
SpC_RS_111023.xlsx,2023-10-11T12:13:10Z,2023-10-11T12:13:10Z,454.90000000000003,27.66,1,NA,NA,NA,NA,NA,RS,NA,2023-10-11,20835561,2023-10-11T15:13:10Z,431.92176224838596,10448,484,924,408,6.96,11:40:40,2023-10-11T14:40:40Z,368.4
SpC_RS_111023.xlsx,2023-10-11T12:13:20Z,2023-10-11T12:13:20Z,454.90000000000003,27.66,1,NA,NA,NA,NA,NA,RS,NA,2023-10-11,20835561,2023-10-11T15:13:20Z,431.92176224838596,10448,484,924,408,6.96,11:40:40,2023-10-11T14:40:40Z,368.4
SpC_RS_111023.xlsx,2023-10-11T12:13:30Z,2023-10-11T12:13:30Z,454.5,27.66,1,NA,NA,NA,NA,NA,RS,NA,2023-10-11,20835561,2023-10-11T15:13:30Z,431.5419673376377,10448,484,924,408,6.96,11:40:40,2023-10-11T14:40:40Z,368.4
SpC_RS_111023.xlsx,2023-10-11T12:13:40Z,2023-10-11T12:13:40Z,454.90000000000003,27.66,1,NA,NA,NA,NA,NA,RS,NA,2023-10-11,20835561,2023-10-11T15:13:40Z,431.92176224838596,10448,484,924,408,6.96,11:40:40,2023-10-11T14:40:40Z,368.4
SpC_RS_111023.xlsx,2023-10-11T12:13:50Z,2023-10-11T12:13:50Z,454.90000000000003,27.66,1,NA,NA,NA,NA,NA,RS,NA,2023-10-11,20835561,2023-10-11T15:13:50Z,431.92176224838596,10448,484,924,408,6.96,11:40:40,2023-10-11T14:40:40Z,368.4
SpC_RS_111023.xlsx,2023-10-11T12:14:00Z,2023-10-11T12:14:00Z,454.90000000000003,27.68,1,NA,NA,NA,NA,NA,RS,NA,2023-10-11,20835561,2023-10-11T15:14:00Z,431.7577828397874,10448,484,924,408,6.96,11:40:40,2023-10-11T14:40:40Z,368.4
SpC_RS_111023.xlsx,2023-10-11T12:14:10Z,2023-10-11T12:14:10Z,454.5,27.66,1,NA,NA,NA,NA,NA,RS,NA,2023-10-11,20835561,2023-10-11T15:14:10Z,431.5419673376377,10448,484,924,408,6.96,11:40:40,2023-10-11T14:40:40Z,368.4
SpC_RS_111023.xlsx,2023-10-11T12:14:20Z,2023-10-11T12:14:20Z,454.5,27.66,1,NA,NA,NA,NA,NA,RS,NA,2023-10-11,20835561,2023-10-11T15:14:20Z,431.5419673376377,10448,484,924,408,6.96,11:40:40,2023-10-11T14:40:40Z,368.4
SpC_RS_111023.xlsx,2023-10-11T12:14:30Z,2023-10-11T12:14:30Z,454.5,27.68,1,NA,NA,NA,NA,NA,RS,NA,2023-10-11,20835561,2023-10-11T15:14:30Z,431.378132118451,10448,484,924,408,6.96,11:40:40,2023-10-11T14:40:40Z,368.4
SpC_RS_111023.xlsx,2023-10-11T12:14:40Z,2023-10-11T12:14:40Z,453.3,27.66,1,NA,NA,NA,NA,NA,RS,NA,2023-10-11,20835561,2023-10-11T15:14:40Z,430.40258260539315,10448,484,924,408,6.96,11:40:40,2023-10-11T14:40:40Z,368.4
SpC_RS_111023.xlsx,2023-10-11T12:14:50Z,2023-10-11T12:14:50Z,454.90000000000003,27.68,1,NA,NA,NA,NA,NA,RS,NA,2023-10-11,20835561,2023-10-11T15:14:50Z,431.7577828397874,10448,484,924,408,6.96,11:40:40,2023-10-11T14:40:40Z,368.4
SpC_RS_111023.xlsx,2023-10-11T12:15:00Z,2023-10-11T12:15:00Z,453.70000000000005,27.66,1,NA,NA,NA,NA,NA,RS,NA,2023-10-11,20835561,2023-10-11T15:15:00Z,430.78237751614137,10448,484,924,408,6.96,11:40:40,2023-10-11T14:40:40Z,368.4
SpC_RS_111023.xlsx,2023-10-11T12:15:10Z,2023-10-11T12:15:10Z,453.3,27.66,1,NA,NA,NA,NA,NA,RS,NA,2023-10-11,20835561,2023-10-11T15:15:10Z,430.40258260539315,10448,484,924,408,6.96,11:40:40,2023-10-11T14:40:40Z,368.4
SpC_RS_111023.xlsx,2023-10-11T12:15:20Z,2023-10-11T12:15:20Z,451.70000000000005,27.68,1,NA,NA,NA,NA,NA,RS,NA,2023-10-11,20835561,2023-10-11T15:15:20Z,428.72057706909646,10448,484,924,408,6.96,11:40:40,2023-10-11T14:40:40Z,368.4
SpC_RS_111023.xlsx,2023-10-11T12:15:30Z,2023-10-11T12:15:30Z,454.1,27.68,1,NA,NA,NA,NA,NA,RS,NA,2023-10-11,20835561,2023-10-11T15:15:30Z,430.99848139711463,10448,484,924,408,6.96,11:40:40,2023-10-11T14:40:40Z,368.4
SpC_RS_111023.xlsx,2023-10-11T12:15:40Z,2023-10-11T12:15:40Z,453.70000000000005,27.68,1,NA,NA,NA,NA,NA,RS,NA,2023-10-11,20835561,2023-10-11T15:15:40Z,430.61883067577827,10448,484,924,408,6.96,11:40:40,2023-10-11T14:40:40Z,368.4
SpC_RS_111023.xlsx,2023-10-11T12:15:50Z,2023-10-11T12:15:50Z,454.1,27.68,1,NA,NA,NA,NA,NA,RS,NA,2023-10-11,20835561,2023-10-11T15:15:50Z,430.99848139711463,10448,484,924,408,6.96,11:40:40,2023-10-11T14:40:40Z,368.4
SpC_RS_111023.xlsx,2023-10-11T12:16:00Z,2023-10-11T12:16:00Z,453.3,27.66,1,NA,NA,NA,NA,NA,RS,NA,2023-10-11,20835561,2023-10-11T15:16:00Z,430.40258260539315,10448,484,924,408,6.96,11:40:40,2023-10-11T14:40:40Z,368.4
SpC_RS_111023.xlsx,2023-10-11T12:16:10Z,2023-10-11T12:16:10Z,452.1,27.66,1,NA,NA,NA,NA,NA,RS,NA,2023-10-11,20835561,2023-10-11T15:16:10Z,429.26319787314856,10448,484,924,408,6.96,11:40:40,2023-10-11T14:40:40Z,368.4
SpC_RS_111023.xlsx,2023-10-11T12:16:20Z,2023-10-11T12:16:20Z,452.5,27.68,1,NA,NA,NA,NA,NA,RS,NA,2023-10-11,20835561,2023-10-11T15:16:20Z,429.47987851176913,10448,484,924,408,6.96,11:40:40,2023-10-11T14:40:40Z,368.4
SpC_RS_111023.xlsx,2023-10-11T12:16:30Z,2023-10-11T12:16:30Z,452.5,27.66,1,NA,NA,NA,NA,NA,RS,NA,2023-10-11,20835561,2023-10-11T15:16:30Z,429.6429927838967,10448,484,924,408,6.96,11:40:40,2023-10-11T14:40:40Z,368.4
SpC_RS_111023.xlsx,2023-10-11T12:16:40Z,2023-10-11T12:16:40Z,451.3,27.68,1,NA,NA,NA,NA,NA,RS,NA,2023-10-11,20835561,2023-10-11T15:16:40Z,428.34092634776005,10448,484,924,408,6.96,11:40:40,2023-10-11T14:40:40Z,368.4
SpC_RS_111023.xlsx,2023-10-11T12:16:50Z,2023-10-11T12:16:50Z,452.1,27.68,1,NA,NA,NA,NA,NA,RS,NA,2023-10-11,20835561,2023-10-11T15:16:50Z,429.10022779043277,10448,484,924,408,6.96,11:40:40,2023-10-11T14:40:40Z,368.4
SpC_RS_111023.xlsx,2023-10-11T12:17:00Z,2023-10-11T12:17:00Z,450.90000000000003,27.68,1,NA,NA,NA,NA,NA,RS,NA,2023-10-11,20835561,2023-10-11T15:17:00Z,427.9612756264237,10448,484,924,408,6.96,11:40:40,2023-10-11T14:40:40Z,368.4
SpC_RS_111023.xlsx,2023-10-11T12:17:10Z,2023-10-11T12:17:10Z,451.70000000000005,27.68,1,NA,NA,NA,NA,NA,RS,NA,2023-10-11,20835561,2023-10-11T15:17:10Z,428.72057706909646,10448,484,924,408,6.96,11:40:40,2023-10-11T14:40:40Z,368.4
SpC_RS_111023.xlsx,2023-10-11T12:17:20Z,2023-10-11T12:17:20Z,451.3,27.66,1,NA,NA,NA,NA,NA,RS,NA,2023-10-11,20835561,2023-10-11T15:17:20Z,428.5036080516522,10448,484,924,408,6.96,11:40:40,2023-10-11T14:40:40Z,368.4
SpC_RS_111023.xlsx,2023-10-11T12:17:30Z,2023-10-11T12:17:30Z,451.3,27.66,1,NA,NA,NA,NA,NA,RS,NA,2023-10-11,20835561,2023-10-11T15:17:30Z,428.5036080516522,10448,484,924,408,6.96,11:40:40,2023-10-11T14:40:40Z,368.4
SpC_RS_111023.xlsx,2023-10-11T12:17:40Z,2023-10-11T12:17:40Z,451.3,27.68,1,NA,NA,NA,NA,NA,RS,NA,2023-10-11,20835561,2023-10-11T15:17:40Z,428.34092634776005,10448,484,924,408,6.96,11:40:40,2023-10-11T14:40:40Z,368.4
SpC_RS_111023.xlsx,2023-10-11T12:17:50Z,2023-10-11T12:17:50Z,450.90000000000003,27.68,1,NA,NA,NA,NA,NA,RS,NA,2023-10-11,20835561,2023-10-11T15:17:50Z,427.9612756264237,10448,484,924,408,6.96,11:40:40,2023-10-11T14:40:40Z,368.4
SpC_RS_111023.xlsx,2023-10-11T12:18:00Z,2023-10-11T12:18:00Z,450.5,27.68,1,NA,NA,NA,NA,NA,RS,NA,2023-10-11,20835561,2023-10-11T15:18:00Z,427.58162490508727,10448,484,924,408,6.96,11:40:40,2023-10-11T14:40:40Z,368.4
SpC_RS_111023.xlsx,2023-10-11T12:18:10Z,2023-10-11T12:18:10Z,450.5,27.68,1,NA,NA,NA,NA,NA,RS,NA,2023-10-11,20835561,2023-10-11T15:18:10Z,427.58162490508727,10448,484,924,408,6.96,11:40:40,2023-10-11T14:40:40Z,368.4
SpC_RS_111023.xlsx,2023-10-11T12:18:20Z,2023-10-11T12:18:20Z,450.5,27.68,1,NA,NA,NA,NA,NA,RS,NA,2023-10-11,20835561,2023-10-11T15:18:20Z,427.58162490508727,10448,484,924,408,6.96,11:40:40,2023-10-11T14:40:40Z,368.4
SpC_RS_111023.xlsx,2023-10-11T12:18:30Z,2023-10-11T12:18:30Z,450.5,27.68,1,NA,NA,NA,NA,NA,RS,NA,2023-10-11,20835561,2023-10-11T15:18:30Z,427.58162490508727,10448,484,924,408,6.96,11:40:40,2023-10-11T14:40:40Z,368.4
SpC_RS_111023.xlsx,2023-10-11T12:18:40Z,2023-10-11T12:18:40Z,450.5,27.68,1,NA,NA,NA,NA,NA,RS,NA,2023-10-11,20835561,2023-10-11T15:18:40Z,427.58162490508727,10448,484,924,408,6.96,11:40:40,2023-10-11T14:40:40Z,368.4
SpC_RS_111023.xlsx,2023-10-11T12:18:50Z,2023-10-11T12:18:50Z,450.1,27.68,1,NA,NA,NA,NA,NA,RS,NA,2023-10-11,20835561,2023-10-11T15:18:50Z,427.2019741837509,10448,484,924,408,6.96,11:40:40,2023-10-11T14:40:40Z,368.4
SpC_RS_111023.xlsx,2023-10-11T12:19:00Z,2023-10-11T12:19:00Z,448.5,27.68,1,NA,NA,NA,NA,NA,RS,NA,2023-10-11,20835561,2023-10-11T15:19:00Z,425.6833712984054,10448,484,924,408,6.96,11:40:40,2023-10-11T14:40:40Z,368.4
SpC_RS_111023.xlsx,2023-10-11T12:19:10Z,2023-10-11T12:19:10Z,448.5,27.68,1,NA,NA,NA,NA,NA,RS,NA,2023-10-11,20835561,2023-10-11T15:19:10Z,425.6833712984054,10448,484,924,408,6.96,11:40:40,2023-10-11T14:40:40Z,368.4
SpC_RS_111023.xlsx,2023-10-11T12:19:20Z,2023-10-11T12:19:20Z,449.3,27.68,1,NA,NA,NA,NA,NA,RS,NA,2023-10-11,20835561,2023-10-11T15:19:20Z,426.4426727410782,10448,484,924,408,6.96,11:40:40,2023-10-11T14:40:40Z,368.4
SpC_RS_111023.xlsx,2023-10-11T12:19:30Z,2023-10-11T12:19:30Z,447.8,27.68,1,NA,NA,NA,NA,NA,RS,NA,2023-10-11,20835561,2023-10-11T15:19:30Z,425.0189825360668,10448,484,924,408,6.96,11:40:40,2023-10-11T14:40:40Z,368.4
SpC_RS_111023.xlsx,2023-10-11T12:19:40Z,2023-10-11T12:19:40Z,448.1,27.68,1,NA,NA,NA,NA,NA,RS,NA,2023-10-11,20835561,2023-10-11T15:19:40Z,425.3037205770691,10448,484,924,408,6.96,11:40:40,2023-10-11T14:40:40Z,368.4
SpC_RS_111023.xlsx,2023-10-11T12:19:50Z,2023-10-11T12:19:50Z,447.8,27.68,1,NA,NA,NA,NA,NA,RS,NA,2023-10-11,20835561,2023-10-11T15:19:50Z,425.0189825360668,10448,484,924,408,6.96,11:40:40,2023-10-11T14:40:40Z,368.4
SpC_RS_111023.xlsx,2023-10-11T12:20:00Z,2023-10-11T12:20:00Z,447.8,27.68,1,NA,NA,NA,NA,NA,RS,NA,2023-10-11,20835561,2023-10-11T15:20:00Z,425.0189825360668,10448,484,924,408,6.96,11:40:40,2023-10-11T14:40:40Z,368.4
SpC_RS_111023.xlsx,2023-10-11T12:20:10Z,2023-10-11T12:20:10Z,447,27.68,1,NA,NA,NA,NA,NA,RS,NA,2023-10-11,20835561,2023-10-11T15:20:10Z,424.259681093394,10448,484,924,408,6.96,11:40:40,2023-10-11T14:40:40Z,368.4
SpC_RS_111023.xlsx,2023-10-11T12:20:20Z,2023-10-11T12:20:20Z,446.6,27.68,1,NA,NA,NA,NA,NA,RS,NA,2023-10-11,20835561,2023-10-11T15:20:20Z,423.8800303720577,10448,484,924,408,6.96,11:40:40,2023-10-11T14:40:40Z,368.4
SpC_RS_111023.xlsx,2023-10-11T12:20:30Z,2023-10-11T12:20:30Z,448.1,27.68,1,NA,NA,NA,NA,NA,RS,NA,2023-10-11,20835561,2023-10-11T15:20:30Z,425.3037205770691,10448,484,924,408,6.96,11:40:40,2023-10-11T14:40:40Z,368.4
SpC_RS_111023.xlsx,2023-10-11T12:20:40Z,2023-10-11T12:20:40Z,449.70000000000005,27.68,1,NA,NA,NA,NA,NA,RS,NA,2023-10-11,20835561,2023-10-11T15:20:40Z,426.8223234624146,10448,484,924,408,6.96,11:40:40,2023-10-11T14:40:40Z,368.4
SpC_RS_111023.xlsx,2023-10-11T12:20:50Z,2023-10-11T12:20:50Z,445.40000000000003,27.68,1,NA,NA,NA,NA,NA,RS,NA,2023-10-11,20835561,2023-10-11T15:20:50Z,422.7410782080486,10448,484,924,408,6.96,11:40:40,2023-10-11T14:40:40Z,368.4
SpC_RS_111023.xlsx,2023-10-11T12:21:00Z,2023-10-11T12:21:00Z,447.40000000000003,27.68,1,NA,NA,NA,NA,NA,RS,NA,2023-10-11,20835561,2023-10-11T15:21:00Z,424.63933181473044,10448,484,924,408,6.96,11:40:40,2023-10-11T14:40:40Z,368.4
SpC_RS_111023.xlsx,2023-10-11T12:21:10Z,2023-10-11T12:21:10Z,445,27.68,1,NA,NA,NA,NA,NA,RS,NA,2023-10-11,20835561,2023-10-11T15:21:10Z,422.3614274867122,10448,484,924,408,6.96,11:40:40,2023-10-11T14:40:40Z,368.4
SpC_RS_111023.xlsx,2023-10-11T12:21:20Z,2023-10-11T12:21:20Z,445.40000000000003,27.68,1,NA,NA,NA,NA,NA,RS,NA,2023-10-11,20835561,2023-10-11T15:21:20Z,422.7410782080486,10448,484,924,408,6.96,11:40:40,2023-10-11T14:40:40Z,368.4
SpC_RS_111023.xlsx,2023-10-11T12:21:30Z,2023-10-11T12:21:30Z,445.8,27.68,1,NA,NA,NA,NA,NA,RS,NA,2023-10-11,20835561,2023-10-11T15:21:30Z,423.12072892938494,10448,484,924,408,6.96,11:40:40,2023-10-11T14:40:40Z,368.4
SpC_RS_111023.xlsx,2023-10-11T12:21:40Z,2023-10-11T12:21:40Z,447,27.68,1,NA,NA,NA,NA,NA,RS,NA,2023-10-11,20835561,2023-10-11T15:21:40Z,424.259681093394,10448,484,924,408,6.96,11:40:40,2023-10-11T14:40:40Z,368.4
SpC_RS_111023.xlsx,2023-10-11T12:21:50Z,2023-10-11T12:21:50Z,445.40000000000003,27.68,1,NA,NA,NA,NA,NA,RS,NA,2023-10-11,20835561,2023-10-11T15:21:50Z,422.7410782080486,10448,484,924,408,6.96,11:40:40,2023-10-11T14:40:40Z,368.4
SpC_RS_111023.xlsx,2023-10-11T12:22:00Z,2023-10-11T12:22:00Z,445.40000000000003,27.68,1,NA,NA,NA,NA,NA,RS,NA,2023-10-11,20835561,2023-10-11T15:22:00Z,422.7410782080486,10448,484,924,408,6.96,11:40:40,2023-10-11T14:40:40Z,368.4
SpC_RS_111023.xlsx,2023-10-11T12:22:10Z,2023-10-11T12:22:10Z,445.8,27.69,1,NA,NA,NA,NA,NA,RS,NA,2023-10-11,20835561,2023-10-11T15:22:10Z,423.04042512810776,10448,484,924,408,6.96,11:40:40,2023-10-11T14:40:40Z,368.4
SpC_RS_111023.xlsx,2023-10-11T12:22:20Z,2023-10-11T12:22:20Z,445,27.68,1,NA,NA,NA,NA,NA,RS,NA,2023-10-11,20835561,2023-10-11T15:22:20Z,422.3614274867122,10448,484,924,408,6.96,11:40:40,2023-10-11T14:40:40Z,368.4
SpC_RS_111023.xlsx,2023-10-11T12:22:30Z,2023-10-11T12:22:30Z,445.40000000000003,27.69,1,NA,NA,NA,NA,NA,RS,NA,2023-10-11,20835561,2023-10-11T15:22:30Z,422.66084646042896,10448,484,924,408,6.96,11:40:40,2023-10-11T14:40:40Z,368.4
SpC_RS_111023.xlsx,2023-10-11T12:22:40Z,2023-10-11T12:22:40Z,443.8,27.69,1,NA,NA,NA,NA,NA,RS,NA,2023-10-11,20835561,2023-10-11T15:22:40Z,421.1425317897134,10448,484,924,408,6.96,11:40:40,2023-10-11T14:40:40Z,368.4
SpC_RS_111023.xlsx,2023-10-11T12:22:50Z,2023-10-11T12:22:50Z,443.8,27.68,1,NA,NA,NA,NA,NA,RS,NA,2023-10-11,20835561,2023-10-11T15:22:50Z,421.2224753227031,10448,484,924,408,6.96,11:40:40,2023-10-11T14:40:40Z,368.4
SpC_RS_111023.xlsx,2023-10-11T12:23:00Z,2023-10-11T12:23:00Z,444.6,27.69,1,NA,NA,NA,NA,NA,RS,NA,2023-10-11,20835561,2023-10-11T15:23:00Z,421.9016891250712,10448,484,924,408,6.96,11:40:40,2023-10-11T14:40:40Z,368.4
SpC_RS_111023.xlsx,2023-10-11T12:23:10Z,2023-10-11T12:23:10Z,445,27.69,1,NA,NA,NA,NA,NA,RS,NA,2023-10-11,20835561,2023-10-11T15:23:10Z,422.28126779275004,10448,484,924,408,6.96,11:40:40,2023-10-11T14:40:40Z,368.4
SpC_RS_111023.xlsx,2023-10-11T12:23:20Z,2023-10-11T12:23:20Z,441.40000000000003,27.69,1,NA,NA,NA,NA,NA,RS,NA,2023-10-11,20835561,2023-10-11T15:23:20Z,418.86505978364016,10448,484,924,408,6.96,11:40:40,2023-10-11T14:40:40Z,368.4
SpC_RS_111023.xlsx,2023-10-11T12:23:30Z,2023-10-11T12:23:30Z,442.6,27.69,1,NA,NA,NA,NA,NA,RS,NA,2023-10-11,20835561,2023-10-11T15:23:30Z,420.0037957866768,10448,484,924,408,6.96,11:40:40,2023-10-11T14:40:40Z,368.4
SpC_RS_111023.xlsx,2023-10-11T12:23:40Z,2023-10-11T12:23:40Z,444.20000000000005,27.69,1,NA,NA,NA,NA,NA,RS,NA,2023-10-11,20835561,2023-10-11T15:23:40Z,421.52211045739233,10448,484,924,408,6.96,11:40:40,2023-10-11T14:40:40Z,368.4
SpC_RS_111023.xlsx,2023-10-11T12:23:50Z,2023-10-11T12:23:50Z,445,27.68,1,NA,NA,NA,NA,NA,RS,NA,2023-10-11,20835561,2023-10-11T15:23:50Z,422.3614274867122,10448,484,924,408,6.96,11:40:40,2023-10-11T14:40:40Z,368.4
SpC_RS_111023.xlsx,2023-10-11T12:24:00Z,2023-10-11T12:24:00Z,443,27.69,1,NA,NA,NA,NA,NA,RS,NA,2023-10-11,20835561,2023-10-11T15:24:00Z,420.38337445435565,10448,484,924,408,6.96,11:40:40,2023-10-11T14:40:40Z,368.4
SpC_RS_111023.xlsx,2023-10-11T12:24:10Z,2023-10-11T12:24:10Z,442.20000000000005,27.68,1,NA,NA,NA,NA,NA,RS,NA,2023-10-11,20835561,2023-10-11T15:24:10Z,419.70387243735763,10448,484,924,408,6.96,11:40:40,2023-10-11T14:40:40Z,368.4
SpC_RS_111023.xlsx,2023-10-11T12:24:20Z,2023-10-11T12:24:20Z,442.20000000000005,27.69,1,NA,NA,NA,NA,NA,RS,NA,2023-10-11,20835561,2023-10-11T15:24:20Z,419.62421711899793,10448,484,924,408,6.96,11:40:40,2023-10-11T14:40:40Z,368.4
SpC_RS_111023.xlsx,2023-10-11T12:24:30Z,2023-10-11T12:24:30Z,443,27.69,1,NA,NA,NA,NA,NA,RS,NA,2023-10-11,20835561,2023-10-11T15:24:30Z,420.38337445435565,10448,484,924,408,6.96,11:40:40,2023-10-11T14:40:40Z,368.4
SpC_RS_111023.xlsx,2023-10-11T12:24:40Z,2023-10-11T12:24:40Z,441.40000000000003,27.69,1,NA,NA,NA,NA,NA,RS,NA,2023-10-11,20835561,2023-10-11T15:24:40Z,418.86505978364016,10448,484,924,408,6.96,11:40:40,2023-10-11T14:40:40Z,368.4
SpC_RS_111023.xlsx,2023-10-11T12:24:50Z,2023-10-11T12:24:50Z,441.40000000000003,27.69,1,NA,NA,NA,NA,NA,RS,NA,2023-10-11,20835561,2023-10-11T15:24:50Z,418.86505978364016,10448,484,924,408,6.96,11:40:40,2023-10-11T14:40:40Z,368.4
SpC_RS_111023.xlsx,2023-10-11T12:25:00Z,2023-10-11T12:25:00Z,441.40000000000003,27.69,1,NA,NA,NA,NA,NA,RS,NA,2023-10-11,20835561,2023-10-11T15:25:00Z,418.86505978364016,10448,484,924,408,6.96,11:40:40,2023-10-11T14:40:40Z,368.4
SpC_RS_111023.xlsx,2023-10-11T12:25:10Z,2023-10-11T12:25:10Z,441.40000000000003,27.69,1,NA,NA,NA,NA,NA,RS,NA,2023-10-11,20835561,2023-10-11T15:25:10Z,418.86505978364016,10448,484,924,408,6.96,11:40:40,2023-10-11T14:40:40Z,368.4
SpC_RS_111023.xlsx,2023-10-11T12:25:20Z,2023-10-11T12:25:20Z,442.20000000000005,27.68,1,NA,NA,NA,NA,NA,RS,NA,2023-10-11,20835561,2023-10-11T15:25:20Z,419.70387243735763,10448,484,924,408,6.96,11:40:40,2023-10-11T14:40:40Z,368.4
SpC_RS_111023.xlsx,2023-10-11T12:25:30Z,2023-10-11T12:25:30Z,441,27.69,1,NA,NA,NA,NA,NA,RS,NA,2023-10-11,20835561,2023-10-11T15:25:30Z,418.48548111596125,10448,484,924,408,6.96,11:40:40,2023-10-11T14:40:40Z,368.4
SpC_RS_111023.xlsx,2023-10-11T12:25:40Z,2023-10-11T12:25:40Z,442.20000000000005,27.69,1,NA,NA,NA,NA,NA,RS,NA,2023-10-11,20835561,2023-10-11T15:25:40Z,419.62421711899793,10448,484,924,408,6.96,11:40:40,2023-10-11T14:40:40Z,368.4
SpC_RS_111023.xlsx,2023-10-11T12:25:50Z,2023-10-11T12:25:50Z,439.8,27.69,1,NA,NA,NA,NA,NA,RS,NA,2023-10-11,20835561,2023-10-11T15:25:50Z,417.3467451129246,10448,484,924,408,6.96,11:40:40,2023-10-11T14:40:40Z,368.4
SpC_RS_111023.xlsx,2023-10-11T12:26:00Z,2023-10-11T12:26:00Z,440.20000000000005,27.69,1,NA,NA,NA,NA,NA,RS,NA,2023-10-11,20835561,2023-10-11T15:26:00Z,417.72632378060354,10448,484,924,408,6.96,11:40:40,2023-10-11T14:40:40Z,368.4
SpC_RS_111023.xlsx,2023-10-11T12:26:10Z,2023-10-11T12:26:10Z,439,27.69,1,NA,NA,NA,NA,NA,RS,NA,2023-10-11,20835561,2023-10-11T15:26:10Z,416.58758777756685,10448,484,924,408,6.96,11:40:40,2023-10-11T14:40:40Z,368.4
SpC_RS_111023.xlsx,2023-10-11T12:26:20Z,2023-10-11T12:26:20Z,439.40000000000003,27.69,1,NA,NA,NA,NA,NA,RS,NA,2023-10-11,20835561,2023-10-11T15:26:20Z,416.96716644524577,10448,484,924,408,6.96,11:40:40,2023-10-11T14:40:40Z,368.4
SpC_RS_111023.xlsx,2023-10-11T12:26:30Z,2023-10-11T12:26:30Z,439.40000000000003,27.69,1,NA,NA,NA,NA,NA,RS,NA,2023-10-11,20835561,2023-10-11T15:26:30Z,416.96716644524577,10448,484,924,408,6.96,11:40:40,2023-10-11T14:40:40Z,368.4
SpC_RS_111023.xlsx,2023-10-11T12:26:40Z,2023-10-11T12:26:40Z,440.20000000000005,27.69,1,NA,NA,NA,NA,NA,RS,NA,2023-10-11,20835561,2023-10-11T15:26:40Z,417.72632378060354,10448,484,924,408,6.96,11:40:40,2023-10-11T14:40:40Z,368.4
SpC_RS_111023.xlsx,2023-10-11T12:26:50Z,2023-10-11T12:26:50Z,439.40000000000003,27.68,1,NA,NA,NA,NA,NA,RS,NA,2023-10-11,20835561,2023-10-11T15:26:50Z,417.04631738800305,10448,484,924,408,6.96,11:40:40,2023-10-11T14:40:40Z,368.4
SpC_RS_111023.xlsx,2023-10-11T12:27:00Z,2023-10-11T12:27:00Z,442.20000000000005,27.69,1,NA,NA,NA,NA,NA,RS,NA,2023-10-11,20835561,2023-10-11T15:27:00Z,419.62421711899793,10448,484,924,408,6.96,11:40:40,2023-10-11T14:40:40Z,368.4
SpC_RS_111023.xlsx,2023-10-11T12:27:10Z,2023-10-11T12:27:10Z,443,27.69,1,NA,NA,NA,NA,NA,RS,NA,2023-10-11,20835561,2023-10-11T15:27:10Z,420.38337445435565,10448,484,924,408,6.96,11:40:40,2023-10-11T14:40:40Z,368.4
SpC_RS_111023.xlsx,2023-10-11T12:27:20Z,2023-10-11T12:27:20Z,440.20000000000005,27.69,1,NA,NA,NA,NA,NA,RS,NA,2023-10-11,20835561,2023-10-11T15:27:20Z,417.72632378060354,10448,484,924,408,6.96,11:40:40,2023-10-11T14:40:40Z,368.4
SpC_RS_111023.xlsx,2023-10-11T12:27:30Z,2023-10-11T12:27:30Z,440.20000000000005,27.69,1,NA,NA,NA,NA,NA,RS,NA,2023-10-11,20835561,2023-10-11T15:27:30Z,417.72632378060354,10448,484,924,408,6.96,11:40:40,2023-10-11T14:40:40Z,368.4
SpC_RS_111023.xlsx,2023-10-11T12:27:40Z,2023-10-11T12:27:40Z,438.6,27.69,1,NA,NA,NA,NA,NA,RS,NA,2023-10-11,20835561,2023-10-11T15:27:40Z,416.208009109888,10448,484,924,408,6.96,11:40:40,2023-10-11T14:40:40Z,368.4
SpC_RS_111023.xlsx,2023-10-11T12:27:50Z,2023-10-11T12:27:50Z,439.8,27.69,1,NA,NA,NA,NA,NA,RS,NA,2023-10-11,20835561,2023-10-11T15:27:50Z,417.3467451129246,10448,484,924,408,6.96,11:40:40,2023-10-11T14:40:40Z,368.4
SpC_RS_111023.xlsx,2023-10-11T12:28:00Z,2023-10-11T12:28:00Z,438.20000000000005,27.69,1,NA,NA,NA,NA,NA,RS,NA,2023-10-11,20835561,2023-10-11T15:28:00Z,415.82843044220914,10448,484,924,408,6.96,11:40:40,2023-10-11T14:40:40Z,368.4
SpC_RS_111023.xlsx,2023-10-11T12:28:10Z,2023-10-11T12:28:10Z,438.20000000000005,27.69,1,NA,NA,NA,NA,NA,RS,NA,2023-10-11,20835561,2023-10-11T15:28:10Z,415.82843044220914,10448,484,924,408,6.96,11:40:40,2023-10-11T14:40:40Z,368.4
SpC_RS_111023.xlsx,2023-10-11T12:28:20Z,2023-10-11T12:28:20Z,439.40000000000003,27.69,1,NA,NA,NA,NA,NA,RS,NA,2023-10-11,20835561,2023-10-11T15:28:20Z,416.96716644524577,10448,484,924,408,6.96,11:40:40,2023-10-11T14:40:40Z,368.4
SpC_RS_111023.xlsx,2023-10-11T12:28:30Z,2023-10-11T12:28:30Z,439.40000000000003,27.69,1,NA,NA,NA,NA,NA,RS,NA,2023-10-11,20835561,2023-10-11T15:28:30Z,416.96716644524577,10448,484,924,408,6.96,11:40:40,2023-10-11T14:40:40Z,368.4
SpC_RS_111023.xlsx,2023-10-11T12:28:40Z,2023-10-11T12:28:40Z,438.20000000000005,27.69,1,NA,NA,NA,NA,NA,RS,NA,2023-10-11,20835561,2023-10-11T15:28:40Z,415.82843044220914,10448,484,924,408,6.96,11:40:40,2023-10-11T14:40:40Z,368.4
SpC_RS_111023.xlsx,2023-10-11T12:28:50Z,2023-10-11T12:28:50Z,438.20000000000005,27.69,1,NA,NA,NA,NA,NA,RS,NA,2023-10-11,20835561,2023-10-11T15:28:50Z,415.82843044220914,10448,484,924,408,6.96,11:40:40,2023-10-11T14:40:40Z,368.4
SpC_RS_111023.xlsx,2023-10-11T12:29:00Z,2023-10-11T12:29:00Z,438.20000000000005,27.69,1,NA,NA,NA,NA,NA,RS,NA,2023-10-11,20835561,2023-10-11T15:29:00Z,415.82843044220914,10448,484,924,408,6.96,11:40:40,2023-10-11T14:40:40Z,368.4
SpC_RS_111023.xlsx,2023-10-11T12:29:10Z,2023-10-11T12:29:10Z,440.20000000000005,27.69,1,NA,NA,NA,NA,NA,RS,NA,2023-10-11,20835561,2023-10-11T15:29:10Z,417.72632378060354,10448,484,924,408,6.96,11:40:40,2023-10-11T14:40:40Z,368.4
SpC_RS_111023.xlsx,2023-10-11T12:29:20Z,2023-10-11T12:29:20Z,438.6,27.69,1,NA,NA,NA,NA,NA,RS,NA,2023-10-11,20835561,2023-10-11T15:29:20Z,416.208009109888,10448,484,924,408,6.96,11:40:40,2023-10-11T14:40:40Z,368.4
SpC_RS_111023.xlsx,2023-10-11T12:29:30Z,2023-10-11T12:29:30Z,439.40000000000003,27.69,1,NA,NA,NA,NA,NA,RS,NA,2023-10-11,20835561,2023-10-11T15:29:30Z,416.96716644524577,10448,484,924,408,6.96,11:40:40,2023-10-11T14:40:40Z,368.4
SpC_RS_111023.xlsx,2023-10-11T12:29:40Z,2023-10-11T12:29:40Z,436.70000000000005,27.69,1,NA,NA,NA,NA,NA,RS,NA,2023-10-11,20835561,2023-10-11T15:29:40Z,414.4050104384134,10448,484,924,408,6.96,11:40:40,2023-10-11T14:40:40Z,368.4
SpC_RS_111023.xlsx,2023-10-11T12:29:50Z,2023-10-11T12:29:50Z,437.1,27.69,1,NA,NA,NA,NA,NA,RS,NA,2023-10-11,20835561,2023-10-11T15:29:50Z,414.78458910609226,10448,484,924,408,6.96,11:40:40,2023-10-11T14:40:40Z,368.4
SpC_RS_111023.xlsx,2023-10-11T12:30:00Z,2023-10-11T12:30:00Z,437.5,27.69,1,NA,NA,NA,NA,NA,RS,NA,2023-10-11,20835561,2023-10-11T15:30:00Z,415.1641677737711,10448,484,924,408,6.96,11:40:40,2023-10-11T14:40:40Z,368.4
SpC_RS_111023.xlsx,2023-10-11T12:30:10Z,2023-10-11T12:30:10Z,437.5,27.7,1,NA,NA,NA,NA,NA,RS,NA,2023-10-11,20835561,2023-10-11T15:30:10Z,415.0853889943074,10448,484,924,408,6.96,11:40:40,2023-10-11T14:40:40Z,368.4
SpC_RS_111023.xlsx,2023-10-11T12:30:20Z,2023-10-11T12:30:20Z,437.5,27.69,1,NA,NA,NA,NA,NA,RS,NA,2023-10-11,20835561,2023-10-11T15:30:20Z,415.1641677737711,10448,484,924,408,6.96,11:40:40,2023-10-11T14:40:40Z,368.4
SpC_RS_111023.xlsx,2023-10-11T12:30:30Z,2023-10-11T12:30:30Z,438.6,27.69,1,NA,NA,NA,NA,NA,RS,NA,2023-10-11,20835561,2023-10-11T15:30:30Z,416.208009109888,10448,484,924,408,6.96,11:40:40,2023-10-11T14:40:40Z,368.4
SpC_RS_111023.xlsx,2023-10-11T12:30:40Z,2023-10-11T12:30:40Z,437.5,27.69,1,NA,NA,NA,NA,NA,RS,NA,2023-10-11,20835561,2023-10-11T15:30:40Z,415.1641677737711,10448,484,924,408,6.96,11:40:40,2023-10-11T14:40:40Z,368.4
SpC_RS_111023.xlsx,2023-10-11T12:30:50Z,2023-10-11T12:30:50Z,437.8,27.7,1,NA,NA,NA,NA,NA,RS,NA,2023-10-11,20835561,2023-10-11T15:30:50Z,415.3700189753321,10448,484,924,408,6.96,11:40:40,2023-10-11T14:40:40Z,368.4
SpC_RS_111023.xlsx,2023-10-11T12:31:00Z,2023-10-11T12:31:00Z,437.5,27.7,1,NA,NA,NA,NA,NA,RS,NA,2023-10-11,20835561,2023-10-11T15:31:00Z,415.0853889943074,10448,484,924,408,6.96,11:40:40,2023-10-11T14:40:40Z,368.4
SpC_RS_111023.xlsx,2023-10-11T12:31:10Z,2023-10-11T12:31:10Z,437.8,27.7,1,NA,NA,NA,NA,NA,RS,NA,2023-10-11,20835561,2023-10-11T15:31:10Z,415.3700189753321,10448,484,924,408,6.96,11:40:40,2023-10-11T14:40:40Z,368.4
SpC_RS_111023.xlsx,2023-10-11T12:31:20Z,2023-10-11T12:31:20Z,439,27.69,1,NA,NA,NA,NA,NA,RS,NA,2023-10-11,20835561,2023-10-11T15:31:20Z,416.58758777756685,10448,484,924,408,6.96,11:40:40,2023-10-11T14:40:40Z,368.4
SpC_RS_111023.xlsx,2023-10-11T12:31:30Z,2023-10-11T12:31:30Z,435.90000000000003,27.7,1,NA,NA,NA,NA,NA,RS,NA,2023-10-11,20835561,2023-10-11T15:31:30Z,413.5673624288425,10448,484,924,408,6.96,11:40:40,2023-10-11T14:40:40Z,368.4
SpC_RS_111023.xlsx,2023-10-11T12:31:40Z,2023-10-11T12:31:40Z,435.90000000000003,27.7,1,NA,NA,NA,NA,NA,RS,NA,2023-10-11,20835561,2023-10-11T15:31:40Z,413.5673624288425,10448,484,924,408,6.96,11:40:40,2023-10-11T14:40:40Z,368.4
SpC_RS_111023.xlsx,2023-10-11T12:31:50Z,2023-10-11T12:31:50Z,436.70000000000005,27.69,1,NA,NA,NA,NA,NA,RS,NA,2023-10-11,20835561,2023-10-11T15:31:50Z,414.4050104384134,10448,484,924,408,6.96,11:40:40,2023-10-11T14:40:40Z,368.4
SpC_RS_111023.xlsx,2023-10-11T12:32:00Z,2023-10-11T12:32:00Z,437.5,27.69,1,NA,NA,NA,NA,NA,RS,NA,2023-10-11,20835561,2023-10-11T15:32:00Z,415.1641677737711,10448,484,924,408,6.96,11:40:40,2023-10-11T14:40:40Z,368.4
SpC_RS_111023.xlsx,2023-10-11T12:32:10Z,2023-10-11T12:32:10Z,436.3,27.69,1,NA,NA,NA,NA,NA,RS,NA,2023-10-11,20835561,2023-10-11T15:32:10Z,414.0254317707345,10448,484,924,408,6.96,11:40:40,2023-10-11T14:40:40Z,368.4
SpC_RS_111023.xlsx,2023-10-11T12:32:20Z,2023-10-11T12:32:20Z,435.90000000000003,27.69,1,NA,NA,NA,NA,NA,RS,NA,2023-10-11,20835561,2023-10-11T15:32:20Z,413.64585310305563,10448,484,924,408,6.96,11:40:40,2023-10-11T14:40:40Z,368.4
SpC_RS_111023.xlsx,2023-10-11T12:32:30Z,2023-10-11T12:32:30Z,435.90000000000003,27.7,1,NA,NA,NA,NA,NA,RS,NA,2023-10-11,20835561,2023-10-11T15:32:30Z,413.5673624288425,10448,484,924,408,6.96,11:40:40,2023-10-11T14:40:40Z,368.4
SpC_RS_111023.xlsx,2023-10-11T12:32:40Z,2023-10-11T12:32:40Z,436.3,27.69,1,NA,NA,NA,NA,NA,RS,NA,2023-10-11,20835561,2023-10-11T15:32:40Z,414.0254317707345,10448,484,924,408,6.96,11:40:40,2023-10-11T14:40:40Z,368.4
SpC_RS_111023.xlsx,2023-10-11T12:32:50Z,2023-10-11T12:32:50Z,437.1,27.69,1,NA,NA,NA,NA,NA,RS,NA,2023-10-11,20835561,2023-10-11T15:32:50Z,414.78458910609226,10448,484,924,408,6.96,11:40:40,2023-10-11T14:40:40Z,368.4
SpC_RS_111023.xlsx,2023-10-11T12:33:00Z,2023-10-11T12:33:00Z,436.3,27.7,1,NA,NA,NA,NA,NA,RS,NA,2023-10-11,20835561,2023-10-11T15:33:00Z,413.9468690702087,10448,484,924,408,6.96,11:40:40,2023-10-11T14:40:40Z,368.4
SpC_RS_111023.xlsx,2023-10-11T12:33:10Z,2023-10-11T12:33:10Z,436.3,27.69,1,NA,NA,NA,NA,NA,RS,NA,2023-10-11,20835561,2023-10-11T15:33:10Z,414.0254317707345,10448,484,924,408,6.96,11:40:40,2023-10-11T14:40:40Z,368.4
SpC_RS_111023.xlsx,2023-10-11T12:33:20Z,2023-10-11T12:33:20Z,435.90000000000003,27.7,1,NA,NA,NA,NA,NA,RS,NA,2023-10-11,20835561,2023-10-11T15:33:20Z,413.5673624288425,10448,484,924,408,6.96,11:40:40,2023-10-11T14:40:40Z,368.4
SpC_RS_111023.xlsx,2023-10-11T12:33:30Z,2023-10-11T12:33:30Z,435.5,27.7,1,NA,NA,NA,NA,NA,RS,NA,2023-10-11,20835561,2023-10-11T15:33:30Z,413.1878557874763,10448,484,924,408,6.96,11:40:40,2023-10-11T14:40:40Z,368.4
SpC_RS_111023.xlsx,2023-10-11T12:33:40Z,2023-10-11T12:33:40Z,436.3,27.7,1,NA,NA,NA,NA,NA,RS,NA,2023-10-11,20835561,2023-10-11T15:33:40Z,413.9468690702087,10448,484,924,408,6.96,11:40:40,2023-10-11T14:40:40Z,368.4
SpC_RS_111023.xlsx,2023-10-11T12:33:50Z,2023-10-11T12:33:50Z,437.5,27.7,1,NA,NA,NA,NA,NA,RS,NA,2023-10-11,20835561,2023-10-11T15:33:50Z,415.0853889943074,10448,484,924,408,6.96,11:40:40,2023-10-11T14:40:40Z,368.4
SpC_RS_111023.xlsx,2023-10-11T12:34:00Z,2023-10-11T12:34:00Z,435.5,27.7,1,NA,NA,NA,NA,NA,RS,NA,2023-10-11,20835561,2023-10-11T15:34:00Z,413.1878557874763,10448,484,924,408,6.96,11:40:40,2023-10-11T14:40:40Z,368.4
SpC_RS_111023.xlsx,2023-10-11T12:34:10Z,2023-10-11T12:34:10Z,435.5,27.7,1,NA,NA,NA,NA,NA,RS,NA,2023-10-11,20835561,2023-10-11T15:34:10Z,413.1878557874763,10448,484,924,408,6.96,11:40:40,2023-10-11T14:40:40Z,368.4
SpC_RS_111023.xlsx,2023-10-11T12:34:20Z,2023-10-11T12:34:20Z,435.90000000000003,27.7,1,NA,NA,NA,NA,NA,RS,NA,2023-10-11,20835561,2023-10-11T15:34:20Z,413.5673624288425,10448,484,924,408,6.96,11:40:40,2023-10-11T14:40:40Z,368.4
SpC_RS_111023.xlsx,2023-10-11T12:34:30Z,2023-10-11T12:34:30Z,436.70000000000005,27.7,1,NA,NA,NA,NA,NA,RS,NA,2023-10-11,20835561,2023-10-11T15:34:30Z,414.326375711575,10448,484,924,408,6.96,11:40:40,2023-10-11T14:40:40Z,368.4
SpC_RS_111023.xlsx,2023-10-11T12:34:40Z,2023-10-11T12:34:40Z,435.90000000000003,27.7,1,NA,NA,NA,NA,NA,RS,NA,2023-10-11,20835561,2023-10-11T15:34:40Z,413.5673624288425,10448,484,924,408,6.96,11:40:40,2023-10-11T14:40:40Z,368.4
SpC_RS_111023.xlsx,2023-10-11T12:34:50Z,2023-10-11T12:34:50Z,437.1,27.7,1,NA,NA,NA,NA,NA,RS,NA,2023-10-11,20835561,2023-10-11T15:34:50Z,414.70588235294116,10448,484,924,408,6.96,11:40:40,2023-10-11T14:40:40Z,368.4
SpC_RS_111023.xlsx,2023-10-11T12:35:00Z,2023-10-11T12:35:00Z,435.90000000000003,27.7,1,NA,NA,NA,NA,NA,RS,NA,2023-10-11,20835561,2023-10-11T15:35:00Z,413.5673624288425,10448,484,924,408,6.96,11:40:40,2023-10-11T14:40:40Z,368.4
SpC_RS_111023.xlsx,2023-10-11T12:35:10Z,2023-10-11T12:35:10Z,436.70000000000005,27.7,1,NA,NA,NA,NA,NA,RS,NA,2023-10-11,20835561,2023-10-11T15:35:10Z,414.326375711575,10448,484,924,408,6.96,11:40:40,2023-10-11T14:40:40Z,368.4
SpC_RS_111023.xlsx,2023-10-11T12:35:20Z,2023-10-11T12:35:20Z,436.3,27.7,1,NA,NA,NA,NA,NA,RS,NA,2023-10-11,20835561,2023-10-11T15:35:20Z,413.9468690702087,10448,484,924,408,6.96,11:40:40,2023-10-11T14:40:40Z,368.4
SpC_RS_111023.xlsx,2023-10-11T12:35:30Z,2023-10-11T12:35:30Z,436.3,27.7,1,NA,NA,NA,NA,NA,RS,NA,2023-10-11,20835561,2023-10-11T15:35:30Z,413.9468690702087,10448,484,924,408,6.96,11:40:40,2023-10-11T14:40:40Z,368.4
SpC_RS_111023.xlsx,2023-10-11T12:35:40Z,2023-10-11T12:35:40Z,435.5,27.7,1,NA,NA,NA,NA,NA,RS,NA,2023-10-11,20835561,2023-10-11T15:35:40Z,413.1878557874763,10448,484,924,408,6.96,11:40:40,2023-10-11T14:40:40Z,368.4
SpC_RS_111023.xlsx,2023-10-11T12:35:50Z,2023-10-11T12:35:50Z,435.90000000000003,27.7,1,NA,NA,NA,NA,NA,RS,NA,2023-10-11,20835561,2023-10-11T15:35:50Z,413.5673624288425,10448,484,924,408,6.96,11:40:40,2023-10-11T14:40:40Z,368.4
SpC_RS_111023.xlsx,2023-10-11T12:36:00Z,2023-10-11T12:36:00Z,435.90000000000003,27.71,1,NA,NA,NA,NA,NA,RS,NA,2023-10-11,20835561,2023-10-11T15:36:00Z,413.48890153671033,10448,484,924,408,6.96,11:40:40,2023-10-11T14:40:40Z,368.4
SpC_RS_111023.xlsx,2023-10-11T12:36:10Z,2023-10-11T12:36:10Z,434.70000000000005,27.7,1,NA,NA,NA,NA,NA,RS,NA,2023-10-11,20835561,2023-10-11T15:36:10Z,412.42884250474384,10448,484,924,408,6.96,11:40:40,2023-10-11T14:40:40Z,368.4
SpC_RS_111023.xlsx,2023-10-11T12:36:20Z,2023-10-11T12:36:20Z,435.1,27.7,1,NA,NA,NA,NA,NA,RS,NA,2023-10-11,20835561,2023-10-11T15:36:20Z,412.80834914611006,10448,484,924,408,6.96,11:40:40,2023-10-11T14:40:40Z,368.4
SpC_RS_111023.xlsx,2023-10-11T12:36:30Z,2023-10-11T12:36:30Z,434.70000000000005,27.7,1,NA,NA,NA,NA,NA,RS,NA,2023-10-11,20835561,2023-10-11T15:36:30Z,412.42884250474384,10448,484,924,408,6.96,11:40:40,2023-10-11T14:40:40Z,368.4
SpC_RS_111023.xlsx,2023-10-11T12:36:40Z,2023-10-11T12:36:40Z,435.90000000000003,27.71,1,NA,NA,NA,NA,NA,RS,NA,2023-10-11,20835561,2023-10-11T15:36:40Z,413.48890153671033,10448,484,924,408,6.96,11:40:40,2023-10-11T14:40:40Z,368.4
SpC_RS_111023.xlsx,2023-10-11T12:36:50Z,2023-10-11T12:36:50Z,435.1,27.7,1,NA,NA,NA,NA,NA,RS,NA,2023-10-11,20835561,2023-10-11T15:36:50Z,412.80834914611006,10448,484,924,408,6.96,11:40:40,2023-10-11T14:40:40Z,368.4
SpC_RS_111023.xlsx,2023-10-11T12:37:00Z,2023-10-11T12:37:00Z,435.5,27.7,1,NA,NA,NA,NA,NA,RS,NA,2023-10-11,20835561,2023-10-11T15:37:00Z,413.1878557874763,10448,484,924,408,6.96,11:40:40,2023-10-11T14:40:40Z,368.4
SpC_RS_111023.xlsx,2023-10-11T12:37:10Z,2023-10-11T12:37:10Z,434.70000000000005,27.71,1,NA,NA,NA,NA,NA,RS,NA,2023-10-11,20835561,2023-10-11T15:37:10Z,412.35059760956176,10448,484,924,408,6.96,11:40:40,2023-10-11T14:40:40Z,368.4
SpC_RS_111023.xlsx,2023-10-11T12:37:20Z,2023-10-11T12:37:20Z,435.90000000000003,27.71,1,NA,NA,NA,NA,NA,RS,NA,2023-10-11,20835561,2023-10-11T15:37:20Z,413.48890153671033,10448,484,924,408,6.96,11:40:40,2023-10-11T14:40:40Z,368.4
SpC_RS_111023.xlsx,2023-10-11T12:37:30Z,2023-10-11T12:37:30Z,435.5,27.7,1,NA,NA,NA,NA,NA,RS,NA,2023-10-11,20835561,2023-10-11T15:37:30Z,413.1878557874763,10448,484,924,408,6.96,11:40:40,2023-10-11T14:40:40Z,368.4
SpC_RS_111023.xlsx,2023-10-11T12:37:40Z,2023-10-11T12:37:40Z,434.3,27.71,1,NA,NA,NA,NA,NA,RS,NA,2023-10-11,20835561,2023-10-11T15:37:40Z,411.9711629671789,10448,484,924,408,6.96,11:40:40,2023-10-11T14:40:40Z,368.4
SpC_RS_111023.xlsx,2023-10-11T12:37:50Z,2023-10-11T12:37:50Z,434.3,27.7,1,NA,NA,NA,NA,NA,RS,NA,2023-10-11,20835561,2023-10-11T15:37:50Z,412.0493358633776,10448,484,924,408,6.96,11:40:40,2023-10-11T14:40:40Z,368.4
SpC_RS_111023.xlsx,2023-10-11T12:38:00Z,2023-10-11T12:38:00Z,434.3,27.71,1,NA,NA,NA,NA,NA,RS,NA,2023-10-11,20835561,2023-10-11T15:38:00Z,411.9711629671789,10448,484,924,408,6.96,11:40:40,2023-10-11T14:40:40Z,368.4
SpC_RS_111023.xlsx,2023-10-11T12:38:10Z,2023-10-11T12:38:10Z,434.3,27.71,1,NA,NA,NA,NA,NA,RS,NA,2023-10-11,20835561,2023-10-11T15:38:10Z,411.9711629671789,10448,484,924,408,6.96,11:40:40,2023-10-11T14:40:40Z,368.4
SpC_RS_111023.xlsx,2023-10-11T12:38:20Z,2023-10-11T12:38:20Z,435.5,27.71,1,NA,NA,NA,NA,NA,RS,NA,2023-10-11,20835561,2023-10-11T15:38:20Z,413.10946689432745,10448,484,924,408,6.96,11:40:40,2023-10-11T14:40:40Z,368.4
SpC_RS_111023.xlsx,2023-10-11T12:38:30Z,2023-10-11T12:38:30Z,435.1,27.71,1,NA,NA,NA,NA,NA,RS,NA,2023-10-11,20835561,2023-10-11T15:38:30Z,412.73003225194464,10448,484,924,408,6.96,11:40:40,2023-10-11T14:40:40Z,368.4
SpC_RS_111023.xlsx,2023-10-11T12:38:40Z,2023-10-11T12:38:40Z,435.90000000000003,27.71,1,NA,NA,NA,NA,NA,RS,NA,2023-10-11,20835561,2023-10-11T15:38:40Z,413.48890153671033,10448,484,924,408,6.96,11:40:40,2023-10-11T14:40:40Z,368.4
SpC_RS_111023.xlsx,2023-10-11T12:38:50Z,2023-10-11T12:38:50Z,435.5,27.7,1,NA,NA,NA,NA,NA,RS,NA,2023-10-11,20835561,2023-10-11T15:38:50Z,413.1878557874763,10448,484,924,408,6.96,11:40:40,2023-10-11T14:40:40Z,368.4
SpC_RS_111023.xlsx,2023-10-11T12:39:00Z,2023-10-11T12:39:00Z,435.5,27.71,1,NA,NA,NA,NA,NA,RS,NA,2023-10-11,20835561,2023-10-11T15:39:00Z,413.10946689432745,10448,484,924,408,6.96,11:40:40,2023-10-11T14:40:40Z,368.4
SpC_RS_111023.xlsx,2023-10-11T12:39:10Z,2023-10-11T12:39:10Z,435.5,27.71,1,NA,NA,NA,NA,NA,RS,NA,2023-10-11,20835561,2023-10-11T15:39:10Z,413.10946689432745,10448,484,924,408,6.96,11:40:40,2023-10-11T14:40:40Z,368.4
SpC_RS_111023.xlsx,2023-10-11T12:39:20Z,2023-10-11T12:39:20Z,434.3,27.71,1,NA,NA,NA,NA,NA,RS,NA,2023-10-11,20835561,2023-10-11T15:39:20Z,411.9711629671789,10448,484,924,408,6.96,11:40:40,2023-10-11T14:40:40Z,368.4
SpC_RS_111023.xlsx,2023-10-11T12:39:30Z,2023-10-11T12:39:30Z,434.3,27.71,1,NA,NA,NA,NA,NA,RS,NA,2023-10-11,20835561,2023-10-11T15:39:30Z,411.9711629671789,10448,484,924,408,6.96,11:40:40,2023-10-11T14:40:40Z,368.4
SpC_RS_111023.xlsx,2023-10-11T12:39:40Z,2023-10-11T12:39:40Z,433.90000000000003,27.7,1,NA,NA,NA,NA,NA,RS,NA,2023-10-11,20835561,2023-10-11T15:39:40Z,411.6698292220114,10448,484,924,408,6.96,11:40:40,2023-10-11T14:40:40Z,368.4
SpC_RS_111023.xlsx,2023-10-11T12:39:50Z,2023-10-11T12:39:50Z,434.3,27.7,1,NA,NA,NA,NA,NA,RS,NA,2023-10-11,20835561,2023-10-11T15:39:50Z,412.0493358633776,10448,484,924,408,6.96,11:40:40,2023-10-11T14:40:40Z,368.4
SpC_RS_111023.xlsx,2023-10-11T12:40:00Z,2023-10-11T12:40:00Z,433.90000000000003,27.71,1,NA,NA,NA,NA,NA,RS,NA,2023-10-11,20835561,2023-10-11T15:40:00Z,411.59172832479607,10448,484,924,408,6.96,11:40:40,2023-10-11T14:40:40Z,368.4
SpC_RS_111023.xlsx,2023-10-11T12:40:10Z,2023-10-11T12:40:10Z,434.3,27.71,1,NA,NA,NA,NA,NA,RS,NA,2023-10-11,20835561,2023-10-11T15:40:10Z,411.9711629671789,10448,484,924,408,6.96,11:40:40,2023-10-11T14:40:40Z,368.4
SpC_RS_111023.xlsx,2023-10-11T12:40:20Z,2023-10-11T12:40:20Z,435.1,27.71,1,NA,NA,NA,NA,NA,RS,NA,2023-10-11,20835561,2023-10-11T15:40:20Z,412.73003225194464,10448,484,924,408,6.96,11:40:40,2023-10-11T14:40:40Z,368.4
SpC_RS_111023.xlsx,2023-10-11T12:40:30Z,2023-10-11T12:40:30Z,435.1,27.71,1,NA,NA,NA,NA,NA,RS,NA,2023-10-11,20835561,2023-10-11T15:40:30Z,412.73003225194464,10448,484,924,408,6.96,11:40:40,2023-10-11T14:40:40Z,368.4
SpC_RS_111023.xlsx,2023-10-11T12:40:40Z,2023-10-11T12:40:40Z,433.90000000000003,27.71,1,NA,NA,NA,NA,NA,RS,NA,2023-10-11,20835561,2023-10-11T15:40:40Z,411.59172832479607,10448,484,924,408,6.96,11:40:40,2023-10-11T14:40:40Z,368.4
SpC_RS_111023.xlsx,2023-10-11T12:40:50Z,2023-10-11T12:40:50Z,433.90000000000003,27.71,1,NA,NA,NA,NA,NA,RS,NA,2023-10-11,20835561,2023-10-11T15:40:50Z,411.59172832479607,10448,484,924,408,6.96,11:40:40,2023-10-11T14:40:40Z,368.4
SpC_RS_111023.xlsx,2023-10-11T12:41:00Z,2023-10-11T12:41:00Z,434.3,27.71,1,NA,NA,NA,NA,NA,RS,NA,2023-10-11,20835561,2023-10-11T15:41:00Z,411.9711629671789,10448,484,924,408,6.96,11:40:40,2023-10-11T14:40:40Z,368.4
SpC_RS_111023.xlsx,2023-10-11T12:41:10Z,2023-10-11T12:41:10Z,434.3,27.71,1,NA,NA,NA,NA,NA,RS,NA,2023-10-11,20835561,2023-10-11T15:41:10Z,411.9711629671789,10448,484,924,408,6.96,11:40:40,2023-10-11T14:40:40Z,368.4
SpC_RS_111023.xlsx,2023-10-11T12:41:20Z,2023-10-11T12:41:20Z,434.3,27.71,1,NA,NA,NA,NA,NA,RS,NA,2023-10-11,20835561,2023-10-11T15:41:20Z,411.9711629671789,10448,484,924,408,6.96,11:40:40,2023-10-11T14:40:40Z,368.4
SpC_RS_111023.xlsx,2023-10-11T12:41:30Z,2023-10-11T12:41:30Z,434.70000000000005,27.71,1,NA,NA,NA,NA,NA,RS,NA,2023-10-11,20835561,2023-10-11T15:41:30Z,412.35059760956176,10448,484,924,408,6.96,11:40:40,2023-10-11T14:40:40Z,368.4
SpC_RS_111023.xlsx,2023-10-11T12:41:40Z,2023-10-11T12:41:40Z,434.70000000000005,27.71,1,NA,NA,NA,NA,NA,RS,NA,2023-10-11,20835561,2023-10-11T15:41:40Z,412.35059760956176,10448,484,924,408,6.96,11:40:40,2023-10-11T14:40:40Z,368.4
SpC_RS_111023.xlsx,2023-10-11T12:41:50Z,2023-10-11T12:41:50Z,435.1,27.71,1,NA,NA,NA,NA,NA,RS,NA,2023-10-11,20835561,2023-10-11T15:41:50Z,412.73003225194464,10448,484,924,408,6.96,11:40:40,2023-10-11T14:40:40Z,368.4
SpC_RS_111023.xlsx,2023-10-11T12:42:00Z,2023-10-11T12:42:00Z,433.90000000000003,27.7,1,NA,NA,NA,NA,NA,RS,NA,2023-10-11,20835561,2023-10-11T15:42:00Z,411.6698292220114,10448,484,924,408,6.96,11:40:40,2023-10-11T14:40:40Z,368.4
SpC_RS_111023.xlsx,2023-10-11T12:42:10Z,2023-10-11T12:42:10Z,433.90000000000003,27.71,1,NA,NA,NA,NA,NA,RS,NA,2023-10-11,20835561,2023-10-11T15:42:10Z,411.59172832479607,10448,484,924,408,6.96,11:40:40,2023-10-11T14:40:40Z,368.4
SpC_RS_111023.xlsx,2023-10-11T12:42:20Z,2023-10-11T12:42:20Z,433.90000000000003,27.71,1,NA,NA,NA,NA,NA,RS,NA,2023-10-11,20835561,2023-10-11T15:42:20Z,411.59172832479607,10448,484,924,408,6.96,11:40:40,2023-10-11T14:40:40Z,368.4
SpC_RS_111023.xlsx,2023-10-11T12:42:30Z,2023-10-11T12:42:30Z,433.5,27.71,1,NA,NA,NA,NA,NA,RS,NA,2023-10-11,20835561,2023-10-11T15:42:30Z,411.2122936824132,10448,484,924,408,6.96,11:40:40,2023-10-11T14:40:40Z,368.4
SpC_RS_111023.xlsx,2023-10-11T12:42:40Z,2023-10-11T12:42:40Z,434.3,27.71,1,NA,NA,NA,NA,NA,RS,NA,2023-10-11,20835561,2023-10-11T15:42:40Z,411.9711629671789,10448,484,924,408,6.96,11:40:40,2023-10-11T14:40:40Z,368.4
SpC_RS_111023.xlsx,2023-10-11T12:42:50Z,2023-10-11T12:42:50Z,433.90000000000003,27.71,1,NA,NA,NA,NA,NA,RS,NA,2023-10-11,20835561,2023-10-11T15:42:50Z,411.59172832479607,10448,484,924,408,6.96,11:40:40,2023-10-11T14:40:40Z,368.4
SpC_RS_111023.xlsx,2023-10-11T12:43:00Z,2023-10-11T12:43:00Z,433.90000000000003,27.71,1,NA,NA,NA,NA,NA,RS,NA,2023-10-11,20835561,2023-10-11T15:43:00Z,411.59172832479607,10448,484,924,408,6.96,11:40:40,2023-10-11T14:40:40Z,368.4
SpC_RS_111023.xlsx,2023-10-11T12:43:10Z,2023-10-11T12:43:10Z,433.5,27.71,1,NA,NA,NA,NA,NA,RS,NA,2023-10-11,20835561,2023-10-11T15:43:10Z,411.2122936824132,10448,484,924,408,6.96,11:40:40,2023-10-11T14:40:40Z,368.4
SpC_RS_111023.xlsx,2023-10-11T12:43:20Z,2023-10-11T12:43:20Z,433.5,27.71,1,NA,NA,NA,NA,NA,RS,NA,2023-10-11,20835561,2023-10-11T15:43:20Z,411.2122936824132,10448,484,924,408,6.96,11:40:40,2023-10-11T14:40:40Z,368.4
SpC_RS_111023.xlsx,2023-10-11T12:43:30Z,2023-10-11T12:43:30Z,433.90000000000003,27.71,1,NA,NA,NA,NA,NA,RS,NA,2023-10-11,20835561,2023-10-11T15:43:30Z,411.59172832479607,10448,484,924,408,6.96,11:40:40,2023-10-11T14:40:40Z,368.4
SpC_RS_111023.xlsx,2023-10-11T12:43:40Z,2023-10-11T12:43:40Z,433.5,27.71,1,NA,NA,NA,NA,NA,RS,NA,2023-10-11,20835561,2023-10-11T15:43:40Z,411.2122936824132,10448,484,924,408,6.96,11:40:40,2023-10-11T14:40:40Z,368.4
SpC_RS_111023.xlsx,2023-10-11T12:43:50Z,2023-10-11T12:43:50Z,433.5,27.73,1,NA,NA,NA,NA,NA,RS,NA,2023-10-11,20835561,2023-10-11T15:43:50Z,411.05632467286176,10448,484,924,408,6.96,11:40:40,2023-10-11T14:40:40Z,368.4
SpC_RS_111023.xlsx,2023-10-11T12:44:00Z,2023-10-11T12:44:00Z,434.3,27.73,1,NA,NA,NA,NA,NA,RS,NA,2023-10-11,20835561,2023-10-11T15:44:00Z,411.81490612554524,10448,484,924,408,6.96,11:40:40,2023-10-11T14:40:40Z,368.4
SpC_RS_111023.xlsx,2023-10-11T12:44:10Z,2023-10-11T12:44:10Z,433.5,27.71,1,NA,NA,NA,NA,NA,RS,NA,2023-10-11,20835561,2023-10-11T15:44:10Z,411.2122936824132,10448,484,924,408,6.96,11:40:40,2023-10-11T14:40:40Z,368.4
SpC_RS_111023.xlsx,2023-10-11T12:44:20Z,2023-10-11T12:44:20Z,433.5,27.71,1,NA,NA,NA,NA,NA,RS,NA,2023-10-11,20835561,2023-10-11T15:44:20Z,411.2122936824132,10448,484,924,408,6.96,11:40:40,2023-10-11T14:40:40Z,368.4
SpC_RS_111023.xlsx,2023-10-11T12:44:30Z,2023-10-11T12:44:30Z,433.90000000000003,27.71,1,NA,NA,NA,NA,NA,RS,NA,2023-10-11,20835561,2023-10-11T15:44:30Z,411.59172832479607,10448,484,924,408,6.96,11:40:40,2023-10-11T14:40:40Z,368.4
SpC_RS_111023.xlsx,2023-10-11T12:44:40Z,2023-10-11T12:44:40Z,433.5,27.71,1,NA,NA,NA,NA,NA,RS,NA,2023-10-11,20835561,2023-10-11T15:44:40Z,411.2122936824132,10448,484,924,408,6.96,11:40:40,2023-10-11T14:40:40Z,368.4
SpC_RS_111023.xlsx,2023-10-11T12:44:50Z,2023-10-11T12:44:50Z,433.90000000000003,27.73,1,NA,NA,NA,NA,NA,RS,NA,2023-10-11,20835561,2023-10-11T15:44:50Z,411.4356153992035,10448,484,924,408,6.96,11:40:40,2023-10-11T14:40:40Z,368.4
SpC_RS_111023.xlsx,2023-10-11T12:45:00Z,2023-10-11T12:45:00Z,433.5,27.73,1,NA,NA,NA,NA,NA,RS,NA,2023-10-11,20835561,2023-10-11T15:45:00Z,411.05632467286176,10448,484,924,408,6.96,11:40:40,2023-10-11T14:40:40Z,368.4
SpC_RS_111023.xlsx,2023-10-11T12:45:10Z,2023-10-11T12:45:10Z,433.90000000000003,27.73,1,NA,NA,NA,NA,NA,RS,NA,2023-10-11,20835561,2023-10-11T15:45:10Z,411.4356153992035,10448,484,924,408,6.96,11:40:40,2023-10-11T14:40:40Z,368.4
SpC_RS_111023.xlsx,2023-10-11T12:45:20Z,2023-10-11T12:45:20Z,433.90000000000003,27.71,1,NA,NA,NA,NA,NA,RS,NA,2023-10-11,20835561,2023-10-11T15:45:20Z,411.59172832479607,10448,484,924,408,6.96,11:40:40,2023-10-11T14:40:40Z,368.4
SpC_RS_111023.xlsx,2023-10-11T12:45:30Z,2023-10-11T12:45:30Z,434.3,27.73,1,NA,NA,NA,NA,NA,RS,NA,2023-10-11,20835561,2023-10-11T15:45:30Z,411.81490612554524,10448,484,924,408,6.96,11:40:40,2023-10-11T14:40:40Z,368.4
SpC_RS_111023.xlsx,2023-10-11T12:45:40Z,2023-10-11T12:45:40Z,434.3,27.73,1,NA,NA,NA,NA,NA,RS,NA,2023-10-11,20835561,2023-10-11T15:45:40Z,411.81490612554524,10448,484,924,408,6.96,11:40:40,2023-10-11T14:40:40Z,368.4
SpC_RS_111023.xlsx,2023-10-11T12:45:50Z,2023-10-11T12:45:50Z,433.5,27.73,1,NA,NA,NA,NA,NA,RS,NA,2023-10-11,20835561,2023-10-11T15:45:50Z,411.05632467286176,10448,484,924,408,6.96,11:40:40,2023-10-11T14:40:40Z,368.4
SpC_RS_111023.xlsx,2023-10-11T12:46:00Z,2023-10-11T12:46:00Z,433.90000000000003,27.73,1,NA,NA,NA,NA,NA,RS,NA,2023-10-11,20835561,2023-10-11T15:46:00Z,411.4356153992035,10448,484,924,408,6.96,11:40:40,2023-10-11T14:40:40Z,368.4
SpC_RS_111023.xlsx,2023-10-11T12:46:10Z,2023-10-11T12:46:10Z,433.90000000000003,27.73,1,NA,NA,NA,NA,NA,RS,NA,2023-10-11,20835561,2023-10-11T15:46:10Z,411.4356153992035,10448,484,924,408,6.96,11:40:40,2023-10-11T14:40:40Z,368.4
SpC_RS_111023.xlsx,2023-10-11T12:46:20Z,2023-10-11T12:46:20Z,433.90000000000003,27.71,1,NA,NA,NA,NA,NA,RS,NA,2023-10-11,20835561,2023-10-11T15:46:20Z,411.59172832479607,10448,484,924,408,6.96,11:40:40,2023-10-11T14:40:40Z,368.4
SpC_RS_111023.xlsx,2023-10-11T12:46:30Z,2023-10-11T12:46:30Z,433.5,27.73,1,NA,NA,NA,NA,NA,RS,NA,2023-10-11,20835561,2023-10-11T15:46:30Z,411.05632467286176,10448,484,924,408,6.96,11:40:40,2023-10-11T14:40:40Z,368.4
SpC_RS_111023.xlsx,2023-10-11T12:46:40Z,2023-10-11T12:46:40Z,433.90000000000003,27.71,1,NA,NA,NA,NA,NA,RS,NA,2023-10-11,20835561,2023-10-11T15:46:40Z,411.59172832479607,10448,484,924,408,6.96,11:40:40,2023-10-11T14:40:40Z,368.4
SpC_RS_111023.xlsx,2023-10-11T12:46:50Z,2023-10-11T12:46:50Z,433.90000000000003,27.73,1,NA,NA,NA,NA,NA,RS,NA,2023-10-11,20835561,2023-10-11T15:46:50Z,411.4356153992035,10448,484,924,408,6.96,11:40:40,2023-10-11T14:40:40Z,368.4
SpC_RS_111023.xlsx,2023-10-11T12:47:00Z,2023-10-11T12:47:00Z,433.90000000000003,27.73,1,NA,NA,NA,NA,NA,RS,NA,2023-10-11,20835561,2023-10-11T15:47:00Z,411.4356153992035,10448,484,924,408,6.96,11:40:40,2023-10-11T14:40:40Z,368.4
SpC_RS_111023.xlsx,2023-10-11T12:47:10Z,2023-10-11T12:47:10Z,433.90000000000003,27.73,1,NA,NA,NA,NA,NA,RS,NA,2023-10-11,20835561,2023-10-11T15:47:10Z,411.4356153992035,10448,484,924,408,6.96,11:40:40,2023-10-11T14:40:40Z,368.4
SpC_RS_111023.xlsx,2023-10-11T12:47:20Z,2023-10-11T12:47:20Z,433.5,27.73,1,NA,NA,NA,NA,NA,RS,NA,2023-10-11,20835561,2023-10-11T15:47:20Z,411.05632467286176,10448,484,924,408,6.96,11:40:40,2023-10-11T14:40:40Z,368.4
SpC_RS_111023.xlsx,2023-10-11T12:47:30Z,2023-10-11T12:47:30Z,433.90000000000003,27.73,1,NA,NA,NA,NA,NA,RS,NA,2023-10-11,20835561,2023-10-11T15:47:30Z,411.4356153992035,10448,484,924,408,6.96,11:40:40,2023-10-11T14:40:40Z,368.4
SpC_RS_111023.xlsx,2023-10-11T12:47:40Z,2023-10-11T12:47:40Z,433.90000000000003,27.73,1,NA,NA,NA,NA,NA,RS,NA,2023-10-11,20835561,2023-10-11T15:47:40Z,411.4356153992035,10448,484,924,408,6.96,11:40:40,2023-10-11T14:40:40Z,368.4
SpC_RS_111023.xlsx,2023-10-11T12:47:50Z,2023-10-11T12:47:50Z,433.90000000000003,27.73,1,NA,NA,NA,NA,NA,RS,NA,2023-10-11,20835561,2023-10-11T15:47:50Z,411.4356153992035,10448,484,924,408,6.96,11:40:40,2023-10-11T14:40:40Z,368.4
SpC_RS_111023.xlsx,2023-10-11T12:48:00Z,2023-10-11T12:48:00Z,433.90000000000003,27.73,1,NA,NA,NA,NA,NA,RS,NA,2023-10-11,20835561,2023-10-11T15:48:00Z,411.4356153992035,10448,484,924,408,6.96,11:40:40,2023-10-11T14:40:40Z,368.4
SpC_RS_111023.xlsx,2023-10-11T12:48:10Z,2023-10-11T12:48:10Z,433.90000000000003,27.73,1,NA,NA,NA,NA,NA,RS,NA,2023-10-11,20835561,2023-10-11T15:48:10Z,411.4356153992035,10448,484,924,408,6.96,11:40:40,2023-10-11T14:40:40Z,368.4
SpC_RS_111023.xlsx,2023-10-11T12:48:20Z,2023-10-11T12:48:20Z,434.3,27.73,1,NA,NA,NA,NA,NA,RS,NA,2023-10-11,20835561,2023-10-11T15:48:20Z,411.81490612554524,10448,484,924,408,6.96,11:40:40,2023-10-11T14:40:40Z,368.4
SpC_RS_111023.xlsx,2023-10-11T12:48:30Z,2023-10-11T12:48:30Z,433.90000000000003,27.73,1,NA,NA,NA,NA,NA,RS,NA,2023-10-11,20835561,2023-10-11T15:48:30Z,411.4356153992035,10448,484,924,408,6.96,11:40:40,2023-10-11T14:40:40Z,368.4
SpC_RS_111023.xlsx,2023-10-11T12:48:40Z,2023-10-11T12:48:40Z,433.90000000000003,27.73,1,NA,NA,NA,NA,NA,RS,NA,2023-10-11,20835561,2023-10-11T15:48:40Z,411.4356153992035,10448,484,924,408,6.96,11:40:40,2023-10-11T14:40:40Z,368.4
SpC_RS_111023.xlsx,2023-10-11T12:48:50Z,2023-10-11T12:48:50Z,433.5,27.73,1,NA,NA,NA,NA,NA,RS,NA,2023-10-11,20835561,2023-10-11T15:48:50Z,411.05632467286176,10448,484,924,408,6.96,11:40:40,2023-10-11T14:40:40Z,368.4
SpC_RS_111023.xlsx,2023-10-11T12:49:00Z,2023-10-11T12:49:00Z,433.90000000000003,27.73,1,NA,NA,NA,NA,NA,RS,NA,2023-10-11,20835561,2023-10-11T15:49:00Z,411.4356153992035,10448,484,924,408,6.96,11:40:40,2023-10-11T14:40:40Z,368.4
SpC_RS_111023.xlsx,2023-10-11T12:49:10Z,2023-10-11T12:49:10Z,433.90000000000003,27.73,1,NA,NA,NA,NA,NA,RS,NA,2023-10-11,20835561,2023-10-11T15:49:10Z,411.4356153992035,10448,484,924,408,6.96,11:40:40,2023-10-11T14:40:40Z,368.4
SpC_RS_111023.xlsx,2023-10-11T12:49:20Z,2023-10-11T12:49:20Z,433.90000000000003,27.73,1,NA,NA,NA,NA,NA,RS,NA,2023-10-11,20835561,2023-10-11T15:49:20Z,411.4356153992035,10448,484,924,408,6.96,11:40:40,2023-10-11T14:40:40Z,368.4
SpC_RS_111023.xlsx,2023-10-11T12:49:30Z,2023-10-11T12:49:30Z,433.90000000000003,27.73,1,NA,NA,NA,NA,NA,RS,NA,2023-10-11,20835561,2023-10-11T15:49:30Z,411.4356153992035,10448,484,924,408,6.96,11:40:40,2023-10-11T14:40:40Z,368.4
SpC_RS_111023.xlsx,2023-10-11T12:49:40Z,2023-10-11T12:49:40Z,433.5,27.73,1,NA,NA,NA,NA,NA,RS,NA,2023-10-11,20835561,2023-10-11T15:49:40Z,411.05632467286176,10448,484,924,408,6.96,11:40:40,2023-10-11T14:40:40Z,368.4
SpC_RS_111023.xlsx,2023-10-11T12:49:50Z,2023-10-11T12:49:50Z,433.5,27.73,1,NA,NA,NA,NA,NA,RS,NA,2023-10-11,20835561,2023-10-11T15:49:50Z,411.05632467286176,10448,484,924,408,6.96,11:40:40,2023-10-11T14:40:40Z,368.4
SpC_RS_111023.xlsx,2023-10-11T12:50:00Z,2023-10-11T12:50:00Z,433.5,27.73,1,NA,NA,NA,NA,NA,RS,NA,2023-10-11,20835561,2023-10-11T15:50:00Z,411.05632467286176,10448,484,924,408,6.96,11:40:40,2023-10-11T14:40:40Z,368.4
SpC_RS_111023.xlsx,2023-10-11T12:50:10Z,2023-10-11T12:50:10Z,433.90000000000003,27.73,1,NA,NA,NA,NA,NA,RS,NA,2023-10-11,20835561,2023-10-11T15:50:10Z,411.4356153992035,10448,484,924,408,6.96,11:40:40,2023-10-11T14:40:40Z,368.4
SpC_RS_111023.xlsx,2023-10-11T12:50:20Z,2023-10-11T12:50:20Z,433.5,27.73,1,NA,NA,NA,NA,NA,RS,NA,2023-10-11,20835561,2023-10-11T15:50:20Z,411.05632467286176,10448,484,924,408,6.96,11:40:40,2023-10-11T14:40:40Z,368.4
SpC_RS_111023.xlsx,2023-10-11T12:50:30Z,2023-10-11T12:50:30Z,433.90000000000003,27.73,1,NA,NA,NA,NA,NA,RS,NA,2023-10-11,20835561,2023-10-11T15:50:30Z,411.4356153992035,10448,484,924,408,6.96,11:40:40,2023-10-11T14:40:40Z,368.4
SpC_RS_111023.xlsx,2023-10-11T12:50:40Z,2023-10-11T12:50:40Z,433.5,27.73,1,NA,NA,NA,NA,NA,RS,NA,2023-10-11,20835561,2023-10-11T15:50:40Z,411.05632467286176,10448,484,924,408,6.96,11:40:40,2023-10-11T14:40:40Z,368.4
SpC_RS_111023.xlsx,2023-10-11T12:50:50Z,2023-10-11T12:50:50Z,433.90000000000003,27.73,1,NA,NA,NA,NA,NA,RS,NA,2023-10-11,20835561,2023-10-11T15:50:50Z,411.4356153992035,10448,484,924,408,6.96,11:40:40,2023-10-11T14:40:40Z,368.4
SpC_RS_111023.xlsx,2023-10-11T12:51:00Z,2023-10-11T12:51:00Z,433.5,27.740000000000002,1,NA,NA,NA,NA,NA,RS,NA,2023-10-11,20835561,2023-10-11T15:51:00Z,410.9783845278726,10448,484,924,408,6.96,11:40:40,2023-10-11T14:40:40Z,368.4
SpC_RS_111023.xlsx,2023-10-11T12:51:10Z,2023-10-11T12:51:10Z,433.5,27.740000000000002,1,NA,NA,NA,NA,NA,RS,NA,2023-10-11,20835561,2023-10-11T15:51:10Z,410.9783845278726,10448,484,924,408,6.96,11:40:40,2023-10-11T14:40:40Z,368.4
SpC_RS_111023.xlsx,2023-10-11T12:51:20Z,2023-10-11T12:51:20Z,433.5,27.73,1,NA,NA,NA,NA,NA,RS,NA,2023-10-11,20835561,2023-10-11T15:51:20Z,411.05632467286176,10448,484,924,408,6.96,11:40:40,2023-10-11T14:40:40Z,368.4
SpC_RS_111023.xlsx,2023-10-11T12:51:30Z,2023-10-11T12:51:30Z,433.5,27.73,1,NA,NA,NA,NA,NA,RS,NA,2023-10-11,20835561,2023-10-11T15:51:30Z,411.05632467286176,10448,484,924,408,6.96,11:40:40,2023-10-11T14:40:40Z,368.4
SpC_RS_111023.xlsx,2023-10-11T12:51:40Z,2023-10-11T12:51:40Z,433.5,27.740000000000002,1,NA,NA,NA,NA,NA,RS,NA,2023-10-11,20835561,2023-10-11T15:51:40Z,410.9783845278726,10448,484,924,408,6.96,11:40:40,2023-10-11T14:40:40Z,368.4
SpC_RS_111023.xlsx,2023-10-11T12:51:50Z,2023-10-11T12:51:50Z,433.90000000000003,27.740000000000002,1,NA,NA,NA,NA,NA,RS,NA,2023-10-11,20835561,2023-10-11T15:51:50Z,411.35760333712557,10448,484,924,408,6.96,11:40:40,2023-10-11T14:40:40Z,368.4
SpC_RS_111023.xlsx,2023-10-11T12:52:00Z,2023-10-11T12:52:00Z,433.5,27.73,1,NA,NA,NA,NA,NA,RS,NA,2023-10-11,20835561,2023-10-11T15:52:00Z,411.05632467286176,10448,484,924,408,6.96,11:40:40,2023-10-11T14:40:40Z,368.4
SpC_RS_111023.xlsx,2023-10-11T12:52:10Z,2023-10-11T12:52:10Z,433.5,27.740000000000002,1,NA,NA,NA,NA,NA,RS,NA,2023-10-11,20835561,2023-10-11T15:52:10Z,410.9783845278726,10448,484,924,408,6.96,11:40:40,2023-10-11T14:40:40Z,368.4
SpC_RS_111023.xlsx,2023-10-11T12:52:20Z,2023-10-11T12:52:20Z,433.5,27.740000000000002,1,NA,NA,NA,NA,NA,RS,NA,2023-10-11,20835561,2023-10-11T15:52:20Z,410.9783845278726,10448,484,924,408,6.96,11:40:40,2023-10-11T14:40:40Z,368.4
SpC_RS_111023.xlsx,2023-10-11T12:52:30Z,2023-10-11T12:52:30Z,433.5,27.740000000000002,1,NA,NA,NA,NA,NA,RS,NA,2023-10-11,20835561,2023-10-11T15:52:30Z,410.9783845278726,10448,484,924,408,6.96,11:40:40,2023-10-11T14:40:40Z,368.4
SpC_RS_111023.xlsx,2023-10-11T12:52:40Z,2023-10-11T12:52:40Z,433.90000000000003,27.73,1,NA,NA,NA,NA,NA,RS,NA,2023-10-11,20835561,2023-10-11T15:52:40Z,411.4356153992035,10448,484,924,408,6.96,11:40:40,2023-10-11T14:40:40Z,368.4
SpC_RS_111023.xlsx,2023-10-11T12:52:50Z,2023-10-11T12:52:50Z,433.90000000000003,27.740000000000002,1,NA,NA,NA,NA,NA,RS,NA,2023-10-11,20835561,2023-10-11T15:52:50Z,411.35760333712557,10448,484,924,408,6.96,11:40:40,2023-10-11T14:40:40Z,368.4
SpC_RS_111023.xlsx,2023-10-11T12:53:00Z,2023-10-11T12:53:00Z,433.5,27.740000000000002,1,NA,NA,NA,NA,NA,RS,NA,2023-10-11,20835561,2023-10-11T15:53:00Z,410.9783845278726,10448,484,924,408,6.96,11:40:40,2023-10-11T14:40:40Z,368.4
SpC_RS_111023.xlsx,2023-10-11T12:53:10Z,2023-10-11T12:53:10Z,433.5,27.740000000000002,1,NA,NA,NA,NA,NA,RS,NA,2023-10-11,20835561,2023-10-11T15:53:10Z,410.9783845278726,10448,484,924,408,6.96,11:40:40,2023-10-11T14:40:40Z,368.4
SpC_RS_111023.xlsx,2023-10-11T12:53:20Z,2023-10-11T12:53:20Z,433.5,27.740000000000002,1,NA,NA,NA,NA,NA,RS,NA,2023-10-11,20835561,2023-10-11T15:53:20Z,410.9783845278726,10448,484,924,408,6.96,11:40:40,2023-10-11T14:40:40Z,368.4
SpC_RS_111023.xlsx,2023-10-11T12:53:30Z,2023-10-11T12:53:30Z,433.90000000000003,27.740000000000002,1,NA,NA,NA,NA,NA,RS,NA,2023-10-11,20835561,2023-10-11T15:53:30Z,411.35760333712557,10448,484,924,408,6.96,11:40:40,2023-10-11T14:40:40Z,368.4
SpC_RS_111023.xlsx,2023-10-11T12:53:40Z,2023-10-11T12:53:40Z,433.5,27.740000000000002,1,NA,NA,NA,NA,NA,RS,NA,2023-10-11,20835561,2023-10-11T15:53:40Z,410.9783845278726,10448,484,924,408,6.96,11:40:40,2023-10-11T14:40:40Z,368.4
SpC_RS_111023.xlsx,2023-10-11T12:53:50Z,2023-10-11T12:53:50Z,433.5,27.740000000000002,1,NA,NA,NA,NA,NA,RS,NA,2023-10-11,20835561,2023-10-11T15:53:50Z,410.9783845278726,10448,484,924,408,6.96,11:40:40,2023-10-11T14:40:40Z,368.4
SpC_RS_111023.xlsx,2023-10-11T12:54:00Z,2023-10-11T12:54:00Z,433.5,27.740000000000002,1,NA,NA,NA,NA,NA,RS,NA,2023-10-11,20835561,2023-10-11T15:54:00Z,410.9783845278726,10448,484,924,408,6.96,11:40:40,2023-10-11T14:40:40Z,368.4
SpC_RS_111023.xlsx,2023-10-11T12:54:10Z,2023-10-11T12:54:10Z,433.1,27.740000000000002,1,NA,NA,NA,NA,NA,RS,NA,2023-10-11,20835561,2023-10-11T15:54:10Z,410.5991657186197,10448,484,924,408,6.96,11:40:40,2023-10-11T14:40:40Z,368.4
SpC_RS_111023.xlsx,2023-10-11T12:54:20Z,2023-10-11T12:54:20Z,433.1,27.740000000000002,1,NA,NA,NA,NA,NA,RS,NA,2023-10-11,20835561,2023-10-11T15:54:20Z,410.5991657186197,10448,484,924,408,6.96,11:40:40,2023-10-11T14:40:40Z,368.4
SpC_RS_111023.xlsx,2023-10-11T12:54:30Z,2023-10-11T12:54:30Z,433.5,27.740000000000002,1,NA,NA,NA,NA,NA,RS,NA,2023-10-11,20835561,2023-10-11T15:54:30Z,410.9783845278726,10448,484,924,408,6.96,11:40:40,2023-10-11T14:40:40Z,368.4
SpC_RS_111023.xlsx,2023-10-11T12:54:40Z,2023-10-11T12:54:40Z,433.90000000000003,27.740000000000002,1,NA,NA,NA,NA,NA,RS,NA,2023-10-11,20835561,2023-10-11T15:54:40Z,411.35760333712557,10448,484,924,408,6.96,11:40:40,2023-10-11T14:40:40Z,368.4
SpC_RS_111023.xlsx,2023-10-11T12:54:50Z,2023-10-11T12:54:50Z,433.1,27.73,1,NA,NA,NA,NA,NA,RS,NA,2023-10-11,20835561,2023-10-11T15:54:50Z,410.67703394652005,10448,484,924,408,6.96,11:40:40,2023-10-11T14:40:40Z,368.4
SpC_RS_111023.xlsx,2023-10-11T12:55:00Z,2023-10-11T12:55:00Z,433.1,27.73,1,NA,NA,NA,NA,NA,RS,NA,2023-10-11,20835561,2023-10-11T15:55:00Z,410.67703394652005,10448,484,924,408,6.96,11:40:40,2023-10-11T14:40:40Z,368.4
SpC_RS_111023.xlsx,2023-10-11T12:55:10Z,2023-10-11T12:55:10Z,433.5,27.740000000000002,1,NA,NA,NA,NA,NA,RS,NA,2023-10-11,20835561,2023-10-11T15:55:10Z,410.9783845278726,10448,484,924,408,6.96,11:40:40,2023-10-11T14:40:40Z,368.4
SpC_RS_111023.xlsx,2023-10-11T12:55:20Z,2023-10-11T12:55:20Z,433.5,27.740000000000002,1,NA,NA,NA,NA,NA,RS,NA,2023-10-11,20835561,2023-10-11T15:55:20Z,410.9783845278726,10448,484,924,408,6.96,11:40:40,2023-10-11T14:40:40Z,368.4
SpC_RS_111023.xlsx,2023-10-11T12:55:30Z,2023-10-11T12:55:30Z,433.1,27.740000000000002,1,NA,NA,NA,NA,NA,RS,NA,2023-10-11,20835561,2023-10-11T15:55:30Z,410.5991657186197,10448,484,924,408,6.96,11:40:40,2023-10-11T14:40:40Z,368.4
SpC_RS_111023.xlsx,2023-10-11T12:55:40Z,2023-10-11T12:55:40Z,433.5,27.740000000000002,1,NA,NA,NA,NA,NA,RS,NA,2023-10-11,20835561,2023-10-11T15:55:40Z,410.9783845278726,10448,484,924,408,6.96,11:40:40,2023-10-11T14:40:40Z,368.4
SpC_RS_111023.xlsx,2023-10-11T12:55:50Z,2023-10-11T12:55:50Z,433.1,27.740000000000002,1,NA,NA,NA,NA,NA,RS,NA,2023-10-11,20835561,2023-10-11T15:55:50Z,410.5991657186197,10448,484,924,408,6.96,11:40:40,2023-10-11T14:40:40Z,368.4
SpC_RS_111023.xlsx,2023-10-11T12:56:00Z,2023-10-11T12:56:00Z,433.1,27.740000000000002,1,NA,NA,NA,NA,NA,RS,NA,2023-10-11,20835561,2023-10-11T15:56:00Z,410.5991657186197,10448,484,924,408,6.96,11:40:40,2023-10-11T14:40:40Z,368.4
SpC_RS_111023.xlsx,2023-10-11T12:56:10Z,2023-10-11T12:56:10Z,433.1,27.740000000000002,1,NA,NA,NA,NA,NA,RS,NA,2023-10-11,20835561,2023-10-11T15:56:10Z,410.5991657186197,10448,484,924,408,6.96,11:40:40,2023-10-11T14:40:40Z,368.4
SpC_RS_111023.xlsx,2023-10-11T12:56:20Z,2023-10-11T12:56:20Z,433.1,27.740000000000002,1,NA,NA,NA,NA,NA,RS,NA,2023-10-11,20835561,2023-10-11T15:56:20Z,410.5991657186197,10448,484,924,408,6.96,11:40:40,2023-10-11T14:40:40Z,368.4
SpC_RS_111023.xlsx,2023-10-11T12:56:30Z,2023-10-11T12:56:30Z,433.5,27.740000000000002,1,NA,NA,NA,NA,NA,RS,NA,2023-10-11,20835561,2023-10-11T15:56:30Z,410.9783845278726,10448,484,924,408,6.96,11:40:40,2023-10-11T14:40:40Z,368.4
SpC_RS_111023.xlsx,2023-10-11T12:56:40Z,2023-10-11T12:56:40Z,433.5,27.740000000000002,1,NA,NA,NA,NA,NA,RS,NA,2023-10-11,20835561,2023-10-11T15:56:40Z,410.9783845278726,10448,484,924,408,6.96,11:40:40,2023-10-11T14:40:40Z,368.4
SpC_RS_111023.xlsx,2023-10-11T12:56:50Z,2023-10-11T12:56:50Z,433.5,27.740000000000002,1,NA,NA,NA,NA,NA,RS,NA,2023-10-11,20835561,2023-10-11T15:56:50Z,410.9783845278726,10448,484,924,408,6.96,11:40:40,2023-10-11T14:40:40Z,368.4
SpC_RS_111023.xlsx,2023-10-11T12:57:00Z,2023-10-11T12:57:00Z,433.5,27.740000000000002,1,NA,NA,NA,NA,NA,RS,NA,2023-10-11,20835561,2023-10-11T15:57:00Z,410.9783845278726,10448,484,924,408,6.96,11:40:40,2023-10-11T14:40:40Z,368.4
SpC_RS_111023.xlsx,2023-10-11T12:57:10Z,2023-10-11T12:57:10Z,433.5,27.740000000000002,1,NA,NA,NA,NA,NA,RS,NA,2023-10-11,20835561,2023-10-11T15:57:10Z,410.9783845278726,10448,484,924,408,6.96,11:40:40,2023-10-11T14:40:40Z,368.4
SpC_RS_111023.xlsx,2023-10-11T12:57:20Z,2023-10-11T12:57:20Z,433.1,27.740000000000002,1,NA,NA,NA,NA,NA,RS,NA,2023-10-11,20835561,2023-10-11T15:57:20Z,410.5991657186197,10448,484,924,408,6.96,11:40:40,2023-10-11T14:40:40Z,368.4
SpC_RS_111023.xlsx,2023-10-11T12:57:30Z,2023-10-11T12:57:30Z,433.5,27.740000000000002,1,NA,NA,NA,NA,NA,RS,NA,2023-10-11,20835561,2023-10-11T15:57:30Z,410.9783845278726,10448,484,924,408,6.96,11:40:40,2023-10-11T14:40:40Z,368.4
SpC_RS_111023.xlsx,2023-10-11T12:57:40Z,2023-10-11T12:57:40Z,433.5,27.75,1,NA,NA,NA,NA,NA,RS,NA,2023-10-11,20835561,2023-10-11T15:57:40Z,410.9004739336493,10448,484,924,408,6.96,11:40:40,2023-10-11T14:40:40Z,368.4
SpC_RS_111023.xlsx,2023-10-11T12:57:50Z,2023-10-11T12:57:50Z,433.5,27.75,1,NA,NA,NA,NA,NA,RS,NA,2023-10-11,20835561,2023-10-11T15:57:50Z,410.9004739336493,10448,484,924,408,6.96,11:40:40,2023-10-11T14:40:40Z,368.4
SpC_RS_111023.xlsx,2023-10-11T12:58:00Z,2023-10-11T12:58:00Z,433.5,27.740000000000002,1,NA,NA,NA,NA,NA,RS,NA,2023-10-11,20835561,2023-10-11T15:58:00Z,410.9783845278726,10448,484,924,408,6.96,11:40:40,2023-10-11T14:40:40Z,368.4
SpC_RS_111023.xlsx,2023-10-11T12:58:10Z,2023-10-11T12:58:10Z,433.5,27.740000000000002,1,NA,NA,NA,NA,NA,RS,NA,2023-10-11,20835561,2023-10-11T15:58:10Z,410.9783845278726,10448,484,924,408,6.96,11:40:40,2023-10-11T14:40:40Z,368.4
SpC_RS_111023.xlsx,2023-10-11T12:58:20Z,2023-10-11T12:58:20Z,433.1,27.740000000000002,1,NA,NA,NA,NA,NA,RS,NA,2023-10-11,20835561,2023-10-11T15:58:20Z,410.5991657186197,10448,484,924,408,6.96,11:40:40,2023-10-11T14:40:40Z,368.4
SpC_RS_111023.xlsx,2023-10-11T12:58:30Z,2023-10-11T12:58:30Z,433.5,27.740000000000002,1,NA,NA,NA,NA,NA,RS,NA,2023-10-11,20835561,2023-10-11T15:58:30Z,410.9783845278726,10448,484,924,408,6.96,11:40:40,2023-10-11T14:40:40Z,368.4
SpC_RS_111023.xlsx,2023-10-11T12:58:40Z,2023-10-11T12:58:40Z,433.5,27.740000000000002,1,NA,NA,NA,NA,NA,RS,NA,2023-10-11,20835561,2023-10-11T15:58:40Z,410.9783845278726,10448,484,924,408,6.96,11:40:40,2023-10-11T14:40:40Z,368.4
SpC_RS_111023.xlsx,2023-10-11T12:58:50Z,2023-10-11T12:58:50Z,433.1,27.740000000000002,1,NA,NA,NA,NA,NA,RS,NA,2023-10-11,20835561,2023-10-11T15:58:50Z,410.5991657186197,10448,484,924,408,6.96,11:40:40,2023-10-11T14:40:40Z,368.4
SpC_RS_111023.xlsx,2023-10-11T12:59:00Z,2023-10-11T12:59:00Z,433.5,27.75,1,NA,NA,NA,NA,NA,RS,NA,2023-10-11,20835561,2023-10-11T15:59:00Z,410.9004739336493,10448,484,924,408,6.96,11:40:40,2023-10-11T14:40:40Z,368.4
SpC_RS_111023.xlsx,2023-10-11T12:59:10Z,2023-10-11T12:59:10Z,433.5,27.75,1,NA,NA,NA,NA,NA,RS,NA,2023-10-11,20835561,2023-10-11T15:59:10Z,410.9004739336493,10448,484,924,408,6.96,11:40:40,2023-10-11T14:40:40Z,368.4
SpC_RS_111023.xlsx,2023-10-11T12:59:20Z,2023-10-11T12:59:20Z,433.5,27.740000000000002,1,NA,NA,NA,NA,NA,RS,NA,2023-10-11,20835561,2023-10-11T15:59:20Z,410.9783845278726,10448,484,924,408,6.96,11:40:40,2023-10-11T14:40:40Z,368.4
SpC_RS_111023.xlsx,2023-10-11T12:59:30Z,2023-10-11T12:59:30Z,433.5,27.75,1,NA,NA,NA,NA,NA,RS,NA,2023-10-11,20835561,2023-10-11T15:59:30Z,410.9004739336493,10448,484,924,408,6.96,11:40:40,2023-10-11T14:40:40Z,368.4
SpC_RS_111023.xlsx,2023-10-11T12:59:40Z,2023-10-11T12:59:40Z,433.5,27.75,1,NA,NA,NA,NA,NA,RS,NA,2023-10-11,20835561,2023-10-11T15:59:40Z,410.9004739336493,10448,484,924,408,6.96,11:40:40,2023-10-11T14:40:40Z,368.4
SpC_RS_111023.xlsx,2023-10-11T12:59:50Z,2023-10-11T12:59:50Z,433.5,27.740000000000002,1,NA,NA,NA,NA,NA,RS,NA,2023-10-11,20835561,2023-10-11T15:59:50Z,410.9783845278726,10448,484,924,408,6.96,11:40:40,2023-10-11T14:40:40Z,368.4
SpC_RS_111023.xlsx,2023-10-11T13:00:00Z,2023-10-11T13:00:00Z,433.5,27.75,1,NA,NA,NA,NA,NA,RS,NA,2023-10-11,20835561,2023-10-11T16:00:00Z,410.9004739336493,10448,484,924,408,6.96,11:40:40,2023-10-11T14:40:40Z,368.4
SpC_RS_111023.xlsx,2023-10-11T13:00:10Z,2023-10-11T13:00:10Z,433.5,27.740000000000002,1,NA,NA,NA,NA,NA,RS,NA,2023-10-11,20835561,2023-10-11T16:00:10Z,410.9783845278726,10448,484,924,408,6.96,11:40:40,2023-10-11T14:40:40Z,368.4
