source_file,date_raw,time_raw,full_range_uscm,temp_c,spc_calculated_uscm,coupler_detached,coupler_attached,host_connected,stopped,end_of_file,stream,station,date,logger_serial,datetime,spc_uscm,nacl_mass_g,amonium_added_g,phophate_added_g,reach_length_m,reach_mean_width_m,addition_time,addition_datetime,background_spc
SpC_SA_101023.xlsx,2023-10-10T13:28:30Z,2023-10-10T13:28:30Z,5.2,27.76,1,NA,NA,NA,NA,NA,SA,NA,2023-10-10,20835561,2023-10-10T16:28:30Z,4.92797573919636,3139,155,298,200,10,13:45:00,2023-10-10T16:45:00Z,5.1
SpC_SA_101023.xlsx,2023-10-10T13:28:40Z,2023-10-10T13:28:40Z,5.6000000000000005,27.75,1,NA,NA,NA,NA,NA,SA,NA,2023-10-10,20835561,2023-10-10T16:28:40Z,5.308056872037915,3139,155,298,200,10,13:45:00,2023-10-10T16:45:00Z,5.1
SpC_SA_101023.xlsx,2023-10-10T13:28:50Z,2023-10-10T13:28:50Z,5.2,27.75,1,NA,NA,NA,NA,NA,SA,NA,2023-10-10,20835561,2023-10-10T16:28:50Z,4.928909952606635,3139,155,298,200,10,13:45:00,2023-10-10T16:45:00Z,5.1
SpC_SA_101023.xlsx,2023-10-10T13:29:00Z,2023-10-10T13:29:00Z,5.2,27.740000000000002,1,NA,NA,NA,NA,NA,SA,NA,2023-10-10,20835561,2023-10-10T16:29:00Z,4.929844520288206,3139,155,298,200,10,13:45:00,2023-10-10T16:45:00Z,5.1
SpC_SA_101023.xlsx,2023-10-10T13:29:10Z,2023-10-10T13:29:10Z,5.2,27.73,1,NA,NA,NA,NA,NA,SA,NA,2023-10-10,20835561,2023-10-10T16:29:10Z,4.930779442442632,3139,155,298,200,10,13:45:00,2023-10-10T16:45:00Z,5.1
SpC_SA_101023.xlsx,2023-10-10T13:29:20Z,2023-10-10T13:29:20Z,5.2,27.73,1,NA,NA,NA,NA,NA,SA,NA,2023-10-10,20835561,2023-10-10T16:29:20Z,4.930779442442632,3139,155,298,200,10,13:45:00,2023-10-10T16:45:00Z,5.1
SpC_SA_101023.xlsx,2023-10-10T13:29:30Z,2023-10-10T13:29:30Z,5.2,27.73,1,NA,NA,NA,NA,NA,SA,NA,2023-10-10,20835561,2023-10-10T16:29:30Z,4.930779442442632,3139,155,298,200,10,13:45:00,2023-10-10T16:45:00Z,5.1
SpC_SA_101023.xlsx,2023-10-10T13:29:40Z,2023-10-10T13:29:40Z,5.9,27.73,1,NA,NA,NA,NA,NA,SA,NA,2023-10-10,20835561,2023-10-10T16:29:40Z,5.594538213540679,3139,155,298,200,10,13:45:00,2023-10-10T16:45:00Z,5.1
SpC_SA_101023.xlsx,2023-10-10T13:29:50Z,2023-10-10T13:29:50Z,5.2,27.7,1,NA,NA,NA,NA,NA,SA,NA,2023-10-10,20835561,2023-10-10T16:29:50Z,4.933586337760911,3139,155,298,200,10,13:45:00,2023-10-10T16:45:00Z,5.1
SpC_SA_101023.xlsx,2023-10-10T13:30:00Z,2023-10-10T13:30:00Z,5.2,27.69,1,NA,NA,NA,NA,NA,SA,NA,2023-10-10,20835561,2023-10-10T16:30:00Z,4.934522679825394,3139,155,298,200,10,13:45:00,2023-10-10T16:45:00Z,5.1
SpC_SA_101023.xlsx,2023-10-10T13:30:10Z,2023-10-10T13:30:10Z,5.2,27.69,1,NA,NA,NA,NA,NA,SA,NA,2023-10-10,20835561,2023-10-10T16:30:10Z,4.934522679825394,3139,155,298,200,10,13:45:00,2023-10-10T16:45:00Z,5.1
SpC_SA_101023.xlsx,2023-10-10T13:30:20Z,2023-10-10T13:30:20Z,5.2,27.69,1,NA,NA,NA,NA,NA,SA,NA,2023-10-10,20835561,2023-10-10T16:30:20Z,4.934522679825394,3139,155,298,200,10,13:45:00,2023-10-10T16:45:00Z,5.1
SpC_SA_101023.xlsx,2023-10-10T13:30:30Z,2023-10-10T13:30:30Z,5.2,27.69,1,NA,NA,NA,NA,NA,SA,NA,2023-10-10,20835561,2023-10-10T16:30:30Z,4.934522679825394,3139,155,298,200,10,13:45:00,2023-10-10T16:45:00Z,5.1
SpC_SA_101023.xlsx,2023-10-10T13:30:40Z,2023-10-10T13:30:40Z,5.6000000000000005,27.69,1,NA,NA,NA,NA,NA,SA,NA,2023-10-10,20835561,2023-10-10T16:30:40Z,5.314101347504271,3139,155,298,200,10,13:45:00,2023-10-10T16:45:00Z,5.1
SpC_SA_101023.xlsx,2023-10-10T13:30:50Z,2023-10-10T13:30:50Z,5.2,27.7,1,NA,NA,NA,NA,NA,SA,NA,2023-10-10,20835561,2023-10-10T16:30:50Z,4.933586337760911,3139,155,298,200,10,13:45:00,2023-10-10T16:45:00Z,5.1
SpC_SA_101023.xlsx,2023-10-10T13:31:00Z,2023-10-10T13:31:00Z,5.2,27.68,1,NA,NA,NA,NA,NA,SA,NA,2023-10-10,20835561,2023-10-10T16:31:00Z,4.935459377372816,3139,155,298,200,10,13:45:00,2023-10-10T16:45:00Z,5.1
SpC_SA_101023.xlsx,2023-10-10T13:31:10Z,2023-10-10T13:31:10Z,5.2,27.68,1,NA,NA,NA,NA,NA,SA,NA,2023-10-10,20835561,2023-10-10T16:31:10Z,4.935459377372816,3139,155,298,200,10,13:45:00,2023-10-10T16:45:00Z,5.1
SpC_SA_101023.xlsx,2023-10-10T13:31:20Z,2023-10-10T13:31:20Z,5.2,27.68,1,NA,NA,NA,NA,NA,SA,NA,2023-10-10,20835561,2023-10-10T16:31:20Z,4.935459377372816,3139,155,298,200,10,13:45:00,2023-10-10T16:45:00Z,5.1
SpC_SA_101023.xlsx,2023-10-10T13:31:30Z,2023-10-10T13:31:30Z,5.2,27.68,1,NA,NA,NA,NA,NA,SA,NA,2023-10-10,20835561,2023-10-10T16:31:30Z,4.935459377372816,3139,155,298,200,10,13:45:00,2023-10-10T16:45:00Z,5.1
SpC_SA_101023.xlsx,2023-10-10T13:31:40Z,2023-10-10T13:31:40Z,5.2,27.68,1,NA,NA,NA,NA,NA,SA,NA,2023-10-10,20835561,2023-10-10T16:31:40Z,4.935459377372816,3139,155,298,200,10,13:45:00,2023-10-10T16:45:00Z,5.1
SpC_SA_101023.xlsx,2023-10-10T13:31:50Z,2023-10-10T13:31:50Z,5.2,27.68,1,NA,NA,NA,NA,NA,SA,NA,2023-10-10,20835561,2023-10-10T16:31:50Z,4.935459377372816,3139,155,298,200,10,13:45:00,2023-10-10T16:45:00Z,5.1
SpC_SA_101023.xlsx,2023-10-10T13:32:00Z,2023-10-10T13:32:00Z,5.2,27.66,1,NA,NA,NA,NA,NA,SA,NA,2023-10-10,20835561,2023-10-10T16:32:00Z,4.9373338397265485,3139,155,298,200,10,13:45:00,2023-10-10T16:45:00Z,5.1
SpC_SA_101023.xlsx,2023-10-10T13:32:10Z,2023-10-10T13:32:10Z,5.2,27.66,1,NA,NA,NA,NA,NA,SA,NA,2023-10-10,20835561,2023-10-10T16:32:10Z,4.9373338397265485,3139,155,298,200,10,13:45:00,2023-10-10T16:45:00Z,5.1
SpC_SA_101023.xlsx,2023-10-10T13:32:20Z,2023-10-10T13:32:20Z,5.2,27.68,1,NA,NA,NA,NA,NA,SA,NA,2023-10-10,20835561,2023-10-10T16:32:20Z,4.935459377372816,3139,155,298,200,10,13:45:00,2023-10-10T16:45:00Z,5.1
SpC_SA_101023.xlsx,2023-10-10T13:32:30Z,2023-10-10T13:32:30Z,5.2,27.66,1,NA,NA,NA,NA,NA,SA,NA,2023-10-10,20835561,2023-10-10T16:32:30Z,4.9373338397265485,3139,155,298,200,10,13:45:00,2023-10-10T16:45:00Z,5.1
SpC_SA_101023.xlsx,2023-10-10T13:32:40Z,2023-10-10T13:32:40Z,5.2,27.68,1,NA,NA,NA,NA,NA,SA,NA,2023-10-10,20835561,2023-10-10T16:32:40Z,4.935459377372816,3139,155,298,200,10,13:45:00,2023-10-10T16:45:00Z,5.1
SpC_SA_101023.xlsx,2023-10-10T13:32:50Z,2023-10-10T13:32:50Z,5.2,27.66,1,NA,NA,NA,NA,NA,SA,NA,2023-10-10,20835561,2023-10-10T16:32:50Z,4.9373338397265485,3139,155,298,200,10,13:45:00,2023-10-10T16:45:00Z,5.1
SpC_SA_101023.xlsx,2023-10-10T13:33:00Z,2023-10-10T13:33:00Z,5.2,27.66,1,NA,NA,NA,NA,NA,SA,NA,2023-10-10,20835561,2023-10-10T16:33:00Z,4.9373338397265485,3139,155,298,200,10,13:45:00,2023-10-10T16:45:00Z,5.1
SpC_SA_101023.xlsx,2023-10-10T13:33:10Z,2023-10-10T13:33:10Z,5.2,27.66,1,NA,NA,NA,NA,NA,SA,NA,2023-10-10,20835561,2023-10-10T16:33:10Z,4.9373338397265485,3139,155,298,200,10,13:45:00,2023-10-10T16:45:00Z,5.1
SpC_SA_101023.xlsx,2023-10-10T13:33:20Z,2023-10-10T13:33:20Z,5.2,27.66,1,NA,NA,NA,NA,NA,SA,NA,2023-10-10,20835561,2023-10-10T16:33:20Z,4.9373338397265485,3139,155,298,200,10,13:45:00,2023-10-10T16:45:00Z,5.1
SpC_SA_101023.xlsx,2023-10-10T13:33:30Z,2023-10-10T13:33:30Z,5.2,27.69,1,NA,NA,NA,NA,NA,SA,NA,2023-10-10,20835561,2023-10-10T16:33:30Z,4.934522679825394,3139,155,298,200,10,13:45:00,2023-10-10T16:45:00Z,5.1
SpC_SA_101023.xlsx,2023-10-10T13:33:40Z,2023-10-10T13:33:40Z,5.2,27.68,1,NA,NA,NA,NA,NA,SA,NA,2023-10-10,20835561,2023-10-10T16:33:40Z,4.935459377372816,3139,155,298,200,10,13:45:00,2023-10-10T16:45:00Z,5.1
SpC_SA_101023.xlsx,2023-10-10T13:33:50Z,2023-10-10T13:33:50Z,5.2,27.69,1,NA,NA,NA,NA,NA,SA,NA,2023-10-10,20835561,2023-10-10T16:33:50Z,4.934522679825394,3139,155,298,200,10,13:45:00,2023-10-10T16:45:00Z,5.1
SpC_SA_101023.xlsx,2023-10-10T13:34:00Z,2023-10-10T13:34:00Z,5.2,27.68,1,NA,NA,NA,NA,NA,SA,NA,2023-10-10,20835561,2023-10-10T16:34:00Z,4.935459377372816,3139,155,298,200,10,13:45:00,2023-10-10T16:45:00Z,5.1
SpC_SA_101023.xlsx,2023-10-10T13:34:10Z,2023-10-10T13:34:10Z,5.2,27.69,1,NA,NA,NA,NA,NA,SA,NA,2023-10-10,20835561,2023-10-10T16:34:10Z,4.934522679825394,3139,155,298,200,10,13:45:00,2023-10-10T16:45:00Z,5.1
SpC_SA_101023.xlsx,2023-10-10T13:34:20Z,2023-10-10T13:34:20Z,5.2,27.69,1,NA,NA,NA,NA,NA,SA,NA,2023-10-10,20835561,2023-10-10T16:34:20Z,4.934522679825394,3139,155,298,200,10,13:45:00,2023-10-10T16:45:00Z,5.1
SpC_SA_101023.xlsx,2023-10-10T13:34:30Z,2023-10-10T13:34:30Z,5.2,27.68,1,NA,NA,NA,NA,NA,SA,NA,2023-10-10,20835561,2023-10-10T16:34:30Z,4.935459377372816,3139,155,298,200,10,13:45:00,2023-10-10T16:45:00Z,5.1
SpC_SA_101023.xlsx,2023-10-10T13:34:40Z,2023-10-10T13:34:40Z,5.2,27.69,1,NA,NA,NA,NA,NA,SA,NA,2023-10-10,20835561,2023-10-10T16:34:40Z,4.934522679825394,3139,155,298,200,10,13:45:00,2023-10-10T16:45:00Z,5.1
SpC_SA_101023.xlsx,2023-10-10T13:34:50Z,2023-10-10T13:34:50Z,5.2,27.68,1,NA,NA,NA,NA,NA,SA,NA,2023-10-10,20835561,2023-10-10T16:34:50Z,4.935459377372816,3139,155,298,200,10,13:45:00,2023-10-10T16:45:00Z,5.1
SpC_SA_101023.xlsx,2023-10-10T13:35:00Z,2023-10-10T13:35:00Z,5.2,27.69,1,NA,NA,NA,NA,NA,SA,NA,2023-10-10,20835561,2023-10-10T16:35:00Z,4.934522679825394,3139,155,298,200,10,13:45:00,2023-10-10T16:45:00Z,5.1
SpC_SA_101023.xlsx,2023-10-10T13:35:10Z,2023-10-10T13:35:10Z,5.2,27.69,1,NA,NA,NA,NA,NA,SA,NA,2023-10-10,20835561,2023-10-10T16:35:10Z,4.934522679825394,3139,155,298,200,10,13:45:00,2023-10-10T16:45:00Z,5.1
SpC_SA_101023.xlsx,2023-10-10T13:35:20Z,2023-10-10T13:35:20Z,5.2,27.69,1,NA,NA,NA,NA,NA,SA,NA,2023-10-10,20835561,2023-10-10T16:35:20Z,4.934522679825394,3139,155,298,200,10,13:45:00,2023-10-10T16:45:00Z,5.1
SpC_SA_101023.xlsx,2023-10-10T13:35:30Z,2023-10-10T13:35:30Z,5.2,27.69,1,NA,NA,NA,NA,NA,SA,NA,2023-10-10,20835561,2023-10-10T16:35:30Z,4.934522679825394,3139,155,298,200,10,13:45:00,2023-10-10T16:45:00Z,5.1
SpC_SA_101023.xlsx,2023-10-10T13:35:40Z,2023-10-10T13:35:40Z,5.2,27.69,1,NA,NA,NA,NA,NA,SA,NA,2023-10-10,20835561,2023-10-10T16:35:40Z,4.934522679825394,3139,155,298,200,10,13:45:00,2023-10-10T16:45:00Z,5.1
SpC_SA_101023.xlsx,2023-10-10T13:35:50Z,2023-10-10T13:35:50Z,5.2,27.7,1,NA,NA,NA,NA,NA,SA,NA,2023-10-10,20835561,2023-10-10T16:35:50Z,4.933586337760911,3139,155,298,200,10,13:45:00,2023-10-10T16:45:00Z,5.1
SpC_SA_101023.xlsx,2023-10-10T13:36:00Z,2023-10-10T13:36:00Z,5.2,27.69,1,NA,NA,NA,NA,NA,SA,NA,2023-10-10,20835561,2023-10-10T16:36:00Z,4.934522679825394,3139,155,298,200,10,13:45:00,2023-10-10T16:45:00Z,5.1
SpC_SA_101023.xlsx,2023-10-10T13:36:10Z,2023-10-10T13:36:10Z,5.2,27.69,1,NA,NA,NA,NA,NA,SA,NA,2023-10-10,20835561,2023-10-10T16:36:10Z,4.934522679825394,3139,155,298,200,10,13:45:00,2023-10-10T16:45:00Z,5.1
SpC_SA_101023.xlsx,2023-10-10T13:36:20Z,2023-10-10T13:36:20Z,5.6000000000000005,27.7,1,NA,NA,NA,NA,NA,SA,NA,2023-10-10,20835561,2023-10-10T16:36:20Z,5.313092979127135,3139,155,298,200,10,13:45:00,2023-10-10T16:45:00Z,5.1
SpC_SA_101023.xlsx,2023-10-10T13:36:30Z,2023-10-10T13:36:30Z,5.2,27.69,1,NA,NA,NA,NA,NA,SA,NA,2023-10-10,20835561,2023-10-10T16:36:30Z,4.934522679825394,3139,155,298,200,10,13:45:00,2023-10-10T16:45:00Z,5.1
SpC_SA_101023.xlsx,2023-10-10T13:36:40Z,2023-10-10T13:36:40Z,5.2,27.7,1,NA,NA,NA,NA,NA,SA,NA,2023-10-10,20835561,2023-10-10T16:36:40Z,4.933586337760911,3139,155,298,200,10,13:45:00,2023-10-10T16:45:00Z,5.1
SpC_SA_101023.xlsx,2023-10-10T13:36:50Z,2023-10-10T13:36:50Z,5.2,27.7,1,NA,NA,NA,NA,NA,SA,NA,2023-10-10,20835561,2023-10-10T16:36:50Z,4.933586337760911,3139,155,298,200,10,13:45:00,2023-10-10T16:45:00Z,5.1
SpC_SA_101023.xlsx,2023-10-10T13:37:00Z,2023-10-10T13:37:00Z,5.2,27.71,1,NA,NA,NA,NA,NA,SA,NA,2023-10-10,20835561,2023-10-10T16:37:00Z,4.9326503509770445,3139,155,298,200,10,13:45:00,2023-10-10T16:45:00Z,5.1
SpC_SA_101023.xlsx,2023-10-10T13:37:10Z,2023-10-10T13:37:10Z,5.6000000000000005,27.71,1,NA,NA,NA,NA,NA,SA,NA,2023-10-10,20835561,2023-10-10T16:37:10Z,5.312084993359894,3139,155,298,200,10,13:45:00,2023-10-10T16:45:00Z,5.1
SpC_SA_101023.xlsx,2023-10-10T13:37:20Z,2023-10-10T13:37:20Z,5.2,27.71,1,NA,NA,NA,NA,NA,SA,NA,2023-10-10,20835561,2023-10-10T16:37:20Z,4.9326503509770445,3139,155,298,200,10,13:45:00,2023-10-10T16:45:00Z,5.1
SpC_SA_101023.xlsx,2023-10-10T13:37:30Z,2023-10-10T13:37:30Z,5.2,27.71,1,NA,NA,NA,NA,NA,SA,NA,2023-10-10,20835561,2023-10-10T16:37:30Z,4.9326503509770445,3139,155,298,200,10,13:45:00,2023-10-10T16:45:00Z,5.1
SpC_SA_101023.xlsx,2023-10-10T13:37:40Z,2023-10-10T13:37:40Z,5.2,27.7,1,NA,NA,NA,NA,NA,SA,NA,2023-10-10,20835561,2023-10-10T16:37:40Z,4.933586337760911,3139,155,298,200,10,13:45:00,2023-10-10T16:45:00Z,5.1
SpC_SA_101023.xlsx,2023-10-10T13:37:50Z,2023-10-10T13:37:50Z,5.2,27.71,1,NA,NA,NA,NA,NA,SA,NA,2023-10-10,20835561,2023-10-10T16:37:50Z,4.9326503509770445,3139,155,298,200,10,13:45:00,2023-10-10T16:45:00Z,5.1
SpC_SA_101023.xlsx,2023-10-10T13:38:00Z,2023-10-10T13:38:00Z,5.2,27.7,1,NA,NA,NA,NA,NA,SA,NA,2023-10-10,20835561,2023-10-10T16:38:00Z,4.933586337760911,3139,155,298,200,10,13:45:00,2023-10-10T16:45:00Z,5.1
SpC_SA_101023.xlsx,2023-10-10T13:38:10Z,2023-10-10T13:38:10Z,5.2,27.71,1,NA,NA,NA,NA,NA,SA,NA,2023-10-10,20835561,2023-10-10T16:38:10Z,4.9326503509770445,3139,155,298,200,10,13:45:00,2023-10-10T16:45:00Z,5.1
SpC_SA_101023.xlsx,2023-10-10T13:38:20Z,2023-10-10T13:38:20Z,5.6000000000000005,27.73,1,NA,NA,NA,NA,NA,SA,NA,2023-10-10,20835561,2023-10-10T16:38:20Z,5.310070168784374,3139,155,298,200,10,13:45:00,2023-10-10T16:45:00Z,5.1
SpC_SA_101023.xlsx,2023-10-10T13:38:30Z,2023-10-10T13:38:30Z,5.6000000000000005,27.71,1,NA,NA,NA,NA,NA,SA,NA,2023-10-10,20835561,2023-10-10T16:38:30Z,5.312084993359894,3139,155,298,200,10,13:45:00,2023-10-10T16:45:00Z,5.1
SpC_SA_101023.xlsx,2023-10-10T13:38:40Z,2023-10-10T13:38:40Z,5.2,27.71,1,NA,NA,NA,NA,NA,SA,NA,2023-10-10,20835561,2023-10-10T16:38:40Z,4.9326503509770445,3139,155,298,200,10,13:45:00,2023-10-10T16:45:00Z,5.1
SpC_SA_101023.xlsx,2023-10-10T13:38:50Z,2023-10-10T13:38:50Z,5.6000000000000005,27.71,1,NA,NA,NA,NA,NA,SA,NA,2023-10-10,20835561,2023-10-10T16:38:50Z,5.312084993359894,3139,155,298,200,10,13:45:00,2023-10-10T16:45:00Z,5.1
SpC_SA_101023.xlsx,2023-10-10T13:39:00Z,2023-10-10T13:39:00Z,5.2,27.71,1,NA,NA,NA,NA,NA,SA,NA,2023-10-10,20835561,2023-10-10T16:39:00Z,4.9326503509770445,3139,155,298,200,10,13:45:00,2023-10-10T16:45:00Z,5.1
SpC_SA_101023.xlsx,2023-10-10T13:39:10Z,2023-10-10T13:39:10Z,5.6000000000000005,27.71,1,NA,NA,NA,NA,NA,SA,NA,2023-10-10,20835561,2023-10-10T16:39:10Z,5.312084993359894,3139,155,298,200,10,13:45:00,2023-10-10T16:45:00Z,5.1
SpC_SA_101023.xlsx,2023-10-10T13:39:20Z,2023-10-10T13:39:20Z,5.6000000000000005,27.71,1,NA,NA,NA,NA,NA,SA,NA,2023-10-10,20835561,2023-10-10T16:39:20Z,5.312084993359894,3139,155,298,200,10,13:45:00,2023-10-10T16:45:00Z,5.1
SpC_SA_101023.xlsx,2023-10-10T13:39:30Z,2023-10-10T13:39:30Z,5.2,27.71,1,NA,NA,NA,NA,NA,SA,NA,2023-10-10,20835561,2023-10-10T16:39:30Z,4.9326503509770445,3139,155,298,200,10,13:45:00,2023-10-10T16:45:00Z,5.1
SpC_SA_101023.xlsx,2023-10-10T13:39:40Z,2023-10-10T13:39:40Z,5.2,27.71,1,NA,NA,NA,NA,NA,SA,NA,2023-10-10,20835561,2023-10-10T16:39:40Z,4.9326503509770445,3139,155,298,200,10,13:45:00,2023-10-10T16:45:00Z,5.1
SpC_SA_101023.xlsx,2023-10-10T13:39:50Z,2023-10-10T13:39:50Z,5.2,27.71,1,NA,NA,NA,NA,NA,SA,NA,2023-10-10,20835561,2023-10-10T16:39:50Z,4.9326503509770445,3139,155,298,200,10,13:45:00,2023-10-10T16:45:00Z,5.1
SpC_SA_101023.xlsx,2023-10-10T13:40:00Z,2023-10-10T13:40:00Z,5.2,27.71,1,NA,NA,NA,NA,NA,SA,NA,2023-10-10,20835561,2023-10-10T16:40:00Z,4.9326503509770445,3139,155,298,200,10,13:45:00,2023-10-10T16:45:00Z,5.1
SpC_SA_101023.xlsx,2023-10-10T13:40:10Z,2023-10-10T13:40:10Z,5.2,27.71,1,NA,NA,NA,NA,NA,SA,NA,2023-10-10,20835561,2023-10-10T16:40:10Z,4.9326503509770445,3139,155,298,200,10,13:45:00,2023-10-10T16:45:00Z,5.1
SpC_SA_101023.xlsx,2023-10-10T13:40:20Z,2023-10-10T13:40:20Z,5.6000000000000005,27.73,1,NA,NA,NA,NA,NA,SA,NA,2023-10-10,20835561,2023-10-10T16:40:20Z,5.310070168784374,3139,155,298,200,10,13:45:00,2023-10-10T16:45:00Z,5.1
SpC_SA_101023.xlsx,2023-10-10T13:40:30Z,2023-10-10T13:40:30Z,5.6000000000000005,27.71,1,NA,NA,NA,NA,NA,SA,NA,2023-10-10,20835561,2023-10-10T16:40:30Z,5.312084993359894,3139,155,298,200,10,13:45:00,2023-10-10T16:45:00Z,5.1
SpC_SA_101023.xlsx,2023-10-10T13:40:40Z,2023-10-10T13:40:40Z,5.6000000000000005,27.71,1,NA,NA,NA,NA,NA,SA,NA,2023-10-10,20835561,2023-10-10T16:40:40Z,5.312084993359894,3139,155,298,200,10,13:45:00,2023-10-10T16:45:00Z,5.1
SpC_SA_101023.xlsx,2023-10-10T13:40:50Z,2023-10-10T13:40:50Z,5.6000000000000005,27.71,1,NA,NA,NA,NA,NA,SA,NA,2023-10-10,20835561,2023-10-10T16:40:50Z,5.312084993359894,3139,155,298,200,10,13:45:00,2023-10-10T16:45:00Z,5.1
SpC_SA_101023.xlsx,2023-10-10T13:41:00Z,2023-10-10T13:41:00Z,5.2,27.73,1,NA,NA,NA,NA,NA,SA,NA,2023-10-10,20835561,2023-10-10T16:41:00Z,4.930779442442632,3139,155,298,200,10,13:45:00,2023-10-10T16:45:00Z,5.1
SpC_SA_101023.xlsx,2023-10-10T13:41:10Z,2023-10-10T13:41:10Z,5.2,27.71,1,NA,NA,NA,NA,NA,SA,NA,2023-10-10,20835561,2023-10-10T16:41:10Z,4.9326503509770445,3139,155,298,200,10,13:45:00,2023-10-10T16:45:00Z,5.1
SpC_SA_101023.xlsx,2023-10-10T13:41:20Z,2023-10-10T13:41:20Z,5.2,27.73,1,NA,NA,NA,NA,NA,SA,NA,2023-10-10,20835561,2023-10-10T16:41:20Z,4.930779442442632,3139,155,298,200,10,13:45:00,2023-10-10T16:45:00Z,5.1
SpC_SA_101023.xlsx,2023-10-10T13:41:30Z,2023-10-10T13:41:30Z,5.2,27.73,1,NA,NA,NA,NA,NA,SA,NA,2023-10-10,20835561,2023-10-10T16:41:30Z,4.930779442442632,3139,155,298,200,10,13:45:00,2023-10-10T16:45:00Z,5.1
SpC_SA_101023.xlsx,2023-10-10T13:41:40Z,2023-10-10T13:41:40Z,5.2,27.73,1,NA,NA,NA,NA,NA,SA,NA,2023-10-10,20835561,2023-10-10T16:41:40Z,4.930779442442632,3139,155,298,200,10,13:45:00,2023-10-10T16:45:00Z,5.1
SpC_SA_101023.xlsx,2023-10-10T13:41:50Z,2023-10-10T13:41:50Z,5.2,27.73,1,NA,NA,NA,NA,NA,SA,NA,2023-10-10,20835561,2023-10-10T16:41:50Z,4.930779442442632,3139,155,298,200,10,13:45:00,2023-10-10T16:45:00Z,5.1
SpC_SA_101023.xlsx,2023-10-10T13:42:00Z,2023-10-10T13:42:00Z,5.2,27.73,1,NA,NA,NA,NA,NA,SA,NA,2023-10-10,20835561,2023-10-10T16:42:00Z,4.930779442442632,3139,155,298,200,10,13:45:00,2023-10-10T16:45:00Z,5.1
SpC_SA_101023.xlsx,2023-10-10T13:42:10Z,2023-10-10T13:42:10Z,5.2,27.71,1,NA,NA,NA,NA,NA,SA,NA,2023-10-10,20835561,2023-10-10T16:42:10Z,4.9326503509770445,3139,155,298,200,10,13:45:00,2023-10-10T16:45:00Z,5.1
SpC_SA_101023.xlsx,2023-10-10T13:42:20Z,2023-10-10T13:42:20Z,5.2,27.73,1,NA,NA,NA,NA,NA,SA,NA,2023-10-10,20835561,2023-10-10T16:42:20Z,4.930779442442632,3139,155,298,200,10,13:45:00,2023-10-10T16:45:00Z,5.1
SpC_SA_101023.xlsx,2023-10-10T13:42:30Z,2023-10-10T13:42:30Z,5.2,27.73,1,NA,NA,NA,NA,NA,SA,NA,2023-10-10,20835561,2023-10-10T16:42:30Z,4.930779442442632,3139,155,298,200,10,13:45:00,2023-10-10T16:45:00Z,5.1
SpC_SA_101023.xlsx,2023-10-10T13:42:40Z,2023-10-10T13:42:40Z,5.2,27.740000000000002,1,NA,NA,NA,NA,NA,SA,NA,2023-10-10,20835561,2023-10-10T16:42:40Z,4.929844520288206,3139,155,298,200,10,13:45:00,2023-10-10T16:45:00Z,5.1
SpC_SA_101023.xlsx,2023-10-10T13:42:50Z,2023-10-10T13:42:50Z,5.6000000000000005,27.73,1,NA,NA,NA,NA,NA,SA,NA,2023-10-10,20835561,2023-10-10T16:42:50Z,5.310070168784374,3139,155,298,200,10,13:45:00,2023-10-10T16:45:00Z,5.1
SpC_SA_101023.xlsx,2023-10-10T13:43:00Z,2023-10-10T13:43:00Z,5.2,27.73,1,NA,NA,NA,NA,NA,SA,NA,2023-10-10,20835561,2023-10-10T16:43:00Z,4.930779442442632,3139,155,298,200,10,13:45:00,2023-10-10T16:45:00Z,5.1
SpC_SA_101023.xlsx,2023-10-10T13:43:10Z,2023-10-10T13:43:10Z,5.2,27.73,1,NA,NA,NA,NA,NA,SA,NA,2023-10-10,20835561,2023-10-10T16:43:10Z,4.930779442442632,3139,155,298,200,10,13:45:00,2023-10-10T16:45:00Z,5.1
SpC_SA_101023.xlsx,2023-10-10T13:43:20Z,2023-10-10T13:43:20Z,5.2,27.740000000000002,1,NA,NA,NA,NA,NA,SA,NA,2023-10-10,20835561,2023-10-10T16:43:20Z,4.929844520288206,3139,155,298,200,10,13:45:00,2023-10-10T16:45:00Z,5.1
SpC_SA_101023.xlsx,2023-10-10T13:43:30Z,2023-10-10T13:43:30Z,4.800000000000001,27.73,1,NA,NA,NA,NA,NA,SA,NA,2023-10-10,20835561,2023-10-10T16:43:30Z,4.551488716100892,3139,155,298,200,10,13:45:00,2023-10-10T16:45:00Z,5.1
SpC_SA_101023.xlsx,2023-10-10T13:43:40Z,2023-10-10T13:43:40Z,5.2,27.740000000000002,1,NA,NA,NA,NA,NA,SA,NA,2023-10-10,20835561,2023-10-10T16:43:40Z,4.929844520288206,3139,155,298,200,10,13:45:00,2023-10-10T16:45:00Z,5.1
SpC_SA_101023.xlsx,2023-10-10T13:43:50Z,2023-10-10T13:43:50Z,5.2,27.75,1,NA,NA,NA,NA,NA,SA,NA,2023-10-10,20835561,2023-10-10T16:43:50Z,4.928909952606635,3139,155,298,200,10,13:45:00,2023-10-10T16:45:00Z,5.1
SpC_SA_101023.xlsx,2023-10-10T13:44:00Z,2023-10-10T13:44:00Z,5.2,27.740000000000002,1,NA,NA,NA,NA,NA,SA,NA,2023-10-10,20835561,2023-10-10T16:44:00Z,4.929844520288206,3139,155,298,200,10,13:45:00,2023-10-10T16:45:00Z,5.1
SpC_SA_101023.xlsx,2023-10-10T13:44:10Z,2023-10-10T13:44:10Z,5.2,27.75,1,NA,NA,NA,NA,NA,SA,NA,2023-10-10,20835561,2023-10-10T16:44:10Z,4.928909952606635,3139,155,298,200,10,13:45:00,2023-10-10T16:45:00Z,5.1
SpC_SA_101023.xlsx,2023-10-10T13:44:20Z,2023-10-10T13:44:20Z,5.2,27.75,1,NA,NA,NA,NA,NA,SA,NA,2023-10-10,20835561,2023-10-10T16:44:20Z,4.928909952606635,3139,155,298,200,10,13:45:00,2023-10-10T16:45:00Z,5.1
SpC_SA_101023.xlsx,2023-10-10T13:44:30Z,2023-10-10T13:44:30Z,4.4,27.75,1,NA,NA,NA,NA,NA,SA,NA,2023-10-10,20835561,2023-10-10T16:44:30Z,4.170616113744076,3139,155,298,200,10,13:45:00,2023-10-10T16:45:00Z,5.1
SpC_SA_101023.xlsx,2023-10-10T13:44:40Z,2023-10-10T13:44:40Z,5.6000000000000005,27.740000000000002,1,NA,NA,NA,NA,NA,SA,NA,2023-10-10,20835561,2023-10-10T16:44:40Z,5.309063329541146,3139,155,298,200,10,13:45:00,2023-10-10T16:45:00Z,5.1
SpC_SA_101023.xlsx,2023-10-10T13:44:50Z,2023-10-10T13:44:50Z,5.2,27.75,1,NA,NA,NA,NA,NA,SA,NA,2023-10-10,20835561,2023-10-10T16:44:50Z,4.928909952606635,3139,155,298,200,10,13:45:00,2023-10-10T16:45:00Z,5.1
SpC_SA_101023.xlsx,2023-10-10T13:45:00Z,2023-10-10T13:45:00Z,5.2,27.75,1,NA,NA,NA,NA,NA,SA,NA,2023-10-10,20835561,2023-10-10T16:45:00Z,4.928909952606635,3139,155,298,200,10,13:45:00,2023-10-10T16:45:00Z,5.1
SpC_SA_101023.xlsx,2023-10-10T13:45:10Z,2023-10-10T13:45:10Z,5.6000000000000005,27.75,1,NA,NA,NA,NA,NA,SA,NA,2023-10-10,20835561,2023-10-10T16:45:10Z,5.308056872037915,3139,155,298,200,10,13:45:00,2023-10-10T16:45:00Z,5.1
SpC_SA_101023.xlsx,2023-10-10T13:45:20Z,2023-10-10T13:45:20Z,5.6000000000000005,27.740000000000002,1,NA,NA,NA,NA,NA,SA,NA,2023-10-10,20835561,2023-10-10T16:45:20Z,5.309063329541146,3139,155,298,200,10,13:45:00,2023-10-10T16:45:00Z,5.1
SpC_SA_101023.xlsx,2023-10-10T13:45:30Z,2023-10-10T13:45:30Z,5.6000000000000005,27.740000000000002,1,NA,NA,NA,NA,NA,SA,NA,2023-10-10,20835561,2023-10-10T16:45:30Z,5.309063329541146,3139,155,298,200,10,13:45:00,2023-10-10T16:45:00Z,5.1
SpC_SA_101023.xlsx,2023-10-10T13:45:40Z,2023-10-10T13:45:40Z,5.6000000000000005,27.75,1,NA,NA,NA,NA,NA,SA,NA,2023-10-10,20835561,2023-10-10T16:45:40Z,5.308056872037915,3139,155,298,200,10,13:45:00,2023-10-10T16:45:00Z,5.1
SpC_SA_101023.xlsx,2023-10-10T13:45:50Z,2023-10-10T13:45:50Z,5.2,27.740000000000002,1,NA,NA,NA,NA,NA,SA,NA,2023-10-10,20835561,2023-10-10T16:45:50Z,4.929844520288206,3139,155,298,200,10,13:45:00,2023-10-10T16:45:00Z,5.1
SpC_SA_101023.xlsx,2023-10-10T13:46:00Z,2023-10-10T13:46:00Z,5.2,27.75,1,NA,NA,NA,NA,NA,SA,NA,2023-10-10,20835561,2023-10-10T16:46:00Z,4.928909952606635,3139,155,298,200,10,13:45:00,2023-10-10T16:45:00Z,5.1
SpC_SA_101023.xlsx,2023-10-10T13:46:10Z,2023-10-10T13:46:10Z,5.2,27.75,1,NA,NA,NA,NA,NA,SA,NA,2023-10-10,20835561,2023-10-10T16:46:10Z,4.928909952606635,3139,155,298,200,10,13:45:00,2023-10-10T16:45:00Z,5.1
SpC_SA_101023.xlsx,2023-10-10T13:46:20Z,2023-10-10T13:46:20Z,5.2,27.75,1,NA,NA,NA,NA,NA,SA,NA,2023-10-10,20835561,2023-10-10T16:46:20Z,4.928909952606635,3139,155,298,200,10,13:45:00,2023-10-10T16:45:00Z,5.1
SpC_SA_101023.xlsx,2023-10-10T13:46:30Z,2023-10-10T13:46:30Z,5.2,27.740000000000002,1,NA,NA,NA,NA,NA,SA,NA,2023-10-10,20835561,2023-10-10T16:46:30Z,4.929844520288206,3139,155,298,200,10,13:45:00,2023-10-10T16:45:00Z,5.1
SpC_SA_101023.xlsx,2023-10-10T13:46:40Z,2023-10-10T13:46:40Z,5.6000000000000005,27.76,1,NA,NA,NA,NA,NA,SA,NA,2023-10-10,20835561,2023-10-10T16:46:40Z,5.307050796057619,3139,155,298,200,10,13:45:00,2023-10-10T16:45:00Z,5.1
SpC_SA_101023.xlsx,2023-10-10T13:46:50Z,2023-10-10T13:46:50Z,5.2,27.75,1,NA,NA,NA,NA,NA,SA,NA,2023-10-10,20835561,2023-10-10T16:46:50Z,4.928909952606635,3139,155,298,200,10,13:45:00,2023-10-10T16:45:00Z,5.1
SpC_SA_101023.xlsx,2023-10-10T13:47:00Z,2023-10-10T13:47:00Z,5.2,27.75,1,NA,NA,NA,NA,NA,SA,NA,2023-10-10,20835561,2023-10-10T16:47:00Z,4.928909952606635,3139,155,298,200,10,13:45:00,2023-10-10T16:45:00Z,5.1
SpC_SA_101023.xlsx,2023-10-10T13:47:10Z,2023-10-10T13:47:10Z,5.6000000000000005,27.75,1,NA,NA,NA,NA,NA,SA,NA,2023-10-10,20835561,2023-10-10T16:47:10Z,5.308056872037915,3139,155,298,200,10,13:45:00,2023-10-10T16:45:00Z,5.1
SpC_SA_101023.xlsx,2023-10-10T13:47:20Z,2023-10-10T13:47:20Z,5.2,27.75,1,NA,NA,NA,NA,NA,SA,NA,2023-10-10,20835561,2023-10-10T16:47:20Z,4.928909952606635,3139,155,298,200,10,13:45:00,2023-10-10T16:45:00Z,5.1
SpC_SA_101023.xlsx,2023-10-10T13:47:30Z,2023-10-10T13:47:30Z,5.2,27.75,1,NA,NA,NA,NA,NA,SA,NA,2023-10-10,20835561,2023-10-10T16:47:30Z,4.928909952606635,3139,155,298,200,10,13:45:00,2023-10-10T16:45:00Z,5.1
SpC_SA_101023.xlsx,2023-10-10T13:47:40Z,2023-10-10T13:47:40Z,5.2,27.75,1,NA,NA,NA,NA,NA,SA,NA,2023-10-10,20835561,2023-10-10T16:47:40Z,4.928909952606635,3139,155,298,200,10,13:45:00,2023-10-10T16:45:00Z,5.1
SpC_SA_101023.xlsx,2023-10-10T13:47:50Z,2023-10-10T13:47:50Z,5.2,27.740000000000002,1,NA,NA,NA,NA,NA,SA,NA,2023-10-10,20835561,2023-10-10T16:47:50Z,4.929844520288206,3139,155,298,200,10,13:45:00,2023-10-10T16:45:00Z,5.1
SpC_SA_101023.xlsx,2023-10-10T13:48:00Z,2023-10-10T13:48:00Z,5.2,27.740000000000002,1,NA,NA,NA,NA,NA,SA,NA,2023-10-10,20835561,2023-10-10T16:48:00Z,4.929844520288206,3139,155,298,200,10,13:45:00,2023-10-10T16:45:00Z,5.1
SpC_SA_101023.xlsx,2023-10-10T13:48:10Z,2023-10-10T13:48:10Z,5.6000000000000005,27.75,1,NA,NA,NA,NA,NA,SA,NA,2023-10-10,20835561,2023-10-10T16:48:10Z,5.308056872037915,3139,155,298,200,10,13:45:00,2023-10-10T16:45:00Z,5.1
SpC_SA_101023.xlsx,2023-10-10T13:48:20Z,2023-10-10T13:48:20Z,5.2,27.75,1,NA,NA,NA,NA,NA,SA,NA,2023-10-10,20835561,2023-10-10T16:48:20Z,4.928909952606635,3139,155,298,200,10,13:45:00,2023-10-10T16:45:00Z,5.1
SpC_SA_101023.xlsx,2023-10-10T13:48:30Z,2023-10-10T13:48:30Z,5.6000000000000005,27.75,1,NA,NA,NA,NA,NA,SA,NA,2023-10-10,20835561,2023-10-10T16:48:30Z,5.308056872037915,3139,155,298,200,10,13:45:00,2023-10-10T16:45:00Z,5.1
SpC_SA_101023.xlsx,2023-10-10T13:48:40Z,2023-10-10T13:48:40Z,5.2,27.75,1,NA,NA,NA,NA,NA,SA,NA,2023-10-10,20835561,2023-10-10T16:48:40Z,4.928909952606635,3139,155,298,200,10,13:45:00,2023-10-10T16:45:00Z,5.1
SpC_SA_101023.xlsx,2023-10-10T13:48:50Z,2023-10-10T13:48:50Z,5.6000000000000005,27.740000000000002,1,NA,NA,NA,NA,NA,SA,NA,2023-10-10,20835561,2023-10-10T16:48:50Z,5.309063329541146,3139,155,298,200,10,13:45:00,2023-10-10T16:45:00Z,5.1
SpC_SA_101023.xlsx,2023-10-10T13:49:00Z,2023-10-10T13:49:00Z,5.2,27.75,1,NA,NA,NA,NA,NA,SA,NA,2023-10-10,20835561,2023-10-10T16:49:00Z,4.928909952606635,3139,155,298,200,10,13:45:00,2023-10-10T16:45:00Z,5.1
SpC_SA_101023.xlsx,2023-10-10T13:49:10Z,2023-10-10T13:49:10Z,5.6000000000000005,27.740000000000002,1,NA,NA,NA,NA,NA,SA,NA,2023-10-10,20835561,2023-10-10T16:49:10Z,5.309063329541146,3139,155,298,200,10,13:45:00,2023-10-10T16:45:00Z,5.1
SpC_SA_101023.xlsx,2023-10-10T13:49:20Z,2023-10-10T13:49:20Z,4.4,27.75,1,NA,NA,NA,NA,NA,SA,NA,2023-10-10,20835561,2023-10-10T16:49:20Z,4.170616113744076,3139,155,298,200,10,13:45:00,2023-10-10T16:45:00Z,5.1
SpC_SA_101023.xlsx,2023-10-10T13:49:30Z,2023-10-10T13:49:30Z,5.6000000000000005,27.740000000000002,1,NA,NA,NA,NA,NA,SA,NA,2023-10-10,20835561,2023-10-10T16:49:30Z,5.309063329541146,3139,155,298,200,10,13:45:00,2023-10-10T16:45:00Z,5.1
SpC_SA_101023.xlsx,2023-10-10T13:49:40Z,2023-10-10T13:49:40Z,5.6000000000000005,27.740000000000002,1,NA,NA,NA,NA,NA,SA,NA,2023-10-10,20835561,2023-10-10T16:49:40Z,5.309063329541146,3139,155,298,200,10,13:45:00,2023-10-10T16:45:00Z,5.1
SpC_SA_101023.xlsx,2023-10-10T13:49:50Z,2023-10-10T13:49:50Z,5.2,27.75,1,NA,NA,NA,NA,NA,SA,NA,2023-10-10,20835561,2023-10-10T16:49:50Z,4.928909952606635,3139,155,298,200,10,13:45:00,2023-10-10T16:45:00Z,5.1
SpC_SA_101023.xlsx,2023-10-10T13:50:00Z,2023-10-10T13:50:00Z,5.2,27.76,1,NA,NA,NA,NA,NA,SA,NA,2023-10-10,20835561,2023-10-10T16:50:00Z,4.92797573919636,3139,155,298,200,10,13:45:00,2023-10-10T16:45:00Z,5.1
SpC_SA_101023.xlsx,2023-10-10T13:50:10Z,2023-10-10T13:50:10Z,5.6000000000000005,27.740000000000002,1,NA,NA,NA,NA,NA,SA,NA,2023-10-10,20835561,2023-10-10T16:50:10Z,5.309063329541146,3139,155,298,200,10,13:45:00,2023-10-10T16:45:00Z,5.1
SpC_SA_101023.xlsx,2023-10-10T13:50:20Z,2023-10-10T13:50:20Z,5.2,27.740000000000002,1,NA,NA,NA,NA,NA,SA,NA,2023-10-10,20835561,2023-10-10T16:50:20Z,4.929844520288206,3139,155,298,200,10,13:45:00,2023-10-10T16:45:00Z,5.1
SpC_SA_101023.xlsx,2023-10-10T13:50:30Z,2023-10-10T13:50:30Z,5.2,27.75,1,NA,NA,NA,NA,NA,SA,NA,2023-10-10,20835561,2023-10-10T16:50:30Z,4.928909952606635,3139,155,298,200,10,13:45:00,2023-10-10T16:45:00Z,5.1
SpC_SA_101023.xlsx,2023-10-10T13:50:40Z,2023-10-10T13:50:40Z,5.6000000000000005,27.740000000000002,1,NA,NA,NA,NA,NA,SA,NA,2023-10-10,20835561,2023-10-10T16:50:40Z,5.309063329541146,3139,155,298,200,10,13:45:00,2023-10-10T16:45:00Z,5.1
SpC_SA_101023.xlsx,2023-10-10T13:50:50Z,2023-10-10T13:50:50Z,5.6000000000000005,27.740000000000002,1,NA,NA,NA,NA,NA,SA,NA,2023-10-10,20835561,2023-10-10T16:50:50Z,5.309063329541146,3139,155,298,200,10,13:45:00,2023-10-10T16:45:00Z,5.1
SpC_SA_101023.xlsx,2023-10-10T13:51:00Z,2023-10-10T13:51:00Z,5.6000000000000005,27.740000000000002,1,NA,NA,NA,NA,NA,SA,NA,2023-10-10,20835561,2023-10-10T16:51:00Z,5.309063329541146,3139,155,298,200,10,13:45:00,2023-10-10T16:45:00Z,5.1
SpC_SA_101023.xlsx,2023-10-10T13:51:10Z,2023-10-10T13:51:10Z,5.2,27.73,1,NA,NA,NA,NA,NA,SA,NA,2023-10-10,20835561,2023-10-10T16:51:10Z,4.930779442442632,3139,155,298,200,10,13:45:00,2023-10-10T16:45:00Z,5.1
SpC_SA_101023.xlsx,2023-10-10T13:51:20Z,2023-10-10T13:51:20Z,5.2,27.740000000000002,1,NA,NA,NA,NA,NA,SA,NA,2023-10-10,20835561,2023-10-10T16:51:20Z,4.929844520288206,3139,155,298,200,10,13:45:00,2023-10-10T16:45:00Z,5.1
SpC_SA_101023.xlsx,2023-10-10T13:51:30Z,2023-10-10T13:51:30Z,5.2,27.740000000000002,1,NA,NA,NA,NA,NA,SA,NA,2023-10-10,20835561,2023-10-10T16:51:30Z,4.929844520288206,3139,155,298,200,10,13:45:00,2023-10-10T16:45:00Z,5.1
SpC_SA_101023.xlsx,2023-10-10T13:51:40Z,2023-10-10T13:51:40Z,5.2,27.740000000000002,1,NA,NA,NA,NA,NA,SA,NA,2023-10-10,20835561,2023-10-10T16:51:40Z,4.929844520288206,3139,155,298,200,10,13:45:00,2023-10-10T16:45:00Z,5.1
SpC_SA_101023.xlsx,2023-10-10T13:51:50Z,2023-10-10T13:51:50Z,5.6000000000000005,27.73,1,NA,NA,NA,NA,NA,SA,NA,2023-10-10,20835561,2023-10-10T16:51:50Z,5.310070168784374,3139,155,298,200,10,13:45:00,2023-10-10T16:45:00Z,5.1
SpC_SA_101023.xlsx,2023-10-10T13:52:00Z,2023-10-10T13:52:00Z,5.2,27.740000000000002,1,NA,NA,NA,NA,NA,SA,NA,2023-10-10,20835561,2023-10-10T16:52:00Z,4.929844520288206,3139,155,298,200,10,13:45:00,2023-10-10T16:45:00Z,5.1
SpC_SA_101023.xlsx,2023-10-10T13:52:10Z,2023-10-10T13:52:10Z,5.2,27.75,1,NA,NA,NA,NA,NA,SA,NA,2023-10-10,20835561,2023-10-10T16:52:10Z,4.928909952606635,3139,155,298,200,10,13:45:00,2023-10-10T16:45:00Z,5.1
SpC_SA_101023.xlsx,2023-10-10T13:52:20Z,2023-10-10T13:52:20Z,5.2,27.740000000000002,1,NA,NA,NA,NA,NA,SA,NA,2023-10-10,20835561,2023-10-10T16:52:20Z,4.929844520288206,3139,155,298,200,10,13:45:00,2023-10-10T16:45:00Z,5.1
SpC_SA_101023.xlsx,2023-10-10T13:52:30Z,2023-10-10T13:52:30Z,5.2,27.740000000000002,1,NA,NA,NA,NA,NA,SA,NA,2023-10-10,20835561,2023-10-10T16:52:30Z,4.929844520288206,3139,155,298,200,10,13:45:00,2023-10-10T16:45:00Z,5.1
SpC_SA_101023.xlsx,2023-10-10T13:52:40Z,2023-10-10T13:52:40Z,5.2,27.740000000000002,1,NA,NA,NA,NA,NA,SA,NA,2023-10-10,20835561,2023-10-10T16:52:40Z,4.929844520288206,3139,155,298,200,10,13:45:00,2023-10-10T16:45:00Z,5.1
SpC_SA_101023.xlsx,2023-10-10T13:52:50Z,2023-10-10T13:52:50Z,5.2,27.740000000000002,1,NA,NA,NA,NA,NA,SA,NA,2023-10-10,20835561,2023-10-10T16:52:50Z,4.929844520288206,3139,155,298,200,10,13:45:00,2023-10-10T16:45:00Z,5.1
SpC_SA_101023.xlsx,2023-10-10T13:53:00Z,2023-10-10T13:53:00Z,5.2,27.75,1,NA,NA,NA,NA,NA,SA,NA,2023-10-10,20835561,2023-10-10T16:53:00Z,4.928909952606635,3139,155,298,200,10,13:45:00,2023-10-10T16:45:00Z,5.1
SpC_SA_101023.xlsx,2023-10-10T13:53:10Z,2023-10-10T13:53:10Z,5.2,27.75,1,NA,NA,NA,NA,NA,SA,NA,2023-10-10,20835561,2023-10-10T16:53:10Z,4.928909952606635,3139,155,298,200,10,13:45:00,2023-10-10T16:45:00Z,5.1
SpC_SA_101023.xlsx,2023-10-10T13:53:20Z,2023-10-10T13:53:20Z,5.2,27.75,1,NA,NA,NA,NA,NA,SA,NA,2023-10-10,20835561,2023-10-10T16:53:20Z,4.928909952606635,3139,155,298,200,10,13:45:00,2023-10-10T16:45:00Z,5.1
SpC_SA_101023.xlsx,2023-10-10T13:53:30Z,2023-10-10T13:53:30Z,5.6000000000000005,27.75,1,NA,NA,NA,NA,NA,SA,NA,2023-10-10,20835561,2023-10-10T16:53:30Z,5.308056872037915,3139,155,298,200,10,13:45:00,2023-10-10T16:45:00Z,5.1
SpC_SA_101023.xlsx,2023-10-10T13:53:40Z,2023-10-10T13:53:40Z,5.6000000000000005,27.75,1,NA,NA,NA,NA,NA,SA,NA,2023-10-10,20835561,2023-10-10T16:53:40Z,5.308056872037915,3139,155,298,200,10,13:45:00,2023-10-10T16:45:00Z,5.1
SpC_SA_101023.xlsx,2023-10-10T13:53:50Z,2023-10-10T13:53:50Z,5.2,27.75,1,NA,NA,NA,NA,NA,SA,NA,2023-10-10,20835561,2023-10-10T16:53:50Z,4.928909952606635,3139,155,298,200,10,13:45:00,2023-10-10T16:45:00Z,5.1
SpC_SA_101023.xlsx,2023-10-10T13:54:00Z,2023-10-10T13:54:00Z,4.4,27.740000000000002,1,NA,NA,NA,NA,NA,SA,NA,2023-10-10,20835561,2023-10-10T16:54:00Z,4.171406901782329,3139,155,298,200,10,13:45:00,2023-10-10T16:45:00Z,5.1
SpC_SA_101023.xlsx,2023-10-10T13:54:10Z,2023-10-10T13:54:10Z,5.6000000000000005,27.75,1,NA,NA,NA,NA,NA,SA,NA,2023-10-10,20835561,2023-10-10T16:54:10Z,5.308056872037915,3139,155,298,200,10,13:45:00,2023-10-10T16:45:00Z,5.1
SpC_SA_101023.xlsx,2023-10-10T13:54:20Z,2023-10-10T13:54:20Z,5.6000000000000005,27.76,1,NA,NA,NA,NA,NA,SA,NA,2023-10-10,20835561,2023-10-10T16:54:20Z,5.307050796057619,3139,155,298,200,10,13:45:00,2023-10-10T16:45:00Z,5.1
SpC_SA_101023.xlsx,2023-10-10T13:54:30Z,2023-10-10T13:54:30Z,5.6000000000000005,27.75,1,NA,NA,NA,NA,NA,SA,NA,2023-10-10,20835561,2023-10-10T16:54:30Z,5.308056872037915,3139,155,298,200,10,13:45:00,2023-10-10T16:45:00Z,5.1
SpC_SA_101023.xlsx,2023-10-10T13:54:40Z,2023-10-10T13:54:40Z,5.6000000000000005,27.75,1,NA,NA,NA,NA,NA,SA,NA,2023-10-10,20835561,2023-10-10T16:54:40Z,5.308056872037915,3139,155,298,200,10,13:45:00,2023-10-10T16:45:00Z,5.1
SpC_SA_101023.xlsx,2023-10-10T13:54:50Z,2023-10-10T13:54:50Z,5.6000000000000005,27.75,1,NA,NA,NA,NA,NA,SA,NA,2023-10-10,20835561,2023-10-10T16:54:50Z,5.308056872037915,3139,155,298,200,10,13:45:00,2023-10-10T16:45:00Z,5.1
SpC_SA_101023.xlsx,2023-10-10T13:55:00Z,2023-10-10T13:55:00Z,5.2,27.75,1,NA,NA,NA,NA,NA,SA,NA,2023-10-10,20835561,2023-10-10T16:55:00Z,4.928909952606635,3139,155,298,200,10,13:45:00,2023-10-10T16:45:00Z,5.1
SpC_SA_101023.xlsx,2023-10-10T13:55:10Z,2023-10-10T13:55:10Z,5.6000000000000005,27.75,1,NA,NA,NA,NA,NA,SA,NA,2023-10-10,20835561,2023-10-10T16:55:10Z,5.308056872037915,3139,155,298,200,10,13:45:00,2023-10-10T16:45:00Z,5.1
SpC_SA_101023.xlsx,2023-10-10T13:55:20Z,2023-10-10T13:55:20Z,5.2,27.75,1,NA,NA,NA,NA,NA,SA,NA,2023-10-10,20835561,2023-10-10T16:55:20Z,4.928909952606635,3139,155,298,200,10,13:45:00,2023-10-10T16:45:00Z,5.1
SpC_SA_101023.xlsx,2023-10-10T13:55:30Z,2023-10-10T13:55:30Z,5.6000000000000005,27.75,1,NA,NA,NA,NA,NA,SA,NA,2023-10-10,20835561,2023-10-10T16:55:30Z,5.308056872037915,3139,155,298,200,10,13:45:00,2023-10-10T16:45:00Z,5.1
SpC_SA_101023.xlsx,2023-10-10T13:55:40Z,2023-10-10T13:55:40Z,5.2,27.76,1,NA,NA,NA,NA,NA,SA,NA,2023-10-10,20835561,2023-10-10T16:55:40Z,4.92797573919636,3139,155,298,200,10,13:45:00,2023-10-10T16:45:00Z,5.1
SpC_SA_101023.xlsx,2023-10-10T13:55:50Z,2023-10-10T13:55:50Z,5.2,27.76,1,NA,NA,NA,NA,NA,SA,NA,2023-10-10,20835561,2023-10-10T16:55:50Z,4.92797573919636,3139,155,298,200,10,13:45:00,2023-10-10T16:45:00Z,5.1
SpC_SA_101023.xlsx,2023-10-10T13:56:00Z,2023-10-10T13:56:00Z,5.2,27.76,1,NA,NA,NA,NA,NA,SA,NA,2023-10-10,20835561,2023-10-10T16:56:00Z,4.92797573919636,3139,155,298,200,10,13:45:00,2023-10-10T16:45:00Z,5.1
SpC_SA_101023.xlsx,2023-10-10T13:56:10Z,2023-10-10T13:56:10Z,5.6000000000000005,27.76,1,NA,NA,NA,NA,NA,SA,NA,2023-10-10,20835561,2023-10-10T16:56:10Z,5.307050796057619,3139,155,298,200,10,13:45:00,2023-10-10T16:45:00Z,5.1
SpC_SA_101023.xlsx,2023-10-10T13:56:20Z,2023-10-10T13:56:20Z,5.2,27.76,1,NA,NA,NA,NA,NA,SA,NA,2023-10-10,20835561,2023-10-10T16:56:20Z,4.92797573919636,3139,155,298,200,10,13:45:00,2023-10-10T16:45:00Z,5.1
SpC_SA_101023.xlsx,2023-10-10T13:56:30Z,2023-10-10T13:56:30Z,5.6000000000000005,27.77,1,NA,NA,NA,NA,NA,SA,NA,2023-10-10,20835561,2023-10-10T16:56:30Z,5.306045101383363,3139,155,298,200,10,13:45:00,2023-10-10T16:45:00Z,5.1
SpC_SA_101023.xlsx,2023-10-10T13:56:40Z,2023-10-10T13:56:40Z,5.2,27.76,1,NA,NA,NA,NA,NA,SA,NA,2023-10-10,20835561,2023-10-10T16:56:40Z,4.92797573919636,3139,155,298,200,10,13:45:00,2023-10-10T16:45:00Z,5.1
SpC_SA_101023.xlsx,2023-10-10T13:56:50Z,2023-10-10T13:56:50Z,5.6000000000000005,27.77,1,NA,NA,NA,NA,NA,SA,NA,2023-10-10,20835561,2023-10-10T16:56:50Z,5.306045101383363,3139,155,298,200,10,13:45:00,2023-10-10T16:45:00Z,5.1
SpC_SA_101023.xlsx,2023-10-10T13:57:00Z,2023-10-10T13:57:00Z,5.2,27.79,1,NA,NA,NA,NA,NA,SA,NA,2023-10-10,20835561,2023-10-10T16:57:00Z,4.925175222580034,3139,155,298,200,10,13:45:00,2023-10-10T16:45:00Z,5.1
SpC_SA_101023.xlsx,2023-10-10T13:57:10Z,2023-10-10T13:57:10Z,5.2,27.77,1,NA,NA,NA,NA,NA,SA,NA,2023-10-10,20835561,2023-10-10T16:57:10Z,4.927041879855979,3139,155,298,200,10,13:45:00,2023-10-10T16:45:00Z,5.1
SpC_SA_101023.xlsx,2023-10-10T13:57:20Z,2023-10-10T13:57:20Z,5.6000000000000005,27.77,1,NA,NA,NA,NA,NA,SA,NA,2023-10-10,20835561,2023-10-10T16:57:20Z,5.306045101383363,3139,155,298,200,10,13:45:00,2023-10-10T16:45:00Z,5.1
SpC_SA_101023.xlsx,2023-10-10T13:57:30Z,2023-10-10T13:57:30Z,5.2,27.79,1,NA,NA,NA,NA,NA,SA,NA,2023-10-10,20835561,2023-10-10T16:57:30Z,4.925175222580034,3139,155,298,200,10,13:45:00,2023-10-10T16:45:00Z,5.1
SpC_SA_101023.xlsx,2023-10-10T13:57:40Z,2023-10-10T13:57:40Z,5.2,27.79,1,NA,NA,NA,NA,NA,SA,NA,2023-10-10,20835561,2023-10-10T16:57:40Z,4.925175222580034,3139,155,298,200,10,13:45:00,2023-10-10T16:45:00Z,5.1
SpC_SA_101023.xlsx,2023-10-10T13:57:50Z,2023-10-10T13:57:50Z,5.2,27.79,1,NA,NA,NA,NA,NA,SA,NA,2023-10-10,20835561,2023-10-10T16:57:50Z,4.925175222580034,3139,155,298,200,10,13:45:00,2023-10-10T16:45:00Z,5.1
SpC_SA_101023.xlsx,2023-10-10T13:58:00Z,2023-10-10T13:58:00Z,5.2,27.77,1,NA,NA,NA,NA,NA,SA,NA,2023-10-10,20835561,2023-10-10T16:58:00Z,4.927041879855979,3139,155,298,200,10,13:45:00,2023-10-10T16:45:00Z,5.1
SpC_SA_101023.xlsx,2023-10-10T13:58:10Z,2023-10-10T13:58:10Z,5.2,27.77,1,NA,NA,NA,NA,NA,SA,NA,2023-10-10,20835561,2023-10-10T16:58:10Z,4.927041879855979,3139,155,298,200,10,13:45:00,2023-10-10T16:45:00Z,5.1
SpC_SA_101023.xlsx,2023-10-10T13:58:20Z,2023-10-10T13:58:20Z,5.2,27.79,1,NA,NA,NA,NA,NA,SA,NA,2023-10-10,20835561,2023-10-10T16:58:20Z,4.925175222580034,3139,155,298,200,10,13:45:00,2023-10-10T16:45:00Z,5.1
SpC_SA_101023.xlsx,2023-10-10T13:58:30Z,2023-10-10T13:58:30Z,5.2,27.79,1,NA,NA,NA,NA,NA,SA,NA,2023-10-10,20835561,2023-10-10T16:58:30Z,4.925175222580034,3139,155,298,200,10,13:45:00,2023-10-10T16:45:00Z,5.1
SpC_SA_101023.xlsx,2023-10-10T13:58:40Z,2023-10-10T13:58:40Z,5.2,27.79,1,NA,NA,NA,NA,NA,SA,NA,2023-10-10,20835561,2023-10-10T16:58:40Z,4.925175222580034,3139,155,298,200,10,13:45:00,2023-10-10T16:45:00Z,5.1
SpC_SA_101023.xlsx,2023-10-10T13:58:50Z,2023-10-10T13:58:50Z,5.2,27.77,1,NA,NA,NA,NA,NA,SA,NA,2023-10-10,20835561,2023-10-10T16:58:50Z,4.927041879855979,3139,155,298,200,10,13:45:00,2023-10-10T16:45:00Z,5.1
SpC_SA_101023.xlsx,2023-10-10T13:59:00Z,2023-10-10T13:59:00Z,5.2,27.8,1,NA,NA,NA,NA,NA,SA,NA,2023-10-10,20835561,2023-10-10T16:59:00Z,4.924242424242424,3139,155,298,200,10,13:45:00,2023-10-10T16:45:00Z,5.1
SpC_SA_101023.xlsx,2023-10-10T13:59:10Z,2023-10-10T13:59:10Z,5.6000000000000005,27.79,1,NA,NA,NA,NA,NA,SA,NA,2023-10-10,20835561,2023-10-10T16:59:10Z,5.304034855086191,3139,155,298,200,10,13:45:00,2023-10-10T16:45:00Z,5.1
SpC_SA_101023.xlsx,2023-10-10T13:59:20Z,2023-10-10T13:59:20Z,5.6000000000000005,27.77,1,NA,NA,NA,NA,NA,SA,NA,2023-10-10,20835561,2023-10-10T16:59:20Z,5.306045101383363,3139,155,298,200,10,13:45:00,2023-10-10T16:45:00Z,5.1
SpC_SA_101023.xlsx,2023-10-10T13:59:30Z,2023-10-10T13:59:30Z,5.6000000000000005,27.79,1,NA,NA,NA,NA,NA,SA,NA,2023-10-10,20835561,2023-10-10T16:59:30Z,5.304034855086191,3139,155,298,200,10,13:45:00,2023-10-10T16:45:00Z,5.1
SpC_SA_101023.xlsx,2023-10-10T13:59:40Z,2023-10-10T13:59:40Z,5.2,27.79,1,NA,NA,NA,NA,NA,SA,NA,2023-10-10,20835561,2023-10-10T16:59:40Z,4.925175222580034,3139,155,298,200,10,13:45:00,2023-10-10T16:45:00Z,5.1
SpC_SA_101023.xlsx,2023-10-10T13:59:50Z,2023-10-10T13:59:50Z,5.2,27.79,1,NA,NA,NA,NA,NA,SA,NA,2023-10-10,20835561,2023-10-10T16:59:50Z,4.925175222580034,3139,155,298,200,10,13:45:00,2023-10-10T16:45:00Z,5.1
SpC_SA_101023.xlsx,2023-10-10T14:00:00Z,2023-10-10T14:00:00Z,5.6000000000000005,27.79,1,NA,NA,NA,NA,NA,SA,NA,2023-10-10,20835561,2023-10-10T17:00:00Z,5.304034855086191,3139,155,298,200,10,13:45:00,2023-10-10T16:45:00Z,5.1
SpC_SA_101023.xlsx,2023-10-10T14:00:10Z,2023-10-10T14:00:10Z,5.2,27.79,1,NA,NA,NA,NA,NA,SA,NA,2023-10-10,20835561,2023-10-10T17:00:10Z,4.925175222580034,3139,155,298,200,10,13:45:00,2023-10-10T16:45:00Z,5.1
SpC_SA_101023.xlsx,2023-10-10T14:00:20Z,2023-10-10T14:00:20Z,5.6000000000000005,27.8,1,NA,NA,NA,NA,NA,SA,NA,2023-10-10,20835561,2023-10-10T17:00:20Z,5.303030303030304,3139,155,298,200,10,13:45:00,2023-10-10T16:45:00Z,5.1
SpC_SA_101023.xlsx,2023-10-10T14:00:30Z,2023-10-10T14:00:30Z,5.6000000000000005,27.79,1,NA,NA,NA,NA,NA,SA,NA,2023-10-10,20835561,2023-10-10T17:00:30Z,5.304034855086191,3139,155,298,200,10,13:45:00,2023-10-10T16:45:00Z,5.1
SpC_SA_101023.xlsx,2023-10-10T14:00:40Z,2023-10-10T14:00:40Z,5.2,27.8,1,NA,NA,NA,NA,NA,SA,NA,2023-10-10,20835561,2023-10-10T17:00:40Z,4.924242424242424,3139,155,298,200,10,13:45:00,2023-10-10T16:45:00Z,5.1
SpC_SA_101023.xlsx,2023-10-10T14:00:50Z,2023-10-10T14:00:50Z,5.6000000000000005,27.8,1,NA,NA,NA,NA,NA,SA,NA,2023-10-10,20835561,2023-10-10T17:00:50Z,5.303030303030304,3139,155,298,200,10,13:45:00,2023-10-10T16:45:00Z,5.1
SpC_SA_101023.xlsx,2023-10-10T14:01:00Z,2023-10-10T14:01:00Z,5.2,27.8,1,NA,NA,NA,NA,NA,SA,NA,2023-10-10,20835561,2023-10-10T17:01:00Z,4.924242424242424,3139,155,298,200,10,13:45:00,2023-10-10T16:45:00Z,5.1
SpC_SA_101023.xlsx,2023-10-10T14:01:10Z,2023-10-10T14:01:10Z,5.6000000000000005,27.8,1,NA,NA,NA,NA,NA,SA,NA,2023-10-10,20835561,2023-10-10T17:01:10Z,5.303030303030304,3139,155,298,200,10,13:45:00,2023-10-10T16:45:00Z,5.1
SpC_SA_101023.xlsx,2023-10-10T14:01:20Z,2023-10-10T14:01:20Z,5.6000000000000005,27.8,1,NA,NA,NA,NA,NA,SA,NA,2023-10-10,20835561,2023-10-10T17:01:20Z,5.303030303030304,3139,155,298,200,10,13:45:00,2023-10-10T16:45:00Z,5.1
SpC_SA_101023.xlsx,2023-10-10T14:01:30Z,2023-10-10T14:01:30Z,5.2,27.8,1,NA,NA,NA,NA,NA,SA,NA,2023-10-10,20835561,2023-10-10T17:01:30Z,4.924242424242424,3139,155,298,200,10,13:45:00,2023-10-10T16:45:00Z,5.1
SpC_SA_101023.xlsx,2023-10-10T14:01:40Z,2023-10-10T14:01:40Z,5.6000000000000005,27.79,1,NA,NA,NA,NA,NA,SA,NA,2023-10-10,20835561,2023-10-10T17:01:40Z,5.304034855086191,3139,155,298,200,10,13:45:00,2023-10-10T16:45:00Z,5.1
SpC_SA_101023.xlsx,2023-10-10T14:01:50Z,2023-10-10T14:01:50Z,5.2,27.79,1,NA,NA,NA,NA,NA,SA,NA,2023-10-10,20835561,2023-10-10T17:01:50Z,4.925175222580034,3139,155,298,200,10,13:45:00,2023-10-10T16:45:00Z,5.1
SpC_SA_101023.xlsx,2023-10-10T14:02:00Z,2023-10-10T14:02:00Z,5.2,27.8,1,NA,NA,NA,NA,NA,SA,NA,2023-10-10,20835561,2023-10-10T17:02:00Z,4.924242424242424,3139,155,298,200,10,13:45:00,2023-10-10T16:45:00Z,5.1
SpC_SA_101023.xlsx,2023-10-10T14:02:10Z,2023-10-10T14:02:10Z,5.2,27.8,1,NA,NA,NA,NA,NA,SA,NA,2023-10-10,20835561,2023-10-10T17:02:10Z,4.924242424242424,3139,155,298,200,10,13:45:00,2023-10-10T16:45:00Z,5.1
SpC_SA_101023.xlsx,2023-10-10T14:02:20Z,2023-10-10T14:02:20Z,5.6000000000000005,27.79,1,NA,NA,NA,NA,NA,SA,NA,2023-10-10,20835561,2023-10-10T17:02:20Z,5.304034855086191,3139,155,298,200,10,13:45:00,2023-10-10T16:45:00Z,5.1
SpC_SA_101023.xlsx,2023-10-10T14:02:30Z,2023-10-10T14:02:30Z,5.6000000000000005,27.8,1,NA,NA,NA,NA,NA,SA,NA,2023-10-10,20835561,2023-10-10T17:02:30Z,5.303030303030304,3139,155,298,200,10,13:45:00,2023-10-10T16:45:00Z,5.1
SpC_SA_101023.xlsx,2023-10-10T14:02:40Z,2023-10-10T14:02:40Z,5.6000000000000005,27.810000000000002,1,NA,NA,NA,NA,NA,SA,NA,2023-10-10,20835561,2023-10-10T17:02:40Z,5.302026131414506,3139,155,298,200,10,13:45:00,2023-10-10T16:45:00Z,5.1
SpC_SA_101023.xlsx,2023-10-10T14:02:50Z,2023-10-10T14:02:50Z,5.6000000000000005,27.79,1,NA,NA,NA,NA,NA,SA,NA,2023-10-10,20835561,2023-10-10T17:02:50Z,5.304034855086191,3139,155,298,200,10,13:45:00,2023-10-10T16:45:00Z,5.1
SpC_SA_101023.xlsx,2023-10-10T14:03:00Z,2023-10-10T14:03:00Z,5.2,27.810000000000002,1,NA,NA,NA,NA,NA,SA,NA,2023-10-10,20835561,2023-10-10T17:03:00Z,4.923309979170612,3139,155,298,200,10,13:45:00,2023-10-10T16:45:00Z,5.1
SpC_SA_101023.xlsx,2023-10-10T14:03:10Z,2023-10-10T14:03:10Z,5.2,27.810000000000002,1,NA,NA,NA,NA,NA,SA,NA,2023-10-10,20835561,2023-10-10T17:03:10Z,4.923309979170612,3139,155,298,200,10,13:45:00,2023-10-10T16:45:00Z,5.1
SpC_SA_101023.xlsx,2023-10-10T14:03:20Z,2023-10-10T14:03:20Z,5.6000000000000005,27.810000000000002,1,NA,NA,NA,NA,NA,SA,NA,2023-10-10,20835561,2023-10-10T17:03:20Z,5.302026131414506,3139,155,298,200,10,13:45:00,2023-10-10T16:45:00Z,5.1
SpC_SA_101023.xlsx,2023-10-10T14:03:30Z,2023-10-10T14:03:30Z,5.2,27.8,1,NA,NA,NA,NA,NA,SA,NA,2023-10-10,20835561,2023-10-10T17:03:30Z,4.924242424242424,3139,155,298,200,10,13:45:00,2023-10-10T16:45:00Z,5.1
SpC_SA_101023.xlsx,2023-10-10T14:03:40Z,2023-10-10T14:03:40Z,5.6000000000000005,27.810000000000002,1,NA,NA,NA,NA,NA,SA,NA,2023-10-10,20835561,2023-10-10T17:03:40Z,5.302026131414506,3139,155,298,200,10,13:45:00,2023-10-10T16:45:00Z,5.1
SpC_SA_101023.xlsx,2023-10-10T14:03:50Z,2023-10-10T14:03:50Z,5.2,27.79,1,NA,NA,NA,NA,NA,SA,NA,2023-10-10,20835561,2023-10-10T17:03:50Z,4.925175222580034,3139,155,298,200,10,13:45:00,2023-10-10T16:45:00Z,5.1
SpC_SA_101023.xlsx,2023-10-10T14:04:00Z,2023-10-10T14:04:00Z,5.6000000000000005,27.8,1,NA,NA,NA,NA,NA,SA,NA,2023-10-10,20835561,2023-10-10T17:04:00Z,5.303030303030304,3139,155,298,200,10,13:45:00,2023-10-10T16:45:00Z,5.1
SpC_SA_101023.xlsx,2023-10-10T14:04:10Z,2023-10-10T14:04:10Z,5.2,27.8,1,NA,NA,NA,NA,NA,SA,NA,2023-10-10,20835561,2023-10-10T17:04:10Z,4.924242424242424,3139,155,298,200,10,13:45:00,2023-10-10T16:45:00Z,5.1
SpC_SA_101023.xlsx,2023-10-10T14:04:20Z,2023-10-10T14:04:20Z,5.2,27.82,1,NA,NA,NA,NA,NA,SA,NA,2023-10-10,20835561,2023-10-10T17:04:20Z,4.922377887163953,3139,155,298,200,10,13:45:00,2023-10-10T16:45:00Z,5.1
SpC_SA_101023.xlsx,2023-10-10T14:04:30Z,2023-10-10T14:04:30Z,5.2,27.8,1,NA,NA,NA,NA,NA,SA,NA,2023-10-10,20835561,2023-10-10T17:04:30Z,4.924242424242424,3139,155,298,200,10,13:45:00,2023-10-10T16:45:00Z,5.1
SpC_SA_101023.xlsx,2023-10-10T14:04:40Z,2023-10-10T14:04:40Z,5.2,27.8,1,NA,NA,NA,NA,NA,SA,NA,2023-10-10,20835561,2023-10-10T17:04:40Z,4.924242424242424,3139,155,298,200,10,13:45:00,2023-10-10T16:45:00Z,5.1
SpC_SA_101023.xlsx,2023-10-10T14:04:50Z,2023-10-10T14:04:50Z,5.2,27.79,1,NA,NA,NA,NA,NA,SA,NA,2023-10-10,20835561,2023-10-10T17:04:50Z,4.925175222580034,3139,155,298,200,10,13:45:00,2023-10-10T16:45:00Z,5.1
SpC_SA_101023.xlsx,2023-10-10T14:05:00Z,2023-10-10T14:05:00Z,5.6000000000000005,27.810000000000002,1,NA,NA,NA,NA,NA,SA,NA,2023-10-10,20835561,2023-10-10T17:05:00Z,5.302026131414506,3139,155,298,200,10,13:45:00,2023-10-10T16:45:00Z,5.1
SpC_SA_101023.xlsx,2023-10-10T14:05:10Z,2023-10-10T14:05:10Z,4.4,27.810000000000002,1,NA,NA,NA,NA,NA,SA,NA,2023-10-10,20835561,2023-10-10T17:05:10Z,4.165877674682825,3139,155,298,200,10,13:45:00,2023-10-10T16:45:00Z,5.1
SpC_SA_101023.xlsx,2023-10-10T14:05:20Z,2023-10-10T14:05:20Z,5.2,27.79,1,NA,NA,NA,NA,NA,SA,NA,2023-10-10,20835561,2023-10-10T17:05:20Z,4.925175222580034,3139,155,298,200,10,13:45:00,2023-10-10T16:45:00Z,5.1
SpC_SA_101023.xlsx,2023-10-10T14:05:30Z,2023-10-10T14:05:30Z,5.2,27.8,1,NA,NA,NA,NA,NA,SA,NA,2023-10-10,20835561,2023-10-10T17:05:30Z,4.924242424242424,3139,155,298,200,10,13:45:00,2023-10-10T16:45:00Z,5.1
SpC_SA_101023.xlsx,2023-10-10T14:05:40Z,2023-10-10T14:05:40Z,5.2,27.79,1,NA,NA,NA,NA,NA,SA,NA,2023-10-10,20835561,2023-10-10T17:05:40Z,4.925175222580034,3139,155,298,200,10,13:45:00,2023-10-10T16:45:00Z,5.1
SpC_SA_101023.xlsx,2023-10-10T14:05:50Z,2023-10-10T14:05:50Z,5.6000000000000005,27.810000000000002,1,NA,NA,NA,NA,NA,SA,NA,2023-10-10,20835561,2023-10-10T17:05:50Z,5.302026131414506,3139,155,298,200,10,13:45:00,2023-10-10T16:45:00Z,5.1
SpC_SA_101023.xlsx,2023-10-10T14:06:00Z,2023-10-10T14:06:00Z,5.6000000000000005,27.8,1,NA,NA,NA,NA,NA,SA,NA,2023-10-10,20835561,2023-10-10T17:06:00Z,5.303030303030304,3139,155,298,200,10,13:45:00,2023-10-10T16:45:00Z,5.1
SpC_SA_101023.xlsx,2023-10-10T14:06:10Z,2023-10-10T14:06:10Z,5.2,27.8,1,NA,NA,NA,NA,NA,SA,NA,2023-10-10,20835561,2023-10-10T17:06:10Z,4.924242424242424,3139,155,298,200,10,13:45:00,2023-10-10T16:45:00Z,5.1
SpC_SA_101023.xlsx,2023-10-10T14:06:20Z,2023-10-10T14:06:20Z,5.2,27.79,1,NA,NA,NA,NA,NA,SA,NA,2023-10-10,20835561,2023-10-10T17:06:20Z,4.925175222580034,3139,155,298,200,10,13:45:00,2023-10-10T16:45:00Z,5.1
SpC_SA_101023.xlsx,2023-10-10T14:06:30Z,2023-10-10T14:06:30Z,5.2,27.79,1,NA,NA,NA,NA,NA,SA,NA,2023-10-10,20835561,2023-10-10T17:06:30Z,4.925175222580034,3139,155,298,200,10,13:45:00,2023-10-10T16:45:00Z,5.1
SpC_SA_101023.xlsx,2023-10-10T14:06:40Z,2023-10-10T14:06:40Z,5.2,27.79,1,NA,NA,NA,NA,NA,SA,NA,2023-10-10,20835561,2023-10-10T17:06:40Z,4.925175222580034,3139,155,298,200,10,13:45:00,2023-10-10T16:45:00Z,5.1
SpC_SA_101023.xlsx,2023-10-10T14:06:50Z,2023-10-10T14:06:50Z,5.2,27.79,1,NA,NA,NA,NA,NA,SA,NA,2023-10-10,20835561,2023-10-10T17:06:50Z,4.925175222580034,3139,155,298,200,10,13:45:00,2023-10-10T16:45:00Z,5.1
SpC_SA_101023.xlsx,2023-10-10T14:07:00Z,2023-10-10T14:07:00Z,5.6000000000000005,27.8,1,NA,NA,NA,NA,NA,SA,NA,2023-10-10,20835561,2023-10-10T17:07:00Z,5.303030303030304,3139,155,298,200,10,13:45:00,2023-10-10T16:45:00Z,5.1
SpC_SA_101023.xlsx,2023-10-10T14:07:10Z,2023-10-10T14:07:10Z,5.2,27.8,1,NA,NA,NA,NA,NA,SA,NA,2023-10-10,20835561,2023-10-10T17:07:10Z,4.924242424242424,3139,155,298,200,10,13:45:00,2023-10-10T16:45:00Z,5.1
SpC_SA_101023.xlsx,2023-10-10T14:07:20Z,2023-10-10T14:07:20Z,5.2,27.79,1,NA,NA,NA,NA,NA,SA,NA,2023-10-10,20835561,2023-10-10T17:07:20Z,4.925175222580034,3139,155,298,200,10,13:45:00,2023-10-10T16:45:00Z,5.1
SpC_SA_101023.xlsx,2023-10-10T14:07:30Z,2023-10-10T14:07:30Z,5.2,27.79,1,NA,NA,NA,NA,NA,SA,NA,2023-10-10,20835561,2023-10-10T17:07:30Z,4.925175222580034,3139,155,298,200,10,13:45:00,2023-10-10T16:45:00Z,5.1
SpC_SA_101023.xlsx,2023-10-10T14:07:40Z,2023-10-10T14:07:40Z,5.2,27.8,1,NA,NA,NA,NA,NA,SA,NA,2023-10-10,20835561,2023-10-10T17:07:40Z,4.924242424242424,3139,155,298,200,10,13:45:00,2023-10-10T16:45:00Z,5.1
SpC_SA_101023.xlsx,2023-10-10T14:07:50Z,2023-10-10T14:07:50Z,5.2,27.8,1,NA,NA,NA,NA,NA,SA,NA,2023-10-10,20835561,2023-10-10T17:07:50Z,4.924242424242424,3139,155,298,200,10,13:45:00,2023-10-10T16:45:00Z,5.1
SpC_SA_101023.xlsx,2023-10-10T14:08:00Z,2023-10-10T14:08:00Z,5.6000000000000005,27.79,1,NA,NA,NA,NA,NA,SA,NA,2023-10-10,20835561,2023-10-10T17:08:00Z,5.304034855086191,3139,155,298,200,10,13:45:00,2023-10-10T16:45:00Z,5.1
SpC_SA_101023.xlsx,2023-10-10T14:08:10Z,2023-10-10T14:08:10Z,5.2,27.8,1,NA,NA,NA,NA,NA,SA,NA,2023-10-10,20835561,2023-10-10T17:08:10Z,4.924242424242424,3139,155,298,200,10,13:45:00,2023-10-10T16:45:00Z,5.1
SpC_SA_101023.xlsx,2023-10-10T14:08:20Z,2023-10-10T14:08:20Z,5.2,27.79,1,NA,NA,NA,NA,NA,SA,NA,2023-10-10,20835561,2023-10-10T17:08:20Z,4.925175222580034,3139,155,298,200,10,13:45:00,2023-10-10T16:45:00Z,5.1
SpC_SA_101023.xlsx,2023-10-10T14:08:30Z,2023-10-10T14:08:30Z,5.2,27.79,1,NA,NA,NA,NA,NA,SA,NA,2023-10-10,20835561,2023-10-10T17:08:30Z,4.925175222580034,3139,155,298,200,10,13:45:00,2023-10-10T16:45:00Z,5.1
SpC_SA_101023.xlsx,2023-10-10T14:08:40Z,2023-10-10T14:08:40Z,5.2,27.79,1,NA,NA,NA,NA,NA,SA,NA,2023-10-10,20835561,2023-10-10T17:08:40Z,4.925175222580034,3139,155,298,200,10,13:45:00,2023-10-10T16:45:00Z,5.1
SpC_SA_101023.xlsx,2023-10-10T14:08:50Z,2023-10-10T14:08:50Z,5.2,27.79,1,NA,NA,NA,NA,NA,SA,NA,2023-10-10,20835561,2023-10-10T17:08:50Z,4.925175222580034,3139,155,298,200,10,13:45:00,2023-10-10T16:45:00Z,5.1
SpC_SA_101023.xlsx,2023-10-10T14:09:00Z,2023-10-10T14:09:00Z,5.9,27.8,1,NA,NA,NA,NA,NA,SA,NA,2023-10-10,20835561,2023-10-10T17:09:00Z,5.587121212121212,3139,155,298,200,10,13:45:00,2023-10-10T16:45:00Z,5.1
SpC_SA_101023.xlsx,2023-10-10T14:09:10Z,2023-10-10T14:09:10Z,5.6000000000000005,27.77,1,NA,NA,NA,NA,NA,SA,NA,2023-10-10,20835561,2023-10-10T17:09:10Z,5.306045101383363,3139,155,298,200,10,13:45:00,2023-10-10T16:45:00Z,5.1
SpC_SA_101023.xlsx,2023-10-10T14:09:20Z,2023-10-10T14:09:20Z,5.2,27.8,1,NA,NA,NA,NA,NA,SA,NA,2023-10-10,20835561,2023-10-10T17:09:20Z,4.924242424242424,3139,155,298,200,10,13:45:00,2023-10-10T16:45:00Z,5.1
SpC_SA_101023.xlsx,2023-10-10T14:09:30Z,2023-10-10T14:09:30Z,5.2,27.79,1,NA,NA,NA,NA,NA,SA,NA,2023-10-10,20835561,2023-10-10T17:09:30Z,4.925175222580034,3139,155,298,200,10,13:45:00,2023-10-10T16:45:00Z,5.1
SpC_SA_101023.xlsx,2023-10-10T14:09:40Z,2023-10-10T14:09:40Z,5.6000000000000005,27.79,1,NA,NA,NA,NA,NA,SA,NA,2023-10-10,20835561,2023-10-10T17:09:40Z,5.304034855086191,3139,155,298,200,10,13:45:00,2023-10-10T16:45:00Z,5.1
SpC_SA_101023.xlsx,2023-10-10T14:09:50Z,2023-10-10T14:09:50Z,5.2,27.8,1,NA,NA,NA,NA,NA,SA,NA,2023-10-10,20835561,2023-10-10T17:09:50Z,4.924242424242424,3139,155,298,200,10,13:45:00,2023-10-10T16:45:00Z,5.1
SpC_SA_101023.xlsx,2023-10-10T14:10:00Z,2023-10-10T14:10:00Z,5.2,27.79,1,NA,NA,NA,NA,NA,SA,NA,2023-10-10,20835561,2023-10-10T17:10:00Z,4.925175222580034,3139,155,298,200,10,13:45:00,2023-10-10T16:45:00Z,5.1
SpC_SA_101023.xlsx,2023-10-10T14:10:10Z,2023-10-10T14:10:10Z,5.6000000000000005,27.8,1,NA,NA,NA,NA,NA,SA,NA,2023-10-10,20835561,2023-10-10T17:10:10Z,5.303030303030304,3139,155,298,200,10,13:45:00,2023-10-10T16:45:00Z,5.1
SpC_SA_101023.xlsx,2023-10-10T14:10:20Z,2023-10-10T14:10:20Z,5.2,27.8,1,NA,NA,NA,NA,NA,SA,NA,2023-10-10,20835561,2023-10-10T17:10:20Z,4.924242424242424,3139,155,298,200,10,13:45:00,2023-10-10T16:45:00Z,5.1
SpC_SA_101023.xlsx,2023-10-10T14:10:30Z,2023-10-10T14:10:30Z,5.2,27.8,1,NA,NA,NA,NA,NA,SA,NA,2023-10-10,20835561,2023-10-10T17:10:30Z,4.924242424242424,3139,155,298,200,10,13:45:00,2023-10-10T16:45:00Z,5.1
SpC_SA_101023.xlsx,2023-10-10T14:10:40Z,2023-10-10T14:10:40Z,5.6000000000000005,27.810000000000002,1,NA,NA,NA,NA,NA,SA,NA,2023-10-10,20835561,2023-10-10T17:10:40Z,5.302026131414506,3139,155,298,200,10,13:45:00,2023-10-10T16:45:00Z,5.1
SpC_SA_101023.xlsx,2023-10-10T14:10:50Z,2023-10-10T14:10:50Z,5.2,27.8,1,NA,NA,NA,NA,NA,SA,NA,2023-10-10,20835561,2023-10-10T17:10:50Z,4.924242424242424,3139,155,298,200,10,13:45:00,2023-10-10T16:45:00Z,5.1
SpC_SA_101023.xlsx,2023-10-10T14:11:00Z,2023-10-10T14:11:00Z,5.6000000000000005,27.8,1,NA,NA,NA,NA,NA,SA,NA,2023-10-10,20835561,2023-10-10T17:11:00Z,5.303030303030304,3139,155,298,200,10,13:45:00,2023-10-10T16:45:00Z,5.1
SpC_SA_101023.xlsx,2023-10-10T14:11:10Z,2023-10-10T14:11:10Z,5.2,27.8,1,NA,NA,NA,NA,NA,SA,NA,2023-10-10,20835561,2023-10-10T17:11:10Z,4.924242424242424,3139,155,298,200,10,13:45:00,2023-10-10T16:45:00Z,5.1
SpC_SA_101023.xlsx,2023-10-10T14:11:20Z,2023-10-10T14:11:20Z,5.2,27.810000000000002,1,NA,NA,NA,NA,NA,SA,NA,2023-10-10,20835561,2023-10-10T17:11:20Z,4.923309979170612,3139,155,298,200,10,13:45:00,2023-10-10T16:45:00Z,5.1
SpC_SA_101023.xlsx,2023-10-10T14:11:30Z,2023-10-10T14:11:30Z,5.2,27.8,1,NA,NA,NA,NA,NA,SA,NA,2023-10-10,20835561,2023-10-10T17:11:30Z,4.924242424242424,3139,155,298,200,10,13:45:00,2023-10-10T16:45:00Z,5.1
SpC_SA_101023.xlsx,2023-10-10T14:11:40Z,2023-10-10T14:11:40Z,5.2,27.82,1,NA,NA,NA,NA,NA,SA,NA,2023-10-10,20835561,2023-10-10T17:11:40Z,4.922377887163953,3139,155,298,200,10,13:45:00,2023-10-10T16:45:00Z,5.1
SpC_SA_101023.xlsx,2023-10-10T14:11:50Z,2023-10-10T14:11:50Z,5.2,27.8,1,NA,NA,NA,NA,NA,SA,NA,2023-10-10,20835561,2023-10-10T17:11:50Z,4.924242424242424,3139,155,298,200,10,13:45:00,2023-10-10T16:45:00Z,5.1
SpC_SA_101023.xlsx,2023-10-10T14:12:00Z,2023-10-10T14:12:00Z,5.2,27.810000000000002,1,NA,NA,NA,NA,NA,SA,NA,2023-10-10,20835561,2023-10-10T17:12:00Z,4.923309979170612,3139,155,298,200,10,13:45:00,2023-10-10T16:45:00Z,5.1
SpC_SA_101023.xlsx,2023-10-10T14:12:10Z,2023-10-10T14:12:10Z,5.2,27.810000000000002,1,NA,NA,NA,NA,NA,SA,NA,2023-10-10,20835561,2023-10-10T17:12:10Z,4.923309979170612,3139,155,298,200,10,13:45:00,2023-10-10T16:45:00Z,5.1
SpC_SA_101023.xlsx,2023-10-10T14:12:20Z,2023-10-10T14:12:20Z,5.9,27.810000000000002,1,NA,NA,NA,NA,NA,SA,NA,2023-10-10,20835561,2023-10-10T17:12:20Z,5.586063245597425,3139,155,298,200,10,13:45:00,2023-10-10T16:45:00Z,5.1
SpC_SA_101023.xlsx,2023-10-10T14:12:30Z,2023-10-10T14:12:30Z,5.2,27.82,1,NA,NA,NA,NA,NA,SA,NA,2023-10-10,20835561,2023-10-10T17:12:30Z,4.922377887163953,3139,155,298,200,10,13:45:00,2023-10-10T16:45:00Z,5.1
SpC_SA_101023.xlsx,2023-10-10T14:12:40Z,2023-10-10T14:12:40Z,5.2,27.82,1,NA,NA,NA,NA,NA,SA,NA,2023-10-10,20835561,2023-10-10T17:12:40Z,4.922377887163953,3139,155,298,200,10,13:45:00,2023-10-10T16:45:00Z,5.1
SpC_SA_101023.xlsx,2023-10-10T14:12:50Z,2023-10-10T14:12:50Z,5.6000000000000005,27.810000000000002,1,NA,NA,NA,NA,NA,SA,NA,2023-10-10,20835561,2023-10-10T17:12:50Z,5.302026131414506,3139,155,298,200,10,13:45:00,2023-10-10T16:45:00Z,5.1
SpC_SA_101023.xlsx,2023-10-10T14:13:00Z,2023-10-10T14:13:00Z,4.800000000000001,27.810000000000002,1,NA,NA,NA,NA,NA,SA,NA,2023-10-10,20835561,2023-10-10T17:13:00Z,4.544593826926719,3139,155,298,200,10,13:45:00,2023-10-10T16:45:00Z,5.1
SpC_SA_101023.xlsx,2023-10-10T14:13:10Z,2023-10-10T14:13:10Z,5.6000000000000005,27.82,1,NA,NA,NA,NA,NA,SA,NA,2023-10-10,20835561,2023-10-10T17:13:10Z,5.301022340022719,3139,155,298,200,10,13:45:00,2023-10-10T16:45:00Z,5.1
SpC_SA_101023.xlsx,2023-10-10T14:13:20Z,2023-10-10T14:13:20Z,5.6000000000000005,27.82,1,NA,NA,NA,NA,NA,SA,NA,2023-10-10,20835561,2023-10-10T17:13:20Z,5.301022340022719,3139,155,298,200,10,13:45:00,2023-10-10T16:45:00Z,5.1
SpC_SA_101023.xlsx,2023-10-10T14:13:30Z,2023-10-10T14:13:30Z,5.6000000000000005,27.82,1,NA,NA,NA,NA,NA,SA,NA,2023-10-10,20835561,2023-10-10T17:13:30Z,5.301022340022719,3139,155,298,200,10,13:45:00,2023-10-10T16:45:00Z,5.1
SpC_SA_101023.xlsx,2023-10-10T14:13:40Z,2023-10-10T14:13:40Z,5.2,27.810000000000002,1,NA,NA,NA,NA,NA,SA,NA,2023-10-10,20835561,2023-10-10T17:13:40Z,4.923309979170612,3139,155,298,200,10,13:45:00,2023-10-10T16:45:00Z,5.1
SpC_SA_101023.xlsx,2023-10-10T14:13:50Z,2023-10-10T14:13:50Z,5.2,27.810000000000002,1,NA,NA,NA,NA,NA,SA,NA,2023-10-10,20835561,2023-10-10T17:13:50Z,4.923309979170612,3139,155,298,200,10,13:45:00,2023-10-10T16:45:00Z,5.1
SpC_SA_101023.xlsx,2023-10-10T14:14:00Z,2023-10-10T14:14:00Z,5.9,27.82,1,NA,NA,NA,NA,NA,SA,NA,2023-10-10,20835561,2023-10-10T17:14:00Z,5.585005679666793,3139,155,298,200,10,13:45:00,2023-10-10T16:45:00Z,5.1
SpC_SA_101023.xlsx,2023-10-10T14:14:10Z,2023-10-10T14:14:10Z,5.9,27.82,1,NA,NA,NA,NA,NA,SA,NA,2023-10-10,20835561,2023-10-10T17:14:10Z,5.585005679666793,3139,155,298,200,10,13:45:00,2023-10-10T16:45:00Z,5.1
SpC_SA_101023.xlsx,2023-10-10T14:14:20Z,2023-10-10T14:14:20Z,5.9,27.82,1,NA,NA,NA,NA,NA,SA,NA,2023-10-10,20835561,2023-10-10T17:14:20Z,5.585005679666793,3139,155,298,200,10,13:45:00,2023-10-10T16:45:00Z,5.1
SpC_SA_101023.xlsx,2023-10-10T14:14:30Z,2023-10-10T14:14:30Z,5.9,27.82,1,NA,NA,NA,NA,NA,SA,NA,2023-10-10,20835561,2023-10-10T17:14:30Z,5.585005679666793,3139,155,298,200,10,13:45:00,2023-10-10T16:45:00Z,5.1
SpC_SA_101023.xlsx,2023-10-10T14:14:40Z,2023-10-10T14:14:40Z,6.7,27.82,1,NA,NA,NA,NA,NA,SA,NA,2023-10-10,20835561,2023-10-10T17:14:40Z,6.342294585384324,3139,155,298,200,10,13:45:00,2023-10-10T16:45:00Z,5.1
SpC_SA_101023.xlsx,2023-10-10T14:14:50Z,2023-10-10T14:14:50Z,6.7,27.82,1,NA,NA,NA,NA,NA,SA,NA,2023-10-10,20835561,2023-10-10T17:14:50Z,6.342294585384324,3139,155,298,200,10,13:45:00,2023-10-10T16:45:00Z,5.1
SpC_SA_101023.xlsx,2023-10-10T14:15:00Z,2023-10-10T14:15:00Z,7.4,27.82,1,NA,NA,NA,NA,NA,SA,NA,2023-10-10,20835561,2023-10-10T17:15:00Z,7.004922377887164,3139,155,298,200,10,13:45:00,2023-10-10T16:45:00Z,5.1
SpC_SA_101023.xlsx,2023-10-10T14:15:10Z,2023-10-10T14:15:10Z,7.4,27.82,1,NA,NA,NA,NA,NA,SA,NA,2023-10-10,20835561,2023-10-10T17:15:10Z,7.004922377887164,3139,155,298,200,10,13:45:00,2023-10-10T16:45:00Z,5.1
SpC_SA_101023.xlsx,2023-10-10T14:15:20Z,2023-10-10T14:15:20Z,7.800000000000001,27.82,1,NA,NA,NA,NA,NA,SA,NA,2023-10-10,20835561,2023-10-10T17:15:20Z,7.38356683074593,3139,155,298,200,10,13:45:00,2023-10-10T16:45:00Z,5.1
SpC_SA_101023.xlsx,2023-10-10T14:15:30Z,2023-10-10T14:15:30Z,7.800000000000001,27.84,1,NA,NA,NA,NA,NA,SA,NA,2023-10-10,20835561,2023-10-10T17:15:30Z,7.380772142316428,3139,155,298,200,10,13:45:00,2023-10-10T16:45:00Z,5.1
SpC_SA_101023.xlsx,2023-10-10T14:15:40Z,2023-10-10T14:15:40Z,8.200000000000001,27.82,1,NA,NA,NA,NA,NA,SA,NA,2023-10-10,20835561,2023-10-10T17:15:40Z,7.762211283604696,3139,155,298,200,10,13:45:00,2023-10-10T16:45:00Z,5.1
SpC_SA_101023.xlsx,2023-10-10T14:15:50Z,2023-10-10T14:15:50Z,8.6,27.84,1,NA,NA,NA,NA,NA,SA,NA,2023-10-10,20835561,2023-10-10T17:15:50Z,8.13777441332324,3139,155,298,200,10,13:45:00,2023-10-10T16:45:00Z,5.1
SpC_SA_101023.xlsx,2023-10-10T14:16:00Z,2023-10-10T14:16:00Z,9.3,27.84,1,NA,NA,NA,NA,NA,SA,NA,2023-10-10,20835561,2023-10-10T17:16:00Z,8.800151400454203,3139,155,298,200,10,13:45:00,2023-10-10T16:45:00Z,5.1
SpC_SA_101023.xlsx,2023-10-10T14:16:10Z,2023-10-10T14:16:10Z,9.700000000000001,27.82,1,NA,NA,NA,NA,NA,SA,NA,2023-10-10,20835561,2023-10-10T17:16:10Z,9.182127981825067,3139,155,298,200,10,13:45:00,2023-10-10T16:45:00Z,5.1
SpC_SA_101023.xlsx,2023-10-10T14:16:20Z,2023-10-10T14:16:20Z,10.5,27.810000000000002,1,NA,NA,NA,NA,NA,SA,NA,2023-10-10,20835561,2023-10-10T17:16:20Z,9.941298996402196,3139,155,298,200,10,13:45:00,2023-10-10T16:45:00Z,5.1
SpC_SA_101023.xlsx,2023-10-10T14:16:30Z,2023-10-10T14:16:30Z,10.9,27.82,1,NA,NA,NA,NA,NA,SA,NA,2023-10-10,20835561,2023-10-10T17:16:30Z,10.318061340401364,3139,155,298,200,10,13:45:00,2023-10-10T16:45:00Z,5.1
SpC_SA_101023.xlsx,2023-10-10T14:16:40Z,2023-10-10T14:16:40Z,11.600000000000001,27.82,1,NA,NA,NA,NA,NA,SA,NA,2023-10-10,20835561,2023-10-10T17:16:40Z,10.980689132904205,3139,155,298,200,10,13:45:00,2023-10-10T16:45:00Z,5.1
SpC_SA_101023.xlsx,2023-10-10T14:16:50Z,2023-10-10T14:16:50Z,12.700000000000001,27.82,1,NA,NA,NA,NA,NA,SA,NA,2023-10-10,20835561,2023-10-10T17:16:50Z,12.021961378265809,3139,155,298,200,10,13:45:00,2023-10-10T16:45:00Z,5.1
SpC_SA_101023.xlsx,2023-10-10T14:17:00Z,2023-10-10T14:17:00Z,13.100000000000001,27.82,1,NA,NA,NA,NA,NA,SA,NA,2023-10-10,20835561,2023-10-10T17:17:00Z,12.400605831124576,3139,155,298,200,10,13:45:00,2023-10-10T16:45:00Z,5.1
SpC_SA_101023.xlsx,2023-10-10T14:17:10Z,2023-10-10T14:17:10Z,12.4,27.84,1,NA,NA,NA,NA,NA,SA,NA,2023-10-10,20835561,2023-10-10T17:17:10Z,11.733535200605603,3139,155,298,200,10,13:45:00,2023-10-10T16:45:00Z,5.1
SpC_SA_101023.xlsx,2023-10-10T14:17:20Z,2023-10-10T14:17:20Z,13.9,27.82,1,NA,NA,NA,NA,NA,SA,NA,2023-10-10,20835561,2023-10-10T17:17:20Z,13.157894736842106,3139,155,298,200,10,13:45:00,2023-10-10T16:45:00Z,5.1
SpC_SA_101023.xlsx,2023-10-10T14:17:30Z,2023-10-10T14:17:30Z,13.9,27.82,1,NA,NA,NA,NA,NA,SA,NA,2023-10-10,20835561,2023-10-10T17:17:30Z,13.157894736842106,3139,155,298,200,10,13:45:00,2023-10-10T16:45:00Z,5.1
SpC_SA_101023.xlsx,2023-10-10T14:17:40Z,2023-10-10T14:17:40Z,15.4,27.82,1,NA,NA,NA,NA,NA,SA,NA,2023-10-10,20835561,2023-10-10T17:17:40Z,14.577811435062477,3139,155,298,200,10,13:45:00,2023-10-10T16:45:00Z,5.1
SpC_SA_101023.xlsx,2023-10-10T14:17:50Z,2023-10-10T14:17:50Z,14.600000000000001,27.84,1,NA,NA,NA,NA,NA,SA,NA,2023-10-10,20835561,2023-10-10T17:17:50Z,13.81529144587434,3139,155,298,200,10,13:45:00,2023-10-10T16:45:00Z,5.1
SpC_SA_101023.xlsx,2023-10-10T14:18:00Z,2023-10-10T14:18:00Z,16.2,27.82,1,NA,NA,NA,NA,NA,SA,NA,2023-10-10,20835561,2023-10-10T17:18:00Z,15.335100340780007,3139,155,298,200,10,13:45:00,2023-10-10T16:45:00Z,5.1
SpC_SA_101023.xlsx,2023-10-10T14:18:10Z,2023-10-10T14:18:10Z,16.900000000000002,27.84,1,NA,NA,NA,NA,NA,SA,NA,2023-10-10,20835561,2023-10-10T17:18:10Z,15.991672975018927,3139,155,298,200,10,13:45:00,2023-10-10T16:45:00Z,5.1
SpC_SA_101023.xlsx,2023-10-10T14:18:20Z,2023-10-10T14:18:20Z,18.400000000000002,27.84,1,NA,NA,NA,NA,NA,SA,NA,2023-10-10,20835561,2023-10-10T17:18:20Z,17.411052233156703,3139,155,298,200,10,13:45:00,2023-10-10T16:45:00Z,5.1
SpC_SA_101023.xlsx,2023-10-10T14:18:30Z,2023-10-10T14:18:30Z,18.400000000000002,27.82,1,NA,NA,NA,NA,NA,SA,NA,2023-10-10,20835561,2023-10-10T17:18:30Z,17.41764483150322,3139,155,298,200,10,13:45:00,2023-10-10T16:45:00Z,5.1
SpC_SA_101023.xlsx,2023-10-10T14:18:40Z,2023-10-10T14:18:40Z,18.8,27.84,1,NA,NA,NA,NA,NA,SA,NA,2023-10-10,20835561,2023-10-10T17:18:40Z,17.78955336866011,3139,155,298,200,10,13:45:00,2023-10-10T16:45:00Z,5.1
SpC_SA_101023.xlsx,2023-10-10T14:18:50Z,2023-10-10T14:18:50Z,19.200000000000003,27.84,1,NA,NA,NA,NA,NA,SA,NA,2023-10-10,20835561,2023-10-10T17:18:50Z,18.168054504163514,3139,155,298,200,10,13:45:00,2023-10-10T16:45:00Z,5.1
SpC_SA_101023.xlsx,2023-10-10T14:19:00Z,2023-10-10T14:19:00Z,20.3,27.82,1,NA,NA,NA,NA,NA,SA,NA,2023-10-10,20835561,2023-10-10T17:19:00Z,19.216205982582355,3139,155,298,200,10,13:45:00,2023-10-10T16:45:00Z,5.1
SpC_SA_101023.xlsx,2023-10-10T14:19:10Z,2023-10-10T14:19:10Z,21.1,27.82,1,NA,NA,NA,NA,NA,SA,NA,2023-10-10,20835561,2023-10-10T17:19:10Z,19.97349488829989,3139,155,298,200,10,13:45:00,2023-10-10T16:45:00Z,5.1
SpC_SA_101023.xlsx,2023-10-10T14:19:20Z,2023-10-10T14:19:20Z,21.1,27.84,1,NA,NA,NA,NA,NA,SA,NA,2023-10-10,20835561,2023-10-10T17:19:20Z,19.965934897804697,3139,155,298,200,10,13:45:00,2023-10-10T16:45:00Z,5.1
SpC_SA_101023.xlsx,2023-10-10T14:19:30Z,2023-10-10T14:19:30Z,21.8,27.84,1,NA,NA,NA,NA,NA,SA,NA,2023-10-10,20835561,2023-10-10T17:19:30Z,20.628311884935655,3139,155,298,200,10,13:45:00,2023-10-10T16:45:00Z,5.1
SpC_SA_101023.xlsx,2023-10-10T14:19:40Z,2023-10-10T14:19:40Z,22.200000000000003,27.82,1,NA,NA,NA,NA,NA,SA,NA,2023-10-10,20835561,2023-10-10T17:19:40Z,21.014767133661493,3139,155,298,200,10,13:45:00,2023-10-10T16:45:00Z,5.1
SpC_SA_101023.xlsx,2023-10-10T14:19:50Z,2023-10-10T14:19:50Z,23,27.84,1,NA,NA,NA,NA,NA,SA,NA,2023-10-10,20835561,2023-10-10T17:19:50Z,21.763815291445876,3139,155,298,200,10,13:45:00,2023-10-10T16:45:00Z,5.1
SpC_SA_101023.xlsx,2023-10-10T14:20:00Z,2023-10-10T14:20:00Z,23,27.82,1,NA,NA,NA,NA,NA,SA,NA,2023-10-10,20835561,2023-10-10T17:20:00Z,21.772056039379024,3139,155,298,200,10,13:45:00,2023-10-10T16:45:00Z,5.1
SpC_SA_101023.xlsx,2023-10-10T14:20:10Z,2023-10-10T14:20:10Z,23.700000000000003,27.84,1,NA,NA,NA,NA,NA,SA,NA,2023-10-10,20835561,2023-10-10T17:20:10Z,22.42619227857684,3139,155,298,200,10,13:45:00,2023-10-10T16:45:00Z,5.1
SpC_SA_101023.xlsx,2023-10-10T14:20:20Z,2023-10-10T14:20:20Z,24.5,27.82,1,NA,NA,NA,NA,NA,SA,NA,2023-10-10,20835561,2023-10-10T17:20:20Z,23.191972737599393,3139,155,298,200,10,13:45:00,2023-10-10T16:45:00Z,5.1
SpC_SA_101023.xlsx,2023-10-10T14:20:30Z,2023-10-10T14:20:30Z,24.900000000000002,27.82,1,NA,NA,NA,NA,NA,SA,NA,2023-10-10,20835561,2023-10-10T17:20:30Z,23.57061719045816,3139,155,298,200,10,13:45:00,2023-10-10T16:45:00Z,5.1
SpC_SA_101023.xlsx,2023-10-10T14:20:40Z,2023-10-10T14:20:40Z,25.6,27.84,1,NA,NA,NA,NA,NA,SA,NA,2023-10-10,20835561,2023-10-10T17:20:40Z,24.224072672218018,3139,155,298,200,10,13:45:00,2023-10-10T16:45:00Z,5.1
SpC_SA_101023.xlsx,2023-10-10T14:20:50Z,2023-10-10T14:20:50Z,25.6,27.84,1,NA,NA,NA,NA,NA,SA,NA,2023-10-10,20835561,2023-10-10T17:20:50Z,24.224072672218018,3139,155,298,200,10,13:45:00,2023-10-10T16:45:00Z,5.1
SpC_SA_101023.xlsx,2023-10-10T14:21:00Z,2023-10-10T14:21:00Z,26,27.82,1,NA,NA,NA,NA,NA,SA,NA,2023-10-10,20835561,2023-10-10T17:21:00Z,24.611889435819766,3139,155,298,200,10,13:45:00,2023-10-10T16:45:00Z,5.1
SpC_SA_101023.xlsx,2023-10-10T14:21:10Z,2023-10-10T14:21:10Z,27.200000000000003,27.82,1,NA,NA,NA,NA,NA,SA,NA,2023-10-10,20835561,2023-10-10T17:21:10Z,25.747822794396065,3139,155,298,200,10,13:45:00,2023-10-10T16:45:00Z,5.1
SpC_SA_101023.xlsx,2023-10-10T14:21:20Z,2023-10-10T14:21:20Z,26.8,27.84,1,NA,NA,NA,NA,NA,SA,NA,2023-10-10,20835561,2023-10-10T17:21:20Z,25.35957607872824,3139,155,298,200,10,13:45:00,2023-10-10T16:45:00Z,5.1
SpC_SA_101023.xlsx,2023-10-10T14:21:30Z,2023-10-10T14:21:30Z,26.8,27.82,1,NA,NA,NA,NA,NA,SA,NA,2023-10-10,20835561,2023-10-10T17:21:30Z,25.369178341537296,3139,155,298,200,10,13:45:00,2023-10-10T16:45:00Z,5.1
SpC_SA_101023.xlsx,2023-10-10T14:21:40Z,2023-10-10T14:21:40Z,27.5,27.82,1,NA,NA,NA,NA,NA,SA,NA,2023-10-10,20835561,2023-10-10T17:21:40Z,26.031806134040135,3139,155,298,200,10,13:45:00,2023-10-10T16:45:00Z,5.1
SpC_SA_101023.xlsx,2023-10-10T14:21:50Z,2023-10-10T14:21:50Z,27.900000000000002,27.82,1,NA,NA,NA,NA,NA,SA,NA,2023-10-10,20835561,2023-10-10T17:21:50Z,26.410450586898904,3139,155,298,200,10,13:45:00,2023-10-10T16:45:00Z,5.1
SpC_SA_101023.xlsx,2023-10-10T14:22:00Z,2023-10-10T14:22:00Z,27.900000000000002,27.84,1,NA,NA,NA,NA,NA,SA,NA,2023-10-10,20835561,2023-10-10T17:22:00Z,26.400454201362606,3139,155,298,200,10,13:45:00,2023-10-10T16:45:00Z,5.1
SpC_SA_101023.xlsx,2023-10-10T14:22:10Z,2023-10-10T14:22:10Z,27.900000000000002,27.82,1,NA,NA,NA,NA,NA,SA,NA,2023-10-10,20835561,2023-10-10T17:22:10Z,26.410450586898904,3139,155,298,200,10,13:45:00,2023-10-10T16:45:00Z,5.1
SpC_SA_101023.xlsx,2023-10-10T14:22:20Z,2023-10-10T14:22:20Z,29.400000000000002,27.810000000000002,1,NA,NA,NA,NA,NA,SA,NA,2023-10-10,20835561,2023-10-10T17:22:20Z,27.835637189926153,3139,155,298,200,10,13:45:00,2023-10-10T16:45:00Z,5.1
SpC_SA_101023.xlsx,2023-10-10T14:22:30Z,2023-10-10T14:22:30Z,28.700000000000003,27.82,1,NA,NA,NA,NA,NA,SA,NA,2023-10-10,20835561,2023-10-10T17:22:30Z,27.167739492616434,3139,155,298,200,10,13:45:00,2023-10-10T16:45:00Z,5.1
SpC_SA_101023.xlsx,2023-10-10T14:22:40Z,2023-10-10T14:22:40Z,29,27.82,1,NA,NA,NA,NA,NA,SA,NA,2023-10-10,20835561,2023-10-10T17:22:40Z,27.451722832260508,3139,155,298,200,10,13:45:00,2023-10-10T16:45:00Z,5.1
SpC_SA_101023.xlsx,2023-10-10T14:22:50Z,2023-10-10T14:22:50Z,28.700000000000003,27.82,1,NA,NA,NA,NA,NA,SA,NA,2023-10-10,20835561,2023-10-10T17:22:50Z,27.167739492616434,3139,155,298,200,10,13:45:00,2023-10-10T16:45:00Z,5.1
SpC_SA_101023.xlsx,2023-10-10T14:23:00Z,2023-10-10T14:23:00Z,28.700000000000003,27.82,1,NA,NA,NA,NA,NA,SA,NA,2023-10-10,20835561,2023-10-10T17:23:00Z,27.167739492616434,3139,155,298,200,10,13:45:00,2023-10-10T16:45:00Z,5.1
SpC_SA_101023.xlsx,2023-10-10T14:23:10Z,2023-10-10T14:23:10Z,28.700000000000003,27.82,1,NA,NA,NA,NA,NA,SA,NA,2023-10-10,20835561,2023-10-10T17:23:10Z,27.167739492616434,3139,155,298,200,10,13:45:00,2023-10-10T16:45:00Z,5.1
SpC_SA_101023.xlsx,2023-10-10T14:23:20Z,2023-10-10T14:23:20Z,29,27.82,1,NA,NA,NA,NA,NA,SA,NA,2023-10-10,20835561,2023-10-10T17:23:20Z,27.451722832260508,3139,155,298,200,10,13:45:00,2023-10-10T16:45:00Z,5.1
SpC_SA_101023.xlsx,2023-10-10T14:23:30Z,2023-10-10T14:23:30Z,29,27.810000000000002,1,NA,NA,NA,NA,NA,SA,NA,2023-10-10,20835561,2023-10-10T17:23:30Z,27.456921037682257,3139,155,298,200,10,13:45:00,2023-10-10T16:45:00Z,5.1
SpC_SA_101023.xlsx,2023-10-10T14:23:40Z,2023-10-10T14:23:40Z,29,27.82,1,NA,NA,NA,NA,NA,SA,NA,2023-10-10,20835561,2023-10-10T17:23:40Z,27.451722832260508,3139,155,298,200,10,13:45:00,2023-10-10T16:45:00Z,5.1
SpC_SA_101023.xlsx,2023-10-10T14:23:50Z,2023-10-10T14:23:50Z,29,27.810000000000002,1,NA,NA,NA,NA,NA,SA,NA,2023-10-10,20835561,2023-10-10T17:23:50Z,27.456921037682257,3139,155,298,200,10,13:45:00,2023-10-10T16:45:00Z,5.1
SpC_SA_101023.xlsx,2023-10-10T14:24:00Z,2023-10-10T14:24:00Z,29,27.82,1,NA,NA,NA,NA,NA,SA,NA,2023-10-10,20835561,2023-10-10T17:24:00Z,27.451722832260508,3139,155,298,200,10,13:45:00,2023-10-10T16:45:00Z,5.1
SpC_SA_101023.xlsx,2023-10-10T14:24:10Z,2023-10-10T14:24:10Z,29,27.82,1,NA,NA,NA,NA,NA,SA,NA,2023-10-10,20835561,2023-10-10T17:24:10Z,27.451722832260508,3139,155,298,200,10,13:45:00,2023-10-10T16:45:00Z,5.1
SpC_SA_101023.xlsx,2023-10-10T14:24:20Z,2023-10-10T14:24:20Z,29,27.84,1,NA,NA,NA,NA,NA,SA,NA,2023-10-10,20835561,2023-10-10T17:24:20Z,27.441332323996974,3139,155,298,200,10,13:45:00,2023-10-10T16:45:00Z,5.1
SpC_SA_101023.xlsx,2023-10-10T14:24:30Z,2023-10-10T14:24:30Z,29,27.82,1,NA,NA,NA,NA,NA,SA,NA,2023-10-10,20835561,2023-10-10T17:24:30Z,27.451722832260508,3139,155,298,200,10,13:45:00,2023-10-10T16:45:00Z,5.1
SpC_SA_101023.xlsx,2023-10-10T14:24:40Z,2023-10-10T14:24:40Z,28.700000000000003,27.82,1,NA,NA,NA,NA,NA,SA,NA,2023-10-10,20835561,2023-10-10T17:24:40Z,27.167739492616434,3139,155,298,200,10,13:45:00,2023-10-10T16:45:00Z,5.1
SpC_SA_101023.xlsx,2023-10-10T14:24:50Z,2023-10-10T14:24:50Z,28.700000000000003,27.82,1,NA,NA,NA,NA,NA,SA,NA,2023-10-10,20835561,2023-10-10T17:24:50Z,27.167739492616434,3139,155,298,200,10,13:45:00,2023-10-10T16:45:00Z,5.1
SpC_SA_101023.xlsx,2023-10-10T14:25:00Z,2023-10-10T14:25:00Z,28.3,27.82,1,NA,NA,NA,NA,NA,SA,NA,2023-10-10,20835561,2023-10-10T17:25:00Z,26.78909503975767,3139,155,298,200,10,13:45:00,2023-10-10T16:45:00Z,5.1
SpC_SA_101023.xlsx,2023-10-10T14:25:10Z,2023-10-10T14:25:10Z,28.700000000000003,27.82,1,NA,NA,NA,NA,NA,SA,NA,2023-10-10,20835561,2023-10-10T17:25:10Z,27.167739492616434,3139,155,298,200,10,13:45:00,2023-10-10T16:45:00Z,5.1
SpC_SA_101023.xlsx,2023-10-10T14:25:20Z,2023-10-10T14:25:20Z,28.3,27.84,1,NA,NA,NA,NA,NA,SA,NA,2023-10-10,20835561,2023-10-10T17:25:20Z,26.778955336866012,3139,155,298,200,10,13:45:00,2023-10-10T16:45:00Z,5.1
SpC_SA_101023.xlsx,2023-10-10T14:25:30Z,2023-10-10T14:25:30Z,28.3,27.82,1,NA,NA,NA,NA,NA,SA,NA,2023-10-10,20835561,2023-10-10T17:25:30Z,26.78909503975767,3139,155,298,200,10,13:45:00,2023-10-10T16:45:00Z,5.1
SpC_SA_101023.xlsx,2023-10-10T14:25:40Z,2023-10-10T14:25:40Z,27.900000000000002,27.84,1,NA,NA,NA,NA,NA,SA,NA,2023-10-10,20835561,2023-10-10T17:25:40Z,26.400454201362606,3139,155,298,200,10,13:45:00,2023-10-10T16:45:00Z,5.1
SpC_SA_101023.xlsx,2023-10-10T14:25:50Z,2023-10-10T14:25:50Z,27.900000000000002,27.84,1,NA,NA,NA,NA,NA,SA,NA,2023-10-10,20835561,2023-10-10T17:25:50Z,26.400454201362606,3139,155,298,200,10,13:45:00,2023-10-10T16:45:00Z,5.1
SpC_SA_101023.xlsx,2023-10-10T14:26:00Z,2023-10-10T14:26:00Z,27.5,27.84,1,NA,NA,NA,NA,NA,SA,NA,2023-10-10,20835561,2023-10-10T17:26:00Z,26.021953065859197,3139,155,298,200,10,13:45:00,2023-10-10T16:45:00Z,5.1
SpC_SA_101023.xlsx,2023-10-10T14:26:10Z,2023-10-10T14:26:10Z,27.1,27.84,1,NA,NA,NA,NA,NA,SA,NA,2023-10-10,20835561,2023-10-10T17:26:10Z,25.643451930355795,3139,155,298,200,10,13:45:00,2023-10-10T16:45:00Z,5.1
SpC_SA_101023.xlsx,2023-10-10T14:26:20Z,2023-10-10T14:26:20Z,27.1,27.84,1,NA,NA,NA,NA,NA,SA,NA,2023-10-10,20835561,2023-10-10T17:26:20Z,25.643451930355795,3139,155,298,200,10,13:45:00,2023-10-10T16:45:00Z,5.1
SpC_SA_101023.xlsx,2023-10-10T14:26:30Z,2023-10-10T14:26:30Z,27.1,27.84,1,NA,NA,NA,NA,NA,SA,NA,2023-10-10,20835561,2023-10-10T17:26:30Z,25.643451930355795,3139,155,298,200,10,13:45:00,2023-10-10T16:45:00Z,5.1
SpC_SA_101023.xlsx,2023-10-10T14:26:40Z,2023-10-10T14:26:40Z,26.400000000000002,27.84,1,NA,NA,NA,NA,NA,SA,NA,2023-10-10,20835561,2023-10-10T17:26:40Z,24.981074943224833,3139,155,298,200,10,13:45:00,2023-10-10T16:45:00Z,5.1
SpC_SA_101023.xlsx,2023-10-10T14:26:50Z,2023-10-10T14:26:50Z,26.400000000000002,27.84,1,NA,NA,NA,NA,NA,SA,NA,2023-10-10,20835561,2023-10-10T17:26:50Z,24.981074943224833,3139,155,298,200,10,13:45:00,2023-10-10T16:45:00Z,5.1
SpC_SA_101023.xlsx,2023-10-10T14:27:00Z,2023-10-10T14:27:00Z,26,27.84,1,NA,NA,NA,NA,NA,SA,NA,2023-10-10,20835561,2023-10-10T17:27:00Z,24.602573807721424,3139,155,298,200,10,13:45:00,2023-10-10T16:45:00Z,5.1
SpC_SA_101023.xlsx,2023-10-10T14:27:10Z,2023-10-10T14:27:10Z,25.6,27.85,1,NA,NA,NA,NA,NA,SA,NA,2023-10-10,20835561,2023-10-10T17:27:10Z,24.219489120151376,3139,155,298,200,10,13:45:00,2023-10-10T16:45:00Z,5.1
SpC_SA_101023.xlsx,2023-10-10T14:27:20Z,2023-10-10T14:27:20Z,25.6,27.84,1,NA,NA,NA,NA,NA,SA,NA,2023-10-10,20835561,2023-10-10T17:27:20Z,24.224072672218018,3139,155,298,200,10,13:45:00,2023-10-10T16:45:00Z,5.1
SpC_SA_101023.xlsx,2023-10-10T14:27:30Z,2023-10-10T14:27:30Z,25.3,27.85,1,NA,NA,NA,NA,NA,SA,NA,2023-10-10,20835561,2023-10-10T17:27:30Z,23.9356669820246,3139,155,298,200,10,13:45:00,2023-10-10T16:45:00Z,5.1
SpC_SA_101023.xlsx,2023-10-10T14:27:40Z,2023-10-10T14:27:40Z,25.3,27.84,1,NA,NA,NA,NA,NA,SA,NA,2023-10-10,20835561,2023-10-10T17:27:40Z,23.94019682059046,3139,155,298,200,10,13:45:00,2023-10-10T16:45:00Z,5.1
SpC_SA_101023.xlsx,2023-10-10T14:27:50Z,2023-10-10T14:27:50Z,24.900000000000002,27.85,1,NA,NA,NA,NA,NA,SA,NA,2023-10-10,20835561,2023-10-10T17:27:50Z,23.557237464522235,3139,155,298,200,10,13:45:00,2023-10-10T16:45:00Z,5.1
SpC_SA_101023.xlsx,2023-10-10T14:28:00Z,2023-10-10T14:28:00Z,24.900000000000002,27.86,1,NA,NA,NA,NA,NA,SA,NA,2023-10-10,20835561,2023-10-10T17:28:00Z,23.552780930760502,3139,155,298,200,10,13:45:00,2023-10-10T16:45:00Z,5.1
SpC_SA_101023.xlsx,2023-10-10T14:28:10Z,2023-10-10T14:28:10Z,24.1,27.86,1,NA,NA,NA,NA,NA,SA,NA,2023-10-10,20835561,2023-10-10T17:28:10Z,22.796065077563377,3139,155,298,200,10,13:45:00,2023-10-10T16:45:00Z,5.1
SpC_SA_101023.xlsx,2023-10-10T14:28:20Z,2023-10-10T14:28:20Z,24.1,27.85,1,NA,NA,NA,NA,NA,SA,NA,2023-10-10,20835561,2023-10-10T17:28:20Z,22.800378429517504,3139,155,298,200,10,13:45:00,2023-10-10T16:45:00Z,5.1
SpC_SA_101023.xlsx,2023-10-10T14:28:30Z,2023-10-10T14:28:30Z,23.700000000000003,27.85,1,NA,NA,NA,NA,NA,SA,NA,2023-10-10,20835561,2023-10-10T17:28:30Z,22.42194891201514,3139,155,298,200,10,13:45:00,2023-10-10T16:45:00Z,5.1
SpC_SA_101023.xlsx,2023-10-10T14:28:40Z,2023-10-10T14:28:40Z,23.400000000000002,27.85,1,NA,NA,NA,NA,NA,SA,NA,2023-10-10,20835561,2023-10-10T17:28:40Z,22.138126773888366,3139,155,298,200,10,13:45:00,2023-10-10T16:45:00Z,5.1
SpC_SA_101023.xlsx,2023-10-10T14:28:50Z,2023-10-10T14:28:50Z,23,27.86,1,NA,NA,NA,NA,NA,SA,NA,2023-10-10,20835561,2023-10-10T17:28:50Z,21.75558077941733,3139,155,298,200,10,13:45:00,2023-10-10T16:45:00Z,5.1
SpC_SA_101023.xlsx,2023-10-10T14:29:00Z,2023-10-10T14:29:00Z,22.6,27.85,1,NA,NA,NA,NA,NA,SA,NA,2023-10-10,20835561,2023-10-10T17:29:00Z,21.381267738883636,3139,155,298,200,10,13:45:00,2023-10-10T16:45:00Z,5.1
SpC_SA_101023.xlsx,2023-10-10T14:29:10Z,2023-10-10T14:29:10Z,22.6,27.86,1,NA,NA,NA,NA,NA,SA,NA,2023-10-10,20835561,2023-10-10T17:29:10Z,21.377222852818768,3139,155,298,200,10,13:45:00,2023-10-10T16:45:00Z,5.1
SpC_SA_101023.xlsx,2023-10-10T14:29:20Z,2023-10-10T14:29:20Z,22.200000000000003,27.86,1,NA,NA,NA,NA,NA,SA,NA,2023-10-10,20835561,2023-10-10T17:29:20Z,20.998864926220207,3139,155,298,200,10,13:45:00,2023-10-10T16:45:00Z,5.1
SpC_SA_101023.xlsx,2023-10-10T14:29:30Z,2023-10-10T14:29:30Z,22.200000000000003,27.86,1,NA,NA,NA,NA,NA,SA,NA,2023-10-10,20835561,2023-10-10T17:29:30Z,20.998864926220207,3139,155,298,200,10,13:45:00,2023-10-10T16:45:00Z,5.1
SpC_SA_101023.xlsx,2023-10-10T14:29:40Z,2023-10-10T14:29:40Z,21.8,27.86,1,NA,NA,NA,NA,NA,SA,NA,2023-10-10,20835561,2023-10-10T17:29:40Z,20.620506999621643,3139,155,298,200,10,13:45:00,2023-10-10T16:45:00Z,5.1
SpC_SA_101023.xlsx,2023-10-10T14:29:50Z,2023-10-10T14:29:50Z,21.5,27.86,1,NA,NA,NA,NA,NA,SA,NA,2023-10-10,20835561,2023-10-10T17:29:50Z,20.33673855467272,3139,155,298,200,10,13:45:00,2023-10-10T16:45:00Z,5.1
SpC_SA_101023.xlsx,2023-10-10T14:30:00Z,2023-10-10T14:30:00Z,21.1,27.87,1,NA,NA,NA,NA,NA,SA,NA,2023-10-10,20835561,2023-10-10T17:30:00Z,19.954605636466805,3139,155,298,200,10,13:45:00,2023-10-10T16:45:00Z,5.1
SpC_SA_101023.xlsx,2023-10-10T14:30:10Z,2023-10-10T14:30:10Z,21.1,27.87,1,NA,NA,NA,NA,NA,SA,NA,2023-10-10,20835561,2023-10-10T17:30:10Z,19.954605636466805,3139,155,298,200,10,13:45:00,2023-10-10T16:45:00Z,5.1
SpC_SA_101023.xlsx,2023-10-10T14:30:20Z,2023-10-10T14:30:20Z,20.3,27.87,1,NA,NA,NA,NA,NA,SA,NA,2023-10-10,20835561,2023-10-10T17:30:20Z,19.19803291091356,3139,155,298,200,10,13:45:00,2023-10-10T16:45:00Z,5.1
SpC_SA_101023.xlsx,2023-10-10T14:30:30Z,2023-10-10T14:30:30Z,20.3,27.87,1,NA,NA,NA,NA,NA,SA,NA,2023-10-10,20835561,2023-10-10T17:30:30Z,19.19803291091356,3139,155,298,200,10,13:45:00,2023-10-10T16:45:00Z,5.1
SpC_SA_101023.xlsx,2023-10-10T14:30:40Z,2023-10-10T14:30:40Z,19.900000000000002,27.87,1,NA,NA,NA,NA,NA,SA,NA,2023-10-10,20835561,2023-10-10T17:30:40Z,18.81974654813694,3139,155,298,200,10,13:45:00,2023-10-10T16:45:00Z,5.1
SpC_SA_101023.xlsx,2023-10-10T14:30:50Z,2023-10-10T14:30:50Z,19.6,27.88,1,NA,NA,NA,NA,NA,SA,NA,2023-10-10,20835561,2023-10-10T17:30:50Z,18.532526475037827,3139,155,298,200,10,13:45:00,2023-10-10T16:45:00Z,5.1
SpC_SA_101023.xlsx,2023-10-10T14:31:00Z,2023-10-10T14:31:00Z,19.6,27.87,1,NA,NA,NA,NA,NA,SA,NA,2023-10-10,20835561,2023-10-10T17:31:00Z,18.53603177605447,3139,155,298,200,10,13:45:00,2023-10-10T16:45:00Z,5.1
SpC_SA_101023.xlsx,2023-10-10T14:31:10Z,2023-10-10T14:31:10Z,18.8,27.87,1,NA,NA,NA,NA,NA,SA,NA,2023-10-10,20835561,2023-10-10T17:31:10Z,17.779459050501227,3139,155,298,200,10,13:45:00,2023-10-10T16:45:00Z,5.1
SpC_SA_101023.xlsx,2023-10-10T14:31:20Z,2023-10-10T14:31:20Z,18.1,27.88,1,NA,NA,NA,NA,NA,SA,NA,2023-10-10,20835561,2023-10-10T17:31:20Z,17.1142208774584,3139,155,298,200,10,13:45:00,2023-10-10T16:45:00Z,5.1
SpC_SA_101023.xlsx,2023-10-10T14:31:30Z,2023-10-10T14:31:30Z,18.400000000000002,27.88,1,NA,NA,NA,NA,NA,SA,NA,2023-10-10,20835561,2023-10-10T17:31:30Z,17.397881996974284,3139,155,298,200,10,13:45:00,2023-10-10T16:45:00Z,5.1
SpC_SA_101023.xlsx,2023-10-10T14:31:40Z,2023-10-10T14:31:40Z,18.400000000000002,27.87,1,NA,NA,NA,NA,NA,SA,NA,2023-10-10,20835561,2023-10-10T17:31:40Z,17.401172687724607,3139,155,298,200,10,13:45:00,2023-10-10T16:45:00Z,5.1
SpC_SA_101023.xlsx,2023-10-10T14:31:50Z,2023-10-10T14:31:50Z,18.400000000000002,27.88,1,NA,NA,NA,NA,NA,SA,NA,2023-10-10,20835561,2023-10-10T17:31:50Z,17.397881996974284,3139,155,298,200,10,13:45:00,2023-10-10T16:45:00Z,5.1
SpC_SA_101023.xlsx,2023-10-10T14:32:00Z,2023-10-10T14:32:00Z,17.3,27.88,1,NA,NA,NA,NA,NA,SA,NA,2023-10-10,20835561,2023-10-10T17:32:00Z,16.35779122541604,3139,155,298,200,10,13:45:00,2023-10-10T16:45:00Z,5.1
SpC_SA_101023.xlsx,2023-10-10T14:32:10Z,2023-10-10T14:32:10Z,17.7,27.88,1,NA,NA,NA,NA,NA,SA,NA,2023-10-10,20835561,2023-10-10T17:32:10Z,16.73600605143722,3139,155,298,200,10,13:45:00,2023-10-10T16:45:00Z,5.1
SpC_SA_101023.xlsx,2023-10-10T14:32:20Z,2023-10-10T14:32:20Z,17.3,27.88,1,NA,NA,NA,NA,NA,SA,NA,2023-10-10,20835561,2023-10-10T17:32:20Z,16.35779122541604,3139,155,298,200,10,13:45:00,2023-10-10T16:45:00Z,5.1
SpC_SA_101023.xlsx,2023-10-10T14:32:30Z,2023-10-10T14:32:30Z,16.900000000000002,27.88,1,NA,NA,NA,NA,NA,SA,NA,2023-10-10,20835561,2023-10-10T17:32:30Z,15.97957639939486,3139,155,298,200,10,13:45:00,2023-10-10T16:45:00Z,5.1
SpC_SA_101023.xlsx,2023-10-10T14:32:40Z,2023-10-10T14:32:40Z,16.900000000000002,27.88,1,NA,NA,NA,NA,NA,SA,NA,2023-10-10,20835561,2023-10-10T17:32:40Z,15.97957639939486,3139,155,298,200,10,13:45:00,2023-10-10T16:45:00Z,5.1
SpC_SA_101023.xlsx,2023-10-10T14:32:50Z,2023-10-10T14:32:50Z,16.5,27.87,1,NA,NA,NA,NA,NA,SA,NA,2023-10-10,20835561,2023-10-10T17:32:50Z,15.604312464535651,3139,155,298,200,10,13:45:00,2023-10-10T16:45:00Z,5.1
SpC_SA_101023.xlsx,2023-10-10T14:33:00Z,2023-10-10T14:33:00Z,16.5,27.87,1,NA,NA,NA,NA,NA,SA,NA,2023-10-10,20835561,2023-10-10T17:33:00Z,15.604312464535651,3139,155,298,200,10,13:45:00,2023-10-10T16:45:00Z,5.1
SpC_SA_101023.xlsx,2023-10-10T14:33:10Z,2023-10-10T14:33:10Z,16.5,27.88,1,NA,NA,NA,NA,NA,SA,NA,2023-10-10,20835561,2023-10-10T17:33:10Z,15.601361573373678,3139,155,298,200,10,13:45:00,2023-10-10T16:45:00Z,5.1
SpC_SA_101023.xlsx,2023-10-10T14:33:20Z,2023-10-10T14:33:20Z,15.4,27.86,1,NA,NA,NA,NA,NA,SA,NA,2023-10-10,20835561,2023-10-10T17:33:20Z,14.566780174044649,3139,155,298,200,10,13:45:00,2023-10-10T16:45:00Z,5.1
SpC_SA_101023.xlsx,2023-10-10T14:33:30Z,2023-10-10T14:33:30Z,15.8,27.88,1,NA,NA,NA,NA,NA,SA,NA,2023-10-10,20835561,2023-10-10T17:33:30Z,14.939485627836614,3139,155,298,200,10,13:45:00,2023-10-10T16:45:00Z,5.1
SpC_SA_101023.xlsx,2023-10-10T14:33:40Z,2023-10-10T14:33:40Z,16.2,27.88,1,NA,NA,NA,NA,NA,SA,NA,2023-10-10,20835561,2023-10-10T17:33:40Z,15.317700453857793,3139,155,298,200,10,13:45:00,2023-10-10T16:45:00Z,5.1
SpC_SA_101023.xlsx,2023-10-10T14:33:50Z,2023-10-10T14:33:50Z,15,27.87,1,NA,NA,NA,NA,NA,SA,NA,2023-10-10,20835561,2023-10-10T17:33:50Z,14.185738604123319,3139,155,298,200,10,13:45:00,2023-10-10T16:45:00Z,5.1
SpC_SA_101023.xlsx,2023-10-10T14:34:00Z,2023-10-10T14:34:00Z,15,27.87,1,NA,NA,NA,NA,NA,SA,NA,2023-10-10,20835561,2023-10-10T17:34:00Z,14.185738604123319,3139,155,298,200,10,13:45:00,2023-10-10T16:45:00Z,5.1
SpC_SA_101023.xlsx,2023-10-10T14:34:10Z,2023-10-10T14:34:10Z,15,27.87,1,NA,NA,NA,NA,NA,SA,NA,2023-10-10,20835561,2023-10-10T17:34:10Z,14.185738604123319,3139,155,298,200,10,13:45:00,2023-10-10T16:45:00Z,5.1
SpC_SA_101023.xlsx,2023-10-10T14:34:20Z,2023-10-10T14:34:20Z,15,27.87,1,NA,NA,NA,NA,NA,SA,NA,2023-10-10,20835561,2023-10-10T17:34:20Z,14.185738604123319,3139,155,298,200,10,13:45:00,2023-10-10T16:45:00Z,5.1
SpC_SA_101023.xlsx,2023-10-10T14:34:30Z,2023-10-10T14:34:30Z,14.3,27.87,1,NA,NA,NA,NA,NA,SA,NA,2023-10-10,20835561,2023-10-10T17:34:30Z,13.523737469264232,3139,155,298,200,10,13:45:00,2023-10-10T16:45:00Z,5.1
SpC_SA_101023.xlsx,2023-10-10T14:34:40Z,2023-10-10T14:34:40Z,14.600000000000001,27.88,1,NA,NA,NA,NA,NA,SA,NA,2023-10-10,20835561,2023-10-10T17:34:40Z,13.804841149773074,3139,155,298,200,10,13:45:00,2023-10-10T16:45:00Z,5.1
SpC_SA_101023.xlsx,2023-10-10T14:34:50Z,2023-10-10T14:34:50Z,13.9,27.87,1,NA,NA,NA,NA,NA,SA,NA,2023-10-10,20835561,2023-10-10T17:34:50Z,13.14545110648761,3139,155,298,200,10,13:45:00,2023-10-10T16:45:00Z,5.1
SpC_SA_101023.xlsx,2023-10-10T14:35:00Z,2023-10-10T14:35:00Z,13.9,27.87,1,NA,NA,NA,NA,NA,SA,NA,2023-10-10,20835561,2023-10-10T17:35:00Z,13.14545110648761,3139,155,298,200,10,13:45:00,2023-10-10T16:45:00Z,5.1
SpC_SA_101023.xlsx,2023-10-10T14:35:10Z,2023-10-10T14:35:10Z,13.9,27.87,1,NA,NA,NA,NA,NA,SA,NA,2023-10-10,20835561,2023-10-10T17:35:10Z,13.14545110648761,3139,155,298,200,10,13:45:00,2023-10-10T16:45:00Z,5.1
SpC_SA_101023.xlsx,2023-10-10T14:35:20Z,2023-10-10T14:35:20Z,13.5,27.87,1,NA,NA,NA,NA,NA,SA,NA,2023-10-10,20835561,2023-10-10T17:35:20Z,12.767164743710987,3139,155,298,200,10,13:45:00,2023-10-10T16:45:00Z,5.1
SpC_SA_101023.xlsx,2023-10-10T14:35:30Z,2023-10-10T14:35:30Z,13.5,27.87,1,NA,NA,NA,NA,NA,SA,NA,2023-10-10,20835561,2023-10-10T17:35:30Z,12.767164743710987,3139,155,298,200,10,13:45:00,2023-10-10T16:45:00Z,5.1
SpC_SA_101023.xlsx,2023-10-10T14:35:40Z,2023-10-10T14:35:40Z,12.700000000000001,27.87,1,NA,NA,NA,NA,NA,SA,NA,2023-10-10,20835561,2023-10-10T17:35:40Z,12.010592018157745,3139,155,298,200,10,13:45:00,2023-10-10T16:45:00Z,5.1
SpC_SA_101023.xlsx,2023-10-10T14:35:50Z,2023-10-10T14:35:50Z,12.700000000000001,27.88,1,NA,NA,NA,NA,NA,SA,NA,2023-10-10,20835561,2023-10-10T17:35:50Z,12.00832072617247,3139,155,298,200,10,13:45:00,2023-10-10T16:45:00Z,5.1
SpC_SA_101023.xlsx,2023-10-10T14:36:00Z,2023-10-10T14:36:00Z,12.700000000000001,27.88,1,NA,NA,NA,NA,NA,SA,NA,2023-10-10,20835561,2023-10-10T17:36:00Z,12.00832072617247,3139,155,298,200,10,13:45:00,2023-10-10T16:45:00Z,5.1
SpC_SA_101023.xlsx,2023-10-10T14:36:10Z,2023-10-10T14:36:10Z,12.700000000000001,27.87,1,NA,NA,NA,NA,NA,SA,NA,2023-10-10,20835561,2023-10-10T17:36:10Z,12.010592018157745,3139,155,298,200,10,13:45:00,2023-10-10T16:45:00Z,5.1
SpC_SA_101023.xlsx,2023-10-10T14:36:20Z,2023-10-10T14:36:20Z,12.4,27.87,1,NA,NA,NA,NA,NA,SA,NA,2023-10-10,20835561,2023-10-10T17:36:20Z,11.726877246075277,3139,155,298,200,10,13:45:00,2023-10-10T16:45:00Z,5.1
SpC_SA_101023.xlsx,2023-10-10T14:36:30Z,2023-10-10T14:36:30Z,12.4,27.87,1,NA,NA,NA,NA,NA,SA,NA,2023-10-10,20835561,2023-10-10T17:36:30Z,11.726877246075277,3139,155,298,200,10,13:45:00,2023-10-10T16:45:00Z,5.1
SpC_SA_101023.xlsx,2023-10-10T14:36:40Z,2023-10-10T14:36:40Z,12,27.87,1,NA,NA,NA,NA,NA,SA,NA,2023-10-10,20835561,2023-10-10T17:36:40Z,11.348590883298655,3139,155,298,200,10,13:45:00,2023-10-10T16:45:00Z,5.1
SpC_SA_101023.xlsx,2023-10-10T14:36:50Z,2023-10-10T14:36:50Z,12,27.87,1,NA,NA,NA,NA,NA,SA,NA,2023-10-10,20835561,2023-10-10T17:36:50Z,11.348590883298655,3139,155,298,200,10,13:45:00,2023-10-10T16:45:00Z,5.1
SpC_SA_101023.xlsx,2023-10-10T14:37:00Z,2023-10-10T14:37:00Z,11.200000000000001,27.87,1,NA,NA,NA,NA,NA,SA,NA,2023-10-10,20835561,2023-10-10T17:37:00Z,10.592018157745413,3139,155,298,200,10,13:45:00,2023-10-10T16:45:00Z,5.1
SpC_SA_101023.xlsx,2023-10-10T14:37:10Z,2023-10-10T14:37:10Z,11.600000000000001,27.87,1,NA,NA,NA,NA,NA,SA,NA,2023-10-10,20835561,2023-10-10T17:37:10Z,10.970304520522035,3139,155,298,200,10,13:45:00,2023-10-10T16:45:00Z,5.1
SpC_SA_101023.xlsx,2023-10-10T14:37:20Z,2023-10-10T14:37:20Z,11.600000000000001,27.87,1,NA,NA,NA,NA,NA,SA,NA,2023-10-10,20835561,2023-10-10T17:37:20Z,10.970304520522035,3139,155,298,200,10,13:45:00,2023-10-10T16:45:00Z,5.1
SpC_SA_101023.xlsx,2023-10-10T14:37:30Z,2023-10-10T14:37:30Z,11.200000000000001,27.87,1,NA,NA,NA,NA,NA,SA,NA,2023-10-10,20835561,2023-10-10T17:37:30Z,10.592018157745413,3139,155,298,200,10,13:45:00,2023-10-10T16:45:00Z,5.1
SpC_SA_101023.xlsx,2023-10-10T14:37:40Z,2023-10-10T14:37:40Z,10.9,27.87,1,NA,NA,NA,NA,NA,SA,NA,2023-10-10,20835561,2023-10-10T17:37:40Z,10.308303385662946,3139,155,298,200,10,13:45:00,2023-10-10T16:45:00Z,5.1
SpC_SA_101023.xlsx,2023-10-10T14:37:50Z,2023-10-10T14:37:50Z,10.9,27.88,1,NA,NA,NA,NA,NA,SA,NA,2023-10-10,20835561,2023-10-10T17:37:50Z,10.306354009077157,3139,155,298,200,10,13:45:00,2023-10-10T16:45:00Z,5.1
SpC_SA_101023.xlsx,2023-10-10T14:38:00Z,2023-10-10T14:38:00Z,10.9,27.87,1,NA,NA,NA,NA,NA,SA,NA,2023-10-10,20835561,2023-10-10T17:38:00Z,10.308303385662946,3139,155,298,200,10,13:45:00,2023-10-10T16:45:00Z,5.1
SpC_SA_101023.xlsx,2023-10-10T14:38:10Z,2023-10-10T14:38:10Z,10.5,27.87,1,NA,NA,NA,NA,NA,SA,NA,2023-10-10,20835561,2023-10-10T17:38:10Z,9.930017022886323,3139,155,298,200,10,13:45:00,2023-10-10T16:45:00Z,5.1
SpC_SA_101023.xlsx,2023-10-10T14:38:20Z,2023-10-10T14:38:20Z,10.5,27.88,1,NA,NA,NA,NA,NA,SA,NA,2023-10-10,20835561,2023-10-10T17:38:20Z,9.928139183055977,3139,155,298,200,10,13:45:00,2023-10-10T16:45:00Z,5.1
SpC_SA_101023.xlsx,2023-10-10T14:38:30Z,2023-10-10T14:38:30Z,10.100000000000001,27.86,1,NA,NA,NA,NA,NA,SA,NA,2023-10-10,20835561,2023-10-10T17:38:30Z,9.553537646613698,3139,155,298,200,10,13:45:00,2023-10-10T16:45:00Z,5.1
SpC_SA_101023.xlsx,2023-10-10T14:38:40Z,2023-10-10T14:38:40Z,10.100000000000001,27.87,1,NA,NA,NA,NA,NA,SA,NA,2023-10-10,20835561,2023-10-10T17:38:40Z,9.551730660109703,3139,155,298,200,10,13:45:00,2023-10-10T16:45:00Z,5.1
SpC_SA_101023.xlsx,2023-10-10T14:38:50Z,2023-10-10T14:38:50Z,10.100000000000001,27.88,1,NA,NA,NA,NA,NA,SA,NA,2023-10-10,20835561,2023-10-10T17:38:50Z,9.549924357034799,3139,155,298,200,10,13:45:00,2023-10-10T16:45:00Z,5.1
SpC_SA_101023.xlsx,2023-10-10T14:39:00Z,2023-10-10T14:39:00Z,9.700000000000001,27.86,1,NA,NA,NA,NA,NA,SA,NA,2023-10-10,20835561,2023-10-10T17:39:00Z,9.175179720015135,3139,155,298,200,10,13:45:00,2023-10-10T16:45:00Z,5.1
SpC_SA_101023.xlsx,2023-10-10T14:39:10Z,2023-10-10T14:39:10Z,10.100000000000001,27.87,1,NA,NA,NA,NA,NA,SA,NA,2023-10-10,20835561,2023-10-10T17:39:10Z,9.551730660109703,3139,155,298,200,10,13:45:00,2023-10-10T16:45:00Z,5.1
SpC_SA_101023.xlsx,2023-10-10T14:39:20Z,2023-10-10T14:39:20Z,9.700000000000001,27.87,1,NA,NA,NA,NA,NA,SA,NA,2023-10-10,20835561,2023-10-10T17:39:20Z,9.17344429733308,3139,155,298,200,10,13:45:00,2023-10-10T16:45:00Z,5.1
SpC_SA_101023.xlsx,2023-10-10T14:39:30Z,2023-10-10T14:39:30Z,10.100000000000001,27.88,1,NA,NA,NA,NA,NA,SA,NA,2023-10-10,20835561,2023-10-10T17:39:30Z,9.549924357034799,3139,155,298,200,10,13:45:00,2023-10-10T16:45:00Z,5.1
SpC_SA_101023.xlsx,2023-10-10T14:39:40Z,2023-10-10T14:39:40Z,9.700000000000001,27.88,1,NA,NA,NA,NA,NA,SA,NA,2023-10-10,20835561,2023-10-10T17:39:40Z,9.171709531013617,3139,155,298,200,10,13:45:00,2023-10-10T16:45:00Z,5.1
SpC_SA_101023.xlsx,2023-10-10T14:39:50Z,2023-10-10T14:39:50Z,9.3,27.87,1,NA,NA,NA,NA,NA,SA,NA,2023-10-10,20835561,2023-10-10T17:39:50Z,8.795157934556459,3139,155,298,200,10,13:45:00,2023-10-10T16:45:00Z,5.1
SpC_SA_101023.xlsx,2023-10-10T14:40:00Z,2023-10-10T14:40:00Z,9.3,27.88,1,NA,NA,NA,NA,NA,SA,NA,2023-10-10,20835561,2023-10-10T17:40:00Z,8.793494704992437,3139,155,298,200,10,13:45:00,2023-10-10T16:45:00Z,5.1
SpC_SA_101023.xlsx,2023-10-10T14:40:10Z,2023-10-10T14:40:10Z,9.3,27.87,1,NA,NA,NA,NA,NA,SA,NA,2023-10-10,20835561,2023-10-10T17:40:10Z,8.795157934556459,3139,155,298,200,10,13:45:00,2023-10-10T16:45:00Z,5.1
SpC_SA_101023.xlsx,2023-10-10T14:40:20Z,2023-10-10T14:40:20Z,9.3,27.87,1,NA,NA,NA,NA,NA,SA,NA,2023-10-10,20835561,2023-10-10T17:40:20Z,8.795157934556459,3139,155,298,200,10,13:45:00,2023-10-10T16:45:00Z,5.1
SpC_SA_101023.xlsx,2023-10-10T14:40:30Z,2023-10-10T14:40:30Z,9,27.88,1,NA,NA,NA,NA,NA,SA,NA,2023-10-10,20835561,2023-10-10T17:40:30Z,8.509833585476551,3139,155,298,200,10,13:45:00,2023-10-10T16:45:00Z,5.1
SpC_SA_101023.xlsx,2023-10-10T14:40:40Z,2023-10-10T14:40:40Z,9,27.88,1,NA,NA,NA,NA,NA,SA,NA,2023-10-10,20835561,2023-10-10T17:40:40Z,8.509833585476551,3139,155,298,200,10,13:45:00,2023-10-10T16:45:00Z,5.1
SpC_SA_101023.xlsx,2023-10-10T14:40:50Z,2023-10-10T14:40:50Z,9,27.88,1,NA,NA,NA,NA,NA,SA,NA,2023-10-10,20835561,2023-10-10T17:40:50Z,8.509833585476551,3139,155,298,200,10,13:45:00,2023-10-10T16:45:00Z,5.1
SpC_SA_101023.xlsx,2023-10-10T14:41:00Z,2023-10-10T14:41:00Z,8.6,27.88,1,NA,NA,NA,NA,NA,SA,NA,2023-10-10,20835561,2023-10-10T17:41:00Z,8.131618759455371,3139,155,298,200,10,13:45:00,2023-10-10T16:45:00Z,5.1
SpC_SA_101023.xlsx,2023-10-10T14:41:10Z,2023-10-10T14:41:10Z,9,27.88,1,NA,NA,NA,NA,NA,SA,NA,2023-10-10,20835561,2023-10-10T17:41:10Z,8.509833585476551,3139,155,298,200,10,13:45:00,2023-10-10T16:45:00Z,5.1
SpC_SA_101023.xlsx,2023-10-10T14:41:20Z,2023-10-10T14:41:20Z,8.6,27.88,1,NA,NA,NA,NA,NA,SA,NA,2023-10-10,20835561,2023-10-10T17:41:20Z,8.131618759455371,3139,155,298,200,10,13:45:00,2023-10-10T16:45:00Z,5.1
SpC_SA_101023.xlsx,2023-10-10T14:41:30Z,2023-10-10T14:41:30Z,8.6,27.88,1,NA,NA,NA,NA,NA,SA,NA,2023-10-10,20835561,2023-10-10T17:41:30Z,8.131618759455371,3139,155,298,200,10,13:45:00,2023-10-10T16:45:00Z,5.1
SpC_SA_101023.xlsx,2023-10-10T14:41:40Z,2023-10-10T14:41:40Z,8.6,27.88,1,NA,NA,NA,NA,NA,SA,NA,2023-10-10,20835561,2023-10-10T17:41:40Z,8.131618759455371,3139,155,298,200,10,13:45:00,2023-10-10T16:45:00Z,5.1
SpC_SA_101023.xlsx,2023-10-10T14:41:50Z,2023-10-10T14:41:50Z,8.6,27.88,1,NA,NA,NA,NA,NA,SA,NA,2023-10-10,20835561,2023-10-10T17:41:50Z,8.131618759455371,3139,155,298,200,10,13:45:00,2023-10-10T16:45:00Z,5.1
SpC_SA_101023.xlsx,2023-10-10T14:42:00Z,2023-10-10T14:42:00Z,8.200000000000001,27.88,1,NA,NA,NA,NA,NA,SA,NA,2023-10-10,20835561,2023-10-10T17:42:00Z,7.753403933434193,3139,155,298,200,10,13:45:00,2023-10-10T16:45:00Z,5.1
SpC_SA_101023.xlsx,2023-10-10T14:42:10Z,2023-10-10T14:42:10Z,8.6,27.900000000000002,1,NA,NA,NA,NA,NA,SA,NA,2023-10-10,20835561,2023-10-10T17:42:10Z,8.128544423440452,3139,155,298,200,10,13:45:00,2023-10-10T16:45:00Z,5.1
SpC_SA_101023.xlsx,2023-10-10T14:42:20Z,2023-10-10T14:42:20Z,7.800000000000001,27.900000000000002,1,NA,NA,NA,NA,NA,SA,NA,2023-10-10,20835561,2023-10-10T17:42:20Z,7.3724007561436675,3139,155,298,200,10,13:45:00,2023-10-10T16:45:00Z,5.1
SpC_SA_101023.xlsx,2023-10-10T14:42:30Z,2023-10-10T14:42:30Z,7.800000000000001,27.900000000000002,1,NA,NA,NA,NA,NA,SA,NA,2023-10-10,20835561,2023-10-10T17:42:30Z,7.3724007561436675,3139,155,298,200,10,13:45:00,2023-10-10T16:45:00Z,5.1
SpC_SA_101023.xlsx,2023-10-10T14:42:40Z,2023-10-10T14:42:40Z,7.800000000000001,27.900000000000002,1,NA,NA,NA,NA,NA,SA,NA,2023-10-10,20835561,2023-10-10T17:42:40Z,7.3724007561436675,3139,155,298,200,10,13:45:00,2023-10-10T16:45:00Z,5.1
SpC_SA_101023.xlsx,2023-10-10T14:42:50Z,2023-10-10T14:42:50Z,8.200000000000001,27.900000000000002,1,NA,NA,NA,NA,NA,SA,NA,2023-10-10,20835561,2023-10-10T17:42:50Z,7.750472589792061,3139,155,298,200,10,13:45:00,2023-10-10T16:45:00Z,5.1
SpC_SA_101023.xlsx,2023-10-10T14:43:00Z,2023-10-10T14:43:00Z,7.800000000000001,27.900000000000002,1,NA,NA,NA,NA,NA,SA,NA,2023-10-10,20835561,2023-10-10T17:43:00Z,7.3724007561436675,3139,155,298,200,10,13:45:00,2023-10-10T16:45:00Z,5.1
SpC_SA_101023.xlsx,2023-10-10T14:43:10Z,2023-10-10T14:43:10Z,7.800000000000001,27.900000000000002,1,NA,NA,NA,NA,NA,SA,NA,2023-10-10,20835561,2023-10-10T17:43:10Z,7.3724007561436675,3139,155,298,200,10,13:45:00,2023-10-10T16:45:00Z,5.1
SpC_SA_101023.xlsx,2023-10-10T14:43:20Z,2023-10-10T14:43:20Z,7.800000000000001,27.900000000000002,1,NA,NA,NA,NA,NA,SA,NA,2023-10-10,20835561,2023-10-10T17:43:20Z,7.3724007561436675,3139,155,298,200,10,13:45:00,2023-10-10T16:45:00Z,5.1
SpC_SA_101023.xlsx,2023-10-10T14:43:30Z,2023-10-10T14:43:30Z,7.800000000000001,27.900000000000002,1,NA,NA,NA,NA,NA,SA,NA,2023-10-10,20835561,2023-10-10T17:43:30Z,7.3724007561436675,3139,155,298,200,10,13:45:00,2023-10-10T16:45:00Z,5.1
SpC_SA_101023.xlsx,2023-10-10T14:43:40Z,2023-10-10T14:43:40Z,7.800000000000001,27.900000000000002,1,NA,NA,NA,NA,NA,SA,NA,2023-10-10,20835561,2023-10-10T17:43:40Z,7.3724007561436675,3139,155,298,200,10,13:45:00,2023-10-10T16:45:00Z,5.1
SpC_SA_101023.xlsx,2023-10-10T14:43:50Z,2023-10-10T14:43:50Z,7.800000000000001,27.900000000000002,1,NA,NA,NA,NA,NA,SA,NA,2023-10-10,20835561,2023-10-10T17:43:50Z,7.3724007561436675,3139,155,298,200,10,13:45:00,2023-10-10T16:45:00Z,5.1
SpC_SA_101023.xlsx,2023-10-10T14:44:00Z,2023-10-10T14:44:00Z,7.4,27.900000000000002,1,NA,NA,NA,NA,NA,SA,NA,2023-10-10,20835561,2023-10-10T17:44:00Z,6.994328922495274,3139,155,298,200,10,13:45:00,2023-10-10T16:45:00Z,5.1
SpC_SA_101023.xlsx,2023-10-10T14:44:10Z,2023-10-10T14:44:10Z,7.4,27.88,1,NA,NA,NA,NA,NA,SA,NA,2023-10-10,20835561,2023-10-10T17:44:10Z,6.996974281391831,3139,155,298,200,10,13:45:00,2023-10-10T16:45:00Z,5.1
SpC_SA_101023.xlsx,2023-10-10T14:44:20Z,2023-10-10T14:44:20Z,7.4,27.91,1,NA,NA,NA,NA,NA,SA,NA,2023-10-10,20835561,2023-10-10T17:44:20Z,6.993006993006993,3139,155,298,200,10,13:45:00,2023-10-10T16:45:00Z,5.1
SpC_SA_101023.xlsx,2023-10-10T14:44:30Z,2023-10-10T14:44:30Z,7.4,27.900000000000002,1,NA,NA,NA,NA,NA,SA,NA,2023-10-10,20835561,2023-10-10T17:44:30Z,6.994328922495274,3139,155,298,200,10,13:45:00,2023-10-10T16:45:00Z,5.1
SpC_SA_101023.xlsx,2023-10-10T14:44:40Z,2023-10-10T14:44:40Z,7.1000000000000005,27.91,1,NA,NA,NA,NA,NA,SA,NA,2023-10-10,20835561,2023-10-10T17:44:40Z,6.70950670950671,3139,155,298,200,10,13:45:00,2023-10-10T16:45:00Z,5.1
SpC_SA_101023.xlsx,2023-10-10T14:44:50Z,2023-10-10T14:44:50Z,7.1000000000000005,27.900000000000002,1,NA,NA,NA,NA,NA,SA,NA,2023-10-10,20835561,2023-10-10T17:44:50Z,6.71077504725898,3139,155,298,200,10,13:45:00,2023-10-10T16:45:00Z,5.1
SpC_SA_101023.xlsx,2023-10-10T14:45:00Z,2023-10-10T14:45:00Z,7.4,27.900000000000002,1,NA,NA,NA,NA,NA,SA,NA,2023-10-10,20835561,2023-10-10T17:45:00Z,6.994328922495274,3139,155,298,200,10,13:45:00,2023-10-10T16:45:00Z,5.1
SpC_SA_101023.xlsx,2023-10-10T14:45:10Z,2023-10-10T14:45:10Z,7.1000000000000005,27.900000000000002,1,NA,NA,NA,NA,NA,SA,NA,2023-10-10,20835561,2023-10-10T17:45:10Z,6.71077504725898,3139,155,298,200,10,13:45:00,2023-10-10T16:45:00Z,5.1
SpC_SA_101023.xlsx,2023-10-10T14:45:20Z,2023-10-10T14:45:20Z,7.1000000000000005,27.900000000000002,1,NA,NA,NA,NA,NA,SA,NA,2023-10-10,20835561,2023-10-10T17:45:20Z,6.71077504725898,3139,155,298,200,10,13:45:00,2023-10-10T16:45:00Z,5.1
SpC_SA_101023.xlsx,2023-10-10T14:45:30Z,2023-10-10T14:45:30Z,7.4,27.900000000000002,1,NA,NA,NA,NA,NA,SA,NA,2023-10-10,20835561,2023-10-10T17:45:30Z,6.994328922495274,3139,155,298,200,10,13:45:00,2023-10-10T16:45:00Z,5.1
SpC_SA_101023.xlsx,2023-10-10T14:45:40Z,2023-10-10T14:45:40Z,7.1000000000000005,27.900000000000002,1,NA,NA,NA,NA,NA,SA,NA,2023-10-10,20835561,2023-10-10T17:45:40Z,6.71077504725898,3139,155,298,200,10,13:45:00,2023-10-10T16:45:00Z,5.1
SpC_SA_101023.xlsx,2023-10-10T14:45:50Z,2023-10-10T14:45:50Z,7.1000000000000005,27.900000000000002,1,NA,NA,NA,NA,NA,SA,NA,2023-10-10,20835561,2023-10-10T17:45:50Z,6.71077504725898,3139,155,298,200,10,13:45:00,2023-10-10T16:45:00Z,5.1
SpC_SA_101023.xlsx,2023-10-10T14:46:00Z,2023-10-10T14:46:00Z,7.1000000000000005,27.900000000000002,1,NA,NA,NA,NA,NA,SA,NA,2023-10-10,20835561,2023-10-10T17:46:00Z,6.71077504725898,3139,155,298,200,10,13:45:00,2023-10-10T16:45:00Z,5.1
SpC_SA_101023.xlsx,2023-10-10T14:46:10Z,2023-10-10T14:46:10Z,7.4,27.91,1,NA,NA,NA,NA,NA,SA,NA,2023-10-10,20835561,2023-10-10T17:46:10Z,6.993006993006993,3139,155,298,200,10,13:45:00,2023-10-10T16:45:00Z,5.1
SpC_SA_101023.xlsx,2023-10-10T14:46:20Z,2023-10-10T14:46:20Z,7.1000000000000005,27.91,1,NA,NA,NA,NA,NA,SA,NA,2023-10-10,20835561,2023-10-10T17:46:20Z,6.70950670950671,3139,155,298,200,10,13:45:00,2023-10-10T16:45:00Z,5.1
SpC_SA_101023.xlsx,2023-10-10T14:46:30Z,2023-10-10T14:46:30Z,6.7,27.900000000000002,1,NA,NA,NA,NA,NA,SA,NA,2023-10-10,20835561,2023-10-10T17:46:30Z,6.332703213610586,3139,155,298,200,10,13:45:00,2023-10-10T16:45:00Z,5.1
SpC_SA_101023.xlsx,2023-10-10T14:46:40Z,2023-10-10T14:46:40Z,6.7,27.900000000000002,1,NA,NA,NA,NA,NA,SA,NA,2023-10-10,20835561,2023-10-10T17:46:40Z,6.332703213610586,3139,155,298,200,10,13:45:00,2023-10-10T16:45:00Z,5.1
SpC_SA_101023.xlsx,2023-10-10T14:46:50Z,2023-10-10T14:46:50Z,6.7,27.900000000000002,1,NA,NA,NA,NA,NA,SA,NA,2023-10-10,20835561,2023-10-10T17:46:50Z,6.332703213610586,3139,155,298,200,10,13:45:00,2023-10-10T16:45:00Z,5.1
SpC_SA_101023.xlsx,2023-10-10T14:47:00Z,2023-10-10T14:47:00Z,6.7,27.900000000000002,1,NA,NA,NA,NA,NA,SA,NA,2023-10-10,20835561,2023-10-10T17:47:00Z,6.332703213610586,3139,155,298,200,10,13:45:00,2023-10-10T16:45:00Z,5.1
SpC_SA_101023.xlsx,2023-10-10T14:47:10Z,2023-10-10T14:47:10Z,6.7,27.900000000000002,1,NA,NA,NA,NA,NA,SA,NA,2023-10-10,20835561,2023-10-10T17:47:10Z,6.332703213610586,3139,155,298,200,10,13:45:00,2023-10-10T16:45:00Z,5.1
SpC_SA_101023.xlsx,2023-10-10T14:47:20Z,2023-10-10T14:47:20Z,6.7,27.900000000000002,1,NA,NA,NA,NA,NA,SA,NA,2023-10-10,20835561,2023-10-10T17:47:20Z,6.332703213610586,3139,155,298,200,10,13:45:00,2023-10-10T16:45:00Z,5.1
SpC_SA_101023.xlsx,2023-10-10T14:47:30Z,2023-10-10T14:47:30Z,6.7,27.900000000000002,1,NA,NA,NA,NA,NA,SA,NA,2023-10-10,20835561,2023-10-10T17:47:30Z,6.332703213610586,3139,155,298,200,10,13:45:00,2023-10-10T16:45:00Z,5.1
SpC_SA_101023.xlsx,2023-10-10T14:47:40Z,2023-10-10T14:47:40Z,6.7,27.900000000000002,1,NA,NA,NA,NA,NA,SA,NA,2023-10-10,20835561,2023-10-10T17:47:40Z,6.332703213610586,3139,155,298,200,10,13:45:00,2023-10-10T16:45:00Z,5.1
SpC_SA_101023.xlsx,2023-10-10T14:47:50Z,2023-10-10T14:47:50Z,6.7,27.900000000000002,1,NA,NA,NA,NA,NA,SA,NA,2023-10-10,20835561,2023-10-10T17:47:50Z,6.332703213610586,3139,155,298,200,10,13:45:00,2023-10-10T16:45:00Z,5.1
SpC_SA_101023.xlsx,2023-10-10T14:48:00Z,2023-10-10T14:48:00Z,6.7,27.900000000000002,1,NA,NA,NA,NA,NA,SA,NA,2023-10-10,20835561,2023-10-10T17:48:00Z,6.332703213610586,3139,155,298,200,10,13:45:00,2023-10-10T16:45:00Z,5.1
SpC_SA_101023.xlsx,2023-10-10T14:48:10Z,2023-10-10T14:48:10Z,6.7,27.900000000000002,1,NA,NA,NA,NA,NA,SA,NA,2023-10-10,20835561,2023-10-10T17:48:10Z,6.332703213610586,3139,155,298,200,10,13:45:00,2023-10-10T16:45:00Z,5.1
SpC_SA_101023.xlsx,2023-10-10T14:48:20Z,2023-10-10T14:48:20Z,6.7,27.900000000000002,1,NA,NA,NA,NA,NA,SA,NA,2023-10-10,20835561,2023-10-10T17:48:20Z,6.332703213610586,3139,155,298,200,10,13:45:00,2023-10-10T16:45:00Z,5.1
SpC_SA_101023.xlsx,2023-10-10T14:48:30Z,2023-10-10T14:48:30Z,6.7,27.900000000000002,1,NA,NA,NA,NA,NA,SA,NA,2023-10-10,20835561,2023-10-10T17:48:30Z,6.332703213610586,3139,155,298,200,10,13:45:00,2023-10-10T16:45:00Z,5.1
SpC_SA_101023.xlsx,2023-10-10T14:48:40Z,2023-10-10T14:48:40Z,6.7,27.900000000000002,1,NA,NA,NA,NA,NA,SA,NA,2023-10-10,20835561,2023-10-10T17:48:40Z,6.332703213610586,3139,155,298,200,10,13:45:00,2023-10-10T16:45:00Z,5.1
SpC_SA_101023.xlsx,2023-10-10T14:48:50Z,2023-10-10T14:48:50Z,6.7,27.900000000000002,1,NA,NA,NA,NA,NA,SA,NA,2023-10-10,20835561,2023-10-10T17:48:50Z,6.332703213610586,3139,155,298,200,10,13:45:00,2023-10-10T16:45:00Z,5.1
SpC_SA_101023.xlsx,2023-10-10T14:49:00Z,2023-10-10T14:49:00Z,6.7,27.900000000000002,1,NA,NA,NA,NA,NA,SA,NA,2023-10-10,20835561,2023-10-10T17:49:00Z,6.332703213610586,3139,155,298,200,10,13:45:00,2023-10-10T16:45:00Z,5.1
SpC_SA_101023.xlsx,2023-10-10T14:49:10Z,2023-10-10T14:49:10Z,6.7,27.900000000000002,1,NA,NA,NA,NA,NA,SA,NA,2023-10-10,20835561,2023-10-10T17:49:10Z,6.332703213610586,3139,155,298,200,10,13:45:00,2023-10-10T16:45:00Z,5.1
SpC_SA_101023.xlsx,2023-10-10T14:49:20Z,2023-10-10T14:49:20Z,6.7,27.900000000000002,1,NA,NA,NA,NA,NA,SA,NA,2023-10-10,20835561,2023-10-10T17:49:20Z,6.332703213610586,3139,155,298,200,10,13:45:00,2023-10-10T16:45:00Z,5.1
SpC_SA_101023.xlsx,2023-10-10T14:49:30Z,2023-10-10T14:49:30Z,6.7,27.900000000000002,1,NA,NA,NA,NA,NA,SA,NA,2023-10-10,20835561,2023-10-10T17:49:30Z,6.332703213610586,3139,155,298,200,10,13:45:00,2023-10-10T16:45:00Z,5.1
SpC_SA_101023.xlsx,2023-10-10T14:49:40Z,2023-10-10T14:49:40Z,6.7,27.88,1,NA,NA,NA,NA,NA,SA,NA,2023-10-10,20835561,2023-10-10T17:49:40Z,6.335098335854767,3139,155,298,200,10,13:45:00,2023-10-10T16:45:00Z,5.1
SpC_SA_101023.xlsx,2023-10-10T14:49:50Z,2023-10-10T14:49:50Z,6.7,27.88,1,NA,NA,NA,NA,NA,SA,NA,2023-10-10,20835561,2023-10-10T17:49:50Z,6.335098335854767,3139,155,298,200,10,13:45:00,2023-10-10T16:45:00Z,5.1
SpC_SA_101023.xlsx,2023-10-10T14:50:00Z,2023-10-10T14:50:00Z,6.7,27.900000000000002,1,NA,NA,NA,NA,NA,SA,NA,2023-10-10,20835561,2023-10-10T17:50:00Z,6.332703213610586,3139,155,298,200,10,13:45:00,2023-10-10T16:45:00Z,5.1
SpC_SA_101023.xlsx,2023-10-10T14:50:10Z,2023-10-10T14:50:10Z,5.9,27.88,1,NA,NA,NA,NA,NA,SA,NA,2023-10-10,20835561,2023-10-10T17:50:10Z,5.578668683812406,3139,155,298,200,10,13:45:00,2023-10-10T16:45:00Z,5.1
SpC_SA_101023.xlsx,2023-10-10T14:50:20Z,2023-10-10T14:50:20Z,6.300000000000001,27.900000000000002,1,NA,NA,NA,NA,NA,SA,NA,2023-10-10,20835561,2023-10-10T17:50:20Z,5.954631379962193,3139,155,298,200,10,13:45:00,2023-10-10T16:45:00Z,5.1
SpC_SA_101023.xlsx,2023-10-10T14:50:30Z,2023-10-10T14:50:30Z,5.9,27.900000000000002,1,NA,NA,NA,NA,NA,SA,NA,2023-10-10,20835561,2023-10-10T17:50:30Z,5.5765595463138,3139,155,298,200,10,13:45:00,2023-10-10T16:45:00Z,5.1
SpC_SA_101023.xlsx,2023-10-10T14:50:40Z,2023-10-10T14:50:40Z,5.9,27.900000000000002,1,NA,NA,NA,NA,NA,SA,NA,2023-10-10,20835561,2023-10-10T17:50:40Z,5.5765595463138,3139,155,298,200,10,13:45:00,2023-10-10T16:45:00Z,5.1
SpC_SA_101023.xlsx,2023-10-10T14:50:50Z,2023-10-10T14:50:50Z,5.9,27.900000000000002,1,NA,NA,NA,NA,NA,SA,NA,2023-10-10,20835561,2023-10-10T17:50:50Z,5.5765595463138,3139,155,298,200,10,13:45:00,2023-10-10T16:45:00Z,5.1
SpC_SA_101023.xlsx,2023-10-10T14:51:00Z,2023-10-10T14:51:00Z,5.9,27.88,1,NA,NA,NA,NA,NA,SA,NA,2023-10-10,20835561,2023-10-10T17:51:00Z,5.578668683812406,3139,155,298,200,10,13:45:00,2023-10-10T16:45:00Z,5.1
SpC_SA_101023.xlsx,2023-10-10T14:51:10Z,2023-10-10T14:51:10Z,6.7,27.900000000000002,1,NA,NA,NA,NA,NA,SA,NA,2023-10-10,20835561,2023-10-10T17:51:10Z,6.332703213610586,3139,155,298,200,10,13:45:00,2023-10-10T16:45:00Z,5.1
SpC_SA_101023.xlsx,2023-10-10T14:51:20Z,2023-10-10T14:51:20Z,5.9,27.88,1,NA,NA,NA,NA,NA,SA,NA,2023-10-10,20835561,2023-10-10T17:51:20Z,5.578668683812406,3139,155,298,200,10,13:45:00,2023-10-10T16:45:00Z,5.1
SpC_SA_101023.xlsx,2023-10-10T14:51:30Z,2023-10-10T14:51:30Z,5.9,27.900000000000002,1,NA,NA,NA,NA,NA,SA,NA,2023-10-10,20835561,2023-10-10T17:51:30Z,5.5765595463138,3139,155,298,200,10,13:45:00,2023-10-10T16:45:00Z,5.1
SpC_SA_101023.xlsx,2023-10-10T14:51:40Z,2023-10-10T14:51:40Z,5.9,27.88,1,NA,NA,NA,NA,NA,SA,NA,2023-10-10,20835561,2023-10-10T17:51:40Z,5.578668683812406,3139,155,298,200,10,13:45:00,2023-10-10T16:45:00Z,5.1
SpC_SA_101023.xlsx,2023-10-10T14:51:50Z,2023-10-10T14:51:50Z,5.9,27.900000000000002,1,NA,NA,NA,NA,NA,SA,NA,2023-10-10,20835561,2023-10-10T17:51:50Z,5.5765595463138,3139,155,298,200,10,13:45:00,2023-10-10T16:45:00Z,5.1
SpC_SA_101023.xlsx,2023-10-10T14:52:00Z,2023-10-10T14:52:00Z,5.9,27.900000000000002,1,NA,NA,NA,NA,NA,SA,NA,2023-10-10,20835561,2023-10-10T17:52:00Z,5.5765595463138,3139,155,298,200,10,13:45:00,2023-10-10T16:45:00Z,5.1
SpC_SA_101023.xlsx,2023-10-10T14:52:10Z,2023-10-10T14:52:10Z,5.9,27.88,1,NA,NA,NA,NA,NA,SA,NA,2023-10-10,20835561,2023-10-10T17:52:10Z,5.578668683812406,3139,155,298,200,10,13:45:00,2023-10-10T16:45:00Z,5.1
SpC_SA_101023.xlsx,2023-10-10T14:52:20Z,2023-10-10T14:52:20Z,5.9,27.900000000000002,1,NA,NA,NA,NA,NA,SA,NA,2023-10-10,20835561,2023-10-10T17:52:20Z,5.5765595463138,3139,155,298,200,10,13:45:00,2023-10-10T16:45:00Z,5.1
SpC_SA_101023.xlsx,2023-10-10T14:52:30Z,2023-10-10T14:52:30Z,5.9,27.900000000000002,1,NA,NA,NA,NA,NA,SA,NA,2023-10-10,20835561,2023-10-10T17:52:30Z,5.5765595463138,3139,155,298,200,10,13:45:00,2023-10-10T16:45:00Z,5.1
SpC_SA_101023.xlsx,2023-10-10T14:52:40Z,2023-10-10T14:52:40Z,5.9,27.88,1,NA,NA,NA,NA,NA,SA,NA,2023-10-10,20835561,2023-10-10T17:52:40Z,5.578668683812406,3139,155,298,200,10,13:45:00,2023-10-10T16:45:00Z,5.1
SpC_SA_101023.xlsx,2023-10-10T14:52:50Z,2023-10-10T14:52:50Z,5.9,27.88,1,NA,NA,NA,NA,NA,SA,NA,2023-10-10,20835561,2023-10-10T17:52:50Z,5.578668683812406,3139,155,298,200,10,13:45:00,2023-10-10T16:45:00Z,5.1
SpC_SA_101023.xlsx,2023-10-10T14:53:00Z,2023-10-10T14:53:00Z,5.9,27.88,1,NA,NA,NA,NA,NA,SA,NA,2023-10-10,20835561,2023-10-10T17:53:00Z,5.578668683812406,3139,155,298,200,10,13:45:00,2023-10-10T16:45:00Z,5.1
SpC_SA_101023.xlsx,2023-10-10T14:53:10Z,2023-10-10T14:53:10Z,5.9,27.900000000000002,1,NA,NA,NA,NA,NA,SA,NA,2023-10-10,20835561,2023-10-10T17:53:10Z,5.5765595463138,3139,155,298,200,10,13:45:00,2023-10-10T16:45:00Z,5.1
SpC_SA_101023.xlsx,2023-10-10T14:53:20Z,2023-10-10T14:53:20Z,5.9,27.88,1,NA,NA,NA,NA,NA,SA,NA,2023-10-10,20835561,2023-10-10T17:53:20Z,5.578668683812406,3139,155,298,200,10,13:45:00,2023-10-10T16:45:00Z,5.1
SpC_SA_101023.xlsx,2023-10-10T14:53:30Z,2023-10-10T14:53:30Z,5.9,27.88,1,NA,NA,NA,NA,NA,SA,NA,2023-10-10,20835561,2023-10-10T17:53:30Z,5.578668683812406,3139,155,298,200,10,13:45:00,2023-10-10T16:45:00Z,5.1
SpC_SA_101023.xlsx,2023-10-10T14:53:40Z,2023-10-10T14:53:40Z,5.9,27.88,1,NA,NA,NA,NA,NA,SA,NA,2023-10-10,20835561,2023-10-10T17:53:40Z,5.578668683812406,3139,155,298,200,10,13:45:00,2023-10-10T16:45:00Z,5.1
SpC_SA_101023.xlsx,2023-10-10T14:53:50Z,2023-10-10T14:53:50Z,5.9,27.88,1,NA,NA,NA,NA,NA,SA,NA,2023-10-10,20835561,2023-10-10T17:53:50Z,5.578668683812406,3139,155,298,200,10,13:45:00,2023-10-10T16:45:00Z,5.1
SpC_SA_101023.xlsx,2023-10-10T14:54:00Z,2023-10-10T14:54:00Z,5.9,27.88,1,NA,NA,NA,NA,NA,SA,NA,2023-10-10,20835561,2023-10-10T17:54:00Z,5.578668683812406,3139,155,298,200,10,13:45:00,2023-10-10T16:45:00Z,5.1
SpC_SA_101023.xlsx,2023-10-10T14:54:10Z,2023-10-10T14:54:10Z,5.9,27.88,1,NA,NA,NA,NA,NA,SA,NA,2023-10-10,20835561,2023-10-10T17:54:10Z,5.578668683812406,3139,155,298,200,10,13:45:00,2023-10-10T16:45:00Z,5.1
SpC_SA_101023.xlsx,2023-10-10T14:54:20Z,2023-10-10T14:54:20Z,5.9,27.88,1,NA,NA,NA,NA,NA,SA,NA,2023-10-10,20835561,2023-10-10T17:54:20Z,5.578668683812406,3139,155,298,200,10,13:45:00,2023-10-10T16:45:00Z,5.1
SpC_SA_101023.xlsx,2023-10-10T14:54:30Z,2023-10-10T14:54:30Z,5.9,27.900000000000002,1,NA,NA,NA,NA,NA,SA,NA,2023-10-10,20835561,2023-10-10T17:54:30Z,5.5765595463138,3139,155,298,200,10,13:45:00,2023-10-10T16:45:00Z,5.1
SpC_SA_101023.xlsx,2023-10-10T14:54:40Z,2023-10-10T14:54:40Z,5.9,27.88,1,NA,NA,NA,NA,NA,SA,NA,2023-10-10,20835561,2023-10-10T17:54:40Z,5.578668683812406,3139,155,298,200,10,13:45:00,2023-10-10T16:45:00Z,5.1
SpC_SA_101023.xlsx,2023-10-10T14:54:50Z,2023-10-10T14:54:50Z,5.9,27.900000000000002,1,NA,NA,NA,NA,NA,SA,NA,2023-10-10,20835561,2023-10-10T17:54:50Z,5.5765595463138,3139,155,298,200,10,13:45:00,2023-10-10T16:45:00Z,5.1
SpC_SA_101023.xlsx,2023-10-10T14:55:00Z,2023-10-10T14:55:00Z,5.2,27.88,1,NA,NA,NA,NA,NA,SA,NA,2023-10-10,20835561,2023-10-10T17:55:00Z,4.916792738275341,3139,155,298,200,10,13:45:00,2023-10-10T16:45:00Z,5.1
SpC_SA_101023.xlsx,2023-10-10T14:55:10Z,2023-10-10T14:55:10Z,5.9,27.88,1,NA,NA,NA,NA,NA,SA,NA,2023-10-10,20835561,2023-10-10T17:55:10Z,5.578668683812406,3139,155,298,200,10,13:45:00,2023-10-10T16:45:00Z,5.1
SpC_SA_101023.xlsx,2023-10-10T14:55:20Z,2023-10-10T14:55:20Z,5.9,27.900000000000002,1,NA,NA,NA,NA,NA,SA,NA,2023-10-10,20835561,2023-10-10T17:55:20Z,5.5765595463138,3139,155,298,200,10,13:45:00,2023-10-10T16:45:00Z,5.1
SpC_SA_101023.xlsx,2023-10-10T14:55:30Z,2023-10-10T14:55:30Z,5.9,27.88,1,NA,NA,NA,NA,NA,SA,NA,2023-10-10,20835561,2023-10-10T17:55:30Z,5.578668683812406,3139,155,298,200,10,13:45:00,2023-10-10T16:45:00Z,5.1
SpC_SA_101023.xlsx,2023-10-10T14:55:40Z,2023-10-10T14:55:40Z,5.9,27.88,1,NA,NA,NA,NA,NA,SA,NA,2023-10-10,20835561,2023-10-10T17:55:40Z,5.578668683812406,3139,155,298,200,10,13:45:00,2023-10-10T16:45:00Z,5.1
SpC_SA_101023.xlsx,2023-10-10T14:55:50Z,2023-10-10T14:55:50Z,5.9,27.88,1,NA,NA,NA,NA,NA,SA,NA,2023-10-10,20835561,2023-10-10T17:55:50Z,5.578668683812406,3139,155,298,200,10,13:45:00,2023-10-10T16:45:00Z,5.1
SpC_SA_101023.xlsx,2023-10-10T14:56:00Z,2023-10-10T14:56:00Z,5.9,27.88,1,NA,NA,NA,NA,NA,SA,NA,2023-10-10,20835561,2023-10-10T17:56:00Z,5.578668683812406,3139,155,298,200,10,13:45:00,2023-10-10T16:45:00Z,5.1
SpC_SA_101023.xlsx,2023-10-10T14:56:10Z,2023-10-10T14:56:10Z,5.9,27.88,1,NA,NA,NA,NA,NA,SA,NA,2023-10-10,20835561,2023-10-10T17:56:10Z,5.578668683812406,3139,155,298,200,10,13:45:00,2023-10-10T16:45:00Z,5.1
SpC_SA_101023.xlsx,2023-10-10T14:56:20Z,2023-10-10T14:56:20Z,5.9,27.88,1,NA,NA,NA,NA,NA,SA,NA,2023-10-10,20835561,2023-10-10T17:56:20Z,5.578668683812406,3139,155,298,200,10,13:45:00,2023-10-10T16:45:00Z,5.1
SpC_SA_101023.xlsx,2023-10-10T14:56:30Z,2023-10-10T14:56:30Z,5.9,27.900000000000002,1,NA,NA,NA,NA,NA,SA,NA,2023-10-10,20835561,2023-10-10T17:56:30Z,5.5765595463138,3139,155,298,200,10,13:45:00,2023-10-10T16:45:00Z,5.1
SpC_SA_101023.xlsx,2023-10-10T14:56:40Z,2023-10-10T14:56:40Z,5.9,27.88,1,NA,NA,NA,NA,NA,SA,NA,2023-10-10,20835561,2023-10-10T17:56:40Z,5.578668683812406,3139,155,298,200,10,13:45:00,2023-10-10T16:45:00Z,5.1
SpC_SA_101023.xlsx,2023-10-10T14:56:50Z,2023-10-10T14:56:50Z,5.9,27.900000000000002,1,NA,NA,NA,NA,NA,SA,NA,2023-10-10,20835561,2023-10-10T17:56:50Z,5.5765595463138,3139,155,298,200,10,13:45:00,2023-10-10T16:45:00Z,5.1
SpC_SA_101023.xlsx,2023-10-10T14:57:00Z,2023-10-10T14:57:00Z,5.9,27.900000000000002,1,NA,NA,NA,NA,NA,SA,NA,2023-10-10,20835561,2023-10-10T17:57:00Z,5.5765595463138,3139,155,298,200,10,13:45:00,2023-10-10T16:45:00Z,5.1
SpC_SA_101023.xlsx,2023-10-10T14:57:10Z,2023-10-10T14:57:10Z,5.9,27.900000000000002,1,NA,NA,NA,NA,NA,SA,NA,2023-10-10,20835561,2023-10-10T17:57:10Z,5.5765595463138,3139,155,298,200,10,13:45:00,2023-10-10T16:45:00Z,5.1
SpC_SA_101023.xlsx,2023-10-10T14:57:20Z,2023-10-10T14:57:20Z,5.9,27.88,1,NA,NA,NA,NA,NA,SA,NA,2023-10-10,20835561,2023-10-10T17:57:20Z,5.578668683812406,3139,155,298,200,10,13:45:00,2023-10-10T16:45:00Z,5.1
SpC_SA_101023.xlsx,2023-10-10T14:57:30Z,2023-10-10T14:57:30Z,5.2,27.88,1,NA,NA,NA,NA,NA,SA,NA,2023-10-10,20835561,2023-10-10T17:57:30Z,4.916792738275341,3139,155,298,200,10,13:45:00,2023-10-10T16:45:00Z,5.1
SpC_SA_101023.xlsx,2023-10-10T14:57:40Z,2023-10-10T14:57:40Z,5.9,27.900000000000002,1,NA,NA,NA,NA,NA,SA,NA,2023-10-10,20835561,2023-10-10T17:57:40Z,5.5765595463138,3139,155,298,200,10,13:45:00,2023-10-10T16:45:00Z,5.1
SpC_SA_101023.xlsx,2023-10-10T14:57:50Z,2023-10-10T14:57:50Z,5.9,27.88,1,NA,NA,NA,NA,NA,SA,NA,2023-10-10,20835561,2023-10-10T17:57:50Z,5.578668683812406,3139,155,298,200,10,13:45:00,2023-10-10T16:45:00Z,5.1
SpC_SA_101023.xlsx,2023-10-10T14:58:00Z,2023-10-10T14:58:00Z,5.9,27.900000000000002,1,NA,NA,NA,NA,NA,SA,NA,2023-10-10,20835561,2023-10-10T17:58:00Z,5.5765595463138,3139,155,298,200,10,13:45:00,2023-10-10T16:45:00Z,5.1
SpC_SA_101023.xlsx,2023-10-10T14:58:10Z,2023-10-10T14:58:10Z,5.9,27.88,1,NA,NA,NA,NA,NA,SA,NA,2023-10-10,20835561,2023-10-10T17:58:10Z,5.578668683812406,3139,155,298,200,10,13:45:00,2023-10-10T16:45:00Z,5.1
SpC_SA_101023.xlsx,2023-10-10T14:58:20Z,2023-10-10T14:58:20Z,5.9,27.88,1,NA,NA,NA,NA,NA,SA,NA,2023-10-10,20835561,2023-10-10T17:58:20Z,5.578668683812406,3139,155,298,200,10,13:45:00,2023-10-10T16:45:00Z,5.1
SpC_SA_101023.xlsx,2023-10-10T14:58:30Z,2023-10-10T14:58:30Z,5.2,27.900000000000002,1,NA,NA,NA,NA,NA,SA,NA,2023-10-10,20835561,2023-10-10T17:58:30Z,4.914933837429111,3139,155,298,200,10,13:45:00,2023-10-10T16:45:00Z,5.1
SpC_SA_101023.xlsx,2023-10-10T14:58:40Z,2023-10-10T14:58:40Z,5.9,27.900000000000002,1,NA,NA,NA,NA,NA,SA,NA,2023-10-10,20835561,2023-10-10T17:58:40Z,5.5765595463138,3139,155,298,200,10,13:45:00,2023-10-10T16:45:00Z,5.1
SpC_SA_101023.xlsx,2023-10-10T14:58:50Z,2023-10-10T14:58:50Z,5.2,27.88,1,NA,NA,NA,NA,NA,SA,NA,2023-10-10,20835561,2023-10-10T17:58:50Z,4.916792738275341,3139,155,298,200,10,13:45:00,2023-10-10T16:45:00Z,5.1
SpC_SA_101023.xlsx,2023-10-10T14:59:00Z,2023-10-10T14:59:00Z,5.2,27.88,1,NA,NA,NA,NA,NA,SA,NA,2023-10-10,20835561,2023-10-10T17:59:00Z,4.916792738275341,3139,155,298,200,10,13:45:00,2023-10-10T16:45:00Z,5.1
SpC_SA_101023.xlsx,2023-10-10T14:59:10Z,2023-10-10T14:59:10Z,5.2,27.88,1,NA,NA,NA,NA,NA,SA,NA,2023-10-10,20835561,2023-10-10T17:59:10Z,4.916792738275341,3139,155,298,200,10,13:45:00,2023-10-10T16:45:00Z,5.1
SpC_SA_101023.xlsx,2023-10-10T14:59:20Z,2023-10-10T14:59:20Z,5.2,27.88,1,NA,NA,NA,NA,NA,SA,NA,2023-10-10,20835561,2023-10-10T17:59:20Z,4.916792738275341,3139,155,298,200,10,13:45:00,2023-10-10T16:45:00Z,5.1
SpC_SA_101023.xlsx,2023-10-10T14:59:30Z,2023-10-10T14:59:30Z,5.2,27.88,1,NA,NA,NA,NA,NA,SA,NA,2023-10-10,20835561,2023-10-10T17:59:30Z,4.916792738275341,3139,155,298,200,10,13:45:00,2023-10-10T16:45:00Z,5.1
SpC_SA_101023.xlsx,2023-10-10T14:59:40Z,2023-10-10T14:59:40Z,5.2,27.88,1,NA,NA,NA,NA,NA,SA,NA,2023-10-10,20835561,2023-10-10T17:59:40Z,4.916792738275341,3139,155,298,200,10,13:45:00,2023-10-10T16:45:00Z,5.1
SpC_SA_101023.xlsx,2023-10-10T14:59:50Z,2023-10-10T14:59:50Z,5.2,27.900000000000002,1,NA,NA,NA,NA,NA,SA,NA,2023-10-10,20835561,2023-10-10T17:59:50Z,4.914933837429111,3139,155,298,200,10,13:45:00,2023-10-10T16:45:00Z,5.1
SpC_SA_101023.xlsx,2023-10-10T15:00:00Z,2023-10-10T15:00:00Z,5.2,27.900000000000002,1,NA,NA,NA,NA,NA,SA,NA,2023-10-10,20835561,2023-10-10T18:00:00Z,4.914933837429111,3139,155,298,200,10,13:45:00,2023-10-10T16:45:00Z,5.1
SpC_SA_101023.xlsx,2023-10-10T15:00:10Z,2023-10-10T15:00:10Z,5.9,27.88,1,NA,NA,NA,NA,NA,SA,NA,2023-10-10,20835561,2023-10-10T18:00:10Z,5.578668683812406,3139,155,298,200,10,13:45:00,2023-10-10T16:45:00Z,5.1
SpC_SA_101023.xlsx,2023-10-10T15:00:20Z,2023-10-10T15:00:20Z,5.9,27.900000000000002,1,NA,NA,NA,NA,NA,SA,NA,2023-10-10,20835561,2023-10-10T18:00:20Z,5.5765595463138,3139,155,298,200,10,13:45:00,2023-10-10T16:45:00Z,5.1
SpC_SA_101023.xlsx,2023-10-10T15:00:30Z,2023-10-10T15:00:30Z,5.2,27.88,1,NA,NA,NA,NA,NA,SA,NA,2023-10-10,20835561,2023-10-10T18:00:30Z,4.916792738275341,3139,155,298,200,10,13:45:00,2023-10-10T16:45:00Z,5.1
SpC_SA_101023.xlsx,2023-10-10T15:00:40Z,2023-10-10T15:00:40Z,5.2,27.900000000000002,1,NA,NA,NA,NA,NA,SA,NA,2023-10-10,20835561,2023-10-10T18:00:40Z,4.914933837429111,3139,155,298,200,10,13:45:00,2023-10-10T16:45:00Z,5.1
SpC_SA_101023.xlsx,2023-10-10T15:00:50Z,2023-10-10T15:00:50Z,5.2,27.88,1,NA,NA,NA,NA,NA,SA,NA,2023-10-10,20835561,2023-10-10T18:00:50Z,4.916792738275341,3139,155,298,200,10,13:45:00,2023-10-10T16:45:00Z,5.1
SpC_SA_101023.xlsx,2023-10-10T15:01:00Z,2023-10-10T15:01:00Z,5.2,27.900000000000002,1,NA,NA,NA,NA,NA,SA,NA,2023-10-10,20835561,2023-10-10T18:01:00Z,4.914933837429111,3139,155,298,200,10,13:45:00,2023-10-10T16:45:00Z,5.1
SpC_SA_101023.xlsx,2023-10-10T15:01:10Z,2023-10-10T15:01:10Z,5.2,27.900000000000002,1,NA,NA,NA,NA,NA,SA,NA,2023-10-10,20835561,2023-10-10T18:01:10Z,4.914933837429111,3139,155,298,200,10,13:45:00,2023-10-10T16:45:00Z,5.1
SpC_SA_101023.xlsx,2023-10-10T15:01:20Z,2023-10-10T15:01:20Z,5.2,27.88,1,NA,NA,NA,NA,NA,SA,NA,2023-10-10,20835561,2023-10-10T18:01:20Z,4.916792738275341,3139,155,298,200,10,13:45:00,2023-10-10T16:45:00Z,5.1
SpC_SA_101023.xlsx,2023-10-10T15:01:30Z,2023-10-10T15:01:30Z,5.2,27.88,1,NA,NA,NA,NA,NA,SA,NA,2023-10-10,20835561,2023-10-10T18:01:30Z,4.916792738275341,3139,155,298,200,10,13:45:00,2023-10-10T16:45:00Z,5.1
SpC_SA_101023.xlsx,2023-10-10T15:01:40Z,2023-10-10T15:01:40Z,5.6000000000000005,27.900000000000002,1,NA,NA,NA,NA,NA,SA,NA,2023-10-10,20835561,2023-10-10T18:01:40Z,5.293005671077505,3139,155,298,200,10,13:45:00,2023-10-10T16:45:00Z,5.1
SpC_SA_101023.xlsx,2023-10-10T15:01:50Z,2023-10-10T15:01:50Z,5.6000000000000005,27.88,1,NA,NA,NA,NA,NA,SA,NA,2023-10-10,20835561,2023-10-10T18:01:50Z,5.2950075642965215,3139,155,298,200,10,13:45:00,2023-10-10T16:45:00Z,5.1
SpC_SA_101023.xlsx,2023-10-10T15:02:00Z,2023-10-10T15:02:00Z,5.2,27.900000000000002,1,NA,NA,NA,NA,NA,SA,NA,2023-10-10,20835561,2023-10-10T18:02:00Z,4.914933837429111,3139,155,298,200,10,13:45:00,2023-10-10T16:45:00Z,5.1
SpC_SA_101023.xlsx,2023-10-10T15:02:10Z,2023-10-10T15:02:10Z,5.6000000000000005,27.900000000000002,1,NA,NA,NA,NA,NA,SA,NA,2023-10-10,20835561,2023-10-10T18:02:10Z,5.293005671077505,3139,155,298,200,10,13:45:00,2023-10-10T16:45:00Z,5.1
SpC_SA_101023.xlsx,2023-10-10T15:02:20Z,2023-10-10T15:02:20Z,5.6000000000000005,27.88,1,NA,NA,NA,NA,NA,SA,NA,2023-10-10,20835561,2023-10-10T18:02:20Z,5.2950075642965215,3139,155,298,200,10,13:45:00,2023-10-10T16:45:00Z,5.1
SpC_SA_101023.xlsx,2023-10-10T15:02:30Z,2023-10-10T15:02:30Z,5.6000000000000005,27.900000000000002,1,NA,NA,NA,NA,NA,SA,NA,2023-10-10,20835561,2023-10-10T18:02:30Z,5.293005671077505,3139,155,298,200,10,13:45:00,2023-10-10T16:45:00Z,5.1
SpC_SA_101023.xlsx,2023-10-10T15:02:40Z,2023-10-10T15:02:40Z,5.6000000000000005,27.900000000000002,1,NA,NA,NA,NA,NA,SA,NA,2023-10-10,20835561,2023-10-10T18:02:40Z,5.293005671077505,3139,155,298,200,10,13:45:00,2023-10-10T16:45:00Z,5.1
SpC_SA_101023.xlsx,2023-10-10T15:02:50Z,2023-10-10T15:02:50Z,5.2,27.88,1,NA,NA,NA,NA,NA,SA,NA,2023-10-10,20835561,2023-10-10T18:02:50Z,4.916792738275341,3139,155,298,200,10,13:45:00,2023-10-10T16:45:00Z,5.1
SpC_SA_101023.xlsx,2023-10-10T15:03:00Z,2023-10-10T15:03:00Z,5.6000000000000005,27.88,1,NA,NA,NA,NA,NA,SA,NA,2023-10-10,20835561,2023-10-10T18:03:00Z,5.2950075642965215,3139,155,298,200,10,13:45:00,2023-10-10T16:45:00Z,5.1
SpC_SA_101023.xlsx,2023-10-10T15:03:10Z,2023-10-10T15:03:10Z,5.9,27.900000000000002,1,NA,NA,NA,NA,NA,SA,NA,2023-10-10,20835561,2023-10-10T18:03:10Z,5.5765595463138,3139,155,298,200,10,13:45:00,2023-10-10T16:45:00Z,5.1
SpC_SA_101023.xlsx,2023-10-10T15:03:20Z,2023-10-10T15:03:20Z,5.6000000000000005,27.900000000000002,1,NA,NA,NA,NA,NA,SA,NA,2023-10-10,20835561,2023-10-10T18:03:20Z,5.293005671077505,3139,155,298,200,10,13:45:00,2023-10-10T16:45:00Z,5.1
SpC_SA_101023.xlsx,2023-10-10T15:03:30Z,2023-10-10T15:03:30Z,5.6000000000000005,27.900000000000002,1,NA,NA,NA,NA,NA,SA,NA,2023-10-10,20835561,2023-10-10T18:03:30Z,5.293005671077505,3139,155,298,200,10,13:45:00,2023-10-10T16:45:00Z,5.1
SpC_SA_101023.xlsx,2023-10-10T15:03:40Z,2023-10-10T15:03:40Z,5.6000000000000005,27.900000000000002,1,NA,NA,NA,NA,NA,SA,NA,2023-10-10,20835561,2023-10-10T18:03:40Z,5.293005671077505,3139,155,298,200,10,13:45:00,2023-10-10T16:45:00Z,5.1
SpC_SA_101023.xlsx,2023-10-10T15:03:50Z,2023-10-10T15:03:50Z,5.6000000000000005,27.88,1,NA,NA,NA,NA,NA,SA,NA,2023-10-10,20835561,2023-10-10T18:03:50Z,5.2950075642965215,3139,155,298,200,10,13:45:00,2023-10-10T16:45:00Z,5.1
SpC_SA_101023.xlsx,2023-10-10T15:04:00Z,2023-10-10T15:04:00Z,5.6000000000000005,27.900000000000002,1,NA,NA,NA,NA,NA,SA,NA,2023-10-10,20835561,2023-10-10T18:04:00Z,5.293005671077505,3139,155,298,200,10,13:45:00,2023-10-10T16:45:00Z,5.1
SpC_SA_101023.xlsx,2023-10-10T15:04:10Z,2023-10-10T15:04:10Z,5.6000000000000005,27.900000000000002,1,NA,NA,NA,NA,NA,SA,NA,2023-10-10,20835561,2023-10-10T18:04:10Z,5.293005671077505,3139,155,298,200,10,13:45:00,2023-10-10T16:45:00Z,5.1
SpC_SA_101023.xlsx,2023-10-10T15:04:20Z,2023-10-10T15:04:20Z,5.6000000000000005,27.91,1,NA,NA,NA,NA,NA,SA,NA,2023-10-10,20835561,2023-10-10T18:04:20Z,5.2920052920052925,3139,155,298,200,10,13:45:00,2023-10-10T16:45:00Z,5.1
SpC_SA_101023.xlsx,2023-10-10T15:04:30Z,2023-10-10T15:04:30Z,5.6000000000000005,27.91,1,NA,NA,NA,NA,NA,SA,NA,2023-10-10,20835561,2023-10-10T18:04:30Z,5.2920052920052925,3139,155,298,200,10,13:45:00,2023-10-10T16:45:00Z,5.1
SpC_SA_101023.xlsx,2023-10-10T15:04:40Z,2023-10-10T15:04:40Z,5.6000000000000005,27.900000000000002,1,NA,NA,NA,NA,NA,SA,NA,2023-10-10,20835561,2023-10-10T18:04:40Z,5.293005671077505,3139,155,298,200,10,13:45:00,2023-10-10T16:45:00Z,5.1
SpC_SA_101023.xlsx,2023-10-10T15:04:50Z,2023-10-10T15:04:50Z,5.6000000000000005,27.900000000000002,1,NA,NA,NA,NA,NA,SA,NA,2023-10-10,20835561,2023-10-10T18:04:50Z,5.293005671077505,3139,155,298,200,10,13:45:00,2023-10-10T16:45:00Z,5.1
SpC_SA_101023.xlsx,2023-10-10T15:05:00Z,2023-10-10T15:05:00Z,5.6000000000000005,27.900000000000002,1,NA,NA,NA,NA,NA,SA,NA,2023-10-10,20835561,2023-10-10T18:05:00Z,5.293005671077505,3139,155,298,200,10,13:45:00,2023-10-10T16:45:00Z,5.1
SpC_SA_101023.xlsx,2023-10-10T15:05:10Z,2023-10-10T15:05:10Z,5.6000000000000005,27.900000000000002,1,NA,NA,NA,NA,NA,SA,NA,2023-10-10,20835561,2023-10-10T18:05:10Z,5.293005671077505,3139,155,298,200,10,13:45:00,2023-10-10T16:45:00Z,5.1
SpC_SA_101023.xlsx,2023-10-10T15:05:20Z,2023-10-10T15:05:20Z,5.6000000000000005,27.900000000000002,1,NA,NA,NA,NA,NA,SA,NA,2023-10-10,20835561,2023-10-10T18:05:20Z,5.293005671077505,3139,155,298,200,10,13:45:00,2023-10-10T16:45:00Z,5.1
SpC_SA_101023.xlsx,2023-10-10T15:05:30Z,2023-10-10T15:05:30Z,5.6000000000000005,27.91,1,NA,NA,NA,NA,NA,SA,NA,2023-10-10,20835561,2023-10-10T18:05:30Z,5.2920052920052925,3139,155,298,200,10,13:45:00,2023-10-10T16:45:00Z,5.1
SpC_SA_101023.xlsx,2023-10-10T15:05:40Z,2023-10-10T15:05:40Z,5.6000000000000005,27.900000000000002,1,NA,NA,NA,NA,NA,SA,NA,2023-10-10,20835561,2023-10-10T18:05:40Z,5.293005671077505,3139,155,298,200,10,13:45:00,2023-10-10T16:45:00Z,5.1
SpC_SA_101023.xlsx,2023-10-10T15:05:50Z,2023-10-10T15:05:50Z,5.6000000000000005,27.900000000000002,1,NA,NA,NA,NA,NA,SA,NA,2023-10-10,20835561,2023-10-10T18:05:50Z,5.293005671077505,3139,155,298,200,10,13:45:00,2023-10-10T16:45:00Z,5.1
SpC_SA_101023.xlsx,2023-10-10T15:06:00Z,2023-10-10T15:06:00Z,5.6000000000000005,27.91,1,NA,NA,NA,NA,NA,SA,NA,2023-10-10,20835561,2023-10-10T18:06:00Z,5.2920052920052925,3139,155,298,200,10,13:45:00,2023-10-10T16:45:00Z,5.1
SpC_SA_101023.xlsx,2023-10-10T15:06:10Z,2023-10-10T15:06:10Z,5.6000000000000005,27.900000000000002,1,NA,NA,NA,NA,NA,SA,NA,2023-10-10,20835561,2023-10-10T18:06:10Z,5.293005671077505,3139,155,298,200,10,13:45:00,2023-10-10T16:45:00Z,5.1
SpC_SA_101023.xlsx,2023-10-10T15:06:20Z,2023-10-10T15:06:20Z,5.6000000000000005,27.900000000000002,1,NA,NA,NA,NA,NA,SA,NA,2023-10-10,20835561,2023-10-10T18:06:20Z,5.293005671077505,3139,155,298,200,10,13:45:00,2023-10-10T16:45:00Z,5.1
SpC_SA_101023.xlsx,2023-10-10T15:06:30Z,2023-10-10T15:06:30Z,5.6000000000000005,27.900000000000002,1,NA,NA,NA,NA,NA,SA,NA,2023-10-10,20835561,2023-10-10T18:06:30Z,5.293005671077505,3139,155,298,200,10,13:45:00,2023-10-10T16:45:00Z,5.1
SpC_SA_101023.xlsx,2023-10-10T15:06:40Z,2023-10-10T15:06:40Z,5.6000000000000005,27.900000000000002,1,NA,NA,NA,NA,NA,SA,NA,2023-10-10,20835561,2023-10-10T18:06:40Z,5.293005671077505,3139,155,298,200,10,13:45:00,2023-10-10T16:45:00Z,5.1
SpC_SA_101023.xlsx,2023-10-10T15:06:50Z,2023-10-10T15:06:50Z,5.6000000000000005,27.91,1,NA,NA,NA,NA,NA,SA,NA,2023-10-10,20835561,2023-10-10T18:06:50Z,5.2920052920052925,3139,155,298,200,10,13:45:00,2023-10-10T16:45:00Z,5.1
SpC_SA_101023.xlsx,2023-10-10T15:07:00Z,2023-10-10T15:07:00Z,5.6000000000000005,27.91,1,NA,NA,NA,NA,NA,SA,NA,2023-10-10,20835561,2023-10-10T18:07:00Z,5.2920052920052925,3139,155,298,200,10,13:45:00,2023-10-10T16:45:00Z,5.1
SpC_SA_101023.xlsx,2023-10-10T15:07:10Z,2023-10-10T15:07:10Z,5.6000000000000005,27.91,1,NA,NA,NA,NA,NA,SA,NA,2023-10-10,20835561,2023-10-10T18:07:10Z,5.2920052920052925,3139,155,298,200,10,13:45:00,2023-10-10T16:45:00Z,5.1
SpC_SA_101023.xlsx,2023-10-10T15:07:20Z,2023-10-10T15:07:20Z,5.6000000000000005,27.900000000000002,1,NA,NA,NA,NA,NA,SA,NA,2023-10-10,20835561,2023-10-10T18:07:20Z,5.293005671077505,3139,155,298,200,10,13:45:00,2023-10-10T16:45:00Z,5.1
SpC_SA_101023.xlsx,2023-10-10T15:07:30Z,2023-10-10T15:07:30Z,5.6000000000000005,27.91,1,NA,NA,NA,NA,NA,SA,NA,2023-10-10,20835561,2023-10-10T18:07:30Z,5.2920052920052925,3139,155,298,200,10,13:45:00,2023-10-10T16:45:00Z,5.1
SpC_SA_101023.xlsx,2023-10-10T15:07:40Z,2023-10-10T15:07:40Z,5.6000000000000005,27.91,1,NA,NA,NA,NA,NA,SA,NA,2023-10-10,20835561,2023-10-10T18:07:40Z,5.2920052920052925,3139,155,298,200,10,13:45:00,2023-10-10T16:45:00Z,5.1
SpC_SA_101023.xlsx,2023-10-10T15:07:50Z,2023-10-10T15:07:50Z,5.6000000000000005,27.91,1,NA,NA,NA,NA,NA,SA,NA,2023-10-10,20835561,2023-10-10T18:07:50Z,5.2920052920052925,3139,155,298,200,10,13:45:00,2023-10-10T16:45:00Z,5.1
SpC_SA_101023.xlsx,2023-10-10T15:08:00Z,2023-10-10T15:08:00Z,5.6000000000000005,27.91,1,NA,NA,NA,NA,NA,SA,NA,2023-10-10,20835561,2023-10-10T18:08:00Z,5.2920052920052925,3139,155,298,200,10,13:45:00,2023-10-10T16:45:00Z,5.1
SpC_SA_101023.xlsx,2023-10-10T15:08:10Z,2023-10-10T15:08:10Z,5.6000000000000005,27.91,1,NA,NA,NA,NA,NA,SA,NA,2023-10-10,20835561,2023-10-10T18:08:10Z,5.2920052920052925,3139,155,298,200,10,13:45:00,2023-10-10T16:45:00Z,5.1
SpC_SA_101023.xlsx,2023-10-10T15:08:20Z,2023-10-10T15:08:20Z,5.6000000000000005,27.91,1,NA,NA,NA,NA,NA,SA,NA,2023-10-10,20835561,2023-10-10T18:08:20Z,5.2920052920052925,3139,155,298,200,10,13:45:00,2023-10-10T16:45:00Z,5.1
SpC_SA_101023.xlsx,2023-10-10T15:08:30Z,2023-10-10T15:08:30Z,5.6000000000000005,27.92,1,NA,NA,NA,NA,NA,SA,NA,2023-10-10,20835561,2023-10-10T18:08:30Z,5.291005291005291,3139,155,298,200,10,13:45:00,2023-10-10T16:45:00Z,5.1
SpC_SA_101023.xlsx,2023-10-10T15:08:40Z,2023-10-10T15:08:40Z,5.6000000000000005,27.91,1,NA,NA,NA,NA,NA,SA,NA,2023-10-10,20835561,2023-10-10T18:08:40Z,5.2920052920052925,3139,155,298,200,10,13:45:00,2023-10-10T16:45:00Z,5.1
SpC_SA_101023.xlsx,2023-10-10T15:08:50Z,2023-10-10T15:08:50Z,5.6000000000000005,27.92,1,NA,NA,NA,NA,NA,SA,NA,2023-10-10,20835561,2023-10-10T18:08:50Z,5.291005291005291,3139,155,298,200,10,13:45:00,2023-10-10T16:45:00Z,5.1
SpC_SA_101023.xlsx,2023-10-10T15:09:00Z,2023-10-10T15:09:00Z,5.6000000000000005,27.91,1,NA,NA,NA,NA,NA,SA,NA,2023-10-10,20835561,2023-10-10T18:09:00Z,5.2920052920052925,3139,155,298,200,10,13:45:00,2023-10-10T16:45:00Z,5.1
SpC_SA_101023.xlsx,2023-10-10T15:09:10Z,2023-10-10T15:09:10Z,5.6000000000000005,27.91,1,NA,NA,NA,NA,NA,SA,NA,2023-10-10,20835561,2023-10-10T18:09:10Z,5.2920052920052925,3139,155,298,200,10,13:45:00,2023-10-10T16:45:00Z,5.1
SpC_SA_101023.xlsx,2023-10-10T15:09:20Z,2023-10-10T15:09:20Z,5.6000000000000005,27.91,1,NA,NA,NA,NA,NA,SA,NA,2023-10-10,20835561,2023-10-10T18:09:20Z,5.2920052920052925,3139,155,298,200,10,13:45:00,2023-10-10T16:45:00Z,5.1
SpC_SA_101023.xlsx,2023-10-10T15:09:30Z,2023-10-10T15:09:30Z,5.6000000000000005,27.91,1,NA,NA,NA,NA,NA,SA,NA,2023-10-10,20835561,2023-10-10T18:09:30Z,5.2920052920052925,3139,155,298,200,10,13:45:00,2023-10-10T16:45:00Z,5.1
SpC_SA_101023.xlsx,2023-10-10T15:09:40Z,2023-10-10T15:09:40Z,5.6000000000000005,27.91,1,NA,NA,NA,NA,NA,SA,NA,2023-10-10,20835561,2023-10-10T18:09:40Z,5.2920052920052925,3139,155,298,200,10,13:45:00,2023-10-10T16:45:00Z,5.1
SpC_SA_101023.xlsx,2023-10-10T15:09:50Z,2023-10-10T15:09:50Z,5.6000000000000005,27.92,1,NA,NA,NA,NA,NA,SA,NA,2023-10-10,20835561,2023-10-10T18:09:50Z,5.291005291005291,3139,155,298,200,10,13:45:00,2023-10-10T16:45:00Z,5.1
SpC_SA_101023.xlsx,2023-10-10T15:10:00Z,2023-10-10T15:10:00Z,5.6000000000000005,27.92,1,NA,NA,NA,NA,NA,SA,NA,2023-10-10,20835561,2023-10-10T18:10:00Z,5.291005291005291,3139,155,298,200,10,13:45:00,2023-10-10T16:45:00Z,5.1
SpC_SA_101023.xlsx,2023-10-10T15:10:10Z,2023-10-10T15:10:10Z,5.6000000000000005,27.91,1,NA,NA,NA,NA,NA,SA,NA,2023-10-10,20835561,2023-10-10T18:10:10Z,5.2920052920052925,3139,155,298,200,10,13:45:00,2023-10-10T16:45:00Z,5.1
SpC_SA_101023.xlsx,2023-10-10T15:10:20Z,2023-10-10T15:10:20Z,5.6000000000000005,27.92,1,NA,NA,NA,NA,NA,SA,NA,2023-10-10,20835561,2023-10-10T18:10:20Z,5.291005291005291,3139,155,298,200,10,13:45:00,2023-10-10T16:45:00Z,5.1
SpC_SA_101023.xlsx,2023-10-10T15:10:30Z,2023-10-10T15:10:30Z,5.6000000000000005,27.91,1,NA,NA,NA,NA,NA,SA,NA,2023-10-10,20835561,2023-10-10T18:10:30Z,5.2920052920052925,3139,155,298,200,10,13:45:00,2023-10-10T16:45:00Z,5.1
SpC_SA_101023.xlsx,2023-10-10T15:10:40Z,2023-10-10T15:10:40Z,5.6000000000000005,27.92,1,NA,NA,NA,NA,NA,SA,NA,2023-10-10,20835561,2023-10-10T18:10:40Z,5.291005291005291,3139,155,298,200,10,13:45:00,2023-10-10T16:45:00Z,5.1
SpC_SA_101023.xlsx,2023-10-10T15:10:50Z,2023-10-10T15:10:50Z,5.6000000000000005,27.91,1,NA,NA,NA,NA,NA,SA,NA,2023-10-10,20835561,2023-10-10T18:10:50Z,5.2920052920052925,3139,155,298,200,10,13:45:00,2023-10-10T16:45:00Z,5.1
SpC_SA_101023.xlsx,2023-10-10T15:11:00Z,2023-10-10T15:11:00Z,5.2,27.91,1,NA,NA,NA,NA,NA,SA,NA,2023-10-10,20835561,2023-10-10T18:11:00Z,4.914004914004914,3139,155,298,200,10,13:45:00,2023-10-10T16:45:00Z,5.1
SpC_SA_101023.xlsx,2023-10-10T15:11:10Z,2023-10-10T15:11:10Z,4.800000000000001,27.92,1,NA,NA,NA,NA,NA,SA,NA,2023-10-10,20835561,2023-10-10T18:11:10Z,4.53514739229025,3139,155,298,200,10,13:45:00,2023-10-10T16:45:00Z,5.1
SpC_SA_101023.xlsx,2023-10-10T15:11:20Z,2023-10-10T15:11:20Z,5.6000000000000005,27.91,1,NA,NA,NA,NA,NA,SA,NA,2023-10-10,20835561,2023-10-10T18:11:20Z,5.2920052920052925,3139,155,298,200,10,13:45:00,2023-10-10T16:45:00Z,5.1
SpC_SA_101023.xlsx,2023-10-10T15:11:30Z,2023-10-10T15:11:30Z,5.6000000000000005,27.91,1,NA,NA,NA,NA,NA,SA,NA,2023-10-10,20835561,2023-10-10T18:11:30Z,5.2920052920052925,3139,155,298,200,10,13:45:00,2023-10-10T16:45:00Z,5.1
SpC_SA_101023.xlsx,2023-10-10T15:11:40Z,2023-10-10T15:11:40Z,5.6000000000000005,27.91,1,NA,NA,NA,NA,NA,SA,NA,2023-10-10,20835561,2023-10-10T18:11:40Z,5.2920052920052925,3139,155,298,200,10,13:45:00,2023-10-10T16:45:00Z,5.1
SpC_SA_101023.xlsx,2023-10-10T15:11:50Z,2023-10-10T15:11:50Z,5.6000000000000005,27.92,1,NA,NA,NA,NA,NA,SA,NA,2023-10-10,20835561,2023-10-10T18:11:50Z,5.291005291005291,3139,155,298,200,10,13:45:00,2023-10-10T16:45:00Z,5.1
SpC_SA_101023.xlsx,2023-10-10T15:12:00Z,2023-10-10T15:12:00Z,5.6000000000000005,27.92,1,NA,NA,NA,NA,NA,SA,NA,2023-10-10,20835561,2023-10-10T18:12:00Z,5.291005291005291,3139,155,298,200,10,13:45:00,2023-10-10T16:45:00Z,5.1
SpC_SA_101023.xlsx,2023-10-10T15:12:10Z,2023-10-10T15:12:10Z,5.6000000000000005,27.91,1,NA,NA,NA,NA,NA,SA,NA,2023-10-10,20835561,2023-10-10T18:12:10Z,5.2920052920052925,3139,155,298,200,10,13:45:00,2023-10-10T16:45:00Z,5.1
SpC_SA_101023.xlsx,2023-10-10T15:12:20Z,2023-10-10T15:12:20Z,4.800000000000001,27.93,1,NA,NA,NA,NA,NA,SA,NA,2023-10-10,20835561,2023-10-10T18:12:20Z,4.534290572454186,3139,155,298,200,10,13:45:00,2023-10-10T16:45:00Z,5.1
SpC_SA_101023.xlsx,2023-10-10T15:12:30Z,2023-10-10T15:12:30Z,5.2,27.91,1,NA,NA,NA,NA,NA,SA,NA,2023-10-10,20835561,2023-10-10T18:12:30Z,4.914004914004914,3139,155,298,200,10,13:45:00,2023-10-10T16:45:00Z,5.1
SpC_SA_101023.xlsx,2023-10-10T15:12:40Z,2023-10-10T15:12:40Z,5.2,27.92,1,NA,NA,NA,NA,NA,SA,NA,2023-10-10,20835561,2023-10-10T18:12:40Z,4.913076341647771,3139,155,298,200,10,13:45:00,2023-10-10T16:45:00Z,5.1
SpC_SA_101023.xlsx,2023-10-10T15:12:50Z,2023-10-10T15:12:50Z,5.6000000000000005,27.92,1,NA,NA,NA,NA,NA,SA,NA,2023-10-10,20835561,2023-10-10T18:12:50Z,5.291005291005291,3139,155,298,200,10,13:45:00,2023-10-10T16:45:00Z,5.1
SpC_SA_101023.xlsx,2023-10-10T15:13:00Z,2023-10-10T15:13:00Z,5.2,27.92,1,NA,NA,NA,NA,NA,SA,NA,2023-10-10,20835561,2023-10-10T18:13:00Z,4.913076341647771,3139,155,298,200,10,13:45:00,2023-10-10T16:45:00Z,5.1
SpC_SA_101023.xlsx,2023-10-10T15:13:10Z,2023-10-10T15:13:10Z,5.6000000000000005,27.92,1,NA,NA,NA,NA,NA,SA,NA,2023-10-10,20835561,2023-10-10T18:13:10Z,5.291005291005291,3139,155,298,200,10,13:45:00,2023-10-10T16:45:00Z,5.1
SpC_SA_101023.xlsx,2023-10-10T15:13:20Z,2023-10-10T15:13:20Z,5.6000000000000005,27.92,1,NA,NA,NA,NA,NA,SA,NA,2023-10-10,20835561,2023-10-10T18:13:20Z,5.291005291005291,3139,155,298,200,10,13:45:00,2023-10-10T16:45:00Z,5.1
SpC_SA_101023.xlsx,2023-10-10T15:13:30Z,2023-10-10T15:13:30Z,5.6000000000000005,27.92,1,NA,NA,NA,NA,NA,SA,NA,2023-10-10,20835561,2023-10-10T18:13:30Z,5.291005291005291,3139,155,298,200,10,13:45:00,2023-10-10T16:45:00Z,5.1
SpC_SA_101023.xlsx,2023-10-10T15:13:40Z,2023-10-10T15:13:40Z,5.6000000000000005,27.92,1,NA,NA,NA,NA,NA,SA,NA,2023-10-10,20835561,2023-10-10T18:13:40Z,5.291005291005291,3139,155,298,200,10,13:45:00,2023-10-10T16:45:00Z,5.1
SpC_SA_101023.xlsx,2023-10-10T15:13:50Z,2023-10-10T15:13:50Z,5.6000000000000005,27.92,1,NA,NA,NA,NA,NA,SA,NA,2023-10-10,20835561,2023-10-10T18:13:50Z,5.291005291005291,3139,155,298,200,10,13:45:00,2023-10-10T16:45:00Z,5.1
SpC_SA_101023.xlsx,2023-10-10T15:14:00Z,2023-10-10T15:14:00Z,5.6000000000000005,27.93,1,NA,NA,NA,NA,NA,SA,NA,2023-10-10,20835561,2023-10-10T18:14:00Z,5.290005667863216,3139,155,298,200,10,13:45:00,2023-10-10T16:45:00Z,5.1
SpC_SA_101023.xlsx,2023-10-10T15:14:10Z,2023-10-10T15:14:10Z,5.6000000000000005,27.92,1,NA,NA,NA,NA,NA,SA,NA,2023-10-10,20835561,2023-10-10T18:14:10Z,5.291005291005291,3139,155,298,200,10,13:45:00,2023-10-10T16:45:00Z,5.1
SpC_SA_101023.xlsx,2023-10-10T15:14:20Z,2023-10-10T15:14:20Z,5.2,27.92,1,NA,NA,NA,NA,NA,SA,NA,2023-10-10,20835561,2023-10-10T18:14:20Z,4.913076341647771,3139,155,298,200,10,13:45:00,2023-10-10T16:45:00Z,5.1
SpC_SA_101023.xlsx,2023-10-10T15:14:30Z,2023-10-10T15:14:30Z,5.6000000000000005,27.92,1,NA,NA,NA,NA,NA,SA,NA,2023-10-10,20835561,2023-10-10T18:14:30Z,5.291005291005291,3139,155,298,200,10,13:45:00,2023-10-10T16:45:00Z,5.1
SpC_SA_101023.xlsx,2023-10-10T15:14:40Z,2023-10-10T15:14:40Z,5.6000000000000005,27.92,1,NA,NA,NA,NA,NA,SA,NA,2023-10-10,20835561,2023-10-10T18:14:40Z,5.291005291005291,3139,155,298,200,10,13:45:00,2023-10-10T16:45:00Z,5.1
SpC_SA_101023.xlsx,2023-10-10T15:14:50Z,2023-10-10T15:14:50Z,5.6000000000000005,27.92,1,NA,NA,NA,NA,NA,SA,NA,2023-10-10,20835561,2023-10-10T18:14:50Z,5.291005291005291,3139,155,298,200,10,13:45:00,2023-10-10T16:45:00Z,5.1
SpC_SA_101023.xlsx,2023-10-10T15:15:00Z,2023-10-10T15:15:00Z,5.6000000000000005,27.93,1,NA,NA,NA,NA,NA,SA,NA,2023-10-10,20835561,2023-10-10T18:15:00Z,5.290005667863216,3139,155,298,200,10,13:45:00,2023-10-10T16:45:00Z,5.1
SpC_SA_101023.xlsx,2023-10-10T15:15:10Z,2023-10-10T15:15:10Z,5.6000000000000005,27.92,1,NA,NA,NA,NA,NA,SA,NA,2023-10-10,20835561,2023-10-10T18:15:10Z,5.291005291005291,3139,155,298,200,10,13:45:00,2023-10-10T16:45:00Z,5.1
SpC_SA_101023.xlsx,2023-10-10T15:15:20Z,2023-10-10T15:15:20Z,5.6000000000000005,27.92,1,NA,NA,NA,NA,NA,SA,NA,2023-10-10,20835561,2023-10-10T18:15:20Z,5.291005291005291,3139,155,298,200,10,13:45:00,2023-10-10T16:45:00Z,5.1
SpC_SA_101023.xlsx,2023-10-10T15:15:30Z,2023-10-10T15:15:30Z,4.800000000000001,27.93,1,NA,NA,NA,NA,NA,SA,NA,2023-10-10,20835561,2023-10-10T18:15:30Z,4.534290572454186,3139,155,298,200,10,13:45:00,2023-10-10T16:45:00Z,5.1
SpC_SA_101023.xlsx,2023-10-10T15:15:40Z,2023-10-10T15:15:40Z,5.6000000000000005,27.93,1,NA,NA,NA,NA,NA,SA,NA,2023-10-10,20835561,2023-10-10T18:15:40Z,5.290005667863216,3139,155,298,200,10,13:45:00,2023-10-10T16:45:00Z,5.1
SpC_SA_101023.xlsx,2023-10-10T15:15:50Z,2023-10-10T15:15:50Z,5.2,27.92,1,NA,NA,NA,NA,NA,SA,NA,2023-10-10,20835561,2023-10-10T18:15:50Z,4.913076341647771,3139,155,298,200,10,13:45:00,2023-10-10T16:45:00Z,5.1
SpC_SA_101023.xlsx,2023-10-10T15:16:00Z,2023-10-10T15:16:00Z,5.6000000000000005,27.93,1,NA,NA,NA,NA,NA,SA,NA,2023-10-10,20835561,2023-10-10T18:16:00Z,5.290005667863216,3139,155,298,200,10,13:45:00,2023-10-10T16:45:00Z,5.1
SpC_SA_101023.xlsx,2023-10-10T15:16:10Z,2023-10-10T15:16:10Z,5.6000000000000005,27.92,1,NA,NA,NA,NA,NA,SA,NA,2023-10-10,20835561,2023-10-10T18:16:10Z,5.291005291005291,3139,155,298,200,10,13:45:00,2023-10-10T16:45:00Z,5.1
SpC_SA_101023.xlsx,2023-10-10T15:16:20Z,2023-10-10T15:16:20Z,5.6000000000000005,27.92,1,NA,NA,NA,NA,NA,SA,NA,2023-10-10,20835561,2023-10-10T18:16:20Z,5.291005291005291,3139,155,298,200,10,13:45:00,2023-10-10T16:45:00Z,5.1
SpC_SA_101023.xlsx,2023-10-10T15:16:30Z,2023-10-10T15:16:30Z,5.2,27.92,1,NA,NA,NA,NA,NA,SA,NA,2023-10-10,20835561,2023-10-10T18:16:30Z,4.913076341647771,3139,155,298,200,10,13:45:00,2023-10-10T16:45:00Z,5.1
SpC_SA_101023.xlsx,2023-10-10T15:16:40Z,2023-10-10T15:16:40Z,5.6000000000000005,27.92,1,NA,NA,NA,NA,NA,SA,NA,2023-10-10,20835561,2023-10-10T18:16:40Z,5.291005291005291,3139,155,298,200,10,13:45:00,2023-10-10T16:45:00Z,5.1
SpC_SA_101023.xlsx,2023-10-10T15:16:50Z,2023-10-10T15:16:50Z,5.6000000000000005,27.93,1,NA,NA,NA,NA,NA,SA,NA,2023-10-10,20835561,2023-10-10T18:16:50Z,5.290005667863216,3139,155,298,200,10,13:45:00,2023-10-10T16:45:00Z,5.1
SpC_SA_101023.xlsx,2023-10-10T15:17:00Z,2023-10-10T15:17:00Z,5.2,27.92,1,NA,NA,NA,NA,NA,SA,NA,2023-10-10,20835561,2023-10-10T18:17:00Z,4.913076341647771,3139,155,298,200,10,13:45:00,2023-10-10T16:45:00Z,5.1
SpC_SA_101023.xlsx,2023-10-10T15:17:10Z,2023-10-10T15:17:10Z,5.2,27.93,1,NA,NA,NA,NA,NA,SA,NA,2023-10-10,20835561,2023-10-10T18:17:10Z,4.9121481201587,3139,155,298,200,10,13:45:00,2023-10-10T16:45:00Z,5.1
SpC_SA_101023.xlsx,2023-10-10T15:17:20Z,2023-10-10T15:17:20Z,5.2,27.92,1,NA,NA,NA,NA,NA,SA,NA,2023-10-10,20835561,2023-10-10T18:17:20Z,4.913076341647771,3139,155,298,200,10,13:45:00,2023-10-10T16:45:00Z,5.1
SpC_SA_101023.xlsx,2023-10-10T15:17:30Z,2023-10-10T15:17:30Z,5.2,27.92,1,NA,NA,NA,NA,NA,SA,NA,2023-10-10,20835561,2023-10-10T18:17:30Z,4.913076341647771,3139,155,298,200,10,13:45:00,2023-10-10T16:45:00Z,5.1
SpC_SA_101023.xlsx,2023-10-10T15:17:40Z,2023-10-10T15:17:40Z,5.2,27.92,1,NA,NA,NA,NA,NA,SA,NA,2023-10-10,20835561,2023-10-10T18:17:40Z,4.913076341647771,3139,155,298,200,10,13:45:00,2023-10-10T16:45:00Z,5.1
SpC_SA_101023.xlsx,2023-10-10T15:17:50Z,2023-10-10T15:17:50Z,5.6000000000000005,27.92,1,NA,NA,NA,NA,NA,SA,NA,2023-10-10,20835561,2023-10-10T18:17:50Z,5.291005291005291,3139,155,298,200,10,13:45:00,2023-10-10T16:45:00Z,5.1
SpC_SA_101023.xlsx,2023-10-10T15:18:00Z,2023-10-10T15:18:00Z,5.2,27.93,1,NA,NA,NA,NA,NA,SA,NA,2023-10-10,20835561,2023-10-10T18:18:00Z,4.9121481201587,3139,155,298,200,10,13:45:00,2023-10-10T16:45:00Z,5.1
SpC_SA_101023.xlsx,2023-10-10T15:18:10Z,2023-10-10T15:18:10Z,5.6000000000000005,27.93,1,NA,NA,NA,NA,NA,SA,NA,2023-10-10,20835561,2023-10-10T18:18:10Z,5.290005667863216,3139,155,298,200,10,13:45:00,2023-10-10T16:45:00Z,5.1
SpC_SA_101023.xlsx,2023-10-10T15:18:20Z,2023-10-10T15:18:20Z,5.2,27.92,1,NA,NA,NA,NA,NA,SA,NA,2023-10-10,20835561,2023-10-10T18:18:20Z,4.913076341647771,3139,155,298,200,10,13:45:00,2023-10-10T16:45:00Z,5.1
SpC_SA_101023.xlsx,2023-10-10T15:18:30Z,2023-10-10T15:18:30Z,5.6000000000000005,27.92,1,NA,NA,NA,NA,NA,SA,NA,2023-10-10,20835561,2023-10-10T18:18:30Z,5.291005291005291,3139,155,298,200,10,13:45:00,2023-10-10T16:45:00Z,5.1
SpC_SA_101023.xlsx,2023-10-10T15:18:40Z,2023-10-10T15:18:40Z,5.2,27.92,1,NA,NA,NA,NA,NA,SA,NA,2023-10-10,20835561,2023-10-10T18:18:40Z,4.913076341647771,3139,155,298,200,10,13:45:00,2023-10-10T16:45:00Z,5.1
SpC_SA_101023.xlsx,2023-10-10T15:18:50Z,2023-10-10T15:18:50Z,5.6000000000000005,27.92,1,NA,NA,NA,NA,NA,SA,NA,2023-10-10,20835561,2023-10-10T18:18:50Z,5.291005291005291,3139,155,298,200,10,13:45:00,2023-10-10T16:45:00Z,5.1
SpC_SA_101023.xlsx,2023-10-10T15:19:00Z,2023-10-10T15:19:00Z,5.2,27.92,1,NA,NA,NA,NA,NA,SA,NA,2023-10-10,20835561,2023-10-10T18:19:00Z,4.913076341647771,3139,155,298,200,10,13:45:00,2023-10-10T16:45:00Z,5.1
SpC_SA_101023.xlsx,2023-10-10T15:19:10Z,2023-10-10T15:19:10Z,5.2,27.92,1,NA,NA,NA,NA,NA,SA,NA,2023-10-10,20835561,2023-10-10T18:19:10Z,4.913076341647771,3139,155,298,200,10,13:45:00,2023-10-10T16:45:00Z,5.1
SpC_SA_101023.xlsx,2023-10-10T15:19:20Z,2023-10-10T15:19:20Z,5.2,27.92,1,NA,NA,NA,NA,NA,SA,NA,2023-10-10,20835561,2023-10-10T18:19:20Z,4.913076341647771,3139,155,298,200,10,13:45:00,2023-10-10T16:45:00Z,5.1
SpC_SA_101023.xlsx,2023-10-10T15:19:30Z,2023-10-10T15:19:30Z,5.2,27.92,1,NA,NA,NA,NA,NA,SA,NA,2023-10-10,20835561,2023-10-10T18:19:30Z,4.913076341647771,3139,155,298,200,10,13:45:00,2023-10-10T16:45:00Z,5.1
SpC_SA_101023.xlsx,2023-10-10T15:19:40Z,2023-10-10T15:19:40Z,5.6000000000000005,27.92,1,NA,NA,NA,NA,NA,SA,NA,2023-10-10,20835561,2023-10-10T18:19:40Z,5.291005291005291,3139,155,298,200,10,13:45:00,2023-10-10T16:45:00Z,5.1
SpC_SA_101023.xlsx,2023-10-10T15:19:50Z,2023-10-10T15:19:50Z,5.6000000000000005,27.93,1,NA,NA,NA,NA,NA,SA,NA,2023-10-10,20835561,2023-10-10T18:19:50Z,5.290005667863216,3139,155,298,200,10,13:45:00,2023-10-10T16:45:00Z,5.1
SpC_SA_101023.xlsx,2023-10-10T15:20:00Z,2023-10-10T15:20:00Z,5.6000000000000005,27.93,1,NA,NA,NA,NA,NA,SA,NA,2023-10-10,20835561,2023-10-10T18:20:00Z,5.290005667863216,3139,155,298,200,10,13:45:00,2023-10-10T16:45:00Z,5.1
SpC_SA_101023.xlsx,2023-10-10T15:20:10Z,2023-10-10T15:20:10Z,5.2,27.92,1,NA,NA,NA,NA,NA,SA,NA,2023-10-10,20835561,2023-10-10T18:20:10Z,4.913076341647771,3139,155,298,200,10,13:45:00,2023-10-10T16:45:00Z,5.1
SpC_SA_101023.xlsx,2023-10-10T15:20:20Z,2023-10-10T15:20:20Z,5.2,27.92,1,NA,NA,NA,NA,NA,SA,NA,2023-10-10,20835561,2023-10-10T18:20:20Z,4.913076341647771,3139,155,298,200,10,13:45:00,2023-10-10T16:45:00Z,5.1
SpC_SA_101023.xlsx,2023-10-10T15:20:30Z,2023-10-10T15:20:30Z,5.2,27.93,1,NA,NA,NA,NA,NA,SA,NA,2023-10-10,20835561,2023-10-10T18:20:30Z,4.9121481201587,3139,155,298,200,10,13:45:00,2023-10-10T16:45:00Z,5.1
SpC_SA_101023.xlsx,2023-10-10T15:20:40Z,2023-10-10T15:20:40Z,5.2,27.92,1,NA,NA,NA,NA,NA,SA,NA,2023-10-10,20835561,2023-10-10T18:20:40Z,4.913076341647771,3139,155,298,200,10,13:45:00,2023-10-10T16:45:00Z,5.1
SpC_SA_101023.xlsx,2023-10-10T15:20:50Z,2023-10-10T15:20:50Z,5.2,27.92,1,NA,NA,NA,NA,NA,SA,NA,2023-10-10,20835561,2023-10-10T18:20:50Z,4.913076341647771,3139,155,298,200,10,13:45:00,2023-10-10T16:45:00Z,5.1
SpC_SA_101023.xlsx,2023-10-10T15:21:00Z,2023-10-10T15:21:00Z,5.9,27.93,1,NA,NA,NA,NA,NA,SA,NA,2023-10-10,20835561,2023-10-10T18:21:00Z,5.5733988286416025,3139,155,298,200,10,13:45:00,2023-10-10T16:45:00Z,5.1
SpC_SA_101023.xlsx,2023-10-10T15:21:10Z,2023-10-10T15:21:10Z,5.2,27.93,1,NA,NA,NA,NA,NA,SA,NA,2023-10-10,20835561,2023-10-10T18:21:10Z,4.9121481201587,3139,155,298,200,10,13:45:00,2023-10-10T16:45:00Z,5.1
SpC_SA_101023.xlsx,2023-10-10T15:21:20Z,2023-10-10T15:21:20Z,5.2,27.92,1,NA,NA,NA,NA,NA,SA,NA,2023-10-10,20835561,2023-10-10T18:21:20Z,4.913076341647771,3139,155,298,200,10,13:45:00,2023-10-10T16:45:00Z,5.1
SpC_SA_101023.xlsx,2023-10-10T15:21:30Z,2023-10-10T15:21:30Z,5.6000000000000005,27.93,1,NA,NA,NA,NA,NA,SA,NA,2023-10-10,20835561,2023-10-10T18:21:30Z,5.290005667863216,3139,155,298,200,10,13:45:00,2023-10-10T16:45:00Z,5.1
SpC_SA_101023.xlsx,2023-10-10T15:21:40Z,2023-10-10T15:21:40Z,5.2,27.93,1,NA,NA,NA,NA,NA,SA,NA,2023-10-10,20835561,2023-10-10T18:21:40Z,4.9121481201587,3139,155,298,200,10,13:45:00,2023-10-10T16:45:00Z,5.1
SpC_SA_101023.xlsx,2023-10-10T15:21:50Z,2023-10-10T15:21:50Z,5.2,27.93,1,NA,NA,NA,NA,NA,SA,NA,2023-10-10,20835561,2023-10-10T18:21:50Z,4.9121481201587,3139,155,298,200,10,13:45:00,2023-10-10T16:45:00Z,5.1
SpC_SA_101023.xlsx,2023-10-10T15:22:00Z,2023-10-10T15:22:00Z,5.2,27.93,1,NA,NA,NA,NA,NA,SA,NA,2023-10-10,20835561,2023-10-10T18:22:00Z,4.9121481201587,3139,155,298,200,10,13:45:00,2023-10-10T16:45:00Z,5.1
SpC_SA_101023.xlsx,2023-10-10T15:22:10Z,2023-10-10T15:22:10Z,5.2,27.93,1,NA,NA,NA,NA,NA,SA,NA,2023-10-10,20835561,2023-10-10T18:22:10Z,4.9121481201587,3139,155,298,200,10,13:45:00,2023-10-10T16:45:00Z,5.1
SpC_SA_101023.xlsx,2023-10-10T15:22:20Z,2023-10-10T15:22:20Z,5.2,27.95,1,NA,NA,NA,NA,NA,SA,NA,2023-10-10,20835561,2023-10-10T18:22:20Z,4.910292728989614,3139,155,298,200,10,13:45:00,2023-10-10T16:45:00Z,5.1
SpC_SA_101023.xlsx,2023-10-10T15:22:30Z,2023-10-10T15:22:30Z,5.2,27.93,1,NA,NA,NA,NA,NA,SA,NA,2023-10-10,20835561,2023-10-10T18:22:30Z,4.9121481201587,3139,155,298,200,10,13:45:00,2023-10-10T16:45:00Z,5.1
SpC_SA_101023.xlsx,2023-10-10T15:22:40Z,2023-10-10T15:22:40Z,5.2,27.93,1,NA,NA,NA,NA,NA,SA,NA,2023-10-10,20835561,2023-10-10T18:22:40Z,4.9121481201587,3139,155,298,200,10,13:45:00,2023-10-10T16:45:00Z,5.1
SpC_SA_101023.xlsx,2023-10-10T15:22:50Z,2023-10-10T15:22:50Z,5.2,27.93,1,NA,NA,NA,NA,NA,SA,NA,2023-10-10,20835561,2023-10-10T18:22:50Z,4.9121481201587,3139,155,298,200,10,13:45:00,2023-10-10T16:45:00Z,5.1
SpC_SA_101023.xlsx,2023-10-10T15:23:00Z,2023-10-10T15:23:00Z,5.2,27.93,1,NA,NA,NA,NA,NA,SA,NA,2023-10-10,20835561,2023-10-10T18:23:00Z,4.9121481201587,3139,155,298,200,10,13:45:00,2023-10-10T16:45:00Z,5.1
SpC_SA_101023.xlsx,2023-10-10T15:23:10Z,2023-10-10T15:23:10Z,5.2,27.93,1,NA,NA,NA,NA,NA,SA,NA,2023-10-10,20835561,2023-10-10T18:23:10Z,4.9121481201587,3139,155,298,200,10,13:45:00,2023-10-10T16:45:00Z,5.1
SpC_SA_101023.xlsx,2023-10-10T15:23:20Z,2023-10-10T15:23:20Z,5.2,27.93,1,NA,NA,NA,NA,NA,SA,NA,2023-10-10,20835561,2023-10-10T18:23:20Z,4.9121481201587,3139,155,298,200,10,13:45:00,2023-10-10T16:45:00Z,5.1
SpC_SA_101023.xlsx,2023-10-10T15:23:30Z,2023-10-10T15:23:30Z,5.2,27.95,1,NA,NA,NA,NA,NA,SA,NA,2023-10-10,20835561,2023-10-10T18:23:30Z,4.910292728989614,3139,155,298,200,10,13:45:00,2023-10-10T16:45:00Z,5.1
SpC_SA_101023.xlsx,2023-10-10T15:23:40Z,2023-10-10T15:23:40Z,5.2,27.93,1,NA,NA,NA,NA,NA,SA,NA,2023-10-10,20835561,2023-10-10T18:23:40Z,4.9121481201587,3139,155,298,200,10,13:45:00,2023-10-10T16:45:00Z,5.1
SpC_SA_101023.xlsx,2023-10-10T15:23:50Z,2023-10-10T15:23:50Z,5.2,27.95,1,NA,NA,NA,NA,NA,SA,NA,2023-10-10,20835561,2023-10-10T18:23:50Z,4.910292728989614,3139,155,298,200,10,13:45:00,2023-10-10T16:45:00Z,5.1
SpC_SA_101023.xlsx,2023-10-10T15:24:00Z,2023-10-10T15:24:00Z,5.6000000000000005,27.95,1,NA,NA,NA,NA,NA,SA,NA,2023-10-10,20835561,2023-10-10T18:24:00Z,5.288007554296507,3139,155,298,200,10,13:45:00,2023-10-10T16:45:00Z,5.1
SpC_SA_101023.xlsx,2023-10-10T15:24:10Z,2023-10-10T15:24:10Z,5.2,27.95,1,NA,NA,NA,NA,NA,SA,NA,2023-10-10,20835561,2023-10-10T18:24:10Z,4.910292728989614,3139,155,298,200,10,13:45:00,2023-10-10T16:45:00Z,5.1
SpC_SA_101023.xlsx,2023-10-10T15:24:20Z,2023-10-10T15:24:20Z,5.2,27.93,1,NA,NA,NA,NA,NA,SA,NA,2023-10-10,20835561,2023-10-10T18:24:20Z,4.9121481201587,3139,155,298,200,10,13:45:00,2023-10-10T16:45:00Z,5.1
SpC_SA_101023.xlsx,2023-10-10T15:24:30Z,2023-10-10T15:24:30Z,5.2,27.95,1,NA,NA,NA,NA,NA,SA,NA,2023-10-10,20835561,2023-10-10T18:24:30Z,4.910292728989614,3139,155,298,200,10,13:45:00,2023-10-10T16:45:00Z,5.1
SpC_SA_101023.xlsx,2023-10-10T15:24:40Z,2023-10-10T15:24:40Z,5.2,27.93,1,NA,NA,NA,NA,NA,SA,NA,2023-10-10,20835561,2023-10-10T18:24:40Z,4.9121481201587,3139,155,298,200,10,13:45:00,2023-10-10T16:45:00Z,5.1
SpC_SA_101023.xlsx,2023-10-10T15:24:50Z,2023-10-10T15:24:50Z,5.2,27.95,1,NA,NA,NA,NA,NA,SA,NA,2023-10-10,20835561,2023-10-10T18:24:50Z,4.910292728989614,3139,155,298,200,10,13:45:00,2023-10-10T16:45:00Z,5.1
SpC_SA_101023.xlsx,2023-10-10T15:25:00Z,2023-10-10T15:25:00Z,5.2,27.95,1,NA,NA,NA,NA,NA,SA,NA,2023-10-10,20835561,2023-10-10T18:25:00Z,4.910292728989614,3139,155,298,200,10,13:45:00,2023-10-10T16:45:00Z,5.1
SpC_SA_101023.xlsx,2023-10-10T15:25:10Z,2023-10-10T15:25:10Z,5.2,27.95,1,NA,NA,NA,NA,NA,SA,NA,2023-10-10,20835561,2023-10-10T18:25:10Z,4.910292728989614,3139,155,298,200,10,13:45:00,2023-10-10T16:45:00Z,5.1
SpC_SA_101023.xlsx,2023-10-10T15:25:20Z,2023-10-10T15:25:20Z,5.9,27.95,1,NA,NA,NA,NA,NA,SA,NA,2023-10-10,20835561,2023-10-10T18:25:20Z,5.571293673276677,3139,155,298,200,10,13:45:00,2023-10-10T16:45:00Z,5.1
SpC_SA_101023.xlsx,2023-10-10T15:25:30Z,2023-10-10T15:25:30Z,5.2,27.95,1,NA,NA,NA,NA,NA,SA,NA,2023-10-10,20835561,2023-10-10T18:25:30Z,4.910292728989614,3139,155,298,200,10,13:45:00,2023-10-10T16:45:00Z,5.1
SpC_SA_101023.xlsx,2023-10-10T15:25:40Z,2023-10-10T15:25:40Z,5.2,27.93,1,NA,NA,NA,NA,NA,SA,NA,2023-10-10,20835561,2023-10-10T18:25:40Z,4.9121481201587,3139,155,298,200,10,13:45:00,2023-10-10T16:45:00Z,5.1
SpC_SA_101023.xlsx,2023-10-10T15:25:50Z,2023-10-10T15:25:50Z,5.2,27.93,1,NA,NA,NA,NA,NA,SA,NA,2023-10-10,20835561,2023-10-10T18:25:50Z,4.9121481201587,3139,155,298,200,10,13:45:00,2023-10-10T16:45:00Z,5.1
SpC_SA_101023.xlsx,2023-10-10T15:26:00Z,2023-10-10T15:26:00Z,5.2,27.95,1,NA,NA,NA,NA,NA,SA,NA,2023-10-10,20835561,2023-10-10T18:26:00Z,4.910292728989614,3139,155,298,200,10,13:45:00,2023-10-10T16:45:00Z,5.1
SpC_SA_101023.xlsx,2023-10-10T15:26:10Z,2023-10-10T15:26:10Z,5.2,27.93,1,NA,NA,NA,NA,NA,SA,NA,2023-10-10,20835561,2023-10-10T18:26:10Z,4.9121481201587,3139,155,298,200,10,13:45:00,2023-10-10T16:45:00Z,5.1
SpC_SA_101023.xlsx,2023-10-10T15:26:20Z,2023-10-10T15:26:20Z,5.2,27.95,1,NA,NA,NA,NA,NA,SA,NA,2023-10-10,20835561,2023-10-10T18:26:20Z,4.910292728989614,3139,155,298,200,10,13:45:00,2023-10-10T16:45:00Z,5.1
SpC_SA_101023.xlsx,2023-10-10T15:26:30Z,2023-10-10T15:26:30Z,5.2,27.93,1,NA,NA,NA,NA,NA,SA,NA,2023-10-10,20835561,2023-10-10T18:26:30Z,4.9121481201587,3139,155,298,200,10,13:45:00,2023-10-10T16:45:00Z,5.1
SpC_SA_101023.xlsx,2023-10-10T15:26:40Z,2023-10-10T15:26:40Z,5.2,27.93,1,NA,NA,NA,NA,NA,SA,NA,2023-10-10,20835561,2023-10-10T18:26:40Z,4.9121481201587,3139,155,298,200,10,13:45:00,2023-10-10T16:45:00Z,5.1
SpC_SA_101023.xlsx,2023-10-10T15:26:50Z,2023-10-10T15:26:50Z,5.9,27.92,1,NA,NA,NA,NA,NA,SA,NA,2023-10-10,20835561,2023-10-10T18:26:50Z,5.574452003023432,3139,155,298,200,10,13:45:00,2023-10-10T16:45:00Z,5.1
SpC_SA_101023.xlsx,2023-10-10T15:27:00Z,2023-10-10T15:27:00Z,5.2,27.95,1,NA,NA,NA,NA,NA,SA,NA,2023-10-10,20835561,2023-10-10T18:27:00Z,4.910292728989614,3139,155,298,200,10,13:45:00,2023-10-10T16:45:00Z,5.1
SpC_SA_101023.xlsx,2023-10-10T15:27:10Z,2023-10-10T15:27:10Z,5.6000000000000005,27.95,1,NA,NA,NA,NA,NA,SA,NA,2023-10-10,20835561,2023-10-10T18:27:10Z,5.288007554296507,3139,155,298,200,10,13:45:00,2023-10-10T16:45:00Z,5.1
SpC_SA_101023.xlsx,2023-10-10T15:27:20Z,2023-10-10T15:27:20Z,5.2,27.95,1,NA,NA,NA,NA,NA,SA,NA,2023-10-10,20835561,2023-10-10T18:27:20Z,4.910292728989614,3139,155,298,200,10,13:45:00,2023-10-10T16:45:00Z,5.1
SpC_SA_101023.xlsx,2023-10-10T15:27:30Z,2023-10-10T15:27:30Z,5.9,27.95,1,NA,NA,NA,NA,NA,SA,NA,2023-10-10,20835561,2023-10-10T18:27:30Z,5.571293673276677,3139,155,298,200,10,13:45:00,2023-10-10T16:45:00Z,5.1
SpC_SA_101023.xlsx,2023-10-10T15:27:40Z,2023-10-10T15:27:40Z,5.2,27.95,1,NA,NA,NA,NA,NA,SA,NA,2023-10-10,20835561,2023-10-10T18:27:40Z,4.910292728989614,3139,155,298,200,10,13:45:00,2023-10-10T16:45:00Z,5.1
SpC_SA_101023.xlsx,2023-10-10T15:27:50Z,2023-10-10T15:27:50Z,5.6000000000000005,27.95,1,NA,NA,NA,NA,NA,SA,NA,2023-10-10,20835561,2023-10-10T18:27:50Z,5.288007554296507,3139,155,298,200,10,13:45:00,2023-10-10T16:45:00Z,5.1
SpC_SA_101023.xlsx,2023-10-10T15:28:00Z,2023-10-10T15:28:00Z,5.2,27.95,1,NA,NA,NA,NA,NA,SA,NA,2023-10-10,20835561,2023-10-10T18:28:00Z,4.910292728989614,3139,155,298,200,10,13:45:00,2023-10-10T16:45:00Z,5.1
SpC_SA_101023.xlsx,2023-10-10T15:28:10Z,2023-10-10T15:28:10Z,5.6000000000000005,27.95,1,NA,NA,NA,NA,NA,SA,NA,2023-10-10,20835561,2023-10-10T18:28:10Z,5.288007554296507,3139,155,298,200,10,13:45:00,2023-10-10T16:45:00Z,5.1
SpC_SA_101023.xlsx,2023-10-10T15:28:20Z,2023-10-10T15:28:20Z,5.2,27.96,1,NA,NA,NA,NA,NA,SA,NA,2023-10-10,20835561,2023-10-10T18:28:20Z,4.909365558912388,3139,155,298,200,10,13:45:00,2023-10-10T16:45:00Z,5.1
SpC_SA_101023.xlsx,2023-10-10T15:28:30Z,2023-10-10T15:28:30Z,5.2,27.95,1,NA,NA,NA,NA,NA,SA,NA,2023-10-10,20835561,2023-10-10T18:28:30Z,4.910292728989614,3139,155,298,200,10,13:45:00,2023-10-10T16:45:00Z,5.1
SpC_SA_101023.xlsx,2023-10-10T15:28:40Z,2023-10-10T15:28:40Z,5.2,27.95,1,NA,NA,NA,NA,NA,SA,NA,2023-10-10,20835561,2023-10-10T18:28:40Z,4.910292728989614,3139,155,298,200,10,13:45:00,2023-10-10T16:45:00Z,5.1
SpC_SA_101023.xlsx,2023-10-10T15:28:50Z,2023-10-10T15:28:50Z,5.2,27.95,1,NA,NA,NA,NA,NA,SA,NA,2023-10-10,20835561,2023-10-10T18:28:50Z,4.910292728989614,3139,155,298,200,10,13:45:00,2023-10-10T16:45:00Z,5.1
SpC_SA_101023.xlsx,2023-10-10T15:29:00Z,2023-10-10T15:29:00Z,5.2,27.95,1,NA,NA,NA,NA,NA,SA,NA,2023-10-10,20835561,2023-10-10T18:29:00Z,4.910292728989614,3139,155,298,200,10,13:45:00,2023-10-10T16:45:00Z,5.1
SpC_SA_101023.xlsx,2023-10-10T15:29:10Z,2023-10-10T15:29:10Z,5.2,27.95,1,NA,NA,NA,NA,NA,SA,NA,2023-10-10,20835561,2023-10-10T18:29:10Z,4.910292728989614,3139,155,298,200,10,13:45:00,2023-10-10T16:45:00Z,5.1
SpC_SA_101023.xlsx,2023-10-10T15:29:20Z,2023-10-10T15:29:20Z,5.2,27.96,1,NA,NA,NA,NA,NA,SA,NA,2023-10-10,20835561,2023-10-10T18:29:20Z,4.909365558912388,3139,155,298,200,10,13:45:00,2023-10-10T16:45:00Z,5.1
SpC_SA_101023.xlsx,2023-10-10T15:29:30Z,2023-10-10T15:29:30Z,5.2,27.95,1,NA,NA,NA,NA,NA,SA,NA,2023-10-10,20835561,2023-10-10T18:29:30Z,4.910292728989614,3139,155,298,200,10,13:45:00,2023-10-10T16:45:00Z,5.1
SpC_SA_101023.xlsx,2023-10-10T15:29:40Z,2023-10-10T15:29:40Z,5.2,27.93,1,NA,NA,NA,NA,NA,SA,NA,2023-10-10,20835561,2023-10-10T18:29:40Z,4.9121481201587,3139,155,298,200,10,13:45:00,2023-10-10T16:45:00Z,5.1
SpC_SA_101023.xlsx,2023-10-10T15:29:50Z,2023-10-10T15:29:50Z,5.2,27.96,1,NA,NA,NA,NA,NA,SA,NA,2023-10-10,20835561,2023-10-10T18:29:50Z,4.909365558912388,3139,155,298,200,10,13:45:00,2023-10-10T16:45:00Z,5.1
SpC_SA_101023.xlsx,2023-10-10T15:30:00Z,2023-10-10T15:30:00Z,5.2,27.96,1,NA,NA,NA,NA,NA,SA,NA,2023-10-10,20835561,2023-10-10T18:30:00Z,4.909365558912388,3139,155,298,200,10,13:45:00,2023-10-10T16:45:00Z,5.1
SpC_SA_101023.xlsx,2023-10-10T15:30:10Z,2023-10-10T15:30:10Z,5.2,27.95,1,NA,NA,NA,NA,NA,SA,NA,2023-10-10,20835561,2023-10-10T18:30:10Z,4.910292728989614,3139,155,298,200,10,13:45:00,2023-10-10T16:45:00Z,5.1
SpC_SA_101023.xlsx,2023-10-10T15:30:20Z,2023-10-10T15:30:20Z,5.2,27.95,1,NA,NA,NA,NA,NA,SA,NA,2023-10-10,20835561,2023-10-10T18:30:20Z,4.910292728989614,3139,155,298,200,10,13:45:00,2023-10-10T16:45:00Z,5.1
SpC_SA_101023.xlsx,2023-10-10T15:30:30Z,2023-10-10T15:30:30Z,5.9,27.95,1,NA,NA,NA,NA,NA,SA,NA,2023-10-10,20835561,2023-10-10T18:30:30Z,5.571293673276677,3139,155,298,200,10,13:45:00,2023-10-10T16:45:00Z,5.1
SpC_SA_101023.xlsx,2023-10-10T15:30:40Z,2023-10-10T15:30:40Z,5.9,27.95,1,NA,NA,NA,NA,NA,SA,NA,2023-10-10,20835561,2023-10-10T18:30:40Z,5.571293673276677,3139,155,298,200,10,13:45:00,2023-10-10T16:45:00Z,5.1
SpC_SA_101023.xlsx,2023-10-10T15:30:50Z,2023-10-10T15:30:50Z,5.2,27.95,1,NA,NA,NA,NA,NA,SA,NA,2023-10-10,20835561,2023-10-10T18:30:50Z,4.910292728989614,3139,155,298,200,10,13:45:00,2023-10-10T16:45:00Z,5.1
SpC_SA_101023.xlsx,2023-10-10T15:31:00Z,2023-10-10T15:31:00Z,5.2,27.95,1,NA,NA,NA,NA,NA,SA,NA,2023-10-10,20835561,2023-10-10T18:31:00Z,4.910292728989614,3139,155,298,200,10,13:45:00,2023-10-10T16:45:00Z,5.1
SpC_SA_101023.xlsx,2023-10-10T15:31:10Z,2023-10-10T15:31:10Z,5.2,27.95,1,NA,NA,NA,NA,NA,SA,NA,2023-10-10,20835561,2023-10-10T18:31:10Z,4.910292728989614,3139,155,298,200,10,13:45:00,2023-10-10T16:45:00Z,5.1
SpC_SA_101023.xlsx,2023-10-10T15:31:20Z,2023-10-10T15:31:20Z,5.2,27.95,1,NA,NA,NA,NA,NA,SA,NA,2023-10-10,20835561,2023-10-10T18:31:20Z,4.910292728989614,3139,155,298,200,10,13:45:00,2023-10-10T16:45:00Z,5.1
SpC_SA_101023.xlsx,2023-10-10T15:31:30Z,2023-10-10T15:31:30Z,5.2,27.95,1,NA,NA,NA,NA,NA,SA,NA,2023-10-10,20835561,2023-10-10T18:31:30Z,4.910292728989614,3139,155,298,200,10,13:45:00,2023-10-10T16:45:00Z,5.1
SpC_SA_101023.xlsx,2023-10-10T15:31:40Z,2023-10-10T15:31:40Z,5.2,27.95,1,NA,NA,NA,NA,NA,SA,NA,2023-10-10,20835561,2023-10-10T18:31:40Z,4.910292728989614,3139,155,298,200,10,13:45:00,2023-10-10T16:45:00Z,5.1
SpC_SA_101023.xlsx,2023-10-10T15:31:50Z,2023-10-10T15:31:50Z,5.2,27.95,1,NA,NA,NA,NA,NA,SA,NA,2023-10-10,20835561,2023-10-10T18:31:50Z,4.910292728989614,3139,155,298,200,10,13:45:00,2023-10-10T16:45:00Z,5.1
SpC_SA_101023.xlsx,2023-10-10T15:32:00Z,2023-10-10T15:32:00Z,5.9,27.93,1,NA,NA,NA,NA,NA,SA,NA,2023-10-10,20835561,2023-10-10T18:32:00Z,5.5733988286416025,3139,155,298,200,10,13:45:00,2023-10-10T16:45:00Z,5.1
SpC_SA_101023.xlsx,2023-10-10T15:32:10Z,2023-10-10T15:32:10Z,5.2,27.93,1,NA,NA,NA,NA,NA,SA,NA,2023-10-10,20835561,2023-10-10T18:32:10Z,4.9121481201587,3139,155,298,200,10,13:45:00,2023-10-10T16:45:00Z,5.1
SpC_SA_101023.xlsx,2023-10-10T15:32:20Z,2023-10-10T15:32:20Z,5.9,27.95,1,NA,NA,NA,NA,NA,SA,NA,2023-10-10,20835561,2023-10-10T18:32:20Z,5.571293673276677,3139,155,298,200,10,13:45:00,2023-10-10T16:45:00Z,5.1
SpC_SA_101023.xlsx,2023-10-10T15:32:30Z,2023-10-10T15:32:30Z,5.9,27.95,1,NA,NA,NA,NA,NA,SA,NA,2023-10-10,20835561,2023-10-10T18:32:30Z,5.571293673276677,3139,155,298,200,10,13:45:00,2023-10-10T16:45:00Z,5.1
SpC_SA_101023.xlsx,2023-10-10T15:32:40Z,2023-10-10T15:32:40Z,5.2,27.95,1,NA,NA,NA,NA,NA,SA,NA,2023-10-10,20835561,2023-10-10T18:32:40Z,4.910292728989614,3139,155,298,200,10,13:45:00,2023-10-10T16:45:00Z,5.1
SpC_SA_101023.xlsx,2023-10-10T15:32:50Z,2023-10-10T15:32:50Z,5.2,27.95,1,NA,NA,NA,NA,NA,SA,NA,2023-10-10,20835561,2023-10-10T18:32:50Z,4.910292728989614,3139,155,298,200,10,13:45:00,2023-10-10T16:45:00Z,5.1
SpC_SA_101023.xlsx,2023-10-10T15:33:00Z,2023-10-10T15:33:00Z,5.2,27.95,1,NA,NA,NA,NA,NA,SA,NA,2023-10-10,20835561,2023-10-10T18:33:00Z,4.910292728989614,3139,155,298,200,10,13:45:00,2023-10-10T16:45:00Z,5.1
SpC_SA_101023.xlsx,2023-10-10T15:33:10Z,2023-10-10T15:33:10Z,5.9,27.95,1,NA,NA,NA,NA,NA,SA,NA,2023-10-10,20835561,2023-10-10T18:33:10Z,5.571293673276677,3139,155,298,200,10,13:45:00,2023-10-10T16:45:00Z,5.1
SpC_SA_101023.xlsx,2023-10-10T15:33:20Z,2023-10-10T15:33:20Z,5.2,27.95,1,NA,NA,NA,NA,NA,SA,NA,2023-10-10,20835561,2023-10-10T18:33:20Z,4.910292728989614,3139,155,298,200,10,13:45:00,2023-10-10T16:45:00Z,5.1
SpC_SA_101023.xlsx,2023-10-10T15:33:30Z,2023-10-10T15:33:30Z,5.2,27.95,1,NA,NA,NA,NA,NA,SA,NA,2023-10-10,20835561,2023-10-10T18:33:30Z,4.910292728989614,3139,155,298,200,10,13:45:00,2023-10-10T16:45:00Z,5.1
SpC_SA_101023.xlsx,2023-10-10T15:33:40Z,2023-10-10T15:33:40Z,5.2,27.95,1,NA,NA,NA,NA,NA,SA,NA,2023-10-10,20835561,2023-10-10T18:33:40Z,4.910292728989614,3139,155,298,200,10,13:45:00,2023-10-10T16:45:00Z,5.1
SpC_SA_101023.xlsx,2023-10-10T15:33:50Z,2023-10-10T15:33:50Z,5.2,27.93,1,NA,NA,NA,NA,NA,SA,NA,2023-10-10,20835561,2023-10-10T18:33:50Z,4.9121481201587,3139,155,298,200,10,13:45:00,2023-10-10T16:45:00Z,5.1
SpC_SA_101023.xlsx,2023-10-10T15:34:00Z,2023-10-10T15:34:00Z,5.2,27.95,1,NA,NA,NA,NA,NA,SA,NA,2023-10-10,20835561,2023-10-10T18:34:00Z,4.910292728989614,3139,155,298,200,10,13:45:00,2023-10-10T16:45:00Z,5.1
SpC_SA_101023.xlsx,2023-10-10T15:34:10Z,2023-10-10T15:34:10Z,5.2,27.95,1,NA,NA,NA,NA,NA,SA,NA,2023-10-10,20835561,2023-10-10T18:34:10Z,4.910292728989614,3139,155,298,200,10,13:45:00,2023-10-10T16:45:00Z,5.1
SpC_SA_101023.xlsx,2023-10-10T15:34:20Z,2023-10-10T15:34:20Z,5.2,27.96,1,NA,NA,NA,NA,NA,SA,NA,2023-10-10,20835561,2023-10-10T18:34:20Z,4.909365558912388,3139,155,298,200,10,13:45:00,2023-10-10T16:45:00Z,5.1
SpC_SA_101023.xlsx,2023-10-10T15:34:30Z,2023-10-10T15:34:30Z,5.2,27.96,1,NA,NA,NA,NA,NA,SA,NA,2023-10-10,20835561,2023-10-10T18:34:30Z,4.909365558912388,3139,155,298,200,10,13:45:00,2023-10-10T16:45:00Z,5.1
SpC_SA_101023.xlsx,2023-10-10T15:34:40Z,2023-10-10T15:34:40Z,5.2,27.96,1,NA,NA,NA,NA,NA,SA,NA,2023-10-10,20835561,2023-10-10T18:34:40Z,4.909365558912388,3139,155,298,200,10,13:45:00,2023-10-10T16:45:00Z,5.1
SpC_SA_101023.xlsx,2023-10-10T15:34:50Z,2023-10-10T15:34:50Z,5.2,27.95,1,NA,NA,NA,NA,NA,SA,NA,2023-10-10,20835561,2023-10-10T18:34:50Z,4.910292728989614,3139,155,298,200,10,13:45:00,2023-10-10T16:45:00Z,5.1
SpC_SA_101023.xlsx,2023-10-10T15:35:00Z,2023-10-10T15:35:00Z,5.2,27.96,1,NA,NA,NA,NA,NA,SA,NA,2023-10-10,20835561,2023-10-10T18:35:00Z,4.909365558912388,3139,155,298,200,10,13:45:00,2023-10-10T16:45:00Z,5.1
SpC_SA_101023.xlsx,2023-10-10T15:35:10Z,2023-10-10T15:35:10Z,5.2,27.96,1,NA,NA,NA,NA,NA,SA,NA,2023-10-10,20835561,2023-10-10T18:35:10Z,4.909365558912388,3139,155,298,200,10,13:45:00,2023-10-10T16:45:00Z,5.1
SpC_SA_101023.xlsx,2023-10-10T15:35:20Z,2023-10-10T15:35:20Z,5.2,27.96,1,NA,NA,NA,NA,NA,SA,NA,2023-10-10,20835561,2023-10-10T18:35:20Z,4.909365558912388,3139,155,298,200,10,13:45:00,2023-10-10T16:45:00Z,5.1
SpC_SA_101023.xlsx,2023-10-10T15:35:30Z,2023-10-10T15:35:30Z,5.2,27.95,1,NA,NA,NA,NA,NA,SA,NA,2023-10-10,20835561,2023-10-10T18:35:30Z,4.910292728989614,3139,155,298,200,10,13:45:00,2023-10-10T16:45:00Z,5.1
SpC_SA_101023.xlsx,2023-10-10T15:35:40Z,2023-10-10T15:35:40Z,5.2,27.96,1,NA,NA,NA,NA,NA,SA,NA,2023-10-10,20835561,2023-10-10T18:35:40Z,4.909365558912388,3139,155,298,200,10,13:45:00,2023-10-10T16:45:00Z,5.1
SpC_SA_101023.xlsx,2023-10-10T15:35:50Z,2023-10-10T15:35:50Z,5.2,27.95,1,NA,NA,NA,NA,NA,SA,NA,2023-10-10,20835561,2023-10-10T18:35:50Z,4.910292728989614,3139,155,298,200,10,13:45:00,2023-10-10T16:45:00Z,5.1
SpC_SA_101023.xlsx,2023-10-10T15:36:00Z,2023-10-10T15:36:00Z,5.2,27.96,1,NA,NA,NA,NA,NA,SA,NA,2023-10-10,20835561,2023-10-10T18:36:00Z,4.909365558912388,3139,155,298,200,10,13:45:00,2023-10-10T16:45:00Z,5.1
SpC_SA_101023.xlsx,2023-10-10T15:36:10Z,2023-10-10T15:36:10Z,5.2,27.96,1,NA,NA,NA,NA,NA,SA,NA,2023-10-10,20835561,2023-10-10T18:36:10Z,4.909365558912388,3139,155,298,200,10,13:45:00,2023-10-10T16:45:00Z,5.1
SpC_SA_101023.xlsx,2023-10-10T15:36:20Z,2023-10-10T15:36:20Z,5.9,27.95,1,NA,NA,NA,NA,NA,SA,NA,2023-10-10,20835561,2023-10-10T18:36:20Z,5.571293673276677,3139,155,298,200,10,13:45:00,2023-10-10T16:45:00Z,5.1
SpC_SA_101023.xlsx,2023-10-10T15:36:30Z,2023-10-10T15:36:30Z,5.2,27.97,1,NA,NA,NA,NA,NA,SA,NA,2023-10-10,20835561,2023-10-10T18:36:30Z,4.908438738908817,3139,155,298,200,10,13:45:00,2023-10-10T16:45:00Z,5.1
SpC_SA_101023.xlsx,2023-10-10T15:36:40Z,2023-10-10T15:36:40Z,5.2,27.96,1,NA,NA,NA,NA,NA,SA,NA,2023-10-10,20835561,2023-10-10T18:36:40Z,4.909365558912388,3139,155,298,200,10,13:45:00,2023-10-10T16:45:00Z,5.1
SpC_SA_101023.xlsx,2023-10-10T15:36:50Z,2023-10-10T15:36:50Z,5.2,27.96,1,NA,NA,NA,NA,NA,SA,NA,2023-10-10,20835561,2023-10-10T18:36:50Z,4.909365558912388,3139,155,298,200,10,13:45:00,2023-10-10T16:45:00Z,5.1
SpC_SA_101023.xlsx,2023-10-10T15:37:00Z,2023-10-10T15:37:00Z,5.9,27.95,1,NA,NA,NA,NA,NA,SA,NA,2023-10-10,20835561,2023-10-10T18:37:00Z,5.571293673276677,3139,155,298,200,10,13:45:00,2023-10-10T16:45:00Z,5.1
SpC_SA_101023.xlsx,2023-10-10T15:37:10Z,2023-10-10T15:37:10Z,5.2,27.95,1,NA,NA,NA,NA,NA,SA,NA,2023-10-10,20835561,2023-10-10T18:37:10Z,4.910292728989614,3139,155,298,200,10,13:45:00,2023-10-10T16:45:00Z,5.1
