source_file,date_raw,time_raw,full_range_uscm,temp_c,spc_calculated_uscm,coupler_detached,coupler_attached,host_connected,stopped,end_of_file,stream,station,date,logger_serial,datetime,spc_uscm,nacl_mass_g,amonium_added_g,phophate_added_g,reach_length_m,reach_mean_width_m,addition_time,addition_datetime,background_spc
SpC_CD_091023.xlsx,2023-10-09T12:20:40Z,2023-10-09T12:20:40Z,431,27.07,368.1540319742786,NA,NA,NA,NA,NA,CD,NA,2023-10-09,20835561,2023-10-09T15:20:40Z,413.86594968311886,1755,46,89,165,5.49,12:24:00,2023-10-09T15:24:00Z,416.6
SpC_CD_091023.xlsx,2023-10-09T12:20:50Z,2023-10-09T12:20:50Z,430.6,27.05,367.93462355883986,NA,NA,NA,NA,NA,CD,NA,2023-10-09,20835561,2023-10-09T15:20:50Z,413.6407300672431,1755,46,89,165,5.49,12:24:00,2023-10-09T15:24:00Z,416.6
SpC_CD_091023.xlsx,2023-10-09T12:21:00Z,2023-10-09T12:21:00Z,431.8,27.05,368.94086945143545,NA,NA,NA,NA,NA,CD,NA,2023-10-09,20835561,2023-10-09T15:21:00Z,414.79346781940444,1755,46,89,165,5.49,12:24:00,2023-10-09T15:24:00Z,416.6
SpC_CD_091023.xlsx,2023-10-09T12:21:10Z,2023-10-09T12:21:10Z,431.8,27.05,368.92175178557625,NA,NA,NA,NA,NA,CD,NA,2023-10-09,20835561,2023-10-09T15:21:10Z,414.79346781940444,1755,46,89,165,5.49,12:24:00,2023-10-09T15:24:00Z,416.6
SpC_CD_091023.xlsx,2023-10-09T12:21:20Z,2023-10-09T12:21:20Z,432.20000000000005,27.07,369.1025426981821,NA,NA,NA,NA,NA,CD,NA,2023-10-09,20835561,2023-10-09T15:21:20Z,415.0182446706357,1755,46,89,165,5.49,12:24:00,2023-10-09T15:24:00Z,416.6
SpC_CD_091023.xlsx,2023-10-09T12:21:30Z,2023-10-09T12:21:30Z,431.8,27.05,368.883516453858,NA,NA,NA,NA,NA,CD,NA,2023-10-09,20835561,2023-10-09T15:21:30Z,414.79346781940444,1755,46,89,165,5.49,12:24:00,2023-10-09T15:24:00Z,416.6
SpC_CD_091023.xlsx,2023-10-09T12:21:40Z,2023-10-09T12:21:40Z,431.8,27.05,368.8643987879988,NA,NA,NA,NA,NA,CD,NA,2023-10-09,20835561,2023-10-09T15:21:40Z,414.79346781940444,1755,46,89,165,5.49,12:24:00,2023-10-09T15:24:00Z,416.6
SpC_CD_091023.xlsx,2023-10-09T12:21:50Z,2023-10-09T12:21:50Z,432.20000000000005,27.05,369.1869627165095,NA,NA,NA,NA,NA,CD,NA,2023-10-09,20835561,2023-10-09T15:21:50Z,415.17771373679165,1755,46,89,165,5.49,12:24:00,2023-10-09T15:24:00Z,416.6
SpC_CD_091023.xlsx,2023-10-09T12:22:00Z,2023-10-09T12:22:00Z,451.20000000000005,27.04,385.4709196743327,NA,NA,NA,NA,NA,CD,NA,2023-10-09,20835561,2023-10-09T15:22:00Z,433.51268255188324,1755,46,89,165,5.49,12:24:00,2023-10-09T15:24:00Z,416.6
SpC_CD_091023.xlsx,2023-10-09T12:22:10Z,2023-10-09T12:22:10Z,450,27.04,384.4258037705945,NA,NA,NA,NA,NA,CD,NA,2023-10-09,20835561,2023-10-09T15:22:10Z,432.3597232897771,1755,46,89,165,5.49,12:24:00,2023-10-09T15:24:00Z,416.6
SpC_CD_091023.xlsx,2023-10-09T12:22:20Z,2023-10-09T12:22:20Z,450.40000000000003,27.05,384.67365175382787,NA,NA,NA,NA,NA,CD,NA,2023-10-09,20835561,2023-10-09T15:22:20Z,432.66090297790595,1755,46,89,165,5.49,12:24:00,2023-10-09T15:24:00Z,416.6
SpC_CD_091023.xlsx,2023-10-09T12:22:30Z,2023-10-09T12:22:30Z,450,27.04,384.3859491954284,NA,NA,NA,NA,NA,CD,NA,2023-10-09,20835561,2023-10-09T15:22:30Z,432.3597232897771,1755,46,89,165,5.49,12:24:00,2023-10-09T15:24:00Z,416.6
SpC_CD_091023.xlsx,2023-10-09T12:22:40Z,2023-10-09T12:22:40Z,450,27.04,384.3660219078453,NA,NA,NA,NA,NA,CD,NA,2023-10-09,20835561,2023-10-09T15:22:40Z,432.3597232897771,1755,46,89,165,5.49,12:24:00,2023-10-09T15:24:00Z,416.6
SpC_CD_091023.xlsx,2023-10-09T12:22:50Z,2023-10-09T12:22:50Z,450,27.04,384.3460946202623,NA,NA,NA,NA,NA,CD,NA,2023-10-09,20835561,2023-10-09T15:22:50Z,432.3597232897771,1755,46,89,165,5.49,12:24:00,2023-10-09T15:24:00Z,416.6
SpC_CD_091023.xlsx,2023-10-09T12:23:00Z,2023-10-09T12:23:00Z,450,27.05,384.25232945230795,NA,NA,NA,NA,NA,CD,NA,2023-10-09,20835561,2023-10-09T15:23:00Z,432.27665706051874,1755,46,89,165,5.49,12:24:00,2023-10-09T15:24:00Z,416.6
SpC_CD_091023.xlsx,2023-10-09T12:23:10Z,2023-10-09T12:23:10Z,449.6,27.05,383.890866076776,NA,NA,NA,NA,NA,CD,NA,2023-10-09,20835561,2023-10-09T15:23:10Z,431.89241114313165,1755,46,89,165,5.49,12:24:00,2023-10-09T15:24:00Z,416.6
SpC_CD_091023.xlsx,2023-10-09T12:23:20Z,2023-10-09T12:23:20Z,449.6,27.04,383.944724923951,NA,NA,NA,NA,NA,CD,NA,2023-10-09,20835561,2023-10-09T15:23:20Z,431.9754035357418,1755,46,89,165,5.49,12:24:00,2023-10-09T15:24:00Z,416.6
SpC_CD_091023.xlsx,2023-10-09T12:23:30Z,2023-10-09T12:23:30Z,449.6,27.04,383.92481534951247,NA,NA,NA,NA,NA,CD,NA,2023-10-09,20835561,2023-10-09T15:23:30Z,431.9754035357418,1755,46,89,165,5.49,12:24:00,2023-10-09T15:24:00Z,416.6
SpC_CD_091023.xlsx,2023-10-09T12:23:40Z,2023-10-09T12:23:40Z,449.6,27.05,383.83114882871945,NA,NA,NA,NA,NA,CD,NA,2023-10-09,20835561,2023-10-09T15:23:40Z,431.89241114313165,1755,46,89,165,5.49,12:24:00,2023-10-09T15:24:00Z,416.6
SpC_CD_091023.xlsx,2023-10-09T12:23:50Z,2023-10-09T12:23:50Z,450,27.05,384.15271215684,NA,NA,NA,NA,NA,CD,NA,2023-10-09,20835561,2023-10-09T15:23:50Z,432.27665706051874,1755,46,89,165,5.49,12:24:00,2023-10-09T15:24:00Z,416.6
SpC_CD_091023.xlsx,2023-10-09T12:24:00Z,2023-10-09T12:24:00Z,450,27.05,384.13278869774643,NA,NA,NA,NA,NA,CD,NA,2023-10-09,20835561,2023-10-09T15:24:00Z,432.27665706051874,1755,46,89,165,5.49,12:24:00,2023-10-09T15:24:00Z,416.6
SpC_CD_091023.xlsx,2023-10-09T12:24:10Z,2023-10-09T12:24:10Z,449.6,27.05,383.7714315806629,NA,NA,NA,NA,NA,CD,NA,2023-10-09,20835561,2023-10-09T15:24:10Z,431.89241114313165,1755,46,89,165,5.49,12:24:00,2023-10-09T15:24:00Z,416.6
SpC_CD_091023.xlsx,2023-10-09T12:24:20Z,2023-10-09T12:24:20Z,450,27.07,383.94541232237475,NA,NA,NA,NA,NA,CD,NA,2023-10-09,20835561,2023-10-09T15:24:20Z,432.1106203188016,1755,46,89,165,5.49,12:24:00,2023-10-09T15:24:00Z,416.6
SpC_CD_091023.xlsx,2023-10-09T12:24:30Z,2023-10-09T12:24:30Z,449.6,27.07,383.58422940783447,NA,NA,NA,NA,NA,CD,NA,2023-10-09,20835561,2023-10-09T15:24:30Z,431.7265219896293,1755,46,89,165,5.49,12:24:00,2023-10-09T15:24:00Z,416.6
SpC_CD_091023.xlsx,2023-10-09T12:24:40Z,2023-10-09T12:24:40Z,449.20000000000005,27.07,383.2230818991724,NA,NA,NA,NA,NA,CD,NA,2023-10-09,20835561,2023-10-09T15:24:40Z,431.3424236604571,1755,46,89,165,5.49,12:24:00,2023-10-09T15:24:00Z,416.6
SpC_CD_091023.xlsx,2023-10-09T12:24:50Z,2023-10-09T12:24:50Z,450,27.07,383.88566490279607,NA,NA,NA,NA,NA,CD,NA,2023-10-09,20835561,2023-10-09T15:24:50Z,432.1106203188016,1755,46,89,165,5.49,12:24:00,2023-10-09T15:24:00Z,416.6
SpC_CD_091023.xlsx,2023-10-09T12:25:00Z,2023-10-09T12:25:00Z,449.6,27.05,383.67190283390204,NA,NA,NA,NA,NA,CD,NA,2023-10-09,20835561,2023-10-09T15:25:00Z,431.89241114313165,1755,46,89,165,5.49,12:24:00,2023-10-09T15:24:00Z,416.6
SpC_CD_091023.xlsx,2023-10-09T12:25:10Z,2023-10-09T12:25:10Z,449.6,27.05,383.6519970845499,NA,NA,NA,NA,NA,CD,NA,2023-10-09,20835561,2023-10-09T15:25:10Z,431.89241114313165,1755,46,89,165,5.49,12:24:00,2023-10-09T15:24:00Z,416.6
SpC_CD_091023.xlsx,2023-10-09T12:25:20Z,2023-10-09T12:25:20Z,450,27.05,383.97340102499766,NA,NA,NA,NA,NA,CD,NA,2023-10-09,20835561,2023-10-09T15:25:20Z,432.27665706051874,1755,46,89,165,5.49,12:24:00,2023-10-09T15:24:00Z,416.6
SpC_CD_091023.xlsx,2023-10-09T12:25:30Z,2023-10-09T12:25:30Z,449.20000000000005,27.05,383.270893605787,NA,NA,NA,NA,NA,CD,NA,2023-10-09,20835561,2023-10-09T15:25:30Z,431.50816522574456,1755,46,89,165,5.49,12:24:00,2023-10-09T15:24:00Z,416.6
SpC_CD_091023.xlsx,2023-10-09T12:25:40Z,2023-10-09T12:25:40Z,448.8,27.05,382.90973129585905,NA,NA,NA,NA,NA,CD,NA,2023-10-09,20835561,2023-10-09T15:25:40Z,431.1239193083574,1755,46,89,165,5.49,12:24:00,2023-10-09T15:24:00Z,416.6
SpC_CD_091023.xlsx,2023-10-09T12:25:50Z,2023-10-09T12:25:50Z,449.20000000000005,27.05,383.23111752656547,NA,NA,NA,NA,NA,CD,NA,2023-10-09,20835561,2023-10-09T15:25:50Z,431.50816522574456,1755,46,89,165,5.49,12:24:00,2023-10-09T15:24:00Z,416.6
SpC_CD_091023.xlsx,2023-10-09T12:26:00Z,2023-10-09T12:26:00Z,448.90000000000003,27.04,383.02888899224723,NA,NA,NA,NA,NA,CD,NA,2023-10-09,20835561,2023-10-09T15:26:00Z,431.3028439661799,1755,46,89,165,5.49,12:24:00,2023-10-09T15:24:00Z,416.6
SpC_CD_091023.xlsx,2023-10-09T12:26:10Z,2023-10-09T12:26:10Z,449.6,27.05,383.5325625884368,NA,NA,NA,NA,NA,CD,NA,2023-10-09,20835561,2023-10-09T15:26:10Z,431.89241114313165,1755,46,89,165,5.49,12:24:00,2023-10-09T15:24:00Z,416.6
SpC_CD_091023.xlsx,2023-10-09T12:26:20Z,2023-10-09T12:26:20Z,449.20000000000005,27.05,383.17145340773317,NA,NA,NA,NA,NA,CD,NA,2023-10-09,20835561,2023-10-09T15:26:20Z,431.50816522574456,1755,46,89,165,5.49,12:24:00,2023-10-09T15:24:00Z,416.6
SpC_CD_091023.xlsx,2023-10-09T12:26:30Z,2023-10-09T12:26:30Z,448.90000000000003,27.04,382.96925326294036,NA,NA,NA,NA,NA,CD,NA,2023-10-09,20835561,2023-10-09T15:26:30Z,431.3028439661799,1755,46,89,165,5.49,12:24:00,2023-10-09T15:24:00Z,416.6
SpC_CD_091023.xlsx,2023-10-09T12:26:40Z,2023-10-09T12:26:40Z,448.8,27.05,382.790509316643,NA,NA,NA,NA,NA,CD,NA,2023-10-09,20835561,2023-10-09T15:26:40Z,431.1239193083574,1755,46,89,165,5.49,12:24:00,2023-10-09T15:24:00Z,416.6
SpC_CD_091023.xlsx,2023-10-09T12:26:50Z,2023-10-09T12:26:50Z,437,27.03,372.8499711532333,NA,NA,NA,NA,NA,CD,NA,2023-10-09,20835561,2023-10-09T15:26:50Z,419.95002882952144,1755,46,89,165,5.49,12:24:00,2023-10-09T15:24:00Z,416.6
SpC_CD_091023.xlsx,2023-10-09T12:27:00Z,2023-10-09T12:27:00Z,436.6,27.04,372.41777459386145,NA,NA,NA,NA,NA,CD,NA,2023-10-09,20835561,2023-10-09T15:27:00Z,419.48501152959267,1755,46,89,165,5.49,12:24:00,2023-10-09T15:24:00Z,416.6
SpC_CD_091023.xlsx,2023-10-09T12:27:10Z,2023-10-09T12:27:10Z,436.6,27.05,372.32689440638023,NA,NA,NA,NA,NA,CD,NA,2023-10-09,20835561,2023-10-09T15:27:10Z,419.40441882805,1755,46,89,165,5.49,12:24:00,2023-10-09T15:24:00Z,416.6
SpC_CD_091023.xlsx,2023-10-09T12:27:20Z,2023-10-09T12:27:20Z,436.20000000000005,27.05,371.9664670507211,NA,NA,NA,NA,NA,CD,NA,2023-10-09,20835561,2023-10-09T15:27:20Z,419.0201729106629,1755,46,89,165,5.49,12:24:00,2023-10-09T15:24:00Z,416.6
SpC_CD_091023.xlsx,2023-10-09T12:27:30Z,2023-10-09T12:27:30Z,435.40000000000003,27.07,371.12239338687334,NA,NA,NA,NA,NA,CD,NA,2023-10-09,20835561,2023-10-09T15:27:30Z,418.0910313040138,1755,46,89,165,5.49,12:24:00,2023-10-09T15:24:00Z,416.6
SpC_CD_091023.xlsx,2023-10-09T12:27:40Z,2023-10-09T12:27:40Z,435.40000000000003,27.080000000000002,371.0318673774608,NA,NA,NA,NA,NA,CD,NA,2023-10-09,20835561,2023-10-09T15:27:40Z,418.01075268817203,1755,46,89,165,5.49,12:24:00,2023-10-09T15:24:00Z,416.6
SpC_CD_091023.xlsx,2023-10-09T12:27:50Z,2023-10-09T12:27:50Z,435.40000000000003,27.07,371.0838540883777,NA,NA,NA,NA,NA,CD,NA,2023-10-09,20835561,2023-10-09T15:27:50Z,418.0910313040138,1755,46,89,165,5.49,12:24:00,2023-10-09T15:24:00Z,416.6
SpC_CD_091023.xlsx,2023-10-09T12:28:00Z,2023-10-09T12:28:00Z,435.40000000000003,27.05,371.2071644907876,NA,NA,NA,NA,NA,CD,NA,2023-10-09,20835561,2023-10-09T15:28:00Z,418.25168107588865,1755,46,89,165,5.49,12:24:00,2023-10-09T15:24:00Z,416.6
SpC_CD_091023.xlsx,2023-10-09T12:28:10Z,2023-10-09T12:28:10Z,435.40000000000003,27.05,371.1878874372557,NA,NA,NA,NA,NA,CD,NA,2023-10-09,20835561,2023-10-09T15:28:10Z,418.25168107588865,1755,46,89,165,5.49,12:24:00,2023-10-09T15:24:00Z,416.6
SpC_CD_091023.xlsx,2023-10-09T12:28:20Z,2023-10-09T12:28:20Z,435,27.05,370.8276194692692,NA,NA,NA,NA,NA,CD,NA,2023-10-09,20835561,2023-10-09T15:28:20Z,417.86743515850145,1755,46,89,165,5.49,12:24:00,2023-10-09T15:24:00Z,416.6
SpC_CD_091023.xlsx,2023-10-09T12:28:30Z,2023-10-09T12:28:30Z,434.6,27.07,370.3250910164366,NA,NA,NA,NA,NA,CD,NA,2023-10-09,20835561,2023-10-09T15:28:30Z,417.3228346456693,1755,46,89,165,5.49,12:24:00,2023-10-09T15:24:00Z,416.6
SpC_CD_091023.xlsx,2023-10-09T12:28:40Z,2023-10-09T12:28:40Z,434.6,27.07,370.30585677306703,NA,NA,NA,NA,NA,CD,NA,2023-10-09,20835561,2023-10-09T15:28:40Z,417.3228346456693,1755,46,89,165,5.49,12:24:00,2023-10-09T15:24:00Z,416.6
SpC_CD_091023.xlsx,2023-10-09T12:28:50Z,2023-10-09T12:28:50Z,434.6,27.05,370.42890365266766,NA,NA,NA,NA,NA,CD,NA,2023-10-09,20835561,2023-10-09T15:28:50Z,417.48318924111436,1755,46,89,165,5.49,12:24:00,2023-10-09T15:24:00Z,416.6
SpC_CD_091023.xlsx,2023-10-09T12:29:00Z,2023-10-09T12:29:00Z,434.6,27.07,370.2673882863279,NA,NA,NA,NA,NA,CD,NA,2023-10-09,20835561,2023-10-09T15:29:00Z,417.3228346456693,1755,46,89,165,5.49,12:24:00,2023-10-09T15:24:00Z,416.6
SpC_CD_091023.xlsx,2023-10-09T12:29:10Z,2023-10-09T12:29:10Z,434.20000000000005,27.07,369.90738261724,NA,NA,NA,NA,NA,CD,NA,2023-10-09,20835561,2023-10-09T15:29:10Z,416.938736316497,1755,46,89,165,5.49,12:24:00,2023-10-09T15:24:00Z,416.6
SpC_CD_091023.xlsx,2023-10-09T12:29:20Z,2023-10-09T12:29:20Z,434.20000000000005,27.07,369.88816607680957,NA,NA,NA,NA,NA,CD,NA,2023-10-09,20835561,2023-10-09T15:29:20Z,416.938736316497,1755,46,89,165,5.49,12:24:00,2023-10-09T15:24:00Z,416.6
SpC_CD_091023.xlsx,2023-10-09T12:29:30Z,2023-10-09T12:29:30Z,434.20000000000005,27.05,370.01107017020684,NA,NA,NA,NA,NA,CD,NA,2023-10-09,20835561,2023-10-09T15:29:30Z,417.09894332372727,1755,46,89,165,5.49,12:24:00,2023-10-09T15:24:00Z,416.6
SpC_CD_091023.xlsx,2023-10-09T12:29:40Z,2023-10-09T12:29:40Z,434.6,27.07,370.19045131284963,NA,NA,NA,NA,NA,CD,NA,2023-10-09,20835561,2023-10-09T15:29:40Z,417.3228346456693,1755,46,89,165,5.49,12:24:00,2023-10-09T15:24:00Z,416.6
SpC_CD_091023.xlsx,2023-10-09T12:29:50Z,2023-10-09T12:29:50Z,433.8,27.05,369.6317907948098,NA,NA,NA,NA,NA,CD,NA,2023-10-09,20835561,2023-10-09T15:29:50Z,416.7146974063401,1755,46,89,165,5.49,12:24:00,2023-10-09T15:24:00Z,416.6
SpC_CD_091023.xlsx,2023-10-09T12:30:00Z,2023-10-09T12:30:00Z,434.20000000000005,27.07,369.81129991508783,NA,NA,NA,NA,NA,CD,NA,2023-10-09,20835561,2023-10-09T15:30:00Z,416.938736316497,1755,46,89,165,5.49,12:24:00,2023-10-09T15:24:00Z,416.6
SpC_CD_091023.xlsx,2023-10-09T12:30:10Z,2023-10-09T12:30:10Z,433.40000000000003,27.07,369.1107529584904,NA,NA,NA,NA,NA,CD,NA,2023-10-09,20835561,2023-10-09T15:30:10Z,416.1705396581525,1755,46,89,165,5.49,12:24:00,2023-10-09T15:24:00Z,416.6
SpC_CD_091023.xlsx,2023-10-09T12:30:20Z,2023-10-09T12:30:20Z,433.40000000000003,27.07,369.09157182393824,NA,NA,NA,NA,NA,CD,NA,2023-10-09,20835561,2023-10-09T15:30:20Z,416.1705396581525,1755,46,89,165,5.49,12:24:00,2023-10-09T15:24:00Z,416.6
SpC_CD_091023.xlsx,2023-10-09T12:30:30Z,2023-10-09T12:30:30Z,433.40000000000003,27.07,369.07239068938605,NA,NA,NA,NA,NA,CD,NA,2023-10-09,20835561,2023-10-09T15:30:30Z,416.1705396581525,1755,46,89,165,5.49,12:24:00,2023-10-09T15:24:00Z,416.6
SpC_CD_091023.xlsx,2023-10-09T12:30:40Z,2023-10-09T12:30:40Z,433.40000000000003,27.080000000000002,368.9823468033833,NA,NA,NA,NA,NA,CD,NA,2023-10-09,20835561,2023-10-09T15:30:40Z,416.0906298003072,1755,46,89,165,5.49,12:24:00,2023-10-09T15:24:00Z,416.6
SpC_CD_091023.xlsx,2023-10-09T12:30:50Z,2023-10-09T12:30:50Z,433.40000000000003,27.07,369.03402842028174,NA,NA,NA,NA,NA,CD,NA,2023-10-09,20835561,2023-10-09T15:30:50Z,416.1705396581525,1755,46,89,165,5.49,12:24:00,2023-10-09T15:24:00Z,416.6
SpC_CD_091023.xlsx,2023-10-09T12:31:00Z,2023-10-09T12:31:00Z,433,27.07,368.67427059234166,NA,NA,NA,NA,NA,CD,NA,2023-10-09,20835561,2023-10-09T15:31:00Z,415.7864413289802,1755,46,89,165,5.49,12:24:00,2023-10-09T15:24:00Z,416.6
SpC_CD_091023.xlsx,2023-10-09T12:31:10Z,2023-10-09T12:31:10Z,433,27.09,368.5135617173957,NA,NA,NA,NA,NA,CD,NA,2023-10-09,20835561,2023-10-09T15:31:10Z,415.6267997696295,1755,46,89,165,5.49,12:24:00,2023-10-09T15:24:00Z,416.6
SpC_CD_091023.xlsx,2023-10-09T12:31:20Z,2023-10-09T12:31:20Z,433,27.1,368.42367735076874,NA,NA,NA,NA,NA,CD,NA,2023-10-09,20835561,2023-10-09T15:31:20Z,415.54702495201536,1755,46,89,165,5.49,12:24:00,2023-10-09T15:24:00Z,416.6
SpC_CD_091023.xlsx,2023-10-09T12:31:30Z,2023-10-09T12:31:30Z,434.20000000000005,27.09,369.4964280905493,NA,NA,NA,NA,NA,CD,NA,2023-10-09,20835561,2023-10-09T15:31:30Z,416.77865233250145,1755,46,89,165,5.49,12:24:00,2023-10-09T15:24:00Z,416.6
SpC_CD_091023.xlsx,2023-10-09T12:31:40Z,2023-10-09T12:31:40Z,434.20000000000005,27.080000000000002,369.54816309478684,NA,NA,NA,NA,NA,CD,NA,2023-10-09,20835561,2023-10-09T15:31:40Z,416.8586789554532,1755,46,89,165,5.49,12:24:00,2023-10-09T15:24:00Z,416.6
SpC_CD_091023.xlsx,2023-10-09T12:31:50Z,2023-10-09T12:31:50Z,434.20000000000005,27.1,369.3870965204662,NA,NA,NA,NA,NA,CD,NA,2023-10-09,20835561,2023-10-09T15:31:50Z,416.69865642994245,1755,46,89,165,5.49,12:24:00,2023-10-09T15:24:00Z,416.6
SpC_CD_091023.xlsx,2023-10-09T12:32:00Z,2023-10-09T12:32:00Z,433.8,27.11,368.95679957366366,NA,NA,NA,NA,NA,CD,NA,2023-10-09,20835561,2023-10-09T15:32:00Z,416.2348877374784,1755,46,89,165,5.49,12:24:00,2023-10-09T15:24:00Z,416.6
SpC_CD_091023.xlsx,2023-10-09T12:32:10Z,2023-10-09T12:32:10Z,433.8,27.11,368.93761547333406,NA,NA,NA,NA,NA,CD,NA,2023-10-09,20835561,2023-10-09T15:32:10Z,416.2348877374784,1755,46,89,165,5.49,12:24:00,2023-10-09T15:24:00Z,416.6
SpC_CD_091023.xlsx,2023-10-09T12:32:20Z,2023-10-09T12:32:20Z,433,27.1,368.30876296872384,NA,NA,NA,NA,NA,CD,NA,2023-10-09,20835561,2023-10-09T15:32:20Z,415.54702495201536,1755,46,89,165,5.49,12:24:00,2023-10-09T15:24:00Z,416.6
SpC_CD_091023.xlsx,2023-10-09T12:32:30Z,2023-10-09T12:32:30Z,433,27.11,368.21893515230124,NA,NA,NA,NA,NA,CD,NA,2023-10-09,20835561,2023-10-09T15:32:30Z,415.46728075225485,1755,46,89,165,5.49,12:24:00,2023-10-09T15:24:00Z,416.6
SpC_CD_091023.xlsx,2023-10-09T12:32:40Z,2023-10-09T12:32:40Z,433,27.09,368.34115705322193,NA,NA,NA,NA,NA,CD,NA,2023-10-09,20835561,2023-10-09T15:32:40Z,415.6267997696295,1755,46,89,165,5.49,12:24:00,2023-10-09T15:24:00Z,416.6
SpC_CD_091023.xlsx,2023-10-09T12:32:50Z,2023-10-09T12:32:50Z,433,27.07,368.46347284459836,NA,NA,NA,NA,NA,CD,NA,2023-10-09,20835561,2023-10-09T15:32:50Z,415.7864413289802,1755,46,89,165,5.49,12:24:00,2023-10-09T15:24:00Z,416.6
SpC_CD_091023.xlsx,2023-10-09T12:33:00Z,2023-10-09T12:33:00Z,432.6,27.05,368.24538759296706,NA,NA,NA,NA,NA,CD,NA,2023-10-09,20835561,2023-10-09T15:33:00Z,415.56195965417874,1755,46,89,165,5.49,12:24:00,2023-10-09T15:24:00Z,416.6
SpC_CD_091023.xlsx,2023-10-09T12:33:10Z,2023-10-09T12:33:10Z,433,27.07,368.4251459813723,NA,NA,NA,NA,NA,CD,NA,2023-10-09,20835561,2023-10-09T15:33:10Z,415.7864413289802,1755,46,89,165,5.49,12:24:00,2023-10-09T15:24:00Z,416.6
SpC_CD_091023.xlsx,2023-10-09T12:33:20Z,2023-10-09T12:33:20Z,433,27.05,368.54754104449506,NA,NA,NA,NA,NA,CD,NA,2023-10-09,20835561,2023-10-09T15:33:20Z,415.9462055715658,1755,46,89,165,5.49,12:24:00,2023-10-09T15:24:00Z,416.6
SpC_CD_091023.xlsx,2023-10-09T12:33:30Z,2023-10-09T12:33:30Z,432.6,27.05,368.1879283369411,NA,NA,NA,NA,NA,CD,NA,2023-10-09,20835561,2023-10-09T15:33:30Z,415.56195965417874,1755,46,89,165,5.49,12:24:00,2023-10-09T15:24:00Z,416.6
SpC_CD_091023.xlsx,2023-10-09T12:33:40Z,2023-10-09T12:33:40Z,433,27.05,368.5091994543283,NA,NA,NA,NA,NA,CD,NA,2023-10-09,20835561,2023-10-09T15:33:40Z,415.9462055715658,1755,46,89,165,5.49,12:24:00,2023-10-09T15:24:00Z,416.6
SpC_CD_091023.xlsx,2023-10-09T12:33:50Z,2023-10-09T12:33:50Z,432.6,27.05,368.1496221662572,NA,NA,NA,NA,NA,CD,NA,2023-10-09,20835561,2023-10-09T15:33:50Z,415.56195965417874,1755,46,89,165,5.49,12:24:00,2023-10-09T15:24:00Z,416.6
SpC_CD_091023.xlsx,2023-10-09T12:34:00Z,2023-10-09T12:34:00Z,432.6,27.05,368.1304690809152,NA,NA,NA,NA,NA,CD,NA,2023-10-09,20835561,2023-10-09T15:34:00Z,415.56195965417874,1755,46,89,165,5.49,12:24:00,2023-10-09T15:24:00Z,416.6
SpC_CD_091023.xlsx,2023-10-09T12:34:10Z,2023-10-09T12:34:10Z,432.6,27.05,368.11131599557325,NA,NA,NA,NA,NA,CD,NA,2023-10-09,20835561,2023-10-09T15:34:10Z,415.56195965417874,1755,46,89,165,5.49,12:24:00,2023-10-09T15:24:00Z,416.6
SpC_CD_091023.xlsx,2023-10-09T12:34:20Z,2023-10-09T12:34:20Z,432.6,27.080000000000002,367.8801282541769,NA,NA,NA,NA,NA,CD,NA,2023-10-09,20835561,2023-10-09T15:34:20Z,415.3225806451613,1755,46,89,165,5.49,12:24:00,2023-10-09T15:24:00Z,416.6
SpC_CD_091023.xlsx,2023-10-09T12:34:30Z,2023-10-09T12:34:30Z,432.6,27.09,367.79036593176204,NA,NA,NA,NA,NA,CD,NA,2023-10-09,20835561,2023-10-09T15:34:30Z,415.2428489153388,1755,46,89,165,5.49,12:24:00,2023-10-09T15:24:00Z,416.6
SpC_CD_091023.xlsx,2023-10-09T12:34:40Z,2023-10-09T12:34:40Z,432.20000000000005,27.080000000000002,367.5017222406611,NA,NA,NA,NA,NA,CD,NA,2023-10-09,20835561,2023-10-09T15:34:40Z,414.93855606758837,1755,46,89,165,5.49,12:24:00,2023-10-09T15:24:00Z,416.6
SpC_CD_091023.xlsx,2023-10-09T12:34:50Z,2023-10-09T12:34:50Z,432.6,27.07,367.8933421394543,NA,NA,NA,NA,NA,CD,NA,2023-10-09,20835561,2023-10-09T15:34:50Z,415.40234299980796,1755,46,89,165,5.49,12:24:00,2023-10-09T15:24:00Z,416.6
SpC_CD_091023.xlsx,2023-10-09T12:35:00Z,2023-10-09T12:35:00Z,433,27.05,368.3558330936612,NA,NA,NA,NA,NA,CD,NA,2023-10-09,20835561,2023-10-09T15:35:00Z,415.9462055715658,1755,46,89,165,5.49,12:24:00,2023-10-09T15:24:00Z,416.6
SpC_CD_091023.xlsx,2023-10-09T12:35:10Z,2023-10-09T12:35:10Z,432.6,27.05,367.9963974835214,NA,NA,NA,NA,NA,CD,NA,2023-10-09,20835561,2023-10-09T15:35:10Z,415.56195965417874,1755,46,89,165,5.49,12:24:00,2023-10-09T15:24:00Z,416.6
SpC_CD_091023.xlsx,2023-10-09T12:35:20Z,2023-10-09T12:35:20Z,433,27.05,368.3174915034944,NA,NA,NA,NA,NA,CD,NA,2023-10-09,20835561,2023-10-09T15:35:20Z,415.9462055715658,1755,46,89,165,5.49,12:24:00,2023-10-09T15:24:00Z,416.6
SpC_CD_091023.xlsx,2023-10-09T12:35:30Z,2023-10-09T12:35:30Z,432.6,27.05,367.95809131283744,NA,NA,NA,NA,NA,CD,NA,2023-10-09,20835561,2023-10-09T15:35:30Z,415.56195965417874,1755,46,89,165,5.49,12:24:00,2023-10-09T15:24:00Z,416.6
SpC_CD_091023.xlsx,2023-10-09T12:35:40Z,2023-10-09T12:35:40Z,432.6,27.07,367.79761349608486,NA,NA,NA,NA,NA,CD,NA,2023-10-09,20835561,2023-10-09T15:35:40Z,415.40234299980796,1755,46,89,165,5.49,12:24:00,2023-10-09T15:24:00Z,416.6
SpC_CD_091023.xlsx,2023-10-09T12:35:50Z,2023-10-09T12:35:50Z,432.6,27.05,367.9197851421535,NA,NA,NA,NA,NA,CD,NA,2023-10-09,20835561,2023-10-09T15:35:50Z,415.56195965417874,1755,46,89,165,5.49,12:24:00,2023-10-09T15:24:00Z,416.6
SpC_CD_091023.xlsx,2023-10-09T12:36:00Z,2023-10-09T12:36:00Z,432.6,27.05,367.90063205681156,NA,NA,NA,NA,NA,CD,NA,2023-10-09,20835561,2023-10-09T15:36:00Z,415.56195965417874,1755,46,89,165,5.49,12:24:00,2023-10-09T15:24:00Z,416.6
SpC_CD_091023.xlsx,2023-10-09T12:36:10Z,2023-10-09T12:36:10Z,432.6,27.04,367.95217103122576,NA,NA,NA,NA,NA,CD,NA,2023-10-09,20835561,2023-10-09T15:36:10Z,415.6418139892391,1755,46,89,165,5.49,12:24:00,2023-10-09T15:24:00Z,416.6
SpC_CD_091023.xlsx,2023-10-09T12:36:20Z,2023-10-09T12:36:20Z,433,27.05,368.202466732994,NA,NA,NA,NA,NA,CD,NA,2023-10-09,20835561,2023-10-09T15:36:20Z,415.9462055715658,1755,46,89,165,5.49,12:24:00,2023-10-09T15:24:00Z,416.6
SpC_CD_091023.xlsx,2023-10-09T12:36:30Z,2023-10-09T12:36:30Z,432.6,27.04,367.9138574996328,NA,NA,NA,NA,NA,CD,NA,2023-10-09,20835561,2023-10-09T15:36:30Z,415.6418139892391,1755,46,89,165,5.49,12:24:00,2023-10-09T15:24:00Z,416.6
SpC_CD_091023.xlsx,2023-10-09T12:36:40Z,2023-10-09T12:36:40Z,433,27.04,368.2348715158371,NA,NA,NA,NA,NA,CD,NA,2023-10-09,20835561,2023-10-09T15:36:40Z,416.02613374327444,1755,46,89,165,5.49,12:24:00,2023-10-09T15:24:00Z,416.6
SpC_CD_091023.xlsx,2023-10-09T12:36:50Z,2023-10-09T12:36:50Z,433,27.04,368.2156970368961,NA,NA,NA,NA,NA,CD,NA,2023-10-09,20835561,2023-10-09T15:36:50Z,416.02613374327444,1755,46,89,165,5.49,12:24:00,2023-10-09T15:24:00Z,416.6
SpC_CD_091023.xlsx,2023-10-09T12:37:00Z,2023-10-09T12:37:00Z,432.6,27.04,367.8563872022433,NA,NA,NA,NA,NA,CD,NA,2023-10-09,20835561,2023-10-09T15:37:00Z,415.6418139892391,1755,46,89,165,5.49,12:24:00,2023-10-09T15:24:00Z,416.6
SpC_CD_091023.xlsx,2023-10-09T12:37:10Z,2023-10-09T12:37:10Z,433,27.04,368.17734807901405,NA,NA,NA,NA,NA,CD,NA,2023-10-09,20835561,2023-10-09T15:37:10Z,416.02613374327444,1755,46,89,165,5.49,12:24:00,2023-10-09T15:24:00Z,416.6
SpC_CD_091023.xlsx,2023-10-09T12:37:20Z,2023-10-09T12:37:20Z,433,27.04,368.158173600073,NA,NA,NA,NA,NA,CD,NA,2023-10-09,20835561,2023-10-09T15:37:20Z,416.02613374327444,1755,46,89,165,5.49,12:24:00,2023-10-09T15:24:00Z,416.6
SpC_CD_091023.xlsx,2023-10-09T12:37:30Z,2023-10-09T12:37:30Z,433,27.03,368.2097542622277,NA,NA,NA,NA,NA,CD,NA,2023-10-09,20835561,2023-10-09T15:37:30Z,416.1060926388622,1755,46,89,165,5.49,12:24:00,2023-10-09T15:24:00Z,416.6
SpC_CD_091023.xlsx,2023-10-09T12:37:40Z,2023-10-09T12:37:40Z,433,27.04,368.11982464219096,NA,NA,NA,NA,NA,CD,NA,2023-10-09,20835561,2023-10-09T15:37:40Z,416.02613374327444,1755,46,89,165,5.49,12:24:00,2023-10-09T15:24:00Z,416.6
SpC_CD_091023.xlsx,2023-10-09T12:37:50Z,2023-10-09T12:37:50Z,433,27.04,368.10065016324995,NA,NA,NA,NA,NA,CD,NA,2023-10-09,20835561,2023-10-09T15:37:50Z,416.02613374327444,1755,46,89,165,5.49,12:24:00,2023-10-09T15:24:00Z,416.6
SpC_CD_091023.xlsx,2023-10-09T12:38:00Z,2023-10-09T12:38:00Z,433,27.04,368.08147568430894,NA,NA,NA,NA,NA,CD,NA,2023-10-09,20835561,2023-10-09T15:38:00Z,416.02613374327444,1755,46,89,165,5.49,12:24:00,2023-10-09T15:24:00Z,416.6
SpC_CD_091023.xlsx,2023-10-09T12:38:10Z,2023-10-09T12:38:10Z,433,27.05,367.99158798707674,NA,NA,NA,NA,NA,CD,NA,2023-10-09,20835561,2023-10-09T15:38:10Z,415.9462055715658,1755,46,89,165,5.49,12:24:00,2023-10-09T15:24:00Z,416.6
SpC_CD_091023.xlsx,2023-10-09T12:38:20Z,2023-10-09T12:38:20Z,433.40000000000003,27.04,368.3831203769825,NA,NA,NA,NA,NA,CD,NA,2023-10-09,20835561,2023-10-09T15:38:20Z,416.4104534973098,1755,46,89,165,5.49,12:24:00,2023-10-09T15:24:00Z,416.6
SpC_CD_091023.xlsx,2023-10-09T12:38:30Z,2023-10-09T12:38:30Z,433.40000000000003,27.05,368.29315701713807,NA,NA,NA,NA,NA,CD,NA,2023-10-09,20835561,2023-10-09T15:38:30Z,416.330451488953,1755,46,89,165,5.49,12:24:00,2023-10-09T15:24:00Z,416.6
SpC_CD_091023.xlsx,2023-10-09T12:38:40Z,2023-10-09T12:38:40Z,433,27.05,367.93407560182663,NA,NA,NA,NA,NA,CD,NA,2023-10-09,20835561,2023-10-09T15:38:40Z,415.9462055715658,1755,46,89,165,5.49,12:24:00,2023-10-09T15:24:00Z,416.6
SpC_CD_091023.xlsx,2023-10-09T12:38:50Z,2023-10-09T12:38:50Z,433.40000000000003,27.05,368.2547800074885,NA,NA,NA,NA,NA,CD,NA,2023-10-09,20835561,2023-10-09T15:38:50Z,416.330451488953,1755,46,89,165,5.49,12:24:00,2023-10-09T15:24:00Z,416.6
SpC_CD_091023.xlsx,2023-10-09T12:39:00Z,2023-10-09T12:39:00Z,433.40000000000003,27.05,368.2355915026637,NA,NA,NA,NA,NA,CD,NA,2023-10-09,20835561,2023-10-09T15:39:00Z,416.330451488953,1755,46,89,165,5.49,12:24:00,2023-10-09T15:24:00Z,416.6
SpC_CD_091023.xlsx,2023-10-09T12:39:10Z,2023-10-09T12:39:10Z,433,27.07,367.73526244330327,NA,NA,NA,NA,NA,CD,NA,2023-10-09,20835561,2023-10-09T15:39:10Z,415.7864413289802,1755,46,89,165,5.49,12:24:00,2023-10-09T15:24:00Z,416.6
SpC_CD_091023.xlsx,2023-10-09T12:39:20Z,2023-10-09T12:39:20Z,433.40000000000003,27.07,368.05579055812143,NA,NA,NA,NA,NA,CD,NA,2023-10-09,20835561,2023-10-09T15:39:20Z,416.1705396581525,1755,46,89,165,5.49,12:24:00,2023-10-09T15:24:00Z,416.6
SpC_CD_091023.xlsx,2023-10-09T12:39:30Z,2023-10-09T12:39:30Z,433.40000000000003,27.07,368.03660942356925,NA,NA,NA,NA,NA,CD,NA,2023-10-09,20835561,2023-10-09T15:39:30Z,416.1705396581525,1755,46,89,165,5.49,12:24:00,2023-10-09T15:24:00Z,416.6
SpC_CD_091023.xlsx,2023-10-09T12:39:40Z,2023-10-09T12:39:40Z,433.40000000000003,27.09,367.8761276830317,NA,NA,NA,NA,NA,CD,NA,2023-10-09,20835561,2023-10-09T15:39:40Z,416.01075062392016,1755,46,89,165,5.49,12:24:00,2023-10-09T15:24:00Z,416.6
SpC_CD_091023.xlsx,2023-10-09T12:39:50Z,2023-10-09T12:39:50Z,433.40000000000003,27.11,367.7157691293991,NA,NA,NA,NA,NA,CD,NA,2023-10-09,20835561,2023-10-09T15:39:50Z,415.8510842448666,1755,46,89,165,5.49,12:24:00,2023-10-09T15:24:00Z,416.6
SpC_CD_091023.xlsx,2023-10-09T12:40:00Z,2023-10-09T12:40:00Z,434.1,27.21,367.58508059858724,NA,NA,NA,NA,NA,CD,NA,2023-10-09,20835561,2023-10-09T15:40:00Z,415.7249569048075,1755,46,89,165,5.49,12:24:00,2023-10-09T15:24:00Z,416.6
SpC_CD_091023.xlsx,2023-10-09T12:40:10Z,2023-10-09T12:40:10Z,433.70000000000005,27.21,367.22722760730846,NA,NA,NA,NA,NA,CD,NA,2023-10-09,20835561,2023-10-09T15:40:10Z,415.3418885271021,1755,46,89,165,5.49,12:24:00,2023-10-09T15:24:00Z,416.6
SpC_CD_091023.xlsx,2023-10-09T12:40:20Z,2023-10-09T12:40:20Z,432.6,27.14,366.7684700453346,NA,NA,NA,NA,NA,CD,NA,2023-10-09,20835561,2023-10-09T15:40:20Z,414.84464902186426,1755,46,89,165,5.49,12:24:00,2023-10-09T15:24:00Z,416.6
SpC_CD_091023.xlsx,2023-10-09T12:40:30Z,2023-10-09T12:40:30Z,431.8,27.13,366.14134927133955,NA,NA,NA,NA,NA,CD,NA,2023-10-09,20835561,2023-10-09T15:40:30Z,414.1569154037982,1755,46,89,165,5.49,12:24:00,2023-10-09T15:24:00Z,416.6
SpC_CD_091023.xlsx,2023-10-09T12:40:40Z,2023-10-09T12:40:40Z,432.6,27.11,366.94135851045183,NA,NA,NA,NA,NA,CD,NA,2023-10-09,20835561,2023-10-09T15:40:40Z,415.0834772596431,1755,46,89,165,5.49,12:24:00,2023-10-09T15:24:00Z,416.6
SpC_CD_091023.xlsx,2023-10-09T12:40:50Z,2023-10-09T12:40:50Z,432.5,27.19,366.2750989310983,NA,NA,NA,NA,NA,CD,NA,2023-10-09,20835561,2023-10-09T15:40:50Z,414.3514083157693,1755,46,89,165,5.49,12:24:00,2023-10-09T15:24:00Z,416.6
SpC_CD_091023.xlsx,2023-10-09T12:41:00Z,2023-10-09T12:41:00Z,432.90000000000003,27.21,366.4543046633259,NA,NA,NA,NA,NA,CD,NA,2023-10-09,20835561,2023-10-09T15:41:00Z,414.5757517716913,1755,46,89,165,5.49,12:24:00,2023-10-09T15:24:00Z,416.6
SpC_CD_091023.xlsx,2023-10-09T12:41:10Z,2023-10-09T12:41:10Z,433.70000000000005,27.240000000000002,366.9015473824005,NA,NA,NA,NA,NA,CD,NA,2023-10-09,20835561,2023-10-09T15:41:10Z,415.10336906584996,1755,46,89,165,5.49,12:24:00,2023-10-09T15:24:00Z,416.6
SpC_CD_091023.xlsx,2023-10-09T12:41:20Z,2023-10-09T12:41:20Z,433.70000000000005,27.27,366.67184584343687,NA,NA,NA,NA,NA,CD,NA,2023-10-09,20835561,2023-10-09T15:41:20Z,414.8651233977426,1755,46,89,165,5.49,12:24:00,2023-10-09T15:24:00Z,416.6
SpC_CD_091023.xlsx,2023-10-09T12:41:30Z,2023-10-09T12:41:30Z,433.70000000000005,27.3,366.44240782440306,NA,NA,NA,NA,NA,CD,NA,2023-10-09,20835561,2023-10-09T15:41:30Z,414.6271510516253,1755,46,89,165,5.49,12:24:00,2023-10-09T15:24:00Z,416.6
SpC_CD_091023.xlsx,2023-10-09T12:41:40Z,2023-10-09T12:41:40Z,433.3,27.3,366.08534689219925,NA,NA,NA,NA,NA,CD,NA,2023-10-09,20835561,2023-10-09T15:41:40Z,414.24474187380497,1755,46,89,165,5.49,12:24:00,2023-10-09T15:24:00Z,416.6
SpC_CD_091023.xlsx,2023-10-09T12:41:50Z,2023-10-09T12:41:50Z,433.3,27.32,365.9263209333696,NA,NA,NA,NA,NA,CD,NA,2023-10-09,20835561,2023-10-09T15:41:50Z,414.08639143730886,1755,46,89,165,5.49,12:24:00,2023-10-09T15:24:00Z,416.6
SpC_CD_091023.xlsx,2023-10-09T12:42:00Z,2023-10-09T12:42:00Z,433.70000000000005,27.37,365.8953517310635,NA,NA,NA,NA,NA,CD,NA,2023-10-09,20835561,2023-10-09T15:42:00Z,414.072942524346,1755,46,89,165,5.49,12:24:00,2023-10-09T15:24:00Z,416.6
SpC_CD_091023.xlsx,2023-10-09T12:42:10Z,2023-10-09T12:42:10Z,433.70000000000005,27.35,366.0160480828202,NA,NA,NA,NA,NA,CD,NA,2023-10-09,20835561,2023-10-09T15:42:10Z,414.23113658070685,1755,46,89,165,5.49,12:24:00,2023-10-09T15:24:00Z,416.6
SpC_CD_091023.xlsx,2023-10-09T12:42:20Z,2023-10-09T12:42:20Z,433.3,27.37,365.51975401087526,NA,NA,NA,NA,NA,CD,NA,2023-10-09,20835561,2023-10-09T15:42:20Z,413.69104449112086,1755,46,89,165,5.49,12:24:00,2023-10-09T15:24:00Z,416.6
SpC_CD_091023.xlsx,2023-10-09T12:42:30Z,2023-10-09T12:42:30Z,433.3,27.330000000000002,365.7800685327998,NA,NA,NA,NA,NA,CD,NA,2023-10-09,20835561,2023-10-09T15:42:30Z,414.0072616090197,1755,46,89,165,5.49,12:24:00,2023-10-09T15:24:00Z,416.6
SpC_CD_091023.xlsx,2023-10-09T12:42:40Z,2023-10-09T12:42:40Z,432.90000000000003,27.27,365.84279992560636,NA,NA,NA,NA,NA,CD,NA,2023-10-09,20835561,2023-10-09T15:42:40Z,414.09986607996944,1755,46,89,165,5.49,12:24:00,2023-10-09T15:24:00Z,416.6
SpC_CD_091023.xlsx,2023-10-09T12:42:50Z,2023-10-09T12:42:50Z,433.3,27.22,366.5123309817153,NA,NA,NA,NA,NA,CD,NA,2023-10-09,20835561,2023-10-09T15:42:50Z,414.87935656836464,1755,46,89,165,5.49,12:24:00,2023-10-09T15:24:00Z,416.6
SpC_CD_091023.xlsx,2023-10-09T12:43:00Z,2023-10-09T12:43:00Z,433.70000000000005,27.26,366.5507625724229,NA,NA,NA,NA,NA,CD,NA,2023-10-09,20835561,2023-10-09T15:43:00Z,414.9445082280903,1755,46,89,165,5.49,12:24:00,2023-10-09T15:24:00Z,416.6
SpC_CD_091023.xlsx,2023-10-09T12:43:10Z,2023-10-09T12:43:10Z,434.90000000000003,27.29,367.33492086119446,NA,NA,NA,NA,NA,CD,NA,2023-10-09,20835561,2023-10-09T15:43:10Z,415.85389175750623,1755,46,89,165,5.49,12:24:00,2023-10-09T15:24:00Z,416.6
SpC_CD_091023.xlsx,2023-10-09T12:43:20Z,2023-10-09T12:43:20Z,435.70000000000005,27.240000000000002,368.3436451964579,NA,NA,NA,NA,NA,CD,NA,2023-10-09,20835561,2023-10-09T15:43:20Z,417.01761102603376,1755,46,89,165,5.49,12:24:00,2023-10-09T15:24:00Z,416.6
SpC_CD_091023.xlsx,2023-10-09T12:43:30Z,2023-10-09T12:43:30Z,436.90000000000003,27.22,369.4803149204815,NA,NA,NA,NA,NA,CD,NA,2023-10-09,20835561,2023-10-09T15:43:30Z,418.32631175794717,1755,46,89,165,5.49,12:24:00,2023-10-09T15:24:00Z,416.6
SpC_CD_091023.xlsx,2023-10-09T12:43:40Z,2023-10-09T12:43:40Z,437.70000000000005,27.150000000000002,370.6343770326035,NA,NA,NA,NA,NA,CD,NA,2023-10-09,20835561,2023-10-09T15:43:40Z,419.6548418024928,1755,46,89,165,5.49,12:24:00,2023-10-09T15:24:00Z,416.6
SpC_CD_091023.xlsx,2023-10-09T12:43:50Z,2023-10-09T12:43:50Z,440.1,27.13,372.79016293756223,NA,NA,NA,NA,NA,CD,NA,2023-10-09,20835561,2023-10-09T15:43:50Z,422.11778246690966,1755,46,89,165,5.49,12:24:00,2023-10-09T15:24:00Z,416.6
SpC_CD_091023.xlsx,2023-10-09T12:44:00Z,2023-10-09T12:44:00Z,442.1,27.16,374.24936034259866,NA,NA,NA,NA,NA,CD,NA,2023-10-09,20835561,2023-10-09T15:44:00Z,423.7921779141105,1755,46,89,165,5.49,12:24:00,2023-10-09T15:24:00Z,416.6
SpC_CD_091023.xlsx,2023-10-09T12:44:10Z,2023-10-09T12:44:10Z,443.6,27.19,375.28370570066113,NA,NA,NA,NA,NA,CD,NA,2023-10-09,20835561,2023-10-09T15:44:10Z,424.9856294309255,1755,46,89,165,5.49,12:24:00,2023-10-09T15:24:00Z,416.6
SpC_CD_091023.xlsx,2023-10-09T12:44:20Z,2023-10-09T12:44:20Z,444.8,27.2,376.20717602162216,NA,NA,NA,NA,NA,CD,NA,2023-10-09,20835561,2023-10-09T15:44:20Z,426.0536398467433,1755,46,89,165,5.49,12:24:00,2023-10-09T15:24:00Z,416.6
SpC_CD_091023.xlsx,2023-10-09T12:44:30Z,2023-10-09T12:44:30Z,446,27.150000000000002,377.5640852423317,NA,NA,NA,NA,NA,CD,NA,2023-10-09,20835561,2023-10-09T15:44:30Z,427.6126558005752,1755,46,89,165,5.49,12:24:00,2023-10-09T15:24:00Z,416.6
SpC_CD_091023.xlsx,2023-10-09T12:44:40Z,2023-10-09T12:44:40Z,447.6,27.1,379.26242251768997,NA,NA,NA,NA,NA,CD,NA,2023-10-09,20835561,2023-10-09T15:44:40Z,429.55854126679463,1755,46,89,165,5.49,12:24:00,2023-10-09T15:24:00Z,416.6
SpC_CD_091023.xlsx,2023-10-09T12:44:50Z,2023-10-09T12:44:50Z,450,27.09,381.3492924935691,NA,NA,NA,NA,NA,CD,NA,2023-10-09,20835561,2023-10-09T15:44:50Z,431.9447110769821,1755,46,89,165,5.49,12:24:00,2023-10-09T15:24:00Z,416.6
SpC_CD_091023.xlsx,2023-10-09T12:45:00Z,2023-10-09T12:45:00Z,451.6,27.09,382.68522214469823,NA,NA,NA,NA,NA,CD,NA,2023-10-09,20835561,2023-10-09T15:45:00Z,433.48051449414476,1755,46,89,165,5.49,12:24:00,2023-10-09T15:24:00Z,416.6
SpC_CD_091023.xlsx,2023-10-09T12:45:10Z,2023-10-09T12:45:10Z,453.6,27.1,384.28617848002995,NA,NA,NA,NA,NA,CD,NA,2023-10-09,20835561,2023-10-09T15:45:10Z,435.31669865642993,1755,46,89,165,5.49,12:24:00,2023-10-09T15:24:00Z,416.6
SpC_CD_091023.xlsx,2023-10-09T12:45:20Z,2023-10-09T12:45:20Z,454.40000000000003,27.11,384.86996152857,NA,NA,NA,NA,NA,CD,NA,2023-10-09,20835561,2023-10-09T15:45:20Z,436.0007676069853,1755,46,89,165,5.49,12:24:00,2023-10-09T15:24:00Z,416.6
SpC_CD_091023.xlsx,2023-10-09T12:45:30Z,2023-10-09T12:45:30Z,455.5,27.13,385.6334937448246,NA,NA,NA,NA,NA,CD,NA,2023-10-09,20835561,2023-10-09T15:45:30Z,436.8885478611165,1755,46,89,165,5.49,12:24:00,2023-10-09T15:24:00Z,416.6
SpC_CD_091023.xlsx,2023-10-09T12:45:40Z,2023-10-09T12:45:40Z,456.70000000000005,27.14,386.55509149226486,NA,NA,NA,NA,NA,CD,NA,2023-10-09,20835561,2023-10-09T15:45:40Z,437.9555044112007,1755,46,89,165,5.49,12:24:00,2023-10-09T15:24:00Z,416.6
SpC_CD_091023.xlsx,2023-10-09T12:45:50Z,2023-10-09T12:45:50Z,457.5,27.13,387.28627646672436,NA,NA,NA,NA,NA,CD,NA,2023-10-09,20835561,2023-10-09T15:45:50Z,438.8068290811433,1755,46,89,165,5.49,12:24:00,2023-10-09T15:24:00Z,416.6
SpC_CD_091023.xlsx,2023-10-09T12:46:00Z,2023-10-09T12:46:00Z,458.70000000000005,27.13,388.2818318432165,NA,NA,NA,NA,NA,CD,NA,2023-10-09,20835561,2023-10-09T15:46:00Z,439.95779781315946,1755,46,89,165,5.49,12:24:00,2023-10-09T15:24:00Z,416.6
SpC_CD_091023.xlsx,2023-10-09T12:46:10Z,2023-10-09T12:46:10Z,461.90000000000003,27.080000000000002,391.345514434642,NA,NA,NA,NA,NA,CD,NA,2023-10-09,20835561,2023-10-09T15:46:10Z,443.45238095238096,1755,46,89,165,5.49,12:24:00,2023-10-09T15:24:00Z,416.6
SpC_CD_091023.xlsx,2023-10-09T12:46:20Z,2023-10-09T12:46:20Z,465.5,27.080000000000002,394.37502235809797,NA,NA,NA,NA,NA,CD,NA,2023-10-09,20835561,2023-10-09T15:46:20Z,446.9086021505376,1755,46,89,165,5.49,12:24:00,2023-10-09T15:24:00Z,416.6
SpC_CD_091023.xlsx,2023-10-09T12:46:30Z,2023-10-09T12:46:30Z,467.5,27.080000000000002,396.0487507247874,NA,NA,NA,NA,NA,CD,NA,2023-10-09,20835561,2023-10-09T15:46:30Z,448.8287250384024,1755,46,89,165,5.49,12:24:00,2023-10-09T15:24:00Z,416.6
SpC_CD_091023.xlsx,2023-10-09T12:46:40Z,2023-10-09T12:46:40Z,469.5,27.080000000000002,397.72230209607733,NA,NA,NA,NA,NA,CD,NA,2023-10-09,20835561,2023-10-09T15:46:40Z,450.7488479262673,1755,46,89,165,5.49,12:24:00,2023-10-09T15:24:00Z,416.6
SpC_CD_091023.xlsx,2023-10-09T12:46:50Z,2023-10-09T12:46:50Z,471.40000000000003,27.080000000000002,399.31096901142223,NA,NA,NA,NA,NA,CD,NA,2023-10-09,20835561,2023-10-09T15:46:50Z,452.57296466973884,1755,46,89,165,5.49,12:24:00,2023-10-09T15:24:00Z,416.6
SpC_CD_091023.xlsx,2023-10-09T12:47:00Z,2023-10-09T12:47:00Z,473.8,27.080000000000002,401.32298295944,NA,NA,NA,NA,NA,CD,NA,2023-10-09,20835561,2023-10-09T15:47:00Z,454.8771121351766,1755,46,89,165,5.49,12:24:00,2023-10-09T15:24:00Z,416.6
SpC_CD_091023.xlsx,2023-10-09T12:47:10Z,2023-10-09T12:47:10Z,475.40000000000003,27.07,402.7345256048091,NA,NA,NA,NA,NA,CD,NA,2023-10-09,20835561,2023-10-09T15:47:10Z,456.50086422124065,1755,46,89,165,5.49,12:24:00,2023-10-09T15:24:00Z,416.6
SpC_CD_091023.xlsx,2023-10-09T12:47:20Z,2023-10-09T12:47:20Z,477,27.080000000000002,403.9912666977891,NA,NA,NA,NA,NA,CD,NA,2023-10-09,20835561,2023-10-09T15:47:20Z,457.94930875576034,1755,46,89,165,5.49,12:24:00,2023-10-09T15:24:00Z,416.6
SpC_CD_091023.xlsx,2023-10-09T12:47:30Z,2023-10-09T12:47:30Z,477.8,27.09,404.5699956735963,NA,NA,NA,NA,NA,CD,NA,2023-10-09,20835561,2023-10-09T15:47:30Z,458.6292954501824,1755,46,89,165,5.49,12:24:00,2023-10-09T15:24:00Z,416.6
SpC_CD_091023.xlsx,2023-10-09T12:47:40Z,2023-10-09T12:47:40Z,479.8,27.07,406.3982761695437,NA,NA,NA,NA,NA,CD,NA,2023-10-09,20835561,2023-10-09T15:47:40Z,460.72594584213556,1755,46,89,165,5.49,12:24:00,2023-10-09T15:24:00Z,416.6
SpC_CD_091023.xlsx,2023-10-09T12:47:50Z,2023-10-09T12:47:50Z,480.6,27.07,407.05461888712244,NA,NA,NA,NA,NA,CD,NA,2023-10-09,20835561,2023-10-09T15:47:50Z,461.4941425004801,1755,46,89,165,5.49,12:24:00,2023-10-09T15:24:00Z,416.6
SpC_CD_091023.xlsx,2023-10-09T12:48:00Z,2023-10-09T12:48:00Z,481.8,27.07,408.0496617865408,NA,NA,NA,NA,NA,CD,NA,2023-10-09,20835561,2023-10-09T15:48:00Z,462.6464374879969,1755,46,89,165,5.49,12:24:00,2023-10-09T15:24:00Z,416.6
SpC_CD_091023.xlsx,2023-10-09T12:48:10Z,2023-10-09T12:48:10Z,483.40000000000003,27.07,409.38335175898135,NA,NA,NA,NA,NA,CD,NA,2023-10-09,20835561,2023-10-09T15:48:10Z,464.182830804686,1755,46,89,165,5.49,12:24:00,2023-10-09T15:24:00Z,416.6
SpC_CD_091023.xlsx,2023-10-09T12:48:20Z,2023-10-09T12:48:20Z,484.6,27.05,410.53585065449283,NA,NA,NA,NA,NA,CD,NA,2023-10-09,20835561,2023-10-09T15:48:20Z,465.51392891450536,1755,46,89,165,5.49,12:24:00,2023-10-09T15:24:00Z,416.6
SpC_CD_091023.xlsx,2023-10-09T12:48:30Z,2023-10-09T12:48:30Z,485.8,27.05,411.53093940999594,NA,NA,NA,NA,NA,CD,NA,2023-10-09,20835561,2023-10-09T15:48:30Z,466.6666666666667,1755,46,89,165,5.49,12:24:00,2023-10-09T15:24:00Z,416.6
SpC_CD_091023.xlsx,2023-10-09T12:48:40Z,2023-10-09T12:48:40Z,487.3,27.05,412.7800446515519,NA,NA,NA,NA,NA,CD,NA,2023-10-09,20835561,2023-10-09T15:48:40Z,468.10758885686846,1755,46,89,165,5.49,12:24:00,2023-10-09T15:24:00Z,416.6
SpC_CD_091023.xlsx,2023-10-09T12:48:50Z,2023-10-09T12:48:50Z,487.70000000000005,27.07,412.9386123993855,NA,NA,NA,NA,NA,CD,NA,2023-10-09,20835561,2023-10-09T15:48:50Z,468.3118878432879,1755,46,89,165,5.49,12:24:00,2023-10-09T15:24:00Z,416.6
SpC_CD_091023.xlsx,2023-10-09T12:49:00Z,2023-10-09T12:49:00Z,488.90000000000003,27.07,413.9330224187297,NA,NA,NA,NA,NA,CD,NA,2023-10-09,20835561,2023-10-09T15:49:00Z,469.46418283080465,1755,46,89,165,5.49,12:24:00,2023-10-09T15:24:00Z,416.6
SpC_CD_091023.xlsx,2023-10-09T12:49:10Z,2023-10-09T12:49:10Z,490.1,27.05,415.0867603515519,NA,NA,NA,NA,NA,CD,NA,2023-10-09,20835561,2023-10-09T15:49:10Z,470.7973102785783,1755,46,89,165,5.49,12:24:00,2023-10-09T15:24:00Z,416.6
SpC_CD_091023.xlsx,2023-10-09T12:49:20Z,2023-10-09T12:49:20Z,490.5,27.05,415.4038209779173,NA,NA,NA,NA,NA,CD,NA,2023-10-09,20835561,2023-10-09T15:49:20Z,471.18155619596547,1755,46,89,165,5.49,12:24:00,2023-10-09T15:24:00Z,416.6
SpC_CD_091023.xlsx,2023-10-09T12:49:30Z,2023-10-09T12:49:30Z,490.90000000000003,27.05,415.72084618479994,NA,NA,NA,NA,NA,CD,NA,2023-10-09,20835561,2023-10-09T15:49:30Z,471.5658021133526,1755,46,89,165,5.49,12:24:00,2023-10-09T15:24:00Z,416.6
SpC_CD_091023.xlsx,2023-10-09T12:49:40Z,2023-10-09T12:49:40Z,491.3,27.05,416.0378359721996,NA,NA,NA,NA,NA,CD,NA,2023-10-09,20835561,2023-10-09T15:49:40Z,471.9500480307397,1755,46,89,165,5.49,12:24:00,2023-10-09T15:24:00Z,416.6
SpC_CD_091023.xlsx,2023-10-09T12:49:50Z,2023-10-09T12:49:50Z,492.1,27.05,416.69349669792837,NA,NA,NA,NA,NA,CD,NA,2023-10-09,20835561,2023-10-09T15:49:50Z,472.718539865514,1755,46,89,165,5.49,12:24:00,2023-10-09T15:24:00Z,416.6
SpC_CD_091023.xlsx,2023-10-09T12:50:00Z,2023-10-09T12:50:00Z,492.90000000000003,27.04,417.4292843338429,NA,NA,NA,NA,NA,CD,NA,2023-10-09,20835561,2023-10-09T15:50:00Z,473.5780169100692,1755,46,89,165,5.49,12:24:00,2023-10-09T15:24:00Z,416.6
SpC_CD_091023.xlsx,2023-10-09T12:50:10Z,2023-10-09T12:50:10Z,493.3,27.05,417.6659346941597,NA,NA,NA,NA,NA,CD,NA,2023-10-09,20835561,2023-10-09T15:50:10Z,473.87127761767533,1755,46,89,165,5.49,12:24:00,2023-10-09T15:24:00Z,416.6
SpC_CD_091023.xlsx,2023-10-09T12:50:20Z,2023-10-09T12:50:20Z,491.70000000000005,27.04,416.3694753767269,NA,NA,NA,NA,NA,CD,NA,2023-10-09,20835561,2023-10-09T15:50:20Z,472.4250576479632,1755,46,89,165,5.49,12:24:00,2023-10-09T15:24:00Z,416.6
SpC_CD_091023.xlsx,2023-10-09T12:50:30Z,2023-10-09T12:50:30Z,492.1,27.04,416.68640208483356,NA,NA,NA,NA,NA,CD,NA,2023-10-09,20835561,2023-10-09T15:50:30Z,472.8093774019985,1755,46,89,165,5.49,12:24:00,2023-10-09T15:24:00Z,416.6
SpC_CD_091023.xlsx,2023-10-09T12:50:40Z,2023-10-09T12:50:40Z,492.1,27.04,416.66461048878995,NA,NA,NA,NA,NA,CD,NA,2023-10-09,20835561,2023-10-09T15:50:40Z,472.8093774019985,1755,46,89,165,5.49,12:24:00,2023-10-09T15:24:00Z,416.6
SpC_CD_091023.xlsx,2023-10-09T12:50:50Z,2023-10-09T12:50:50Z,491.70000000000005,27.05,416.224172142299,NA,NA,NA,NA,NA,CD,NA,2023-10-09,20835561,2023-10-09T15:50:50Z,472.33429394812686,1755,46,89,165,5.49,12:24:00,2023-10-09T15:24:00Z,416.6
SpC_CD_091023.xlsx,2023-10-09T12:51:00Z,2023-10-09T12:51:00Z,492.1,27.05,416.5409848322846,NA,NA,NA,NA,NA,CD,NA,2023-10-09,20835561,2023-10-09T15:51:00Z,472.718539865514,1755,46,89,165,5.49,12:24:00,2023-10-09T15:24:00Z,416.6
SpC_CD_091023.xlsx,2023-10-09T12:51:10Z,2023-10-09T12:51:10Z,492.1,27.05,416.5191974229069,NA,NA,NA,NA,NA,CD,NA,2023-10-09,20835561,2023-10-09T15:51:10Z,472.718539865514,1755,46,89,165,5.49,12:24:00,2023-10-09T15:24:00Z,416.6
SpC_CD_091023.xlsx,2023-10-09T12:51:20Z,2023-10-09T12:51:20Z,491.3,27.05,415.82031607325115,NA,NA,NA,NA,NA,CD,NA,2023-10-09,20835561,2023-10-09T15:51:20Z,471.9500480307397,1755,46,89,165,5.49,12:24:00,2023-10-09T15:24:00Z,416.6
SpC_CD_091023.xlsx,2023-10-09T12:51:30Z,2023-10-09T12:51:30Z,491.3,27.05,415.7985640833563,NA,NA,NA,NA,NA,CD,NA,2023-10-09,20835561,2023-10-09T15:51:30Z,471.9500480307397,1755,46,89,165,5.49,12:24:00,2023-10-09T15:24:00Z,416.6
SpC_CD_091023.xlsx,2023-10-09T12:51:40Z,2023-10-09T12:51:40Z,491.3,27.05,415.7768120934615,NA,NA,NA,NA,NA,CD,NA,2023-10-09,20835561,2023-10-09T15:51:40Z,471.9500480307397,1755,46,89,165,5.49,12:24:00,2023-10-09T15:24:00Z,416.6
SpC_CD_091023.xlsx,2023-10-09T12:51:50Z,2023-10-09T12:51:50Z,491.3,27.05,415.7550601035666,NA,NA,NA,NA,NA,CD,NA,2023-10-09,20835561,2023-10-09T15:51:50Z,471.9500480307397,1755,46,89,165,5.49,12:24:00,2023-10-09T15:24:00Z,416.6
SpC_CD_091023.xlsx,2023-10-09T12:52:00Z,2023-10-09T12:52:00Z,490.90000000000003,27.05,415.39483198249843,NA,NA,NA,NA,NA,CD,NA,2023-10-09,20835561,2023-10-09T15:52:00Z,471.5658021133526,1755,46,89,165,5.49,12:24:00,2023-10-09T15:24:00Z,416.6
SpC_CD_091023.xlsx,2023-10-09T12:52:10Z,2023-10-09T12:52:10Z,490.5,27.05,415.03463928091304,NA,NA,NA,NA,NA,CD,NA,2023-10-09,20835561,2023-10-09T15:52:10Z,471.18155619596547,1755,46,89,165,5.49,12:24:00,2023-10-09T15:24:00Z,416.6
SpC_CD_091023.xlsx,2023-10-09T12:52:20Z,2023-10-09T12:52:20Z,490.1,27.05,414.6744819988105,NA,NA,NA,NA,NA,CD,NA,2023-10-09,20835561,2023-10-09T15:52:20Z,470.7973102785783,1755,46,89,165,5.49,12:24:00,2023-10-09T15:24:00Z,416.6
SpC_CD_091023.xlsx,2023-10-09T12:52:30Z,2023-10-09T12:52:30Z,489.3,27.05,413.97593713424175,NA,NA,NA,NA,NA,CD,NA,2023-10-09,20835561,2023-10-09T15:52:30Z,470.0288184438041,1755,46,89,165,5.49,12:24:00,2023-10-09T15:24:00Z,416.6
SpC_CD_091023.xlsx,2023-10-09T12:52:40Z,2023-10-09T12:52:40Z,489.70000000000005,27.05,414.29267898526166,NA,NA,NA,NA,NA,CD,NA,2023-10-09,20835561,2023-10-09T15:52:40Z,470.41306436119123,1755,46,89,165,5.49,12:24:00,2023-10-09T15:24:00Z,416.6
SpC_CD_091023.xlsx,2023-10-09T12:52:50Z,2023-10-09T12:52:50Z,488.90000000000003,27.05,413.5942226694,NA,NA,NA,NA,NA,CD,NA,2023-10-09,20835561,2023-10-09T15:52:50Z,469.644572526417,1755,46,89,165,5.49,12:24:00,2023-10-09T15:24:00Z,416.6
SpC_CD_091023.xlsx,2023-10-09T12:53:00Z,2023-10-09T12:53:00Z,488.90000000000003,27.05,413.5725769379536,NA,NA,NA,NA,NA,CD,NA,2023-10-09,20835561,2023-10-09T15:53:00Z,469.644572526417,1755,46,89,165,5.49,12:24:00,2023-10-09T15:24:00Z,416.6
SpC_CD_091023.xlsx,2023-10-09T12:53:10Z,2023-10-09T12:53:10Z,488.90000000000003,27.05,413.55093120650724,NA,NA,NA,NA,NA,CD,NA,2023-10-09,20835561,2023-10-09T15:53:10Z,469.644572526417,1755,46,89,165,5.49,12:24:00,2023-10-09T15:24:00Z,416.6
SpC_CD_091023.xlsx,2023-10-09T12:53:20Z,2023-10-09T12:53:20Z,488.5,27.05,413.1909510218188,NA,NA,NA,NA,NA,CD,NA,2023-10-09,20835561,2023-10-09T15:53:20Z,469.2603266090298,1755,46,89,165,5.49,12:24:00,2023-10-09T15:24:00Z,416.6
SpC_CD_091023.xlsx,2023-10-09T12:53:30Z,2023-10-09T12:53:30Z,487.70000000000005,27.07,412.3342517602749,NA,NA,NA,NA,NA,CD,NA,2023-10-09,20835561,2023-10-09T15:53:30Z,468.3118878432879,1755,46,89,165,5.49,12:24:00,2023-10-09T15:24:00Z,416.6
SpC_CD_091023.xlsx,2023-10-09T12:53:40Z,2023-10-09T12:53:40Z,487.3,27.07,411.97449835806964,NA,NA,NA,NA,NA,CD,NA,2023-10-09,20835561,2023-10-09T15:53:40Z,467.9277895141156,1755,46,89,165,5.49,12:24:00,2023-10-09T15:24:00Z,416.6
SpC_CD_091023.xlsx,2023-10-09T12:53:50Z,2023-10-09T12:53:50Z,486.90000000000003,27.07,411.6147803617427,NA,NA,NA,NA,NA,CD,NA,2023-10-09,20835561,2023-10-09T15:53:50Z,467.5436911849433,1755,46,89,165,5.49,12:24:00,2023-10-09T15:24:00Z,416.6
SpC_CD_091023.xlsx,2023-10-09T12:54:00Z,2023-10-09T12:54:00Z,486.5,27.080000000000002,411.1761317386958,NA,NA,NA,NA,NA,CD,NA,2023-10-09,20835561,2023-10-09T15:54:00Z,467.0698924731182,1755,46,89,165,5.49,12:24:00,2023-10-09T15:24:00Z,416.6
SpC_CD_091023.xlsx,2023-10-09T12:54:10Z,2023-10-09T12:54:10Z,486.1,27.080000000000002,410.8165536108045,NA,NA,NA,NA,NA,CD,NA,2023-10-09,20835561,2023-10-09T15:54:10Z,466.6858678955453,1755,46,89,165,5.49,12:24:00,2023-10-09T15:24:00Z,416.6
SpC_CD_091023.xlsx,2023-10-09T12:54:20Z,2023-10-09T12:54:20Z,484.90000000000003,27.07,409.85964224421343,NA,NA,NA,NA,NA,CD,NA,2023-10-09,20835561,2023-10-09T15:54:20Z,465.623199539082,1755,46,89,165,5.49,12:24:00,2023-10-09T15:24:00Z,416.6
SpC_CD_091023.xlsx,2023-10-09T12:54:30Z,2023-10-09T12:54:30Z,484.90000000000003,27.07,409.8381818562477,NA,NA,NA,NA,NA,CD,NA,2023-10-09,20835561,2023-10-09T15:54:30Z,465.623199539082,1755,46,89,165,5.49,12:24:00,2023-10-09T15:24:00Z,416.6
SpC_CD_091023.xlsx,2023-10-09T12:54:40Z,2023-10-09T12:54:40Z,484.1,27.080000000000002,409.06203569400157,NA,NA,NA,NA,NA,CD,NA,2023-10-09,20835561,2023-10-09T15:54:40Z,464.7657450076805,1755,46,89,165,5.49,12:24:00,2023-10-09T15:24:00Z,416.6
SpC_CD_091023.xlsx,2023-10-09T12:54:50Z,2023-10-09T12:54:50Z,484.1,27.09,408.962089079023,NA,NA,NA,NA,NA,CD,NA,2023-10-09,20835561,2023-10-09T15:54:50Z,464.67652140526013,1755,46,89,165,5.49,12:24:00,2023-10-09T15:24:00Z,416.6
SpC_CD_091023.xlsx,2023-10-09T12:55:00Z,2023-10-09T12:55:00Z,483.70000000000005,27.11,408.4459514668619,NA,NA,NA,NA,NA,CD,NA,2023-10-09,20835561,2023-10-09T15:55:00Z,464.1143734407984,1755,46,89,165,5.49,12:24:00,2023-10-09T15:24:00Z,416.6
SpC_CD_091023.xlsx,2023-10-09T12:55:10Z,2023-10-09T12:55:10Z,483.3,27.11,408.0868103115356,NA,NA,NA,NA,NA,CD,NA,2023-10-09,20835561,2023-10-09T15:55:10Z,463.73056994818654,1755,46,89,165,5.49,12:24:00,2023-10-09T15:24:00Z,416.6
SpC_CD_091023.xlsx,2023-10-09T12:55:20Z,2023-10-09T12:55:20Z,482.5,27.14,407.1555703208169,NA,NA,NA,NA,NA,CD,NA,2023-10-09,20835561,2023-10-09T15:55:20Z,462.69658611430765,1755,46,89,165,5.49,12:24:00,2023-10-09T15:24:00Z,416.6
SpC_CD_091023.xlsx,2023-10-09T12:55:30Z,2023-10-09T12:55:30Z,482.5,27.13,407.2123446168859,NA,NA,NA,NA,NA,CD,NA,2023-10-09,20835561,2023-10-09T15:55:30Z,462.785344331479,1755,46,89,165,5.49,12:24:00,2023-10-09T15:24:00Z,416.6
SpC_CD_091023.xlsx,2023-10-09T12:55:40Z,2023-10-09T12:55:40Z,482.1,27.13,406.85344734368795,NA,NA,NA,NA,NA,CD,NA,2023-10-09,20835561,2023-10-09T15:55:40Z,462.40168808747364,1755,46,89,165,5.49,12:24:00,2023-10-09T15:24:00Z,416.6
SpC_CD_091023.xlsx,2023-10-09T12:55:50Z,2023-10-09T12:55:50Z,481.3,27.11,406.3129199260812,NA,NA,NA,NA,NA,CD,NA,2023-10-09,20835561,2023-10-09T15:55:50Z,461.8115524851276,1755,46,89,165,5.49,12:24:00,2023-10-09T15:24:00Z,416.6
SpC_CD_091023.xlsx,2023-10-09T12:56:00Z,2023-10-09T12:56:00Z,481,27.09,406.19428760532026,NA,NA,NA,NA,NA,CD,NA,2023-10-09,20835561,2023-10-09T15:56:00Z,461.70090228450755,1755,46,89,165,5.49,12:24:00,2023-10-09T15:24:00Z,416.6
SpC_CD_091023.xlsx,2023-10-09T12:56:10Z,2023-10-09T12:56:10Z,480.6,27.11,405.67947320294763,NA,NA,NA,NA,NA,CD,NA,2023-10-09,20835561,2023-10-09T15:56:10Z,461.139896373057,1755,46,89,165,5.49,12:24:00,2023-10-09T15:24:00Z,416.6
SpC_CD_091023.xlsx,2023-10-09T12:56:20Z,2023-10-09T12:56:20Z,480.20000000000005,27.11,405.32059296553734,NA,NA,NA,NA,NA,CD,NA,2023-10-09,20835561,2023-10-09T15:56:20Z,460.75609288044524,1755,46,89,165,5.49,12:24:00,2023-10-09T15:24:00Z,416.6
SpC_CD_091023.xlsx,2023-10-09T12:56:30Z,2023-10-09T12:56:30Z,479.8,27.1,405.0394758895735,NA,NA,NA,NA,NA,CD,NA,2023-10-09,20835561,2023-10-09T15:56:30Z,460.4606525911708,1755,46,89,165,5.49,12:24:00,2023-10-09T15:24:00Z,416.6
SpC_CD_091023.xlsx,2023-10-09T12:56:40Z,2023-10-09T12:56:40Z,479.40000000000003,27.13,404.447710183071,NA,NA,NA,NA,NA,CD,NA,2023-10-09,20835561,2023-10-09T15:56:40Z,459.8120084404374,1755,46,89,165,5.49,12:24:00,2023-10-09T15:24:00Z,416.6
SpC_CD_091023.xlsx,2023-10-09T12:56:50Z,2023-10-09T12:56:50Z,478.6,27.11,403.9065911104566,NA,NA,NA,NA,NA,CD,NA,2023-10-09,20835561,2023-10-09T15:56:50Z,459.2208789099981,1755,46,89,165,5.49,12:24:00,2023-10-09T15:24:00Z,416.6
SpC_CD_091023.xlsx,2023-10-09T12:57:00Z,2023-10-09T12:57:00Z,478.20000000000005,27.13,403.39304641708827,NA,NA,NA,NA,NA,CD,NA,2023-10-09,20835561,2023-10-09T15:57:00Z,458.6610397084213,1755,46,89,165,5.49,12:24:00,2023-10-09T15:24:00Z,416.6
SpC_CD_091023.xlsx,2023-10-09T12:57:10Z,2023-10-09T12:57:10Z,477.40000000000003,27.11,402.8516463862885,NA,NA,NA,NA,NA,CD,NA,2023-10-09,20835561,2023-10-09T15:57:10Z,458.06946843216275,1755,46,89,165,5.49,12:24:00,2023-10-09T15:24:00Z,416.6
SpC_CD_091023.xlsx,2023-10-09T12:57:20Z,2023-10-09T12:57:20Z,477.40000000000003,27.11,402.8305341467834,NA,NA,NA,NA,NA,CD,NA,2023-10-09,20835561,2023-10-09T15:57:20Z,458.06946843216275,1755,46,89,165,5.49,12:24:00,2023-10-09T15:24:00Z,416.6
SpC_CD_091023.xlsx,2023-10-09T12:57:30Z,2023-10-09T12:57:30Z,477,27.1,402.5491691381582,NA,NA,NA,NA,NA,CD,NA,2023-10-09,20835561,2023-10-09T15:57:30Z,457.7735124760077,1755,46,89,165,5.49,12:24:00,2023-10-09T15:24:00Z,416.6
SpC_CD_091023.xlsx,2023-10-09T12:57:40Z,2023-10-09T12:57:40Z,477,27.1,402.52807053914535,NA,NA,NA,NA,NA,CD,NA,2023-10-09,20835561,2023-10-09T15:57:40Z,457.7735124760077,1755,46,89,165,5.49,12:24:00,2023-10-09T15:24:00Z,416.6
SpC_CD_091023.xlsx,2023-10-09T12:57:50Z,2023-10-09T12:57:50Z,477,27.080000000000002,402.66154451000193,NA,NA,NA,NA,NA,CD,NA,2023-10-09,20835561,2023-10-09T15:57:50Z,457.94930875576034,1755,46,89,165,5.49,12:24:00,2023-10-09T15:24:00Z,416.6
SpC_CD_091023.xlsx,2023-10-09T12:58:00Z,2023-10-09T12:58:00Z,476.6,27.09,402.225561584915,NA,NA,NA,NA,NA,CD,NA,2023-10-09,20835561,2023-10-09T15:58:00Z,457.4774428873104,1755,46,89,165,5.49,12:24:00,2023-10-09T15:24:00Z,416.6
SpC_CD_091023.xlsx,2023-10-09T12:58:10Z,2023-10-09T12:58:10Z,476.6,27.09,402.2044766316317,NA,NA,NA,NA,NA,CD,NA,2023-10-09,20835561,2023-10-09T15:58:10Z,457.4774428873104,1755,46,89,165,5.49,12:24:00,2023-10-09T15:24:00Z,416.6
SpC_CD_091023.xlsx,2023-10-09T12:58:20Z,2023-10-09T12:58:20Z,465.90000000000003,27.080000000000002,393.2295864793968,NA,NA,NA,NA,NA,CD,NA,2023-10-09,20835561,2023-10-09T15:58:20Z,447.2926267281106,1755,46,89,165,5.49,12:24:00,2023-10-09T15:24:00Z,416.6
SpC_CD_091023.xlsx,2023-10-09T12:58:30Z,2023-10-09T12:58:30Z,472.20000000000005,27.080000000000002,398.52602721180494,NA,NA,NA,NA,NA,CD,NA,2023-10-09,20835561,2023-10-09T15:58:30Z,453.3410138248848,1755,46,89,165,5.49,12:24:00,2023-10-09T15:24:00Z,416.6
SpC_CD_091023.xlsx,2023-10-09T12:58:40Z,2023-10-09T12:58:40Z,471.40000000000003,27.1,397.6772687100736,NA,NA,NA,NA,NA,CD,NA,2023-10-09,20835561,2023-10-09T15:58:40Z,452.3992322456814,1755,46,89,165,5.49,12:24:00,2023-10-09T15:24:00Z,416.6
SpC_CD_091023.xlsx,2023-10-09T12:58:50Z,2023-10-09T12:58:50Z,471,27.13,397.09034104586476,NA,NA,NA,NA,NA,CD,NA,2023-10-09,20835561,2023-10-09T15:58:50Z,451.7552273163246,1755,46,89,165,5.49,12:24:00,2023-10-09T15:24:00Z,416.6
SpC_CD_091023.xlsx,2023-10-09T12:59:00Z,2023-10-09T12:59:00Z,470.6,27.150000000000002,396.5801553447959,NA,NA,NA,NA,NA,CD,NA,2023-10-09,20835561,2023-10-09T15:59:00Z,451.1984659635666,1755,46,89,165,5.49,12:24:00,2023-10-09T15:24:00Z,416.6
SpC_CD_091023.xlsx,2023-10-09T12:59:10Z,2023-10-09T12:59:10Z,469.40000000000003,27.150000000000002,395.54815869963033,NA,NA,NA,NA,NA,CD,NA,2023-10-09,20835561,2023-10-09T15:59:10Z,450.04793863854263,1755,46,89,165,5.49,12:24:00,2023-10-09T15:24:00Z,416.6
SpC_CD_091023.xlsx,2023-10-09T12:59:20Z,2023-10-09T12:59:20Z,469.40000000000003,27.16,395.45158652657074,NA,NA,NA,NA,NA,CD,NA,2023-10-09,20835561,2023-10-09T15:59:20Z,449.9616564417179,1755,46,89,165,5.49,12:24:00,2023-10-09T15:24:00Z,416.6
SpC_CD_091023.xlsx,2023-10-09T12:59:30Z,2023-10-09T12:59:30Z,469,27.16,395.0938809102836,NA,NA,NA,NA,NA,CD,NA,2023-10-09,20835561,2023-10-09T15:59:30Z,449.57822085889575,1755,46,89,165,5.49,12:24:00,2023-10-09T15:24:00Z,416.6
SpC_CD_091023.xlsx,2023-10-09T12:59:40Z,2023-10-09T12:59:40Z,468.20000000000005,27.16,394.3992612485667,NA,NA,NA,NA,NA,CD,NA,2023-10-09,20835561,2023-10-09T15:59:40Z,448.8113496932516,1755,46,89,165,5.49,12:24:00,2023-10-09T15:24:00Z,416.6
SpC_CD_091023.xlsx,2023-10-09T12:59:50Z,2023-10-09T12:59:50Z,467.8,27.2,393.73969637432754,NA,NA,NA,NA,NA,CD,NA,2023-10-09,20835561,2023-10-09T15:59:50Z,448.08429118773944,1755,46,89,165,5.49,12:24:00,2023-10-09T15:24:00Z,416.6
SpC_CD_091023.xlsx,2023-10-09T13:00:00Z,2023-10-09T13:00:00Z,468.20000000000005,27.16,394.357890175573,NA,NA,NA,NA,NA,CD,NA,2023-10-09,20835561,2023-10-09T16:00:00Z,448.8113496932516,1755,46,89,165,5.49,12:24:00,2023-10-09T15:24:00Z,416.6
SpC_CD_091023.xlsx,2023-10-09T13:00:10Z,2023-10-09T13:00:10Z,467.8,27.2,393.69839232100827,NA,NA,NA,NA,NA,CD,NA,2023-10-09,20835561,2023-10-09T16:00:10Z,448.08429118773944,1755,46,89,165,5.49,12:24:00,2023-10-09T15:24:00Z,416.6
SpC_CD_091023.xlsx,2023-10-09T13:00:20Z,2023-10-09T13:00:20Z,467.40000000000003,27.2,393.3411197383039,NA,NA,NA,NA,NA,CD,NA,2023-10-09,20835561,2023-10-09T16:00:20Z,447.7011494252874,1755,46,89,165,5.49,12:24:00,2023-10-09T15:24:00Z,416.6
SpC_CD_091023.xlsx,2023-10-09T13:00:30Z,2023-10-09T13:00:30Z,466.6,27.18,392.79777680860246,NA,NA,NA,NA,NA,CD,NA,2023-10-09,20835561,2023-10-09T16:00:30Z,447.10617094672284,1755,46,89,165,5.49,12:24:00,2023-10-09T15:24:00Z,416.6
SpC_CD_091023.xlsx,2023-10-09T13:00:40Z,2023-10-09T13:00:40Z,465.8,27.2,391.9535100493191,NA,NA,NA,NA,NA,CD,NA,2023-10-09,20835561,2023-10-09T16:00:40Z,446.16858237547893,1755,46,89,165,5.49,12:24:00,2023-10-09T15:24:00Z,416.6
SpC_CD_091023.xlsx,2023-10-09T13:00:50Z,2023-10-09T13:00:50Z,465.40000000000003,27.16,391.89668270885,NA,NA,NA,NA,NA,CD,NA,2023-10-09,20835561,2023-10-09T16:00:50Z,446.127300613497,1755,46,89,165,5.49,12:24:00,2023-10-09T15:24:00Z,416.6
SpC_CD_091023.xlsx,2023-10-09T13:01:00Z,2023-10-09T13:01:00Z,464.6,27.16,391.20250485696846,NA,NA,NA,NA,NA,CD,NA,2023-10-09,20835561,2023-10-09T16:01:00Z,445.3604294478528,1755,46,89,165,5.49,12:24:00,2023-10-09T15:24:00Z,416.6
SpC_CD_091023.xlsx,2023-10-09T13:01:10Z,2023-10-09T13:01:10Z,464.6,27.18,391.0320427727897,NA,NA,NA,NA,NA,CD,NA,2023-10-09,20835561,2023-10-09T16:01:10Z,445.1897278650824,1755,46,89,165,5.49,12:24:00,2023-10-09T15:24:00Z,416.6
SpC_CD_091023.xlsx,2023-10-09T13:01:20Z,2023-10-09T13:01:20Z,463.8,27.19,390.2634452171349,NA,NA,NA,NA,NA,CD,NA,2023-10-09,20835561,2023-10-09T16:01:20Z,444.33799578463305,1755,46,89,165,5.49,12:24:00,2023-10-09T15:24:00Z,416.6
SpC_CD_091023.xlsx,2023-10-09T13:01:30Z,2023-10-09T13:01:30Z,463.1,27.16,389.8780941750165,NA,NA,NA,NA,NA,CD,NA,2023-10-09,20835561,2023-10-09T16:01:30Z,443.92254601227,1755,46,89,165,5.49,12:24:00,2023-10-09T15:24:00Z,416.6
SpC_CD_091023.xlsx,2023-10-09T13:01:40Z,2023-10-09T13:01:40Z,463.1,27.19,389.63353491921254,NA,NA,NA,NA,NA,CD,NA,2023-10-09,20835561,2023-10-09T16:01:40Z,443.66736922782144,1755,46,89,165,5.49,12:24:00,2023-10-09T15:24:00Z,416.6
SpC_CD_091023.xlsx,2023-10-09T13:01:50Z,2023-10-09T13:01:50Z,463,27.2,389.45433253782096,NA,NA,NA,NA,NA,CD,NA,2023-10-09,20835561,2023-10-09T16:01:50Z,443.48659003831415,1755,46,89,165,5.49,12:24:00,2023-10-09T15:24:00Z,416.6
SpC_CD_091023.xlsx,2023-10-09T13:02:00Z,2023-10-09T13:02:00Z,461.90000000000003,27.16,388.80660760444795,NA,NA,NA,NA,NA,CD,NA,2023-10-09,20835561,2023-10-09T16:02:00Z,442.7722392638037,1755,46,89,165,5.49,12:24:00,2023-10-09T15:24:00Z,416.6
SpC_CD_091023.xlsx,2023-10-09T13:02:10Z,2023-10-09T13:02:10Z,461.90000000000003,27.16,388.78620040814747,NA,NA,NA,NA,NA,CD,NA,2023-10-09,20835561,2023-10-09T16:02:10Z,442.7722392638037,1755,46,89,165,5.49,12:24:00,2023-10-09T15:24:00Z,416.6
SpC_CD_091023.xlsx,2023-10-09T13:02:20Z,2023-10-09T13:02:20Z,461.90000000000003,27.2,388.4678883894624,NA,NA,NA,NA,NA,CD,NA,2023-10-09,20835561,2023-10-09T16:02:20Z,442.4329501915709,1755,46,89,165,5.49,12:24:00,2023-10-09T15:24:00Z,416.6
SpC_CD_091023.xlsx,2023-10-09T13:02:30Z,2023-10-09T13:02:30Z,460.70000000000005,27.21,387.36411617283824,NA,NA,NA,NA,NA,CD,NA,2023-10-09,20835561,2023-10-09T16:02:30Z,441.199004022218,1755,46,89,165,5.49,12:24:00,2023-10-09T15:24:00Z,416.6
SpC_CD_091023.xlsx,2023-10-09T13:02:40Z,2023-10-09T13:02:40Z,460.70000000000005,27.2,387.4179852758807,NA,NA,NA,NA,NA,CD,NA,2023-10-09,20835561,2023-10-09T16:02:40Z,441.2835249042146,1755,46,89,165,5.49,12:24:00,2023-10-09T15:24:00Z,416.6
SpC_CD_091023.xlsx,2023-10-09T13:02:50Z,2023-10-09T13:02:50Z,460.3,27.240000000000002,386.76491943478436,NA,NA,NA,NA,NA,CD,NA,2023-10-09,20835561,2023-10-09T16:02:50Z,440.56278713629405,1755,46,89,165,5.49,12:24:00,2023-10-09T15:24:00Z,416.6
SpC_CD_091023.xlsx,2023-10-09T13:03:00Z,2023-10-09T13:03:00Z,460.20000000000005,27.26,386.51261821649524,NA,NA,NA,NA,NA,CD,NA,2023-10-09,20835561,2023-10-09T16:03:00Z,440.29850746268653,1755,46,89,165,5.49,12:24:00,2023-10-09T15:24:00Z,416.6
SpC_CD_091023.xlsx,2023-10-09T13:03:10Z,2023-10-09T13:03:10Z,459.5,27.25,385.9782974501379,NA,NA,NA,NA,NA,CD,NA,2023-10-09,20835561,2023-10-09T16:03:10Z,439.71291866028713,1755,46,89,165,5.49,12:24:00,2023-10-09T15:24:00Z,416.6
SpC_CD_091023.xlsx,2023-10-09T13:03:20Z,2023-10-09T13:03:20Z,458.3,27.22,385.1712395797876,NA,NA,NA,NA,NA,CD,NA,2023-10-09,20835561,2023-10-09T16:03:20Z,438.81654538491,1755,46,89,165,5.49,12:24:00,2023-10-09T15:24:00Z,416.6
SpC_CD_091023.xlsx,2023-10-09T13:03:30Z,2023-10-09T13:03:30Z,458.3,27.25,384.9298753612601,NA,NA,NA,NA,NA,CD,NA,2023-10-09,20835561,2023-10-09T16:03:30Z,438.5645933014354,1755,46,89,165,5.49,12:24:00,2023-10-09T15:24:00Z,416.6
SpC_CD_091023.xlsx,2023-10-09T13:03:40Z,2023-10-09T13:03:40Z,458.3,27.240000000000002,384.98334311629355,NA,NA,NA,NA,NA,CD,NA,2023-10-09,20835561,2023-10-09T16:03:40Z,438.6485451761103,1755,46,89,165,5.49,12:24:00,2023-10-09T15:24:00Z,416.6
SpC_CD_091023.xlsx,2023-10-09T13:03:50Z,2023-10-09T13:03:50Z,457.90000000000003,27.25,384.55352087601585,NA,NA,NA,NA,NA,CD,NA,2023-10-09,20835561,2023-10-09T16:03:50Z,438.18181818181824,1755,46,89,165,5.49,12:24:00,2023-10-09T15:24:00Z,416.6
SpC_CD_091023.xlsx,2023-10-09T13:04:00Z,2023-10-09T13:04:00Z,457.5,27.25,384.19741494224996,NA,NA,NA,NA,NA,CD,NA,2023-10-09,20835561,2023-10-09T16:04:00Z,437.799043062201,1755,46,89,165,5.49,12:24:00,2023-10-09T15:24:00Z,416.6
SpC_CD_091023.xlsx,2023-10-09T13:04:10Z,2023-10-09T13:04:10Z,457.5,27.26,384.1037242840791,NA,NA,NA,NA,NA,CD,NA,2023-10-09,20835561,2023-10-09T16:04:10Z,437.715269804822,1755,46,89,165,5.49,12:24:00,2023-10-09T15:24:00Z,416.6
SpC_CD_091023.xlsx,2023-10-09T13:04:20Z,2023-10-09T13:04:20Z,457.1,27.22,384.04168635432455,NA,NA,NA,NA,NA,CD,NA,2023-10-09,20835561,2023-10-09T16:04:20Z,437.6675603217158,1755,46,89,165,5.49,12:24:00,2023-10-09T15:24:00Z,416.6
SpC_CD_091023.xlsx,2023-10-09T13:04:30Z,2023-10-09T13:04:30Z,456.70000000000005,27.240000000000002,383.53857073782103,NA,NA,NA,NA,NA,CD,NA,2023-10-09,20835561,2023-10-09T16:04:30Z,437.1171516079633,1755,46,89,165,5.49,12:24:00,2023-10-09T15:24:00Z,416.6
SpC_CD_091023.xlsx,2023-10-09T13:04:40Z,2023-10-09T13:04:40Z,457.1,27.240000000000002,383.85432821044685,NA,NA,NA,NA,NA,CD,NA,2023-10-09,20835561,2023-10-09T16:04:40Z,437.50000000000006,1755,46,89,165,5.49,12:24:00,2023-10-09T15:24:00Z,416.6
SpC_CD_091023.xlsx,2023-10-09T13:04:50Z,2023-10-09T13:04:50Z,456.70000000000005,27.22,383.64515555761704,NA,NA,NA,NA,NA,CD,NA,2023-10-09,20835561,2023-10-09T16:04:50Z,437.28456530065114,1755,46,89,165,5.49,12:24:00,2023-10-09T15:24:00Z,416.6
SpC_CD_091023.xlsx,2023-10-09T13:05:00Z,2023-10-09T13:05:00Z,456.70000000000005,27.25,383.40473812739253,NA,NA,NA,NA,NA,CD,NA,2023-10-09,20835561,2023-10-09T16:05:00Z,437.0334928229666,1755,46,89,165,5.49,12:24:00,2023-10-09T15:24:00Z,416.6
SpC_CD_091023.xlsx,2023-10-09T13:05:10Z,2023-10-09T13:05:10Z,456.70000000000005,27.26,383.31123442582765,NA,NA,NA,NA,NA,CD,NA,2023-10-09,20835561,2023-10-09T16:05:10Z,436.94986605434366,1755,46,89,165,5.49,12:24:00,2023-10-09T15:24:00Z,416.6
SpC_CD_091023.xlsx,2023-10-09T13:05:20Z,2023-10-09T13:05:20Z,456.70000000000005,27.26,383.2910955803913,NA,NA,NA,NA,NA,CD,NA,2023-10-09,20835561,2023-10-09T16:05:20Z,436.94986605434366,1755,46,89,165,5.49,12:24:00,2023-10-09T15:24:00Z,416.6
SpC_CD_091023.xlsx,2023-10-09T13:05:30Z,2023-10-09T13:05:30Z,455.5,27.26,382.26389488235594,NA,NA,NA,NA,NA,CD,NA,2023-10-09,20835561,2023-10-09T16:05:30Z,435.80176042862604,1755,46,89,165,5.49,12:24:00,2023-10-09T15:24:00Z,416.6
SpC_CD_091023.xlsx,2023-10-09T13:05:40Z,2023-10-09T13:05:40Z,455.5,27.27,382.1706802346574,NA,NA,NA,NA,NA,CD,NA,2023-10-09,20835561,2023-10-09T16:05:40Z,435.7183853070595,1755,46,89,165,5.49,12:24:00,2023-10-09T15:24:00Z,416.6
SpC_CD_091023.xlsx,2023-10-09T13:05:50Z,2023-10-09T13:05:50Z,455.5,27.3,381.9313913036168,NA,NA,NA,NA,NA,CD,NA,2023-10-09,20835561,2023-10-09T16:05:50Z,435.4684512428298,1755,46,89,165,5.49,12:24:00,2023-10-09T15:24:00Z,416.6
SpC_CD_091023.xlsx,2023-10-09T13:06:00Z,2023-10-09T13:06:00Z,454.70000000000005,27.26,381.5323683563046,NA,NA,NA,NA,NA,CD,NA,2023-10-09,20835561,2023-10-09T16:06:00Z,435.03635667814774,1755,46,89,165,5.49,12:24:00,2023-10-09T15:24:00Z,416.6
SpC_CD_091023.xlsx,2023-10-09T13:06:10Z,2023-10-09T13:06:10Z,453.90000000000003,27.21,381.20580468473383,NA,NA,NA,NA,NA,CD,NA,2023-10-09,20835561,2023-10-09T16:06:10Z,434.68684160122586,1755,46,89,165,5.49,12:24:00,2023-10-09T15:24:00Z,416.6
SpC_CD_091023.xlsx,2023-10-09T13:06:20Z,2023-10-09T13:06:20Z,453.90000000000003,27.21,381.185770141194,NA,NA,NA,NA,NA,CD,NA,2023-10-09,20835561,2023-10-09T16:06:20Z,434.68684160122586,1755,46,89,165,5.49,12:24:00,2023-10-09T15:24:00Z,416.6
SpC_CD_091023.xlsx,2023-10-09T13:06:30Z,2023-10-09T13:06:30Z,453.90000000000003,27.22,381.09274330818687,NA,NA,NA,NA,NA,CD,NA,2023-10-09,20835561,2023-10-09T16:06:30Z,434.60360015319804,1755,46,89,165,5.49,12:24:00,2023-10-09T15:24:00Z,416.6
SpC_CD_091023.xlsx,2023-10-09T13:06:40Z,2023-10-09T13:06:40Z,453.5,27.240000000000002,380.5911272417173,NA,NA,NA,NA,NA,CD,NA,2023-10-09,20835561,2023-10-09T16:06:40Z,434.05436447166926,1755,46,89,165,5.49,12:24:00,2023-10-09T15:24:00Z,416.6
SpC_CD_091023.xlsx,2023-10-09T13:06:50Z,2023-10-09T13:06:50Z,453.1,27.22,380.38107549301384,NA,NA,NA,NA,NA,CD,NA,2023-10-09,20835561,2023-10-09T16:06:50Z,433.83761011106856,1755,46,89,165,5.49,12:24:00,2023-10-09T15:24:00Z,416.6
SpC_CD_091023.xlsx,2023-10-09T13:07:00Z,2023-10-09T13:07:00Z,452.70000000000005,27.22,380.02529454169166,NA,NA,NA,NA,NA,CD,NA,2023-10-09,20835561,2023-10-09T16:07:00Z,433.45461509000387,1755,46,89,165,5.49,12:24:00,2023-10-09T15:24:00Z,416.6
SpC_CD_091023.xlsx,2023-10-09T13:07:10Z,2023-10-09T13:07:10Z,452.3,27.21,379.7422685936253,NA,NA,NA,NA,NA,CD,NA,2023-10-09,20835561,2023-10-09T16:07:10Z,433.15456809040415,1755,46,89,165,5.49,12:24:00,2023-10-09T15:24:00Z,416.6
SpC_CD_091023.xlsx,2023-10-09T13:07:20Z,2023-10-09T13:07:20Z,452.3,27.2,379.79504840848887,NA,NA,NA,NA,NA,CD,NA,2023-10-09,20835561,2023-10-09T16:07:20Z,433.23754789272033,1755,46,89,165,5.49,12:24:00,2023-10-09T15:24:00Z,416.6
SpC_CD_091023.xlsx,2023-10-09T13:07:30Z,2023-10-09T13:07:30Z,451.90000000000003,27.2,379.43921943688275,NA,NA,NA,NA,NA,CD,NA,2023-10-09,20835561,2023-10-09T16:07:30Z,432.8544061302682,1755,46,89,165,5.49,12:24:00,2023-10-09T15:24:00Z,416.6
SpC_CD_091023.xlsx,2023-10-09T13:07:40Z,2023-10-09T13:07:40Z,451.90000000000003,27.2,379.41926934956444,NA,NA,NA,NA,NA,CD,NA,2023-10-09,20835561,2023-10-09T16:07:40Z,432.8544061302682,1755,46,89,165,5.49,12:24:00,2023-10-09T15:24:00Z,416.6
SpC_CD_091023.xlsx,2023-10-09T13:07:50Z,2023-10-09T13:07:50Z,452,27.18,379.6287273588573,NA,NA,NA,NA,NA,CD,NA,2023-10-09,20835561,2023-10-09T16:07:50Z,433.1161364507474,1755,46,89,165,5.49,12:24:00,2023-10-09T15:24:00Z,416.6
SpC_CD_091023.xlsx,2023-10-09T13:08:00Z,2023-10-09T13:08:00Z,451.6,27.18,379.2728282481312,NA,NA,NA,NA,NA,CD,NA,2023-10-09,20835561,2023-10-09T16:08:00Z,432.7328478344193,1755,46,89,165,5.49,12:24:00,2023-10-09T15:24:00Z,416.6
SpC_CD_091023.xlsx,2023-10-09T13:08:10Z,2023-10-09T13:08:10Z,451.90000000000003,27.21,379.28675878899105,NA,NA,NA,NA,NA,CD,NA,2023-10-09,20835561,2023-10-09T16:08:10Z,432.77149971269876,1755,46,89,165,5.49,12:24:00,2023-10-09T15:24:00Z,416.6
SpC_CD_091023.xlsx,2023-10-09T13:08:20Z,2023-10-09T13:08:20Z,451.1,27.21,378.59539528442906,NA,NA,NA,NA,NA,CD,NA,2023-10-09,20835561,2023-10-09T16:08:20Z,432.0053629572879,1755,46,89,165,5.49,12:24:00,2023-10-09T15:24:00Z,416.6
SpC_CD_091023.xlsx,2023-10-09T13:08:30Z,2023-10-09T13:08:30Z,451.5,27.2,378.9837636406446,NA,NA,NA,NA,NA,CD,NA,2023-10-09,20835561,2023-10-09T16:08:30Z,432.47126436781605,1755,46,89,165,5.49,12:24:00,2023-10-09T15:24:00Z,416.6
SpC_CD_091023.xlsx,2023-10-09T13:08:40Z,2023-10-09T13:08:40Z,451.20000000000005,27.2,378.71202800206993,NA,NA,NA,NA,NA,CD,NA,2023-10-09,20835561,2023-10-09T16:08:40Z,432.18390804597703,1755,46,89,165,5.49,12:24:00,2023-10-09T15:24:00Z,416.6
SpC_CD_091023.xlsx,2023-10-09T13:08:50Z,2023-10-09T13:08:50Z,450.40000000000003,27.19,378.09310053694554,NA,NA,NA,NA,NA,CD,NA,2023-10-09,20835561,2023-10-09T16:08:50Z,431.5002874113815,1755,46,89,165,5.49,12:24:00,2023-10-09T15:24:00Z,416.6
SpC_CD_091023.xlsx,2023-10-09T13:09:00Z,2023-10-09T13:09:00Z,450,27.19,377.73744624153875,NA,NA,NA,NA,NA,CD,NA,2023-10-09,20835561,2023-10-09T16:09:00Z,431.11707223606055,1755,46,89,165,5.49,12:24:00,2023-10-09T15:24:00Z,416.6
SpC_CD_091023.xlsx,2023-10-09T13:09:10Z,2023-10-09T13:09:10Z,450,27.21,377.57288456809204,NA,NA,NA,NA,NA,CD,NA,2023-10-09,20835561,2023-10-09T16:09:10Z,430.95192491859797,1755,46,89,165,5.49,12:24:00,2023-10-09T15:24:00Z,416.6
SpC_CD_091023.xlsx,2023-10-09T13:09:20Z,2023-10-09T13:09:20Z,450,27.2,377.6253503305415,NA,NA,NA,NA,NA,CD,NA,2023-10-09,20835561,2023-10-09T16:09:20Z,431.0344827586207,1755,46,89,165,5.49,12:24:00,2023-10-09T15:24:00Z,416.6
SpC_CD_091023.xlsx,2023-10-09T13:09:30Z,2023-10-09T13:09:30Z,449.6,27.19,377.3421225664906,NA,NA,NA,NA,NA,CD,NA,2023-10-09,20835561,2023-10-09T16:09:30Z,430.7338570607396,1755,46,89,165,5.49,12:24:00,2023-10-09T15:24:00Z,416.6
SpC_CD_091023.xlsx,2023-10-09T13:09:40Z,2023-10-09T13:09:40Z,449.20000000000005,27.19,376.9865742444934,NA,NA,NA,NA,NA,CD,NA,2023-10-09,20835561,2023-10-09T16:09:40Z,430.35064188541867,1755,46,89,165,5.49,12:24:00,2023-10-09T15:24:00Z,416.6
SpC_CD_091023.xlsx,2023-10-09T13:09:50Z,2023-10-09T13:09:50Z,448.8,27.19,376.63106124696594,NA,NA,NA,NA,NA,CD,NA,2023-10-09,20835561,2023-10-09T16:09:50Z,429.9674267100977,1755,46,89,165,5.49,12:24:00,2023-10-09T15:24:00Z,416.6
SpC_CD_091023.xlsx,2023-10-09T13:10:00Z,2023-10-09T13:10:00Z,448.8,27.2,376.5390964714455,NA,NA,NA,NA,NA,CD,NA,2023-10-09,20835561,2023-10-09T16:10:00Z,429.88505747126436,1755,46,89,165,5.49,12:24:00,2023-10-09T15:24:00Z,416.6
SpC_CD_091023.xlsx,2023-10-09T13:10:10Z,2023-10-09T13:10:10Z,448.40000000000003,27.2,376.1837045564104,NA,NA,NA,NA,NA,CD,NA,2023-10-09,20835561,2023-10-09T16:10:10Z,429.5019157088123,1755,46,89,165,5.49,12:24:00,2023-10-09T15:24:00Z,416.6
SpC_CD_091023.xlsx,2023-10-09T13:10:20Z,2023-10-09T13:10:20Z,448.40000000000003,27.2,376.16390898404154,NA,NA,NA,NA,NA,CD,NA,2023-10-09,20835561,2023-10-09T16:10:20Z,429.5019157088123,1755,46,89,165,5.49,12:24:00,2023-10-09T15:24:00Z,416.6
SpC_CD_091023.xlsx,2023-10-09T13:10:30Z,2023-10-09T13:10:30Z,448,27.2,375.8085700455604,NA,NA,NA,NA,NA,CD,NA,2023-10-09,20835561,2023-10-09T16:10:30Z,429.11877394636014,1755,46,89,165,5.49,12:24:00,2023-10-09T15:24:00Z,416.6
SpC_CD_091023.xlsx,2023-10-09T13:10:40Z,2023-10-09T13:10:40Z,447.6,27.2,375.45326642478204,NA,NA,NA,NA,NA,CD,NA,2023-10-09,20835561,2023-10-09T16:10:40Z,428.735632183908,1755,46,89,165,5.49,12:24:00,2023-10-09T15:24:00Z,416.6
SpC_CD_091023.xlsx,2023-10-09T13:10:50Z,2023-10-09T13:10:50Z,447.20000000000005,27.2,375.0979981217065,NA,NA,NA,NA,NA,CD,NA,2023-10-09,20835561,2023-10-09T16:10:50Z,428.35249042145597,1755,46,89,165,5.49,12:24:00,2023-10-09T15:24:00Z,416.6
SpC_CD_091023.xlsx,2023-10-09T13:11:00Z,2023-10-09T13:11:00Z,446.40000000000003,27.19,374.4790140214922,NA,NA,NA,NA,NA,CD,NA,2023-10-09,20835561,2023-10-09T16:11:00Z,427.66813565817205,1755,46,89,165,5.49,12:24:00,2023-10-09T15:24:00Z,416.6
SpC_CD_091023.xlsx,2023-10-09T13:11:10Z,2023-10-09T13:11:10Z,446.40000000000003,27.2,374.38756746866335,NA,NA,NA,NA,NA,CD,NA,2023-10-09,20835561,2023-10-09T16:11:10Z,427.58620689655174,1755,46,89,165,5.49,12:24:00,2023-10-09T15:24:00Z,416.6
SpC_CD_091023.xlsx,2023-10-09T13:11:20Z,2023-10-09T13:11:20Z,446,27.2,374.0324051186958,NA,NA,NA,NA,NA,CD,NA,2023-10-09,20835561,2023-10-09T16:11:20Z,427.2030651340996,1755,46,89,165,5.49,12:24:00,2023-10-09T15:24:00Z,416.6
SpC_CD_091023.xlsx,2023-10-09T13:11:30Z,2023-10-09T13:11:30Z,446,27.21,373.94107927735126,NA,NA,NA,NA,NA,CD,NA,2023-10-09,20835561,2023-10-09T16:11:30Z,427.12124114154375,1755,46,89,165,5.49,12:24:00,2023-10-09T15:24:00Z,416.6
SpC_CD_091023.xlsx,2023-10-09T13:11:40Z,2023-10-09T13:11:40Z,445.6,27.22,373.51449712329236,NA,NA,NA,NA,NA,CD,NA,2023-10-09,20835561,2023-10-09T16:11:40Z,426.65645346610495,1755,46,89,165,5.49,12:24:00,2023-10-09T15:24:00Z,416.6
SpC_CD_091023.xlsx,2023-10-09T13:11:50Z,2023-10-09T13:11:50Z,445.6,27.21,373.56636972696714,NA,NA,NA,NA,NA,CD,NA,2023-10-09,20835561,2023-10-09T16:11:50Z,426.73817276383835,1755,46,89,165,5.49,12:24:00,2023-10-09T15:24:00Z,416.6
SpC_CD_091023.xlsx,2023-10-09T13:12:00Z,2023-10-09T13:12:00Z,445.20000000000005,27.21,373.2113813355468,NA,NA,NA,NA,NA,CD,NA,2023-10-09,20835561,2023-10-09T16:12:00Z,426.35510438613295,1755,46,89,165,5.49,12:24:00,2023-10-09T15:24:00Z,416.6
SpC_CD_091023.xlsx,2023-10-09T13:12:10Z,2023-10-09T13:12:10Z,445.20000000000005,27.21,373.19173079845933,NA,NA,NA,NA,NA,CD,NA,2023-10-09,20835561,2023-10-09T16:12:10Z,426.35510438613295,1755,46,89,165,5.49,12:24:00,2023-10-09T15:24:00Z,416.6
SpC_CD_091023.xlsx,2023-10-09T13:12:20Z,2023-10-09T13:12:20Z,444.8,27.21,372.8367953734462,NA,NA,NA,NA,NA,CD,NA,2023-10-09,20835561,2023-10-09T16:12:20Z,425.9720360084275,1755,46,89,165,5.49,12:24:00,2023-10-09T15:24:00Z,416.6
SpC_CD_091023.xlsx,2023-10-09T13:12:30Z,2023-10-09T13:12:30Z,444.40000000000003,27.21,372.4818952593712,NA,NA,NA,NA,NA,CD,NA,2023-10-09,20835561,2023-10-09T16:12:30Z,425.5889676307221,1755,46,89,165,5.49,12:24:00,2023-10-09T15:24:00Z,416.6
SpC_CD_091023.xlsx,2023-10-09T13:12:40Z,2023-10-09T13:12:40Z,444,27.19,372.2696351814523,NA,NA,NA,NA,NA,CD,NA,2023-10-09,20835561,2023-10-09T16:12:40Z,425.3688446062464,1755,46,89,165,5.49,12:24:00,2023-10-09T15:24:00Z,416.6
SpC_CD_091023.xlsx,2023-10-09T13:12:50Z,2023-10-09T13:12:50Z,444,27.2,372.17871783438284,NA,NA,NA,NA,NA,CD,NA,2023-10-09,20835561,2023-10-09T16:12:50Z,425.28735632183907,1755,46,89,165,5.49,12:24:00,2023-10-09T15:24:00Z,416.6
SpC_CD_091023.xlsx,2023-10-09T13:13:00Z,2023-10-09T13:13:00Z,443.6,27.19,371.8950822946759,NA,NA,NA,NA,NA,CD,NA,2023-10-09,20835561,2023-10-09T16:13:00Z,424.9856294309255,1755,46,89,165,5.49,12:24:00,2023-10-09T15:24:00Z,416.6
SpC_CD_091023.xlsx,2023-10-09T13:13:10Z,2023-10-09T13:13:10Z,443.6,27.21,371.7330411336136,NA,NA,NA,NA,NA,CD,NA,2023-10-09,20835561,2023-10-09T16:13:10Z,424.82283087531124,1755,46,89,165,5.49,12:24:00,2023-10-09T15:24:00Z,416.6
SpC_CD_091023.xlsx,2023-10-09T13:13:20Z,2023-10-09T13:13:20Z,443.20000000000005,27.21,371.3782822632913,NA,NA,NA,NA,NA,CD,NA,2023-10-09,20835561,2023-10-09T16:13:20Z,424.43976249760584,1755,46,89,165,5.49,12:24:00,2023-10-09T15:24:00Z,416.6
SpC_CD_091023.xlsx,2023-10-09T13:13:30Z,2023-10-09T13:13:30Z,442.8,27.2,371.0946360140036,NA,NA,NA,NA,NA,CD,NA,2023-10-09,20835561,2023-10-09T16:13:30Z,424.13793103448273,1755,46,89,165,5.49,12:24:00,2023-10-09T15:24:00Z,416.6
SpC_CD_091023.xlsx,2023-10-09T13:13:40Z,2023-10-09T13:13:40Z,442.8,27.2,371.0750876655536,NA,NA,NA,NA,NA,CD,NA,2023-10-09,20835561,2023-10-09T16:13:40Z,424.13793103448273,1755,46,89,165,5.49,12:24:00,2023-10-09T15:24:00Z,416.6
SpC_CD_091023.xlsx,2023-10-09T13:13:50Z,2023-10-09T13:13:50Z,442.90000000000003,27.16,371.4239529202526,NA,NA,NA,NA,NA,CD,NA,2023-10-09,20835561,2023-10-09T16:13:50Z,424.5590490797547,1755,46,89,165,5.49,12:24:00,2023-10-09T15:24:00Z,416.6
SpC_CD_091023.xlsx,2023-10-09T13:14:00Z,2023-10-09T13:14:00Z,442.8,27.19,371.10708427981837,NA,NA,NA,NA,NA,CD,NA,2023-10-09,20835561,2023-10-09T16:14:00Z,424.21919908028354,1755,46,89,165,5.49,12:24:00,2023-10-09T15:24:00Z,416.6
SpC_CD_091023.xlsx,2023-10-09T13:14:10Z,2023-10-09T13:14:10Z,442.40000000000003,27.2,370.6812877488215,NA,NA,NA,NA,NA,CD,NA,2023-10-09,20835561,2023-10-09T16:14:10Z,423.7547892720307,1755,46,89,165,5.49,12:24:00,2023-10-09T15:24:00Z,416.6
SpC_CD_091023.xlsx,2023-10-09T13:14:20Z,2023-10-09T13:14:20Z,442.40000000000003,27.2,370.66175705922285,NA,NA,NA,NA,NA,CD,NA,2023-10-09,20835561,2023-10-09T16:14:20Z,423.7547892720307,1755,46,89,165,5.49,12:24:00,2023-10-09T15:24:00Z,416.6
SpC_CD_091023.xlsx,2023-10-09T13:14:30Z,2023-10-09T13:14:30Z,442,27.21,370.23618034461424,NA,NA,NA,NA,NA,CD,NA,2023-10-09,20835561,2023-10-09T16:14:30Z,423.29055736448953,1755,46,89,165,5.49,12:24:00,2023-10-09T15:24:00Z,416.6
SpC_CD_091023.xlsx,2023-10-09T13:14:40Z,2023-10-09T13:14:40Z,442,27.21,370.21667105127943,NA,NA,NA,NA,NA,CD,NA,2023-10-09,20835561,2023-10-09T16:14:40Z,423.29055736448953,1755,46,89,165,5.49,12:24:00,2023-10-09T15:24:00Z,416.6
SpC_CD_091023.xlsx,2023-10-09T13:14:50Z,2023-10-09T13:14:50Z,442,27.21,370.1971617579447,NA,NA,NA,NA,NA,CD,NA,2023-10-09,20835561,2023-10-09T16:14:50Z,423.29055736448953,1755,46,89,165,5.49,12:24:00,2023-10-09T15:24:00Z,416.6
SpC_CD_091023.xlsx,2023-10-09T13:15:00Z,2023-10-09T13:15:00Z,442,27.22,370.10676436570833,NA,NA,NA,NA,NA,CD,NA,2023-10-09,20835561,2023-10-09T16:15:00Z,423.2094982765224,1755,46,89,165,5.49,12:24:00,2023-10-09T15:24:00Z,416.6
SpC_CD_091023.xlsx,2023-10-09T13:15:10Z,2023-10-09T13:15:10Z,441.20000000000005,27.22,369.41741761594136,NA,NA,NA,NA,NA,CD,NA,2023-10-09,20835561,2023-10-09T16:15:10Z,422.443508234393,1755,46,89,165,5.49,12:24:00,2023-10-09T15:24:00Z,416.6
SpC_CD_091023.xlsx,2023-10-09T13:15:20Z,2023-10-09T13:15:20Z,441.20000000000005,27.25,369.1858528475318,NA,NA,NA,NA,NA,CD,NA,2023-10-09,20835561,2023-10-09T16:15:20Z,422.2009569377991,1755,46,89,165,5.49,12:24:00,2023-10-09T15:24:00Z,416.6
SpC_CD_091023.xlsx,2023-10-09T13:15:30Z,2023-10-09T13:15:30Z,441.20000000000005,27.22,369.3784771095865,NA,NA,NA,NA,NA,CD,NA,2023-10-09,20835561,2023-10-09T16:15:30Z,422.443508234393,1755,46,89,165,5.49,12:24:00,2023-10-09T15:24:00Z,416.6
SpC_CD_091023.xlsx,2023-10-09T13:15:40Z,2023-10-09T13:15:40Z,440.90000000000003,27.2,369.24927676098355,NA,NA,NA,NA,NA,CD,NA,2023-10-09,20835561,2023-10-09T16:15:40Z,422.31800766283527,1755,46,89,165,5.49,12:24:00,2023-10-09T15:24:00Z,416.6
SpC_CD_091023.xlsx,2023-10-09T13:15:50Z,2023-10-09T13:15:50Z,440.5,27.2,368.8948340092087,NA,NA,NA,NA,NA,CD,NA,2023-10-09,20835561,2023-10-09T16:15:50Z,421.9348659003831,1755,46,89,165,5.49,12:24:00,2023-10-09T15:24:00Z,416.6
SpC_CD_091023.xlsx,2023-10-09T13:16:00Z,2023-10-09T13:16:00Z,440.1,27.19,368.61104171722803,NA,NA,NA,NA,NA,CD,NA,2023-10-09,20835561,2023-10-09T16:16:00Z,421.6324966468672,1755,46,89,165,5.49,12:24:00,2023-10-09T15:24:00Z,416.6
SpC_CD_091023.xlsx,2023-10-09T13:16:10Z,2023-10-09T13:16:10Z,440.1,27.19,368.59160884325195,NA,NA,NA,NA,NA,CD,NA,2023-10-09,20835561,2023-10-09T16:16:10Z,421.6324966468672,1755,46,89,165,5.49,12:24:00,2023-10-09T15:24:00Z,416.6
SpC_CD_091023.xlsx,2023-10-09T13:16:20Z,2023-10-09T13:16:20Z,440.1,27.18,368.642810728948,NA,NA,NA,NA,NA,CD,NA,2023-10-09,20835561,2023-10-09T16:16:20Z,421.71330011498657,1755,46,89,165,5.49,12:24:00,2023-10-09T15:24:00Z,416.6
SpC_CD_091023.xlsx,2023-10-09T13:16:30Z,2023-10-09T13:16:30Z,439.70000000000005,27.18,368.2883381170201,NA,NA,NA,NA,NA,CD,NA,2023-10-09,20835561,2023-10-09T16:16:30Z,421.3300114986585,1755,46,89,165,5.49,12:24:00,2023-10-09T15:24:00Z,416.6
SpC_CD_091023.xlsx,2023-10-09T13:16:40Z,2023-10-09T13:16:40Z,440.1,27.19,368.53331022132363,NA,NA,NA,NA,NA,CD,NA,2023-10-09,20835561,2023-10-09T16:16:40Z,421.6324966468672,1755,46,89,165,5.49,12:24:00,2023-10-09T15:24:00Z,416.6
SpC_CD_091023.xlsx,2023-10-09T13:16:50Z,2023-10-09T13:16:50Z,440.5,27.2,368.7781531488807,NA,NA,NA,NA,NA,CD,NA,2023-10-09,20835561,2023-10-09T16:16:50Z,421.9348659003831,1755,46,89,165,5.49,12:24:00,2023-10-09T15:24:00Z,416.6
SpC_CD_091023.xlsx,2023-10-09T13:17:00Z,2023-10-09T13:17:00Z,440.1,27.21,368.3532859043336,NA,NA,NA,NA,NA,CD,NA,2023-10-09,20835561,2023-10-09T16:17:00Z,421.47098257038886,1755,46,89,165,5.49,12:24:00,2023-10-09T15:24:00Z,416.6
SpC_CD_091023.xlsx,2023-10-09T13:17:10Z,2023-10-09T13:17:10Z,440.1,27.22,368.2633254571513,NA,NA,NA,NA,NA,CD,NA,2023-10-09,20835561,2023-10-09T16:17:10Z,421.390271926465,1755,46,89,165,5.49,12:24:00,2023-10-09T15:24:00Z,416.6
SpC_CD_091023.xlsx,2023-10-09T13:17:20Z,2023-10-09T13:17:20Z,440.1,27.21,368.3144350446204,NA,NA,NA,NA,NA,CD,NA,2023-10-09,20835561,2023-10-09T16:17:20Z,421.47098257038886,1755,46,89,165,5.49,12:24:00,2023-10-09T15:24:00Z,416.6
SpC_CD_091023.xlsx,2023-10-09T13:17:30Z,2023-10-09T13:17:30Z,440,27.240000000000002,367.99987155198085,NA,NA,NA,NA,NA,CD,NA,2023-10-09,20835561,2023-10-09T16:17:30Z,421.1332312404288,1755,46,89,165,5.49,12:24:00,2023-10-09T15:24:00Z,416.6
SpC_CD_091023.xlsx,2023-10-09T13:17:40Z,2023-10-09T13:17:40Z,439.3,27.240000000000002,367.39503822717074,NA,NA,NA,NA,NA,CD,NA,2023-10-09,20835561,2023-10-09T16:17:40Z,420.4632465543645,1755,46,89,165,5.49,12:24:00,2023-10-09T15:24:00Z,416.6
SpC_CD_091023.xlsx,2023-10-09T13:17:50Z,2023-10-09T13:17:50Z,438.90000000000003,27.21,367.25205198271226,NA,NA,NA,NA,NA,CD,NA,2023-10-09,20835561,2023-10-09T16:17:50Z,420.3217774372726,1755,46,89,165,5.49,12:24:00,2023-10-09T15:24:00Z,416.6
SpC_CD_091023.xlsx,2023-10-09T13:18:00Z,2023-10-09T13:18:00Z,438.90000000000003,27.22,367.1623553753489,NA,NA,NA,NA,NA,CD,NA,2023-10-09,20835561,2023-10-09T16:18:00Z,420.24128686327083,1755,46,89,165,5.49,12:24:00,2023-10-09T15:24:00Z,416.6
SpC_CD_091023.xlsx,2023-10-09T13:18:10Z,2023-10-09T13:18:10Z,438.5,27.2,366.9489233736944,NA,NA,NA,NA,NA,CD,NA,2023-10-09,20835561,2023-10-09T16:18:10Z,420.0191570881226,1755,46,89,165,5.49,12:24:00,2023-10-09T15:24:00Z,416.6
SpC_CD_091023.xlsx,2023-10-09T13:18:20Z,2023-10-09T13:18:20Z,438.5,27.2,366.9295648578965,NA,NA,NA,NA,NA,CD,NA,2023-10-09,20835561,2023-10-09T16:18:20Z,420.0191570881226,1755,46,89,165,5.49,12:24:00,2023-10-09T15:24:00Z,416.6
SpC_CD_091023.xlsx,2023-10-09T13:18:30Z,2023-10-09T13:18:30Z,438.90000000000003,27.2,367.2449020833456,NA,NA,NA,NA,NA,CD,NA,2023-10-09,20835561,2023-10-09T16:18:30Z,420.4022988505747,1755,46,89,165,5.49,12:24:00,2023-10-09T15:24:00Z,416.6
SpC_CD_091023.xlsx,2023-10-09T13:18:40Z,2023-10-09T13:18:40Z,438.1,27.240000000000002,366.2754988635498,NA,NA,NA,NA,NA,CD,NA,2023-10-09,20835561,2023-10-09T16:18:40Z,419.31470137825426,1755,46,89,165,5.49,12:24:00,2023-10-09T15:24:00Z,416.6
SpC_CD_091023.xlsx,2023-10-09T13:18:50Z,2023-10-09T13:18:50Z,438.5,27.22,366.7309793567262,NA,NA,NA,NA,NA,CD,NA,2023-10-09,20835561,2023-10-09T16:18:50Z,419.85829184220603,1755,46,89,165,5.49,12:24:00,2023-10-09T15:24:00Z,416.6
SpC_CD_091023.xlsx,2023-10-09T13:19:00Z,2023-10-09T13:19:00Z,438.5,27.21,366.7818660694042,NA,NA,NA,NA,NA,CD,NA,2023-10-09,20835561,2023-10-09T16:19:00Z,419.93870905956715,1755,46,89,165,5.49,12:24:00,2023-10-09T15:24:00Z,416.6
SpC_CD_091023.xlsx,2023-10-09T13:19:10Z,2023-10-09T13:19:10Z,438.90000000000003,27.22,367.02677409965304,NA,NA,NA,NA,NA,CD,NA,2023-10-09,20835561,2023-10-09T16:19:10Z,420.24128686327083,1755,46,89,165,5.49,12:24:00,2023-10-09T15:24:00Z,416.6
SpC_CD_091023.xlsx,2023-10-09T13:19:20Z,2023-10-09T13:19:20Z,438.5,27.240000000000002,366.5325459118357,NA,NA,NA,NA,NA,CD,NA,2023-10-09,20835561,2023-10-09T16:19:20Z,419.697549770291,1755,46,89,165,5.49,12:24:00,2023-10-09T15:24:00Z,416.6
SpC_CD_091023.xlsx,2023-10-09T13:19:30Z,2023-10-09T13:19:30Z,438.1,27.26,366.0387312852811,NA,NA,NA,NA,NA,CD,NA,2023-10-09,20835561,2023-10-09T16:19:30Z,419.1542288557214,1755,46,89,165,5.49,12:24:00,2023-10-09T15:24:00Z,416.6
SpC_CD_091023.xlsx,2023-10-09T13:19:40Z,2023-10-09T13:19:40Z,438,27.27,365.8658568576426,NA,NA,NA,NA,NA,CD,NA,2023-10-09,20835561,2023-10-09T16:19:40Z,418.97838148077295,1755,46,89,165,5.49,12:24:00,2023-10-09T15:24:00Z,416.6
SpC_CD_091023.xlsx,2023-10-09T13:19:50Z,2023-10-09T13:19:50Z,438,27.29,365.70661647856906,NA,NA,NA,NA,NA,CD,NA,2023-10-09,20835561,2023-10-09T16:19:50Z,418.8181296615031,1755,46,89,165,5.49,12:24:00,2023-10-09T15:24:00Z,416.6
SpC_CD_091023.xlsx,2023-10-09T13:20:00Z,2023-10-09T13:20:00Z,438,27.32,365.4776302251487,NA,NA,NA,NA,NA,CD,NA,2023-10-09,20835561,2023-10-09T16:20:00Z,418.57798165137615,1755,46,89,165,5.49,12:24:00,2023-10-09T15:24:00Z,416.6
SpC_CD_091023.xlsx,2023-10-09T13:20:10Z,2023-10-09T13:20:10Z,437.20000000000005,27.310000000000002,364.8605706662168,NA,NA,NA,NA,NA,CD,NA,2023-10-09,20835561,2023-10-09T16:20:10Z,417.89332823551905,1755,46,89,165,5.49,12:24:00,2023-10-09T15:24:00Z,416.6
SpC_CD_091023.xlsx,2023-10-09T13:20:20Z,2023-10-09T13:20:20Z,437.20000000000005,27.330000000000002,364.7018714475307,NA,NA,NA,NA,NA,CD,NA,2023-10-09,20835561,2023-10-09T16:20:20Z,417.7336136059622,1755,46,89,165,5.49,12:24:00,2023-10-09T15:24:00Z,416.6
SpC_CD_091023.xlsx,2023-10-09T13:20:30Z,2023-10-09T13:20:30Z,436.8,27.32,364.41860393654736,NA,NA,NA,NA,NA,CD,NA,2023-10-09,20835561,2023-10-09T16:20:30Z,417.4311926605505,1755,46,89,165,5.49,12:24:00,2023-10-09T15:24:00Z,416.6
SpC_CD_091023.xlsx,2023-10-09T13:20:40Z,2023-10-09T13:20:40Z,436.40000000000003,27.330000000000002,363.9960945280931,NA,NA,NA,NA,NA,CD,NA,2023-10-09,20835561,2023-10-09T16:20:40Z,416.9692337091535,1755,46,89,165,5.49,12:24:00,2023-10-09T15:24:00Z,416.6
SpC_CD_091023.xlsx,2023-10-09T13:20:50Z,2023-10-09T13:20:50Z,436.40000000000003,27.36,363.76833368102893,NA,NA,NA,NA,NA,CD,NA,2023-10-09,20835561,2023-10-09T16:20:50Z,416.7303284950344,1755,46,89,165,5.49,12:24:00,2023-10-09T15:24:00Z,416.6
SpC_CD_091023.xlsx,2023-10-09T13:21:00Z,2023-10-09T13:21:00Z,436.40000000000003,27.310000000000002,364.0968127780967,NA,NA,NA,NA,NA,CD,NA,2023-10-09,20835561,2023-10-09T16:21:00Z,417.128656088702,1755,46,89,165,5.49,12:24:00,2023-10-09T15:24:00Z,416.6
SpC_CD_091023.xlsx,2023-10-09T13:21:10Z,2023-10-09T13:21:10Z,436.40000000000003,27.310000000000002,364.0775874843396,NA,NA,NA,NA,NA,CD,NA,2023-10-09,20835561,2023-10-09T16:21:10Z,417.128656088702,1755,46,89,165,5.49,12:24:00,2023-10-09T15:24:00Z,416.6
SpC_CD_091023.xlsx,2023-10-09T13:21:20Z,2023-10-09T13:21:20Z,436.90000000000003,27.27,364.7543951640496,NA,NA,NA,NA,NA,CD,NA,2023-10-09,20835561,2023-10-09T16:21:20Z,417.92615266883496,1755,46,89,165,5.49,12:24:00,2023-10-09T15:24:00Z,416.6
SpC_CD_091023.xlsx,2023-10-09T13:21:30Z,2023-10-09T13:21:30Z,436.5,27.3,364.1921774843598,NA,NA,NA,NA,NA,CD,NA,2023-10-09,20835561,2023-10-09T16:21:30Z,417.3040152963671,1755,46,89,165,5.49,12:24:00,2023-10-09T15:24:00Z,416.6
SpC_CD_091023.xlsx,2023-10-09T13:21:40Z,2023-10-09T13:21:40Z,436.5,27.29,364.2425889628528,NA,NA,NA,NA,NA,CD,NA,2023-10-09,20835561,2023-10-09T16:21:40Z,417.3838209982788,1755,46,89,165,5.49,12:24:00,2023-10-09T15:24:00Z,416.6
SpC_CD_091023.xlsx,2023-10-09T13:21:50Z,2023-10-09T13:21:50Z,436.8,27.330000000000002,364.1950808846233,NA,NA,NA,NA,NA,CD,NA,2023-10-09,20835561,2023-10-09T16:21:50Z,417.3514236575578,1755,46,89,165,5.49,12:24:00,2023-10-09T15:24:00Z,416.6
SpC_CD_091023.xlsx,2023-10-09T13:22:00Z,2023-10-09T13:22:00Z,436.5,27.3,364.13447735638005,NA,NA,NA,NA,NA,CD,NA,2023-10-09,20835561,2023-10-09T16:22:00Z,417.3040152963671,1755,46,89,165,5.49,12:24:00,2023-10-09T15:24:00Z,416.6
SpC_CD_091023.xlsx,2023-10-09T13:22:10Z,2023-10-09T13:22:10Z,436.40000000000003,27.310000000000002,363.9622357217966,NA,NA,NA,NA,NA,CD,NA,2023-10-09,20835561,2023-10-09T16:22:10Z,417.128656088702,1755,46,89,165,5.49,12:24:00,2023-10-09T15:24:00Z,416.6
SpC_CD_091023.xlsx,2023-10-09T13:22:20Z,2023-10-09T13:22:20Z,436.1,27.3,363.76236019375955,NA,NA,NA,NA,NA,CD,NA,2023-10-09,20835561,2023-10-09T16:22:20Z,416.92160611854683,1755,46,89,165,5.49,12:24:00,2023-10-09T15:24:00Z,416.6
SpC_CD_091023.xlsx,2023-10-09T13:22:30Z,2023-10-09T13:22:30Z,436.1,27.310000000000002,363.67360838006533,NA,NA,NA,NA,NA,CD,NA,2023-10-09,20835561,2023-10-09T16:22:30Z,416.84190403364556,1755,46,89,165,5.49,12:24:00,2023-10-09T15:24:00Z,416.6
SpC_CD_091023.xlsx,2023-10-09T13:22:40Z,2023-10-09T13:22:40Z,436.1,27.26,364.0023243511062,NA,NA,NA,NA,NA,CD,NA,2023-10-09,20835561,2023-10-09T16:22:40Z,417.2407194795254,1755,46,89,165,5.49,12:24:00,2023-10-09T15:24:00Z,416.6
SpC_CD_091023.xlsx,2023-10-09T13:22:50Z,2023-10-09T13:22:50Z,435.70000000000005,27.3,363.37111540566673,NA,NA,NA,NA,NA,CD,NA,2023-10-09,20835561,2023-10-09T16:22:50Z,416.5391969407266,1755,46,89,165,5.49,12:24:00,2023-10-09T15:24:00Z,416.6
SpC_CD_091023.xlsx,2023-10-09T13:23:00Z,2023-10-09T13:23:00Z,435.70000000000005,27.310000000000002,363.282456007188,NA,NA,NA,NA,NA,CD,NA,2023-10-09,20835561,2023-10-09T16:23:00Z,416.4595679602371,1755,46,89,165,5.49,12:24:00,2023-10-09T15:24:00Z,416.6
SpC_CD_091023.xlsx,2023-10-09T13:23:10Z,2023-10-09T13:23:10Z,434.90000000000003,27.26,362.9431801898914,NA,NA,NA,NA,NA,CD,NA,2023-10-09,20835561,2023-10-09T16:23:10Z,416.09261385380785,1755,46,89,165,5.49,12:24:00,2023-10-09T15:24:00Z,416.6
SpC_CD_091023.xlsx,2023-10-09T13:23:20Z,2023-10-09T13:23:20Z,434.90000000000003,27.26,362.9240026469085,NA,NA,NA,NA,NA,CD,NA,2023-10-09,20835561,2023-10-09T16:23:20Z,416.09261385380785,1755,46,89,165,5.49,12:24:00,2023-10-09T15:24:00Z,416.6
SpC_CD_091023.xlsx,2023-10-09T13:23:30Z,2023-10-09T13:23:30Z,435.3,27.29,363.0302089092184,NA,NA,NA,NA,NA,CD,NA,2023-10-09,20835561,2023-10-09T16:23:30Z,416.23637406769933,1755,46,89,165,5.49,12:24:00,2023-10-09T15:24:00Z,416.6
SpC_CD_091023.xlsx,2023-10-09T13:23:40Z,2023-10-09T13:23:40Z,434.90000000000003,27.29,362.6774515497203,NA,NA,NA,NA,NA,CD,NA,2023-10-09,20835561,2023-10-09T16:23:40Z,415.85389175750623,1755,46,89,165,5.49,12:24:00,2023-10-09T15:24:00Z,416.6
SpC_CD_091023.xlsx,2023-10-09T13:23:50Z,2023-10-09T13:23:50Z,434.5,27.26,362.53272297724436,NA,NA,NA,NA,NA,CD,NA,2023-10-09,20835561,2023-10-09T16:23:50Z,415.70991197856864,1755,46,89,165,5.49,12:24:00,2023-10-09T15:24:00Z,416.6
SpC_CD_091023.xlsx,2023-10-09T13:24:00Z,2023-10-09T13:24:00Z,434.5,27.25,362.5829436590728,NA,NA,NA,NA,NA,CD,NA,2023-10-09,20835561,2023-10-09T16:24:00Z,415.7894736842106,1755,46,89,165,5.49,12:24:00,2023-10-09T15:24:00Z,416.6
SpC_CD_091023.xlsx,2023-10-09T13:24:10Z,2023-10-09T13:24:10Z,434.1,27.25,362.23000445585836,NA,NA,NA,NA,NA,CD,NA,2023-10-09,20835561,2023-10-09T16:24:10Z,415.40669856459334,1755,46,89,165,5.49,12:24:00,2023-10-09T15:24:00Z,416.6
SpC_CD_091023.xlsx,2023-10-09T13:24:20Z,2023-10-09T13:24:20Z,434.1,27.26,362.14154913904315,NA,NA,NA,NA,NA,CD,NA,2023-10-09,20835561,2023-10-09T16:24:20Z,415.3272101033295,1755,46,89,165,5.49,12:24:00,2023-10-09T15:24:00Z,416.6
SpC_CD_091023.xlsx,2023-10-09T13:24:30Z,2023-10-09T13:24:30Z,434.1,27.240000000000002,362.26104485440646,NA,NA,NA,NA,NA,CD,NA,2023-10-09,20835561,2023-10-09T16:24:30Z,415.4862174578867,1755,46,89,165,5.49,12:24:00,2023-10-09T15:24:00Z,416.6
SpC_CD_091023.xlsx,2023-10-09T13:24:40Z,2023-10-09T13:24:40Z,433.70000000000005,27.25,361.8388439616154,NA,NA,NA,NA,NA,CD,NA,2023-10-09,20835561,2023-10-09T16:24:40Z,415.02392344497616,1755,46,89,165,5.49,12:24:00,2023-10-09T15:24:00Z,416.6
SpC_CD_091023.xlsx,2023-10-09T13:24:50Z,2023-10-09T13:24:50Z,433.70000000000005,27.25,361.81971567414814,NA,NA,NA,NA,NA,CD,NA,2023-10-09,20835561,2023-10-09T16:24:50Z,415.02392344497616,1755,46,89,165,5.49,12:24:00,2023-10-09T15:24:00Z,416.6
SpC_CD_091023.xlsx,2023-10-09T13:25:00Z,2023-10-09T13:25:00Z,433.70000000000005,27.25,361.80058738668095,NA,NA,NA,NA,NA,CD,NA,2023-10-09,20835561,2023-10-09T16:25:00Z,415.02392344497616,1755,46,89,165,5.49,12:24:00,2023-10-09T15:24:00Z,416.6
SpC_CD_091023.xlsx,2023-10-09T13:25:10Z,2023-10-09T13:25:10Z,433.70000000000005,27.22,361.9892998455365,NA,NA,NA,NA,NA,CD,NA,2023-10-09,20835561,2023-10-09T16:25:10Z,415.2623515894294,1755,46,89,165,5.49,12:24:00,2023-10-09T15:24:00Z,416.6
SpC_CD_091023.xlsx,2023-10-09T13:25:20Z,2023-10-09T13:25:20Z,433.70000000000005,27.22,361.970160569011,NA,NA,NA,NA,NA,CD,NA,2023-10-09,20835561,2023-10-09T16:25:20Z,415.2623515894294,1755,46,89,165,5.49,12:24:00,2023-10-09T15:24:00Z,416.6
SpC_CD_091023.xlsx,2023-10-09T13:25:30Z,2023-10-09T13:25:30Z,433.70000000000005,27.25,361.7432025242793,NA,NA,NA,NA,NA,CD,NA,2023-10-09,20835561,2023-10-09T16:25:30Z,415.02392344497616,1755,46,89,165,5.49,12:24:00,2023-10-09T15:24:00Z,416.6
SpC_CD_091023.xlsx,2023-10-09T13:25:40Z,2023-10-09T13:25:40Z,433.70000000000005,27.25,361.7240742368121,NA,NA,NA,NA,NA,CD,NA,2023-10-09,20835561,2023-10-09T16:25:40Z,415.02392344497616,1755,46,89,165,5.49,12:24:00,2023-10-09T15:24:00Z,416.6
SpC_CD_091023.xlsx,2023-10-09T13:25:50Z,2023-10-09T13:25:50Z,433.70000000000005,27.26,361.63573336879574,NA,NA,NA,NA,NA,CD,NA,2023-10-09,20835561,2023-10-09T16:25:50Z,414.9445082280903,1755,46,89,165,5.49,12:24:00,2023-10-09T15:24:00Z,416.6
SpC_CD_091023.xlsx,2023-10-09T13:26:00Z,2023-10-09T13:26:00Z,433.3,27.27,361.2139723700372,NA,NA,NA,NA,NA,CD,NA,2023-10-09,20835561,2023-10-09T16:26:00Z,414.482494738856,1755,46,89,165,5.49,12:24:00,2023-10-09T15:24:00Z,416.6
SpC_CD_091023.xlsx,2023-10-09T13:26:10Z,2023-10-09T13:26:10Z,433.70000000000005,27.240000000000002,361.7359211296506,NA,NA,NA,NA,NA,CD,NA,2023-10-09,20835561,2023-10-09T16:26:10Z,415.10336906584996,1755,46,89,165,5.49,12:24:00,2023-10-09T15:24:00Z,416.6
SpC_CD_091023.xlsx,2023-10-09T13:26:20Z,2023-10-09T13:26:20Z,433.3,27.27,361.17576570357,NA,NA,NA,NA,NA,CD,NA,2023-10-09,20835561,2023-10-09T16:26:20Z,414.482494738856,1755,46,89,165,5.49,12:24:00,2023-10-09T15:24:00Z,416.6
SpC_CD_091023.xlsx,2023-10-09T13:26:30Z,2023-10-09T13:26:30Z,432.90000000000003,27.26,360.89230521282695,NA,NA,NA,NA,NA,CD,NA,2023-10-09,20835561,2023-10-09T16:26:30Z,414.17910447761193,1755,46,89,165,5.49,12:24:00,2023-10-09T15:24:00Z,416.6
SpC_CD_091023.xlsx,2023-10-09T13:26:40Z,2023-10-09T13:26:40Z,432.5,27.27,360.4707922537432,NA,NA,NA,NA,NA,CD,NA,2023-10-09,20835561,2023-10-09T16:26:40Z,413.71723742108287,1755,46,89,165,5.49,12:24:00,2023-10-09T15:24:00Z,416.6
SpC_CD_091023.xlsx,2023-10-09T13:26:50Z,2023-10-09T13:26:50Z,432.5,27.3,360.2449641196771,NA,NA,NA,NA,NA,CD,NA,2023-10-09,20835561,2023-10-09T16:26:50Z,413.4799235181644,1755,46,89,165,5.49,12:24:00,2023-10-09T15:24:00Z,416.6
SpC_CD_091023.xlsx,2023-10-09T13:27:00Z,2023-10-09T13:27:00Z,432.1,27.32,359.75517640512345,NA,NA,NA,NA,NA,CD,NA,2023-10-09,20835561,2023-10-09T16:27:00Z,412.9396024464832,1755,46,89,165,5.49,12:24:00,2023-10-09T15:24:00Z,416.6
SpC_CD_091023.xlsx,2023-10-09T13:27:10Z,2023-10-09T13:27:10Z,432.1,27.3,359.8737105863109,NA,NA,NA,NA,NA,CD,NA,2023-10-09,20835561,2023-10-09T16:27:10Z,413.09751434034416,1755,46,89,165,5.49,12:24:00,2023-10-09T15:24:00Z,416.6
SpC_CD_091023.xlsx,2023-10-09T13:27:20Z,2023-10-09T13:27:20Z,432.5,27.32,360.05010627918574,NA,NA,NA,NA,NA,CD,NA,2023-10-09,20835561,2023-10-09T16:27:20Z,413.32186544342505,1755,46,89,165,5.49,12:24:00,2023-10-09T15:24:00Z,416.6
SpC_CD_091023.xlsx,2023-10-09T13:27:30Z,2023-10-09T13:27:30Z,432.5,27.330000000000002,359.96225631345226,NA,NA,NA,NA,NA,CD,NA,2023-10-09,20835561,2023-10-09T16:27:30Z,413.242881712211,1755,46,89,165,5.49,12:24:00,2023-10-09T15:24:00Z,416.6
SpC_CD_091023.xlsx,2023-10-09T13:27:40Z,2023-10-09T13:27:40Z,432.1,27.330000000000002,359.61031465904955,NA,NA,NA,NA,NA,CD,NA,2023-10-09,20835561,2023-10-09T16:27:40Z,412.86069176380664,1755,46,89,165,5.49,12:24:00,2023-10-09T15:24:00Z,416.6
SpC_CD_091023.xlsx,2023-10-09T13:27:50Z,2023-10-09T13:27:50Z,432.5,27.36,359.71794304039116,NA,NA,NA,NA,NA,CD,NA,2023-10-09,20835561,2023-10-09T16:27:50Z,413.00611153552336,1755,46,89,165,5.49,12:24:00,2023-10-09T15:24:00Z,416.6
SpC_CD_091023.xlsx,2023-10-09T13:28:00Z,2023-10-09T13:28:00Z,432.1,27.36,359.3662382430112,NA,NA,NA,NA,NA,CD,NA,2023-10-09,20835561,2023-10-09T16:28:00Z,412.6241405653171,1755,46,89,165,5.49,12:24:00,2023-10-09T15:24:00Z,416.6
SpC_CD_091023.xlsx,2023-10-09T13:28:10Z,2023-10-09T13:28:10Z,432.1,27.36,359.3472205605819,NA,NA,NA,NA,NA,CD,NA,2023-10-09,20835561,2023-10-09T16:28:10Z,412.6241405653171,1755,46,89,165,5.49,12:24:00,2023-10-09T15:24:00Z,416.6
SpC_CD_091023.xlsx,2023-10-09T13:28:20Z,2023-10-09T13:28:20Z,431.70000000000005,27.36,358.995568577872,NA,NA,NA,NA,NA,CD,NA,2023-10-09,20835561,2023-10-09T16:28:20Z,412.24216959511085,1755,46,89,165,5.49,12:24:00,2023-10-09T15:24:00Z,416.6
SpC_CD_091023.xlsx,2023-10-09T13:28:30Z,2023-10-09T13:28:30Z,432.1,27.3,359.7213945860051,NA,NA,NA,NA,NA,CD,NA,2023-10-09,20835561,2023-10-09T16:28:30Z,413.09751434034416,1755,46,89,165,5.49,12:24:00,2023-10-09T15:24:00Z,416.6
SpC_CD_091023.xlsx,2023-10-09T13:28:40Z,2023-10-09T13:28:40Z,432.5,27.310000000000002,359.9665084950235,NA,NA,NA,NA,NA,CD,NA,2023-10-09,20835561,2023-10-09T16:28:40Z,413.40087937296886,1755,46,89,165,5.49,12:24:00,2023-10-09T15:24:00Z,416.6
SpC_CD_091023.xlsx,2023-10-09T13:28:50Z,2023-10-09T13:28:50Z,432.1,27.32,359.5458219637628,NA,NA,NA,NA,NA,CD,NA,2023-10-09,20835561,2023-10-09T16:28:50Z,412.9396024464832,1755,46,89,165,5.49,12:24:00,2023-10-09T15:24:00Z,416.6
SpC_CD_091023.xlsx,2023-10-09T13:29:00Z,2023-10-09T13:29:00Z,432.1,27.330000000000002,359.45808597921024,NA,NA,NA,NA,NA,CD,NA,2023-10-09,20835561,2023-10-09T16:29:00Z,412.86069176380664,1755,46,89,165,5.49,12:24:00,2023-10-09T15:24:00Z,416.6
SpC_CD_091023.xlsx,2023-10-09T13:29:10Z,2023-10-09T13:29:10Z,432.1,27.32,359.5077575198791,NA,NA,NA,NA,NA,CD,NA,2023-10-09,20835561,2023-10-09T16:29:10Z,412.9396024464832,1755,46,89,165,5.49,12:24:00,2023-10-09T15:24:00Z,416.6
SpC_CD_091023.xlsx,2023-10-09T13:29:20Z,2023-10-09T13:29:20Z,432.90000000000003,27.3,360.29201739978913,NA,NA,NA,NA,NA,CD,NA,2023-10-09,20835561,2023-10-09T16:29:20Z,413.8623326959847,1755,46,89,165,5.49,12:24:00,2023-10-09T15:24:00Z,416.6
SpC_CD_091023.xlsx,2023-10-09T13:29:30Z,2023-10-09T13:29:30Z,432.90000000000003,27.330000000000002,360.0664036035333,NA,NA,NA,NA,NA,CD,NA,2023-10-09,20835561,2023-10-09T16:29:30Z,413.6250716606154,1755,46,89,165,5.49,12:24:00,2023-10-09T15:24:00Z,416.6
SpC_CD_091023.xlsx,2023-10-09T13:29:40Z,2023-10-09T13:29:40Z,433.20000000000005,27.38,359.9529268682052,NA,NA,NA,NA,NA,CD,NA,2023-10-09,20835561,2023-10-09T16:29:40Z,413.5166093928981,1755,46,89,165,5.49,12:24:00,2023-10-09T15:24:00Z,416.6
SpC_CD_091023.xlsx,2023-10-09T13:29:50Z,2023-10-09T13:29:50Z,432.5,27.36,359.4895195925593,NA,NA,NA,NA,NA,CD,NA,2023-10-09,20835561,2023-10-09T16:29:50Z,413.00611153552336,1755,46,89,165,5.49,12:24:00,2023-10-09T15:24:00Z,416.6
SpC_CD_091023.xlsx,2023-10-09T13:30:00Z,2023-10-09T13:30:00Z,432.5,27.400000000000002,359.19607935538863,NA,NA,NA,NA,NA,CD,NA,2023-10-09,20835561,2023-10-09T16:30:00Z,412.69083969465646,1755,46,89,165,5.49,12:24:00,2023-10-09T15:24:00Z,416.6
SpC_CD_091023.xlsx,2023-10-09T13:30:10Z,2023-10-09T13:30:10Z,432.1,27.37,359.0504349499347,NA,NA,NA,NA,NA,CD,NA,2023-10-09,20835561,2023-10-09T16:30:10Z,412.5453503914455,1755,46,89,165,5.49,12:24:00,2023-10-09T15:24:00Z,416.6
SpC_CD_091023.xlsx,2023-10-09T13:30:20Z,2023-10-09T13:30:20Z,431.70000000000005,27.36,358.7675676474003,NA,NA,NA,NA,NA,CD,NA,2023-10-09,20835561,2023-10-09T16:30:20Z,412.24216959511085,1755,46,89,165,5.49,12:24:00,2023-10-09T15:24:00Z,416.6
SpC_CD_091023.xlsx,2023-10-09T13:30:30Z,2023-10-09T13:30:30Z,431.70000000000005,27.36,358.748567569861,NA,NA,NA,NA,NA,CD,NA,2023-10-09,20835561,2023-10-09T16:30:30Z,412.24216959511085,1755,46,89,165,5.49,12:24:00,2023-10-09T15:24:00Z,416.6
SpC_CD_091023.xlsx,2023-10-09T13:30:40Z,2023-10-09T13:30:40Z,431.70000000000005,27.38,358.592595530698,NA,NA,NA,NA,NA,CD,NA,2023-10-09,20835561,2023-10-09T16:30:40Z,412.0847651775487,1755,46,89,165,5.49,12:24:00,2023-10-09T15:24:00Z,416.6
SpC_CD_091023.xlsx,2023-10-09T13:30:50Z,2023-10-09T13:30:50Z,431.70000000000005,27.400000000000002,358.43674255416033,NA,NA,NA,NA,NA,CD,NA,2023-10-09,20835561,2023-10-09T16:30:50Z,411.92748091603056,1755,46,89,165,5.49,12:24:00,2023-10-09T15:24:00Z,416.6
SpC_CD_091023.xlsx,2023-10-09T13:31:00Z,2023-10-09T13:31:00Z,430.5,27.310000000000002,358.03640825669885,NA,NA,NA,NA,NA,CD,NA,2023-10-09,20835561,2023-10-09T16:31:00Z,411.4891990059262,1755,46,89,165,5.49,12:24:00,2023-10-09T15:24:00Z,416.6
SpC_CD_091023.xlsx,2023-10-09T13:31:10Z,2023-10-09T13:31:10Z,431.70000000000005,27.400000000000002,358.3987714068337,NA,NA,NA,NA,NA,CD,NA,2023-10-09,20835561,2023-10-09T16:31:10Z,411.92748091603056,1755,46,89,165,5.49,12:24:00,2023-10-09T15:24:00Z,416.6
SpC_CD_091023.xlsx,2023-10-09T13:31:20Z,2023-10-09T13:31:20Z,430.5,27.32,357.9300527243931,NA,NA,NA,NA,NA,CD,NA,2023-10-09,20835561,2023-10-09T16:31:20Z,411.4105504587156,1755,46,89,165,5.49,12:24:00,2023-10-09T15:24:00Z,416.6
SpC_CD_091023.xlsx,2023-10-09T13:31:30Z,2023-10-09T13:31:30Z,431.3,27.36,358.3022672972546,NA,NA,NA,NA,NA,CD,NA,2023-10-09,20835561,2023-10-09T16:31:30Z,411.86019862490457,1755,46,89,165,5.49,12:24:00,2023-10-09T15:24:00Z,416.6
SpC_CD_091023.xlsx,2023-10-09T13:31:40Z,2023-10-09T13:31:40Z,429.3,27.310000000000002,356.9627473295151,NA,NA,NA,NA,NA,CD,NA,2023-10-09,20835561,2023-10-09T16:31:40Z,410.3421907857006,1755,46,89,165,5.49,12:24:00,2023-10-09T15:24:00Z,416.6
SpC_CD_091023.xlsx,2023-10-09T13:31:50Z,2023-10-09T13:31:50Z,429.70000000000005,27.36,356.9352439615941,NA,NA,NA,NA,NA,CD,NA,2023-10-09,20835561,2023-10-09T16:31:50Z,410.33231474407955,1755,46,89,165,5.49,12:24:00,2023-10-09T15:24:00Z,416.6
SpC_CD_091023.xlsx,2023-10-09T13:32:00Z,2023-10-09T13:32:00Z,429.70000000000005,27.400000000000002,356.6438766933074,NA,NA,NA,NA,NA,CD,NA,2023-10-09,20835561,2023-10-09T16:32:00Z,410.01908396946567,1755,46,89,165,5.49,12:24:00,2023-10-09T15:24:00Z,416.6
SpC_CD_091023.xlsx,2023-10-09T13:32:10Z,2023-10-09T13:32:10Z,428.5,27.36,355.900731691984,NA,NA,NA,NA,NA,CD,NA,2023-10-09,20835561,2023-10-09T16:32:10Z,409.1864018334607,1755,46,89,165,5.49,12:24:00,2023-10-09T15:24:00Z,416.6
SpC_CD_091023.xlsx,2023-10-09T13:32:20Z,2023-10-09T13:32:20Z,428.5,27.330000000000002,356.0858941652713,NA,NA,NA,NA,NA,CD,NA,2023-10-09,20835561,2023-10-09T16:32:20Z,409.4209822281674,1755,46,89,165,5.49,12:24:00,2023-10-09T15:24:00Z,416.6
SpC_CD_091023.xlsx,2023-10-09T13:32:30Z,2023-10-09T13:32:30Z,426.90000000000003,27.35,354.6019603304358,NA,NA,NA,NA,NA,CD,NA,2023-10-09,20835561,2023-10-09T16:32:30Z,407.7363896848138,1755,46,89,165,5.49,12:24:00,2023-10-09T15:24:00Z,416.6
SpC_CD_091023.xlsx,2023-10-09T13:32:40Z,2023-10-09T13:32:40Z,426.90000000000003,27.400000000000002,354.2448252050161,NA,NA,NA,NA,NA,CD,NA,2023-10-09,20835561,2023-10-09T16:32:40Z,407.3473282442748,1755,46,89,165,5.49,12:24:00,2023-10-09T15:24:00Z,416.6
SpC_CD_091023.xlsx,2023-10-09T13:32:50Z,2023-10-09T13:32:50Z,426.90000000000003,27.41,354.15846323578273,NA,NA,NA,NA,NA,CD,NA,2023-10-09,20835561,2023-10-09T16:32:50Z,407.26960503720665,1755,46,89,165,5.49,12:24:00,2023-10-09T15:24:00Z,416.6
SpC_CD_091023.xlsx,2023-10-09T13:33:00Z,2023-10-09T13:33:00Z,426.90000000000003,27.46,353.8021592762468,NA,NA,NA,NA,NA,CD,NA,2023-10-09,20835561,2023-10-09T16:33:00Z,406.88143347312246,1755,46,89,165,5.49,12:24:00,2023-10-09T15:24:00Z,416.6
SpC_CD_091023.xlsx,2023-10-09T13:33:10Z,2023-10-09T13:33:10Z,426.1,27.400000000000002,353.5247613185002,NA,NA,NA,NA,NA,CD,NA,2023-10-09,20835561,2023-10-09T16:33:10Z,406.58396946564886,1755,46,89,165,5.49,12:24:00,2023-10-09T15:24:00Z,416.6
SpC_CD_091023.xlsx,2023-10-09T13:33:20Z,2023-10-09T13:33:20Z,425.70000000000005,27.41,353.1067825971485,NA,NA,NA,NA,NA,CD,NA,2023-10-09,20835561,2023-10-09T16:33:20Z,406.124785346308,1755,46,89,165,5.49,12:24:00,2023-10-09T15:24:00Z,416.6
SpC_CD_091023.xlsx,2023-10-09T13:33:30Z,2023-10-09T13:33:30Z,425.70000000000005,27.43,352.95337514280385,NA,NA,NA,NA,NA,CD,NA,2023-10-09,20835561,2023-10-09T16:33:30Z,405.9698645813466,1755,46,89,165,5.49,12:24:00,2023-10-09T15:24:00Z,416.6
SpC_CD_091023.xlsx,2023-10-09T13:33:40Z,2023-10-09T13:33:40Z,424.90000000000003,27.41,352.4058380523388,NA,NA,NA,NA,NA,CD,NA,2023-10-09,20835561,2023-10-09T16:33:40Z,405.3615722190422,1755,46,89,165,5.49,12:24:00,2023-10-09T15:24:00Z,416.6
SpC_CD_091023.xlsx,2023-10-09T13:33:50Z,2023-10-09T13:33:50Z,424.90000000000003,27.400000000000002,352.45440455587425,NA,NA,NA,NA,NA,CD,NA,2023-10-09,20835561,2023-10-09T16:33:50Z,405.4389312977099,1755,46,89,165,5.49,12:24:00,2023-10-09T15:24:00Z,416.6
SpC_CD_091023.xlsx,2023-10-09T13:34:00Z,2023-10-09T13:34:00Z,424.1,27.400000000000002,351.77215349362456,NA,NA,NA,NA,NA,CD,NA,2023-10-09,20835561,2023-10-09T16:34:00Z,404.67557251908397,1755,46,89,165,5.49,12:24:00,2023-10-09T15:24:00Z,416.6
SpC_CD_091023.xlsx,2023-10-09T13:34:10Z,2023-10-09T13:34:10Z,424.5,27.41,352.0180878133183,NA,NA,NA,NA,NA,CD,NA,2023-10-09,20835561,2023-10-09T16:34:10Z,404.9799656554093,1755,46,89,165,5.49,12:24:00,2023-10-09T15:24:00Z,416.6
SpC_CD_091023.xlsx,2023-10-09T13:34:20Z,2023-10-09T13:34:20Z,424.20000000000005,27.38,351.9521204640295,NA,NA,NA,NA,NA,CD,NA,2023-10-09,20835561,2023-10-09T16:34:20Z,404.92554410080186,1755,46,89,165,5.49,12:24:00,2023-10-09T15:24:00Z,416.6
SpC_CD_091023.xlsx,2023-10-09T13:34:30Z,2023-10-09T13:34:30Z,423.8,27.400000000000002,351.4674023623947,NA,NA,NA,NA,NA,CD,NA,2023-10-09,20835561,2023-10-09T16:34:30Z,404.3893129770992,1755,46,89,165,5.49,12:24:00,2023-10-09T15:24:00Z,416.6
SpC_CD_091023.xlsx,2023-10-09T13:34:40Z,2023-10-09T13:34:40Z,423.40000000000003,27.41,351.05005802818516,NA,NA,NA,NA,NA,CD,NA,2023-10-09,20835561,2023-10-09T16:34:40Z,403.93054760541884,1755,46,89,165,5.49,12:24:00,2023-10-09T15:24:00Z,416.6
SpC_CD_091023.xlsx,2023-10-09T13:34:50Z,2023-10-09T13:34:50Z,423.3,27.43,350.81466009658203,NA,NA,NA,NA,NA,CD,NA,2023-10-09,20835561,2023-10-09T16:34:50Z,403.68109860766737,1755,46,89,165,5.49,12:24:00,2023-10-09T15:24:00Z,416.6
SpC_CD_091023.xlsx,2023-10-09T13:35:00Z,2023-10-09T13:35:00Z,423.40000000000003,27.41,351.0128240318062,NA,NA,NA,NA,NA,CD,NA,2023-10-09,20835561,2023-10-09T16:35:00Z,403.93054760541884,1755,46,89,165,5.49,12:24:00,2023-10-09T15:24:00Z,416.6
SpC_CD_091023.xlsx,2023-10-09T13:35:10Z,2023-10-09T13:35:10Z,423.3,27.43,350.77744909421307,NA,NA,NA,NA,NA,CD,NA,2023-10-09,20835561,2023-10-09T16:35:10Z,403.68109860766737,1755,46,89,165,5.49,12:24:00,2023-10-09T15:24:00Z,416.6
SpC_CD_091023.xlsx,2023-10-09T13:35:20Z,2023-10-09T13:35:20Z,423.70000000000005,27.43,351.09029537057927,NA,NA,NA,NA,NA,CD,NA,2023-10-09,20835561,2023-10-09T16:35:20Z,404.0625596032806,1755,46,89,165,5.49,12:24:00,2023-10-09T15:24:00Z,416.6
SpC_CD_091023.xlsx,2023-10-09T13:35:30Z,2023-10-09T13:35:30Z,423.3,27.46,350.53966227898184,NA,NA,NA,NA,NA,CD,NA,2023-10-09,20835561,2023-10-09T16:35:30Z,403.45024780785366,1755,46,89,165,5.49,12:24:00,2023-10-09T15:24:00Z,416.6
SpC_CD_091023.xlsx,2023-10-09T13:35:40Z,2023-10-09T13:35:40Z,422.6,27.41,350.27526986797756,NA,NA,NA,NA,NA,CD,NA,2023-10-09,20835561,2023-10-09T16:35:40Z,403.16733447815307,1755,46,89,165,5.49,12:24:00,2023-10-09T15:24:00Z,416.6
SpC_CD_091023.xlsx,2023-10-09T13:35:50Z,2023-10-09T13:35:50Z,422.6,27.400000000000002,350.3235309253754,NA,NA,NA,NA,NA,CD,NA,2023-10-09,20835561,2023-10-09T16:35:50Z,403.2442748091603,1755,46,89,165,5.49,12:24:00,2023-10-09T15:24:00Z,416.6
SpC_CD_091023.xlsx,2023-10-09T13:36:00Z,2023-10-09T13:36:00Z,422.6,27.36,350.57255819707115,NA,NA,NA,NA,NA,CD,NA,2023-10-09,20835561,2023-10-09T16:36:00Z,403.55233002291834,1755,46,89,165,5.49,12:24:00,2023-10-09T15:24:00Z,416.6
SpC_CD_091023.xlsx,2023-10-09T13:36:10Z,2023-10-09T13:36:10Z,423.70000000000005,27.42,351.06413859564583,NA,NA,NA,NA,NA,CD,NA,2023-10-09,20835561,2023-10-09T16:36:10Z,404.13964135826023,1755,46,89,165,5.49,12:24:00,2023-10-09T15:24:00Z,416.6
SpC_CD_091023.xlsx,2023-10-09T13:36:20Z,2023-10-09T13:36:20Z,422.90000000000003,27.44,350.2490611189004,NA,NA,NA,NA,NA,CD,NA,2023-10-09,20835561,2023-10-09T16:36:20Z,403.2227307398933,1755,46,89,165,5.49,12:24:00,2023-10-09T15:24:00Z,416.6
SpC_CD_091023.xlsx,2023-10-09T13:36:30Z,2023-10-09T13:36:30Z,423.3,27.47,350.36130673895116,NA,NA,NA,NA,NA,CD,NA,2023-10-09,20835561,2023-10-09T16:36:30Z,403.3733562035449,1755,46,89,165,5.49,12:24:00,2023-10-09T15:24:00Z,416.6
SpC_CD_091023.xlsx,2023-10-09T13:36:40Z,2023-10-09T13:36:40Z,422.5,27.46,349.7472549265031,NA,NA,NA,NA,NA,CD,NA,2023-10-09,20835561,2023-10-09T16:36:40Z,402.6877621044606,1755,46,89,165,5.49,12:24:00,2023-10-09T15:24:00Z,416.6
SpC_CD_091023.xlsx,2023-10-09T13:36:50Z,2023-10-09T13:36:50Z,423.3,27.490000000000002,350.19064186966204,NA,NA,NA,NA,NA,CD,NA,2023-10-09,20835561,2023-10-09T16:36:50Z,403.2196608877881,1755,46,89,165,5.49,12:24:00,2023-10-09T15:24:00Z,416.6
SpC_CD_091023.xlsx,2023-10-09T13:37:00Z,2023-10-09T13:37:00Z,423.3,27.55,349.77224177567007,NA,NA,NA,NA,NA,CD,NA,2023-10-09,20835561,2023-10-09T16:37:00Z,402.7592768791627,1755,46,89,165,5.49,12:24:00,2023-10-09T15:24:00Z,416.6
SpC_CD_091023.xlsx,2023-10-09T13:37:10Z,2023-10-09T13:37:10Z,422.5,27.47,349.62492976777753,NA,NA,NA,NA,NA,CD,NA,2023-10-09,20835561,2023-10-09T16:37:10Z,402.61101581856303,1755,46,89,165,5.49,12:24:00,2023-10-09T15:24:00Z,416.6
SpC_CD_091023.xlsx,2023-10-09T13:37:20Z,2023-10-09T13:37:20Z,422.6,27.43,349.9559061771961,NA,NA,NA,NA,NA,CD,NA,2023-10-09,20835561,2023-10-09T16:37:20Z,403.0135418653443,1755,46,89,165,5.49,12:24:00,2023-10-09T15:24:00Z,416.6
SpC_CD_091023.xlsx,2023-10-09T13:37:30Z,2023-10-09T13:37:30Z,422.20000000000005,27.42,349.67280149139464,NA,NA,NA,NA,NA,CD,NA,2023-10-09,20835561,2023-10-09T16:37:30Z,402.70888973674175,1755,46,89,165,5.49,12:24:00,2023-10-09T15:24:00Z,416.6
SpC_CD_091023.xlsx,2023-10-09T13:37:40Z,2023-10-09T13:37:40Z,421.8,27.38,349.5897325519568,NA,NA,NA,NA,NA,CD,NA,2023-10-09,20835561,2023-10-09T16:37:40Z,402.6345933562428,1755,46,89,165,5.49,12:24:00,2023-10-09T15:24:00Z,416.6
SpC_CD_091023.xlsx,2023-10-09T13:37:50Z,2023-10-09T13:37:50Z,421.8,27.400000000000002,349.4377511710792,NA,NA,NA,NA,NA,CD,NA,2023-10-09,20835561,2023-10-09T16:37:50Z,402.48091603053433,1755,46,89,165,5.49,12:24:00,2023-10-09T15:24:00Z,416.6
SpC_CD_091023.xlsx,2023-10-09T13:38:00Z,2023-10-09T13:38:00Z,421.8,27.37,349.61936474427347,NA,NA,NA,NA,NA,CD,NA,2023-10-09,20835561,2023-10-09T16:38:00Z,402.7114760358984,1755,46,89,165,5.49,12:24:00,2023-10-09T15:24:00Z,416.6
SpC_CD_091023.xlsx,2023-10-09T13:38:10Z,2023-10-09T13:38:10Z,421.40000000000003,27.400000000000002,349.0693083152359,NA,NA,NA,NA,NA,CD,NA,2023-10-09,20835561,2023-10-09T16:38:10Z,402.0992366412214,1755,46,89,165,5.49,12:24:00,2023-10-09T15:24:00Z,416.6
SpC_CD_091023.xlsx,2023-10-09T13:38:20Z,2023-10-09T13:38:20Z,421.40000000000003,27.400000000000002,349.0507757214399,NA,NA,NA,NA,NA,CD,NA,2023-10-09,20835561,2023-10-09T16:38:20Z,402.0992366412214,1755,46,89,165,5.49,12:24:00,2023-10-09T15:24:00Z,416.6
SpC_CD_091023.xlsx,2023-10-09T13:38:30Z,2023-10-09T13:38:30Z,421,27.38,348.83407860329,NA,NA,NA,NA,NA,CD,NA,2023-10-09,20835561,2023-10-09T16:38:30Z,401.87094310805645,1755,46,89,165,5.49,12:24:00,2023-10-09T15:24:00Z,416.6
SpC_CD_091023.xlsx,2023-10-09T13:38:40Z,2023-10-09T13:38:40Z,421.40000000000003,27.41,348.94711757247916,NA,NA,NA,NA,NA,CD,NA,2023-10-09,20835561,2023-10-09T16:38:40Z,402.02251478725435,1755,46,89,165,5.49,12:24:00,2023-10-09T15:24:00Z,416.6
SpC_CD_091023.xlsx,2023-10-09T13:38:50Z,2023-10-09T13:38:50Z,421,27.42,348.5308787675428,NA,NA,NA,NA,NA,CD,NA,2023-10-09,20835561,2023-10-09T16:38:50Z,401.5642884395269,1755,46,89,165,5.49,12:24:00,2023-10-09T15:24:00Z,416.6
SpC_CD_091023.xlsx,2023-10-09T13:39:00Z,2023-10-09T13:39:00Z,421,27.41,348.57886813340446,NA,NA,NA,NA,NA,CD,NA,2023-10-09,20835561,2023-10-09T16:39:00Z,401.64090822362147,1755,46,89,165,5.49,12:24:00,2023-10-09T15:24:00Z,416.6
SpC_CD_091023.xlsx,2023-10-09T13:39:10Z,2023-10-09T13:39:10Z,421.3,27.47,348.4098704852086,NA,NA,NA,NA,NA,CD,NA,2023-10-09,20835561,2023-10-09T16:39:10Z,401.4675052410902,1755,46,89,165,5.49,12:24:00,2023-10-09T15:24:00Z,416.6
SpC_CD_091023.xlsx,2023-10-09T13:39:20Z,2023-10-09T13:39:20Z,421,27.44,348.3424505458808,NA,NA,NA,NA,NA,CD,NA,2023-10-09,20835561,2023-10-09T16:39:20Z,401.41113653699466,1755,46,89,165,5.49,12:24:00,2023-10-09T15:24:00Z,416.6
SpC_CD_091023.xlsx,2023-10-09T13:39:30Z,2023-10-09T13:39:30Z,421,27.46,348.1911536504598,NA,NA,NA,NA,NA,CD,NA,2023-10-09,20835561,2023-10-09T16:39:30Z,401.2581014105986,1755,46,89,165,5.49,12:24:00,2023-10-09T15:24:00Z,416.6
SpC_CD_091023.xlsx,2023-10-09T13:39:40Z,2023-10-09T13:39:40Z,420.6,27.44,347.9745172440185,NA,NA,NA,NA,NA,CD,NA,2023-10-09,20835561,2023-10-09T16:39:40Z,401.0297482837529,1755,46,89,165,5.49,12:24:00,2023-10-09T15:24:00Z,416.6
SpC_CD_091023.xlsx,2023-10-09T13:39:50Z,2023-10-09T13:39:50Z,420.6,27.42,348.0887909184567,NA,NA,NA,NA,NA,CD,NA,2023-10-09,20835561,2023-10-09T16:39:50Z,401.1827546737887,1755,46,89,165,5.49,12:24:00,2023-10-09T15:24:00Z,416.6
SpC_CD_091023.xlsx,2023-10-09T13:40:00Z,2023-10-09T13:40:00Z,421,27.44,348.2684470277367,NA,NA,NA,NA,NA,CD,NA,2023-10-09,20835561,2023-10-09T16:40:00Z,401.41113653699466,1755,46,89,165,5.49,12:24:00,2023-10-09T15:24:00Z,416.6
SpC_CD_091023.xlsx,2023-10-09T13:40:10Z,2023-10-09T13:40:10Z,420.90000000000003,27.54,347.50455566862763,NA,NA,NA,NA,NA,CD,NA,2023-10-09,20835561,2023-10-09T16:40:10Z,400.5519604111154,1755,46,89,165,5.49,12:24:00,2023-10-09T15:24:00Z,416.6
SpC_CD_091023.xlsx,2023-10-09T13:40:20Z,2023-10-09T13:40:20Z,420.6,27.48,347.6354159099279,NA,NA,NA,NA,NA,CD,NA,2023-10-09,20835561,2023-10-09T16:40:20Z,400.7240853658536,1755,46,89,165,5.49,12:24:00,2023-10-09T15:24:00Z,416.6
SpC_CD_091023.xlsx,2023-10-09T13:40:30Z,2023-10-09T13:40:30Z,420.20000000000005,27.44,347.55125708387624,NA,NA,NA,NA,NA,CD,NA,2023-10-09,20835561,2023-10-09T16:40:30Z,400.6483600305111,1755,46,89,165,5.49,12:24:00,2023-10-09T15:24:00Z,416.6
SpC_CD_091023.xlsx,2023-10-09T13:40:40Z,2023-10-09T13:40:40Z,419.40000000000003,27.43,346.93729811627543,NA,NA,NA,NA,NA,CD,NA,2023-10-09,20835561,2023-10-09T16:40:40Z,399.9618539004387,1755,46,89,165,5.49,12:24:00,2023-10-09T15:24:00Z,416.6
SpC_CD_091023.xlsx,2023-10-09T13:40:50Z,2023-10-09T13:40:50Z,419.8,27.41,347.3822484037637,NA,NA,NA,NA,NA,CD,NA,2023-10-09,20835561,2023-10-09T16:40:50Z,400.49608853272275,1755,46,89,165,5.49,12:24:00,2023-10-09T15:24:00Z,416.6
SpC_CD_091023.xlsx,2023-10-09T13:41:00Z,2023-10-09T13:41:00Z,420.20000000000005,27.38,347.893907862965,NA,NA,NA,NA,NA,CD,NA,2023-10-09,20835561,2023-10-09T16:41:00Z,401.1072928598702,1755,46,89,165,5.49,12:24:00,2023-10-09T15:24:00Z,416.6
SpC_CD_091023.xlsx,2023-10-09T13:41:10Z,2023-10-09T13:41:10Z,419.40000000000003,27.38,347.2131165210425,NA,NA,NA,NA,NA,CD,NA,2023-10-09,20835561,2023-10-09T16:41:10Z,400.34364261168383,1755,46,89,165,5.49,12:24:00,2023-10-09T15:24:00Z,416.6
SpC_CD_091023.xlsx,2023-10-09T13:41:20Z,2023-10-09T13:41:20Z,419.40000000000003,27.41,346.9959271974337,NA,NA,NA,NA,NA,CD,NA,2023-10-09,20835561,2023-10-09T16:41:20Z,400.11448196908987,1755,46,89,165,5.49,12:24:00,2023-10-09T15:24:00Z,416.6
SpC_CD_091023.xlsx,2023-10-09T13:41:30Z,2023-10-09T13:41:30Z,419.40000000000003,27.42,346.9112942667454,NA,NA,NA,NA,NA,CD,NA,2023-10-09,20835561,2023-10-09T16:41:30Z,400.03815337657386,1755,46,89,165,5.49,12:24:00,2023-10-09T15:24:00Z,416.6
SpC_CD_091023.xlsx,2023-10-09T13:41:40Z,2023-10-09T13:41:40Z,419.8,27.47,346.89282514022347,NA,NA,NA,NA,NA,CD,NA,2023-10-09,20835561,2023-10-09T16:41:40Z,400.03811701924917,1755,46,89,165,5.49,12:24:00,2023-10-09T15:24:00Z,416.6
SpC_CD_091023.xlsx,2023-10-09T13:41:50Z,2023-10-09T13:41:50Z,419.40000000000003,27.37,347.20559571421387,NA,NA,NA,NA,NA,CD,NA,2023-10-09,20835561,2023-10-09T16:41:50Z,400.4200878365476,1755,46,89,165,5.49,12:24:00,2023-10-09T15:24:00Z,416.6
SpC_CD_091023.xlsx,2023-10-09T13:42:00Z,2023-10-09T13:42:00Z,419,27.37,346.8560130529563,NA,NA,NA,NA,NA,CD,NA,2023-10-09,20835561,2023-10-09T16:42:00Z,400.0381898033225,1755,46,89,165,5.49,12:24:00,2023-10-09T15:24:00Z,416.6
SpC_CD_091023.xlsx,2023-10-09T13:42:10Z,2023-10-09T13:42:10Z,419.40000000000003,27.41,346.9037216112187,NA,NA,NA,NA,NA,CD,NA,2023-10-09,20835561,2023-10-09T16:42:10Z,400.11448196908987,1755,46,89,165,5.49,12:24:00,2023-10-09T15:24:00Z,416.6
SpC_CD_091023.xlsx,2023-10-09T13:42:20Z,2023-10-09T13:42:20Z,419,27.38,346.7529257208475,NA,NA,NA,NA,NA,CD,NA,2023-10-09,20835561,2023-10-09T16:42:20Z,399.9618174875906,1755,46,89,165,5.49,12:24:00,2023-10-09T15:24:00Z,416.6
SpC_CD_091023.xlsx,2023-10-09T13:42:30Z,2023-10-09T13:42:30Z,419,27.37,346.800700250054,NA,NA,NA,NA,NA,CD,NA,2023-10-09,20835561,2023-10-09T16:42:30Z,400.0381898033225,1755,46,89,165,5.49,12:24:00,2023-10-09T15:24:00Z,416.6
SpC_CD_091023.xlsx,2023-10-09T13:42:40Z,2023-10-09T13:42:40Z,419,27.41,346.51759387392985,NA,NA,NA,NA,NA,CD,NA,2023-10-09,20835561,2023-10-09T16:42:40Z,399.732875405457,1755,46,89,165,5.49,12:24:00,2023-10-09T15:24:00Z,416.6
SpC_CD_091023.xlsx,2023-10-09T13:42:50Z,2023-10-09T13:42:50Z,419,27.41,346.4991703447815,NA,NA,NA,NA,NA,CD,NA,2023-10-09,20835561,2023-10-09T16:42:50Z,399.732875405457,1755,46,89,165,5.49,12:24:00,2023-10-09T15:24:00Z,416.6
SpC_CD_091023.xlsx,2023-10-09T13:43:00Z,2023-10-09T13:43:00Z,419,27.400000000000002,346.54686909555977,NA,NA,NA,NA,NA,CD,NA,2023-10-09,20835561,2023-10-09T16:43:00Z,399.8091603053435,1755,46,89,165,5.49,12:24:00,2023-10-09T15:24:00Z,416.6
SpC_CD_091023.xlsx,2023-10-09T13:43:10Z,2023-10-09T13:43:10Z,419,27.400000000000002,346.52844205047074,NA,NA,NA,NA,NA,CD,NA,2023-10-09,20835561,2023-10-09T16:43:10Z,399.8091603053435,1755,46,89,165,5.49,12:24:00,2023-10-09T15:24:00Z,416.6
SpC_CD_091023.xlsx,2023-10-09T13:43:20Z,2023-10-09T13:43:20Z,419,27.38,346.6423212348607,NA,NA,NA,NA,NA,CD,NA,2023-10-09,20835561,2023-10-09T16:43:20Z,399.9618174875906,1755,46,89,165,5.49,12:24:00,2023-10-09T15:24:00Z,416.6
SpC_CD_091023.xlsx,2023-10-09T13:43:30Z,2023-10-09T13:43:30Z,418.6,27.37,346.35910559924287,NA,NA,NA,NA,NA,CD,NA,2023-10-09,20835561,2023-10-09T16:43:30Z,399.65629177009737,1755,46,89,165,5.49,12:24:00,2023-10-09T15:24:00Z,416.6
SpC_CD_091023.xlsx,2023-10-09T13:43:40Z,2023-10-09T13:43:40Z,418.6,27.36,346.40683164365413,NA,NA,NA,NA,NA,CD,NA,2023-10-09,20835561,2023-10-09T16:43:40Z,399.7326203208557,1755,46,89,165,5.49,12:24:00,2023-10-09T15:24:00Z,416.6
SpC_CD_091023.xlsx,2023-10-09T13:43:50Z,2023-10-09T13:43:50Z,418.20000000000005,27.36,346.0574110807525,NA,NA,NA,NA,NA,CD,NA,2023-10-09,20835561,2023-10-09T16:43:50Z,399.3506493506494,1755,46,89,165,5.49,12:24:00,2023-10-09T15:24:00Z,416.6
SpC_CD_091023.xlsx,2023-10-09T13:44:00Z,2023-10-09T13:44:00Z,418.20000000000005,27.35,346.105106219859,NA,NA,NA,NA,NA,CD,NA,2023-10-09,20835561,2023-10-09T16:44:00Z,399.4269340974213,1755,46,89,165,5.49,12:24:00,2023-10-09T15:24:00Z,416.6
SpC_CD_091023.xlsx,2023-10-09T13:44:10Z,2023-10-09T13:44:10Z,418.70000000000005,27.32,346.6991595791201,NA,NA,NA,NA,NA,CD,NA,2023-10-09,20835561,2023-10-09T16:44:10Z,400.1337920489297,1755,46,89,165,5.49,12:24:00,2023-10-09T15:24:00Z,416.6
SpC_CD_091023.xlsx,2023-10-09T13:44:20Z,2023-10-09T13:44:20Z,418.6,27.37,346.2670056020475,NA,NA,NA,NA,NA,CD,NA,2023-10-09,20835561,2023-10-09T16:44:20Z,399.65629177009737,1755,46,89,165,5.49,12:24:00,2023-10-09T15:24:00Z,416.6
SpC_CD_091023.xlsx,2023-10-09T13:44:30Z,2023-10-09T13:44:30Z,418.6,27.41,345.9843241367794,NA,NA,NA,NA,NA,CD,NA,2023-10-09,20835561,2023-10-09T16:44:30Z,399.3512688418241,1755,46,89,165,5.49,12:24:00,2023-10-09T15:24:00Z,416.6
SpC_CD_091023.xlsx,2023-10-09T13:44:40Z,2023-10-09T13:44:40Z,418.6,27.37,346.2301656031694,NA,NA,NA,NA,NA,CD,NA,2023-10-09,20835561,2023-10-09T16:44:40Z,399.65629177009737,1755,46,89,165,5.49,12:24:00,2023-10-09T15:24:00Z,416.6
SpC_CD_091023.xlsx,2023-10-09T13:44:50Z,2023-10-09T13:44:50Z,418.20000000000005,27.400000000000002,345.6828939449751,NA,NA,NA,NA,NA,CD,NA,2023-10-09,20835561,2023-10-09T16:44:50Z,399.0458015267176,1755,46,89,165,5.49,12:24:00,2023-10-09T15:24:00Z,416.6
SpC_CD_091023.xlsx,2023-10-09T13:45:00Z,2023-10-09T13:45:00Z,418.20000000000005,27.35,345.99464964924766,NA,NA,NA,NA,NA,CD,NA,2023-10-09,20835561,2023-10-09T16:45:00Z,399.4269340974213,1755,46,89,165,5.49,12:24:00,2023-10-09T15:24:00Z,416.6
SpC_CD_091023.xlsx,2023-10-09T13:45:10Z,2023-10-09T13:45:10Z,418.20000000000005,27.400000000000002,345.64611022060177,NA,NA,NA,NA,NA,CD,NA,2023-10-09,20835561,2023-10-09T16:45:10Z,399.0458015267176,1755,46,89,165,5.49,12:24:00,2023-10-09T15:24:00Z,416.6
SpC_CD_091023.xlsx,2023-10-09T13:45:20Z,2023-10-09T13:45:20Z,418.6,27.43,345.76035001250216,NA,NA,NA,NA,NA,CD,NA,2023-10-09,20835561,2023-10-09T16:45:20Z,399.1989319092123,1755,46,89,165,5.49,12:24:00,2023-10-09T15:24:00Z,416.6
SpC_CD_091023.xlsx,2023-10-09T13:45:30Z,2023-10-09T13:45:30Z,418.20000000000005,27.37,345.807307779308,NA,NA,NA,NA,NA,CD,NA,2023-10-09,20835561,2023-10-09T16:45:30Z,399.27439373687224,1755,46,89,165,5.49,12:24:00,2023-10-09T15:24:00Z,416.6
SpC_CD_091023.xlsx,2023-10-09T13:45:40Z,2023-10-09T13:45:40Z,417.8,27.36,345.524142651515,NA,NA,NA,NA,NA,CD,NA,2023-10-09,20835561,2023-10-09T16:45:40Z,398.9686783804431,1755,46,89,165,5.49,12:24:00,2023-10-09T15:24:00Z,416.6
SpC_CD_091023.xlsx,2023-10-09T13:45:50Z,2023-10-09T13:45:50Z,417.8,27.400000000000002,345.2420094932591,NA,NA,NA,NA,NA,CD,NA,2023-10-09,20835561,2023-10-09T16:45:50Z,398.66412213740455,1755,46,89,165,5.49,12:24:00,2023-10-09T15:24:00Z,416.6
SpC_CD_091023.xlsx,2023-10-09T13:46:00Z,2023-10-09T13:46:00Z,417.40000000000003,27.41,344.82731279629576,NA,NA,NA,NA,NA,CD,NA,2023-10-09,20835561,2023-10-09T16:46:00Z,398.20644915092544,1755,46,89,165,5.49,12:24:00,2023-10-09T15:24:00Z,416.6
SpC_CD_091023.xlsx,2023-10-09T13:46:10Z,2023-10-09T13:46:10Z,417,27.400000000000002,344.5442647604011,NA,NA,NA,NA,NA,CD,NA,2023-10-09,20835561,2023-10-09T16:46:10Z,397.9007633587786,1755,46,89,165,5.49,12:24:00,2023-10-09T15:24:00Z,416.6
SpC_CD_091023.xlsx,2023-10-09T13:46:20Z,2023-10-09T13:46:20Z,417.40000000000003,27.400000000000002,344.85640617681025,NA,NA,NA,NA,NA,CD,NA,2023-10-09,20835561,2023-10-09T16:46:20Z,398.2824427480916,1755,46,89,165,5.49,12:24:00,2023-10-09T15:24:00Z,416.6
SpC_CD_091023.xlsx,2023-10-09T13:46:30Z,2023-10-09T13:46:30Z,417,27.41,344.4418534066037,NA,NA,NA,NA,NA,CD,NA,2023-10-09,20835561,2023-10-09T16:46:30Z,397.8248425872925,1755,46,89,165,5.49,12:24:00,2023-10-09T15:24:00Z,416.6
SpC_CD_091023.xlsx,2023-10-09T13:46:40Z,2023-10-09T13:46:40Z,417,27.41,344.4235178179286,NA,NA,NA,NA,NA,CD,NA,2023-10-09,20835561,2023-10-09T16:46:40Z,397.8248425872925,1755,46,89,165,5.49,12:24:00,2023-10-09T15:24:00Z,416.6
SpC_CD_091023.xlsx,2023-10-09T13:46:50Z,2023-10-09T13:46:50Z,416.6,27.41,344.07481754606,NA,NA,NA,NA,NA,CD,NA,2023-10-09,20835561,2023-10-09T16:46:50Z,397.4432360236596,1755,46,89,165,5.49,12:24:00,2023-10-09T15:24:00Z,416.6
SpC_CD_091023.xlsx,2023-10-09T13:47:00Z,2023-10-09T13:47:00Z,416.6,27.42,343.9908649595304,NA,NA,NA,NA,NA,CD,NA,2023-10-09,20835561,2023-10-09T16:47:00Z,397.36741701640597,1755,46,89,165,5.49,12:24:00,2023-10-09T15:24:00Z,416.6
SpC_CD_091023.xlsx,2023-10-09T13:47:10Z,2023-10-09T13:47:10Z,416.6,27.41,344.03818154489915,NA,NA,NA,NA,NA,CD,NA,2023-10-09,20835561,2023-10-09T16:47:10Z,397.4432360236596,1755,46,89,165,5.49,12:24:00,2023-10-09T15:24:00Z,416.6
SpC_CD_091023.xlsx,2023-10-09T13:47:20Z,2023-10-09T13:47:20Z,417,27.42,344.2844848536397,NA,NA,NA,NA,NA,CD,NA,2023-10-09,20835561,2023-10-09T16:47:20Z,397.7489507821442,1755,46,89,165,5.49,12:24:00,2023-10-09T15:24:00Z,416.6
SpC_CD_091023.xlsx,2023-10-09T13:47:30Z,2023-10-09T13:47:30Z,417,27.400000000000002,344.3975520577353,NA,NA,NA,NA,NA,CD,NA,2023-10-09,20835561,2023-10-09T16:47:30Z,397.9007633587786,1755,46,89,165,5.49,12:24:00,2023-10-09T15:24:00Z,416.6
SpC_CD_091023.xlsx,2023-10-09T13:47:40Z,2023-10-09T13:47:40Z,417.40000000000003,27.46,344.31529858385136,NA,NA,NA,NA,NA,CD,NA,2023-10-09,20835561,2023-10-09T16:47:40Z,397.8269157453298,1755,46,89,165,5.49,12:24:00,2023-10-09T15:24:00Z,416.6
SpC_CD_091023.xlsx,2023-10-09T13:47:50Z,2023-10-09T13:47:50Z,417.40000000000003,27.46,344.29696289962527,NA,NA,NA,NA,NA,CD,NA,2023-10-09,20835561,2023-10-09T16:47:50Z,397.8269157453298,1755,46,89,165,5.49,12:24:00,2023-10-09T15:24:00Z,416.6
SpC_CD_091023.xlsx,2023-10-09T13:48:00Z,2023-10-09T13:48:00Z,417.40000000000003,27.44,344.40993103966133,NA,NA,NA,NA,NA,CD,NA,2023-10-09,20835561,2023-10-09T16:48:00Z,397.97864225781854,1755,46,89,165,5.49,12:24:00,2023-10-09T15:24:00Z,416.6
SpC_CD_091023.xlsx,2023-10-09T13:48:10Z,2023-10-09T13:48:10Z,417.40000000000003,27.43,344.4572743415094,NA,NA,NA,NA,NA,CD,NA,2023-10-09,20835561,2023-10-09T16:48:10Z,398.0545489223727,1755,46,89,165,5.49,12:24:00,2023-10-09T15:24:00Z,416.6
SpC_CD_091023.xlsx,2023-10-09T13:48:20Z,2023-10-09T13:48:20Z,417,27.400000000000002,344.3058566185692,NA,NA,NA,NA,NA,CD,NA,2023-10-09,20835561,2023-10-09T16:48:20Z,397.9007633587786,1755,46,89,165,5.49,12:24:00,2023-10-09T15:24:00Z,416.6
SpC_CD_091023.xlsx,2023-10-09T13:48:30Z,2023-10-09T13:48:30Z,417.40000000000003,27.42,344.48628603083426,NA,NA,NA,NA,NA,CD,NA,2023-10-09,20835561,2023-10-09T16:48:30Z,398.13048454788253,1755,46,89,165,5.49,12:24:00,2023-10-09T15:24:00Z,416.6
SpC_CD_091023.xlsx,2023-10-09T13:48:40Z,2023-10-09T13:48:40Z,417.40000000000003,27.43,344.4022358142634,NA,NA,NA,NA,NA,CD,NA,2023-10-09,20835561,2023-10-09T16:48:40Z,398.0545489223727,1755,46,89,165,5.49,12:24:00,2023-10-09T15:24:00Z,416.6
SpC_CD_091023.xlsx,2023-10-09T13:48:50Z,2023-10-09T13:48:50Z,417.40000000000003,27.46,344.1869487942685,NA,NA,NA,NA,NA,CD,NA,2023-10-09,20835561,2023-10-09T16:48:50Z,397.8269157453298,1755,46,89,165,5.49,12:24:00,2023-10-09T15:24:00Z,416.6
SpC_CD_091023.xlsx,2023-10-09T13:49:00Z,2023-10-09T13:49:00Z,417.8,27.48,344.3671469798489,NA,NA,NA,NA,NA,CD,NA,2023-10-09,20835561,2023-10-09T16:49:00Z,398.0564024390244,1755,46,89,165,5.49,12:24:00,2023-10-09T15:24:00Z,416.6
SpC_CD_091023.xlsx,2023-10-09T13:49:10Z,2023-10-09T13:49:10Z,417.8,27.53,344.0210367735756,NA,NA,NA,NA,NA,CD,NA,2023-10-09,20835561,2023-10-09T16:49:10Z,397.67751760898534,1755,46,89,165,5.49,12:24:00,2023-10-09T15:24:00Z,416.6
SpC_CD_091023.xlsx,2023-10-09T13:49:20Z,2023-10-09T13:49:20Z,417,27.47,343.7366319344056,NA,NA,NA,NA,NA,CD,NA,2023-10-09,20835561,2023-10-09T16:49:20Z,397.3699256718125,1755,46,89,165,5.49,12:24:00,2023-10-09T15:24:00Z,416.6
SpC_CD_091023.xlsx,2023-10-09T13:49:30Z,2023-10-09T13:49:30Z,416.6,27.46,343.4540687194487,NA,NA,NA,NA,NA,CD,NA,2023-10-09,20835561,2023-10-09T16:49:30Z,397.06443004193676,1755,46,89,165,5.49,12:24:00,2023-10-09T15:24:00Z,416.6
SpC_CD_091023.xlsx,2023-10-09T13:49:40Z,2023-10-09T13:49:40Z,416.6,27.48,343.3048856442807,NA,NA,NA,NA,NA,CD,NA,2023-10-09,20835561,2023-10-09T16:49:40Z,396.9131097560975,1755,46,89,165,5.49,12:24:00,2023-10-09T15:24:00Z,416.6
SpC_CD_091023.xlsx,2023-10-09T13:49:50Z,2023-10-09T13:49:50Z,416.20000000000005,27.400000000000002,343.4805826605343,NA,NA,NA,NA,NA,CD,NA,2023-10-09,20835561,2023-10-09T16:49:50Z,397.1374045801527,1755,46,89,165,5.49,12:24:00,2023-10-09T15:24:00Z,416.6
SpC_CD_091023.xlsx,2023-10-09T13:50:00Z,2023-10-09T13:50:00Z,416.6,27.41,343.7267755350318,NA,NA,NA,NA,NA,CD,NA,2023-10-09,20835561,2023-10-09T16:50:00Z,397.4432360236596,1755,46,89,165,5.49,12:24:00,2023-10-09T15:24:00Z,416.6
SpC_CD_091023.xlsx,2023-10-09T13:50:10Z,2023-10-09T13:50:10Z,416.20000000000005,27.42,343.3129393776276,NA,NA,NA,NA,NA,CD,NA,2023-10-09,20835561,2023-10-09T16:50:10Z,396.9858832506677,1755,46,89,165,5.49,12:24:00,2023-10-09T15:24:00Z,416.6
SpC_CD_091023.xlsx,2023-10-09T13:50:20Z,2023-10-09T13:50:20Z,416.20000000000005,27.42,343.29464245625445,NA,NA,NA,NA,NA,CD,NA,2023-10-09,20835561,2023-10-09T16:50:20Z,396.9858832506677,1755,46,89,165,5.49,12:24:00,2023-10-09T15:24:00Z,416.6
SpC_CD_091023.xlsx,2023-10-09T13:50:30Z,2023-10-09T13:50:30Z,415.8,27.42,342.94643073859595,NA,NA,NA,NA,NA,CD,NA,2023-10-09,20835561,2023-10-09T16:50:30Z,396.6043494849294,1755,46,89,165,5.49,12:24:00,2023-10-09T15:24:00Z,416.6
SpC_CD_091023.xlsx,2023-10-09T13:50:40Z,2023-10-09T13:50:40Z,416.6,27.42,343.587945825054,NA,NA,NA,NA,NA,CD,NA,2023-10-09,20835561,2023-10-09T16:50:40Z,397.36741701640597,1755,46,89,165,5.49,12:24:00,2023-10-09T15:24:00Z,416.6
SpC_CD_091023.xlsx,2023-10-09T13:50:50Z,2023-10-09T13:50:50Z,416.20000000000005,27.400000000000002,343.3707592309488,NA,NA,NA,NA,NA,CD,NA,2023-10-09,20835561,2023-10-09T16:50:50Z,397.1374045801527,1755,46,89,165,5.49,12:24:00,2023-10-09T15:24:00Z,416.6
SpC_CD_091023.xlsx,2023-10-09T13:51:00Z,2023-10-09T13:51:00Z,416.20000000000005,27.400000000000002,343.3524553260179,NA,NA,NA,NA,NA,CD,NA,2023-10-09,20835561,2023-10-09T16:51:00Z,397.1374045801527,1755,46,89,165,5.49,12:24:00,2023-10-09T15:24:00Z,416.6
SpC_CD_091023.xlsx,2023-10-09T13:51:10Z,2023-10-09T13:51:10Z,416.6,27.42,343.5330023067164,NA,NA,NA,NA,NA,CD,NA,2023-10-09,20835561,2023-10-09T16:51:10Z,397.36741701640597,1755,46,89,165,5.49,12:24:00,2023-10-09T15:24:00Z,416.6
SpC_CD_091023.xlsx,2023-10-09T13:51:20Z,2023-10-09T13:51:20Z,416.6,27.42,343.51468780060384,NA,NA,NA,NA,NA,CD,NA,2023-10-09,20835561,2023-10-09T16:51:20Z,397.36741701640597,1755,46,89,165,5.49,12:24:00,2023-10-09T15:24:00Z,416.6
SpC_CD_091023.xlsx,2023-10-09T13:51:30Z,2023-10-09T13:51:30Z,416.6,27.42,343.4963732944912,NA,NA,NA,NA,NA,CD,NA,2023-10-09,20835561,2023-10-09T16:51:30Z,397.36741701640597,1755,46,89,165,5.49,12:24:00,2023-10-09T15:24:00Z,416.6
SpC_CD_091023.xlsx,2023-10-09T13:51:40Z,2023-10-09T13:51:40Z,416.6,27.43,343.41254704724037,NA,NA,NA,NA,NA,CD,NA,2023-10-09,20835561,2023-10-09T16:51:40Z,397.2916269311463,1755,46,89,165,5.49,12:24:00,2023-10-09T15:24:00Z,416.6
SpC_CD_091023.xlsx,2023-10-09T13:51:50Z,2023-10-09T13:51:50Z,417,27.46,343.52738380787923,NA,NA,NA,NA,NA,CD,NA,2023-10-09,20835561,2023-10-09T16:51:50Z,397.4456728936333,1755,46,89,165,5.49,12:24:00,2023-10-09T15:24:00Z,416.6
SpC_CD_091023.xlsx,2023-10-09T13:52:00Z,2023-10-09T13:52:00Z,416.6,27.46,343.1795605959964,NA,NA,NA,NA,NA,CD,NA,2023-10-09,20835561,2023-10-09T16:52:00Z,397.06443004193676,1755,46,89,165,5.49,12:24:00,2023-10-09T15:24:00Z,416.6
SpC_CD_091023.xlsx,2023-10-09T13:52:10Z,2023-10-09T13:52:10Z,416.6,27.42,343.42311527004097,NA,NA,NA,NA,NA,CD,NA,2023-10-09,20835561,2023-10-09T16:52:10Z,397.36741701640597,1755,46,89,165,5.49,12:24:00,2023-10-09T15:24:00Z,416.6
SpC_CD_091023.xlsx,2023-10-09T13:52:20Z,2023-10-09T13:52:20Z,416.6,27.38,343.6670419252602,NA,NA,NA,NA,NA,CD,NA,2023-10-09,20835561,2023-10-09T16:52:20Z,397.6708667430317,1755,46,89,165,5.49,12:24:00,2023-10-09T15:24:00Z,416.6
SpC_CD_091023.xlsx,2023-10-09T13:52:30Z,2023-10-09T13:52:30Z,417,27.400000000000002,343.8473794227384,NA,NA,NA,NA,NA,CD,NA,2023-10-09,20835561,2023-10-09T16:52:30Z,397.9007633587786,1755,46,89,165,5.49,12:24:00,2023-10-09T15:24:00Z,416.6
SpC_CD_091023.xlsx,2023-10-09T13:52:40Z,2023-10-09T13:52:40Z,417,27.42,343.6978579463761,NA,NA,NA,NA,NA,CD,NA,2023-10-09,20835561,2023-10-09T16:52:40Z,397.7489507821442,1755,46,89,165,5.49,12:24:00,2023-10-09T15:24:00Z,416.6
SpC_CD_091023.xlsx,2023-10-09T13:52:50Z,2023-10-09T13:52:50Z,417,27.43,343.6139756884717,NA,NA,NA,NA,NA,CD,NA,2023-10-09,20835561,2023-10-09T16:52:50Z,397.6730879267595,1755,46,89,165,5.49,12:24:00,2023-10-09T15:24:00Z,416.6
SpC_CD_091023.xlsx,2023-10-09T13:53:00Z,2023-10-09T13:53:00Z,417,27.43,343.5956470941086,NA,NA,NA,NA,NA,CD,NA,2023-10-09,20835561,2023-10-09T16:53:00Z,397.6730879267595,1755,46,89,165,5.49,12:24:00,2023-10-09T15:24:00Z,416.6
SpC_CD_091023.xlsx,2023-10-09T13:53:10Z,2023-10-09T13:53:10Z,417,27.42,343.6428616738201,NA,NA,NA,NA,NA,CD,NA,2023-10-09,20835561,2023-10-09T16:53:10Z,397.7489507821442,1755,46,89,165,5.49,12:24:00,2023-10-09T15:24:00Z,416.6
SpC_CD_091023.xlsx,2023-10-09T13:53:20Z,2023-10-09T13:53:20Z,417,27.43,343.5589899053822,NA,NA,NA,NA,NA,CD,NA,2023-10-09,20835561,2023-10-09T16:53:20Z,397.6730879267595,1755,46,89,165,5.49,12:24:00,2023-10-09T15:24:00Z,416.6
SpC_CD_091023.xlsx,2023-10-09T13:53:30Z,2023-10-09T13:53:30Z,417,27.42,343.60619749211617,NA,NA,NA,NA,NA,CD,NA,2023-10-09,20835561,2023-10-09T16:53:30Z,397.7489507821442,1755,46,89,165,5.49,12:24:00,2023-10-09T15:24:00Z,416.6
SpC_CD_091023.xlsx,2023-10-09T13:53:40Z,2023-10-09T13:53:40Z,417.40000000000003,27.37,344.24579957813194,NA,NA,NA,NA,NA,CD,NA,2023-10-09,20835561,2023-10-09T16:53:40Z,398.510597670422,1755,46,89,165,5.49,12:24:00,2023-10-09T15:24:00Z,416.6
SpC_CD_091023.xlsx,2023-10-09T13:53:50Z,2023-10-09T13:53:50Z,417.40000000000003,27.36,344.29317482643756,NA,NA,NA,NA,NA,CD,NA,2023-10-09,20835561,2023-10-09T16:53:50Z,398.5867074102369,1755,46,89,165,5.49,12:24:00,2023-10-09T15:24:00Z,416.6
SpC_CD_091023.xlsx,2023-10-09T13:54:00Z,2023-10-09T13:54:00Z,417.8,27.37,344.53892533714316,NA,NA,NA,NA,NA,CD,NA,2023-10-09,20835561,2023-10-09T16:54:00Z,398.8924957036471,1755,46,89,165,5.49,12:24:00,2023-10-09T15:24:00Z,416.6
SpC_CD_091023.xlsx,2023-10-09T13:54:10Z,2023-10-09T13:54:10Z,417.8,27.41,344.2575979416074,NA,NA,NA,NA,NA,CD,NA,2023-10-09,20835561,2023-10-09T16:54:10Z,398.58805571455827,1755,46,89,165,5.49,12:24:00,2023-10-09T15:24:00Z,416.6
SpC_CD_091023.xlsx,2023-10-09T13:54:20Z,2023-10-09T13:54:20Z,418.20000000000005,27.44,344.37167865632046,NA,NA,NA,NA,NA,CD,NA,2023-10-09,20835561,2023-10-09T16:54:20Z,398.7414187643021,1755,46,89,165,5.49,12:24:00,2023-10-09T15:24:00Z,416.6
SpC_CD_091023.xlsx,2023-10-09T13:54:30Z,2023-10-09T13:54:30Z,417.40000000000003,27.38,344.088260288932,NA,NA,NA,NA,NA,CD,NA,2023-10-09,20835561,2023-10-09T16:54:30Z,398.434516991218,1755,46,89,165,5.49,12:24:00,2023-10-09T15:24:00Z,416.6
SpC_CD_091023.xlsx,2023-10-09T13:54:40Z,2023-10-09T13:54:40Z,417.1,27.36,343.95393176708495,NA,NA,NA,NA,NA,CD,NA,2023-10-09,20835561,2023-10-09T16:54:40Z,398.3002291825822,1755,46,89,165,5.49,12:24:00,2023-10-09T15:24:00Z,416.6
SpC_CD_091023.xlsx,2023-10-09T13:54:50Z,2023-10-09T13:54:50Z,417.40000000000003,27.37,344.11722921415424,NA,NA,NA,NA,NA,CD,NA,2023-10-09,20835561,2023-10-09T16:54:50Z,398.510597670422,1755,46,89,165,5.49,12:24:00,2023-10-09T15:24:00Z,416.6
SpC_CD_091023.xlsx,2023-10-09T13:55:00Z,2023-10-09T13:55:00Z,417,27.37,343.7691074797513,NA,NA,NA,NA,NA,CD,NA,2023-10-09,20835561,2023-10-09T16:55:00Z,398.1286996371968,1755,46,89,165,5.49,12:24:00,2023-10-09T15:24:00Z,416.6
SpC_CD_091023.xlsx,2023-10-09T13:55:10Z,2023-10-09T13:55:10Z,416.70000000000005,27.35,343.63468859463256,NA,NA,NA,NA,NA,CD,NA,2023-10-09,20835561,2023-10-09T16:55:10Z,397.99426934097426,1755,46,89,165,5.49,12:24:00,2023-10-09T15:24:00Z,416.6
SpC_CD_091023.xlsx,2023-10-09T13:55:20Z,2023-10-09T13:55:20Z,416.70000000000005,27.330000000000002,343.7476719103877,NA,NA,NA,NA,NA,CD,NA,2023-10-09,20835561,2023-10-09T16:55:20Z,398.1463787502389,1755,46,89,165,5.49,12:24:00,2023-10-09T15:24:00Z,416.6
SpC_CD_091023.xlsx,2023-10-09T13:55:30Z,2023-10-09T13:55:30Z,416.70000000000005,27.35,343.59800179965913,NA,NA,NA,NA,NA,CD,NA,2023-10-09,20835561,2023-10-09T16:55:30Z,397.99426934097426,1755,46,89,165,5.49,12:24:00,2023-10-09T15:24:00Z,416.6
SpC_CD_091023.xlsx,2023-10-09T13:55:40Z,2023-10-09T13:55:40Z,417.1,27.35,343.90946848943145,NA,NA,NA,NA,NA,CD,NA,2023-10-09,20835561,2023-10-09T16:55:40Z,398.3763132760268,1755,46,89,165,5.49,12:24:00,2023-10-09T15:24:00Z,416.6
SpC_CD_091023.xlsx,2023-10-09T13:55:50Z,2023-10-09T13:55:50Z,417.1,27.36,343.82542927370645,NA,NA,NA,NA,NA,CD,NA,2023-10-09,20835561,2023-10-09T16:55:50Z,398.3002291825822,1755,46,89,165,5.49,12:24:00,2023-10-09T15:24:00Z,416.6
SpC_CD_091023.xlsx,2023-10-09T13:56:00Z,2023-10-09T13:56:00Z,416.70000000000005,27.32,343.7399572560563,NA,NA,NA,NA,NA,CD,NA,2023-10-09,20835561,2023-10-09T16:56:00Z,398.22247706422024,1755,46,89,165,5.49,12:24:00,2023-10-09T15:24:00Z,416.6
SpC_CD_091023.xlsx,2023-10-09T13:56:10Z,2023-10-09T13:56:10Z,416.70000000000005,27.330000000000002,343.65591986964324,NA,NA,NA,NA,NA,CD,NA,2023-10-09,20835561,2023-10-09T16:56:10Z,398.1463787502389,1755,46,89,165,5.49,12:24:00,2023-10-09T15:24:00Z,416.6
SpC_CD_091023.xlsx,2023-10-09T13:56:20Z,2023-10-09T13:56:20Z,417.1,27.35,343.8360244664728,NA,NA,NA,NA,NA,CD,NA,2023-10-09,20835561,2023-10-09T16:56:20Z,398.3763132760268,1755,46,89,165,5.49,12:24:00,2023-10-09T15:24:00Z,416.6
SpC_CD_091023.xlsx,2023-10-09T13:56:30Z,2023-10-09T13:56:30Z,417.1,27.330000000000002,343.9490671157917,NA,NA,NA,NA,NA,CD,NA,2023-10-09,20835561,2023-10-09T16:56:30Z,398.52856869864326,1755,46,89,165,5.49,12:24:00,2023-10-09T15:24:00Z,416.6
SpC_CD_091023.xlsx,2023-10-09T13:56:40Z,2023-10-09T13:56:40Z,417.40000000000003,27.36,343.9808728801707,NA,NA,NA,NA,NA,CD,NA,2023-10-09,20835561,2023-10-09T16:56:40Z,398.5867074102369,1755,46,89,165,5.49,12:24:00,2023-10-09T15:24:00Z,416.6
SpC_CD_091023.xlsx,2023-10-09T13:56:50Z,2023-10-09T13:56:50Z,417.1,27.35,343.7809414492539,NA,NA,NA,NA,NA,CD,NA,2023-10-09,20835561,2023-10-09T16:56:50Z,398.3763132760268,1755,46,89,165,5.49,12:24:00,2023-10-09T15:24:00Z,416.6
SpC_CD_091023.xlsx,2023-10-09T13:57:00Z,2023-10-09T13:57:00Z,417.40000000000003,27.36,343.94413147472756,NA,NA,NA,NA,NA,CD,NA,2023-10-09,20835561,2023-10-09T16:57:00Z,398.5867074102369,1755,46,89,165,5.49,12:24:00,2023-10-09T15:24:00Z,416.6
SpC_CD_091023.xlsx,2023-10-09T13:57:10Z,2023-10-09T13:57:10Z,417.90000000000003,27.330000000000002,344.5351502282972,NA,NA,NA,NA,NA,CD,NA,2023-10-09,20835561,2023-10-09T16:57:10Z,399.292948595452,1755,46,89,165,5.49,12:24:00,2023-10-09T15:24:00Z,416.6
SpC_CD_091023.xlsx,2023-10-09T13:57:20Z,2023-10-09T13:57:20Z,418.20000000000005,27.35,344.63235194504193,NA,NA,NA,NA,NA,CD,NA,2023-10-09,20835561,2023-10-09T16:57:20Z,399.4269340974213,1755,46,89,165,5.49,12:24:00,2023-10-09T15:24:00Z,416.6
SpC_CD_091023.xlsx,2023-10-09T13:57:30Z,2023-10-09T13:57:30Z,417.5,27.32,344.23438281005576,NA,NA,NA,NA,NA,CD,NA,2023-10-09,20835561,2023-10-09T16:57:30Z,398.987003058104,1755,46,89,165,5.49,12:24:00,2023-10-09T15:24:00Z,416.6
SpC_CD_091023.xlsx,2023-10-09T13:57:40Z,2023-10-09T13:57:40Z,417.40000000000003,27.37,343.8049869016369,NA,NA,NA,NA,NA,CD,NA,2023-10-09,20835561,2023-10-09T16:57:40Z,398.510597670422,1755,46,89,165,5.49,12:24:00,2023-10-09T15:24:00Z,416.6
SpC_CD_091023.xlsx,2023-10-09T13:57:50Z,2023-10-09T13:57:50Z,417.40000000000003,27.38,343.7209865224174,NA,NA,NA,NA,NA,CD,NA,2023-10-09,20835561,2023-10-09T16:57:50Z,398.434516991218,1755,46,89,165,5.49,12:24:00,2023-10-09T15:24:00Z,416.6
SpC_CD_091023.xlsx,2023-10-09T13:58:00Z,2023-10-09T13:58:00Z,417.40000000000003,27.36,343.8339072583981,NA,NA,NA,NA,NA,CD,NA,2023-10-09,20835561,2023-10-09T16:58:00Z,398.5867074102369,1755,46,89,165,5.49,12:24:00,2023-10-09T15:24:00Z,416.6
SpC_CD_091023.xlsx,2023-10-09T13:58:10Z,2023-10-09T13:58:10Z,417.40000000000003,27.36,343.8155365556765,NA,NA,NA,NA,NA,CD,NA,2023-10-09,20835561,2023-10-09T16:58:10Z,398.5867074102369,1755,46,89,165,5.49,12:24:00,2023-10-09T15:24:00Z,416.6
SpC_CD_091023.xlsx,2023-10-09T13:58:20Z,2023-10-09T13:58:20Z,417.8,27.36,344.1266312730344,NA,NA,NA,NA,NA,CD,NA,2023-10-09,20835561,2023-10-09T16:58:20Z,398.9686783804431,1755,46,89,165,5.49,12:24:00,2023-10-09T15:24:00Z,416.6
SpC_CD_091023.xlsx,2023-10-09T13:58:30Z,2023-10-09T13:58:30Z,417.40000000000003,27.37,343.71315092736705,NA,NA,NA,NA,NA,CD,NA,2023-10-09,20835561,2023-10-09T16:58:30Z,398.510597670422,1755,46,89,165,5.49,12:24:00,2023-10-09T15:24:00Z,416.6
SpC_CD_091023.xlsx,2023-10-09T13:58:40Z,2023-10-09T13:58:40Z,417.40000000000003,27.37,343.6947837325131,NA,NA,NA,NA,NA,CD,NA,2023-10-09,20835561,2023-10-09T16:58:40Z,398.510597670422,1755,46,89,165,5.49,12:24:00,2023-10-09T15:24:00Z,416.6
SpC_CD_091023.xlsx,2023-10-09T13:58:50Z,2023-10-09T13:58:50Z,417.40000000000003,27.41,343.414118185026,NA,NA,NA,NA,NA,CD,NA,2023-10-09,20835561,2023-10-09T16:58:50Z,398.20644915092544,1755,46,89,165,5.49,12:24:00,2023-10-09T15:24:00Z,416.6
SpC_CD_091023.xlsx,2023-10-09T13:59:00Z,2023-10-09T13:59:00Z,417,27.43,342.93581769703434,NA,NA,NA,NA,NA,CD,NA,2023-10-09,20835561,2023-10-09T16:59:00Z,397.6730879267595,1755,46,89,165,5.49,12:24:00,2023-10-09T15:24:00Z,416.6
SpC_CD_091023.xlsx,2023-10-09T13:59:10Z,2023-10-09T13:59:10Z,417,27.44,342.85209675158364,NA,NA,NA,NA,NA,CD,NA,2023-10-09,20835561,2023-10-09T16:59:10Z,397.59725400457666,1755,46,89,165,5.49,12:24:00,2023-10-09T15:24:00Z,416.6
SpC_CD_091023.xlsx,2023-10-09T13:59:20Z,2023-10-09T13:59:20Z,417,27.44,342.83377165237573,NA,NA,NA,NA,NA,CD,NA,2023-10-09,20835561,2023-10-09T16:59:20Z,397.59725400457666,1755,46,89,165,5.49,12:24:00,2023-10-09T15:24:00Z,416.6
SpC_CD_091023.xlsx,2023-10-09T13:59:30Z,2023-10-09T13:59:30Z,416.6,27.400000000000002,342.7480469541421,NA,NA,NA,NA,NA,CD,NA,2023-10-09,20835561,2023-10-09T16:59:30Z,397.51908396946567,1755,46,89,165,5.49,12:24:00,2023-10-09T15:24:00Z,416.6
SpC_CD_091023.xlsx,2023-10-09T13:59:40Z,2023-10-09T13:59:40Z,416.6,27.38,342.86058827771336,NA,NA,NA,NA,NA,CD,NA,2023-10-09,20835561,2023-10-09T16:59:40Z,397.6708667430317,1755,46,89,165,5.49,12:24:00,2023-10-09T15:24:00Z,416.6
SpC_CD_091023.xlsx,2023-10-09T13:59:50Z,2023-10-09T13:59:50Z,416.3,27.37,342.66079210666334,NA,NA,NA,NA,NA,CD,NA,2023-10-09,20835561,2023-10-09T16:59:50Z,397.4603780790529,1755,46,89,165,5.49,12:24:00,2023-10-09T15:24:00Z,416.6
SpC_CD_091023.xlsx,2023-10-09T14:00:00Z,2023-10-09T14:00:00Z,416.3,27.38,342.57705856356563,NA,NA,NA,NA,NA,CD,NA,2023-10-09,20835561,2023-10-09T17:00:00Z,397.3844978999618,1755,46,89,165,5.49,12:24:00,2023-10-09T15:24:00Z,416.6
SpC_CD_091023.xlsx,2023-10-09T14:00:10Z,2023-10-09T14:00:10Z,415.90000000000003,27.35,342.42571734117035,NA,NA,NA,NA,NA,CD,NA,2023-10-09,20835561,2023-10-09T17:00:10Z,397.2301814708692,1755,46,89,165,5.49,12:24:00,2023-10-09T15:24:00Z,416.6
SpC_CD_091023.xlsx,2023-10-09T14:00:20Z,2023-10-09T14:00:20Z,415.5,27.330000000000002,342.2088309123838,NA,NA,NA,NA,NA,CD,NA,2023-10-09,20835561,2023-10-09T17:00:20Z,396.9998089050258,1755,46,89,165,5.49,12:24:00,2023-10-09T15:24:00Z,416.6
SpC_CD_091023.xlsx,2023-10-09T14:00:30Z,2023-10-09T14:00:30Z,415.5,27.330000000000002,342.1905333491828,NA,NA,NA,NA,NA,CD,NA,2023-10-09,20835561,2023-10-09T17:00:30Z,396.9998089050258,1755,46,89,165,5.49,12:24:00,2023-10-09T15:24:00Z,416.6
SpC_CD_091023.xlsx,2023-10-09T14:00:40Z,2023-10-09T14:00:40Z,415.5,27.310000000000002,342.30306057504157,NA,NA,NA,NA,NA,CD,NA,2023-10-09,20835561,2023-10-09T17:00:40Z,397.15159625310645,1755,46,89,165,5.49,12:24:00,2023-10-09T15:24:00Z,416.6
SpC_CD_091023.xlsx,2023-10-09T14:00:50Z,2023-10-09T14:00:50Z,415.5,27.3,342.3502024320864,NA,NA,NA,NA,NA,CD,NA,2023-10-09,20835561,2023-10-09T17:00:50Z,397.22753346080304,1755,46,89,165,5.49,12:24:00,2023-10-09T15:24:00Z,416.6
SpC_CD_091023.xlsx,2023-10-09T14:01:00Z,2023-10-09T14:01:00Z,415.5,27.26,342.5939164890127,NA,NA,NA,NA,NA,CD,NA,2023-10-09,20835561,2023-10-09T17:01:00Z,397.53157290470716,1755,46,89,165,5.49,12:24:00,2023-10-09T15:24:00Z,416.6
SpC_CD_091023.xlsx,2023-10-09T14:01:10Z,2023-10-09T14:01:10Z,415.90000000000003,27.26,342.9053904164594,NA,NA,NA,NA,NA,CD,NA,2023-10-09,20835561,2023-10-09T17:01:10Z,397.9142747799464,1755,46,89,165,5.49,12:24:00,2023-10-09T15:24:00Z,416.6
SpC_CD_091023.xlsx,2023-10-09T14:01:20Z,2023-10-09T14:01:20Z,416.70000000000005,27.240000000000002,343.67813369385686,NA,NA,NA,NA,NA,CD,NA,2023-10-09,20835561,2023-10-09T17:01:20Z,398.83231240428796,1755,46,89,165,5.49,12:24:00,2023-10-09T15:24:00Z,416.6
SpC_CD_091023.xlsx,2023-10-09T14:01:30Z,2023-10-09T14:01:30Z,416.3,27.25,343.2641556356375,NA,NA,NA,NA,NA,CD,NA,2023-10-09,20835561,2023-10-09T17:01:30Z,398.3732057416268,1755,46,89,165,5.49,12:24:00,2023-10-09T15:24:00Z,416.6
SpC_CD_091023.xlsx,2023-10-09T14:01:40Z,2023-10-09T14:01:40Z,416.70000000000005,27.25,343.57560096555443,NA,NA,NA,NA,NA,CD,NA,2023-10-09,20835561,2023-10-09T17:01:40Z,398.7559808612441,1755,46,89,165,5.49,12:24:00,2023-10-09T15:24:00Z,416.6
SpC_CD_091023.xlsx,2023-10-09T14:01:50Z,2023-10-09T14:01:50Z,417.1,27.29,343.6239496147312,NA,NA,NA,NA,NA,CD,NA,2023-10-09,20835561,2023-10-09T17:01:50Z,398.83342895391087,1755,46,89,165,5.49,12:24:00,2023-10-09T15:24:00Z,416.6
SpC_CD_091023.xlsx,2023-10-09T14:02:00Z,2023-10-09T14:02:00Z,417.1,27.3,343.53986857942306,NA,NA,NA,NA,NA,CD,NA,2023-10-09,20835561,2023-10-09T17:02:00Z,398.75717017208416,1755,46,89,165,5.49,12:24:00,2023-10-09T15:24:00Z,416.6
SpC_CD_091023.xlsx,2023-10-09T14:02:10Z,2023-10-09T14:02:10Z,417.1,27.3,343.5214900201406,NA,NA,NA,NA,NA,CD,NA,2023-10-09,20835561,2023-10-09T17:02:10Z,398.75717017208416,1755,46,89,165,5.49,12:24:00,2023-10-09T15:24:00Z,416.6
SpC_CD_091023.xlsx,2023-10-09T14:02:20Z,2023-10-09T14:02:20Z,417.90000000000003,27.25,344.4912938215436,NA,NA,NA,NA,NA,CD,NA,2023-10-09,20835561,2023-10-09T17:02:20Z,399.90430622009575,1755,46,89,165,5.49,12:24:00,2023-10-09T15:24:00Z,416.6
SpC_CD_091023.xlsx,2023-10-09T14:02:30Z,2023-10-09T14:02:30Z,418.3,27.26,344.7366020768358,NA,NA,NA,NA,NA,CD,NA,2023-10-09,20835561,2023-10-09T17:02:30Z,400.2104860313815,1755,46,89,165,5.49,12:24:00,2023-10-09T15:24:00Z,416.6
SpC_CD_091023.xlsx,2023-10-09T14:02:40Z,2023-10-09T14:02:40Z,418.3,27.26,344.71815653480377,NA,NA,NA,NA,NA,CD,NA,2023-10-09,20835561,2023-10-09T17:02:40Z,400.2104860313815,1755,46,89,165,5.49,12:24:00,2023-10-09T15:24:00Z,416.6
SpC_CD_091023.xlsx,2023-10-09T14:02:50Z,2023-10-09T14:02:50Z,418.3,27.25,344.76568222932553,NA,NA,NA,NA,NA,CD,NA,2023-10-09,20835561,2023-10-09T17:02:50Z,400.287081339713,1755,46,89,165,5.49,12:24:00,2023-10-09T15:24:00Z,416.6
SpC_CD_091023.xlsx,2023-10-09T14:03:00Z,2023-10-09T14:03:00Z,418.70000000000005,27.240000000000002,345.14295428165934,NA,NA,NA,NA,NA,CD,NA,2023-10-09,20835561,2023-10-09T17:03:00Z,400.7465543644717,1755,46,89,165,5.49,12:24:00,2023-10-09T15:24:00Z,416.6
SpC_CD_091023.xlsx,2023-10-09T14:03:10Z,2023-10-09T14:03:10Z,418.70000000000005,27.240000000000002,345.1244840324512,NA,NA,NA,NA,NA,CD,NA,2023-10-09,20835561,2023-10-09T17:03:10Z,400.7465543644717,1755,46,89,165,5.49,12:24:00,2023-10-09T15:24:00Z,416.6
SpC_CD_091023.xlsx,2023-10-09T14:03:20Z,2023-10-09T14:03:20Z,418.70000000000005,27.22,345.2381876682615,NA,NA,NA,NA,NA,CD,NA,2023-10-09,20835561,2023-10-09T17:03:20Z,400.90003829950217,1755,46,89,165,5.49,12:24:00,2023-10-09T15:24:00Z,416.6
SpC_CD_091023.xlsx,2023-10-09T14:03:30Z,2023-10-09T14:03:30Z,418.70000000000005,27.240000000000002,345.08754353403486,NA,NA,NA,NA,NA,CD,NA,2023-10-09,20835561,2023-10-09T17:03:30Z,400.7465543644717,1755,46,89,165,5.49,12:24:00,2023-10-09T15:24:00Z,416.6
SpC_CD_091023.xlsx,2023-10-09T14:03:40Z,2023-10-09T14:03:40Z,419.1,27.240000000000002,345.39873086618314,NA,NA,NA,NA,NA,CD,NA,2023-10-09,20835561,2023-10-09T17:03:40Z,401.12940275650845,1755,46,89,165,5.49,12:24:00,2023-10-09T15:24:00Z,416.6
SpC_CD_091023.xlsx,2023-10-09T14:03:50Z,2023-10-09T14:03:50Z,419.1,27.240000000000002,345.380242971645,NA,NA,NA,NA,NA,CD,NA,2023-10-09,20835561,2023-10-09T17:03:50Z,401.12940275650845,1755,46,89,165,5.49,12:24:00,2023-10-09T15:24:00Z,416.6
SpC_CD_091023.xlsx,2023-10-09T14:04:00Z,2023-10-09T14:04:00Z,419.1,27.22,345.49402690976746,NA,NA,NA,NA,NA,CD,NA,2023-10-09,20835561,2023-10-09T17:04:00Z,401.28303332056686,1755,46,89,165,5.49,12:24:00,2023-10-09T15:24:00Z,416.6
SpC_CD_091023.xlsx,2023-10-09T14:04:10Z,2023-10-09T14:04:10Z,419.1,27.22,345.47553193445765,NA,NA,NA,NA,NA,CD,NA,2023-10-09,20835561,2023-10-09T17:04:10Z,401.28303332056686,1755,46,89,165,5.49,12:24:00,2023-10-09T15:24:00Z,416.6
SpC_CD_091023.xlsx,2023-10-09T14:04:20Z,2023-10-09T14:04:20Z,419.1,27.22,345.45703695914796,NA,NA,NA,NA,NA,CD,NA,2023-10-09,20835561,2023-10-09T17:04:20Z,401.28303332056686,1755,46,89,165,5.49,12:24:00,2023-10-09T15:24:00Z,416.6
SpC_CD_091023.xlsx,2023-10-09T14:04:30Z,2023-10-09T14:04:30Z,419.5,27.22,345.7682375619664,NA,NA,NA,NA,NA,CD,NA,2023-10-09,20835561,2023-10-09T17:04:30Z,401.66602834163155,1755,46,89,165,5.49,12:24:00,2023-10-09T15:24:00Z,416.6
SpC_CD_091023.xlsx,2023-10-09T14:04:40Z,2023-10-09T14:04:40Z,419.1,27.240000000000002,345.28780349895396,NA,NA,NA,NA,NA,CD,NA,2023-10-09,20835561,2023-10-09T17:04:40Z,401.12940275650845,1755,46,89,165,5.49,12:24:00,2023-10-09T15:24:00Z,416.6
SpC_CD_091023.xlsx,2023-10-09T14:04:50Z,2023-10-09T14:04:50Z,419.90000000000003,27.21,346.1271550696462,NA,NA,NA,NA,NA,CD,NA,2023-10-09,20835561,2023-10-09T17:04:50Z,402.1260294962651,1755,46,89,165,5.49,12:24:00,2023-10-09T15:24:00Z,416.6
SpC_CD_091023.xlsx,2023-10-09T14:05:00Z,2023-10-09T14:05:00Z,419.90000000000003,27.22,346.04234230163684,NA,NA,NA,NA,NA,CD,NA,2023-10-09,20835561,2023-10-09T17:05:00Z,402.04902336269635,1755,46,89,165,5.49,12:24:00,2023-10-09T15:24:00Z,416.6
SpC_CD_091023.xlsx,2023-10-09T14:05:10Z,2023-10-09T14:05:10Z,419.90000000000003,27.21,346.0900874123102,NA,NA,NA,NA,NA,CD,NA,2023-10-09,20835561,2023-10-09T17:05:10Z,402.1260294962651,1755,46,89,165,5.49,12:24:00,2023-10-09T15:24:00Z,416.6
SpC_CD_091023.xlsx,2023-10-09T14:05:20Z,2023-10-09T14:05:20Z,420.3,27.22,346.3348890603525,NA,NA,NA,NA,NA,CD,NA,2023-10-09,20835561,2023-10-09T17:05:20Z,402.43201838376103,1755,46,89,165,5.49,12:24:00,2023-10-09T15:24:00Z,416.6
SpC_CD_091023.xlsx,2023-10-09T14:05:30Z,2023-10-09T14:05:30Z,419.90000000000003,27.22,345.98675146317896,NA,NA,NA,NA,NA,CD,NA,2023-10-09,20835561,2023-10-09T17:05:30Z,402.04902336269635,1755,46,89,165,5.49,12:24:00,2023-10-09T15:24:00Z,416.6
SpC_CD_091023.xlsx,2023-10-09T14:05:40Z,2023-10-09T14:05:40Z,420.3,27.22,346.29779319720444,NA,NA,NA,NA,NA,CD,NA,2023-10-09,20835561,2023-10-09T17:05:40Z,402.43201838376103,1755,46,89,165,5.49,12:24:00,2023-10-09T15:24:00Z,416.6
SpC_CD_091023.xlsx,2023-10-09T14:05:50Z,2023-10-09T14:05:50Z,420.70000000000005,27.22,346.6087996270538,NA,NA,NA,NA,NA,CD,NA,2023-10-09,20835561,2023-10-09T17:05:50Z,402.8150134048258,1755,46,89,165,5.49,12:24:00,2023-10-09T15:24:00Z,416.6
SpC_CD_091023.xlsx,2023-10-09T14:06:00Z,2023-10-09T14:06:00Z,420.3,27.22,346.2606973340563,NA,NA,NA,NA,NA,CD,NA,2023-10-09,20835561,2023-10-09T17:06:00Z,402.43201838376103,1755,46,89,165,5.49,12:24:00,2023-10-09T15:24:00Z,416.6
SpC_CD_091023.xlsx,2023-10-09T14:06:10Z,2023-10-09T14:06:10Z,420.70000000000005,27.240000000000002,346.4389840537342,NA,NA,NA,NA,NA,CD,NA,2023-10-09,20835561,2023-10-09T17:06:10Z,402.6607963246555,1755,46,89,165,5.49,12:24:00,2023-10-09T15:24:00Z,416.6
SpC_CD_091023.xlsx,2023-10-09T14:06:20Z,2023-10-09T14:06:20Z,420.6,27.27,346.1393034502369,NA,NA,NA,NA,NA,CD,NA,2023-10-09,20835561,2023-10-09T17:06:20Z,402.334034819208,1755,46,89,165,5.49,12:24:00,2023-10-09T15:24:00Z,416.6
SpC_CD_091023.xlsx,2023-10-09T14:06:30Z,2023-10-09T14:06:30Z,420.3,27.27,345.8738836009954,NA,NA,NA,NA,NA,CD,NA,2023-10-09,20835561,2023-10-09T17:06:30Z,402.0470633250431,1755,46,89,165,5.49,12:24:00,2023-10-09T15:24:00Z,416.6
SpC_CD_091023.xlsx,2023-10-09T14:06:40Z,2023-10-09T14:06:40Z,420.20000000000005,27.310000000000002,345.5086626436418,NA,NA,NA,NA,NA,CD,NA,2023-10-09,20835561,2023-10-09T17:06:40Z,401.6440451156567,1755,46,89,165,5.49,12:24:00,2023-10-09T15:24:00Z,416.6
SpC_CD_091023.xlsx,2023-10-09T14:06:50Z,2023-10-09T14:06:50Z,419.8,27.310000000000002,345.1612694006658,NA,NA,NA,NA,NA,CD,NA,2023-10-09,20835561,2023-10-09T17:06:50Z,401.26170904224813,1755,46,89,165,5.49,12:24:00,2023-10-09T15:24:00Z,416.6
SpC_CD_091023.xlsx,2023-10-09T14:07:00Z,2023-10-09T14:07:00Z,419.40000000000003,27.310000000000002,344.81391140112476,NA,NA,NA,NA,NA,CD,NA,2023-10-09,20835561,2023-10-09T17:07:00Z,400.8793729688396,1755,46,89,165,5.49,12:24:00,2023-10-09T15:24:00Z,416.6
SpC_CD_091023.xlsx,2023-10-09T14:07:10Z,2023-10-09T14:07:10Z,419.40000000000003,27.32,344.7295337621967,NA,NA,NA,NA,NA,CD,NA,2023-10-09,20835561,2023-10-09T17:07:10Z,400.802752293578,1755,46,89,165,5.49,12:24:00,2023-10-09T15:24:00Z,416.6
SpC_CD_091023.xlsx,2023-10-09T14:07:20Z,2023-10-09T14:07:20Z,419.1,27.3,344.5962128683471,NA,NA,NA,NA,NA,CD,NA,2023-10-09,20835561,2023-10-09T17:07:20Z,400.66921606118547,1755,46,89,165,5.49,12:24:00,2023-10-09T15:24:00Z,416.6
SpC_CD_091023.xlsx,2023-10-09T14:07:30Z,2023-10-09T14:07:30Z,419.1,27.310000000000002,344.51187393240065,NA,NA,NA,NA,NA,CD,NA,2023-10-09,20835561,2023-10-09T17:07:30Z,400.5926209137832,1755,46,89,165,5.49,12:24:00,2023-10-09T15:24:00Z,416.6
SpC_CD_091023.xlsx,2023-10-09T14:07:40Z,2023-10-09T14:07:40Z,419.1,27.310000000000002,344.493410777924,NA,NA,NA,NA,NA,CD,NA,2023-10-09,20835561,2023-10-09T17:07:40Z,400.5926209137832,1755,46,89,165,5.49,12:24:00,2023-10-09T15:24:00Z,416.6
SpC_CD_091023.xlsx,2023-10-09T14:07:50Z,2023-10-09T14:07:50Z,419,27.330000000000002,344.2611302000816,NA,NA,NA,NA,NA,CD,NA,2023-10-09,20835561,2023-10-09T17:07:50Z,400.34397095356394,1755,46,89,165,5.49,12:24:00,2023-10-09T15:24:00Z,416.6
SpC_CD_091023.xlsx,2023-10-09T14:08:00Z,2023-10-09T14:08:00Z,419,27.35,344.1111626782733,NA,NA,NA,NA,NA,CD,NA,2023-10-09,20835561,2023-10-09T17:08:00Z,400.1910219675263,1755,46,89,165,5.49,12:24:00,2023-10-09T15:24:00Z,416.6
SpC_CD_091023.xlsx,2023-10-09T14:08:10Z,2023-10-09T14:08:10Z,418.6,27.330000000000002,343.8956117978211,NA,NA,NA,NA,NA,CD,NA,2023-10-09,20835561,2023-10-09T17:08:10Z,399.9617810051596,1755,46,89,165,5.49,12:24:00,2023-10-09T15:24:00Z,416.6
SpC_CD_091023.xlsx,2023-10-09T14:08:20Z,2023-10-09T14:08:20Z,418.6,27.330000000000002,343.87717771850475,NA,NA,NA,NA,NA,CD,NA,2023-10-09,20835561,2023-10-09T17:08:20Z,399.9617810051596,1755,46,89,165,5.49,12:24:00,2023-10-09T15:24:00Z,416.6
SpC_CD_091023.xlsx,2023-10-09T14:08:30Z,2023-10-09T14:08:30Z,418.70000000000005,27.310000000000002,344.072389593939,NA,NA,NA,NA,NA,CD,NA,2023-10-09,20835561,2023-10-09T17:08:30Z,400.2102848403747,1755,46,89,165,5.49,12:24:00,2023-10-09T15:24:00Z,416.6
