event_id,stream,date,station,slug_label,solute,datetime,time_since_release_s,anchor_drift_s,sample_btc,curve_limb,conc_ugL,background_ugL,conc_corr_ugL,spc_uscm_grab,spc_corr_uscm_grab,spc_uscm_logger,nacl_mgL_grab,nacl_mgL_grab_src,nacl_mgL_logger,nacl_mgL,nacl_source,gap_s,a_PO4,a_HPO4,h_adsorbed,k1_langmuir,k2_langmuir,delta_ca_mgL,p_coprec_ugL,flag_delta_ca_neg,conc_corr_coprec_ugL
CB_20230907_single,CB,2023-09-07,NA,NA,NH4-N,2023-09-07T18:19:35Z,1295,0,4,rising,56.882,33.03,23.852,366.9,1.8,401.31684204048986,0.8300862,0.846,0.6886591131216238,0.6886591131216238,logger_interpolated,1,NA,NA,NA,NA,NA,NA,NA,NA,NA
CB_20230907_single,CB,2023-09-07,NA,NA,NH4-N,2023-09-07T18:21:35Z,1415,0,17,rising,63.7144,33.03,30.6844,373.6,8.5,401.0438125975568,3.9198515,3.995,0.7652038536600136,0.7652038536600136,logger_interpolated,1,NA,NA,NA,NA,NA,NA,NA,NA,NA
CB_20230907_single,CB,2023-09-07,NA,NA,NH4-N,2023-09-07T18:23:15Z,1515,0,9,rising,95.4732,33.03,62.4432,385.7,20.6,402.138835355539,9.4998754,9.682,1.4388957248849372,1.4388957248849372,logger_interpolated,11,NA,NA,NA,NA,NA,NA,NA,NA,NA
CB_20230907_single,CB,2023-09-07,NA,NA,NH4-N,2023-09-07T18:24:35Z,1595,0,7,rising,124.4503,33.03,91.4203,393.4,28.3,408.66771261984866,13.0507997,13.301,4.584716052158022,4.584716052158022,logger_interpolated,1,NA,NA,NA,NA,NA,NA,NA,NA,NA
CB_20230907_single,CB,2023-09-07,NA,NA,NH4-N,2023-09-07T18:26:35Z,1715,0,2,rising,146.722,33.03,113.692,400.8,35.7,422.3365274141613,16.4633763,16.779,11.09066773930038,11.09066773930038,logger_interpolated,1,NA,NA,NA,NA,NA,NA,NA,NA,NA
CB_20230907_single,CB,2023-09-07,NA,NA,NH4-N,2023-09-07T18:28:35Z,1835,0,23,peak,153.5383,33.03,120.5083,401.9,36.8,436.0593194264968,16.9706512,17.296,17.62151150632896,17.62151150632896,logger_interpolated,1,NA,NA,NA,NA,NA,NA,NA,NA,NA
CB_20230907_single,CB,2023-09-07,NA,NA,NH4-N,2023-09-07T18:31:35Z,2015,0,26,falling,143.9829,33.03,110.9529,397.8,32.7,438.16726080905164,15.079899300000001,15.369,18.897289734484495,18.897289734484495,logger_interpolated,1,NA,NA,NA,NA,NA,NA,NA,NA,NA
CB_20230907_single,CB,2023-09-07,NA,NA,NH4-N,2023-09-07T18:35:00Z,2220,0,21,falling,117.5125,33.03,84.4825,391,25.9,431.5608074839981,11.9440181,12.173,16.196524481468188,16.196524481468188,logger_interpolated,4,NA,NA,NA,NA,NA,NA,NA,NA,NA
CB_20230907_single,CB,2023-09-07,NA,NA,NH4-N,2023-09-07T18:39:00Z,2460,0,16,falling,102.6801,33.03,69.6501,383.9,18.8,421.2640182864838,8.6697892,8.836,11.852976922755593,11.852976922755593,logger_interpolated,4,NA,NA,NA,NA,NA,NA,NA,NA,NA
CB_20230907_single,CB,2023-09-07,NA,NA,NH4-N,2023-09-07T18:45:00Z,2820,0,19,falling,73.7016,33.03,40.6716,375.8,10.7,407.86657442598477,4.934401299999999,5.029,6.281989285727558,6.281989285727558,logger_interpolated,4,NA,NA,NA,NA,NA,NA,NA,NA,NA
CB_20230907_single,CB,2023-09-07,NA,NA,NH4-N,2023-09-07T18:53:00Z,3300,0,6,falling,47.705,33.03,14.675,369.9,4.8,399.0158085747678,2.2135632,2.256,3.0101978581939894,3.0101978581939894,logger_interpolated,4,NA,NA,NA,NA,NA,NA,NA,NA,NA
CB_20230907_single,CB,2023-09-07,NA,NA,NH4-N,2023-09-07T19:06:00Z,4080,0,25,falling,39.6919,33.03,6.6619,366.7,1.6,389.17373662855044,0.7378544,0.752,0.03650491879241915,0.03650491879241915,logger_interpolated,4,NA,NA,NA,NA,NA,NA,NA,NA,NA
CB_20230907_single,CB,2023-09-07,NA,NA,SRP,2023-09-07T18:21:55Z,1435,-180,10,rising,7.8118,5.83,2.0776,365.3,0.2,401.24059630644706,0.0922318,0.094,0.8896948863034675,0.8896948863034675,logger_interpolated,9,1.4870853405085914e-12,8.478407382365015e-8,0.010162572644848471,980.5593390830225,0.10389610992390634,-0.3999999999999986,-0.020915161369661713,TRUE,2.0566848386303382
CB_20230907_single,CB,2023-09-07,NA,NA,SRP,2023-09-07T18:23:35Z,1535,-180,22,rising,8.4209,5.83,2.6867,369.2,4.1,401.7441860465117,1.8907518999999997,1.927,1.290642098418515,1.290642098418515,logger_interpolated,1,1.6030383805187237e-12,9.139497290018413e-8,0.010946308612482433,980.5593390830225,0.10389610992390634,-0.3999999999999986,-0.022528135250107384,TRUE,2.6641718647498926
CB_20230907_single,CB,2023-09-07,NA,NA,SRP,2023-09-07T18:25:35Z,1655,-180,14,rising,18.2684,5.83,12.5342,381.5,16.4,414.50977523398114,7.563007599999999,7.708,7.3800631679347095,7.3800631679347095,logger_interpolated,1,3.4777367874928977e-12,1.9827825915436605e-7,0.0234474820971302,980.5593390830225,0.10389610992390634,-0.3999999999999986,-0.04825627219721038,TRUE,12.48594372780279
CB_20230907_single,CB,2023-09-07,NA,NA,SRP,2023-09-07T18:26:35Z,1715,-180,5,rising,27.7634,5.83,22.0292,385.5,20.4,422.3365274141613,9.407643599999998,9.588,11.09066773930038,11.09066773930038,logger_interpolated,1,5.28542232483814e-12,3.013409011381863e-7,0.03520611759489871,980.5593390830225,0.10389610992390634,-0.3999999999999986,-0.07245622308735508,TRUE,21.956743776912646
CB_20230907_single,CB,2023-09-07,NA,NA,SRP,2023-09-07T18:28:35Z,1835,-180,8,rising,30.467,5.83,24.7328,397.9,32.8,436.0593194264968,15.126015199999998,15.416,17.62151150632896,17.62151150632896,logger_interpolated,1,5.800158618296025e-12,3.306878651055129e-7,0.03850275570799499,980.5593390830225,0.10389610992390634,-0.3999999999999986,-0.0792408946978195,TRUE,24.653559105302183
CB_20230907_single,CB,2023-09-07,NA,NA,SRP,2023-09-07T18:30:35Z,1955,-180,18,rising,37.7367,5.83,32.0025,402.2,37.1,437.01858004183595,17.1089989,17.437,18.266337897850082,18.266337897850082,logger_interpolated,1,7.184239058912689e-12,4.0959925980393594e-7,0.04725640838700253,980.5593390830225,0.10389610992390634,-0.3999999999999986,-0.09725641741570351,TRUE,31.905243582584294
CB_20230907_single,CB,2023-09-07,NA,NA,SRP,2023-09-07T18:32:35Z,2075,-180,1,peak,30.3005,5.83,24.5663,406.1,41,437.0135009893135,18.907519,19.27,18.466450372479834,18.466450372479834,logger_interpolated,1,5.7684558399190306e-12,3.288803758988675e-7,0.038300365862492906,980.5593390830225,0.10389610992390634,-0.3999999999999986,-0.0788243647082009,TRUE,24.487475635291798
CB_20230907_single,CB,2023-09-07,NA,NA,SRP,2023-09-07T18:33:35Z,2135,-180,16,falling,24.8206,5.83,19.0864,399.9,34.8,435.25936865423665,16.0483332,16.356,17.75874382167411,17.75874382167411,logger_interpolated,1,4.725157125018509e-12,2.693981707727018e-7,0.03159209875399643,980.5593390830225,0.10389610992390634,-0.3999999999999986,-0.06501836361101615,TRUE,19.021381636388984
CB_20230907_single,CB,2023-09-07,NA,NA,SRP,2023-09-07T18:36:00Z,2280,-180,15,falling,217.7257,5.83,211.9915,395,29.9,429.7386520826081,13.788654099999999,14.053,15.457448481424553,15.457448481424553,logger_interpolated,4,4.1469567566984504e-11,2.364328920646597e-6,0.222581186238555,980.5593390830225,0.10389610992390634,-0.3999999999999986,-0.4580849348604599,TRUE,211.53341506513954
CB_20230907_single,CB,2023-09-07,NA,NA,SRP,2023-09-07T18:40:00Z,2520,-180,20,falling,620.5054,5.83,614.7712,386.9,21.8,418.95338058987386,10.0532662,10.246,10.888632915930623,10.888632915930623,logger_interpolated,4,1.1830855254550568e-10,6.745195302346776e-6,0.4495841386765674,980.5593390830225,0.10389610992390634,-0.3999999999999986,-0.9252701199068262,TRUE,613.8459298800932
CB_20230907_single,CB,2023-09-07,NA,NA,SRP,2023-09-07T18:45:00Z,2820,-180,12,falling,635.411,5.83,629.6768,379.3,14.2,407.86657442598477,6.5484577999999996,6.674,6.281989285727558,6.281989285727558,logger_interpolated,4,1.2115496276737028e-10,6.907479367564206e-6,0.45547407891933106,980.5593390830225,0.10389610992390634,-0.3999999999999986,-0.9373919570577284,TRUE,628.7394080429423
CB_20230907_single,CB,2023-09-07,NA,NA,SRP,2023-09-07T18:52:00Z,3240,-180,3,falling,45.0018,5.83,39.2676,372.8,7.7,400.3788546835459,3.5509243,3.619,3.537551475966003,3.537551475966003,logger_interpolated,4,8.567539829796092e-12,4.884662027318904e-7,0.0558473108670608,980.5593390830225,0.10389610992390634,-0.3999999999999986,-0.11493699082567838,TRUE,39.152663009174326
CB_20230907_single,CB,2023-09-07,NA,NA,SRP,2023-09-07T19:02:00Z,3840,-180,24,falling,157.3076,5.83,151.5734,367.8,2.7,379.16512971843116,1.2451293,1.269,0,0,logger_interpolated,4,2.9957261237650465e-11,1.707971008213063e-6,0.17138041823728842,980.5593390830225,0.10389610992390634,-0.3999999999999986,-0.3527107975803747,TRUE,151.2206892024196
CB_20231008_single,CB,2023-10-08,NA,NA,NH4-N,2023-10-08T15:04:40Z,1480,0,3,rising,17.848,6.127,11.594,369.4,1.1,410.5116279069768,0.5072749,0.518,0.49258326771923094,0.49258326771923094,logger_interpolated,0,NA,NA,NA,NA,NA,NA,NA,NA,NA
CB_20231008_single,CB,2023-10-08,NA,NA,NH4-N,2023-10-08T15:05:20Z,1520,0,4,rising,15.698,6.127,9.444,370.3,2,410.4352678571429,0.922318,0.941,0.45216664904611714,0.45216664904611714,logger_interpolated,0,NA,NA,NA,NA,NA,NA,NA,NA,NA
CB_20231008_single,CB,2023-10-08,NA,NA,NH4-N,2023-10-08T15:06:00Z,1560,0,5,rising,15.007,6.127,8.753,370.5,2.2,410.4352678571429,1.0145498,1.035,0.44696415459438504,0.44696415459438504,logger_interpolated,0,NA,NA,NA,NA,NA,NA,NA,NA,NA
CB_20231008_single,CB,2023-10-08,NA,NA,NH4-N,2023-10-08T15:06:30Z,1590,0,6,rising,19.333,6.127,13.079,373.1,4.8,410.4352678571429,2.2135632,2.259,0.443062283755586,0.443062283755586,logger_interpolated,0,NA,NA,NA,NA,NA,NA,NA,NA,NA
CB_20231008_single,CB,2023-10-08,NA,NA,NH4-N,2023-10-08T15:06:50Z,1610,0,7,rising,15.117,6.127,8.863,372.1,3.8,410.4352678571429,1.7524042,1.788,0.44046103652971996,0.44046103652971996,logger_interpolated,0,NA,NA,NA,NA,NA,NA,NA,NA,NA
CB_20231008_single,CB,2023-10-08,NA,NA,NH4-N,2023-10-08T15:07:00Z,1620,0,8,rising,25.558,6.127,19.305,376.6,8.3,410.5116279069768,3.8276197,3.906,0.4743745371381425,0.4743745371381425,logger_interpolated,0,NA,NA,NA,NA,NA,NA,NA,NA,NA
CB_20231008_single,CB,2023-10-08,NA,NA,NH4-N,2023-10-08T15:07:20Z,1640,0,9,rising,25.052,6.127,18.799,378.5,10.2,410.4352678571429,4.703821799999999,4.8,0.4365591656909209,0.4365591656909209,logger_interpolated,0,NA,NA,NA,NA,NA,NA,NA,NA,NA
CB_20231008_single,CB,2023-10-08,NA,NA,NH4-N,2023-10-08T15:08:10Z,1690,0,10,rising,43.875,6.127,37.621,390,21.7,411.55133928571433,10.0071503,10.212,0.9447424315548085,0.9447424315548085,logger_interpolated,0,NA,NA,NA,NA,NA,NA,NA,NA,NA
CB_20231008_single,CB,2023-10-08,NA,NA,NH4-N,2023-10-08T15:08:40Z,1720,0,11,rising,38.619,6.127,32.365,394.2,25.9,411.9233630952382,11.9440181,12.189,1.1124026886922198,1.1124026886922198,logger_interpolated,0,NA,NA,NA,NA,NA,NA,NA,NA,NA
CB_20231008_single,CB,2023-10-08,NA,NA,NH4-N,2023-10-08T15:09:10Z,1750,0,12,rising,52.229,6.127,45.976,398.3,30,412.2953869047619,13.834769999999999,14.118,1.280062945829579,1.280062945829579,logger_interpolated,0,NA,NA,NA,NA,NA,NA,NA,NA,NA
CB_20231008_single,CB,2023-10-08,NA,NA,NH4-N,2023-10-08T15:09:40Z,1780,0,13,rising,51.418,6.127,45.165,393.5,25.2,416.2946428571429,11.6212068,11.859,3.1204539507348326,3.1204539507348326,logger_interpolated,0,NA,NA,NA,NA,NA,NA,NA,NA,NA
CB_20231008_single,CB,2023-10-08,NA,NA,NH4-N,2023-10-08T15:10:10Z,1810,0,14,rising,66.799,6.127,60.545,405.5,37.2,419.27083333333337,17.1551148,17.506,4.489049103705534,4.489049103705534,logger_interpolated,0,NA,NA,NA,NA,NA,NA,NA,NA,NA
CB_20231008_single,CB,2023-10-08,NA,NA,NH4-N,2023-10-08T15:10:40Z,1840,0,15,rising,70.098,6.127,63.844,395,26.7,423.27008928571433,12.312945299999999,12.565,6.329440108610787,6.329440108610787,logger_interpolated,0,NA,NA,NA,NA,NA,NA,NA,NA,NA
CB_20231008_single,CB,2023-10-08,NA,NA,NH4-N,2023-10-08T15:11:20Z,1880,0,16,rising,78.082,6.127,71.829,414,45.7,431.733630952381,21.0749663,21.506,10.227276025617396,10.227276025617396,logger_interpolated,0,NA,NA,NA,NA,NA,NA,NA,NA,NA
CB_20231008_single,CB,2023-10-08,NA,NA,NH4-N,2023-10-08T15:12:20Z,1940,0,17,rising,72.205,6.127,65.952,415.7,47.4,434.3377976190477,21.8589366,22.306,11.420407179773141,11.420407179773141,logger_interpolated,0,NA,NA,NA,NA,NA,NA,NA,NA,NA
CB_20231008_single,CB,2023-10-08,NA,NA,NH4-N,2023-10-08T15:13:20Z,2000,0,18,peak,81.849,6.127,75.596,417.5,49.2,445.2398661212346,22.6890228,23.154,16.440190446495535,16.440190446495535,logger_interpolated,0,NA,NA,NA,NA,NA,NA,NA,NA,NA
CB_20231008_single,CB,2023-10-08,NA,NA,NH4-N,2023-10-08T15:14:20Z,2060,0,19,falling,83.485,6.127,77.231,416,47.7,448.9587207140201,21.9972843,22.448,18.147369969972292,18.147369969972292,logger_interpolated,0,NA,NA,NA,NA,NA,NA,NA,NA,NA
CB_20231008_single,CB,2023-10-08,NA,NA,NH4-N,2023-10-08T15:15:20Z,2120,0,20,falling,72.03,6.127,65.776,412.1,43.8,460.3941985868353,20.1987642,20.612,23.41313976864424,23.41313976864424,logger_interpolated,0,NA,NA,NA,NA,NA,NA,NA,NA,NA
CB_20231008_single,CB,2023-10-08,NA,NA,NH4-N,2023-10-08T15:16:20Z,2180,0,21,falling,64.246,6.127,57.993,411.5,43.2,465.1357381926366,19.9220688,20.33,25.59193969003838,25.59193969003838,logger_interpolated,0,NA,NA,NA,NA,NA,NA,NA,NA,NA
CB_20231008_single,CB,2023-10-08,NA,NA,NH4-N,2023-10-08T15:17:20Z,2240,0,22,falling,63.228,6.127,56.975,408.4,40.1,461.50985496467086,18.4924759,18.871,23.912027264835327,23.912027264835327,logger_interpolated,0,NA,NA,NA,NA,NA,NA,NA,NA,NA
CB_20231008_single,CB,2023-10-08,NA,NA,NH4-N,2023-10-08T15:20:20Z,2420,0,23,falling,45.805,6.127,39.551,400.5,32.2,457.0472294533283,14.849319800000002,15.153,21.830636121617268,21.830636121617268,logger_interpolated,0,NA,NA,NA,NA,NA,NA,NA,NA,NA
CB_20231008_single,CB,2023-10-08,NA,NA,NH4-N,2023-10-08T15:23:20Z,2600,0,24,falling,29.867,6.127,23.613,390.5,22.2,448.13162297824874,10.237729799999999,10.447,17.69571273014322,17.69571273014322,logger_interpolated,0,NA,NA,NA,NA,NA,NA,NA,NA,NA
CB_20231008_single,CB,2023-10-08,NA,NA,NH4-N,2023-10-08T15:26:20Z,2780,0,25,falling,24.126,6.127,17.872,385.3,17,439.0447872142725,7.839703,8,13.481825411030883,13.481825411030883,logger_interpolated,0,NA,NA,NA,NA,NA,NA,NA,NA,NA
CB_20231008_single,CB,2023-10-08,NA,NA,NH4-N,2023-10-08T15:30:20Z,3020,0,26,falling,18.755,6.127,12.502,379.5,11.2,430.8006687720602,5.1649807999999995,5.271,9.64876102762825,9.64876102762825,logger_interpolated,0,NA,NA,NA,NA,NA,NA,NA,NA,NA
CB_20231008_single,CB,2023-10-08,NA,NA,NH4-N,2023-10-08T15:35:20Z,3320,0,27,falling,19.314,6.127,13.06,376,7.7,422.26968796433886,3.5509243,3.624,5.675603740932244,5.675603740932244,logger_interpolated,0,NA,NA,NA,NA,NA,NA,NA,NA,NA
CB_20231008_single,CB,2023-10-08,NA,NA,NH4-N,2023-10-08T15:40:20Z,3620,0,28,falling,9.048,6.127,2.795,372.6,4.3,417.37838841440777,1.9829837,2.024,3.3809182233975292,3.3809182233975292,logger_interpolated,0,NA,NA,NA,NA,NA,NA,NA,NA,NA
CB_20231008_single,CB,2023-10-08,NA,NA,NH4-N,2023-10-08T15:45:20Z,3920,0,29,falling,13.008,6.127,6.754,370.9,2.6,414.7020605160572,1.1990134,1.224,2.1076868177340384,2.1076868177340384,logger_interpolated,0,NA,NA,NA,NA,NA,NA,NA,NA,NA
CB_20231008_single,CB,2023-10-08,NA,NA,NH4-N,2023-10-08T15:50:20Z,4220,0,30,falling,3.585,6.127,-2.668,369.8,1.5,412.987012987013,0.6917385,0.706,1.2777585058994887,1.2777585058994887,logger_interpolated,0,NA,NA,NA,NA,NA,NA,NA,NA,NA
CB_20231008_single,CB,2023-10-08,NA,NA,NH4-N,2023-10-08T16:00:10Z,4810,0,31,falling,10.414,6.127,4.16,369.2,0.9,411.5684093437153,0.4150431,0.424,0.5468198751968246,0.5468198751968246,logger_interpolated,0,NA,NA,NA,NA,NA,NA,NA,NA,NA
CB_20231008_single,CB,2023-10-08,NA,NA,SRP,2023-10-08T15:04:40Z,1480,0,3,rising,10.6817,5.83,5.0317,369.4,1.1,410.5116279069768,0.5072749,0.51766,0.49258326771923094,0.49258326771923094,logger_interpolated,0,3.972031927514653e-13,8.238330441979606e-8,0.008917831578245588,982.9219666708528,0.10448300431645786,0.3999999999999986,0.018353412373491824,FALSE,5.050053412373492
CB_20231008_single,CB,2023-10-08,NA,NA,SRP,2023-10-08T15:05:20Z,1520,0,4,rising,13.9737,5.83,8.3237,370.3,2,410.4352678571429,0.922318,0.9412,0.45216664904611714,0.45216664904611714,logger_interpolated,0,1.5457789086780205e-12,1.3995030658897505e-7,0.0158853896147579,982.9219666708528,0.10448300431645786,0.3999999999999986,0.03269304917402278,FALSE,8.356393049174024
CB_20231008_single,CB,2023-10-08,NA,NA,SRP,2023-10-08T15:06:00Z,1560,0,5,rising,11.7566,5.83,6.1066,370.5,2.2,410.4352678571429,1.0145498,1.03532,0.44696415459438504,0.44696415459438504,logger_interpolated,0,1.3005155774677254e-12,1.1774488108781556e-7,0.013398681520901692,982.9219666708528,0.10448300431645786,0.3999999999999986,0.027575260314859153,FALSE,6.134175260314859
CB_20231008_single,CB,2023-10-08,NA,NA,SRP,2023-10-08T15:06:30Z,1590,0,6,rising,10.0992,5.83,4.4492,373.1,4.8,410.4352678571429,2.2135632,2.25888,0.443062283755586,0.443062283755586,logger_interpolated,0,1.117172612824251e-12,1.0114554468288909e-7,0.011531555786291815,982.9219666708528,0.10448300431645786,0.3999999999999986,0.023732607730564046,FALSE,4.472932607730565
CB_20231008_single,CB,2023-10-08,NA,NA,SRP,2023-10-08T15:06:50Z,1610,0,7,rising,10.7048,5.83,5.0548,372.1,3.8,410.4352678571429,1.7524042,1.78828,0.44046103652971996,0.44046103652971996,logger_interpolated,0,1.1841653387459797e-12,1.0721087037684363e-7,0.012214614238668244,982.9219666708528,0.10448300431645786,0.3999999999999986,0.025138381470701222,FALSE,5.0799383814707015
CB_20231008_single,CB,2023-10-08,NA,NA,SRP,2023-10-08T15:07:00Z,1620,0,8,rising,3.8772,5.83,-1.7728,376.6,8.3,410.5116279069768,3.8276197,3.90598,0.4743745371381425,0.4743745371381425,logger_interpolated,0,4.2888973098912953e-13,3.883042329522069e-8,0.004458715244124381,982.9219666708528,0.10448300431645786,0.3999999999999986,0.009176293453558136,FALSE,-1.7636237065464417
CB_20231008_single,CB,2023-10-08,NA,NA,SRP,2023-10-08T15:07:20Z,1640,0,9,rising,11.7625,5.83,6.1125,378.5,10.2,410.4352678571429,4.703821799999999,4.80012,0.4365591656909209,0.4365591656909209,logger_interpolated,0,1.3011700211665173e-12,1.178041325084273e-7,0.013405333602373512,982.9219666708528,0.10448300431645786,0.3999999999999986,0.027588950682671462,FALSE,6.140088950682672
CB_20231008_single,CB,2023-10-08,NA,NA,SRP,2023-10-08T15:08:10Z,1690,0,10,rising,23.126,5.83,17.476,390,21.7,411.55133928571433,10.0071503,10.21202,0.9447424315548085,0.9447424315548085,logger_interpolated,0,2.5582628600898866e-12,2.3161764570262067e-7,0.02601957559546907,982.9219666708528,0.10448300431645786,0.3999999999999986,0.05354978914962154,FALSE,17.52954978914962
CB_20231008_single,CB,2023-10-08,NA,NA,SRP,2023-10-08T15:08:40Z,1720,0,11,rising,15.9263,5.83,10.2763,394.2,25.9,411.9233630952382,11.9440181,12.18854,1.1124026886922198,1.1124026886922198,logger_interpolated,0,1.7617858979282724e-12,1.5950694835787377e-7,0.018065111017670048,982.9219666708528,0.10448300431645786,0.3999999999999986,0.03717904169540689,FALSE,10.313479041695407
CB_20231008_single,CB,2023-10-08,NA,NA,SRP,2023-10-08T15:09:10Z,1750,0,12,rising,25.7865,5.83,20.1365,398.3,30,412.2953869047619,13.834769999999999,14.118,1.280062945829579,1.280062945829579,logger_interpolated,0,2.8525896778980437e-12,2.582651359474163e-7,0.0289265216370153,982.9219666708528,0.10448300431645786,0.3999999999999986,0.05953245197296269,FALSE,20.196032451972965
CB_20231008_single,CB,2023-10-08,NA,NA,SRP,2023-10-08T15:09:40Z,1780,0,13,rising,19.0781,5.83,13.4281,393.5,25.2,416.2946428571429,11.6212068,11.85912,3.1204539507348326,3.1204539507348326,logger_interpolated,0,2.1104551367401776e-12,1.9107444264565806e-7,0.021563224600065253,982.9219666708528,0.10448300431645786,0.3999999999999986,0.04437836145646056,FALSE,13.472478361456462
CB_20231008_single,CB,2023-10-08,NA,NA,SRP,2023-10-08T15:10:10Z,1810,0,14,rising,40.3865,5.83,34.7365,405.5,37.2,419.27083333333337,17.1551148,17.50632,4.489049103705534,4.489049103705534,logger_interpolated,0,4.467814910588411e-12,4.045029098335855e-7,0.04457551352013675,982.9219666708528,0.10448300431645786,0.3999999999999986,0.09173898096382056,FALSE,34.82823898096382
CB_20231008_single,CB,2023-10-08,NA,NA,SRP,2023-10-08T15:10:40Z,1840,0,15,rising,50.2863,5.83,44.6363,395,26.7,423.27008928571433,12.312945299999999,12.56502,6.329440108610787,6.329440108610787,logger_interpolated,0,5.563116606848166e-12,5.036683256239159e-7,0.054903392642202994,982.9219666708528,0.10448300431645786,0.3999999999999986,0.11299435260968754,FALSE,44.74929435260969
CB_20231008_single,CB,2023-10-08,NA,NA,SRP,2023-10-08T15:11:20Z,1880,0,16,rising,56.6051,5.83,50.9551,414,45.7,431.733630952381,21.0749663,21.50642,10.227276025617396,10.227276025617396,logger_interpolated,0,6.262259538564631e-12,5.669666842015408e-7,0.061379840412658246,982.9219666708528,0.10448300431645786,0.3999999999999986,0.12632325612211867,FALSE,51.08142325612212
CB_20231008_single,CB,2023-10-08,NA,NA,SRP,2023-10-08T15:12:20Z,1940,0,17,rising,52.9816,5.83,47.3316,415.7,47.4,434.3377976190477,21.8589366,22.30644,11.420407179773141,11.420407179773141,logger_interpolated,0,5.861332173609993e-12,5.306678918384761e-7,0.05767678439002019,982.9219666708528,0.10448300431645786,0.3999999999999986,0.11870215298406307,FALSE,47.450302152984065
CB_20231008_single,CB,2023-10-08,NA,NA,SRP,2023-10-08T15:13:20Z,2000,0,18,peak,45.9233,5.83,40.2733,417.5,49.2,445.2398661212346,22.6890228,23.15352,16.440190446495535,16.440190446495535,logger_interpolated,0,5.0803996927452664e-12,4.599645464190605e-7,0.050379381451023365,982.9219666708528,0.10448300431645786,0.3999999999999986,0.10368367632639017,FALSE,40.37698367632639
CB_20231008_single,CB,2023-10-08,NA,NA,SRP,2023-10-08T15:14:20Z,2060,0,19,falling,46.1566,5.83,40.5066,416,47.7,448.9587207140201,21.9972843,22.44762,18.147369969972292,18.147369969972292,logger_interpolated,0,5.106204229377895e-12,4.623008137810016e-7,0.05062231642020737,982.9219666708528,0.10448300431645786,0.3999999999999986,0.10418365052193924,FALSE,40.61078365052194
CB_20231008_single,CB,2023-10-08,NA,NA,SRP,2023-10-08T15:15:20Z,2120,0,20,falling,51.5025,5.83,45.8525,412.1,43.8,460.3941985868353,20.1987642,20.61228,23.41313976864424,23.41313976864424,logger_interpolated,0,5.697693590928765e-12,5.158525326124864e-7,0.05615697127872925,982.9219666708528,0.10448300431645786,0.3999999999999986,0.11557428983511024,FALSE,45.96807428983511
CB_20231008_single,CB,2023-10-08,NA,NA,SRP,2023-10-08T15:16:20Z,2180,0,21,falling,34.5565,5.83,28.9065,411.5,43.2,465.1357381926366,19.9220688,20.32992,25.59193969003838,25.59193969003838,logger_interpolated,0,3.8228273753829086e-12,3.4610762264773956e-7,0.038387480643683324,982.9219666708528,0.10448300431645786,0.3999999999999986,0.07900365195858075,FALSE,28.98550365195858
CB_20231008_single,CB,2023-10-08,NA,NA,SRP,2023-10-08T15:17:20Z,2240,0,22,falling,36.5965,5.83,30.9465,408.4,40.1,461.50985496467086,18.4924759,18.87106,23.912027264835327,23.912027264835327,logger_interpolated,0,4.048512971949888e-12,3.66540537248234e-7,0.040561812187867675,982.9219666708528,0.10448300431645786,0.3999999999999986,0.0834785518394504,FALSE,31.029978551839452
CB_20231008_single,CB,2023-10-08,NA,NA,SRP,2023-10-08T15:20:20Z,2420,0,23,falling,38.9809,5.83,33.3309,400.5,32.2,457.0472294533283,14.849319800000002,15.15332,21.830636121617268,21.830636121617268,logger_interpolated,0,4.312306438184136e-12,3.9042362704095595e-7,0.043090857166590224,982.9219666708528,0.10448300431645786,0.3999999999999986,0.08868347245253236,FALSE,33.41958347245253
CB_20231008_single,CB,2023-10-08,NA,NA,SRP,2023-10-08T15:23:20Z,2600,0,24,falling,37.9291,5.83,32.2791,390.5,22.2,448.13162297824874,10.237729799999999,10.44732,17.69571273014322,17.69571273014322,logger_interpolated,0,4.195966959148265e-12,3.7989059048050916e-7,0.04197713077924912,982.9219666708528,0.10448300431645786,0.3999999999999986,0.08639135923209723,FALSE,32.365491359232095
CB_20231008_single,CB,2023-10-08,NA,NA,SRP,2023-10-08T15:26:20Z,2780,0,25,falling,22.727,5.83,17.077,385.3,17,439.0447872142725,7.839703,8.0002,13.481825411030883,13.481825411030883,logger_interpolated,0,2.5141218292170132e-12,2.2762124571997677e-7,0.025582111149481095,982.9219666708528,0.10448300431645786,0.3999999999999986,0.052649462057153845,FALSE,17.129649462057156
CB_20231008_single,CB,2023-10-08,NA,NA,SRP,2023-10-08T15:30:20Z,3020,0,26,falling,22.483,5.83,16.833,379.5,11.2,430.8006687720602,5.1649807999999995,5.27072,9.64876102762825,9.64876102762825,logger_interpolated,0,2.4871273738264143e-12,2.2517724658988883e-7,0.025314385988237573,982.9219666708528,0.10448300431645786,0.3999999999999986,0.05209846821476636,FALSE,16.885098468214764
CB_20231008_single,CB,2023-10-08,NA,NA,SRP,2023-10-08T15:35:20Z,3320,0,27,falling,16.2942,5.83,10.6442,376,7.7,422.26968796433886,3.5509243,3.62362,5.675603740932244,5.675603740932244,logger_interpolated,0,1.802485497406176e-12,1.6319177119573474e-7,0.018474729106082218,982.9219666708528,0.10448300431645786,0.3999999999999986,0.038022059375916725,FALSE,10.682222059375917
CB_20231008_single,CB,2023-10-08,NA,NA,SRP,2023-10-08T15:40:20Z,3620,0,28,falling,10.5781,5.83,4.9281,372.6,4.3,417.37838841440777,1.9829837,2.02358,3.3809182233975292,3.3809182233975292,logger_interpolated,0,1.1701479739841768e-12,1.0594177912131501e-7,0.012071771167002122,982.9219666708528,0.10448300431645786,0.3999999999999986,0.02484440218033428,FALSE,4.952944402180334
CB_20231008_single,CB,2023-10-08,NA,NA,SRP,2023-10-08T15:45:20Z,3920,0,29,falling,4.0218,5.83,-1.6282,370.9,2.6,414.7020605160572,1.1990134,1.22356,2.1076868177340384,2.1076868177340384,logger_interpolated,0,4.448836762040757e-13,4.02784683706404e-8,0.004624218584191703,982.9219666708528,0.10448300431645786,0.3999999999999986,0.009516908884876184,FALSE,-1.618683091115124
CB_20231008_single,CB,2023-10-08,NA,NA,SRP,2023-10-08T15:50:20Z,4220,0,30,falling,9.7238,5.83,4.0738,369.8,1.5,412.987012987013,0.6917385,0.7059,1.2777585058994887,1.2777585058994887,logger_interpolated,0,1.0756448829338005e-12,9.73857453367568e-8,0.011107664171286166,982.9219666708528,0.10448300431645786,0.3999999999999986,0.022860214308059575,FALSE,4.09666021430806
CB_20231008_single,CB,2023-10-08,NA,NA,SRP,2023-10-08T16:00:10Z,4810,0,31,falling,11.0983,5.83,5.4483,369.2,0.9,411.5684093437153,0.4150431,0.42354,0.5468198751968246,0.5468198751968246,logger_interpolated,0,1.2276942547521948e-12,1.111518512676782e-7,0.01265792972774321,982.9219666708528,0.10448300431645786,0.3999999999999986,0.026050750347727015,FALSE,5.4743507503477264
CC_20231006_single,CC,2023-10-06,NA,NA,NH4-N,2023-10-06T17:23:00Z,1020,0,1,rising,4.5,1.89,2.61,339.9,2.8,366.42017444065226,1.2912451999999999,1.32,0.0843885800327968,0.0843885800327968,logger_interpolated,0,NA,NA,NA,NA,NA,NA,NA,NA,NA
CC_20231006_single,CC,2023-10-06,NA,NA,NH4-N,2023-10-06T17:24:00Z,1080,0,3,rising,47.57,1.89,45.68,350,12.9,365.9715639810427,5.9489511,6.07,0,0,logger_interpolated,0,NA,NA,NA,NA,NA,NA,NA,NA,NA
CC_20231006_single,CC,2023-10-06,NA,NA,NH4-N,2023-10-06T17:25:00Z,1140,0,4,rising,181.19,1.89,179.3,387.1,50,366.42017444065226,23.057949999999998,23.53,0.07198175919392885,0.07198175919392885,logger_interpolated,0,NA,NA,NA,NA,NA,NA,NA,NA,NA
CC_20231006_single,CC,2023-10-06,NA,NA,NH4-N,2023-10-06T17:26:00Z,1200,0,5,rising,256.96,1.89,255.07,408.2,71.1,367.46302616609785,32.788404899999996,33.46,0.5466988076292563,0.5466988076292563,logger_interpolated,0,NA,NA,NA,NA,NA,NA,NA,NA,NA
CC_20231006_single,CC,2023-10-06,NA,NA,NH4-N,2023-10-06T17:26:40Z,1240,0,6,rising,214.81,1.89,212.92,427.5,90.4,371.0656048540008,41.688773600000005,42.54,2.203924785817609,2.203924785817609,logger_interpolated,0,NA,NA,NA,NA,NA,NA,NA,NA,NA
CC_20231006_single,CC,2023-10-06,NA,NA,NH4-N,2023-10-06T17:27:00Z,1260,0,7,peak,175.85,1.89,173.96,429.4,92.3,377.44075829383894,42.5649757,43.44,5.1418163675067765,5.1418163675067765,logger_interpolated,0,NA,NA,NA,NA,NA,NA,NA,NA,NA
CC_20231006_single,CC,2023-10-06,NA,NA,NH4-N,2023-10-06T17:28:00Z,1320,0,8,peak,195.54,1.89,193.65,427.3,90.2,409.4615092908609,41.5965418,42.45,19.902270466123007,19.902270466123007,logger_interpolated,0,NA,NA,NA,NA,NA,NA,NA,NA,NA
CC_20231006_single,CC,2023-10-06,NA,NA,NH4-N,2023-10-06T17:29:00Z,1380,0,9,falling,148.05,1.89,146.16,412.3,75.2,458.00151687523703,34.6791568,35.39,42.280728413306896,42.280728413306896,logger_interpolated,0,NA,NA,NA,NA,NA,NA,NA,NA,NA
CC_20231006_single,CC,2023-10-06,NA,NA,NH4-N,2023-10-06T17:31:00Z,1500,0,10,falling,120.35,1.89,118.46,400.7,63.6,471.7481987106561,29.3297124,29.93,48.60772764100804,48.60772764100804,logger_interpolated,0,NA,NA,NA,NA,NA,NA,NA,NA,NA
CC_20231006_single,CC,2023-10-06,NA,NA,NH4-N,2023-10-06T17:33:00Z,1620,0,11,falling,68.07,1.89,66.18,376,38.9,455.53659461509295,17.9390851,18.31,41.11919368706338,41.11919368706338,logger_interpolated,0,NA,NA,NA,NA,NA,NA,NA,NA,NA
CC_20231006_single,CC,2023-10-06,NA,NA,NH4-N,2023-10-06T17:34:00Z,1680,0,12,falling,61.93,1.89,60.04,367.5,30.4,436.38604474781954,14.0192336,14.31,32.281541850402,32.281541850402,logger_interpolated,0,NA,NA,NA,NA,NA,NA,NA,NA,NA
CC_20231006_single,CC,2023-10-06,NA,NA,NH4-N,2023-10-06T17:35:00Z,1740,0,13,falling,32.31,1.89,30.42,361.7,24.6,418.7523701175579,11.3445114,11.58,24.14341068116575,24.14341068116575,logger_interpolated,0,NA,NA,NA,NA,NA,NA,NA,NA,NA
CC_20231006_single,CC,2023-10-06,NA,NA,NH4-N,2023-10-06T17:36:00Z,1800,0,14,falling,34.51,1.89,32.62,358.5,21.4,415.14979142965495,9.868802599999999,10.07,22.4758456856117,22.4758456856117,logger_interpolated,0,NA,NA,NA,NA,NA,NA,NA,NA,NA
CC_20231006_single,CC,2023-10-06,NA,NA,NH4-N,2023-10-06T17:37:00Z,1860,0,15,falling,21.85,1.89,19.96,353.4,16.3,399.03299203640506,7.5168917,7.67,15.03723518380054,15.03723518380054,logger_interpolated,0,NA,NA,NA,NA,NA,NA,NA,NA,NA
CC_20231006_single,CC,2023-10-06,NA,NA,NH4-N,2023-10-06T17:38:00Z,1920,0,16,falling,14.96,1.89,13.07,348.4,11.3,392.58627227910506,5.211096700000001,5.32,12.058068936824395,12.058068936824395,logger_interpolated,0,NA,NA,NA,NA,NA,NA,NA,NA,NA
CC_20231006_single,CC,2023-10-06,NA,NA,NH4-N,2023-10-06T17:39:00Z,1980,0,17,falling,11.47,1.89,9.58,346.2,9.1,388.6044747819493,4.1965468999999995,4.28,10.21562377441411,10.21562377441411,logger_interpolated,0,NA,NA,NA,NA,NA,NA,NA,NA,NA
CC_20231006_single,CC,2023-10-06,NA,NA,NH4-N,2023-10-06T17:40:00Z,2040,0,18,falling,4.1,1.89,2.21,344.5,7.4,382.1577550246493,3.4125766,3.48,7.236457527437964,7.236457527437964,logger_interpolated,0,NA,NA,NA,NA,NA,NA,NA,NA,NA
CC_20231006_single,CC,2023-10-06,NA,NA,NH4-N,2023-10-06T17:42:00Z,2160,0,19,falling,3.86,1.89,1.97,341.7,4.6,376.7538869927949,2.1213314,2.16,4.732008328897146,4.732008328897146,logger_interpolated,0,NA,NA,NA,NA,NA,NA,NA,NA,NA
CC_20231006_single,CC,2023-10-06,NA,NA,NH4-N,2023-10-06T17:45:15Z,2355,0,20,falling,0.79,1.89,-1.1,339.3,2.2,371.32562108856445,1.0145498,1.04,2.208553568904999,2.208553568904999,logger_interpolated,5,NA,NA,NA,NA,NA,NA,NA,NA,NA
CC_20231006_single,CC,2023-10-06,NA,NA,NH4-N,2023-10-06T17:50:00Z,2640,0,21,falling,0.37,1.89,-1.52,337.3,0.2,368.2912952778305,0.0922318,0.09,0.7797807128604376,0.7797807128604376,logger_interpolated,0,NA,NA,NA,NA,NA,NA,NA,NA,NA
CC_20231006_single,CC,2023-10-06,NA,NA,SRP,2023-10-06T17:24:00Z,1080,0,3,rising,33.9578,6.7,27.2536,350,12.9,365.9715639810427,5.9489511,6.0707,0,0,logger_interpolated,0,4.053666813353202e-12,4.191145280454434e-7,0.04775267771336526,1004.5158021786193,0.10993504734300692,0.3999999999999986,0.09827776834783696,FALSE,27.351877768347837
CC_20231006_single,CC,2023-10-06,NA,NA,SRP,2023-10-06T17:25:00Z,1140,0,4,rising,33.6206,6.7,26.9164,387.1,50,366.42017444065226,23.057949999999998,23.53,0.07198175919392885,0.07198175919392885,logger_interpolated,0,4.013400113753119e-12,4.149512952056737e-7,0.04730076815226092,1004.5158021786193,0.10993504734300692,0.3999999999999986,0.09734771237428566,FALSE,27.013747712374286
CC_20231006_single,CC,2023-10-06,NA,NA,SRP,2023-10-06T17:26:00Z,1200,0,5,rising,69.4743,6.7,62.7701,408.2,71.1,367.46302616609785,32.788404899999996,33.4597,0.5466988076292563,0.5466988076292563,logger_interpolated,0,8.293699378045648e-12,8.574976831174305e-7,0.0930529492282977,1004.5158021786193,0.10993504734300692,0.3999999999999986,0.1915083431181518,FALSE,62.96160834311815
CC_20231006_single,CC,2023-10-06,NA,NA,SRP,2023-10-06T17:26:40Z,1240,0,6,rising,78.1289,6.7,71.4247,427.5,90.4,371.0656048540008,41.688773600000005,42.5422,2.203924785817609,2.203924785817609,logger_interpolated,0,9.32696547744652e-12,9.643285731573366e-7,0.10344664909294514,1004.5158021786193,0.10993504734300692,0.3999999999999986,0.21289917765325622,FALSE,71.63759917765326
CC_20231006_single,CC,2023-10-06,NA,NA,SRP,2023-10-06T17:27:00Z,1260,0,7,peak,72.161,6.7,65.4568,429.4,92.3,377.44075829383894,42.5649757,43.4364,5.1418163675067765,5.1418163675067765,logger_interpolated,0,8.614489844353602e-12,8.906646776136853e-7,0.09630550641949413,1004.5158021786193,0.10993504734300692,0.3999999999999986,0.19820229364576858,FALSE,65.65500229364577
CC_20231006_single,CC,2023-10-06,NA,NA,SRP,2023-10-06T17:28:00Z,1320,0,8,falling,100.2704,6.7,93.5662,427.3,90.2,409.4615092908609,41.5965418,42.4481,19.902270466123007,19.902270466123007,logger_interpolated,0,1.197049194085506e-11,1.2376466323617707e-6,0.128984571790531,1004.5158021786193,0.10993504734300692,0.3999999999999986,0.26545769732462227,FALSE,93.83165769732462
CC_20231006_single,CC,2023-10-06,NA,NA,SRP,2023-10-06T17:29:00Z,1380,0,9,falling,74.2961,6.7,67.5919,412.3,75.2,458.00151687523703,34.6791568,35.3891,42.280728413306896,42.280728413306896,logger_interpolated,0,8.869385508616828e-12,9.170187123549244e-7,0.09887335750358403,1004.5158021786193,0.10993504734300692,0.3999999999999986,0.2034870794646651,FALSE,67.79538707946466
CC_20231006_single,CC,2023-10-06,NA,NA,SRP,2023-10-06T17:31:00Z,1500,0,10,falling,41.564,6.7,34.8598,400.7,63.6,471.7481987106561,29.3297124,29.9302,48.60772764100804,48.60772764100804,logger_interpolated,0,4.961690325212802e-12,5.129964041714186e-7,0.05783070938079971,1004.5158021786193,0.10993504734300692,0.3999999999999986,0.11901893950392223,FALSE,34.978818939503924
CC_20231006_single,CC,2023-10-06,NA,NA,SRP,2023-10-06T17:33:00Z,1620,0,11,falling,25.3523,6.7,18.6481,376,38.9,455.53659461509295,17.9390851,18.3063,41.11919368706338,41.11919368706338,logger_interpolated,0,3.026372038020232e-12,3.1290102191589736e-7,0.036087744368257235,1004.5158021786193,0.10993504734300692,0.3999999999999986,0.07427066189896395,FALSE,18.722370661898964
CC_20231006_single,CC,2023-10-06,NA,NA,SRP,2023-10-06T17:34:00Z,1680,0,12,falling,26.9726,6.7,20.2684,367.5,30.4,436.38604474781954,14.0192336,14.3062,32.281541850402,32.281541850402,logger_interpolated,0,3.2197969954161346e-12,3.328995105593522e-7,0.038305873856151425,1004.5158021786193,0.10993504734300692,0.3999999999999986,0.07883570047722485,FALSE,20.347235700477224
CC_20231006_single,CC,2023-10-06,NA,NA,SRP,2023-10-06T17:35:00Z,1740,0,13,falling,13.2021,6.7,6.4979,361.7,24.6,418.7523701175579,11.3445114,11.5768,24.14341068116575,24.14341068116575,logger_interpolated,0,1.5759499130455926e-12,1.6293976156441705e-7,0.01912303699815587,1004.5158021786193,0.10993504734300692,0.3999999999999986,0.03935631445618118,FALSE,6.53725631445618
CC_20231006_single,CC,2023-10-06,NA,NA,SRP,2023-10-06T17:36:00Z,1800,0,14,falling,13.9073,6.7,7.2031,358.5,21.4,415.14979142965495,9.868802599999999,10.0708,22.4758456856117,22.4758456856117,logger_interpolated,0,1.6601329410599658e-12,1.7164356769358797e-7,0.0201239817952195,1004.5158021786193,0.10993504734300692,0.3999999999999986,0.04141631665093266,FALSE,7.244516316650933
CC_20231006_single,CC,2023-10-06,NA,NA,SRP,2023-10-06T17:37:00Z,1860,0,15,falling,15.2938,6.7,8.5896,353.4,16.3,399.03299203640506,7.5168917,7.6708,15.03723518380054,15.03723518380054,logger_interpolated,0,1.825641250219587e-12,1.8875571333233009e-7,0.02208594806760298,1004.5158021786193,0.10993504734300692,0.3999999999999986,0.04545415653880152,FALSE,8.635054156538802
CC_20231006_single,CC,2023-10-06,NA,NA,SRP,2023-10-06T17:38:00Z,1920,0,16,falling,14.9079,6.7,8.2037,348.4,11.3,392.58627227910506,5.211096700000001,5.3178,12.058068936824395,12.058068936824395,logger_interpolated,0,1.7795748517346953e-12,1.839928411603624e-7,0.02154065792011333,1004.5158021786193,0.10993504734300692,0.3999999999999986,0.044331917925942606,FALSE,8.248031917925942
CC_20231006_single,CC,2023-10-06,NA,NA,SRP,2023-10-06T17:39:00Z,1980,0,17,falling,9.7406,6.7,3.0364,346.2,9.1,388.6044747819493,4.1965468999999995,4.2825,10.21562377441411,10.21562377441411,logger_interpolated,0,1.1627420239049465e-12,1.2021759484085753e-7,0.01418015073143343,1004.5158021786193,0.10993504734300692,0.3999999999999986,0.02918356907828814,FALSE,3.065583569078288
CC_20231006_single,CC,2023-10-06,NA,NA,SRP,2023-10-06T17:40:00Z,2040,0,18,falling,14.4795,6.7,7.7753,344.5,7.4,382.1577550246493,3.4125766,3.4824,7.236457527437964,7.236457527437964,logger_interpolated,0,1.7284356101119257e-12,1.7870548033269784e-7,0.02093460759723636,1004.5158021786193,0.10993504734300692,0.3999999999999986,0.043084631363368035,FALSE,7.818384631363368
CC_20231006_single,CC,2023-10-06,NA,NA,SRP,2023-10-06T17:42:00Z,2160,0,19,falling,9.7184,6.7,3.0142,341.7,4.6,376.7538869927949,2.1213314,2.1648,4.732008328897146,4.732008328897146,logger_interpolated,0,1.1600909897771017e-12,1.199435005532698e-7,0.014148277624747832,1004.5158021786193,0.10993504734300692,0.3999999999999986,0.029117972384126285,FALSE,3.0433179723841266
CC_20231006_single,CC,2023-10-06,NA,NA,SRP,2023-10-06T17:45:15Z,2355,0,20,falling,8.3497,6.7,1.6455,339.3,2.2,371.32562108856445,1.0145498,1.0353,2.208553568904999,2.208553568904999,logger_interpolated,5,9.9670692347576275e-13,1.030509834839189e-7,0.012179942419492653,1004.5158021786193,0.10993504734300692,0.3999999999999986,0.025067024864615383,FALSE,1.6705670248646154
CC_20231006_single,CC,2023-10-06,NA,NA,SRP,2023-10-06T17:50:00Z,2640,0,21,falling,11.5656,6.7,4.8614,337.3,0.2,368.2912952778305,0.0922318,0.0941,0.7797807128604376,0.7797807128604376,logger_interpolated,0,1.3805968155354174e-12,1.4274191970048181e-7,0.016792371237586725,1004.5158021786193,0.10993504734300692,0.3999999999999986,0.03455966973002918,FALSE,4.895959669730029
CD_20231009_single,CD,2023-10-09,NA,NA,NH4-N,2023-10-09T15:37:20Z,800,0,3,rising,6.38,4.46,3.98,417.2,0.6,416.0261337432744,0.2766954,0.28,0.13648342377076364,0.13648342377076364,logger_interpolated,0,NA,NA,NA,NA,NA,NA,NA,NA,NA
CD_20231009_single,CD,2023-10-09,NA,NA,NH4-N,2023-10-09T15:38:00Z,840,0,4,rising,8.79,4.46,6.39,417.4,0.8,416.0261337432744,0.3689272,0.38,0.18837764314525648,0.18837764314525648,logger_interpolated,0,NA,NA,NA,NA,NA,NA,NA,NA,NA
CD_20231009_single,CD,2023-10-09,NA,NA,NH4-N,2023-10-09T15:38:40Z,880,0,5,rising,19.17,4.46,16.77,418.1,1.5,415.9462055715658,0.6917385,0.71,0.2034122667828019,0.2034122667828019,logger_interpolated,0,NA,NA,NA,NA,NA,NA,NA,NA,NA
CD_20231009_single,CD,2023-10-09,NA,NA,NH4-N,2023-10-09T15:39:20Z,920,0,6,rising,25.77,4.46,23.37,418.6,2,416.1705396581525,0.922318,0.94,0.35876016919354764,0.35876016919354764,logger_interpolated,0,NA,NA,NA,NA,NA,NA,NA,NA,NA
CD_20231009_single,CD,2023-10-09,NA,NA,NH4-N,2023-10-09T15:40:00Z,960,0,7,rising,22,4.46,19.6,421.5,4.9,415.7249569048075,2.2596791,2.31,0.2051698916182232,0.2051698916182232,logger_interpolated,0,NA,NA,NA,NA,NA,NA,NA,NA,NA
CD_20231009_single,CD,2023-10-09,NA,NA,NH4-N,2023-10-09T15:40:40Z,1000,0,8,rising,55.07,4.46,52.67,433.3,16.7,415.0834772596431,7.7013552999999995,7.86,0,0,logger_interpolated,0,NA,NA,NA,NA,NA,NA,NA,NA,NA
CD_20231009_single,CD,2023-10-09,NA,NA,NH4-N,2023-10-09T15:41:10Z,1030,0,9,rising,54.61,4.46,52.21,440.7,24.1,415.1033690658499,11.1139319,11.34,0.009333949297759847,0.009333949297759847,logger_interpolated,0,NA,NA,NA,NA,NA,NA,NA,NA,NA
CD_20231009_single,CD,2023-10-09,NA,NA,NH4-N,2023-10-09T15:41:40Z,1060,0,10,rising,56.75,4.46,54.35,444,27.4,414.24474187380497,12.635756599999999,12.89,0,0,logger_interpolated,0,NA,NA,NA,NA,NA,NA,NA,NA,NA
CD_20231009_single,CD,2023-10-09,NA,NA,NH4-N,2023-10-09T15:42:10Z,1090,0,11,rising,72.99,4.46,70.59,451.6,35,414.2311365807069,16.140565,16.47,0,0,logger_interpolated,0,NA,NA,NA,NA,NA,NA,NA,NA,NA
CD_20231009_single,CD,2023-10-09,NA,NA,NH4-N,2023-10-09T15:42:40Z,1120,0,12,rising,12.95,4.46,10.55,456,39.4,414.09986607996944,18.169664599999997,18.54,0,0,logger_interpolated,0,NA,NA,NA,NA,NA,NA,NA,NA,NA
CD_20231009_single,CD,2023-10-09,NA,NA,NH4-N,2023-10-09T15:43:10Z,1150,0,13,rising,70.18,4.46,67.78,462.3,45.7,415.85389175750623,21.0749663,21.51,0.5111269013828055,0.5111269013828055,logger_interpolated,0,NA,NA,NA,NA,NA,NA,NA,NA,NA
CD_20231009_single,CD,2023-10-09,NA,NA,NH4-N,2023-10-09T15:43:40Z,1180,0,14,rising,86.85,4.46,84.45,463.8,47.2,419.6548418024928,21.7667048,22.21,2.3028898877096404,2.3028898877096404,logger_interpolated,0,NA,NA,NA,NA,NA,NA,NA,NA,NA
CD_20231009_single,CD,2023-10-09,NA,NA,NH4-N,2023-10-09T15:44:10Z,1210,0,15,rising,117.27,4.46,114.87,472.7,56.1,424.9856294309255,25.8710199,26.4,4.800151244180906,4.800151244180906,logger_interpolated,0,NA,NA,NA,NA,NA,NA,NA,NA,NA
CD_20231009_single,CD,2023-10-09,NA,NA,NH4-N,2023-10-09T15:45:10Z,1270,0,16,rising,94.96,4.46,92.56,476.2,59.6,435.31669865642993,27.4850764,28.05,9.642258126207066,9.642258126207066,logger_interpolated,0,NA,NA,NA,NA,NA,NA,NA,NA,NA
CD_20231009_single,CD,2023-10-09,NA,NA,NH4-N,2023-10-09T15:46:10Z,1330,0,17,peak,106.52,4.46,104.12,479.6,63,443.45238095238096,29.053017,29.65,13.471942567187298,13.471942567187298,logger_interpolated,0,NA,NA,NA,NA,NA,NA,NA,NA,NA
CD_20231009_single,CD,2023-10-09,NA,NA,NH4-N,2023-10-09T15:47:10Z,1390,0,18,peak,99.51,4.46,97.11,479.6,63,456.50086422124065,29.053017,29.65,19.567209392033114,19.567209392033114,logger_interpolated,0,NA,NA,NA,NA,NA,NA,NA,NA,NA
CD_20231009_single,CD,2023-10-09,NA,NA,NH4-N,2023-10-09T15:48:10Z,1450,0,19,falling,92.27,4.46,89.87,477.5,60.9,464.182830804686,28.0845831,28.66,23.187658748749932,23.187658748749932,logger_interpolated,0,NA,NA,NA,NA,NA,NA,NA,NA,NA
CD_20231009_single,CD,2023-10-09,NA,NA,NH4-N,2023-10-09T15:49:10Z,1510,0,20,falling,93.05,4.46,90.65,476.2,59.6,470.7973102785783,27.4850764,28.05,26.315826817512402,26.315826817512402,logger_interpolated,0,NA,NA,NA,NA,NA,NA,NA,NA,NA
CD_20231009_single,CD,2023-10-09,NA,NA,NH4-N,2023-10-09T15:50:10Z,1570,0,21,falling,78.3,4.46,75.9,474.9,58.3,473.87127761767533,26.885569699999998,27.44,27.811255850704793,27.811255850704793,logger_interpolated,0,NA,NA,NA,NA,NA,NA,NA,NA,NA
CD_20231009_single,CD,2023-10-09,NA,NA,NH4-N,2023-10-09T15:51:00Z,1620,0,22,falling,98.89,4.46,96.49,473.6,57,472.718539865514,26.286063,26.82,27.344528235873963,27.344528235873963,logger_interpolated,0,NA,NA,NA,NA,NA,NA,NA,NA,NA
CD_20231009_single,CD,2023-10-09,NA,NA,NH4-N,2023-10-09T15:52:10Z,1690,0,23,falling,37.68,4.46,35.28,472.6,56,471.1815561959654,25.824904,26.35,26.726549267713974,26.726549267713974,logger_interpolated,0,NA,NA,NA,NA,NA,NA,NA,NA,NA
CD_20231009_single,CD,2023-10-09,NA,NA,NH4-N,2023-10-09T15:54:10Z,1810,0,24,falling,49.25,4.46,46.85,468,51.4,466.6858678955453,23.703572599999998,24.19,24.809004804904067,24.809004804904067,logger_interpolated,0,NA,NA,NA,NA,NA,NA,NA,NA,NA
CD_20231009_single,CD,2023-10-09,NA,NA,NH4-N,2023-10-09T15:59:10Z,2110,0,25,falling,59.55,4.46,57.15,454.9,38.3,450.04793863854263,17.6623897,18.02,17.525480631982735,17.525480631982735,logger_interpolated,0,NA,NA,NA,NA,NA,NA,NA,NA,NA
CD_20231009_single,CD,2023-10-09,NA,NA,NH4-N,2023-10-09T16:04:10Z,2410,0,26,falling,45.01,4.46,42.61,447.1,30.5,437.715269804822,14.0653495,14.35,12.227366050601729,12.227366050601729,logger_interpolated,0,NA,NA,NA,NA,NA,NA,NA,NA,NA
CD_20231009_single,CD,2023-10-09,NA,NA,NH4-N,2023-10-09T16:09:10Z,2710,0,27,falling,44.55,4.46,42.15,439.1,22.5,430.951924918598,10.3760775,10.59,9.497595331524348,9.497595331524348,logger_interpolated,0,NA,NA,NA,NA,NA,NA,NA,NA,NA
CD_20231009_single,CD,2023-10-09,NA,NA,NH4-N,2023-10-09T16:14:10Z,3010,0,28,falling,61.22,4.46,58.82,435,18.4,423.7547892720307,8.4853256,8.66,6.567778099197759,6.567778099197759,logger_interpolated,0,NA,NA,NA,NA,NA,NA,NA,NA,NA
CD_20231009_single,CD,2023-10-09,NA,NA,NH4-N,2023-10-09T16:19:10Z,3310,0,29,falling,23.55,4.46,21.15,430.2,13.6,420.2412868632708,6.2717624,6.4,5.336701487185212,5.336701487185212,logger_interpolated,0,NA,NA,NA,NA,NA,NA,NA,NA,NA
CD_20231009_single,CD,2023-10-09,NA,NA,NH4-N,2023-10-09T16:24:10Z,3610,0,30,falling,18.98,4.46,16.58,426.1,9.5,415.40669856459334,4.3810104999999995,4.47,3.4963942272642146,3.4963942272642146,logger_interpolated,0,NA,NA,NA,NA,NA,NA,NA,NA,NA
CD_20231009_single,CD,2023-10-09,NA,NA,NH4-N,2023-10-09T16:29:15Z,3915,0,31,falling,20.67,4.46,18.27,423.3,6.7,413.400967571234,3.0897653,3.15,2.967126750828167,2.967126750828167,logger_interpolated,5,NA,NA,NA,NA,NA,NA,NA,NA,NA
CD_20231009_single,CD,2023-10-09,NA,NA,NH4-N,2023-10-09T17:01:00Z,5820,0,32,falling,7.44,4.46,5.04,417.5,0.9,397.5315729047072,0.4150431,0.42,0,0,logger_interpolated,0,NA,NA,NA,NA,NA,NA,NA,NA,NA
CD_20231009_single,CD,2023-10-09,NA,NA,SRP,2023-10-09T15:37:20Z,800,0,3,rising,10.0476,6.95,3.0976,417.2,0.6,416.0261337432744,0.2766954,0.28,0.13648342377076364,0.13648342377076364,logger_interpolated,0,1.0854693770896734e-11,1.0888000059907999e-7,0.023098020120076387,1024.2204203615847,0.11504917488668023,0.9000000000000057,0.10695838335246378,FALSE,3.2045583833524636
CD_20231009_single,CD,2023-10-09,NA,NA,SRP,2023-10-09T15:38:00Z,840,0,4,rising,12.1897,6.95,5.2397,417.4,0.8,416.0261337432744,0.3689272,0.38,0.18837764314525648,0.18837764314525648,logger_interpolated,0,1.3168961522381266e-11,1.3209368856544674e-7,0.027885294242588978,1024.2204203615847,0.11504917488668023,0.9000000000000057,0.12912647819986484,FALSE,5.368826478199865
CD_20231009_single,CD,2023-10-09,NA,NA,SRP,2023-10-09T15:38:40Z,880,0,5,rising,14.0254,6.95,7.0754,418.1,1.5,415.9462055715658,0.6917385,0.71,0.2034122667828019,0.2034122667828019,logger_interpolated,0,1.5152275314711904e-11,1.51987682026239e-7,0.031950781213988956,1024.2204203615847,0.11504917488668023,0.9000000000000057,0.14795224386033776,FALSE,7.2233522438603375
CD_20231009_single,CD,2023-10-09,NA,NA,SRP,2023-10-09T15:39:20Z,920,0,6,rising,11.4158,6.95,4.4658,418.6,2,416.1705396581525,0.922318,0.94,0.35876016919354764,0.35876016919354764,logger_interpolated,0,1.2332871489454972e-11,1.237071338447624e-7,0.02616118878012452,1024.2204203615847,0.11504917488668023,0.9000000000000057,0.12114278383836992,FALSE,4.58694278383837
CD_20231009_single,CD,2023-10-09,NA,NA,SRP,2023-10-09T15:40:00Z,960,0,7,rising,18.1609,6.95,11.2109,421.5,4.9,415.7249569048075,2.2596791,2.31,0.2051698916182232,0.2051698916182232,logger_interpolated,0,1.9620374160532055e-11,1.968057685865437e-7,0.04098626123021618,1024.2204203615847,0.11504917488668023,0.9000000000000057,0.18979220807913944,FALSE,11.400692208079139
CD_20231009_single,CD,2023-10-09,NA,NA,SRP,2023-10-09T15:40:40Z,1000,0,8,rising,20.2114,6.95,13.2614,433.3,16.7,415.0834772596431,7.7013552999999995,7.86,0,0,logger_interpolated,0,2.1835841619093502e-11,2.1902842205855257e-7,0.045404161732126615,1024.2204203615847,0.11504917488668023,0.9000000000000057,0.21024987038265702,FALSE,13.471649870382658
CD_20231009_single,CD,2023-10-09,NA,NA,SRP,2023-10-09T15:41:10Z,1030,0,9,rising,18.2478,6.95,11.2978,440.7,24.1,415.1033690658499,11.1139319,11.34,0.009333949297759847,0.009333949297759847,logger_interpolated,0,1.9714244866333846e-11,1.9774735595138872e-7,0.041174279814053485,1024.2204203615847,0.11504917488668023,0.9000000000000057,0.1906628525613467,FALSE,11.488462852561348
CD_20231009_single,CD,2023-10-09,NA,NA,SRP,2023-10-09T15:41:40Z,1060,0,10,rising,29.5782,6.95,22.6282,444,27.4,414.24474187380497,12.635756599999999,12.89,0,0,logger_interpolated,0,3.1956747533553766e-11,3.205480287179521e-7,0.06507939302157367,1024.2204203615847,0.11504917488668023,0.9000000000000057,0.3013585853229447,FALSE,22.929558585322944
CD_20231009_single,CD,2023-10-09,NA,NA,SRP,2023-10-09T15:42:10Z,1090,0,11,rising,15.4498,6.95,8.4998,451.6,35,414.2311365807069,16.140565,16.47,0,0,logger_interpolated,0,1.669120776304648e-11,1.6742422675363365e-7,0.03508200128983201,1024.2204203615847,0.11504917488668023,0.9000000000000057,0.1624517652691815,FALSE,8.662251765269183
CD_20231009_single,CD,2023-10-09,NA,NA,SRP,2023-10-09T15:42:40Z,1120,0,12,rising,22.6299,6.95,15.6799,456,39.4,414.09986607996944,18.169664599999997,18.54,0,0,logger_interpolated,0,2.4448965300441583e-11,2.4523983934915237e-7,0.050562999193735005,1024.2204203615847,0.11504917488668023,0.9000000000000057,0.23413853754994224,FALSE,15.914038537549942
CD_20231009_single,CD,2023-10-09,NA,NA,SRP,2023-10-09T15:43:10Z,1150,0,13,rising,20.0777,6.95,13.1277,462.3,45.7,415.85389175750623,21.0749663,21.51,0.5111269013828055,0.5111269013828055,logger_interpolated,0,2.1691368717192645e-11,2.1757926006674295e-7,0.045117306916858745,1024.2204203615847,0.11504917488668023,0.9000000000000057,0.20892155188875922,FALSE,13.33662155188876
CD_20231009_single,CD,2023-10-09,NA,NA,SRP,2023-10-09T15:43:40Z,1180,0,14,rising,16.9117,6.95,9.9617,463.8,47.2,419.6548418024928,21.7667048,22.21,2.3028898877096404,2.3028898877096404,logger_interpolated,0,1.827068502143365e-11,1.8326746364904173e-7,0.03827472255825784,1024.2204203615847,0.11504917488668023,0.9000000000000057,0.1772360759412914,FALSE,10.138936075941292
CD_20231009_single,CD,2023-10-09,NA,NA,SRP,2023-10-09T15:44:10Z,1210,0,15,rising,40.7699,6.95,33.8199,472.7,56.1,424.9856294309255,25.8710199,26.4,4.800151244180906,4.800151244180906,logger_interpolated,0,4.4050436297462445e-11,4.418559962803271e-7,0.08755171602431638,1024.2204203615847,0.11504917488668023,0.9000000000000057,0.40541959687512424,FALSE,34.225319596875124
CD_20231009_single,CD,2023-10-09,NA,NA,SRP,2023-10-09T15:45:10Z,1270,0,16,rising,39.9174,6.95,32.9674,476.2,59.6,435.31669865642993,27.4850764,28.05,9.642258126207066,9.642258126207066,logger_interpolated,0,4.312929341950274e-11,4.326163033676631e-7,0.08587813962859313,1024.2204203615847,0.11504917488668023,0.9000000000000057,0.3976698839225489,FALSE,33.365069883922544
CD_20231009_single,CD,2023-10-09,NA,NA,SRP,2023-10-09T15:46:10Z,1330,0,17,peak,30.9851,6.95,24.0351,479.6,63,443.45238095238096,29.053017,29.65,13.471942567187298,13.471942567187298,logger_interpolated,0,3.3477106341577106e-11,3.357982671329882e-7,0.06796514611508951,1024.2204203615847,0.11504917488668023,0.9000000000000057,0.3147214399759523,FALSE,24.34982143997595
CD_20231009_single,CD,2023-10-09,NA,NA,SRP,2023-10-09T15:47:10Z,1390,0,18,peak,24.3999,6.95,17.4499,479.6,63,456.50086422124065,29.053017,29.65,19.567209392033114,19.567209392033114,logger_interpolated,0,2.636143679040326e-11,2.644232360775842e-7,0.054303408560194256,1024.2204203615847,0.11504917488668023,0.9000000000000057,0.2514589891225496,FALSE,17.70135898912255
CD_20231009_single,CD,2023-10-09,NA,NA,SRP,2023-10-09T15:49:10Z,1510,0,20,falling,23.0433,6.95,16.0933,476.2,59.6,470.7973102785783,27.4850764,28.05,26.315826817512402,26.315826817512402,logger_interpolated,0,2.4895646733261618e-11,2.497203595461791e-7,0.051439264035369206,1024.2204203615847,0.11504917488668023,0.9000000000000057,0.23819619575452283,FALSE,16.33149619575452
CD_20231009_single,CD,2023-10-09,NA,NA,SRP,2023-10-09T15:50:10Z,1570,0,21,falling,18.5009,6.95,11.5509,474.9,58.3,473.87127761767533,26.885569699999998,27.44,27.811255850704793,27.811255850704793,logger_interpolated,0,1.9987725262510574e-11,2.0049055132180026e-7,0.041721628086612575,1024.2204203615847,0.11504917488668023,0.9000000000000057,0.19319741985583094,FALSE,11.744097419855832
CD_20231009_single,CD,2023-10-09,NA,NA,SRP,2023-10-09T15:51:00Z,1620,0,22,falling,37.8455,6.95,30.8955,473.6,57,472.718539865514,26.286063,26.82,27.344528235873963,27.344528235873963,logger_interpolated,0,4.08903949842833e-11,4.101586211784555e-7,0.08178469230518313,1024.2204203615847,0.11504917488668023,0.9000000000000057,0.37871464421913165,FALSE,31.27421464421913
CD_20231009_single,CD,2023-10-09,NA,NA,SRP,2023-10-09T15:52:10Z,1690,0,23,falling,28.9883,6.95,22.0383,472.6,56,471.1815561959654,25.824904,26.35,26.726549267713974,26.726549267713974,logger_interpolated,0,3.1319337484796165e-11,3.141543700892155e-7,0.06386421844904742,1024.2204203615847,0.11504917488668023,0.9000000000000057,0.2957315615740365,FALSE,22.334031561574037
CD_20231009_single,CD,2023-10-09,NA,NA,SRP,2023-10-09T15:54:10Z,1810,0,24,falling,35.5685,6.95,28.6185,468,51.4,466.6858678955453,23.703572599999998,24.19,24.809004804904067,24.809004804904067,logger_interpolated,0,3.842962678671599e-11,3.854754335657678e-7,0.07724309390672508,1024.2204203615847,0.11504917488668023,0.9000000000000057,0.3576841827332575,FALSE,28.97618418273326
CD_20231009_single,CD,2023-10-09,NA,NA,SRP,2023-10-09T15:59:10Z,2110,0,25,falling,35.843,6.95,28.893,454.9,38.3,450.04793863854263,17.6623897,18.02,17.525480631982735,17.525480631982735,logger_interpolated,0,3.872650966239174e-11,3.884533718073873e-7,0.07779340322477259,1024.2204203615847,0.11504917488668023,0.9000000000000057,0.36023246153361227,FALSE,29.253232461533614
CD_20231009_single,CD,2023-10-09,NA,NA,SRP,2023-10-09T16:04:10Z,2410,0,26,falling,16.0801,6.95,9.1301,447.1,30.5,437.715269804822,14.0653495,14.35,12.227366050601729,12.227366050601729,logger_interpolated,0,1.737218300872442e-11,1.742548740959075e-7,0.03646110577937011,1024.2204203615847,0.11504917488668023,0.9000000000000057,0.16883788779865794,FALSE,9.298937887798658
CD_20231009_single,CD,2023-10-09,NA,NA,SRP,2023-10-09T16:09:10Z,2710,0,27,falling,22.4377,6.95,15.4877,439.1,22.5,430.951924918598,10.3760775,10.59,9.497595331524348,9.497595331524348,logger_interpolated,0,2.4241304313744487e-11,2.4315685766093493e-7,0.050155074531545996,1024.2204203615847,0.11504917488668023,0.9000000000000057,0.23224958939895274,FALSE,15.719949589398952
CD_20231009_single,CD,2023-10-09,NA,NA,SRP,2023-10-09T16:14:10Z,3010,0,28,falling,16.7223,6.95,9.7723,435,18.4,423.7547892720307,8.4853256,8.66,6.567778099197759,6.567778099197759,logger_interpolated,0,1.8066045938550184e-11,1.8121479372235122e-7,0.03786226140562036,1024.2204203615847,0.11504917488668023,0.9000000000000057,0.17532612098184214,FALSE,9.947626120981841
CD_20231009_single,CD,2023-10-09,NA,NA,SRP,2023-10-09T16:19:10Z,3310,0,29,falling,9.7015,6.95,2.7515,430.2,13.6,420.2412868632708,6.2717624,6.4,5.336701487185212,5.336701487185212,logger_interpolated,0,1.0480776716894606e-11,1.0512935687544809e-7,0.022320110513194782,1024.2204203615847,0.11504917488668023,0.9000000000000057,0.10335617184195914,FALSE,2.854856171841959
CD_20231009_single,CD,2023-10-09,NA,NA,SRP,2023-10-09T16:24:10Z,3610,0,30,falling,20.5709,6.95,13.6209,426.1,9.5,415.40669856459334,4.3810104999999995,4.47,3.4963942272642146,3.4963942272642146,logger_interpolated,0,2.2224282775349787e-11,2.2292475245888938e-7,0.04617456809755365,1024.2204203615847,0.11504917488668023,0.9000000000000057,0.21381733715869042,FALSE,13.834717337158692
CD_20231009_single,CD,2023-10-09,NA,NA,SRP,2023-10-09T16:29:15Z,3915,0,31,falling,11.5932,6.95,4.6432,423.3,6.7,413.400967571234,3.0897653,3.15,2.967126750828167,2.967126750828167,logger_interpolated,5,1.2524517498424732e-11,1.256294743558681e-7,0.026556923002525785,1024.2204203615847,0.11504917488668023,0.9000000000000057,0.12297528257398639,FALSE,4.766175282573987
CD_20231009_single,CD,2023-10-09,NA,NA,SRP,2023-10-09T17:01:00Z,5820,0,32,falling,7.2949,6.95,0.3449,417.5,0.9,397.5315729047072,0.4150431,0.42,0,0,logger_interpolated,0,7.880788450461364e-12,7.9049696778002e-8,0.016876559327949396,1024.2204203615847,0.11504917488668023,0.9000000000000057,0.07814910078377058,FALSE,0.42304910078377056
RA_20230906_N,RA,2023-09-06,NA,N,NH4-N,2023-09-06T20:26:00Z,2460,0,4,rising,53.0417,9.29,44.62,466.4,0.4,483.4390500014476,0.1844636,0.19,0,0,logger_interpolated,11,NA,NA,NA,NA,NA,NA,NA,NA,NA
RA_20230906_N,RA,2023-09-06,NA,N,NH4-N,2023-09-06T20:30:00Z,2700,0,6,rising,53.9177,9.29,51.98,476.1,10.1,483.25470214505884,4.6577059,4.75,0,0,logger_interpolated,11,NA,NA,NA,NA,NA,NA,NA,NA,NA
RA_20230906_N,RA,2023-09-06,NA,N,NH4-N,2023-09-06T20:35:00Z,3000,0,7,rising,61.2691,9.29,30.02,478,12,485.0188226448649,5.533908,5.65,0,0,logger_interpolated,11,NA,NA,NA,NA,NA,NA,NA,NA,NA
RA_20230906_N,RA,2023-09-06,NA,N,NH4-N,2023-09-06T20:36:00Z,3060,0,8,rising,39.3163,9.29,21.43,481,15,486.7595851555792,6.9173849999999995,7.06,0,0,logger_interpolated,11,NA,NA,NA,NA,NA,NA,NA,NA,NA
RA_20230906_N,RA,2023-09-06,NA,N,NH4-N,2023-09-06T20:37:00Z,3120,0,9,rising,30.721,9.29,30.42,483,17,490.4616278643122,7.839703,8,0,0,logger_interpolated,11,NA,NA,NA,NA,NA,NA,NA,NA,NA
RA_20230906_N,RA,2023-09-06,NA,N,NH4-N,2023-09-06T20:38:00Z,3180,0,10,rising,39.7106,9.29,48.39,485,19,495.7646568434177,8.762020999999999,8.94,0.3424205130302873,0.3424205130302873,logger_interpolated,11,NA,NA,NA,NA,NA,NA,NA,NA,NA
RA_20230906_N,RA,2023-09-06,NA,N,NH4-N,2023-09-06T20:39:00Z,3240,0,11,rising,57.6877,9.29,54.97,487,21,499.4646006550768,9.684339,9.88,1.965613719287662,1.965613719287662,logger_interpolated,11,NA,NA,NA,NA,NA,NA,NA,NA,NA
RA_20230906_N,RA,2023-09-06,NA,N,NH4-N,2023-09-06T20:40:00Z,3300,0,12,rising,64.2605,9.29,61.99,488,22,501.7384731670446,10.145498,10.35,3.0362916600006558,3.0362916600006558,logger_interpolated,11,NA,NA,NA,NA,NA,NA,NA,NA,NA
RA_20230906_N,RA,2023-09-06,NA,N,NH4-N,2023-09-06T20:41:00Z,3360,0,13,rising,71.2873,9.29,45.56,488.9,22.9,503.8241038241038,10.560541099999998,10.78,4.0201601751458345,4.0201601751458345,logger_interpolated,11,NA,NA,NA,NA,NA,NA,NA,NA,NA
RA_20230906_N,RA,2023-09-06,NA,N,NH4-N,2023-09-06T20:42:00Z,3420,0,14,rising,54.8577,9.29,73.88,489,23,505.47470547470544,10.606657,10.82,4.803411148702052,4.803411148702052,logger_interpolated,11,NA,NA,NA,NA,NA,NA,NA,NA,NA
RA_20230906_N,RA,2023-09-06,NA,N,NH4-N,2023-09-06T20:43:00Z,3480,0,15,rising,83.1739,9.29,69.79,489,23,506.56584751102713,10.606657,10.82,5.328662285996536,5.328662285996536,logger_interpolated,11,NA,NA,NA,NA,NA,NA,NA,NA,NA
RA_20230906_N,RA,2023-09-06,NA,N,NH4-N,2023-09-06T20:44:00Z,3540,0,16,rising,79.0798,9.29,55.14,490,24,507.70006301197225,11.067816,11.29,5.873777139163296,5.873777139163296,logger_interpolated,11,NA,NA,NA,NA,NA,NA,NA,NA,NA
RA_20230906_N,RA,2023-09-06,NA,N,NH4-N,2023-09-06T20:45:00Z,3600,0,17,peak,64.4358,9.29,63.22,490,24,508.2873064717395,11.067816,11.29,6.166650912792516,6.166650912792516,logger_interpolated,11,NA,NA,NA,NA,NA,NA,NA,NA,NA
RA_20230906_N,RA,2023-09-06,NA,N,NH4-N,2023-09-06T20:46:00Z,3660,0,18,peak,72.5173,9.29,98.5,490,24,508.37115481593554,11.067816,11.29,6.227379498320036,6.227379498320036,logger_interpolated,11,NA,NA,NA,NA,NA,NA,NA,NA,NA
RA_20230906_N,RA,2023-09-06,NA,N,NH4-N,2023-09-06T20:47:00Z,3720,0,19,peak,107.7916,9.29,65.7,490,24,508.18359498140086,11.067816,11.29,6.162945759552294,6.162945759552294,logger_interpolated,11,NA,NA,NA,NA,NA,NA,NA,NA,NA
RA_20230906_N,RA,2023-09-06,NA,N,NH4-N,2023-09-06T20:49:00Z,3840,0,20,peak,74.9968,9.29,60.38,489,23,507.2833900870224,10.606657,10.82,5.791930504598431,5.791930504598431,logger_interpolated,11,NA,NA,NA,NA,NA,NA,NA,NA,NA
RA_20230906_N,RA,2023-09-06,NA,N,NH4-N,2023-09-06T20:50:00Z,3900,0,21,peak,69.6688,9.29,58.82,489,23,506.76630092067103,10.606657,10.82,5.5755313486994265,5.5755313486994265,logger_interpolated,11,NA,NA,NA,NA,NA,NA,NA,NA,NA
RA_20230906_N,RA,2023-09-06,NA,N,NH4-N,2023-09-06T20:51:00Z,3960,0,22,falling,68.1174,9.29,59.64,487,21,506.10532954903823,9.684339,9.88,5.292779618895037,5.292779618895037,logger_interpolated,11,NA,NA,NA,NA,NA,NA,NA,NA,NA
RA_20230906_N,RA,2023-09-06,NA,N,NH4-N,2023-09-06T20:54:00Z,4140,0,23,falling,68.9293,9.29,62.23,487,21,504.4473883421651,9.684339,9.88,4.594388610773888,4.594388610773888,logger_interpolated,11,NA,NA,NA,NA,NA,NA,NA,NA,NA
RA_20230906_N,RA,2023-09-06,NA,N,NH4-N,2023-09-06T20:55:00Z,4200,0,24,falling,71.5244,9.29,43.93,487,21,504.06888720666166,9.684339,9.88,4.441900572592673,4.441900572592673,logger_interpolated,11,NA,NA,NA,NA,NA,NA,NA,NA,NA
RA_20230906_N,RA,2023-09-06,NA,N,NH4-N,2023-09-06T20:58:00Z,4380,0,25,falling,53.2282,9.29,53.92,484,18,503.1587492740138,8.300862,8.47,4.088365774609989,4.088365774609989,logger_interpolated,11,NA,NA,NA,NA,NA,NA,NA,NA,NA
RA_20230906_N,RA,2023-09-06,NA,N,NH4-N,2023-09-06T21:04:00Z,4740,0,26,falling,63.2155,9.29,42.91,483,17,501.7992424242424,7.839703,8,3.593783957074753,3.593783957074753,logger_interpolated,11,NA,NA,NA,NA,NA,NA,NA,NA,NA
RA_20230906_N,RA,2023-09-06,NA,N,NH4-N,2023-09-06T21:12:00Z,5220,0,27,falling,52.2045,9.29,39.43,481.6,15.6,498.10462471569366,7.1940804,7.34,2.0664670849494686,2.0664670849494686,logger_interpolated,11,NA,NA,NA,NA,NA,NA,NA,NA,NA
RA_20230906_N,RA,2023-09-06,NA,N,NH4-N,2023-09-06T21:15:00Z,5400,0,28,falling,48.7193,9.29,30.78,480,14,497.15585893060296,6.456226,6.59,1.6951187051620835,1.6951187051620835,logger_interpolated,11,NA,NA,NA,NA,NA,NA,NA,NA,NA
RA_20230906_N,RA,2023-09-06,NA,N,NH4-N,2023-09-06T21:18:00Z,5580,0,29,falling,40.0739,9.29,37.78,479.2,13.2,496.1122700549972,6.087298799999999,6.21,1.2800418037758752,1.2800418037758752,logger_interpolated,11,NA,NA,NA,NA,NA,NA,NA,NA,NA
RA_20230906_N,RA,2023-09-06,NA,N,NH4-N,2023-09-06T21:20:00Z,5700,0,30,falling,47.0743,9.29,37.53,478,12,495.80194869275607,5.533908,5.65,1.1810566486189586,1.1810566486189586,logger_interpolated,11,NA,NA,NA,NA,NA,NA,NA,NA,NA
RA_20230906_N,RA,2023-09-06,NA,N,NH4-N,2023-09-06T21:22:00Z,5820,0,31,falling,46.8195,9.29,32.49,478.3,12.3,496.1613862012269,5.6722557,5.79,1.390936824520697,1.390936824520697,logger_interpolated,11,NA,NA,NA,NA,NA,NA,NA,NA,NA
RA_20230906_N,RA,2023-09-06,NA,N,NH4-N,2023-09-06T21:23:00Z,5880,0,32,falling,41.7844,9.29,27.15,476.9,10.9,495.73687539531943,5.0266331,5.13,1.2172310127456232,1.2172310127456232,logger_interpolated,11,NA,NA,NA,NA,NA,NA,NA,NA,NA
RA_20230906_N,RA,2023-09-06,NA,N,NH4-N,2023-09-06T21:28:00Z,6180,0,33,falling,36.4462,9.29,27.15,475.6,9.6,493.5459377372816,4.4271264,4.52,0.3171662281346255,0.3171662281346255,logger_interpolated,11,NA,NA,NA,NA,NA,NA,NA,NA,NA
RA_20230906_P,RA,2023-09-06,NA,P,SRP,2023-09-06T17:42:00Z,720,0,3,rising,8.502,5.24,3.2661,466.1,0.5,501.56702568447764,0.2305795,0.2353,0,0,logger_interpolated,11,6.246871764176654e-12,8.9330753603539e-8,0.01590952341221416,1006.952301919893,0.11056020524109081,0.4000000000000057,0.03274271792286289,FALSE,3.2988427179228625
RA_20230906_P,RA,2023-09-06,NA,P,SRP,2023-09-06T18:20:00Z,3000,0,4,rising,7.6413,5.24,2.4054,467.8,2.2,498.4865540963102,1.0145498,1.03532,0,0,logger_interpolated,11,5.614452390435798e-12,8.028710721820363e-8,0.014321946289462876,1006.952301919893,0.11056020524109081,0.4000000000000057,0.029475392525099686,FALSE,2.4348753925251
RA_20230906_P,RA,2023-09-06,NA,P,SRP,2023-09-06T18:22:00Z,3120,0,5,rising,7.0392,5.24,1.8033,468,2.4,502.33896185115697,1.1067816,1.12944,0,0,logger_interpolated,11,5.172047892122181e-12,7.396068837628286e-8,0.013208319548845441,1006.952301919893,0.11056020524109081,0.4000000000000057,0.027183484383376217,FALSE,1.8304834843833762
RA_20230906_P,RA,2023-09-06,NA,P,SRP,2023-09-06T18:24:00Z,3240,0,6,rising,9.2176,5.24,3.9817,473.1,7.5,505.8318572894067,3.4586924999999997,3.5295,0.7929264824702069,0.7929264824702069,logger_interpolated,11,6.772692233080149e-12,9.6850027332941e-8,0.01722561434223874,1006.952301919893,0.11056020524109081,0.4000000000000057,0.03545130905825479,FALSE,4.017151309058255
RA_20230906_P,RA,2023-09-06,NA,P,SRP,2023-09-06T18:26:00Z,3360,0,7,rising,8.6474,5.24,3.4115,479,13.4,506.11716076719796,6.1795306,6.30604,0.9964800397708383,0.9964800397708383,logger_interpolated,11,6.353724347765363e-12,9.08587538854083e-8,0.016177253059784395,1006.952301919893,0.11056020524109081,0.4000000000000057,0.03329372099836982,FALSE,3.44479372099837
RA_20230906_P,RA,2023-09-06,NA,P,SRP,2023-09-06T18:28:00Z,3480,0,8,rising,17.5838,5.24,12.3479,483,17.4,509.7169574508733,8.0241666,8.18844,2.7285419694037336,2.7285419694037336,logger_interpolated,11,1.2920192864840742e-11,1.8475976599007626e-7,0.03235523065428455,1006.952301919893,0.11056020524109081,0.4000000000000057,0.066588933131025,FALSE,12.414488933131024
RA_20230906_P,RA,2023-09-06,NA,P,SRP,2023-09-06T18:30:00Z,3600,0,9,rising,17.847,5.24,12.6111,484,18.4,520.0275758624668,8.4853256,8.65904,7.55535973626171,7.55535973626171,logger_interpolated,11,1.3113587003464439e-11,1.8752531726084686e-7,0.03282363884893366,1006.952301919893,0.11056020524109081,0.4000000000000057,0.06755294424517182,FALSE,12.678652944245172
RA_20230906_P,RA,2023-09-06,NA,P,SRP,2023-09-06T18:34:00Z,3840,0,10,peak,18.1492,5.24,12.9133,488,22.4,522.5913146287096,10.329961599999999,10.54144,8.881617523535239,8.881617523535239,logger_interpolated,11,1.333565954761511e-11,1.9070097196811925e-7,0.033360948236111396,1006.952301919893,0.11056020524109081,0.4000000000000057,0.0686587579924372,FALSE,12.981958757992437
RA_20230906_P,RA,2023-09-06,NA,P,SRP,2023-09-06T18:37:00Z,4020,0,11,falling,12.8835,5.24,7.6476,487,21.4,520.6511273067343,9.868802599999999,10.07084,8.09485761449926,8.09485761449926,logger_interpolated,11,9.466357924563384e-12,1.353696568787399e-7,0.023912835338153086,1006.952301919893,0.11056020524109081,0.4000000000000057,0.049213996040378336,FALSE,7.696813996040378
RA_20230906_P,RA,2023-09-06,NA,P,SRP,2023-09-06T18:39:00Z,4140,0,12,falling,8.6596,5.24,3.4237,486,20.4,519.2234622102477,9.407643599999998,9.60024,7.508460297054478,7.508460297054478,logger_interpolated,11,6.362691321472187e-12,9.09869823090122e-8,0.01619971406820346,1006.952301919893,0.11056020524109081,0.4000000000000057,0.03333994705077086,FALSE,3.457039947050771
RA_20230906_P,RA,2023-09-06,NA,P,SRP,2023-09-06T18:41:00Z,4260,0,13,falling,10.5977,5.24,5.3618,484,18.4,518.2365072148206,8.4853256,8.65904,7.125300409104178,7.125300409104178,logger_interpolated,11,7.786765873838115e-12,1.1135135951297367e-7,0.01975385270641727,1006.952301919893,0.11056020524109081,0.4000000000000057,0.04065456961202502,FALSE,5.402454569612025
RA_20230906_P,RA,2023-09-06,NA,P,SRP,2023-09-06T18:46:00Z,4560,0,15,falling,10.8146,5.24,5.5787,483,17.4,515.2879212999641,8.0241666,8.18844,5.945491704159589,5.945491704159589,logger_interpolated,11,7.946148194748135e-12,1.1363053913686498e-7,0.02015003441687691,1006.952301919893,0.11056020524109081,0.4000000000000057,0.041469934450786824,FALSE,5.620169934450788
RA_20230906_P,RA,2023-09-06,NA,P,SRP,2023-09-06T18:49:00Z,4740,0,16,falling,18.2485,5.24,13.0126,482,16.4,514.0070310992718,7.563007599999999,7.71784,5.462772596277354,5.462772596277354,logger_interpolated,11,1.3408629271296552e-11,1.9174444470980225e-7,0.03353736979464309,1006.952301919893,0.11056020524109081,0.4000000000000057,0.0690218437478584,FALSE,13.08162184374786
RA_20230906_P,RA,2023-09-06,NA,P,SRP,2023-09-06T18:51:00Z,4860,0,17,falling,7.7289,5.24,2.493,482,16.4,513.0027486946028,7.563007599999999,7.71784,5.071622017608498,5.071622017608498,logger_interpolated,11,5.678836638508788e-12,8.120780698885394e-8,0.014483805728315707,1006.952301919893,0.11056020524109081,0.4000000000000057,0.029808508597290916,FALSE,2.522808508597291
RA_20230906_P,RA,2023-09-06,NA,P,SRP,2023-09-06T18:54:00Z,5040,0,18,falling,11.9737,5.24,6.7378,481,15.4,510.81253044202487,7.1018486,7.24724,4.169558094646749,4.169558094646749,logger_interpolated,11,8.797845242320873e-12,1.258098733658604e-7,0.02226170853798774,1006.952301919893,0.11056020524109081,0.4000000000000057,0.04581588173664074,FALSE,6.78361588173664
RA_20230906_P,RA,2023-09-06,NA,P,SRP,2023-09-06T18:57:00Z,5220,0,19,falling,13.3748,5.24,8.1389,480,14.4,508.4177425178672,6.6406896,6.77664,3.173155026508954,3.173155026508954,logger_interpolated,11,9.827369773731486e-12,1.4053215448769222e-7,0.0248021640989997,1006.952301919893,0.11056020524109081,0.4000000000000057,0.05104428598701082,FALSE,8.18994428598701
RA_20230906_P,RA,2023-09-06,NA,P,SRP,2023-09-06T19:00:00Z,5400,0,20,falling,6.0446,5.24,0.8087,478,12.4,506.4574913011838,5.7183716,5.83544,2.3771424718532614,2.3771424718532614,logger_interpolated,11,4.4412505203512775e-12,6.35102289437472e-8,0.011363224396631557,1006.952301919893,0.11056020524109081,0.4000000000000057,0.02338617200987042,FALSE,0.8320861720098705
RA_20230906_P,RA,2023-09-06,NA,P,SRP,2023-09-06T19:03:00Z,5580,0,21,falling,5.4977,5.24,0.2618,477,11.4,504.31086432320024,5.2572126,5.36484,1.495181057492186,1.495181057492186,logger_interpolated,11,4.039406342523547e-12,5.7763825849257415e-8,0.010345717174451038,1006.952301919893,0.11056020524109081,0.4000000000000057,0.021292083387784166,FALSE,0.28309208338778413
RA_20230906_P,RA,2023-09-06,NA,P,SRP,2023-09-06T19:06:00Z,5760,0,22,falling,11.8566,5.24,6.6207,475.7,10.1,503.7838146871382,4.6577059,4.75306,1.3601023105542647,1.3601023105542647,logger_interpolated,11,8.711792159112418e-12,1.2457930756218876e-7,0.022048764341104563,1006.952301919893,0.11056020524109081,0.4000000000000057,0.045377630282388906,FALSE,6.666077630282389
RA_20230906_P,RA,2023-09-06,NA,P,SRP,2023-09-06T19:09:00Z,5940,0,23,falling,11.75,5.24,6.5141,474.6,9,502.68802043854555,4.150431,4.2354,0.9627418668463631,0.9627418668463631,logger_interpolated,11,8.633454556216596e-12,1.2345907372894318e-7,0.021854831954522754,1006.952301919893,0.11056020524109081,0.4000000000000057,0.04497850623162816,FALSE,6.559078506231629
RA_20230906_P,RA,2023-09-06,NA,P,SRP,2023-09-06T19:15:00Z,6300,0,24,falling,6.7771,5.24,1.5412,472.6,7,503.4330702502545,3.228113,3.2942,1.5222781653219066,1.5222781653219066,logger_interpolated,11,4.979465179563742e-12,7.12067405615517e-8,0.012722761168857868,1006.952301919893,0.11056020524109081,0.4000000000000057,0.026184177197416787,FALSE,1.5673841771974166
RA_20230906_P,RA,2023-09-06,NA,P,SRP,2023-09-06T19:23:00Z,6780,0,25,falling,NA,5.24,NA,471.2,5.6,501.6885553470919,2.5824903999999997,2.63536,1.0057125802378901,1.0057125802378901,logger_interpolated,11,NA,NA,NA,1006.952301919893,0.11056020524109081,0.4000000000000057,NA,FALSE,NA
RA_20231005_downstream,RA,2023-10-05,downstream,NA,NH4-N,2023-10-05T17:11:00Z,3360,0,4,rising,5.75,9.82,1.89,467.3,6.6,481.1529933481154,3.0436493999999996,3.11,0,0,logger_interpolated,0,NA,NA,NA,NA,NA,NA,NA,NA,NA
RA_20231005_downstream,RA,2023-10-05,downstream,NA,NH4-N,2023-10-05T17:13:00Z,3480,0,5,rising,14.73,9.82,10.87,468.1,7.4,480.23642408570373,3.4125766,3.48,0,0,logger_interpolated,0,NA,NA,NA,NA,NA,NA,NA,NA,NA
RA_20231005_downstream,RA,2023-10-05,downstream,NA,NH4-N,2023-10-05T17:20:00Z,3900,0,6,rising,8.68,9.82,4.82,470,9.3,478.70182555780934,4.2887787,4.38,0,0,logger_interpolated,0,NA,NA,NA,NA,NA,NA,NA,NA,NA
RA_20231005_downstream,RA,2023-10-05,downstream,NA,NH4-N,2023-10-05T17:24:00Z,4140,0,7,rising,16.52,9.82,12.66,471,10.3,478.36494199963175,4.7499377,4.85,0,0,logger_interpolated,0,NA,NA,NA,NA,NA,NA,NA,NA,NA
RA_20231005_downstream,RA,2023-10-05,downstream,NA,NH4-N,2023-10-05T17:26:00Z,4260,0,8,rising,5.75,9.82,1.89,472,11.3,477.98046803021936,5.211096700000001,5.32,0,0,logger_interpolated,0,NA,NA,NA,NA,NA,NA,NA,NA,NA
RA_20231005_downstream,RA,2023-10-05,downstream,NA,NH4-N,2023-10-05T17:29:00Z,4440,0,9,rising,28.45,9.82,24.59,473,12.3,479.1858537483884,5.6722557,5.79,0,0,logger_interpolated,0,NA,NA,NA,NA,NA,NA,NA,NA,NA
RA_20231005_downstream,RA,2023-10-05,downstream,NA,NH4-N,2023-10-05T17:31:00Z,4560,0,10,rising,27.31,9.82,23.45,475,14.3,479.73097475585047,6.5945737,6.73,0,0,logger_interpolated,0,NA,NA,NA,NA,NA,NA,NA,NA,NA
RA_20231005_downstream,RA,2023-10-05,downstream,NA,NH4-N,2023-10-05T17:32:00Z,4620,0,11,rising,22.79,9.82,18.93,475,14.3,478.74493927125513,6.5945737,6.73,0,0,logger_interpolated,0,NA,NA,NA,NA,NA,NA,NA,NA,NA
RA_20231005_downstream,RA,2023-10-05,downstream,NA,NH4-N,2023-10-05T17:35:00Z,4800,0,12,rising,32.77,9.82,28.91,476,15.3,481.0278135936638,7.0557327,7.2,0,0,logger_interpolated,0,NA,NA,NA,NA,NA,NA,NA,NA,NA
RA_20231005_downstream,RA,2023-10-05,downstream,NA,NH4-N,2023-10-05T17:42:00Z,5220,0,13,peak,19.91,9.82,16.05,477,16.3,481.47123893805315,7.5168917,7.67,0,0,logger_interpolated,0,NA,NA,NA,NA,NA,NA,NA,NA,NA
RA_20231005_downstream,RA,2023-10-05,downstream,NA,NH4-N,2023-10-05T18:02:00Z,6420,0,14,falling,16.82,9.82,12.96,474,13.3,478.3653846153845,6.1334147,6.26,0,0,logger_interpolated,0,NA,NA,NA,NA,NA,NA,NA,NA,NA
RA_20231005_downstream,RA,2023-10-05,downstream,NA,NH4-N,2023-10-05T18:04:00Z,6540,0,15,falling,29.75,9.82,25.89,473,12.3,476.68393782383424,5.6722557,5.79,0,0,logger_interpolated,0,NA,NA,NA,NA,NA,NA,NA,NA,NA
RA_20231005_downstream,RA,2023-10-05,downstream,NA,NH4-N,2023-10-05T18:06:00Z,6660,0,16,falling,21.19,9.82,17.33,472,11.3,475.7497223250648,5.211096700000001,5.32,0,0,logger_interpolated,0,NA,NA,NA,NA,NA,NA,NA,NA,NA
RA_20231005_downstream,RA,2023-10-05,downstream,NA,NH4-N,2023-10-05T18:08:00Z,6780,0,17,falling,23.12,9.82,19.26,471,10.3,474.7315808959645,4.7499377,4.85,0,0,logger_interpolated,0,NA,NA,NA,NA,NA,NA,NA,NA,NA
RA_20231005_downstream,RA,2023-10-05,downstream,NA,NH4-N,2023-10-05T18:10:00Z,6900,0,18,falling,19.65,9.82,15.79,470.1,9.4,473.64039955604886,4.3348946,4.42,0,0,logger_interpolated,0,NA,NA,NA,NA,NA,NA,NA,NA,NA
RA_20231005_downstream,RA,2023-10-05,downstream,NA,NH4-N,2023-10-05T18:12:00Z,7020,0,19,falling,24.08,9.82,20.22,469.7,9,473.2704402515724,4.150431,4.24,0,0,logger_interpolated,0,NA,NA,NA,NA,NA,NA,NA,NA,NA
RA_20231005_downstream,RA,2023-10-05,downstream,NA,NH4-N,2023-10-05T18:16:00Z,7260,0,20,falling,17.21,9.82,13.35,468.6,7.9,471.7085798816568,3.6431561,3.72,0,0,logger_interpolated,0,NA,NA,NA,NA,NA,NA,NA,NA,NA
RA_20231005_downstream,RA,2023-10-05,downstream,NA,NH4-N,2023-10-05T18:19:00Z,7440,0,21,falling,13.39,9.82,9.53,468.4,7.7,470.59911242603545,3.5509243,3.62,0,0,logger_interpolated,0,NA,NA,NA,NA,NA,NA,NA,NA,NA
RA_20231005_downstream,RA,2023-10-05,downstream,NA,NH4-N,2023-10-05T18:21:00Z,7560,0,22,falling,11.67,9.82,7.81,468.1,7.4,469.2109144542773,3.4125766,3.48,0,0,logger_interpolated,0,NA,NA,NA,NA,NA,NA,NA,NA,NA
RA_20231005_downstream,RA,2023-10-05,downstream,NA,NH4-N,2023-10-05T18:23:00Z,7680,0,23,falling,16.3,9.82,12.44,467.5,6.8,466.7648683483704,3.1358812,3.2,0,0,logger_interpolated,0,NA,NA,NA,NA,NA,NA,NA,NA,NA
RA_20231005_downstream,RA,2023-10-05,downstream,NA,NH4-N,2023-10-05T18:25:00Z,7800,0,24,falling,16.94,9.82,13.08,467.1,6.4,467.04818165035994,2.9514176,3.01,0,0,logger_interpolated,0,NA,NA,NA,NA,NA,NA,NA,NA,NA
RA_20231005_downstream,RA,2023-10-05,downstream,NA,NH4-N,2023-10-05T18:28:00Z,7980,0,25,falling,12.9,9.82,9.04,466.7,6,467.3250876869115,2.766954,2.82,0,0,logger_interpolated,0,NA,NA,NA,NA,NA,NA,NA,NA,NA
RA_20231005_downstream,RA,2023-10-05,downstream,NA,NH4-N,2023-10-05T18:30:00Z,8100,0,26,falling,13.15,9.82,9.29,466.5,5.8,468.1263858093127,2.6747221999999997,2.73,0,0,logger_interpolated,0,NA,NA,NA,NA,NA,NA,NA,NA,NA
RA_20231005_downstream,RA,2023-10-05,downstream,NA,NH4-N,2023-10-05T18:35:00Z,8400,0,27,falling,15.08,9.82,11.22,465.6,4.9,468.2994454713494,2.2596791,2.31,0,0,logger_interpolated,0,NA,NA,NA,NA,NA,NA,NA,NA,NA
RA_20231005_downstream,RA,2023-10-05,downstream,NA,NH4-N,2023-10-05T18:40:00Z,8700,0,28,falling,2.66,9.82,-1.2,464.2,3.5,467.36919948234424,1.6140565,1.65,0,0,logger_interpolated,0,NA,NA,NA,NA,NA,NA,NA,NA,NA
RA_20231005_downstream,RA,2023-10-05,downstream,NA,NH4-N,2023-10-05T18:45:00Z,9000,0,29,falling,9.64,9.82,5.78,463.3,2.6,461.13657195233736,1.1990134,1.22,0,0,logger_interpolated,0,NA,NA,NA,NA,NA,NA,NA,NA,NA
RA_20231005_downstream,RA,2023-10-05,downstream,NA,NH4-N,2023-10-05T19:05:00Z,10200,0,30,falling,4.52,9.82,0.66,461.9,1.2,499.9076638965836,0.5533908,0.56,0.12777633572684927,0.12777633572684927,logger_interpolated,0,NA,NA,NA,NA,NA,NA,NA,NA,NA
RA_20231005_downstream,RA,2023-10-05,downstream,NA,SRP,2023-10-05T17:07:00Z,3120,0,3,rising,10.1273,5.9,4.2273,465,4.3,473.0954142011834,1.9829837,2.02358,0,0,logger_interpolated,0,7.839022940844329e-12,1.1254067870192761e-7,0.02010401274135921,1011.8479421670442,0.11182247303800304,0.29999999999999716,0.031031414388688738,FALSE,4.258331414388689
RA_20231005_downstream,RA,2023-10-05,downstream,NA,SRP,2023-10-05T17:11:00Z,3360,0,4,rising,10.5708,5.9,4.6708,467.3,6.6,481.1529933481154,3.0436493999999996,3.10596,0,0,logger_interpolated,0,8.182313031891931e-12,1.174691117642733e-7,0.02096595837900715,1011.8479421670442,0.11182247303800304,0.29999999999999716,0.032361864812018866,FALSE,4.703161864812019
RA_20231005_downstream,RA,2023-10-05,downstream,NA,SRP,2023-10-05T17:13:00Z,3480,0,5,rising,8.9582,5.9,3.0582,468.1,7.4,480.23642408570373,3.4125766,3.48244,0,0,logger_interpolated,0,6.934049654561435e-12,9.954845905747033e-8,0.017824480810246724,1011.8479421670442,0.11182247303800304,0.29999999999999716,0.027512858124492053,FALSE,3.085712858124492
RA_20231005_downstream,RA,2023-10-05,downstream,NA,SRP,2023-10-05T17:20:00Z,3900,0,6,rising,8.8316,5.9,2.9316,470,9.3,478.70182555780934,4.2887787,4.37658,0,0,logger_interpolated,0,6.8360603005538536e-12,9.81416780735649e-8,0.017577019476847307,1011.8479421670442,0.11182247303800304,0.29999999999999716,0.027130890838622954,FALSE,2.958730890838623
RA_20231005_downstream,RA,2023-10-05,downstream,NA,SRP,2023-10-05T17:24:00Z,4140,0,7,rising,2.6809,5.9,-3.2191,471,10.3,478.36494199963175,4.7499377,4.84718,0,0,logger_interpolated,0,2.0750889851429355e-12,2.9790947738918947e-8,0.005401635836921127,1011.8479421670442,0.11182247303800304,0.29999999999999716,0.008337658863867113,FALSE,-3.210762341136133
RA_20231005_downstream,RA,2023-10-05,downstream,NA,SRP,2023-10-05T17:26:00Z,4260,0,8,rising,5.534,5.9,-0.366,472,11.3,477.98046803021936,5.211096700000001,5.31778,0,0,logger_interpolated,0,4.283502195246596e-12,6.149596039099305e-8,0.01108659275720723,1011.8479421670442,0.11182247303800304,0.29999999999999716,0.017112636090792346,FALSE,-0.34888736390920766
RA_20231005_downstream,RA,2023-10-05,downstream,NA,SRP,2023-10-05T17:29:00Z,4440,0,9,rising,125.9436,5.9,120.0436,473,12.3,479.1858537483884,5.6722557,5.78838,0,0,logger_interpolated,0,9.7528058751737e-11,1.400158413520318e-6,0.20334768724771513,1011.8479421670442,0.11182247303800304,0.29999999999999716,0.31387596243329385,FALSE,120.3574759624333
RA_20231005_downstream,RA,2023-10-05,downstream,NA,SRP,2023-10-05T17:31:00Z,4560,0,10,rising,18.4172,5.9,12.5172,475,14.3,479.73097475585047,6.5945737,6.72958,0,0,logger_interpolated,0,1.4256225222843463e-11,2.046690352118727e-7,0.03596964032474463,1011.8479421670442,0.11182247303800304,0.29999999999999716,0.05552069771787137,FALSE,12.572720697717871
RA_20231005_downstream,RA,2023-10-05,downstream,NA,SRP,2023-10-05T17:32:00Z,4620,0,11,rising,7.0647,5.9,1.1647,475,14.3,478.74493927125513,6.5945737,6.72958,0,0,logger_interpolated,0,5.468366709026007e-12,7.850642936867467e-8,0.014109997267226379,1011.8479421670442,0.11182247303800304,0.29999999999999716,0.021779391898304412,FALSE,1.1864793918983045
RA_20231005_downstream,RA,2023-10-05,downstream,NA,SRP,2023-10-05T17:35:00Z,4800,0,12,rising,9.384,5.9,3.484,476,15.3,481.0278135936638,7.0557327,7.20018,0,0,logger_interpolated,0,7.263646520401754e-12,1.0428030577607481e-7,0.01865592732713764,1011.8479421670442,0.11182247303800304,0.29999999999999716,0.02879623183399008,FALSE,3.51279623183399
RA_20231005_downstream,RA,2023-10-05,downstream,NA,SRP,2023-10-05T17:42:00Z,5220,0,13,rising,4.5529,5.9,-1.3471,477,16.3,481.47123893805315,7.5168917,7.67078,0,0,logger_interpolated,0,3.524088269939916e-12,5.0593458993222856e-8,0.009139034859611619,1011.8479421670442,0.11182247303800304,0.29999999999999716,0.014106496125415122,FALSE,-1.3329935038745848
RA_20231005_downstream,RA,2023-10-05,downstream,NA,SRP,2023-10-05T18:02:00Z,6420,0,14,rising,152.9492,5.9,NA,474,13.3,478.3653846153845,6.1334147,6.25898,0,0,logger_interpolated,0,1.184522408812615e-10,1.70055575588169e-6,0.23665054842194988,1011.8479421670442,0.11182247303800304,0.29999999999999716,0.3652803710318124,FALSE,NA
RA_20231005_downstream,RA,2023-10-05,downstream,NA,SRP,2023-10-05T18:04:00Z,6540,0,15,rising,5.3814,5.9,-0.5186,473,12.3,476.68393782383424,5.6722557,5.78838,0,0,logger_interpolated,0,4.165400082723457e-12,5.98004312415334e-8,0.010784216418353748,1011.8479421670442,0.11182247303800304,0.29999999999999716,0.01664590511558791,FALSE,-0.501954094884412
RA_20231005_downstream,RA,2023-10-05,downstream,NA,SRP,2023-10-05T18:06:00Z,6660,0,16,rising,63.1618,5.9,57.2618,472,11.3,475.7497223250648,5.211096700000001,5.31778,0,0,logger_interpolated,0,4.8899752631289276e-11,7.020277132763352e-7,0.11346070746859394,1011.8479421670442,0.11182247303800304,0.29999999999999716,0.17513151606039468,FALSE,57.4369315160604
RA_20231005_downstream,RA,2023-10-05,downstream,NA,SRP,2023-10-05T18:08:00Z,6780,0,17,rising,6.2287,5.9,0.3287,471,10.3,474.7315808959645,4.7499377,4.84718,0,0,logger_interpolated,0,4.821244897239064e-12,6.921604605803712e-8,0.012461039336339696,1011.8479421670442,0.11182247303800304,0.29999999999999716,0.019234153914168516,FALSE,0.3479341539141685
RA_20231005_downstream,RA,2023-10-05,downstream,NA,SRP,2023-10-05T18:10:00Z,6900,0,18,peak,8.943,5.9,3.043,470.1,9.4,473.64039955604886,4.3348946,4.42364,0,0,logger_interpolated,0,6.9222775007666995e-12,9.937945251318e-8,0.017794758119961753,1011.8479421670442,0.11182247303800304,0.29999999999999716,0.02746697986472145,FALSE,3.0704669798647215
RA_20231005_downstream,RA,2023-10-05,downstream,NA,SRP,2023-10-05T18:12:00Z,7020,0,19,falling,5.4393,5.9,-0.4607,469.7,9,473.2704402515724,4.150431,4.2354,0,0,logger_interpolated,0,4.2102098211134935e-12,6.044374079795732e-8,0.010898964369120181,1011.8479421670442,0.11182247303800304,0.29999999999999716,0.016823023547430153,FALSE,-0.44387697645256985
RA_20231005_downstream,RA,2023-10-05,downstream,NA,SRP,2023-10-05T18:16:00Z,7260,0,20,falling,35.3973,5.9,29.4973,468.6,7.9,471.7085798816568,3.6431561,3.71774,0,0,logger_interpolated,0,2.7401873563016195e-11,3.933941094136028e-7,0.06691770573804076,1011.8479421670442,0.11182247303800304,0.29999999999999716,0.10329037707111419,FALSE,29.600590377071114
RA_20231005_downstream,RA,2023-10-05,downstream,NA,SRP,2023-10-05T18:19:00Z,7440,0,21,falling,5.5451,5.9,-0.3549,468.4,7.7,470.59911242603545,3.5509243,3.62362,0,0,logger_interpolated,0,4.292109317448046e-12,6.16195282618274e-8,0.011108622308955877,1011.8479421670442,0.11182247303800304,0.29999999999999716,0.017146639658035562,FALSE,-0.33775336034196446
RA_20231005_downstream,RA,2023-10-05,downstream,NA,SRP,2023-10-05T18:21:00Z,7560,0,22,falling,8.5971,5.9,2.6971,468.1,7.4,469.2109144542773,3.4125766,3.48244,0,0,logger_interpolated,0,6.654539279673724e-12,9.553567742237705e-8,0.017118278502141683,1011.8479421670442,0.11182247303800304,0.29999999999999716,0.026422804275691398,FALSE,2.7235228042756914
RA_20231005_downstream,RA,2023-10-05,downstream,NA,SRP,2023-10-05T18:23:00Z,7680,0,23,falling,6.4535,5.9,0.5535,467.5,6.8,466.7648683483704,3.1358812,3.20008,0,0,logger_interpolated,0,4.995258440066509e-12,7.171426584396089e-8,0.012904992422412704,1011.8479421670442,0.11182247303800304,0.29999999999999716,0.019919414730519218,FALSE,0.5734194147305192
RA_20231005_downstream,RA,2023-10-05,downstream,NA,SRP,2023-10-05T18:25:00Z,7800,0,24,falling,8.0921,5.9,2.1921,467.1,6.4,467.04818165035994,2.9514176,3.01184,0,0,logger_interpolated,0,6.2636383865189146e-12,8.992372142316543e-8,0.016128935364188458,1011.8479421670442,0.11182247303800304,0.29999999999999716,0.02489571029294273,FALSE,2.2169957102929425
RA_20231005_downstream,RA,2023-10-05,downstream,NA,SRP,2023-10-05T18:28:00Z,7980,0,25,falling,8.5269,5.9,2.6269,466.7,6,467.3250876869115,2.766954,2.8236,0,0,logger_interpolated,0,6.6001861304994386e-12,9.475535819843568e-8,0.016980833550686344,1011.8479421670442,0.11182247303800304,0.29999999999999716,0.02621065204025885,FALSE,2.653110652040259
RA_20231005_downstream,RA,2023-10-05,downstream,NA,SRP,2023-10-05T18:30:00Z,8100,0,26,falling,8.2002,5.9,2.3002,466.5,5.8,468.1263858093127,2.6747221999999997,2.72948,0,0,logger_interpolated,0,6.3473136884337755e-12,9.1125003182276e-8,0.016340879271100665,1011.8479421670442,0.11182247303800304,0.29999999999999716,0.025222854892737973,FALSE,2.3254228548927376
RA_20231005_downstream,RA,2023-10-05,downstream,NA,SRP,2023-10-05T18:35:00Z,8400,0,27,falling,8.0495,5.9,2.1495,465.6,4.9,468.2994454713494,2.2596791,2.30594,0,0,logger_interpolated,0,6.230647798694447e-12,8.945009311864834e-8,0.016045347320314752,1011.8479421670442,0.11182247303800304,0.29999999999999716,0.024766688526952272,FALSE,2.1742666885269526
RA_20231005_downstream,RA,2023-10-05,downstream,NA,SRP,2023-10-05T18:40:00Z,8700,0,28,falling,7.7052,5.9,1.8052,464.2,3.5,467.36919948234424,1.6140565,1.6471,0,0,logger_interpolated,0,5.964134098456477e-12,8.56238978218002e-8,0.015369562058708996,1011.8479421670442,0.11182247303800304,0.29999999999999716,0.02372358470681219,FALSE,1.8289235847068122
RA_20231005_downstream,RA,2023-10-05,downstream,NA,SRP,2023-10-05T18:45:00Z,9000,0,29,falling,10.8434,5.9,4.9434,463.3,2.6,461.13657195233736,1.1990134,1.22356,0,0,logger_interpolated,0,8.393327423651746e-12,1.2049853303829349e-7,0.021495029116386996,1011.8479421670442,0.11182247303800304,0.29999999999999716,0.03317850840968171,FALSE,4.976578508409681
RA_20231005_downstream,RA,2023-10-05,downstream,NA,SRP,2023-10-05T19:05:00Z,10200,0,30,falling,5.9029,5.9,0.0029,461.9,1.2,499.9076638965836,0.5533908,0.56472,0.12777633572684927,0.12777633572684927,logger_interpolated,0,4.56904804631163e-12,6.559539014415043e-8,0.011816911375981749,1011.8479421670442,0.11182247303800304,0.29999999999999716,0.018239914509609875,FALSE,0.021139914509609874
RC_20231007_single,RC,2023-10-07,NA,NA,NH4-N,2023-10-07T15:40:10Z,610,0,2,rising,54.7212,2.4,52.32,367,16.3,380.35055350553506,7.5168917,7.52,0.08858095616973417,0.08858095616973417,logger_interpolated,0,NA,NA,NA,NA,NA,NA,NA,NA,NA
RC_20231007_single,RC,2023-10-07,NA,NA,NH4-N,2023-10-07T15:40:20Z,620,0,3,rising,16.872,2.4,14.47,369,18.3,380.35055350553506,8.4392097,8.44,0.08712752717077586,0.08712752717077586,logger_interpolated,0,NA,NA,NA,NA,NA,NA,NA,NA,NA
RC_20231007_single,RC,2023-10-07,NA,NA,NH4-N,2023-10-07T15:40:30Z,630,0,4,rising,30.8479,2.4,28.45,379.3,28.6,380.35055350553506,13.1891474,13.19,0.08567409817181755,0.08567409817181755,logger_interpolated,0,NA,NA,NA,NA,NA,NA,NA,NA,NA
RC_20231007_single,RC,2023-10-07,NA,NA,NH4-N,2023-10-07T15:40:40Z,640,0,5,rising,66.2868,2.4,63.89,384.5,33.8,380.28039107175795,15.587174199999998,15.59,0.05186463137463931,0.05186463137463931,logger_interpolated,0,NA,NA,NA,NA,NA,NA,NA,NA,NA
RC_20231007_single,RC,2023-10-07,NA,NA,NH4-N,2023-10-07T15:40:50Z,650,0,6,rising,85.2917,2.4,82.89,388.6,37.9,380.28039107175795,17.477926099999998,17.48,0.050411202375680995,0.050411202375680995,logger_interpolated,0,NA,NA,NA,NA,NA,NA,NA,NA,NA
RC_20231007_single,RC,2023-10-07,NA,NA,NH4-N,2023-10-07T15:41:20Z,680,0,7,rising,67.6414,2.4,65.24,395,44.3,380.6493266924922,20.429343699999997,20.43,0.21618889730096513,0.21618889730096513,logger_interpolated,0,NA,NA,NA,NA,NA,NA,NA,NA,NA
RC_20231007_single,RC,2023-10-07,NA,NA,NH4-N,2023-10-07T15:42:00Z,720,0,8,rising,73.1968,2.4,70.8,396,45.3,380.9260284080428,20.8905027,20.89,0.33797866774672497,0.33797866774672497,logger_interpolated,0,NA,NA,NA,NA,NA,NA,NA,NA,NA
RC_20231007_single,RC,2023-10-07,NA,NA,NH4-N,2023-10-07T15:42:30Z,750,0,9,rising,76.2436,2.4,73.84,397.1,46.4,381.294964028777,21.397777599999998,21.4,0.5037563626720091,0.5037563626720091,logger_interpolated,0,NA,NA,NA,NA,NA,NA,NA,NA,NA
RC_20231007_single,RC,2023-10-07,NA,NA,NH4-N,2023-10-07T15:43:10Z,790,0,10,peak,98.2628,2.4,95.86,397.5,46.8,398.9489212612945,21.5822412,21.58,8.639223910066733,8.639223910066733,logger_interpolated,0,NA,NA,NA,NA,NA,NA,NA,NA,NA
RC_20231007_single,RC,2023-10-07,NA,NA,NH4-N,2023-10-07T15:43:50Z,830,0,11,falling,75.4064,2.4,73.01,395,44.3,435.2756776691868,20.429343699999997,20.43,25.385820852378092,25.385820852378092,logger_interpolated,0,NA,NA,NA,NA,NA,NA,NA,NA,NA
RC_20231007_single,RC,2023-10-07,NA,NA,NH4-N,2023-10-07T15:44:20Z,860,0,12,falling,86.987,2.4,84.59,391,40.3,451.6872579752904,18.5847077,18.58,32.94980852776364,32.94980852776364,logger_interpolated,0,NA,NA,NA,NA,NA,NA,NA,NA,NA
RC_20231007_single,RC,2023-10-07,NA,NA,NH4-N,2023-10-07T15:44:50Z,890,0,13,falling,72.0723,2.4,69.67,384.1,33.4,453.7241887905605,15.402710599999999,15.4,33.884797218605925,33.884797218605925,logger_interpolated,0,NA,NA,NA,NA,NA,NA,NA,NA,NA
RC_20231007_single,RC,2023-10-07,NA,NA,NH4-N,2023-10-07T15:45:10Z,910,0,14,falling,61.092,2.4,58.69,377.2,26.5,450.22123893805315,12.2207135,12.22,32.26647350957557,32.26647350957557,logger_interpolated,0,NA,NA,NA,NA,NA,NA,NA,NA,NA
RC_20231007_single,RC,2023-10-07,NA,NA,NH4-N,2023-10-07T15:47:50Z,1070,0,15,falling,51.0267,2.4,48.63,368.4,17.7,407.1889400921659,8.1625143,8.16,12.398486742121701,12.398486742121701,logger_interpolated,0,NA,NA,NA,NA,NA,NA,NA,NA,NA
RC_20231007_single,RC,2023-10-07,NA,NA,NH4-N,2023-10-07T15:49:20Z,1160,0,16,falling,35.9564,2.4,33.56,365.2,14.5,398.8018433179724,6.6868055,6.69,8.517620719840759,8.517620719840759,logger_interpolated,0,NA,NA,NA,NA,NA,NA,NA,NA,NA
RC_20231007_single,RC,2023-10-07,NA,NA,NH4-N,2023-10-07T15:50:20Z,1220,0,17,falling,22.4005,2.4,20,361.5,10.8,395.2266863251014,4.9805172,4.98,6.860184322171597,6.860184322171597,logger_interpolated,0,NA,NA,NA,NA,NA,NA,NA,NA,NA
RC_20231007_single,RC,2023-10-07,NA,NA,NH4-N,2023-10-07T15:51:20Z,1280,0,18,falling,13.0267,2.4,10.63,360.2,9.5,393.84445263545894,4.3810104999999995,4.38,6.214034242096012,6.214034242096012,logger_interpolated,0,NA,NA,NA,NA,NA,NA,NA,NA,NA
RC_20231007_single,RC,2023-10-07,NA,NA,NH4-N,2023-10-07T15:52:40Z,1360,0,19,falling,19.9935,2.4,17.59,358.7,8,388.8888888888889,3.689272,3.69,3.917103988299862,3.917103988299862,logger_interpolated,0,NA,NA,NA,NA,NA,NA,NA,NA,NA
RC_20231007_single,RC,2023-10-07,NA,NA,NH4-N,2023-10-07T15:53:20Z,1400,0,20,falling,16.0514,2.4,13.65,357.5,6.8,387.7833056937535,3.1358812,3.14,3.4014406316185783,3.4014406316185783,logger_interpolated,0,NA,NA,NA,NA,NA,NA,NA,NA,NA
RC_20231007_single,RC,2023-10-07,NA,NA,NH4-N,2023-10-07T15:54:20Z,1460,0,21,falling,15.3121,2.4,12.91,355.1,4.4,386.12493090105033,2.0290996,2.03,2.6279455965966267,2.6279455965966267,logger_interpolated,0,NA,NA,NA,NA,NA,NA,NA,NA,NA
RC_20231007_single,RC,2023-10-07,NA,NA,NH4-N,2023-10-07T15:56:00Z,1560,0,22,falling,3.202,2.4,0.8,353.4,2.7,384.2328237244429,1.2451293,1.24,1.740849053149901,1.740849053149901,logger_interpolated,0,NA,NA,NA,NA,NA,NA,NA,NA,NA
RC_20231007_single,RC,2023-10-07,NA,NA,NH4-N,2023-10-07T15:58:44Z,1724,0,23,falling,2.4373,2.4,0.04,352.6,1.9,382.9097605893186,0.8762021,0.88,1.106870345236187,1.106870345236187,logger_interpolated,4,NA,NA,NA,NA,NA,NA,NA,NA,NA
RC_20231007_single,RC,2023-10-07,NA,NA,NH4-N,2023-10-07T16:02:00Z,1920,0,24,falling,2.2522,2.4,0.01,351.9,1.2,381.9035346097202,0.5533908,0.55,0.6143529703309906,0.6143529703309906,logger_interpolated,0,NA,NA,NA,NA,NA,NA,NA,NA,NA
RC_20231007_single,RC,2023-10-07,NA,NA,SRP,2023-10-07T15:40:10Z,610,0,2,rising,24.7492,4.1,20.6222,367,16.3,380.35055350553506,7.5168917,7.51593,0.08858095616973417,0.08858095616973417,logger_interpolated,0,3.1164929732956993e-11,3.69065664651681e-7,0.0637075094162107,973.5147864871643,0.10215741964950983,0.3999999999999986,0.1311137333492741,FALSE,20.753313733349273
RC_20231007_single,RC,2023-10-07,NA,NA,SRP,2023-10-07T15:40:20Z,620,0,3,rising,5.422,4.1,1.295,369,18.3,380.35055350553506,8.4392097,8.43813,0.08712752717077586,0.08712752717077586,logger_interpolated,0,6.827016465205859e-12,8.084784374324028e-8,0.014686500290107724,973.5147864871643,0.10215741964950983,0.3999999999999986,0.030225665710630366,FALSE,1.3252256657106303
RC_20231007_single,RC,2023-10-07,NA,NA,SRP,2023-10-07T15:40:30Z,630,0,4,rising,8.294,4.1,4.167,379.3,28.6,380.35055350553506,13.1891474,13.18746,0.08567409817181755,0.08567409817181755,logger_interpolated,0,1.044338267389852e-11,1.2367407854856418e-7,0.022292715713177258,973.5147864871643,0.10215741964950983,0.3999999999999986,0.04587969629377717,FALSE,4.212879696293777
RC_20231007_single,RC,2023-10-07,NA,NA,SRP,2023-10-07T15:40:40Z,640,0,5,rising,34.8512,4.1,30.7242,384.5,33.8,380.28039107175795,15.587174199999998,15.58518,0.05186463137463931,0.05186463137463931,logger_interpolated,0,4.3887175860288046e-11,5.197268168852583e-7,0.08744033978802525,973.5147864871643,0.10215741964950983,0.3999999999999986,0.17995726877402984,FALSE,30.90415726877403
RC_20231007_single,RC,2023-10-07,NA,NA,SRP,2023-10-07T15:40:50Z,650,0,6,rising,31.9434,4.1,27.8164,388.6,37.9,380.28039107175795,17.477926099999998,17.47569,0.050411202375680995,0.050411202375680995,logger_interpolated,0,4.0225364872705194e-11,4.763624095998484e-7,0.08073359914324527,973.5147864871643,0.10215741964950983,0.3999999999999986,0.1661544092273236,FALSE,27.982554409227326
RC_20231007_single,RC,2023-10-07,NA,NA,SRP,2023-10-07T15:41:20Z,680,0,7,rising,36.252,4.1,32.125,395,44.3,380.6493266924922,20.429343699999997,20.42673,0.21618889730096513,0.21618889730096513,logger_interpolated,0,4.565159964464373e-11,5.40621721583594e-7,0.09063713136391348,973.5147864871643,0.10215741964950983,0.3999999999999986,0.18653645044499878,FALSE,32.311536450445
RC_20231007_single,RC,2023-10-07,NA,NA,SRP,2023-10-07T15:42:00Z,720,0,8,rising,26.926,4.1,22.799,396,45.3,380.9260284080428,20.8905027,20.88783,0.33797866774672497,0.33797866774672497,logger_interpolated,0,3.390627155601367e-11,4.015295639972962e-7,0.06892512733878997,973.5147864871643,0.10215741964950983,0.3999999999999986,0.1418518923400787,FALSE,22.940851892340078
RC_20231007_single,RC,2023-10-07,NA,NA,SRP,2023-10-07T15:42:30Z,750,0,9,rising,27.9151,4.1,23.7881,397.1,46.4,381.294964028777,21.397777599999998,21.39504,0.5037563626720091,0.5037563626720091,logger_interpolated,0,3.51519398730873e-11,4.162811905632997e-7,0.07127685068521808,973.5147864871643,0.10215741964950983,0.3999999999999986,0.14669187479395843,FALSE,23.93479187479396
RC_20231007_single,RC,2023-10-07,NA,NA,SRP,2023-10-07T15:43:10Z,790,0,10,peak,40.2107,4.1,36.0837,397.5,46.8,398.9489212612945,21.5822412,21.57948,8.639223910066733,8.639223910066733,logger_interpolated,0,5.0637574909748277e-11,5.996673312134048e-7,0.09955086102840656,973.5147864871643,0.10215741964950983,0.3999999999999986,0.2048814208431113,FALSE,36.28858142084311
RC_20231007_single,RC,2023-10-07,NA,NA,SRP,2023-10-07T15:43:50Z,830,0,11,falling,48.3607,4.1,44.2337,395,44.3,435.2756776691868,20.429343699999997,20.42673,25.385820852378092,25.385820852378092,logger_interpolated,0,6.09025856175541e-11,7.212290684608531e-7,0.11736290282662427,973.5147864871643,0.10215741964950983,0.3999999999999986,0.2415396314706859,FALSE,44.475239631470686
RC_20231007_single,RC,2023-10-07,NA,NA,SRP,2023-10-07T15:44:20Z,860,0,12,falling,64.1327,4.1,60.0057,391,40.3,451.6872579752904,18.5847077,18.58233,32.94980852776364,32.94980852776364,logger_interpolated,0,8.077005219217219e-11,9.565063438834415e-7,0.14990929623265092,973.5147864871643,0.10215741964950983,0.3999999999999986,0.30852198858402985,FALSE,60.31422198858403
RC_20231007_single,RC,2023-10-07,NA,NA,SRP,2023-10-07T15:44:50Z,890,0,13,falling,41.7241,4.1,37.5971,384.1,33.4,453.7241887905605,15.402710599999999,15.40074,33.884797218605925,33.884797218605925,logger_interpolated,0,5.254368466678078e-11,6.22240129240101e-7,0.10291252900957507,973.5147864871643,0.10215741964950983,0.3999999999999986,0.21179992767740244,FALSE,37.8088999276774
RC_20231007_single,RC,2023-10-07,NA,NA,SRP,2023-10-07T15:45:10Z,910,0,14,falling,34.2706,4.1,30.1436,377.2,26.5,450.22123893805315,12.2207135,12.21915,32.26647350957557,32.26647350957557,logger_interpolated,0,4.315613342676427e-11,5.110695645208562e-7,0.08610923858746732,973.5147864871643,0.10215741964950983,0.3999999999999986,0.17721778563506974,FALSE,30.320817785635068
RC_20231007_single,RC,2023-10-07,NA,NA,SRP,2023-10-07T15:47:50Z,1070,0,15,falling,31.845,4.1,27.718,368.4,17.7,407.1889400921659,8.1625143,8.16147,12.398486742121701,12.398486742121701,logger_interpolated,0,4.010131647752274e-11,4.748933864443567e-7,0.08050467320735885,973.5147864871643,0.10215741964950983,0.3999999999999986,0.1656832664312923,FALSE,27.88368326643129
RC_20231007_single,RC,2023-10-07,NA,NA,SRP,2023-10-07T15:49:20Z,1160,0,16,falling,91.5625,4.1,87.4355,365.2,14.5,398.8018433179724,6.6868055,6.68595,8.517620719840759,8.517620719840759,logger_interpolated,0,1.1532781463802335e-10,1.3657510838921258e-6,0.2011471140524569,973.5147864871643,0.10215741964950983,0.3999999999999986,0.413972376530216,FALSE,87.84947237653022
RC_20231007_single,RC,2023-10-07,NA,NA,SRP,2023-10-07T15:50:20Z,1220,0,17,falling,15.1423,4.1,11.0153,361.5,10.8,395.2266863251014,4.9805172,4.97988,6.860184322171597,6.860184322171597,logger_interpolated,0,1.9066916350754228e-11,2.257968882377273e-7,0.039965057002139384,973.5147864871643,0.10215741964950983,0.3999999999999986,0.08225039520590184,FALSE,11.097550395205902
RC_20231007_single,RC,2023-10-07,NA,NA,SRP,2023-10-07T15:51:20Z,1280,0,18,falling,13.7715,4.1,9.6445,360.2,9.5,393.84445263545894,4.3810104999999995,4.38045,6.214034242096012,6.214034242096012,logger_interpolated,0,1.7340730056124712e-11,2.0535480485749887e-7,0.03647888447379836,973.5147864871643,0.10215741964950983,0.3999999999999986,0.07507565082366169,FALSE,9.719575650823662
RC_20231007_single,RC,2023-10-07,NA,NA,SRP,2023-10-07T15:52:40Z,1360,0,19,falling,11.2982,4.1,7.1712,358.7,8,388.8888888888889,3.689272,3.6888,3.917103988299862,3.917103988299862,logger_interpolated,0,1.4226292587342604e-11,1.6847258037371865e-7,0.03012455467786677,973.5147864871643,0.10215741964950983,0.3999999999999986,0.06199807315484883,FALSE,7.233198073154848
RC_20231007_single,RC,2023-10-07,NA,NA,SRP,2023-10-07T15:53:20Z,1400,0,20,falling,7.3617,4.1,3.2347,357.5,6.8,387.7833056937535,3.1358812,3.13548,3.4014406316185783,3.4014406316185783,logger_interpolated,0,9.269431625245773e-12,1.0977175219159595e-7,0.019836478486303436,973.5147864871643,0.10215741964950983,0.3999999999999986,0.04082461823848988,FALSE,3.27552461823849
RC_20231007_single,RC,2023-10-07,NA,NA,SRP,2023-10-07T15:54:20Z,1460,0,21,falling,7.0578,4.1,2.9308,355.1,4.4,386.12493090105033,2.0290996,2.02884,2.6279455965966267,2.6279455965966267,logger_interpolated,0,8.886787810033528e-12,1.0524035439297273e-7,0.019033210473614726,973.5147864871643,0.10215741964950983,0.3999999999999986,0.039171446281388224,FALSE,2.9699714462813884
RC_20231007_single,RC,2023-10-07,NA,NA,SRP,2023-10-07T15:56:00Z,1560,0,22,falling,3.5631,4.1,-0.5639,353.4,2.7,384.2328237244429,1.2451293,1.24497,1.740849053149901,1.740849053149901,logger_interpolated,0,4.486389888191697e-12,5.312935020742462e-8,0.009700110432324641,973.5147864871643,0.10215741964950983,0.3999999999999986,0.01996338743009634,FALSE,-0.5439366125699037
RC_20231007_single,RC,2023-10-07,NA,NA,SRP,2023-10-07T15:58:44Z,1724,0,23,falling,3.3256,4.1,-0.8014,352.6,1.9,382.9097605893186,0.8762021,0.87609,1.106870345236187,1.106870345236187,logger_interpolated,4,4.1873349928922835e-12,4.9587840739995944e-8,0.009059375776924629,973.5147864871643,0.10215741964950983,0.3999999999999986,0.018644718508244253,FALSE,-0.7827552814917558
RC_20231007_single,RC,2023-10-07,NA,NA,SRP,2023-10-07T16:02:00Z,1920,0,24,falling,20.02,4.1,15.893,351.9,1.2,381.9035346097202,0.5533908,0.55332,0.6143529703309906,0.6143529703309906,logger_interpolated,0,1.6812723861107318e-11,1.991019764707815e-7,0.03540747104982705,973.5147864871643,0.10215741964950983,0.3999999999999986,0.0728706201253236,FALSE,15.965870620125324
RS_20231011_single,RS,2023-10-11,NA,NA,NH4-N,2023-10-11T15:02:25Z,1305,0,3,rising,2.9415,0.91,2.0315,369.7,1.3,410.1614434947769,0.5995067,0.6,0.012176313932572161,0.012176313932572161,logger_interpolated,5,NA,NA,NA,NA,NA,NA,NA,NA,NA
RS_20231011_single,RS,2023-10-11,NA,NA,NH4-N,2023-10-11T15:03:25Z,1365,0,4,rising,0.7795,0.91,-0.1305,370.5,2.1,410.1224991875708,0.9684339,0.97,0.002733749746112774,0.002733749746112774,logger_interpolated,5,NA,NA,NA,NA,NA,NA,NA,NA,NA
RS_20231011_single,RS,2023-10-11,NA,NA,NH4-N,2023-10-11T15:04:15Z,1415,0,5,rising,27.3086,0.91,26.3986,373.2,4.8,410.1614434947769,2.2135632,2.21,8.229356488935398e-4,8.229356488935398e-4,logger_interpolated,5,NA,NA,NA,NA,NA,NA,NA,NA,NA
RS_20231011_single,RS,2023-10-11,NA,NA,NH4-N,2023-10-11T15:04:55Z,1455,0,6,rising,31.0546,0.91,30.1446,376.5,8.1,410.1614434947769,3.7353878999999997,3.73,0,0,logger_interpolated,5,NA,NA,NA,NA,NA,NA,NA,NA,NA
RS_20231011_single,RS,2023-10-11,NA,NA,NH4-N,2023-10-11T15:05:40Z,1500,0,7,rising,59.8559,0.91,58.9459,380.4,12,411.301044634378,5.533908,5.53,0.5175871925488087,0.5175871925488087,logger_interpolated,0,NA,NA,NA,NA,NA,NA,NA,NA,NA
RS_20231011_single,RS,2023-10-11,NA,NA,NH4-N,2023-10-11T15:06:20Z,1540,0,8,rising,51.9958,0.91,51.0858,379.2,10.8,410.08355488036466,4.9805172,4.98,0,0,logger_interpolated,0,NA,NA,NA,NA,NA,NA,NA,NA,NA
RS_20231011_single,RS,2023-10-11,NA,NA,NH4-N,2023-10-11T15:06:40Z,1560,0,9,rising,63.3029,0.91,62.3929,385.2,16.8,411.22293961260925,7.7474712,7.75,0.4753756070238447,0.4753756070238447,logger_interpolated,0,NA,NA,NA,NA,NA,NA,NA,NA,NA
RS_20231011_single,RS,2023-10-11,NA,NA,NH4-N,2023-10-11T15:07:10Z,1590,0,10,rising,80.6271,0.91,79.7171,384,15.6,415.85944919278256,7.1940804,7.19,2.6104473526114598,2.6104473526114598,logger_interpolated,0,NA,NA,NA,NA,NA,NA,NA,NA,NA
RS_20231011_single,RS,2023-10-11,NA,NA,NH4-N,2023-10-11T15:07:30Z,1610,0,11,rising,100.2915,0.91,99.3815,387,18.6,413.88150398784666,8.5775574,8.58,1.6962358692513944,1.6962358692513944,logger_interpolated,0,NA,NA,NA,NA,NA,NA,NA,NA,NA
RS_20231011_single,RS,2023-10-11,NA,NA,NH4-N,2023-10-11T15:08:30Z,1670,0,12,rising,114.0186,0.91,113.1086,387.3,18.9,420.62286365362706,8.715905099999999,8.71,4.798881799571912,4.798881799571912,logger_interpolated,0,NA,NA,NA,NA,NA,NA,NA,NA,NA
RS_20231011_single,RS,2023-10-11,NA,NA,NH4-N,2023-10-11T15:09:30Z,1730,0,13,peak,113.0196,0.91,112.1096,387.8,19.4,425.18040258260544,8.9464846,8.95,6.89443914272954,6.89443914272954,logger_interpolated,0,NA,NA,NA,NA,NA,NA,NA,NA,NA
RS_20231011_single,RS,2023-10-11,NA,NA,NH4-N,2023-10-11T15:12:30Z,1910,0,14,falling,124.6551,0.91,123.7451,386.4,18,431.5419673376377,8.300862,8.3,9.809553728222182,9.809553728222182,logger_interpolated,0,NA,NA,NA,NA,NA,NA,NA,NA,NA
RS_20231011_single,RS,2023-10-11,NA,NA,NH4-N,2023-10-11T15:13:40Z,1980,0,15,falling,94.5887,0.91,93.6787,384.6,16.2,431.9217622483859,7.470775799999999,7.47,9.977474692378308,9.977474692378308,logger_interpolated,0,NA,NA,NA,NA,NA,NA,NA,NA,NA
RS_20231011_single,RS,2023-10-11,NA,NA,NH4-N,2023-10-11T15:15:40Z,2100,0,16,falling,60.5125,0.91,59.6025,384.8,16.4,430.6188306757782,7.563007599999999,7.56,9.364230567703926,9.364230567703926,logger_interpolated,0,NA,NA,NA,NA,NA,NA,NA,NA,NA
RS_20231011_single,RS,2023-10-11,NA,NA,NH4-N,2023-10-11T15:17:40Z,2220,0,17,falling,60.4187,0.91,59.5087,380,11.6,428.3409263477601,5.349444399999999,5.35,8.30136898211723,8.30136898211723,logger_interpolated,0,NA,NA,NA,NA,NA,NA,NA,NA,NA
RS_20231011_single,RS,2023-10-11,NA,NA,NH4-N,2023-10-11T15:19:40Z,2340,0,18,falling,35.5393,0.91,34.6293,379.4,11,425.3037205770691,5.072749,5.07,6.888348702528946,6.888348702528946,logger_interpolated,0,NA,NA,NA,NA,NA,NA,NA,NA,NA
RS_20231011_single,RS,2023-10-11,NA,NA,NH4-N,2023-10-11T15:22:40Z,2520,0,19,falling,NA,0.91,NA,374.8,6.4,421.1425317897134,2.9514176,2.95,4.950800787167484,4.950800787167484,logger_interpolated,0,NA,NA,NA,NA,NA,NA,NA,NA,NA
RS_20231011_single,RS,2023-10-11,NA,NA,NH4-N,2023-10-11T15:25:40Z,2700,0,20,falling,28.7976,0.91,27.8876,373,4.6,419.62421711899793,2.1213314,2.12,4.2320380565617,4.2320380565617,logger_interpolated,0,NA,NA,NA,NA,NA,NA,NA,NA,NA
RS_20231011_single,RS,2023-10-11,NA,NA,NH4-N,2023-10-11T15:28:40Z,2880,0,21,falling,21.2705,0.91,20.3605,371.8,3.4,415.82843044220914,1.5679406,1.57,2.4629986131071817,2.4629986131071817,logger_interpolated,0,NA,NA,NA,NA,NA,NA,NA,NA,NA
RS_20231011_single,RS,2023-10-11,NA,NA,NH4-N,2023-10-11T15:32:40Z,3120,0,22,falling,12.0708,0.91,11.1608,370.3,1.9,414.0254317707345,0.8762021,0.88,1.6067585416042167,1.6067585416042167,logger_interpolated,0,NA,NA,NA,NA,NA,NA,NA,NA,NA
RS_20231011_single,RS,2023-10-11,NA,NA,NH4-N,2023-10-11T15:40:40Z,3600,0,23,falling,-0.2276,0.91,-1.1376,369.4,1,411.59172832479607,0.461159,0.46,0.43489227984990486,0.43489227984990486,logger_interpolated,0,NA,NA,NA,NA,NA,NA,NA,NA,NA
RS_20231011_single,RS,2023-10-11,NA,NA,SRP,2023-10-11T15:02:25Z,1305,0,3,rising,8.3625,7.7,5.9275,369.7,1.3,410.1614434947769,0.5995067,0.59943,0.012176313932572161,0.012176313932572161,logger_interpolated,5,1.5304848612975229e-12,8.781892126111759e-8,0.011358065217452862,1016.7739561408396,0.11310086324515578,0.3999999999999986,0.02337555412118882,FALSE,5.950875554121189
RS_20231011_single,RS,2023-10-11,NA,NA,SRP,2023-10-11T15:03:25Z,1365,0,4,rising,68.8469,7.7,66.4119,370.5,2.1,410.1224991875708,0.9684339,0.96831,0.002733749746112774,0.002733749746112774,logger_interpolated,5,1.2602111692016884e-11,7.231066980086235e-7,0.08642217027318862,1016.7739561408396,0.11310086324515578,0.3999999999999986,0.1778618171154114,FALSE,66.58976181711542
RS_20231011_single,RS,2023-10-11,NA,NA,SRP,2023-10-11T15:04:15Z,1415,0,5,rising,364.8721,7.7,362.4371,373.2,4.8,410.1614434947769,2.2135632,2.21328,8.229356488935398e-4,8.229356488935398e-4,logger_interpolated,5,6.683796784185139e-11,3.83514948993383e-6,0.33409593686307526,1016.7739561408396,0.11310086324515578,0.3999999999999986,0.68758873138109,FALSE,363.12468873138107
RS_20231011_single,RS,2023-10-11,NA,NA,SRP,2023-10-11T15:04:55Z,1455,0,6,rising,12.8731,7.7,10.4381,376.5,8.1,410.1614434947769,3.7353878999999997,3.73491,0,0,logger_interpolated,5,2.3560270367335848e-12,1.351883694246808e-7,0.01737812788522563,1016.7739561408396,0.11310086324515578,0.3999999999999986,0.03576519073704801,FALSE,10.47386519073705
RS_20231011_single,RS,2023-10-11,NA,NA,SRP,2023-10-11T15:05:40Z,1500,0,7,rising,15.3218,7.7,12.8868,380.4,12,411.301044634378,5.533908,5.5332,0.5175871925488087,0.5175871925488087,logger_interpolated,0,2.8042027614003564e-12,1.60904604632841e-7,0.020615735184465248,1016.7739561408396,0.11310086324515578,0.3999999999999986,0.04242837352369375,FALSE,12.929228373523692
RS_20231011_single,RS,2023-10-11,NA,NA,SRP,2023-10-11T15:06:20Z,1540,0,8,rising,21.1848,7.7,18.7498,379.2,10.8,410.08355488036466,4.9805172,4.97988,0,0,logger_interpolated,0,3.877314170609326e-12,2.2247952688972234e-7,0.028281836371299995,1016.7739561408396,0.11310086324515578,0.3999999999999986,0.058205652466942544,FALSE,18.808005652466942
RS_20231011_single,RS,2023-10-11,NA,NA,SRP,2023-10-11T15:06:40Z,1560,0,9,rising,20.028,7.7,17.593,385.2,16.8,411.22293961260925,7.7474712,7.74648,0.4753756070238447,0.4753756070238447,logger_interpolated,0,3.665580626240215e-12,2.103302976281376e-7,0.026778771052739746,1016.7739561408396,0.11310086324515578,0.3999999999999986,0.05511225724257823,FALSE,17.648112257242577
RS_20231011_single,RS,2023-10-11,NA,NA,SRP,2023-10-11T15:07:10Z,1590,0,10,rising,25.4812,7.7,23.0462,384,15.6,415.85944919278256,7.1940804,7.19316,2.6104473526114598,2.6104473526114598,logger_interpolated,0,4.663700737662706e-12,2.676022339214752e-7,0.03382386804893547,1016.7739561408396,0.11310086324515578,0.3999999999999986,0.06961147369984466,FALSE,23.115811473699843
RS_20231011_single,RS,2023-10-11,NA,NA,SRP,2023-10-11T15:07:30Z,1610,0,11,rising,20.5934,7.7,18.1584,387,18.6,413.88150398784666,8.5775574,8.57646,1.6962358692513944,1.6962358692513944,logger_interpolated,0,3.769066176492445e-12,2.162682782113366e-7,0.027513980274367807,1016.7739561408396,0.11310086324515578,0.3999999999999986,0.05662536027742927,FALSE,18.21502536027743
RS_20231011_single,RS,2023-10-11,NA,NA,SRP,2023-10-11T15:08:30Z,1670,0,12,rising,28.2774,7.7,25.8424,387.3,18.9,420.62286365362706,8.715905099999999,8.71479,4.798881799571912,4.798881799571912,logger_interpolated,0,5.175516001069239e-12,2.969700933848037e-7,0.0373970326773973,1016.7739561408396,0.11310086324515578,0.3999999999999986,0.07696525284773885,FALSE,25.91936525284774
RS_20231011_single,RS,2023-10-11,NA,NA,SRP,2023-10-11T15:09:30Z,1730,0,13,peak,31.1982,7.7,28.7632,387.8,19.4,425.18040258260544,8.9464846,8.94534,6.89443914272954,6.89443914272954,logger_interpolated,0,5.710163957216463e-12,3.27648088280816e-7,0.04110148530206512,1016.7739561408396,0.11310086324515578,0.3999999999999986,0.08458923027342245,FALSE,28.847789230273424
RS_20231011_single,RS,2023-10-11,NA,NA,SRP,2023-10-11T15:12:30Z,1910,0,14,falling,26.1617,7.7,23.7267,386.4,18,431.5419673376377,8.300862,8.2998,9.809553728222182,9.809553728222182,logger_interpolated,0,4.788262175313699e-12,2.7474954479129297e-7,0.034695915972737267,1016.7739561408396,0.11310086324515578,0.3999999999999986,0.07140619868590797,FALSE,23.798106198685907
RS_20231011_single,RS,2023-10-11,NA,NA,SRP,2023-10-11T15:13:40Z,1980,0,15,falling,27.4087,7.7,24.9737,384.6,16.2,431.9217622483859,7.470775799999999,7.46982,9.977474692378308,9.977474692378308,logger_interpolated,0,5.016511593067511e-12,2.878464516294471e-7,0.03628979945490955,1016.7739561408396,0.11310086324515578,0.3999999999999986,0.07468650293553815,FALSE,25.04838650293554
RS_20231011_single,RS,2023-10-11,NA,NA,SRP,2023-10-11T15:15:40Z,2100,0,16,falling,122.1929,7.7,119.7579,384.8,16.4,430.6188306757782,7.563007599999999,7.56204,9.364230567703926,9.364230567703926,logger_interpolated,0,2.2369891031457043e-11,1.283579961350175e-6,0.14377632901556037,1016.7739561408396,0.11310086324515578,0.3999999999999986,0.29589998788568145,FALSE,120.05379998788568
RS_20231011_single,RS,2023-10-11,NA,NA,SRP,2023-10-11T15:17:40Z,2220,0,17,falling,27.5087,7.7,25.0737,380,11.6,428.3409263477601,5.349444399999999,5.34876,8.30136898211723,8.30136898211723,logger_interpolated,0,5.03481242847831e-12,2.888965499770976e-7,0.03641736771341186,1016.7739561408396,0.11310086324515578,0.3999999999999986,0.07494904577832656,FALSE,25.148649045778324
RS_20231011_single,RS,2023-10-11,NA,NA,SRP,2023-10-11T15:19:40Z,2340,0,18,falling,20.6362,7.7,18.2012,379.4,11,425.3037205770691,5.072749,5.0721,6.888348702528946,6.888348702528946,logger_interpolated,0,3.776901020948705e-12,2.1671784005006883e-7,0.027569597403323612,1016.7739561408396,0.11310086324515578,0.3999999999999986,0.05673982354058907,FALSE,18.25793982354059
RS_20231011_single,RS,2023-10-11,NA,NA,SRP,2023-10-11T15:22:40Z,2520,0,19,falling,20.6362,7.7,18.2012,374.8,6.4,421.1425317897134,2.9514176,2.95104,4.950800787167484,4.950800787167484,logger_interpolated,0,3.776901020948705e-12,2.1671784005006883e-7,0.027569597403323612,1016.7739561408396,0.11310086324515578,0.3999999999999986,0.05673982354058907,FALSE,18.25793982354059
RS_20231011_single,RS,2023-10-11,NA,NA,SRP,2023-10-11T15:25:40Z,2700,0,20,falling,13.5083,7.7,11.0733,373,4.6,419.62421711899793,2.1213314,2.12106,4.2320380565617,4.2320380565617,logger_interpolated,0,2.472286767665555e-12,1.418593299906656e-7,0.018220038908817522,1016.7739561408396,0.11310086324515578,0.3999999999999986,0.03749789224213861,FALSE,11.110797892242138
RS_20231011_single,RS,2023-10-11,NA,NA,SRP,2023-10-11T15:28:40Z,2880,0,21,falling,5.4102,7.7,2.9752,371.8,3.4,415.82843044220914,1.5679406,1.56774,2.4629986131071817,2.4629986131071817,logger_interpolated,0,9.90150606194057e-13,5.6814647645900546e-8,0.007377709881747418,1016.7739561408396,0.11310086324515578,0.3999999999999986,0.015183752983405694,FALSE,2.990383752983406
RS_20231011_single,RS,2023-10-11,NA,NA,SRP,2023-10-11T15:32:40Z,3120,0,22,falling,10.4457,7.7,8.0107,370.3,1.9,414.0254317707345,0.8762021,0.87609,1.6067585416042167,1.6067585416042167,logger_interpolated,0,1.911757084321257e-12,1.0969624666268101e-7,0.01414753981629807,1016.7739561408396,0.11310086324515578,0.3999999999999986,0.029116453931729833,FALSE,8.03981645393173
RS_20231011_single,RS,2023-10-11,NA,NA,SRP,2023-10-11T15:40:40Z,3600,0,23,falling,9.3005,7.7,6.8655,369.4,1,411.59172832479607,0.461159,0.4611,0.43489227984990486,0.43489227984990486,logger_interpolated,0,1.7021552188917316e-12,9.766933272069405e-8,0.012615995925112256,1016.7739561408396,0.11310086324515578,0.3999999999999986,0.025964448160326215,FALSE,6.891464448160326
SR_20231011_single,SR,2023-10-11,NA,NA,NH4-N,2023-10-11T18:16:00Z,590,0,4,rising,1.06,3.04,0.752891,454.6,3.6,NA,1.6601724,1.69,NA,1.6601724,handheld_grab,NA,NA,NA,NA,NA,NA,NA,NA,NA,NA
SR_20231011_single,SR,2023-10-11,NA,NA,NH4-N,2023-10-11T18:16:30Z,620,0,5,rising,4.38,3.04,1.3464455,460,9,NA,4.150431,4.24,NA,4.150431,handheld_grab,NA,NA,NA,NA,NA,NA,NA,NA,NA,NA
SR_20231011_single,SR,2023-10-11,NA,NA,NH4-N,2023-10-11T18:16:50Z,640,0,6,rising,4.8707095,3.04,1.8371551,470,19,NA,8.762020999999999,8.94,NA,8.762020999999999,handheld_grab,NA,NA,NA,NA,NA,NA,NA,NA,NA,NA
SR_20231011_single,SR,2023-10-11,NA,NA,NH4-N,2023-10-11T18:17:10Z,660,0,7,rising,10.1437027,3.04,7.1101482,483.3,32.3,NA,14.895435699999998,15.2,NA,14.895435699999998,handheld_grab,NA,NA,NA,NA,NA,NA,NA,NA,NA,NA
SR_20231011_single,SR,2023-10-11,NA,NA,NH4-N,2023-10-11T18:17:30Z,680,0,8,rising,16.6035641,3.04,13.5700096,500,49,NA,22.596791,23.06,NA,22.596791,handheld_grab,NA,NA,NA,NA,NA,NA,NA,NA,NA,NA
SR_20231011_single,SR,2023-10-11,NA,NA,NH4-N,2023-10-11T18:17:50Z,700,0,9,rising,17.7008686,3.04,14.6673141,526,75,NA,34.586925,35.3,NA,34.586925,handheld_grab,NA,NA,NA,NA,NA,NA,NA,NA,NA,NA
SR_20231011_single,SR,2023-10-11,NA,NA,NH4-N,2023-10-11T18:18:10Z,720,0,10,rising,35.0620057,3.04,32.0284512,547,96,NA,44.271264,45.18,NA,44.271264,handheld_grab,NA,NA,NA,NA,NA,NA,NA,NA,NA,NA
SR_20231011_single,SR,2023-10-11,NA,NA,NH4-N,2023-10-11T18:18:30Z,740,0,11,rising,39.9257338,3.04,36.8921794,565,114,NA,52.572126,53.65,NA,52.572126,handheld_grab,NA,NA,NA,NA,NA,NA,NA,NA,NA,NA
SR_20231011_single,SR,2023-10-11,NA,NA,NH4-N,2023-10-11T18:19:10Z,780,0,13,rising,38.5330468,3.04,35.4994923,620,169,NA,77.93587099999999,79.53,NA,77.93587099999999,handheld_grab,NA,NA,NA,NA,NA,NA,NA,NA,NA,NA
SR_20231011_single,SR,2023-10-11,NA,NA,NH4-N,2023-10-11T18:19:30Z,800,0,14,rising,70.738045,3.04,67.7044905,644,193,NA,89.003687,90.83,NA,89.003687,handheld_grab,NA,NA,NA,NA,NA,NA,NA,NA,NA,NA
SR_20231011_single,SR,2023-10-11,NA,NA,NH4-N,2023-10-11T18:19:50Z,820,0,15,rising,72.8163991,3.04,69.7828446,673,222,NA,102.377298,104.47,NA,102.377298,handheld_grab,NA,NA,NA,NA,NA,NA,NA,NA,NA,NA
SR_20231011_single,SR,2023-10-11,NA,NA,NH4-N,2023-10-11T18:20:10Z,840,0,16,rising,86.4253478,3.04,83.3917933,695,244,NA,112.522796,114.83,NA,112.522796,handheld_grab,NA,NA,NA,NA,NA,NA,NA,NA,NA,NA
SR_20231011_single,SR,2023-10-11,NA,NA,NH4-N,2023-10-11T18:20:30Z,860,0,17,rising,94.069705,3.04,91.0361505,707,256,NA,118.056704,120.47,NA,118.056704,handheld_grab,NA,NA,NA,NA,NA,NA,NA,NA,NA,NA
SR_20231011_single,SR,2023-10-11,NA,NA,NH4-N,2023-10-11T18:20:50Z,880,0,18,rising,135.6178064,3.04,132.5842519,735,284,NA,130.969156,133.65,NA,130.969156,handheld_grab,NA,NA,NA,NA,NA,NA,NA,NA,NA,NA
SR_20231011_single,SR,2023-10-11,NA,NA,NH4-N,2023-10-11T18:21:10Z,900,0,19,rising,97.4055108,3.04,94.3719563,743,292,NA,134.658428,137.42,NA,134.658428,handheld_grab,NA,NA,NA,NA,NA,NA,NA,NA,NA,NA
SR_20231011_single,SR,2023-10-11,NA,NA,NH4-N,2023-10-11T18:21:30Z,920,0,20,rising,115.3419913,3.04,112.3084368,760,309,NA,142.498131,145.42,NA,142.498131,handheld_grab,NA,NA,NA,NA,NA,NA,NA,NA,NA,NA
SR_20231011_single,SR,2023-10-11,NA,NA,NH4-N,2023-10-11T18:21:50Z,940,0,21,rising,135.4042769,3.04,132.3707224,768,317,NA,146.187403,149.18,NA,146.187403,handheld_grab,NA,NA,NA,NA,NA,NA,NA,NA,NA,NA
SR_20231011_single,SR,2023-10-11,NA,NA,NH4-N,2023-10-11T18:22:10Z,960,0,22,rising,127.0956056,3.04,124.0620511,773,322,NA,148.493198,151.53,NA,148.493198,handheld_grab,NA,NA,NA,NA,NA,NA,NA,NA,NA,NA
SR_20231011_single,SR,2023-10-11,NA,NA,NH4-N,2023-10-11T18:22:40Z,990,0,23,rising,104.0866125,3.04,101.053058,778,327,NA,150.798993,153.89,NA,150.798993,handheld_grab,NA,NA,NA,NA,NA,NA,NA,NA,NA,NA
SR_20231011_single,SR,2023-10-11,NA,NA,NH4-N,2023-10-11T18:23:10Z,1020,0,24,peak,108.2765364,3.04,105.2429819,779,328,NA,151.260152,154.36,NA,151.260152,handheld_grab,NA,NA,NA,NA,NA,NA,NA,NA,NA,NA
SR_20231011_single,SR,2023-10-11,NA,NA,NH4-N,2023-10-11T18:24:10Z,1080,0,25,falling,89.4195063,3.04,86.3859518,767,316,NA,145.726244,148.71,NA,145.726244,handheld_grab,NA,NA,NA,NA,NA,NA,NA,NA,NA,NA
SR_20231011_single,SR,2023-10-11,NA,NA,NH4-N,2023-10-11T18:25:10Z,1140,0,26,falling,98.3640211,3.04,95.3304666,746,295,NA,136.04190499999999,138.83,NA,136.04190499999999,handheld_grab,NA,NA,NA,NA,NA,NA,NA,NA,NA,NA
SR_20231011_single,SR,2023-10-11,NA,NA,NH4-N,2023-10-11T18:25:30Z,1160,0,27,falling,72.5316931,3.04,69.4981386,736,285,NA,131.430315,134.12,NA,131.430315,handheld_grab,NA,NA,NA,NA,NA,NA,NA,NA,NA,NA
SR_20231011_single,SR,2023-10-11,NA,NA,NH4-N,2023-10-11T18:26:00Z,1190,0,28,falling,80.9589919,3.04,77.9254374,722,271,NA,124.97408899999999,127.53,NA,124.97408899999999,handheld_grab,NA,NA,NA,NA,NA,NA,NA,NA,NA,NA
SR_20231011_single,SR,2023-10-11,NA,NA,NH4-N,2023-10-11T18:26:30Z,1220,0,29,falling,13.5192486,3.04,10.4856942,704,253,NA,116.673227,119.06,NA,116.673227,handheld_grab,NA,NA,NA,NA,NA,NA,NA,NA,NA,NA
SR_20231011_single,SR,2023-10-11,NA,NA,NH4-N,2023-10-11T18:27:00Z,1250,0,30,falling,5.8938719,3.04,2.8603174,693,242,NA,111.600478,113.89,NA,111.600478,handheld_grab,NA,NA,NA,NA,NA,NA,NA,NA,NA,NA
SR_20231011_single,SR,2023-10-11,NA,NA,NH4-N,2023-10-11T18:49:30Z,2600,0,31,falling,1.5580361,3.04,1.2509272,455.4,4.4,NA,2.0290996,2.07,NA,2.0290996,handheld_grab,NA,NA,NA,NA,NA,NA,NA,NA,NA,NA
SR_20231011_single,SR,2023-10-11,NA,NA,SRP,2023-10-11T18:16:00Z,590,0,4,rising,6.1538,6.5,0.7852,454.6,3.6,NA,1.6601724,1.69416,NA,1.6601724,handheld_grab,NA,2.862187554163401e-12,9.863903215739877e-8,0.0145776728543777,1041.8675714436388,0.11974270685578302,10.399999999999999,0.7800440066470826,FALSE,1.5652440066470827
SR_20231011_single,SR,2023-10-11,NA,NA,SRP,2023-10-11T18:16:30Z,620,0,5,rising,7.435,6.5,0.931667,460,9,NA,4.150431,4.2354,NA,4.150431,handheld_grab,NA,3.458092260591885e-12,1.1917558414353325e-7,0.01755943647561114,1041.8675714436388,0.11974270685578302,10.399999999999999,0.9395966914422399,FALSE,1.8712636914422398
SR_20231011_single,SR,2023-10-11,NA,NA,SRP,2023-10-11T18:16:50Z,640,0,6,rising,7.9183,6.5,1.414967,470,19,NA,8.762020999999999,8.9414,NA,8.762020999999999,handheld_grab,NA,3.682875441565619e-12,1.2692224469492122e-7,0.0186795155292655,1041.8675714436388,0.11974270685578302,10.399999999999999,0.9995315631808137,FALSE,2.414498563180814
SR_20231011_single,SR,2023-10-11,NA,NA,SRP,2023-10-11T18:17:10Z,660,0,7,rising,3.8439,6.5,-2.659433,483.3,32.3,NA,14.895435699999998,15.20038,NA,14.895435699999998,handheld_grab,NA,1.78782593503713e-12,6.161350944365516e-8,0.009155842196939188,1041.8675714436388,0.11974270685578302,10.399999999999999,0.4899245512553898,FALSE,-2.16950844874461
SR_20231011_single,SR,2023-10-11,NA,NA,SRP,2023-10-11T18:17:30Z,680,0,8,rising,9.1216,6.5,2.618267,500,49,NA,22.596791,23.0594,NA,22.596791,handheld_grab,NA,4.242551725294313e-12,1.4621026335328806e-7,0.021457279062525897,1041.8675714436388,0.11974270685578302,10.399999999999999,1.1481683049740632,FALSE,3.7664353049740633
SR_20231011_single,SR,2023-10-11,NA,NA,SRP,2023-10-11T18:17:50Z,700,0,9,rising,8.9116,6.5,2.408267,526,75,NA,34.586925,35.295,NA,34.586925,handheld_grab,NA,4.144875795950075e-12,1.4284407614393617e-7,0.020973631008465124,1041.8675714436388,0.11974270685578302,10.399999999999999,1.1222885387270565,FALSE,3.5305555387270564
SR_20231011_single,SR,2023-10-11,NA,NA,SRP,2023-10-11T18:18:10Z,720,0,10,rising,68.5455,6.5,62.042167,547,96,NA,44.271264,45.1776,NA,44.271264,handheld_grab,NA,3.188480499871217e-11,1.0988400466717983e-6,0.1414819140883856,1041.8675714436388,0.11974270685578302,10.399999999999999,7.5706266861696445,FALSE,69.61279368616964
SR_20231011_single,SR,2023-10-11,NA,NA,SRP,2023-10-11T18:18:30Z,740,0,11,rising,9.5975,6.5,3.094167,565,114,NA,52.572126,53.6484,NA,52.572126,handheld_grab,NA,4.463907560016764e-12,1.5383880791447693e-7,0.022551568812925884,1041.8675714436388,0.11974270685578302,10.399999999999999,1.2067232039529154,FALSE,4.300890203952916
SR_20231011_single,SR,2023-10-11,NA,NA,SRP,2023-10-11T18:18:50Z,760,0,12,rising,7.2888,6.5,0.785467,596,145,NA,66.868055,68.237,NA,66.868055,handheld_grab,NA,3.3900940949720284e-12,1.168321761319013e-7,0.01722010241050084,1041.8675714436388,0.11974270685578302,10.399999999999999,0.9214390947953243,FALSE,1.7069060947953243
SR_20231011_single,SR,2023-10-11,NA,NA,SRP,2023-10-11T18:19:30Z,800,0,14,rising,9.1075,6.5,2.604167,644,193,NA,89.003687,90.8258,NA,89.003687,handheld_grab,NA,4.235996774857101e-12,1.459843613273965e-7,0.021424836802212546,1041.8675714436388,0.11974270685578302,10.399999999999999,1.146432335798989,FALSE,3.750599335798989
SR_20231011_single,SR,2023-10-11,NA,NA,SRP,2023-10-11T18:19:50Z,820,0,15,rising,12.8183,6.5,6.314967,673,222,NA,102.377298,104.4732,NA,102.377298,handheld_grab,NA,5.961977454904151e-12,2.0546650936293029e-7,0.029893546107630325,1041.8675714436388,0.11974270685578302,10.399999999999999,1.5995887486035016,FALSE,7.914555748603502
SR_20231011_single,SR,2023-10-11,NA,NA,SRP,2023-10-11T18:20:10Z,840,0,16,rising,12.8786,6.5,6.375267,695,244,NA,112.522796,114.8264,NA,112.522796,handheld_grab,NA,5.990027267803562e-12,2.0643318479709888e-7,0.030029965274589662,1041.8675714436388,0.11974270685578302,10.399999999999999,1.6068884702148603,FALSE,7.9821554702148605
SR_20231011_single,SR,2023-10-11,NA,NA,SRP,2023-10-11T18:20:30Z,860,0,17,rising,70.4884,6.5,63.985067,707,256,NA,118.056704,120.4736,NA,118.056704,handheld_grab,NA,3.278872560637212e-11,1.1299916928163758e-6,0.14491163236274315,1041.8675714436388,0.11974270685578302,10.399999999999999,7.754149201122857,FALSE,71.73921620112286
SR_20231011_single,SR,2023-10-11,NA,NA,SRP,2023-10-11T18:20:50Z,880,0,18,rising,11.0334,6.5,4.530067,735,284,NA,130.969156,133.6504,NA,130.969156,handheld_grab,NA,5.131780742432721e-12,1.7685559597281466e-7,0.025838469237111736,1041.8675714436388,0.11974270685578302,10.399999999999999,1.3826036069461802,FALSE,5.91267060694618
SR_20231011_single,SR,2023-10-11,NA,NA,SRP,2023-10-11T18:21:10Z,900,0,19,rising,23.4987,6.5,16.995367,743,292,NA,134.658428,137.4152,NA,134.658428,handheld_grab,NA,1.0929802097594932e-11,3.7667171706146154e-7,0.0534704906701483,1041.8675714436388,0.11974270685578302,10.399999999999999,2.861179297709548,FALSE,19.85654629770955
SR_20231011_single,SR,2023-10-11,NA,NA,SRP,2023-10-11T18:21:30Z,920,0,20,rising,16.8182,6.5,10.314867,760,309,NA,142.498131,145.4154,NA,142.498131,handheld_grab,NA,7.822441318410304e-12,2.695833260939366e-7,0.03885947386277466,1041.8675714436388,0.11974270685578302,10.399999999999999,2.079351072761491,FALSE,12.39421807276149
SR_20231011_single,SR,2023-10-11,NA,NA,SRP,2023-10-11T18:21:50Z,940,0,21,rising,14.9918,6.5,8.488467,768,317,NA,146.187403,149.1802,NA,146.187403,handheld_grab,NA,6.9729272066224236e-12,2.403066807990058e-7,0.034786151850999474,1041.8675714436388,0.11974270685578302,10.399999999999999,1.8613896426917587,FALSE,10.349856642691758
SR_20231011_single,SR,2023-10-11,NA,NA,SRP,2023-10-11T18:22:10Z,960,0,22,rising,19.6312,6.5,13.127867,773,322,NA,148.493198,151.5332,NA,148.493198,handheld_grab,NA,9.130867942597542e-12,3.146753871194495e-7,0.04506640812569095,1041.8675714436388,0.11974270685578302,10.399999999999999,2.4114810306639494,FALSE,15.53934803066395
SR_20231011_single,SR,2023-10-11,NA,NA,SRP,2023-10-11T18:22:40Z,990,0,23,rising,17.5373,6.5,11.033967,778,327,NA,150.798993,153.8862,NA,150.798993,handheld_grab,NA,8.156926649233487e-12,2.811106312334105e-7,0.040453874776028735,1041.8675714436388,0.11974270685578302,10.399999999999999,2.164666670731093,FALSE,13.198633670731093
SR_20231011_single,SR,2023-10-11,NA,NA,SRP,2023-10-11T18:23:10Z,1020,0,24,peak,18.345,6.5,11.841667,779,328,NA,151.260152,154.3568,NA,151.260152,handheld_grab,NA,8.532602409357358e-12,2.940574744022695e-7,0.04223832401249303,1041.8675714436388,0.11974270685578302,10.399999999999999,2.260151659725885,FALSE,14.101818659725884
SR_20231011_single,SR,2023-10-11,NA,NA,SRP,2023-10-11T18:24:10Z,1080,0,25,falling,13.1085,6.5,6.605167,767,316,NA,145.726244,148.7096,NA,145.726244,handheld_grab,NA,6.096953730631985e-12,2.1011817140465714e-7,0.03054964623338884,1041.8675714436388,0.11974270685578302,10.399999999999999,1.6346963392299874,FALSE,8.239863339229988
SR_20231011_single,SR,2023-10-11,NA,NA,SRP,2023-10-11T18:25:10Z,1140,0,26,falling,14.7742,6.5,8.270867,746,295,NA,136.04190499999999,138.827,NA,136.04190499999999,handheld_grab,NA,6.871719492553566e-12,2.368187783559614e-7,0.03429856975790143,1041.8675714436388,0.11974270685578302,10.399999999999999,1.8352993679772076,FALSE,10.106166367977208
SR_20231011_single,SR,2023-10-11,NA,NA,SRP,2023-10-11T18:25:30Z,1160,0,27,falling,72.9713,6.5,66.467967,736,285,NA,131.430315,134.121,NA,131.430315,handheld_grab,NA,3.3943816759543366e-11,1.169799382300823e-6,0.14925467944840476,1041.8675714436388,0.11974270685578302,10.399999999999999,7.986543485423116,FALSE,74.45451048542311
SR_20231011_single,SR,2023-10-11,NA,NA,SRP,2023-10-11T18:26:00Z,1190,0,28,falling,26.2275,6.5,19.724167,722,271,NA,124.97408899999999,127.5326,NA,124.97408899999999,handheld_grab,NA,1.2199087341868639e-11,4.204148560618054e-7,0.059311754464219504,1041.8675714436388,0.11974270685578302,10.399999999999999,3.1737424111314225,FALSE,22.897909411131423
SR_20231011_single,SR,2023-10-11,NA,NA,SRP,2023-10-11T18:26:30Z,1220,0,29,falling,22.5668,6.5,16.063467,704,253,NA,116.673227,119.0618,NA,116.673227,handheld_grab,NA,1.0496331875402716e-11,3.6173311420019906e-7,0.05145900359906608,1041.8675714436388,0.11974270685578302,10.399999999999999,2.7535456273754937,FALSE,18.817012627375494
SR_20231011_single,SR,2023-10-11,NA,NA,SRP,2023-10-11T18:27:00Z,1250,0,30,falling,14.4061,6.5,7.902767,693,242,NA,111.600478,113.8852,NA,111.600478,handheld_grab,NA,6.7005093614831225e-12,2.309183957623175e-7,0.03347261889930671,1041.8675714436388,0.11974270685578302,10.399999999999999,1.7911031493168097,FALSE,9.69387014931681
SR_20231011_single,SR,2023-10-11,NA,NA,SRP,2023-10-11T18:49:30Z,2600,0,31,falling,4.3394,6.5,-2.163933,455.4,4.4,NA,2.0290996,2.07064,NA,2.0290996,handheld_grab,NA,2.0182821823984377e-12,6.955567981655006e-8,0.010323873939877617,1041.8675714436388,0.11974270685578302,10.399999999999999,0.5524253474904389,FALSE,-1.611507652509561
