Date,Site,Probe_meter,Reach_Lenght_m,Slug_type,Addition_Time,Time_hms,NaCl_added_g,Times_s,SpC_uScm,Backg_SpC_uScm,NaCl_conc_mgL
2023-08-04,RA,Hanna,206,discharge,13:51:00,13:51:00,6000,0,462,0,0
2023-08-04,RA,Hanna,206,discharge,13:51:00,13:51:05,6000,5,462,0,0
2023-08-04,RA,Hanna,206,discharge,13:51:00,13:51:10,6000,10,462,0,0
2023-08-04,RA,Hanna,206,discharge,13:51:00,13:51:15,6000,15,462,0,0
2023-08-04,RA,Hanna,206,discharge,13:51:00,13:51:20,6000,20,462,0,0
2023-08-04,RA,Hanna,206,discharge,13:51:00,13:51:25,6000,25,462,0,0
2023-08-04,RA,Hanna,206,discharge,13:51:00,13:51:30,6000,30,462,0,0
2023-08-04,RA,Hanna,206,discharge,13:51:00,13:51:35,6000,35,462,0,0
2023-08-04,RA,Hanna,206,discharge,13:51:00,13:51:40,6000,40,462,0,0
2023-08-04,RA,Hanna,206,discharge,13:51:00,13:51:45,6000,45,462,0,0
2023-08-04,RA,Hanna,206,discharge,13:51:00,13:51:50,6000,50,462,0,0
2023-08-04,RA,Hanna,206,discharge,13:51:00,13:51:55,6000,55,462,0,0
2023-08-04,RA,Hanna,206,discharge,13:51:00,13:52:00,6000,60,462,0,0
2023-08-04,RA,Hanna,206,discharge,13:51:00,13:52:05,6000,65,462,0,0
2023-08-04,RA,Hanna,206,discharge,13:51:00,13:52:10,6000,70,462,0,0
2023-08-04,RA,Hanna,206,discharge,13:51:00,13:52:15,6000,75,462,0,0
2023-08-04,RA,Hanna,206,discharge,13:51:00,13:52:20,6000,80,462,0,0
2023-08-04,RA,Hanna,206,discharge,13:51:00,13:52:25,6000,85,462,0,0
2023-08-04,RA,Hanna,206,discharge,13:51:00,13:52:30,6000,90,462,0,0
2023-08-04,RA,Hanna,206,discharge,13:51:00,13:52:35,6000,95,462,0,0
2023-08-04,RA,Hanna,206,discharge,13:51:00,13:52:40,6000,100,462,0,0
2023-08-04,RA,Hanna,206,discharge,13:51:00,13:52:45,6000,105,462,0,0
2023-08-04,RA,Hanna,206,discharge,13:51:00,13:52:50,6000,110,462,0,0
2023-08-04,RA,Hanna,206,discharge,13:51:00,13:52:55,6000,115,462,0,0
2023-08-04,RA,Hanna,206,discharge,13:51:00,13:53:00,6000,120,462,0,0
2023-08-04,RA,Hanna,206,discharge,13:51:00,13:53:05,6000,125,462,0,0
2023-08-04,RA,Hanna,206,discharge,13:51:00,13:53:10,6000,130,462,0,0
2023-08-04,RA,Hanna,206,discharge,13:51:00,13:53:15,6000,135,462,0,0
2023-08-04,RA,Hanna,206,discharge,13:51:00,13:53:20,6000,140,462,0,0
2023-08-04,RA,Hanna,206,discharge,13:51:00,13:53:25,6000,145,462,0,0
2023-08-04,RA,Hanna,206,discharge,13:51:00,13:53:30,6000,150,462,0,0
2023-08-04,RA,Hanna,206,discharge,13:51:00,13:53:35,6000,155,462,0,0
2023-08-04,RA,Hanna,206,discharge,13:51:00,13:53:40,6000,160,462,0,0
2023-08-04,RA,Hanna,206,discharge,13:51:00,13:53:45,6000,165,462,0,0
2023-08-04,RA,Hanna,206,discharge,13:51:00,13:53:50,6000,170,462,0,0
2023-08-04,RA,Hanna,206,discharge,13:51:00,13:53:55,6000,175,462,0,0
2023-08-04,RA,Hanna,206,discharge,13:51:00,13:54:00,6000,180,462,0,0
2023-08-04,RA,Hanna,206,discharge,13:51:00,13:54:05,6000,185,462,0,0
2023-08-04,RA,Hanna,206,discharge,13:51:00,13:54:10,6000,190,462,0,0
2023-08-04,RA,Hanna,206,discharge,13:51:00,13:54:15,6000,195,462,0,0
2023-08-04,RA,Hanna,206,discharge,13:51:00,13:54:20,6000,200,462,0,0
2023-08-04,RA,Hanna,206,discharge,13:51:00,13:54:25,6000,205,462,0,0
2023-08-04,RA,Hanna,206,discharge,13:51:00,13:54:30,6000,210,462,0,0
2023-08-04,RA,Hanna,206,discharge,13:51:00,13:54:35,6000,215,462,0,0
2023-08-04,RA,Hanna,206,discharge,13:51:00,13:54:40,6000,220,462,0,0
2023-08-04,RA,Hanna,206,discharge,13:51:00,13:54:45,6000,225,462,0,0
2023-08-04,RA,Hanna,206,discharge,13:51:00,13:54:50,6000,230,462,0,0
2023-08-04,RA,Hanna,206,discharge,13:51:00,13:54:55,6000,235,462,0,0
2023-08-04,RA,Hanna,206,discharge,13:51:00,13:55:00,6000,240,462,0,0
2023-08-04,RA,Hanna,206,discharge,13:51:00,13:55:05,6000,245,462,0,0
2023-08-04,RA,Hanna,206,discharge,13:51:00,13:55:10,6000,250,462,0,0
2023-08-04,RA,Hanna,206,discharge,13:51:00,13:55:15,6000,255,462,0,0
2023-08-04,RA,Hanna,206,discharge,13:51:00,13:55:20,6000,260,462,0,0
2023-08-04,RA,Hanna,206,discharge,13:51:00,13:55:25,6000,265,462,0,0
2023-08-04,RA,Hanna,206,discharge,13:51:00,13:55:30,6000,270,462,0,0
2023-08-04,RA,Hanna,206,discharge,13:51:00,13:55:35,6000,275,462,0,0
2023-08-04,RA,Hanna,206,discharge,13:51:00,13:55:40,6000,280,462,0,0
2023-08-04,RA,Hanna,206,discharge,13:51:00,13:55:45,6000,285,462,0,0
2023-08-04,RA,Hanna,206,discharge,13:51:00,13:55:50,6000,290,462,0,0
2023-08-04,RA,Hanna,206,discharge,13:51:00,13:55:55,6000,295,462,0,0
2023-08-04,RA,Hanna,206,discharge,13:51:00,13:56:00,6000,300,462,0,0
2023-08-04,RA,Hanna,206,discharge,13:51:00,13:56:05,6000,305,462,0,0
2023-08-04,RA,Hanna,206,discharge,13:51:00,13:56:10,6000,310,462,0,0
2023-08-04,RA,Hanna,206,discharge,13:51:00,13:56:15,6000,315,462,0,0
2023-08-04,RA,Hanna,206,discharge,13:51:00,13:56:20,6000,320,462,0,0
2023-08-04,RA,Hanna,206,discharge,13:51:00,13:56:25,6000,325,462,0,0
2023-08-04,RA,Hanna,206,discharge,13:51:00,13:56:30,6000,330,462,0,0
2023-08-04,RA,Hanna,206,discharge,13:51:00,13:56:35,6000,335,462,0,0
2023-08-04,RA,Hanna,206,discharge,13:51:00,13:56:40,6000,340,462,0,0
2023-08-04,RA,Hanna,206,discharge,13:51:00,13:56:45,6000,345,462,0,0
2023-08-04,RA,Hanna,206,discharge,13:51:00,13:56:50,6000,350,462,0,0
2023-08-04,RA,Hanna,206,discharge,13:51:00,13:56:55,6000,355,462,0,0
2023-08-04,RA,Hanna,206,discharge,13:51:00,13:57:00,6000,360,462,0,0
2023-08-04,RA,Hanna,206,discharge,13:51:00,13:57:05,6000,365,462,0,0
2023-08-04,RA,Hanna,206,discharge,13:51:00,13:57:10,6000,370,462,0,0
2023-08-04,RA,Hanna,206,discharge,13:51:00,13:57:15,6000,375,462,0,0
2023-08-04,RA,Hanna,206,discharge,13:51:00,13:57:20,6000,380,462,0,0
2023-08-04,RA,Hanna,206,discharge,13:51:00,13:57:25,6000,385,462,0,0
2023-08-04,RA,Hanna,206,discharge,13:51:00,13:57:30,6000,390,462,0,0
2023-08-04,RA,Hanna,206,discharge,13:51:00,13:57:35,6000,395,462,0,0
2023-08-04,RA,Hanna,206,discharge,13:51:00,13:57:40,6000,400,462,0,0
2023-08-04,RA,Hanna,206,discharge,13:51:00,13:57:45,6000,405,462,0,0
2023-08-04,RA,Hanna,206,discharge,13:51:00,13:57:50,6000,410,462,0,0
2023-08-04,RA,Hanna,206,discharge,13:51:00,13:57:55,6000,415,462,0,0
2023-08-04,RA,Hanna,206,discharge,13:51:00,13:58:00,6000,420,462,0,0
2023-08-04,RA,Hanna,206,discharge,13:51:00,13:58:05,6000,425,462,0,0
2023-08-04,RA,Hanna,206,discharge,13:51:00,13:58:10,6000,430,462,0,0
2023-08-04,RA,Hanna,206,discharge,13:51:00,13:58:15,6000,435,462,0,0
2023-08-04,RA,Hanna,206,discharge,13:51:00,13:58:20,6000,440,462,0,0
2023-08-04,RA,Hanna,206,discharge,13:51:00,13:58:25,6000,445,462,0,0
2023-08-04,RA,Hanna,206,discharge,13:51:00,13:58:30,6000,450,462,0,0
2023-08-04,RA,Hanna,206,discharge,13:51:00,13:58:35,6000,455,462,0,0
2023-08-04,RA,Hanna,206,discharge,13:51:00,13:58:40,6000,460,462,0,0
2023-08-04,RA,Hanna,206,discharge,13:51:00,13:58:45,6000,465,462,0,0
2023-08-04,RA,Hanna,206,discharge,13:51:00,13:58:50,6000,470,462,0,0
2023-08-04,RA,Hanna,206,discharge,13:51:00,13:58:55,6000,475,462,0,0
2023-08-04,RA,Hanna,206,discharge,13:51:00,13:59:00,6000,480,462,0,0
2023-08-04,RA,Hanna,206,discharge,13:51:00,13:59:05,6000,485,462,0,0
2023-08-04,RA,Hanna,206,discharge,13:51:00,13:59:10,6000,490,462,0,0
2023-08-04,RA,Hanna,206,discharge,13:51:00,13:59:15,6000,495,462,0,0
2023-08-04,RA,Hanna,206,discharge,13:51:00,13:59:20,6000,500,462,0,0
2023-08-04,RA,Hanna,206,discharge,13:51:00,13:59:25,6000,505,462,0,0
2023-08-04,RA,Hanna,206,discharge,13:51:00,13:59:30,6000,510,462,0,0
2023-08-04,RA,Hanna,206,discharge,13:51:00,13:59:35,6000,515,462,0,0
2023-08-04,RA,Hanna,206,discharge,13:51:00,13:59:40,6000,520,462,0,0
2023-08-04,RA,Hanna,206,discharge,13:51:00,13:59:45,6000,525,462,0,0
2023-08-04,RA,Hanna,206,discharge,13:51:00,13:59:50,6000,530,462,0,0
2023-08-04,RA,Hanna,206,discharge,13:51:00,13:59:55,6000,535,462,0,0
2023-08-04,RA,Hanna,206,discharge,13:51:00,14:00:00,6000,540,462,0,0
2023-08-04,RA,Hanna,206,discharge,13:51:00,14:00:05,6000,545,462,0,0
2023-08-04,RA,Hanna,206,discharge,13:51:00,14:00:10,6000,550,462,0,0
2023-08-04,RA,Hanna,206,discharge,13:51:00,14:00:15,6000,555,462,0,0
2023-08-04,RA,Hanna,206,discharge,13:51:00,14:00:20,6000,560,462,0,0
2023-08-04,RA,Hanna,206,discharge,13:51:00,14:00:25,6000,565,462,0,0
2023-08-04,RA,Hanna,206,discharge,13:51:00,14:00:30,6000,570,462,0,0
2023-08-04,RA,Hanna,206,discharge,13:51:00,14:00:35,6000,575,462,0,0
2023-08-04,RA,Hanna,206,discharge,13:51:00,14:00:40,6000,580,462,0,0
2023-08-04,RA,Hanna,206,discharge,13:51:00,14:00:45,6000,585,462,0,0
2023-08-04,RA,Hanna,206,discharge,13:51:00,14:00:50,6000,590,462,0,0
2023-08-04,RA,Hanna,206,discharge,13:51:00,14:00:55,6000,595,462,0,0
2023-08-04,RA,Hanna,206,discharge,13:51:00,14:01:00,6000,600,462,0,0
2023-08-04,RA,Hanna,206,discharge,13:51:00,14:01:05,6000,605,462,0,0
2023-08-04,RA,Hanna,206,discharge,13:51:00,14:01:10,6000,610,462,0,0
2023-08-04,RA,Hanna,206,discharge,13:51:00,14:01:15,6000,615,462,0,0
2023-08-04,RA,Hanna,206,discharge,13:51:00,14:01:20,6000,620,462,0,0
2023-08-04,RA,Hanna,206,discharge,13:51:00,14:01:25,6000,625,462,0,0
2023-08-04,RA,Hanna,206,discharge,13:51:00,14:01:30,6000,630,462,0,0
2023-08-04,RA,Hanna,206,discharge,13:51:00,14:01:35,6000,635,462,0,0
2023-08-04,RA,Hanna,206,discharge,13:51:00,14:01:40,6000,640,462,0,0
2023-08-04,RA,Hanna,206,discharge,13:51:00,14:01:45,6000,645,462,0,0
2023-08-04,RA,Hanna,206,discharge,13:51:00,14:01:50,6000,650,462,0,0
2023-08-04,RA,Hanna,206,discharge,13:51:00,14:01:55,6000,655,462,0,0
2023-08-04,RA,Hanna,206,discharge,13:51:00,14:02:00,6000,660,462,0,0
2023-08-04,RA,Hanna,206,discharge,13:51:00,14:02:05,6000,665,462,0,0
2023-08-04,RA,Hanna,206,discharge,13:51:00,14:02:10,6000,670,462,0,0
2023-08-04,RA,Hanna,206,discharge,13:51:00,14:02:15,6000,675,462,0,0
2023-08-04,RA,Hanna,206,discharge,13:51:00,14:02:20,6000,680,462,0,0
2023-08-04,RA,Hanna,206,discharge,13:51:00,14:02:25,6000,685,462,0,0
2023-08-04,RA,Hanna,206,discharge,13:51:00,14:02:30,6000,690,462,0,0
2023-08-04,RA,Hanna,206,discharge,13:51:00,14:02:35,6000,695,462,0,0
2023-08-04,RA,Hanna,206,discharge,13:51:00,14:02:40,6000,700,462,0,0
2023-08-04,RA,Hanna,206,discharge,13:51:00,14:02:45,6000,705,462,0,0
2023-08-04,RA,Hanna,206,discharge,13:51:00,14:02:50,6000,710,462,0,0
2023-08-04,RA,Hanna,206,discharge,13:51:00,14:02:55,6000,715,462,0,0
2023-08-04,RA,Hanna,206,discharge,13:51:00,14:03:00,6000,720,462,0,0
2023-08-04,RA,Hanna,206,discharge,13:51:00,14:03:05,6000,725,462,0,0
2023-08-04,RA,Hanna,206,discharge,13:51:00,14:03:10,6000,730,462,0,0
2023-08-04,RA,Hanna,206,discharge,13:51:00,14:03:15,6000,735,462,0,0
2023-08-04,RA,Hanna,206,discharge,13:51:00,14:03:20,6000,740,462,0,0
2023-08-04,RA,Hanna,206,discharge,13:51:00,14:03:25,6000,745,462,0,0
2023-08-04,RA,Hanna,206,discharge,13:51:00,14:03:30,6000,750,462,0,0
2023-08-04,RA,Hanna,206,discharge,13:51:00,14:03:35,6000,755,462,0,0
2023-08-04,RA,Hanna,206,discharge,13:51:00,14:03:40,6000,760,462,0,0
2023-08-04,RA,Hanna,206,discharge,13:51:00,14:03:45,6000,765,462,0,0
2023-08-04,RA,Hanna,206,discharge,13:51:00,14:03:50,6000,770,462,0,0
2023-08-04,RA,Hanna,206,discharge,13:51:00,14:03:55,6000,775,462,0,0
2023-08-04,RA,Hanna,206,discharge,13:51:00,14:04:00,6000,780,462,0,0
2023-08-04,RA,Hanna,206,discharge,13:51:00,14:04:05,6000,785,462,0,0
2023-08-04,RA,Hanna,206,discharge,13:51:00,14:04:10,6000,790,462,0,0
2023-08-04,RA,Hanna,206,discharge,13:51:00,14:04:15,6000,795,462,0,0
2023-08-04,RA,Hanna,206,discharge,13:51:00,14:04:20,6000,800,462,0,0
2023-08-04,RA,Hanna,206,discharge,13:51:00,14:04:25,6000,805,462,0,0
2023-08-04,RA,Hanna,206,discharge,13:51:00,14:04:30,6000,810,462,0,0
2023-08-04,RA,Hanna,206,discharge,13:51:00,14:04:35,6000,815,462,0,0
2023-08-04,RA,Hanna,206,discharge,13:51:00,14:04:40,6000,820,462,0,0
2023-08-04,RA,Hanna,206,discharge,13:51:00,14:04:45,6000,825,462,0,0
2023-08-04,RA,Hanna,206,discharge,13:51:00,14:04:50,6000,830,462,0,0
2023-08-04,RA,Hanna,206,discharge,13:51:00,14:04:55,6000,835,462,0,0
2023-08-04,RA,Hanna,206,discharge,13:51:00,14:05:00,6000,840,462,0,0
2023-08-04,RA,Hanna,206,discharge,13:51:00,14:05:05,6000,845,462,0,0
2023-08-04,RA,Hanna,206,discharge,13:51:00,14:05:10,6000,850,462,0,0
2023-08-04,RA,Hanna,206,discharge,13:51:00,14:05:15,6000,855,462,0,0
2023-08-04,RA,Hanna,206,discharge,13:51:00,14:05:20,6000,860,462,0,0
2023-08-04,RA,Hanna,206,discharge,13:51:00,14:05:25,6000,865,462,0,0
2023-08-04,RA,Hanna,206,discharge,13:51:00,14:05:30,6000,870,462,0,0
2023-08-04,RA,Hanna,206,discharge,13:51:00,14:05:35,6000,875,462,0,0
2023-08-04,RA,Hanna,206,discharge,13:51:00,14:05:40,6000,880,462,0,0
2023-08-04,RA,Hanna,206,discharge,13:51:00,14:05:45,6000,885,462,0,0
2023-08-04,RA,Hanna,206,discharge,13:51:00,14:05:50,6000,890,462,0,0
2023-08-04,RA,Hanna,206,discharge,13:51:00,14:05:55,6000,895,462,0,0
2023-08-04,RA,Hanna,206,discharge,13:51:00,14:06:00,6000,900,462,0,0
2023-08-04,RA,Hanna,206,discharge,13:51:00,14:06:05,6000,905,462,0,0
2023-08-04,RA,Hanna,206,discharge,13:51:00,14:06:10,6000,910,462,0,0
2023-08-04,RA,Hanna,206,discharge,13:51:00,14:06:15,6000,915,462,0,0
2023-08-04,RA,Hanna,206,discharge,13:51:00,14:06:20,6000,920,462,0,0
2023-08-04,RA,Hanna,206,discharge,13:51:00,14:06:25,6000,925,462,0,0
2023-08-04,RA,Hanna,206,discharge,13:51:00,14:06:30,6000,930,462,0,0
2023-08-04,RA,Hanna,206,discharge,13:51:00,14:06:35,6000,935,462,0,0
2023-08-04,RA,Hanna,206,discharge,13:51:00,14:06:40,6000,940,462,0,0
2023-08-04,RA,Hanna,206,discharge,13:51:00,14:06:45,6000,945,462,0,0
2023-08-04,RA,Hanna,206,discharge,13:51:00,14:06:50,6000,950,462,0,0
2023-08-04,RA,Hanna,206,discharge,13:51:00,14:06:55,6000,955,462,0,0
2023-08-04,RA,Hanna,206,discharge,13:51:00,14:07:00,6000,960,462,0,0
2023-08-04,RA,Hanna,206,discharge,13:51:00,14:07:05,6000,965,462,0,0
2023-08-04,RA,Hanna,206,discharge,13:51:00,14:07:10,6000,970,462,0,0
2023-08-04,RA,Hanna,206,discharge,13:51:00,14:07:15,6000,975,462,0,0
2023-08-04,RA,Hanna,206,discharge,13:51:00,14:07:20,6000,980,462,0,0
2023-08-04,RA,Hanna,206,discharge,13:51:00,14:07:25,6000,985,462,0,0
2023-08-04,RA,Hanna,206,discharge,13:51:00,14:07:30,6000,990,462,0,0
2023-08-04,RA,Hanna,206,discharge,13:51:00,14:07:35,6000,995,462,0,0
2023-08-04,RA,Hanna,206,discharge,13:51:00,14:07:40,6000,1000,462,0,0
2023-08-04,RA,Hanna,206,discharge,13:51:00,14:07:45,6000,1005,462,0,0
2023-08-04,RA,Hanna,206,discharge,13:51:00,14:07:50,6000,1010,462,0,0
2023-08-04,RA,Hanna,206,discharge,13:51:00,14:07:55,6000,1015,462,0,0
2023-08-04,RA,Hanna,206,discharge,13:51:00,14:08:00,6000,1020,462,0,0
2023-08-04,RA,Hanna,206,discharge,13:51:00,14:08:05,6000,1025,462,0,0
2023-08-04,RA,Hanna,206,discharge,13:51:00,14:08:10,6000,1030,462,0,0
2023-08-04,RA,Hanna,206,discharge,13:51:00,14:08:15,6000,1035,462,0,0
2023-08-04,RA,Hanna,206,discharge,13:51:00,14:08:20,6000,1040,462,0,0
2023-08-04,RA,Hanna,206,discharge,13:51:00,14:08:25,6000,1045,462,0,0
2023-08-04,RA,Hanna,206,discharge,13:51:00,14:08:30,6000,1050,462,0,0
2023-08-04,RA,Hanna,206,discharge,13:51:00,14:08:35,6000,1055,462,0,0
2023-08-04,RA,Hanna,206,discharge,13:51:00,14:08:40,6000,1060,462,0,0
2023-08-04,RA,Hanna,206,discharge,13:51:00,14:08:45,6000,1065,462,0,0
2023-08-04,RA,Hanna,206,discharge,13:51:00,14:08:50,6000,1070,462,0,0
2023-08-04,RA,Hanna,206,discharge,13:51:00,14:08:55,6000,1075,462,0,0
2023-08-04,RA,Hanna,206,discharge,13:51:00,14:09:00,6000,1080,462,0,0
2023-08-04,RA,Hanna,206,discharge,13:51:00,14:09:05,6000,1085,462,0,0
2023-08-04,RA,Hanna,206,discharge,13:51:00,14:09:10,6000,1090,462,0,0
2023-08-04,RA,Hanna,206,discharge,13:51:00,14:09:15,6000,1095,462,0,0
2023-08-04,RA,Hanna,206,discharge,13:51:00,14:09:20,6000,1100,462,0,0
2023-08-04,RA,Hanna,206,discharge,13:51:00,14:09:25,6000,1105,462,0,0
2023-08-04,RA,Hanna,206,discharge,13:51:00,14:09:30,6000,1110,462,0,0
2023-08-04,RA,Hanna,206,discharge,13:51:00,14:09:35,6000,1115,462,0,0
2023-08-04,RA,Hanna,206,discharge,13:51:00,14:09:40,6000,1120,462,0,0
2023-08-04,RA,Hanna,206,discharge,13:51:00,14:09:45,6000,1125,462,0,0
2023-08-04,RA,Hanna,206,discharge,13:51:00,14:09:50,6000,1130,462,0,0
2023-08-04,RA,Hanna,206,discharge,13:51:00,14:09:55,6000,1135,462,0,0
2023-08-04,RA,Hanna,206,discharge,13:51:00,14:10:00,6000,1140,462,0,0
2023-08-04,RA,Hanna,206,discharge,13:51:00,14:10:05,6000,1145,462,0,0
2023-08-04,RA,Hanna,206,discharge,13:51:00,14:10:10,6000,1150,462,0,0
2023-08-04,RA,Hanna,206,discharge,13:51:00,14:10:15,6000,1155,462,0,0
2023-08-04,RA,Hanna,206,discharge,13:51:00,14:10:20,6000,1160,462,0,0
2023-08-04,RA,Hanna,206,discharge,13:51:00,14:10:25,6000,1165,462,0,0
2023-08-04,RA,Hanna,206,discharge,13:51:00,14:10:30,6000,1170,462,0,0
2023-08-04,RA,Hanna,206,discharge,13:51:00,14:10:35,6000,1175,462,0,0
2023-08-04,RA,Hanna,206,discharge,13:51:00,14:10:40,6000,1180,462,0,0
2023-08-04,RA,Hanna,206,discharge,13:51:00,14:10:45,6000,1185,462,0,0
2023-08-04,RA,Hanna,206,discharge,13:51:00,14:10:50,6000,1190,462,0,0
2023-08-04,RA,Hanna,206,discharge,13:51:00,14:10:55,6000,1195,462,0,0
2023-08-04,RA,Hanna,206,discharge,13:51:00,14:11:00,6000,1200,462,0,0
2023-08-04,RA,Hanna,206,discharge,13:51:00,14:11:05,6000,1205,462,0,0
2023-08-04,RA,Hanna,206,discharge,13:51:00,14:11:10,6000,1210,462,0,0
2023-08-04,RA,Hanna,206,discharge,13:51:00,14:11:15,6000,1215,462,0,0
2023-08-04,RA,Hanna,206,discharge,13:51:00,14:11:20,6000,1220,462,0,0
2023-08-04,RA,Hanna,206,discharge,13:51:00,14:11:25,6000,1225,462,0,0
2023-08-04,RA,Hanna,206,discharge,13:51:00,14:11:30,6000,1230,462,0,0
2023-08-04,RA,Hanna,206,discharge,13:51:00,14:11:35,6000,1235,462,0,0
2023-08-04,RA,Hanna,206,discharge,13:51:00,14:11:40,6000,1240,462,0,0
2023-08-04,RA,Hanna,206,discharge,13:51:00,14:11:45,6000,1245,462,0,0
2023-08-04,RA,Hanna,206,discharge,13:51:00,14:11:50,6000,1250,462,0,0
2023-08-04,RA,Hanna,206,discharge,13:51:00,14:11:55,6000,1255,462,0,0
2023-08-04,RA,Hanna,206,discharge,13:51:00,14:12:00,6000,1260,462,0,0
2023-08-04,RA,Hanna,206,discharge,13:51:00,14:12:05,6000,1265,462,0,0
2023-08-04,RA,Hanna,206,discharge,13:51:00,14:12:10,6000,1270,462,0,0
2023-08-04,RA,Hanna,206,discharge,13:51:00,14:12:15,6000,1275,462,0,0
2023-08-04,RA,Hanna,206,discharge,13:51:00,14:12:20,6000,1280,462,0,0
2023-08-04,RA,Hanna,206,discharge,13:51:00,14:12:25,6000,1285,462,0,0
2023-08-04,RA,Hanna,206,discharge,13:51:00,14:12:30,6000,1290,462,0,0
2023-08-04,RA,Hanna,206,discharge,13:51:00,14:12:35,6000,1295,462,0,0
2023-08-04,RA,Hanna,206,discharge,13:51:00,14:12:40,6000,1300,462,0,0
2023-08-04,RA,Hanna,206,discharge,13:51:00,14:12:45,6000,1305,462,0,0
2023-08-04,RA,Hanna,206,discharge,13:51:00,14:12:50,6000,1310,462,0,0
2023-08-04,RA,Hanna,206,discharge,13:51:00,14:12:55,6000,1315,462,0,0
2023-08-04,RA,Hanna,206,discharge,13:51:00,14:13:00,6000,1320,462,0,0
2023-08-04,RA,Hanna,206,discharge,13:51:00,14:13:05,6000,1325,462,0,0
2023-08-04,RA,Hanna,206,discharge,13:51:00,14:13:10,6000,1330,462,0,0
2023-08-04,RA,Hanna,206,discharge,13:51:00,14:13:15,6000,1335,462,0,0
2023-08-04,RA,Hanna,206,discharge,13:51:00,14:13:20,6000,1340,462,0,0
2023-08-04,RA,Hanna,206,discharge,13:51:00,14:13:25,6000,1345,462,0,0
2023-08-04,RA,Hanna,206,discharge,13:51:00,14:13:30,6000,1350,462,0,0
2023-08-04,RA,Hanna,206,discharge,13:51:00,14:13:35,6000,1355,462,0,0
2023-08-04,RA,Hanna,206,discharge,13:51:00,14:13:40,6000,1360,462,0,0
2023-08-04,RA,Hanna,206,discharge,13:51:00,14:13:45,6000,1365,462,0,0
2023-08-04,RA,Hanna,206,discharge,13:51:00,14:13:50,6000,1370,462,0,0
2023-08-04,RA,Hanna,206,discharge,13:51:00,14:13:55,6000,1375,462,0,0
2023-08-04,RA,Hanna,206,discharge,13:51:00,14:14:00,6000,1380,462,0,0
2023-08-04,RA,Hanna,206,discharge,13:51:00,14:14:05,6000,1385,462,0,0
2023-08-04,RA,Hanna,206,discharge,13:51:00,14:14:10,6000,1390,462,0,0
2023-08-04,RA,Hanna,206,discharge,13:51:00,14:14:15,6000,1395,462,0,0
2023-08-04,RA,Hanna,206,discharge,13:51:00,14:14:20,6000,1400,462,0,0
2023-08-04,RA,Hanna,206,discharge,13:51:00,14:14:25,6000,1405,462,0,0
2023-08-04,RA,Hanna,206,discharge,13:51:00,14:14:30,6000,1410,462,0,0
2023-08-04,RA,Hanna,206,discharge,13:51:00,14:14:35,6000,1415,462,0,0
2023-08-04,RA,Hanna,206,discharge,13:51:00,14:14:40,6000,1420,462,0,0
2023-08-04,RA,Hanna,206,discharge,13:51:00,14:14:45,6000,1425,462,0,0
2023-08-04,RA,Hanna,206,discharge,13:51:00,14:14:50,6000,1430,462,0,0
2023-08-04,RA,Hanna,206,discharge,13:51:00,14:14:55,6000,1435,462,0,0
2023-08-04,RA,Hanna,206,discharge,13:51:00,14:15:00,6000,1440,462,0,0
2023-08-04,RA,Hanna,206,discharge,13:51:00,14:15:05,6000,1445,462,0,0
2023-08-04,RA,Hanna,206,discharge,13:51:00,14:15:10,6000,1450,462,0,0
2023-08-04,RA,Hanna,206,discharge,13:51:00,14:15:15,6000,1455,462,0,0
2023-08-04,RA,Hanna,206,discharge,13:51:00,14:15:20,6000,1460,462,0,0
2023-08-04,RA,Hanna,206,discharge,13:51:00,14:15:25,6000,1465,462,0,0
2023-08-04,RA,Hanna,206,discharge,13:51:00,14:15:30,6000,1470,462,0,0
2023-08-04,RA,Hanna,206,discharge,13:51:00,14:15:35,6000,1475,462,0,0
2023-08-04,RA,Hanna,206,discharge,13:51:00,14:15:40,6000,1480,462,0,0
2023-08-04,RA,Hanna,206,discharge,13:51:00,14:15:45,6000,1485,462,0,0
2023-08-04,RA,Hanna,206,discharge,13:51:00,14:15:50,6000,1490,462,0,0
2023-08-04,RA,Hanna,206,discharge,13:51:00,14:15:55,6000,1495,462,0,0
2023-08-04,RA,Hanna,206,discharge,13:51:00,14:16:00,6000,1500,462,0,0
2023-08-04,RA,Hanna,206,discharge,13:51:00,14:16:05,6000,1505,462,0,0
2023-08-04,RA,Hanna,206,discharge,13:51:00,14:16:10,6000,1510,462,0,0
2023-08-04,RA,Hanna,206,discharge,13:51:00,14:16:15,6000,1515,462,0,0
2023-08-04,RA,Hanna,206,discharge,13:51:00,14:16:20,6000,1520,462,0,0
2023-08-04,RA,Hanna,206,discharge,13:51:00,14:16:25,6000,1525,462,0,0
2023-08-04,RA,Hanna,206,discharge,13:51:00,14:16:30,6000,1530,462,0,0
2023-08-04,RA,Hanna,206,discharge,13:51:00,14:16:35,6000,1535,462,0,0
2023-08-04,RA,Hanna,206,discharge,13:51:00,14:16:40,6000,1540,462,0,0
2023-08-04,RA,Hanna,206,discharge,13:51:00,14:16:45,6000,1545,462,0,0
2023-08-04,RA,Hanna,206,discharge,13:51:00,14:16:50,6000,1550,462,0,0
2023-08-04,RA,Hanna,206,discharge,13:51:00,14:16:55,6000,1555,462,0,0
2023-08-04,RA,Hanna,206,discharge,13:51:00,14:17:00,6000,1560,462,0,0
2023-08-04,RA,Hanna,206,discharge,13:51:00,14:17:05,6000,1565,462,0,0
2023-08-04,RA,Hanna,206,discharge,13:51:00,14:17:10,6000,1570,462,0,0
2023-08-04,RA,Hanna,206,discharge,13:51:00,14:17:15,6000,1575,462,0,0
2023-08-04,RA,Hanna,206,discharge,13:51:00,14:17:20,6000,1580,462,0,0
2023-08-04,RA,Hanna,206,discharge,13:51:00,14:17:25,6000,1585,462,0,0
2023-08-04,RA,Hanna,206,discharge,13:51:00,14:17:30,6000,1590,462,0,0
2023-08-04,RA,Hanna,206,discharge,13:51:00,14:17:35,6000,1595,462,0,0
2023-08-04,RA,Hanna,206,discharge,13:51:00,14:17:40,6000,1600,462,0,0
2023-08-04,RA,Hanna,206,discharge,13:51:00,14:17:45,6000,1605,462,0,0
2023-08-04,RA,Hanna,206,discharge,13:51:00,14:17:50,6000,1610,462,0,0
2023-08-04,RA,Hanna,206,discharge,13:51:00,14:17:55,6000,1615,462,0,0
2023-08-04,RA,Hanna,206,discharge,13:51:00,14:18:00,6000,1620,462,0,0
2023-08-04,RA,Hanna,206,discharge,13:51:00,14:18:05,6000,1625,462,0,0
2023-08-04,RA,Hanna,206,discharge,13:51:00,14:18:10,6000,1630,462,0,0
2023-08-04,RA,Hanna,206,discharge,13:51:00,14:18:15,6000,1635,462,0,0
2023-08-04,RA,Hanna,206,discharge,13:51:00,14:18:20,6000,1640,462,0,0
2023-08-04,RA,Hanna,206,discharge,13:51:00,14:18:25,6000,1645,462,0,0
2023-08-04,RA,Hanna,206,discharge,13:51:00,14:18:30,6000,1650,462,0,0
2023-08-04,RA,Hanna,206,discharge,13:51:00,14:18:35,6000,1655,462,0,0
2023-08-04,RA,Hanna,206,discharge,13:51:00,14:18:40,6000,1660,462,0,0
2023-08-04,RA,Hanna,206,discharge,13:51:00,14:18:45,6000,1665,462,0,0
2023-08-04,RA,Hanna,206,discharge,13:51:00,14:18:50,6000,1670,462,0,0
2023-08-04,RA,Hanna,206,discharge,13:51:00,14:18:55,6000,1675,462,0,0
2023-08-04,RA,Hanna,206,discharge,13:51:00,14:19:00,6000,1680,462,0,0
2023-08-04,RA,Hanna,206,discharge,13:51:00,14:19:05,6000,1685,462,0,0
2023-08-04,RA,Hanna,206,discharge,13:51:00,14:19:10,6000,1690,462,0,0
2023-08-04,RA,Hanna,206,discharge,13:51:00,14:19:15,6000,1695,462,0,0
2023-08-04,RA,Hanna,206,discharge,13:51:00,14:19:20,6000,1700,462,0,0
2023-08-04,RA,Hanna,206,discharge,13:51:00,14:19:25,6000,1705,462,0,0
2023-08-04,RA,Hanna,206,discharge,13:51:00,14:19:30,6000,1710,462,0,0
2023-08-04,RA,Hanna,206,discharge,13:51:00,14:19:35,6000,1715,462,0,0
2023-08-04,RA,Hanna,206,discharge,13:51:00,14:19:40,6000,1720,462,0,0
2023-08-04,RA,Hanna,206,discharge,13:51:00,14:19:45,6000,1725,462,0,0
2023-08-04,RA,Hanna,206,discharge,13:51:00,14:19:50,6000,1730,462,0,0
2023-08-04,RA,Hanna,206,discharge,13:51:00,14:19:55,6000,1735,462,0,0
2023-08-04,RA,Hanna,206,discharge,13:51:00,14:20:00,6000,1740,462,0,0
2023-08-04,RA,Hanna,206,discharge,13:51:00,14:20:05,6000,1745,462,0,0
2023-08-04,RA,Hanna,206,discharge,13:51:00,14:20:10,6000,1750,462,0,0
2023-08-04,RA,Hanna,206,discharge,13:51:00,14:20:15,6000,1755,462,0,0
2023-08-04,RA,Hanna,206,discharge,13:51:00,14:20:20,6000,1760,462,0,0
2023-08-04,RA,Hanna,206,discharge,13:51:00,14:20:25,6000,1765,462,0,0
2023-08-04,RA,Hanna,206,discharge,13:51:00,14:20:30,6000,1770,462,0,0
2023-08-04,RA,Hanna,206,discharge,13:51:00,14:20:35,6000,1775,462,0,0
2023-08-04,RA,Hanna,206,discharge,13:51:00,14:20:40,6000,1780,462,0,0
2023-08-04,RA,Hanna,206,discharge,13:51:00,14:20:45,6000,1785,462,0,0
2023-08-04,RA,Hanna,206,discharge,13:51:00,14:20:50,6000,1790,462,0,0
2023-08-04,RA,Hanna,206,discharge,13:51:00,14:20:55,6000,1795,462,0,0
2023-08-04,RA,Hanna,206,discharge,13:51:00,14:21:00,6000,1800,462,0,0
2023-08-04,RA,Hanna,206,discharge,13:51:00,14:21:05,6000,1805,462,0,0
2023-08-04,RA,Hanna,206,discharge,13:51:00,14:21:10,6000,1810,462,0,0
2023-08-04,RA,Hanna,206,discharge,13:51:00,14:21:15,6000,1815,462,0,0
2023-08-04,RA,Hanna,206,discharge,13:51:00,14:21:20,6000,1820,462,0,0
2023-08-04,RA,Hanna,206,discharge,13:51:00,14:21:25,6000,1825,462,0,0
2023-08-04,RA,Hanna,206,discharge,13:51:00,14:21:30,6000,1830,462,0,0
2023-08-04,RA,Hanna,206,discharge,13:51:00,14:21:35,6000,1835,462,0,0
2023-08-04,RA,Hanna,206,discharge,13:51:00,14:21:40,6000,1840,462,0,0
2023-08-04,RA,Hanna,206,discharge,13:51:00,14:21:45,6000,1845,462,0,0
2023-08-04,RA,Hanna,206,discharge,13:51:00,14:21:50,6000,1850,462,0,0
2023-08-04,RA,Hanna,206,discharge,13:51:00,14:21:55,6000,1855,462,0,0
2023-08-04,RA,Hanna,206,discharge,13:51:00,14:22:00,6000,1860,462,0,0
2023-08-04,RA,Hanna,206,discharge,13:51:00,14:22:05,6000,1865,462,0,0
2023-08-04,RA,Hanna,206,discharge,13:51:00,14:22:10,6000,1870,462,0,0
2023-08-04,RA,Hanna,206,discharge,13:51:00,14:22:15,6000,1875,462,0,0
2023-08-04,RA,Hanna,206,discharge,13:51:00,14:22:20,6000,1880,462,0,0
2023-08-04,RA,Hanna,206,discharge,13:51:00,14:22:25,6000,1885,462,0,0
2023-08-04,RA,Hanna,206,discharge,13:51:00,14:22:30,6000,1890,462,0,0
2023-08-04,RA,Hanna,206,discharge,13:51:00,14:22:35,6000,1895,462,0,0
2023-08-04,RA,Hanna,206,discharge,13:51:00,14:22:40,6000,1900,462,0,0
2023-08-04,RA,Hanna,206,discharge,13:51:00,14:22:45,6000,1905,462,0,0
2023-08-04,RA,Hanna,206,discharge,13:51:00,14:22:50,6000,1910,462,0,0
2023-08-04,RA,Hanna,206,discharge,13:51:00,14:22:55,6000,1915,462,0,0
2023-08-04,RA,Hanna,206,discharge,13:51:00,14:23:00,6000,1920,462,0,0
2023-08-04,RA,Hanna,206,discharge,13:51:00,14:23:05,6000,1925,462,0,0
2023-08-04,RA,Hanna,206,discharge,13:51:00,14:23:10,6000,1930,462,0,0
2023-08-04,RA,Hanna,206,discharge,13:51:00,14:23:15,6000,1935,462,0,0
2023-08-04,RA,Hanna,206,discharge,13:51:00,14:23:20,6000,1940,462,0,0
2023-08-04,RA,Hanna,206,discharge,13:51:00,14:23:25,6000,1945,462,0,0
2023-08-04,RA,Hanna,206,discharge,13:51:00,14:23:30,6000,1950,462,0,0
2023-08-04,RA,Hanna,206,discharge,13:51:00,14:23:35,6000,1955,462,0,0
2023-08-04,RA,Hanna,206,discharge,13:51:00,14:23:40,6000,1960,462,0,0
2023-08-04,RA,Hanna,206,discharge,13:51:00,14:23:45,6000,1965,462,0,0
2023-08-04,RA,Hanna,206,discharge,13:51:00,14:23:50,6000,1970,462,0,0
2023-08-04,RA,Hanna,206,discharge,13:51:00,14:23:55,6000,1975,462,0,0
2023-08-04,RA,Hanna,206,discharge,13:51:00,14:24:00,6000,1980,462,0,0
2023-08-04,RA,Hanna,206,discharge,13:51:00,14:24:05,6000,1985,462,0,0
2023-08-04,RA,Hanna,206,discharge,13:51:00,14:24:10,6000,1990,462,0,0
2023-08-04,RA,Hanna,206,discharge,13:51:00,14:24:15,6000,1995,462,0,0
2023-08-04,RA,Hanna,206,discharge,13:51:00,14:24:20,6000,2000,462,0,0
2023-08-04,RA,Hanna,206,discharge,13:51:00,14:24:25,6000,2005,462,0,0
2023-08-04,RA,Hanna,206,discharge,13:51:00,14:24:30,6000,2010,462,0,0
2023-08-04,RA,Hanna,206,discharge,13:51:00,14:24:35,6000,2015,462,0,0
2023-08-04,RA,Hanna,206,discharge,13:51:00,14:24:40,6000,2020,462,0,0
2023-08-04,RA,Hanna,206,discharge,13:51:00,14:24:45,6000,2025,462,0,0
2023-08-04,RA,Hanna,206,discharge,13:51:00,14:24:50,6000,2030,462,0,0
2023-08-04,RA,Hanna,206,discharge,13:51:00,14:24:55,6000,2035,462,0,0
2023-08-04,RA,Hanna,206,discharge,13:51:00,14:25:00,6000,2040,462,0,0
2023-08-04,RA,Hanna,206,discharge,13:51:00,14:25:05,6000,2045,462,0,0
2023-08-04,RA,Hanna,206,discharge,13:51:00,14:25:10,6000,2050,462,0,0
2023-08-04,RA,Hanna,206,discharge,13:51:00,14:25:15,6000,2055,462,0,0
2023-08-04,RA,Hanna,206,discharge,13:51:00,14:25:20,6000,2060,462,0,0
2023-08-04,RA,Hanna,206,discharge,13:51:00,14:25:25,6000,2065,462,0,0
2023-08-04,RA,Hanna,206,discharge,13:51:00,14:25:30,6000,2070,462,0,0
2023-08-04,RA,Hanna,206,discharge,13:51:00,14:25:35,6000,2075,462,0,0
2023-08-04,RA,Hanna,206,discharge,13:51:00,14:25:40,6000,2080,462,0,0
2023-08-04,RA,Hanna,206,discharge,13:51:00,14:25:45,6000,2085,462,0,0
2023-08-04,RA,Hanna,206,discharge,13:51:00,14:25:50,6000,2090,462,0,0
2023-08-04,RA,Hanna,206,discharge,13:51:00,14:25:55,6000,2095,462,0,0
2023-08-04,RA,Hanna,206,discharge,13:51:00,14:26:00,6000,2100,462,0,0
2023-08-04,RA,Hanna,206,discharge,13:51:00,14:26:05,6000,2105,462,0,0
2023-08-04,RA,Hanna,206,discharge,13:51:00,14:26:10,6000,2110,462,0,0
2023-08-04,RA,Hanna,206,discharge,13:51:00,14:26:15,6000,2115,462,0,0
2023-08-04,RA,Hanna,206,discharge,13:51:00,14:26:20,6000,2120,462,0,0
2023-08-04,RA,Hanna,206,discharge,13:51:00,14:26:25,6000,2125,462,0,0
2023-08-04,RA,Hanna,206,discharge,13:51:00,14:26:30,6000,2130,462,0,0
2023-08-04,RA,Hanna,206,discharge,13:51:00,14:26:35,6000,2135,462,0,0
2023-08-04,RA,Hanna,206,discharge,13:51:00,14:26:40,6000,2140,462,0,0
2023-08-04,RA,Hanna,206,discharge,13:51:00,14:26:45,6000,2145,462,0,0
2023-08-04,RA,Hanna,206,discharge,13:51:00,14:26:50,6000,2150,462,0,0
2023-08-04,RA,Hanna,206,discharge,13:51:00,14:26:55,6000,2155,462,0,0
2023-08-04,RA,Hanna,206,discharge,13:51:00,14:27:00,6000,2160,462,0,0
2023-08-04,RA,Hanna,206,discharge,13:51:00,14:27:05,6000,2165,462,0,0
2023-08-04,RA,Hanna,206,discharge,13:51:00,14:27:10,6000,2170,462,0,0
2023-08-04,RA,Hanna,206,discharge,13:51:00,14:27:15,6000,2175,462,0,0
2023-08-04,RA,Hanna,206,discharge,13:51:00,14:27:20,6000,2180,462,0,0
2023-08-04,RA,Hanna,206,discharge,13:51:00,14:27:25,6000,2185,462,0,0
2023-08-04,RA,Hanna,206,discharge,13:51:00,14:27:30,6000,2190,462,0,0
2023-08-04,RA,Hanna,206,discharge,13:51:00,14:27:35,6000,2195,462,0,0
2023-08-04,RA,Hanna,206,discharge,13:51:00,14:27:40,6000,2200,462,0,0
2023-08-04,RA,Hanna,206,discharge,13:51:00,14:27:45,6000,2205,462,0,0
2023-08-04,RA,Hanna,206,discharge,13:51:00,14:27:50,6000,2210,462,0,0
2023-08-04,RA,Hanna,206,discharge,13:51:00,14:27:55,6000,2215,462,0,0
2023-08-04,RA,Hanna,206,discharge,13:51:00,14:28:00,6000,2220,462,0,0
2023-08-04,RA,Hanna,206,discharge,13:51:00,14:28:05,6000,2225,462,0,0
2023-08-04,RA,Hanna,206,discharge,13:51:00,14:28:10,6000,2230,462,0,0
2023-08-04,RA,Hanna,206,discharge,13:51:00,14:28:15,6000,2235,462,0,0
2023-08-04,RA,Hanna,206,discharge,13:51:00,14:28:20,6000,2240,462,0,0
2023-08-04,RA,Hanna,206,discharge,13:51:00,14:28:25,6000,2245,462,0,0
2023-08-04,RA,Hanna,206,discharge,13:51:00,14:28:30,6000,2250,462,0,0
2023-08-04,RA,Hanna,206,discharge,13:51:00,14:28:35,6000,2255,462,0,0
2023-08-04,RA,Hanna,206,discharge,13:51:00,14:28:40,6000,2260,462,0,0
2023-08-04,RA,Hanna,206,discharge,13:51:00,14:28:45,6000,2265,462,0,0
2023-08-04,RA,Hanna,206,discharge,13:51:00,14:28:50,6000,2270,462,0,0
2023-08-04,RA,Hanna,206,discharge,13:51:00,14:28:55,6000,2275,462,0,0
2023-08-04,RA,Hanna,206,discharge,13:51:00,14:29:00,6000,2280,462,0,0
2023-08-04,RA,Hanna,206,discharge,13:51:00,14:29:05,6000,2285,462,0,0
2023-08-04,RA,Hanna,206,discharge,13:51:00,14:29:10,6000,2290,462,0,0
2023-08-04,RA,Hanna,206,discharge,13:51:00,14:29:15,6000,2295,462,0,0
2023-08-04,RA,Hanna,206,discharge,13:51:00,14:29:20,6000,2300,462,0,0
2023-08-04,RA,Hanna,206,discharge,13:51:00,14:29:25,6000,2305,462,0,0
2023-08-04,RA,Hanna,206,discharge,13:51:00,14:29:30,6000,2310,462,0,0
2023-08-04,RA,Hanna,206,discharge,13:51:00,14:29:35,6000,2315,462,0,0
2023-08-04,RA,Hanna,206,discharge,13:51:00,14:29:40,6000,2320,462,0,0
2023-08-04,RA,Hanna,206,discharge,13:51:00,14:29:45,6000,2325,462,0,0
2023-08-04,RA,Hanna,206,discharge,13:51:00,14:29:50,6000,2330,462,0,0
2023-08-04,RA,Hanna,206,discharge,13:51:00,14:29:55,6000,2335,462,0,0
2023-08-04,RA,Hanna,206,discharge,13:51:00,14:30:00,6000,2340,462,0,0
2023-08-04,RA,Hanna,206,discharge,13:51:00,14:30:05,6000,2345,462,0,0
2023-08-04,RA,Hanna,206,discharge,13:51:00,14:30:10,6000,2350,462,0,0
2023-08-04,RA,Hanna,206,discharge,13:51:00,14:30:15,6000,2355,462,0,0
2023-08-04,RA,Hanna,206,discharge,13:51:00,14:30:20,6000,2360,462,0,0
2023-08-04,RA,Hanna,206,discharge,13:51:00,14:30:25,6000,2365,462,0,0
2023-08-04,RA,Hanna,206,discharge,13:51:00,14:30:30,6000,2370,462,0,0
2023-08-04,RA,Hanna,206,discharge,13:51:00,14:30:35,6000,2375,462,0,0
2023-08-04,RA,Hanna,206,discharge,13:51:00,14:30:40,6000,2380,462,0,0
2023-08-04,RA,Hanna,206,discharge,13:51:00,14:30:45,6000,2385,462,0,0
2023-08-04,RA,Hanna,206,discharge,13:51:00,14:30:50,6000,2390,462,0,0
2023-08-04,RA,Hanna,206,discharge,13:51:00,14:30:55,6000,2395,462,0,0
2023-08-04,RA,Hanna,206,discharge,13:51:00,14:31:00,6000,2400,462,0,0
2023-08-04,RA,Hanna,206,discharge,13:51:00,14:31:05,6000,2405,462,0,0
2023-08-04,RA,Hanna,206,discharge,13:51:00,14:31:10,6000,2410,462,0,0
2023-08-04,RA,Hanna,206,discharge,13:51:00,14:31:15,6000,2415,462,0,0
2023-08-04,RA,Hanna,206,discharge,13:51:00,14:31:20,6000,2420,462,0,0
2023-08-04,RA,Hanna,206,discharge,13:51:00,14:31:25,6000,2425,462,0,0
2023-08-04,RA,Hanna,206,discharge,13:51:00,14:31:30,6000,2430,462,0,0
2023-08-04,RA,Hanna,206,discharge,13:51:00,14:31:35,6000,2435,462,0,0
2023-08-04,RA,Hanna,206,discharge,13:51:00,14:31:40,6000,2440,462,0,0
2023-08-04,RA,Hanna,206,discharge,13:51:00,14:31:45,6000,2445,462,0,0
2023-08-04,RA,Hanna,206,discharge,13:51:00,14:31:50,6000,2450,462,0,0
2023-08-04,RA,Hanna,206,discharge,13:51:00,14:31:55,6000,2455,462,0,0
2023-08-04,RA,Hanna,206,discharge,13:51:00,14:32:00,6000,2460,462,0,0
2023-08-04,RA,Hanna,206,discharge,13:51:00,14:32:05,6000,2465,462,0,0
2023-08-04,RA,Hanna,206,discharge,13:51:00,14:32:10,6000,2470,462,0,0
2023-08-04,RA,Hanna,206,discharge,13:51:00,14:32:15,6000,2475,462,0,0
2023-08-04,RA,Hanna,206,discharge,13:51:00,14:32:20,6000,2480,462,0,0
2023-08-04,RA,Hanna,206,discharge,13:51:00,14:32:25,6000,2485,462,0,0
2023-08-04,RA,Hanna,206,discharge,13:51:00,14:32:30,6000,2490,462,0,0
2023-08-04,RA,Hanna,206,discharge,13:51:00,14:32:35,6000,2495,462,0,0
2023-08-04,RA,Hanna,206,discharge,13:51:00,14:32:40,6000,2500,462,0,0
2023-08-04,RA,Hanna,206,discharge,13:51:00,14:32:45,6000,2505,462,0,0
2023-08-04,RA,Hanna,206,discharge,13:51:00,14:32:50,6000,2510,462,0,0
2023-08-04,RA,Hanna,206,discharge,13:51:00,14:32:55,6000,2515,462,0,0
2023-08-04,RA,Hanna,206,discharge,13:51:00,14:33:00,6000,2520,462,0,0
2023-08-04,RA,Hanna,206,discharge,13:51:00,14:33:05,6000,2525,462,0,0
2023-08-04,RA,Hanna,206,discharge,13:51:00,14:33:10,6000,2530,462,0,0
2023-08-04,RA,Hanna,206,discharge,13:51:00,14:33:15,6000,2535,462,0,0
2023-08-04,RA,Hanna,206,discharge,13:51:00,14:33:20,6000,2540,462,0,0
2023-08-04,RA,Hanna,206,discharge,13:51:00,14:33:25,6000,2545,462,0,0
2023-08-04,RA,Hanna,206,discharge,13:51:00,14:33:30,6000,2550,462,0,0
2023-08-04,RA,Hanna,206,discharge,13:51:00,14:33:35,6000,2555,462,0,0
2023-08-04,RA,Hanna,206,discharge,13:51:00,14:33:40,6000,2560,462,0,0
2023-08-04,RA,Hanna,206,discharge,13:51:00,14:33:45,6000,2565,462,0,0
2023-08-04,RA,Hanna,206,discharge,13:51:00,14:33:50,6000,2570,462,0,0
2023-08-04,RA,Hanna,206,discharge,13:51:00,14:33:55,6000,2575,462,0,0
2023-08-04,RA,Hanna,206,discharge,13:51:00,14:34:00,6000,2580,462,0,0
2023-08-04,RA,Hanna,206,discharge,13:51:00,14:34:05,6000,2585,462,0,0
2023-08-04,RA,Hanna,206,discharge,13:51:00,14:34:10,6000,2590,462,0,0
2023-08-04,RA,Hanna,206,discharge,13:51:00,14:34:15,6000,2595,462,0,0
2023-08-04,RA,Hanna,206,discharge,13:51:00,14:34:20,6000,2600,462,0,0
2023-08-04,RA,Hanna,206,discharge,13:51:00,14:34:25,6000,2605,462,0,0
2023-08-04,RA,Hanna,206,discharge,13:51:00,14:34:30,6000,2610,462,0,0
2023-08-04,RA,Hanna,206,discharge,13:51:00,14:34:35,6000,2615,462,0,0
2023-08-04,RA,Hanna,206,discharge,13:51:00,14:34:40,6000,2620,462,0,0
2023-08-04,RA,Hanna,206,discharge,13:51:00,14:34:45,6000,2625,462,0,0
2023-08-04,RA,Hanna,206,discharge,13:51:00,14:34:50,6000,2630,462,0,0
2023-08-04,RA,Hanna,206,discharge,13:51:00,14:34:55,6000,2635,462,0,0
2023-08-04,RA,Hanna,206,discharge,13:51:00,14:35:00,6000,2640,462,0,0
2023-08-04,RA,Hanna,206,discharge,13:51:00,14:35:05,6000,2645,462,0,0
2023-08-04,RA,Hanna,206,discharge,13:51:00,14:35:10,6000,2650,462,0,0
2023-08-04,RA,Hanna,206,discharge,13:51:00,14:35:15,6000,2655,462,0,0
2023-08-04,RA,Hanna,206,discharge,13:51:00,14:35:20,6000,2660,462,0,0
2023-08-04,RA,Hanna,206,discharge,13:51:00,14:35:25,6000,2665,462,0,0
2023-08-04,RA,Hanna,206,discharge,13:51:00,14:35:30,6000,2670,462,0,0
2023-08-04,RA,Hanna,206,discharge,13:51:00,14:35:35,6000,2675,462,0,0
2023-08-04,RA,Hanna,206,discharge,13:51:00,14:35:40,6000,2680,462,0,0
2023-08-04,RA,Hanna,206,discharge,13:51:00,14:35:45,6000,2685,462,0,0
2023-08-04,RA,Hanna,206,discharge,13:51:00,14:35:50,6000,2690,462,0,0
2023-08-04,RA,Hanna,206,discharge,13:51:00,14:35:55,6000,2695,462,0,0
2023-08-04,RA,Hanna,206,discharge,13:51:00,14:36:00,6000,2700,462,0,0
2023-08-04,RA,Hanna,206,discharge,13:51:00,14:36:05,6000,2705,462,0,0
2023-08-04,RA,Hanna,206,discharge,13:51:00,14:36:10,6000,2710,462,0,0
2023-08-04,RA,Hanna,206,discharge,13:51:00,14:36:15,6000,2715,462,0,0
2023-08-04,RA,Hanna,206,discharge,13:51:00,14:36:20,6000,2720,462,0,0
2023-08-04,RA,Hanna,206,discharge,13:51:00,14:36:25,6000,2725,462,0,0
2023-08-04,RA,Hanna,206,discharge,13:51:00,14:36:30,6000,2730,462,0,0
2023-08-04,RA,Hanna,206,discharge,13:51:00,14:36:35,6000,2735,462,0,0
2023-08-04,RA,Hanna,206,discharge,13:51:00,14:36:40,6000,2740,462,0,0
2023-08-04,RA,Hanna,206,discharge,13:51:00,14:36:45,6000,2745,462,0,0
2023-08-04,RA,Hanna,206,discharge,13:51:00,14:36:50,6000,2750,462,0,0
2023-08-04,RA,Hanna,206,discharge,13:51:00,14:36:55,6000,2755,462,0,0
2023-08-04,RA,Hanna,206,discharge,13:51:00,14:37:00,6000,2760,462,0,0
2023-08-04,RA,Hanna,206,discharge,13:51:00,14:37:05,6000,2765,462,0,0
2023-08-04,RA,Hanna,206,discharge,13:51:00,14:37:10,6000,2770,462,0,0
2023-08-04,RA,Hanna,206,discharge,13:51:00,14:37:15,6000,2775,462,0,0
2023-08-04,RA,Hanna,206,discharge,13:51:00,14:37:20,6000,2780,462,0,0
2023-08-04,RA,Hanna,206,discharge,13:51:00,14:37:25,6000,2785,462,0,0
2023-08-04,RA,Hanna,206,discharge,13:51:00,14:37:30,6000,2790,462,0,0
2023-08-04,RA,Hanna,206,discharge,13:51:00,14:37:35,6000,2795,462,0,0
2023-08-04,RA,Hanna,206,discharge,13:51:00,14:37:40,6000,2800,462,0,0
2023-08-04,RA,Hanna,206,discharge,13:51:00,14:37:45,6000,2805,462,0,0
2023-08-04,RA,Hanna,206,discharge,13:51:00,14:37:50,6000,2810,462,0,0
2023-08-04,RA,Hanna,206,discharge,13:51:00,14:37:55,6000,2815,462,0,0
2023-08-04,RA,Hanna,206,discharge,13:51:00,14:38:00,6000,2820,462,0,0
2023-08-04,RA,Hanna,206,discharge,13:51:00,14:38:05,6000,2825,462,0,0
2023-08-04,RA,Hanna,206,discharge,13:51:00,14:38:10,6000,2830,462,0,0
2023-08-04,RA,Hanna,206,discharge,13:51:00,14:38:15,6000,2835,462,0,0
2023-08-04,RA,Hanna,206,discharge,13:51:00,14:38:20,6000,2840,462,0,0
2023-08-04,RA,Hanna,206,discharge,13:51:00,14:38:25,6000,2845,462,0,0
2023-08-04,RA,Hanna,206,discharge,13:51:00,14:38:30,6000,2850,462,0,0
2023-08-04,RA,Hanna,206,discharge,13:51:00,14:38:35,6000,2855,462,0,0
2023-08-04,RA,Hanna,206,discharge,13:51:00,14:38:40,6000,2860,462,0,0
2023-08-04,RA,Hanna,206,discharge,13:51:00,14:38:45,6000,2865,462,0,0
2023-08-04,RA,Hanna,206,discharge,13:51:00,14:38:50,6000,2870,462,0,0
2023-08-04,RA,Hanna,206,discharge,13:51:00,14:38:55,6000,2875,462,0,0
2023-08-04,RA,Hanna,206,discharge,13:51:00,14:39:00,6000,2880,462,0,0
2023-08-04,RA,Hanna,206,discharge,13:51:00,14:39:05,6000,2885,462,0,0
2023-08-04,RA,Hanna,206,discharge,13:51:00,14:39:10,6000,2890,462,0,0
2023-08-04,RA,Hanna,206,discharge,13:51:00,14:39:15,6000,2895,462,0,0
2023-08-04,RA,Hanna,206,discharge,13:51:00,14:39:20,6000,2900,462,0,0
2023-08-04,RA,Hanna,206,discharge,13:51:00,14:39:25,6000,2905,462,0,0
2023-08-04,RA,Hanna,206,discharge,13:51:00,14:39:30,6000,2910,462,0,0
2023-08-04,RA,Hanna,206,discharge,13:51:00,14:39:35,6000,2915,462,0,0
2023-08-04,RA,Hanna,206,discharge,13:51:00,14:39:40,6000,2920,462,0,0
2023-08-04,RA,Hanna,206,discharge,13:51:00,14:39:45,6000,2925,462,0,0
2023-08-04,RA,Hanna,206,discharge,13:51:00,14:39:50,6000,2930,462,0,0
2023-08-04,RA,Hanna,206,discharge,13:51:00,14:39:55,6000,2935,462,0,0
2023-08-04,RA,Hanna,206,discharge,13:51:00,14:40:00,6000,2940,462,0,0
2023-08-04,RA,Hanna,206,discharge,13:51:00,14:40:05,6000,2945,462,0,0
2023-08-04,RA,Hanna,206,discharge,13:51:00,14:40:10,6000,2950,462,0,0
2023-08-04,RA,Hanna,206,discharge,13:51:00,14:40:15,6000,2955,462,0,0
2023-08-04,RA,Hanna,206,discharge,13:51:00,14:40:20,6000,2960,462,0,0
2023-08-04,RA,Hanna,206,discharge,13:51:00,14:40:25,6000,2965,462,0,0
2023-08-04,RA,Hanna,206,discharge,13:51:00,14:40:30,6000,2970,462,0,0
2023-08-04,RA,Hanna,206,discharge,13:51:00,14:40:35,6000,2975,462,0,0
2023-08-04,RA,Hanna,206,discharge,13:51:00,14:40:40,6000,2980,462,0,0
2023-08-04,RA,Hanna,206,discharge,13:51:00,14:40:45,6000,2985,462,0,0
2023-08-04,RA,Hanna,206,discharge,13:51:00,14:40:50,6000,2990,462,0,0
2023-08-04,RA,Hanna,206,discharge,13:51:00,14:40:55,6000,2995,462,0,0
2023-08-04,RA,Hanna,206,discharge,13:51:00,14:41:00,6000,3000,462,0,0
2023-08-04,RA,Hanna,206,discharge,13:51:00,14:41:05,6000,3005,462,0,0
2023-08-04,RA,Hanna,206,discharge,13:51:00,14:41:10,6000,3010,462,0,0
2023-08-04,RA,Hanna,206,discharge,13:51:00,14:41:15,6000,3015,462,0,0
2023-08-04,RA,Hanna,206,discharge,13:51:00,14:41:20,6000,3020,462,0,0
2023-08-04,RA,Hanna,206,discharge,13:51:00,14:41:25,6000,3025,462,0,0
2023-08-04,RA,Hanna,206,discharge,13:51:00,14:41:30,6000,3030,462,0,0
2023-08-04,RA,Hanna,206,discharge,13:51:00,14:41:35,6000,3035,462,0,0
2023-08-04,RA,Hanna,206,discharge,13:51:00,14:41:40,6000,3040,462,0,0
2023-08-04,RA,Hanna,206,discharge,13:51:00,14:41:45,6000,3045,462,0,0
2023-08-04,RA,Hanna,206,discharge,13:51:00,14:41:50,6000,3050,462,0,0
2023-08-04,RA,Hanna,206,discharge,13:51:00,14:41:55,6000,3055,462,0,0
2023-08-04,RA,Hanna,206,discharge,13:51:00,14:42:00,6000,3060,462,0,0
2023-08-04,RA,Hanna,206,discharge,13:51:00,14:42:05,6000,3065,462,0,0
2023-08-04,RA,Hanna,206,discharge,13:51:00,14:42:10,6000,3070,462,0,0
2023-08-04,RA,Hanna,206,discharge,13:51:00,14:42:15,6000,3075,462,0,0
2023-08-04,RA,Hanna,206,discharge,13:51:00,14:41:59,6000,3080,462,0,0
2023-08-04,RA,Hanna,206,discharge,13:51:00,14:42:20,6000,3085,463,1,0.5
2023-08-04,RA,Hanna,206,discharge,13:51:00,14:42:25,6000,3090,463,1,0.5
2023-08-04,RA,Hanna,206,discharge,13:51:00,14:42:30,6000,3095,463,1,0.5
2023-08-04,RA,Hanna,206,discharge,13:51:00,14:42:35,6000,3100,463,1,0.5
2023-08-04,RA,Hanna,206,discharge,13:51:00,14:42:40,6000,3105,463,1,0.5
2023-08-04,RA,Hanna,206,discharge,13:51:00,14:42:45,6000,3110,463,1,0.5
2023-08-04,RA,Hanna,206,discharge,13:51:00,14:42:50,6000,3115,463,1,0.5
2023-08-04,RA,Hanna,206,discharge,13:51:00,14:42:55,6000,3120,463,1,0.5
2023-08-04,RA,Hanna,206,discharge,13:51:00,14:43:00,6000,3125,463,1,0.5
2023-08-04,RA,Hanna,206,discharge,13:51:00,14:43:05,6000,3130,463,1,0.5
2023-08-04,RA,Hanna,206,discharge,13:51:00,14:43:10,6000,3135,463,1,0.5
2023-08-04,RA,Hanna,206,discharge,13:51:00,14:43:15,6000,3140,463,1,0.5
2023-08-04,RA,Hanna,206,discharge,13:51:00,14:43:20,6000,3145,463,1,0.5
2023-08-04,RA,Hanna,206,discharge,13:51:00,14:43:25,6000,3150,463,1,0.5
2023-08-04,RA,Hanna,206,discharge,13:51:00,14:43:30,6000,3155,463,1,0.5
2023-08-04,RA,Hanna,206,discharge,13:51:00,14:43:35,6000,3160,463,1,0.5
2023-08-04,RA,Hanna,206,discharge,13:51:00,14:43:40,6000,3165,463,1,0.5
2023-08-04,RA,Hanna,206,discharge,13:51:00,14:43:45,6000,3170,463,1,0.5
2023-08-04,RA,Hanna,206,discharge,13:51:00,14:43:50,6000,3175,463,1,0.5
2023-08-04,RA,Hanna,206,discharge,13:51:00,14:43:55,6000,3180,463,1,0.5
2023-08-04,RA,Hanna,206,discharge,13:51:00,14:44:00,6000,3185,463,1,0.5
2023-08-04,RA,Hanna,206,discharge,13:51:00,14:44:05,6000,3190,463,1,0.5
2023-08-04,RA,Hanna,206,discharge,13:51:00,14:44:10,6000,3195,463,1,0.5
2023-08-04,RA,Hanna,206,discharge,13:51:00,14:44:15,6000,3200,463,1,0.5
2023-08-04,RA,Hanna,206,discharge,13:51:00,14:44:20,6000,3205,463,1,0.5
2023-08-04,RA,Hanna,206,discharge,13:51:00,14:44:25,6000,3210,463,1,0.5
2023-08-04,RA,Hanna,206,discharge,13:51:00,14:44:30,6000,3215,463,1,0.5
2023-08-04,RA,Hanna,206,discharge,13:51:00,14:44:35,6000,3220,463,1,0.5
2023-08-04,RA,Hanna,206,discharge,13:51:00,14:44:40,6000,3225,463,1,0.5
2023-08-04,RA,Hanna,206,discharge,13:51:00,14:44:45,6000,3230,463,1,0.5
2023-08-04,RA,Hanna,206,discharge,13:51:00,14:44:50,6000,3235,463,1,0.5
2023-08-04,RA,Hanna,206,discharge,13:51:00,14:44:55,6000,3240,463,1,0.5
2023-08-04,RA,Hanna,206,discharge,13:51:00,14:45:00,6000,3245,463,1,0.5
2023-08-04,RA,Hanna,206,discharge,13:51:00,14:45:05,6000,3250,463,1,0.5
2023-08-04,RA,Hanna,206,discharge,13:51:00,14:45:10,6000,3255,463,1,0.5
2023-08-04,RA,Hanna,206,discharge,13:51:00,14:45:15,6000,3260,463,1,0.5
2023-08-04,RA,Hanna,206,discharge,13:51:00,14:45:20,6000,3265,463,1,0.5
2023-08-04,RA,Hanna,206,discharge,13:51:00,14:45:25,6000,3270,463,1,0.5
2023-08-04,RA,Hanna,206,discharge,13:51:00,14:45:30,6000,3275,463,1,0.5
2023-08-04,RA,Hanna,206,discharge,13:51:00,14:45:35,6000,3280,463,1,0.5
2023-08-04,RA,Hanna,206,discharge,13:51:00,14:45:40,6000,3285,463,1,0.5
2023-08-04,RA,Hanna,206,discharge,13:51:00,14:45:45,6000,3290,463,1,0.5
2023-08-04,RA,Hanna,206,discharge,13:51:00,14:45:50,6000,3295,463,1,0.5
2023-08-04,RA,Hanna,206,discharge,13:51:00,14:45:55,6000,3300,463,1,0.5
2023-08-04,RA,Hanna,206,discharge,13:51:00,14:46:00,6000,3305,463,1,0.5
2023-08-04,RA,Hanna,206,discharge,13:51:00,14:46:05,6000,3310,463,1,0.5
2023-08-04,RA,Hanna,206,discharge,13:51:00,14:46:10,6000,3315,463,1,0.5
2023-08-04,RA,Hanna,206,discharge,13:51:00,14:46:15,6000,3320,463,1,0.5
2023-08-04,RA,Hanna,206,discharge,13:51:00,14:46:20,6000,3325,463,1,0.5
2023-08-04,RA,Hanna,206,discharge,13:51:00,14:46:25,6000,3330,463,1,0.5
2023-08-04,RA,Hanna,206,discharge,13:51:00,14:46:30,6000,3335,463,1,0.5
2023-08-04,RA,Hanna,206,discharge,13:51:00,14:46:35,6000,3340,463,1,0.5
2023-08-04,RA,Hanna,206,discharge,13:51:00,14:46:40,6000,3345,463,1,0.5
2023-08-04,RA,Hanna,206,discharge,13:51:00,14:46:45,6000,3350,463,1,0.5
2023-08-04,RA,Hanna,206,discharge,13:51:00,14:46:50,6000,3355,463,1,0.5
2023-08-04,RA,Hanna,206,discharge,13:51:00,14:46:55,6000,3360,463,1,0.5
2023-08-04,RA,Hanna,206,discharge,13:51:00,14:47:00,6000,3365,463,1,0.5
2023-08-04,RA,Hanna,206,discharge,13:51:00,14:47:05,6000,3370,463,1,0.5
2023-08-04,RA,Hanna,206,discharge,13:51:00,14:47:10,6000,3375,463,1,0.5
2023-08-04,RA,Hanna,206,discharge,13:51:00,14:47:15,6000,3380,463,1,0.5
2023-08-04,RA,Hanna,206,discharge,13:51:00,14:47:20,6000,3385,463,1,0.5
2023-08-04,RA,Hanna,206,discharge,13:51:00,14:47:25,6000,3390,463,1,0.5
2023-08-04,RA,Hanna,206,discharge,13:51:00,14:47:30,6000,3395,463,1,0.5
2023-08-04,RA,Hanna,206,discharge,13:51:00,14:47:35,6000,3400,463,1,0.5
2023-08-04,RA,Hanna,206,discharge,13:51:00,14:47:40,6000,3405,463,1,0.5
2023-08-04,RA,Hanna,206,discharge,13:51:00,14:47:45,6000,3410,463,1,0.5
2023-08-04,RA,Hanna,206,discharge,13:51:00,14:47:50,6000,3415,463,1,0.5
2023-08-04,RA,Hanna,206,discharge,13:51:00,14:47:55,6000,3420,463,1,0.5
2023-08-04,RA,Hanna,206,discharge,13:51:00,14:48:00,6000,3425,464,2,0.9
2023-08-04,RA,Hanna,206,discharge,13:51:00,14:48:05,6000,3430,464,2,0.9
2023-08-04,RA,Hanna,206,discharge,13:51:00,14:48:10,6000,3435,464,2,0.9
2023-08-04,RA,Hanna,206,discharge,13:51:00,14:48:15,6000,3440,464,2,0.9
2023-08-04,RA,Hanna,206,discharge,13:51:00,14:48:20,6000,3445,464,2,0.9
2023-08-04,RA,Hanna,206,discharge,13:51:00,14:48:25,6000,3450,464,2,0.9
2023-08-04,RA,Hanna,206,discharge,13:51:00,14:48:30,6000,3455,464,2,0.9
2023-08-04,RA,Hanna,206,discharge,13:51:00,14:48:35,6000,3460,464,2,0.9
2023-08-04,RA,Hanna,206,discharge,13:51:00,14:48:40,6000,3465,464,2,0.9
2023-08-04,RA,Hanna,206,discharge,13:51:00,14:48:45,6000,3470,464,2,0.9
2023-08-04,RA,Hanna,206,discharge,13:51:00,14:48:50,6000,3475,464,2,0.9
2023-08-04,RA,Hanna,206,discharge,13:51:00,14:48:55,6000,3480,464,2,0.9
2023-08-04,RA,Hanna,206,discharge,13:51:00,14:49:00,6000,3485,464,2,0.9
2023-08-04,RA,Hanna,206,discharge,13:51:00,14:49:05,6000,3490,464,2,0.9
2023-08-04,RA,Hanna,206,discharge,13:51:00,14:49:10,6000,3495,464,2,0.9
2023-08-04,RA,Hanna,206,discharge,13:51:00,14:49:15,6000,3500,464,2,0.9
2023-08-04,RA,Hanna,206,discharge,13:51:00,14:49:20,6000,3505,464,2,0.9
2023-08-04,RA,Hanna,206,discharge,13:51:00,14:49:25,6000,3510,464,2,0.9
2023-08-04,RA,Hanna,206,discharge,13:51:00,14:49:30,6000,3515,464,2,0.9
2023-08-04,RA,Hanna,206,discharge,13:51:00,14:49:35,6000,3520,464,2,0.9
2023-08-04,RA,Hanna,206,discharge,13:51:00,14:49:40,6000,3525,464,2,0.9
2023-08-04,RA,Hanna,206,discharge,13:51:00,14:49:45,6000,3530,464,2,0.9
2023-08-04,RA,Hanna,206,discharge,13:51:00,14:49:50,6000,3535,464,2,0.9
2023-08-04,RA,Hanna,206,discharge,13:51:00,14:49:55,6000,3540,464,2,0.9
2023-08-04,RA,Hanna,206,discharge,13:51:00,14:50:00,6000,3545,464,2,0.9
2023-08-04,RA,Hanna,206,discharge,13:51:00,14:50:05,6000,3550,464,2,0.9
2023-08-04,RA,Hanna,206,discharge,13:51:00,14:50:10,6000,3555,464,2,0.9
2023-08-04,RA,Hanna,206,discharge,13:51:00,14:50:15,6000,3560,464,2,0.9
2023-08-04,RA,Hanna,206,discharge,13:51:00,14:50:20,6000,3565,464,2,0.9
2023-08-04,RA,Hanna,206,discharge,13:51:00,14:50:25,6000,3570,464,2,0.9
2023-08-04,RA,Hanna,206,discharge,13:51:00,14:50:30,6000,3575,464,2,0.9
2023-08-04,RA,Hanna,206,discharge,13:51:00,14:50:35,6000,3580,464,2,0.9
2023-08-04,RA,Hanna,206,discharge,13:51:00,14:50:40,6000,3585,464,2,0.9
2023-08-04,RA,Hanna,206,discharge,13:51:00,14:50:45,6000,3590,464,2,0.9
2023-08-04,RA,Hanna,206,discharge,13:51:00,14:50:50,6000,3595,464,2,0.9
2023-08-04,RA,Hanna,206,discharge,13:51:00,14:50:55,6000,3600,464,2,0.9
2023-08-04,RA,Hanna,206,discharge,13:51:00,14:51:00,6000,3605,464,2,0.9
2023-08-04,RA,Hanna,206,discharge,13:51:00,14:51:05,6000,3610,464,2,0.9
2023-08-04,RA,Hanna,206,discharge,13:51:00,14:51:10,6000,3615,464,2,0.9
2023-08-04,RA,Hanna,206,discharge,13:51:00,14:51:15,6000,3620,464,2,0.9
2023-08-04,RA,Hanna,206,discharge,13:51:00,14:51:20,6000,3625,464,2,0.9
2023-08-04,RA,Hanna,206,discharge,13:51:00,14:51:25,6000,3630,464,2,0.9
2023-08-04,RA,Hanna,206,discharge,13:51:00,14:51:30,6000,3635,464,2,0.9
2023-08-04,RA,Hanna,206,discharge,13:51:00,14:51:35,6000,3640,464,2,0.9
2023-08-04,RA,Hanna,206,discharge,13:51:00,14:51:40,6000,3645,464,2,0.9
2023-08-04,RA,Hanna,206,discharge,13:51:00,14:51:45,6000,3650,464,2,0.9
2023-08-04,RA,Hanna,206,discharge,13:51:00,14:51:50,6000,3655,464,2,0.9
2023-08-04,RA,Hanna,206,discharge,13:51:00,14:51:55,6000,3660,464,2,0.9
2023-08-04,RA,Hanna,206,discharge,13:51:00,14:52:00,6000,3665,464,2,0.9
2023-08-04,RA,Hanna,206,discharge,13:51:00,14:52:05,6000,3670,464,2,0.9
2023-08-04,RA,Hanna,206,discharge,13:51:00,14:52:10,6000,3675,464,2,0.9
2023-08-04,RA,Hanna,206,discharge,13:51:00,14:52:15,6000,3680,464,2,0.9
2023-08-04,RA,Hanna,206,discharge,13:51:00,14:52:20,6000,3685,464,2,0.9
2023-08-04,RA,Hanna,206,discharge,13:51:00,14:52:25,6000,3690,464,2,0.9
2023-08-04,RA,Hanna,206,discharge,13:51:00,14:52:30,6000,3695,464,2,0.9
2023-08-04,RA,Hanna,206,discharge,13:51:00,14:52:35,6000,3700,464,2,0.9
2023-08-04,RA,Hanna,206,discharge,13:51:00,14:52:40,6000,3705,464,2,0.9
2023-08-04,RA,Hanna,206,discharge,13:51:00,14:52:45,6000,3710,464,2,0.9
2023-08-04,RA,Hanna,206,discharge,13:51:00,14:52:50,6000,3715,464,2,0.9
2023-08-04,RA,Hanna,206,discharge,13:51:00,14:52:55,6000,3720,464,2,0.9
2023-08-04,RA,Hanna,206,discharge,13:51:00,14:53:00,6000,3725,464,2,0.9
2023-08-04,RA,Hanna,206,discharge,13:51:00,14:53:05,6000,3730,464,2,0.9
2023-08-04,RA,Hanna,206,discharge,13:51:00,14:53:10,6000,3735,464,2,0.9
2023-08-04,RA,Hanna,206,discharge,13:51:00,14:53:15,6000,3740,464,2,0.9
2023-08-04,RA,Hanna,206,discharge,13:51:00,14:53:20,6000,3745,464,2,0.9
2023-08-04,RA,Hanna,206,discharge,13:51:00,14:53:25,6000,3750,464,2,0.9
2023-08-04,RA,Hanna,206,discharge,13:51:00,14:53:30,6000,3755,464,2,0.9
2023-08-04,RA,Hanna,206,discharge,13:51:00,14:53:35,6000,3760,464,2,0.9
2023-08-04,RA,Hanna,206,discharge,13:51:00,14:53:40,6000,3765,464,2,0.9
2023-08-04,RA,Hanna,206,discharge,13:51:00,14:53:45,6000,3770,464,2,0.9
2023-08-04,RA,Hanna,206,discharge,13:51:00,14:53:50,6000,3775,464,2,0.9
2023-08-04,RA,Hanna,206,discharge,13:51:00,14:53:55,6000,3780,464,2,0.9
2023-08-04,RA,Hanna,206,discharge,13:51:00,14:54:00,6000,3785,464,2,0.9
2023-08-04,RA,Hanna,206,discharge,13:51:00,14:54:05,6000,3790,464,2,0.9
2023-08-04,RA,Hanna,206,discharge,13:51:00,14:54:10,6000,3795,465,3,1.4
2023-08-04,RA,Hanna,206,discharge,13:51:00,14:54:15,6000,3800,465,3,1.4
2023-08-04,RA,Hanna,206,discharge,13:51:00,14:54:20,6000,3805,465,3,1.4
2023-08-04,RA,Hanna,206,discharge,13:51:00,14:54:25,6000,3810,465,3,1.4
2023-08-04,RA,Hanna,206,discharge,13:51:00,14:54:30,6000,3815,465,3,1.4
2023-08-04,RA,Hanna,206,discharge,13:51:00,14:54:35,6000,3820,465,3,1.4
2023-08-04,RA,Hanna,206,discharge,13:51:00,14:54:40,6000,3825,465,3,1.4
2023-08-04,RA,Hanna,206,discharge,13:51:00,14:54:45,6000,3830,465,3,1.4
2023-08-04,RA,Hanna,206,discharge,13:51:00,14:54:50,6000,3835,465,3,1.4
2023-08-04,RA,Hanna,206,discharge,13:51:00,14:54:55,6000,3840,465,3,1.4
2023-08-04,RA,Hanna,206,discharge,13:51:00,14:55:00,6000,3845,465,3,1.4
2023-08-04,RA,Hanna,206,discharge,13:51:00,14:55:05,6000,3850,465,3,1.4
2023-08-04,RA,Hanna,206,discharge,13:51:00,14:55:10,6000,3855,465,3,1.4
2023-08-04,RA,Hanna,206,discharge,13:51:00,14:55:15,6000,3860,465,3,1.4
2023-08-04,RA,Hanna,206,discharge,13:51:00,14:55:20,6000,3865,465,3,1.4
2023-08-04,RA,Hanna,206,discharge,13:51:00,14:55:25,6000,3870,465,3,1.4
2023-08-04,RA,Hanna,206,discharge,13:51:00,14:55:30,6000,3875,465,3,1.4
2023-08-04,RA,Hanna,206,discharge,13:51:00,14:55:35,6000,3880,465,3,1.4
2023-08-04,RA,Hanna,206,discharge,13:51:00,14:55:40,6000,3885,465,3,1.4
2023-08-04,RA,Hanna,206,discharge,13:51:00,14:55:45,6000,3890,465,3,1.4
2023-08-04,RA,Hanna,206,discharge,13:51:00,14:55:50,6000,3895,465,3,1.4
2023-08-04,RA,Hanna,206,discharge,13:51:00,14:55:55,6000,3900,465,3,1.4
2023-08-04,RA,Hanna,206,discharge,13:51:00,14:56:00,6000,3905,465,3,1.4
2023-08-04,RA,Hanna,206,discharge,13:51:00,14:56:05,6000,3910,465,3,1.4
2023-08-04,RA,Hanna,206,discharge,13:51:00,14:56:10,6000,3915,465,3,1.4
2023-08-04,RA,Hanna,206,discharge,13:51:00,14:56:15,6000,3920,465,3,1.4
2023-08-04,RA,Hanna,206,discharge,13:51:00,14:56:20,6000,3925,465,3,1.4
2023-08-04,RA,Hanna,206,discharge,13:51:00,14:56:25,6000,3930,465,3,1.4
2023-08-04,RA,Hanna,206,discharge,13:51:00,14:56:30,6000,3935,465,3,1.4
2023-08-04,RA,Hanna,206,discharge,13:51:00,14:56:35,6000,3940,465,3,1.4
2023-08-04,RA,Hanna,206,discharge,13:51:00,14:56:40,6000,3945,465,3,1.4
2023-08-04,RA,Hanna,206,discharge,13:51:00,14:56:45,6000,3950,465,3,1.4
2023-08-04,RA,Hanna,206,discharge,13:51:00,14:56:50,6000,3955,465,3,1.4
2023-08-04,RA,Hanna,206,discharge,13:51:00,14:56:55,6000,3960,465,3,1.4
2023-08-04,RA,Hanna,206,discharge,13:51:00,14:57:00,6000,3965,465,3,1.4
2023-08-04,RA,Hanna,206,discharge,13:51:00,14:57:05,6000,3970,465,3,1.4
2023-08-04,RA,Hanna,206,discharge,13:51:00,14:57:10,6000,3975,465,3,1.4
2023-08-04,RA,Hanna,206,discharge,13:51:00,14:57:15,6000,3980,465,3,1.4
2023-08-04,RA,Hanna,206,discharge,13:51:00,14:57:20,6000,3985,465,3,1.4
2023-08-04,RA,Hanna,206,discharge,13:51:00,14:57:25,6000,3990,465,3,1.4
2023-08-04,RA,Hanna,206,discharge,13:51:00,14:57:30,6000,3995,465,3,1.4
2023-08-04,RA,Hanna,206,discharge,13:51:00,14:57:35,6000,4000,466,4,1.8
2023-08-04,RA,Hanna,206,discharge,13:51:00,14:57:40,6000,4005,466,4,1.8
2023-08-04,RA,Hanna,206,discharge,13:51:00,14:57:45,6000,4010,466,4,1.8
2023-08-04,RA,Hanna,206,discharge,13:51:00,14:57:50,6000,4015,466,4,1.8
2023-08-04,RA,Hanna,206,discharge,13:51:00,14:57:55,6000,4020,466,4,1.8
2023-08-04,RA,Hanna,206,discharge,13:51:00,14:58:00,6000,4025,466,4,1.8
2023-08-04,RA,Hanna,206,discharge,13:51:00,14:58:05,6000,4030,466,4,1.8
2023-08-04,RA,Hanna,206,discharge,13:51:00,14:58:10,6000,4035,466,4,1.8
2023-08-04,RA,Hanna,206,discharge,13:51:00,14:58:15,6000,4040,466,4,1.8
2023-08-04,RA,Hanna,206,discharge,13:51:00,14:58:20,6000,4045,466,4,1.8
2023-08-04,RA,Hanna,206,discharge,13:51:00,14:58:25,6000,4050,466,4,1.8
2023-08-04,RA,Hanna,206,discharge,13:51:00,14:58:30,6000,4055,466,4,1.8
2023-08-04,RA,Hanna,206,discharge,13:51:00,14:58:35,6000,4060,466,4,1.8
2023-08-04,RA,Hanna,206,discharge,13:51:00,14:58:40,6000,4065,466,4,1.8
2023-08-04,RA,Hanna,206,discharge,13:51:00,14:58:45,6000,4070,466,4,1.8
2023-08-04,RA,Hanna,206,discharge,13:51:00,14:58:50,6000,4075,466,4,1.8
2023-08-04,RA,Hanna,206,discharge,13:51:00,14:58:55,6000,4080,466,4,1.8
2023-08-04,RA,Hanna,206,discharge,13:51:00,14:59:00,6000,4085,466,4,1.8
2023-08-04,RA,Hanna,206,discharge,13:51:00,14:59:05,6000,4090,466,4,1.8
2023-08-04,RA,Hanna,206,discharge,13:51:00,14:59:10,6000,4095,466,4,1.8
2023-08-04,RA,Hanna,206,discharge,13:51:00,14:59:15,6000,4100,466,4,1.8
2023-08-04,RA,Hanna,206,discharge,13:51:00,14:59:20,6000,4105,466,4,1.8
2023-08-04,RA,Hanna,206,discharge,13:51:00,14:59:25,6000,4110,466,4,1.8
2023-08-04,RA,Hanna,206,discharge,13:51:00,14:59:30,6000,4115,466,4,1.8
2023-08-04,RA,Hanna,206,discharge,13:51:00,14:59:35,6000,4120,466,4,1.8
2023-08-04,RA,Hanna,206,discharge,13:51:00,14:59:40,6000,4125,466,4,1.8
2023-08-04,RA,Hanna,206,discharge,13:51:00,14:59:45,6000,4130,466,4,1.8
2023-08-04,RA,Hanna,206,discharge,13:51:00,14:59:50,6000,4135,466,4,1.8
2023-08-04,RA,Hanna,206,discharge,13:51:00,14:59:55,6000,4140,466,4,1.8
2023-08-04,RA,Hanna,206,discharge,13:51:00,15:00:00,6000,4145,466,4,1.8
2023-08-04,RA,Hanna,206,discharge,13:51:00,15:00:05,6000,4150,466,4,1.8
2023-08-04,RA,Hanna,206,discharge,13:51:00,15:00:10,6000,4155,466,4,1.8
2023-08-04,RA,Hanna,206,discharge,13:51:00,15:00:15,6000,4160,466,4,1.8
2023-08-04,RA,Hanna,206,discharge,13:51:00,15:00:20,6000,4165,466,4,1.8
2023-08-04,RA,Hanna,206,discharge,13:51:00,15:00:25,6000,4170,466,4,1.8
2023-08-04,RA,Hanna,206,discharge,13:51:00,15:00:30,6000,4175,466,4,1.8
2023-08-04,RA,Hanna,206,discharge,13:51:00,15:00:35,6000,4180,466,4,1.8
2023-08-04,RA,Hanna,206,discharge,13:51:00,15:00:40,6000,4185,466,4,1.8
2023-08-04,RA,Hanna,206,discharge,13:51:00,15:00:45,6000,4190,466,4,1.8
2023-08-04,RA,Hanna,206,discharge,13:51:00,15:00:50,6000,4195,466,4,1.8
2023-08-04,RA,Hanna,206,discharge,13:51:00,15:00:55,6000,4200,466,4,1.8
2023-08-04,RA,Hanna,206,discharge,13:51:00,15:01:00,6000,4205,466,4,1.8
2023-08-04,RA,Hanna,206,discharge,13:51:00,15:01:05,6000,4210,466,4,1.8
2023-08-04,RA,Hanna,206,discharge,13:51:00,15:01:10,6000,4215,466,4,1.8
2023-08-04,RA,Hanna,206,discharge,13:51:00,15:01:15,6000,4220,466,4,1.8
2023-08-04,RA,Hanna,206,discharge,13:51:00,15:01:20,6000,4225,466,4,1.8
2023-08-04,RA,Hanna,206,discharge,13:51:00,15:01:25,6000,4230,466,4,1.8
2023-08-04,RA,Hanna,206,discharge,13:51:00,15:01:30,6000,4235,466,4,1.8
2023-08-04,RA,Hanna,206,discharge,13:51:00,15:01:35,6000,4240,466,4,1.8
2023-08-04,RA,Hanna,206,discharge,13:51:00,15:01:40,6000,4245,466,4,1.8
2023-08-04,RA,Hanna,206,discharge,13:51:00,15:01:45,6000,4250,466,4,1.8
2023-08-04,RA,Hanna,206,discharge,13:51:00,15:01:50,6000,4255,466,4,1.8
2023-08-04,RA,Hanna,206,discharge,13:51:00,15:01:55,6000,4260,467,5,2.3
2023-08-04,RA,Hanna,206,discharge,13:51:00,15:02:00,6000,4265,467,5,2.3
2023-08-04,RA,Hanna,206,discharge,13:51:00,15:02:05,6000,4270,467,5,2.3
2023-08-04,RA,Hanna,206,discharge,13:51:00,15:02:10,6000,4275,467,5,2.3
2023-08-04,RA,Hanna,206,discharge,13:51:00,15:02:15,6000,4280,467,5,2.3
2023-08-04,RA,Hanna,206,discharge,13:51:00,15:02:20,6000,4285,467,5,2.3
2023-08-04,RA,Hanna,206,discharge,13:51:00,15:02:25,6000,4290,467,5,2.3
2023-08-04,RA,Hanna,206,discharge,13:51:00,15:02:30,6000,4295,467,5,2.3
2023-08-04,RA,Hanna,206,discharge,13:51:00,15:02:35,6000,4300,467,5,2.3
2023-08-04,RA,Hanna,206,discharge,13:51:00,15:02:40,6000,4305,467,5,2.3
2023-08-04,RA,Hanna,206,discharge,13:51:00,15:02:45,6000,4310,467,5,2.3
2023-08-04,RA,Hanna,206,discharge,13:51:00,15:02:50,6000,4315,467,5,2.3
2023-08-04,RA,Hanna,206,discharge,13:51:00,15:02:55,6000,4320,467,5,2.3
2023-08-04,RA,Hanna,206,discharge,13:51:00,15:03:00,6000,4325,467,5,2.3
2023-08-04,RA,Hanna,206,discharge,13:51:00,15:03:05,6000,4330,467,5,2.3
2023-08-04,RA,Hanna,206,discharge,13:51:00,15:03:10,6000,4335,467,5,2.3
2023-08-04,RA,Hanna,206,discharge,13:51:00,15:03:15,6000,4340,467,5,2.3
2023-08-04,RA,Hanna,206,discharge,13:51:00,15:03:20,6000,4345,467,5,2.3
2023-08-04,RA,Hanna,206,discharge,13:51:00,15:03:25,6000,4350,467,5,2.3
2023-08-04,RA,Hanna,206,discharge,13:51:00,15:03:30,6000,4355,467,5,2.3
2023-08-04,RA,Hanna,206,discharge,13:51:00,15:03:35,6000,4360,467,5,2.3
2023-08-04,RA,Hanna,206,discharge,13:51:00,15:03:40,6000,4365,467,5,2.3
2023-08-04,RA,Hanna,206,discharge,13:51:00,15:03:45,6000,4370,467,5,2.3
2023-08-04,RA,Hanna,206,discharge,13:51:00,15:03:50,6000,4375,467,5,2.3
2023-08-04,RA,Hanna,206,discharge,13:51:00,15:03:55,6000,4380,467,5,2.3
2023-08-04,RA,Hanna,206,discharge,13:51:00,15:04:00,6000,4385,467,5,2.3
2023-08-04,RA,Hanna,206,discharge,13:51:00,15:04:05,6000,4390,467,5,2.3
2023-08-04,RA,Hanna,206,discharge,13:51:00,15:04:10,6000,4395,467,5,2.3
2023-08-04,RA,Hanna,206,discharge,13:51:00,15:04:15,6000,4400,467,5,2.3
2023-08-04,RA,Hanna,206,discharge,13:51:00,15:04:20,6000,4405,467,5,2.3
2023-08-04,RA,Hanna,206,discharge,13:51:00,15:04:25,6000,4410,467,5,2.3
2023-08-04,RA,Hanna,206,discharge,13:51:00,15:04:30,6000,4415,467,5,2.3
2023-08-04,RA,Hanna,206,discharge,13:51:00,15:04:35,6000,4420,467,5,2.3
2023-08-04,RA,Hanna,206,discharge,13:51:00,15:04:40,6000,4425,467,5,2.3
2023-08-04,RA,Hanna,206,discharge,13:51:00,15:04:45,6000,4430,467,5,2.3
2023-08-04,RA,Hanna,206,discharge,13:51:00,15:04:50,6000,4435,467,5,2.3
2023-08-04,RA,Hanna,206,discharge,13:51:00,15:04:55,6000,4440,467,5,2.3
2023-08-04,RA,Hanna,206,discharge,13:51:00,15:05:00,6000,4445,467,5,2.3
2023-08-04,RA,Hanna,206,discharge,13:51:00,15:05:05,6000,4450,467,5,2.3
2023-08-04,RA,Hanna,206,discharge,13:51:00,15:05:10,6000,4455,467,5,2.3
2023-08-04,RA,Hanna,206,discharge,13:51:00,15:05:15,6000,4460,467,5,2.3
2023-08-04,RA,Hanna,206,discharge,13:51:00,15:05:20,6000,4465,467,5,2.3
2023-08-04,RA,Hanna,206,discharge,13:51:00,15:05:25,6000,4470,467,5,2.3
2023-08-04,RA,Hanna,206,discharge,13:51:00,15:05:30,6000,4475,467,5,2.3
2023-08-04,RA,Hanna,206,discharge,13:51:00,15:05:35,6000,4480,467,5,2.3
2023-08-04,RA,Hanna,206,discharge,13:51:00,15:05:40,6000,4485,467,5,2.3
2023-08-04,RA,Hanna,206,discharge,13:51:00,15:05:45,6000,4490,467,5,2.3
2023-08-04,RA,Hanna,206,discharge,13:51:00,15:05:50,6000,4495,467,5,2.3
2023-08-04,RA,Hanna,206,discharge,13:51:00,15:05:55,6000,4500,467,5,2.3
2023-08-04,RA,Hanna,206,discharge,13:51:00,15:06:00,6000,4505,467,5,2.3
2023-08-04,RA,Hanna,206,discharge,13:51:00,15:06:05,6000,4510,467,5,2.3
2023-08-04,RA,Hanna,206,discharge,13:51:00,15:06:10,6000,4515,467,5,2.3
2023-08-04,RA,Hanna,206,discharge,13:51:00,15:06:15,6000,4520,467,5,2.3
2023-08-04,RA,Hanna,206,discharge,13:51:00,15:06:20,6000,4525,467,5,2.3
2023-08-04,RA,Hanna,206,discharge,13:51:00,15:06:25,6000,4530,468,6,2.8
2023-08-04,RA,Hanna,206,discharge,13:51:00,15:06:30,6000,4535,468,6,2.8
2023-08-04,RA,Hanna,206,discharge,13:51:00,15:06:35,6000,4540,468,6,2.8
2023-08-04,RA,Hanna,206,discharge,13:51:00,15:06:40,6000,4545,468,6,2.8
2023-08-04,RA,Hanna,206,discharge,13:51:00,15:06:45,6000,4550,468,6,2.8
2023-08-04,RA,Hanna,206,discharge,13:51:00,15:06:50,6000,4555,468,6,2.8
2023-08-04,RA,Hanna,206,discharge,13:51:00,15:06:55,6000,4560,468,6,2.8
2023-08-04,RA,Hanna,206,discharge,13:51:00,15:07:00,6000,4565,468,6,2.8
2023-08-04,RA,Hanna,206,discharge,13:51:00,15:07:05,6000,4570,468,6,2.8
2023-08-04,RA,Hanna,206,discharge,13:51:00,15:07:10,6000,4575,468,6,2.8
2023-08-04,RA,Hanna,206,discharge,13:51:00,15:07:15,6000,4580,468,6,2.8
2023-08-04,RA,Hanna,206,discharge,13:51:00,15:07:20,6000,4585,468,6,2.8
2023-08-04,RA,Hanna,206,discharge,13:51:00,15:07:25,6000,4590,468,6,2.8
2023-08-04,RA,Hanna,206,discharge,13:51:00,15:07:30,6000,4595,468,6,2.8
2023-08-04,RA,Hanna,206,discharge,13:51:00,15:07:35,6000,4600,468,6,2.8
2023-08-04,RA,Hanna,206,discharge,13:51:00,15:07:40,6000,4605,468,6,2.8
2023-08-04,RA,Hanna,206,discharge,13:51:00,15:07:45,6000,4610,468,6,2.8
2023-08-04,RA,Hanna,206,discharge,13:51:00,15:07:50,6000,4615,468,6,2.8
2023-08-04,RA,Hanna,206,discharge,13:51:00,15:07:55,6000,4620,468,6,2.8
2023-08-04,RA,Hanna,206,discharge,13:51:00,15:08:00,6000,4625,468,6,2.8
2023-08-04,RA,Hanna,206,discharge,13:51:00,15:08:05,6000,4630,468,6,2.8
2023-08-04,RA,Hanna,206,discharge,13:51:00,15:08:10,6000,4635,468,6,2.8
2023-08-04,RA,Hanna,206,discharge,13:51:00,15:08:15,6000,4640,468,6,2.8
2023-08-04,RA,Hanna,206,discharge,13:51:00,15:08:20,6000,4645,468,6,2.8
2023-08-04,RA,Hanna,206,discharge,13:51:00,15:08:25,6000,4650,468,6,2.8
2023-08-04,RA,Hanna,206,discharge,13:51:00,15:08:30,6000,4655,468,6,2.8
2023-08-04,RA,Hanna,206,discharge,13:51:00,15:08:35,6000,4660,468,6,2.8
2023-08-04,RA,Hanna,206,discharge,13:51:00,15:08:40,6000,4665,468,6,2.8
2023-08-04,RA,Hanna,206,discharge,13:51:00,15:08:45,6000,4670,468,6,2.8
2023-08-04,RA,Hanna,206,discharge,13:51:00,15:08:50,6000,4675,468,6,2.8
2023-08-04,RA,Hanna,206,discharge,13:51:00,15:08:55,6000,4680,468,6,2.8
2023-08-04,RA,Hanna,206,discharge,13:51:00,15:09:00,6000,4685,468,6,2.8
2023-08-04,RA,Hanna,206,discharge,13:51:00,15:09:05,6000,4690,468,6,2.8
2023-08-04,RA,Hanna,206,discharge,13:51:00,15:09:10,6000,4695,468,6,2.8
2023-08-04,RA,Hanna,206,discharge,13:51:00,15:09:15,6000,4700,468,6,2.8
2023-08-04,RA,Hanna,206,discharge,13:51:00,15:09:20,6000,4705,468,6,2.8
2023-08-04,RA,Hanna,206,discharge,13:51:00,15:09:25,6000,4710,468,6,2.8
2023-08-04,RA,Hanna,206,discharge,13:51:00,15:09:30,6000,4715,468,6,2.8
2023-08-04,RA,Hanna,206,discharge,13:51:00,15:09:35,6000,4720,468,6,2.8
2023-08-04,RA,Hanna,206,discharge,13:51:00,15:09:40,6000,4725,468,6,2.8
2023-08-04,RA,Hanna,206,discharge,13:51:00,15:09:45,6000,4730,468,6,2.8
2023-08-04,RA,Hanna,206,discharge,13:51:00,15:09:50,6000,4735,468,6,2.8
2023-08-04,RA,Hanna,206,discharge,13:51:00,15:09:55,6000,4740,468,6,2.8
2023-08-04,RA,Hanna,206,discharge,13:51:00,15:10:00,6000,4745,468,6,2.8
2023-08-04,RA,Hanna,206,discharge,13:51:00,15:10:05,6000,4750,468,6,2.8
2023-08-04,RA,Hanna,206,discharge,13:51:00,15:10:10,6000,4755,468,6,2.8
2023-08-04,RA,Hanna,206,discharge,13:51:00,15:10:15,6000,4760,468,6,2.8
2023-08-04,RA,Hanna,206,discharge,13:51:00,15:10:20,6000,4765,468,6,2.8
2023-08-04,RA,Hanna,206,discharge,13:51:00,15:10:25,6000,4770,468,6,2.8
2023-08-04,RA,Hanna,206,discharge,13:51:00,15:10:30,6000,4775,469,7,3.2
2023-08-04,RA,Hanna,206,discharge,13:51:00,15:10:35,6000,4780,469,7,3.2
2023-08-04,RA,Hanna,206,discharge,13:51:00,15:10:40,6000,4785,469,7,3.2
2023-08-04,RA,Hanna,206,discharge,13:51:00,15:10:45,6000,4790,469,7,3.2
2023-08-04,RA,Hanna,206,discharge,13:51:00,15:10:50,6000,4795,469,7,3.2
2023-08-04,RA,Hanna,206,discharge,13:51:00,15:10:55,6000,4800,469,7,3.2
2023-08-04,RA,Hanna,206,discharge,13:51:00,15:11:00,6000,4805,469,7,3.2
2023-08-04,RA,Hanna,206,discharge,13:51:00,15:11:05,6000,4810,469,7,3.2
2023-08-04,RA,Hanna,206,discharge,13:51:00,15:11:10,6000,4815,469,7,3.2
2023-08-04,RA,Hanna,206,discharge,13:51:00,15:11:15,6000,4820,469,7,3.2
2023-08-04,RA,Hanna,206,discharge,13:51:00,15:11:20,6000,4825,469,7,3.2
2023-08-04,RA,Hanna,206,discharge,13:51:00,15:11:25,6000,4830,469,7,3.2
2023-08-04,RA,Hanna,206,discharge,13:51:00,15:11:30,6000,4835,469,7,3.2
2023-08-04,RA,Hanna,206,discharge,13:51:00,15:11:35,6000,4840,469,7,3.2
2023-08-04,RA,Hanna,206,discharge,13:51:00,15:11:40,6000,4845,469,7,3.2
2023-08-04,RA,Hanna,206,discharge,13:51:00,15:11:45,6000,4850,469,7,3.2
2023-08-04,RA,Hanna,206,discharge,13:51:00,15:11:50,6000,4855,469,7,3.2
2023-08-04,RA,Hanna,206,discharge,13:51:00,15:11:55,6000,4860,469,7,3.2
2023-08-04,RA,Hanna,206,discharge,13:51:00,15:12:00,6000,4865,469,7,3.2
2023-08-04,RA,Hanna,206,discharge,13:51:00,15:12:05,6000,4870,469,7,3.2
2023-08-04,RA,Hanna,206,discharge,13:51:00,15:12:10,6000,4875,469,7,3.2
2023-08-04,RA,Hanna,206,discharge,13:51:00,15:12:15,6000,4880,469,7,3.2
2023-08-04,RA,Hanna,206,discharge,13:51:00,15:12:20,6000,4885,469,7,3.2
2023-08-04,RA,Hanna,206,discharge,13:51:00,15:12:25,6000,4890,469,7,3.2
2023-08-04,RA,Hanna,206,discharge,13:51:00,15:12:30,6000,4895,469,7,3.2
2023-08-04,RA,Hanna,206,discharge,13:51:00,15:12:35,6000,4900,469,7,3.2
2023-08-04,RA,Hanna,206,discharge,13:51:00,15:12:40,6000,4905,469,7,3.2
2023-08-04,RA,Hanna,206,discharge,13:51:00,15:12:45,6000,4910,469,7,3.2
2023-08-04,RA,Hanna,206,discharge,13:51:00,15:12:50,6000,4915,469,7,3.2
2023-08-04,RA,Hanna,206,discharge,13:51:00,15:12:55,6000,4920,469,7,3.2
2023-08-04,RA,Hanna,206,discharge,13:51:00,15:13:00,6000,4925,469,7,3.2
2023-08-04,RA,Hanna,206,discharge,13:51:00,15:13:05,6000,4930,469,7,3.2
2023-08-04,RA,Hanna,206,discharge,13:51:00,15:13:10,6000,4935,469,7,3.2
2023-08-04,RA,Hanna,206,discharge,13:51:00,15:13:15,6000,4940,469,7,3.2
2023-08-04,RA,Hanna,206,discharge,13:51:00,15:13:20,6000,4945,469,7,3.2
2023-08-04,RA,Hanna,206,discharge,13:51:00,15:13:25,6000,4950,469,7,3.2
2023-08-04,RA,Hanna,206,discharge,13:51:00,15:13:30,6000,4955,469,7,3.2
2023-08-04,RA,Hanna,206,discharge,13:51:00,15:13:35,6000,4960,469,7,3.2
2023-08-04,RA,Hanna,206,discharge,13:51:00,15:13:40,6000,4965,469,7,3.2
2023-08-04,RA,Hanna,206,discharge,13:51:00,15:13:45,6000,4970,469,7,3.2
2023-08-04,RA,Hanna,206,discharge,13:51:00,15:13:50,6000,4975,469,7,3.2
2023-08-04,RA,Hanna,206,discharge,13:51:00,15:13:55,6000,4980,469,7,3.2
2023-08-04,RA,Hanna,206,discharge,13:51:00,15:14:00,6000,4985,469,7,3.2
2023-08-04,RA,Hanna,206,discharge,13:51:00,15:14:05,6000,4990,469,7,3.2
2023-08-04,RA,Hanna,206,discharge,13:51:00,15:14:10,6000,4995,469,7,3.2
2023-08-04,RA,Hanna,206,discharge,13:51:00,15:14:15,6000,5000,469,7,3.2
2023-08-04,RA,Hanna,206,discharge,13:51:00,15:14:20,6000,5005,469,7,3.2
2023-08-04,RA,Hanna,206,discharge,13:51:00,15:14:25,6000,5010,469,7,3.2
2023-08-04,RA,Hanna,206,discharge,13:51:00,15:14:30,6000,5015,470,8,3.7
2023-08-04,RA,Hanna,206,discharge,13:51:00,15:14:35,6000,5020,470,8,3.7
2023-08-04,RA,Hanna,206,discharge,13:51:00,15:14:40,6000,5025,470,8,3.7
2023-08-04,RA,Hanna,206,discharge,13:51:00,15:14:45,6000,5030,470,8,3.7
2023-08-04,RA,Hanna,206,discharge,13:51:00,15:14:50,6000,5035,470,8,3.7
2023-08-04,RA,Hanna,206,discharge,13:51:00,15:14:55,6000,5040,470,8,3.7
2023-08-04,RA,Hanna,206,discharge,13:51:00,15:15:00,6000,5045,470,8,3.7
2023-08-04,RA,Hanna,206,discharge,13:51:00,15:15:05,6000,5050,470,8,3.7
2023-08-04,RA,Hanna,206,discharge,13:51:00,15:15:10,6000,5055,470,8,3.7
2023-08-04,RA,Hanna,206,discharge,13:51:00,15:15:15,6000,5060,470,8,3.7
2023-08-04,RA,Hanna,206,discharge,13:51:00,15:15:20,6000,5065,470,8,3.7
2023-08-04,RA,Hanna,206,discharge,13:51:00,15:15:25,6000,5070,470,8,3.7
2023-08-04,RA,Hanna,206,discharge,13:51:00,15:15:30,6000,5075,470,8,3.7
2023-08-04,RA,Hanna,206,discharge,13:51:00,15:15:35,6000,5080,470,8,3.7
2023-08-04,RA,Hanna,206,discharge,13:51:00,15:15:40,6000,5085,470,8,3.7
2023-08-04,RA,Hanna,206,discharge,13:51:00,15:15:45,6000,5090,470,8,3.7
2023-08-04,RA,Hanna,206,discharge,13:51:00,15:15:50,6000,5095,470,8,3.7
2023-08-04,RA,Hanna,206,discharge,13:51:00,15:15:55,6000,5100,470,8,3.7
2023-08-04,RA,Hanna,206,discharge,13:51:00,15:16:00,6000,5105,470,8,3.7
2023-08-04,RA,Hanna,206,discharge,13:51:00,15:16:05,6000,5110,470,8,3.7
2023-08-04,RA,Hanna,206,discharge,13:51:00,15:16:10,6000,5115,470,8,3.7
2023-08-04,RA,Hanna,206,discharge,13:51:00,15:16:15,6000,5120,470,8,3.7
2023-08-04,RA,Hanna,206,discharge,13:51:00,15:16:20,6000,5125,470,8,3.7
2023-08-04,RA,Hanna,206,discharge,13:51:00,15:16:25,6000,5130,470,8,3.7
2023-08-04,RA,Hanna,206,discharge,13:51:00,15:16:30,6000,5135,470,8,3.7
2023-08-04,RA,Hanna,206,discharge,13:51:00,15:16:35,6000,5140,470,8,3.7
2023-08-04,RA,Hanna,206,discharge,13:51:00,15:16:40,6000,5145,470,8,3.7
2023-08-04,RA,Hanna,206,discharge,13:51:00,15:16:45,6000,5150,470,8,3.7
2023-08-04,RA,Hanna,206,discharge,13:51:00,15:16:50,6000,5155,470,8,3.7
2023-08-04,RA,Hanna,206,discharge,13:51:00,15:16:55,6000,5160,470,8,3.7
2023-08-04,RA,Hanna,206,discharge,13:51:00,15:17:00,6000,5165,470,8,3.7
2023-08-04,RA,Hanna,206,discharge,13:51:00,15:17:05,6000,5170,470,8,3.7
2023-08-04,RA,Hanna,206,discharge,13:51:00,15:17:10,6000,5175,470,8,3.7
2023-08-04,RA,Hanna,206,discharge,13:51:00,15:17:15,6000,5180,470,8,3.7
2023-08-04,RA,Hanna,206,discharge,13:51:00,15:17:20,6000,5185,470,8,3.7
2023-08-04,RA,Hanna,206,discharge,13:51:00,15:17:25,6000,5190,470,8,3.7
2023-08-04,RA,Hanna,206,discharge,13:51:00,15:17:30,6000,5195,470,8,3.7
2023-08-04,RA,Hanna,206,discharge,13:51:00,15:17:35,6000,5200,470,8,3.7
2023-08-04,RA,Hanna,206,discharge,13:51:00,15:17:40,6000,5205,470,8,3.7
2023-08-04,RA,Hanna,206,discharge,13:51:00,15:17:45,6000,5210,470,8,3.7
2023-08-04,RA,Hanna,206,discharge,13:51:00,15:17:50,6000,5215,470,8,3.7
2023-08-04,RA,Hanna,206,discharge,13:51:00,15:17:55,6000,5220,470,8,3.7
2023-08-04,RA,Hanna,206,discharge,13:51:00,15:18:00,6000,5225,470,8,3.7
2023-08-04,RA,Hanna,206,discharge,13:51:00,15:18:05,6000,5230,470,8,3.7
2023-08-04,RA,Hanna,206,discharge,13:51:00,15:18:10,6000,5235,470,8,3.7
2023-08-04,RA,Hanna,206,discharge,13:51:00,15:18:15,6000,5240,470,8,3.7
2023-08-04,RA,Hanna,206,discharge,13:51:00,15:18:20,6000,5245,470,8,3.7
2023-08-04,RA,Hanna,206,discharge,13:51:00,15:18:25,6000,5250,470,8,3.7
2023-08-04,RA,Hanna,206,discharge,13:51:00,15:18:30,6000,5255,470,8,3.7
2023-08-04,RA,Hanna,206,discharge,13:51:00,15:18:35,6000,5260,470,8,3.7
2023-08-04,RA,Hanna,206,discharge,13:51:00,15:18:40,6000,5265,470,8,3.7
2023-08-04,RA,Hanna,206,discharge,13:51:00,15:18:45,6000,5270,470,8,3.7
2023-08-04,RA,Hanna,206,discharge,13:51:00,15:18:50,6000,5275,470,8,3.7
2023-08-04,RA,Hanna,206,discharge,13:51:00,15:18:55,6000,5280,470,8,3.7
2023-08-04,RA,Hanna,206,discharge,13:51:00,15:19:00,6000,5285,470,8,3.7
2023-08-04,RA,Hanna,206,discharge,13:51:00,15:19:05,6000,5290,470,8,3.7
2023-08-04,RA,Hanna,206,discharge,13:51:00,15:19:10,6000,5295,470,8,3.7
2023-08-04,RA,Hanna,206,discharge,13:51:00,15:19:15,6000,5300,470,8,3.7
2023-08-04,RA,Hanna,206,discharge,13:51:00,15:19:20,6000,5305,470,8,3.7
2023-08-04,RA,Hanna,206,discharge,13:51:00,15:19:25,6000,5310,470,8,3.7
2023-08-04,RA,Hanna,206,discharge,13:51:00,15:19:30,6000,5315,470,8,3.7
2023-08-04,RA,Hanna,206,discharge,13:51:00,15:19:35,6000,5320,470,8,3.7
2023-08-04,RA,Hanna,206,discharge,13:51:00,15:19:40,6000,5325,470,8,3.7
2023-08-04,RA,Hanna,206,discharge,13:51:00,15:19:45,6000,5330,471,9,4.1
2023-08-04,RA,Hanna,206,discharge,13:51:00,15:19:50,6000,5335,471,9,4.1
2023-08-04,RA,Hanna,206,discharge,13:51:00,15:19:55,6000,5340,471,9,4.1
2023-08-04,RA,Hanna,206,discharge,13:51:00,15:20:00,6000,5345,471,9,4.1
2023-08-04,RA,Hanna,206,discharge,13:51:00,15:20:05,6000,5350,471,9,4.1
2023-08-04,RA,Hanna,206,discharge,13:51:00,15:20:10,6000,5355,471,9,4.1
2023-08-04,RA,Hanna,206,discharge,13:51:00,15:20:15,6000,5360,471,9,4.1
2023-08-04,RA,Hanna,206,discharge,13:51:00,15:20:20,6000,5365,471,9,4.1
2023-08-04,RA,Hanna,206,discharge,13:51:00,15:20:25,6000,5370,471,9,4.1
2023-08-04,RA,Hanna,206,discharge,13:51:00,15:20:30,6000,5375,471,9,4.1
2023-08-04,RA,Hanna,206,discharge,13:51:00,15:20:35,6000,5380,471,9,4.1
2023-08-04,RA,Hanna,206,discharge,13:51:00,15:20:40,6000,5385,471,9,4.1
2023-08-04,RA,Hanna,206,discharge,13:51:00,15:20:45,6000,5390,471,9,4.1
2023-08-04,RA,Hanna,206,discharge,13:51:00,15:20:50,6000,5395,471,9,4.1
2023-08-04,RA,Hanna,206,discharge,13:51:00,15:20:55,6000,5400,471,9,4.1
2023-08-04,RA,Hanna,206,discharge,13:51:00,15:21:00,6000,5405,471,9,4.1
2023-08-04,RA,Hanna,206,discharge,13:51:00,15:21:05,6000,5410,471,9,4.1
2023-08-04,RA,Hanna,206,discharge,13:51:00,15:21:10,6000,5415,471,9,4.1
2023-08-04,RA,Hanna,206,discharge,13:51:00,15:21:15,6000,5420,471,9,4.1
2023-08-04,RA,Hanna,206,discharge,13:51:00,15:21:20,6000,5425,471,9,4.1
2023-08-04,RA,Hanna,206,discharge,13:51:00,15:21:25,6000,5430,471,9,4.1
2023-08-04,RA,Hanna,206,discharge,13:51:00,15:21:30,6000,5435,471,9,4.1
2023-08-04,RA,Hanna,206,discharge,13:51:00,15:21:35,6000,5440,471,9,4.1
2023-08-04,RA,Hanna,206,discharge,13:51:00,15:21:40,6000,5445,471,9,4.1
2023-08-04,RA,Hanna,206,discharge,13:51:00,15:21:45,6000,5450,471,9,4.1
2023-08-04,RA,Hanna,206,discharge,13:51:00,15:21:50,6000,5455,471,9,4.1
2023-08-04,RA,Hanna,206,discharge,13:51:00,15:21:55,6000,5460,471,9,4.1
2023-08-04,RA,Hanna,206,discharge,13:51:00,15:22:00,6000,5465,471,9,4.1
2023-08-04,RA,Hanna,206,discharge,13:51:00,15:22:05,6000,5470,471,9,4.1
2023-08-04,RA,Hanna,206,discharge,13:51:00,15:22:10,6000,5475,471,9,4.1
2023-08-04,RA,Hanna,206,discharge,13:51:00,15:22:15,6000,5480,471,9,4.1
2023-08-04,RA,Hanna,206,discharge,13:51:00,15:22:20,6000,5485,471,9,4.1
2023-08-04,RA,Hanna,206,discharge,13:51:00,15:22:25,6000,5490,471,9,4.1
2023-08-04,RA,Hanna,206,discharge,13:51:00,15:22:30,6000,5495,471,9,4.1
2023-08-04,RA,Hanna,206,discharge,13:51:00,15:22:35,6000,5500,471,9,4.1
2023-08-04,RA,Hanna,206,discharge,13:51:00,15:22:40,6000,5505,471,9,4.1
2023-08-04,RA,Hanna,206,discharge,13:51:00,15:22:45,6000,5510,471,9,4.1
2023-08-04,RA,Hanna,206,discharge,13:51:00,15:22:50,6000,5515,471,9,4.1
2023-08-04,RA,Hanna,206,discharge,13:51:00,15:22:55,6000,5520,471,9,4.1
2023-08-04,RA,Hanna,206,discharge,13:51:00,15:23:00,6000,5525,471,9,4.1
2023-08-04,RA,Hanna,206,discharge,13:51:00,15:23:05,6000,5530,471,9,4.1
2023-08-04,RA,Hanna,206,discharge,13:51:00,15:23:10,6000,5535,471,9,4.1
2023-08-04,RA,Hanna,206,discharge,13:51:00,15:23:15,6000,5540,471,9,4.1
2023-08-04,RA,Hanna,206,discharge,13:51:00,15:23:20,6000,5545,471,9,4.1
2023-08-04,RA,Hanna,206,discharge,13:51:00,15:23:25,6000,5550,471,9,4.1
2023-08-04,RA,Hanna,206,discharge,13:51:00,15:23:30,6000,5555,471,9,4.1
2023-08-04,RA,Hanna,206,discharge,13:51:00,15:23:35,6000,5560,471,9,4.1
2023-08-04,RA,Hanna,206,discharge,13:51:00,15:23:40,6000,5565,471,9,4.1
2023-08-04,RA,Hanna,206,discharge,13:51:00,15:23:45,6000,5570,471,9,4.1
2023-08-04,RA,Hanna,206,discharge,13:51:00,15:23:50,6000,5575,471,9,4.1
2023-08-04,RA,Hanna,206,discharge,13:51:00,15:23:55,6000,5580,471,9,4.1
2023-08-04,RA,Hanna,206,discharge,13:51:00,15:24:00,6000,5585,471,9,4.1
2023-08-04,RA,Hanna,206,discharge,13:51:00,15:24:05,6000,5590,471,9,4.1
2023-08-04,RA,Hanna,206,discharge,13:51:00,15:24:10,6000,5595,471,9,4.1
2023-08-04,RA,Hanna,206,discharge,13:51:00,15:24:15,6000,5600,471,9,4.1
2023-08-04,RA,Hanna,206,discharge,13:51:00,15:24:20,6000,5605,471,9,4.1
2023-08-04,RA,Hanna,206,discharge,13:51:00,15:24:25,6000,5610,471,9,4.1
2023-08-04,RA,Hanna,206,discharge,13:51:00,15:24:30,6000,5615,471,9,4.1
2023-08-04,RA,Hanna,206,discharge,13:51:00,15:24:35,6000,5620,471,9,4.1
2023-08-04,RA,Hanna,206,discharge,13:51:00,15:24:40,6000,5625,471,9,4.1
2023-08-04,RA,Hanna,206,discharge,13:51:00,15:24:45,6000,5630,471,9,4.1
2023-08-04,RA,Hanna,206,discharge,13:51:00,15:24:50,6000,5635,471,9,4.1
2023-08-04,RA,Hanna,206,discharge,13:51:00,15:24:55,6000,5640,471,9,4.1
2023-08-04,RA,Hanna,206,discharge,13:51:00,15:25:00,6000,5645,471,9,4.1
2023-08-04,RA,Hanna,206,discharge,13:51:00,15:25:05,6000,5650,471,9,4.1
2023-08-04,RA,Hanna,206,discharge,13:51:00,15:25:10,6000,5655,471,9,4.1
2023-08-04,RA,Hanna,206,discharge,13:51:00,15:25:15,6000,5660,471,9,4.1
2023-08-04,RA,Hanna,206,discharge,13:51:00,15:25:20,6000,5665,471,9,4.1
2023-08-04,RA,Hanna,206,discharge,13:51:00,15:25:25,6000,5670,471,9,4.1
2023-08-04,RA,Hanna,206,discharge,13:51:00,15:25:30,6000,5675,471,9,4.1
2023-08-04,RA,Hanna,206,discharge,13:51:00,15:25:35,6000,5680,471,9,4.1
2023-08-04,RA,Hanna,206,discharge,13:51:00,15:25:40,6000,5685,471,9,4.1
2023-08-04,RA,Hanna,206,discharge,13:51:00,15:25:45,6000,5690,471,9,4.1
2023-08-04,RA,Hanna,206,discharge,13:51:00,15:25:50,6000,5695,471,9,4.1
2023-08-04,RA,Hanna,206,discharge,13:51:00,15:25:55,6000,5700,472,10,4.6
2023-08-04,RA,Hanna,206,discharge,13:51:00,15:26:00,6000,5705,472,10,4.6
2023-08-04,RA,Hanna,206,discharge,13:51:00,15:26:05,6000,5710,472,10,4.6
2023-08-04,RA,Hanna,206,discharge,13:51:00,15:26:10,6000,5715,472,10,4.6
2023-08-04,RA,Hanna,206,discharge,13:51:00,15:26:15,6000,5720,472,10,4.6
2023-08-04,RA,Hanna,206,discharge,13:51:00,15:26:20,6000,5725,472,10,4.6
2023-08-04,RA,Hanna,206,discharge,13:51:00,15:26:25,6000,5730,472,10,4.6
2023-08-04,RA,Hanna,206,discharge,13:51:00,15:26:30,6000,5735,472,10,4.6
2023-08-04,RA,Hanna,206,discharge,13:51:00,15:26:35,6000,5740,472,10,4.6
2023-08-04,RA,Hanna,206,discharge,13:51:00,15:26:40,6000,5745,472,10,4.6
2023-08-04,RA,Hanna,206,discharge,13:51:00,15:26:45,6000,5750,472,10,4.6
2023-08-04,RA,Hanna,206,discharge,13:51:00,15:26:50,6000,5755,472,10,4.6
2023-08-04,RA,Hanna,206,discharge,13:51:00,15:26:55,6000,5760,472,10,4.6
2023-08-04,RA,Hanna,206,discharge,13:51:00,15:27:00,6000,5765,472,10,4.6
2023-08-04,RA,Hanna,206,discharge,13:51:00,15:27:05,6000,5770,472,10,4.6
2023-08-04,RA,Hanna,206,discharge,13:51:00,15:27:10,6000,5775,472,10,4.6
2023-08-04,RA,Hanna,206,discharge,13:51:00,15:27:15,6000,5780,472,10,4.6
2023-08-04,RA,Hanna,206,discharge,13:51:00,15:27:20,6000,5785,472,10,4.6
2023-08-04,RA,Hanna,206,discharge,13:51:00,15:27:25,6000,5790,472,10,4.6
2023-08-04,RA,Hanna,206,discharge,13:51:00,15:27:30,6000,5795,472,10,4.6
2023-08-04,RA,Hanna,206,discharge,13:51:00,15:27:35,6000,5800,472,10,4.6
2023-08-04,RA,Hanna,206,discharge,13:51:00,15:27:40,6000,5805,472,10,4.6
2023-08-04,RA,Hanna,206,discharge,13:51:00,15:27:45,6000,5810,472,10,4.6
2023-08-04,RA,Hanna,206,discharge,13:51:00,15:27:50,6000,5815,472,10,4.6
2023-08-04,RA,Hanna,206,discharge,13:51:00,15:27:55,6000,5820,472,10,4.6
2023-08-04,RA,Hanna,206,discharge,13:51:00,15:28:00,6000,5825,472,10,4.6
2023-08-04,RA,Hanna,206,discharge,13:51:00,15:28:05,6000,5830,472,10,4.6
2023-08-04,RA,Hanna,206,discharge,13:51:00,15:28:10,6000,5835,472,10,4.6
2023-08-04,RA,Hanna,206,discharge,13:51:00,15:28:15,6000,5840,472,10,4.6
2023-08-04,RA,Hanna,206,discharge,13:51:00,15:28:20,6000,5845,472,10,4.6
2023-08-04,RA,Hanna,206,discharge,13:51:00,15:28:25,6000,5850,472,10,4.6
2023-08-04,RA,Hanna,206,discharge,13:51:00,15:28:30,6000,5855,472,10,4.6
2023-08-04,RA,Hanna,206,discharge,13:51:00,15:28:35,6000,5860,472,10,4.6
2023-08-04,RA,Hanna,206,discharge,13:51:00,15:28:40,6000,5865,472,10,4.6
2023-08-04,RA,Hanna,206,discharge,13:51:00,15:28:45,6000,5870,472,10,4.6
2023-08-04,RA,Hanna,206,discharge,13:51:00,15:28:50,6000,5875,472,10,4.6
2023-08-04,RA,Hanna,206,discharge,13:51:00,15:28:55,6000,5880,472,10,4.6
2023-08-04,RA,Hanna,206,discharge,13:51:00,15:29:00,6000,5885,472,10,4.6
2023-08-04,RA,Hanna,206,discharge,13:51:00,15:29:05,6000,5890,472,10,4.6
2023-08-04,RA,Hanna,206,discharge,13:51:00,15:29:10,6000,5895,472,10,4.6
2023-08-04,RA,Hanna,206,discharge,13:51:00,15:29:15,6000,5900,472,10,4.6
2023-08-04,RA,Hanna,206,discharge,13:51:00,15:29:20,6000,5905,472,10,4.6
2023-08-04,RA,Hanna,206,discharge,13:51:00,15:29:25,6000,5910,472,10,4.6
2023-08-04,RA,Hanna,206,discharge,13:51:00,15:29:30,6000,5915,472,10,4.6
2023-08-04,RA,Hanna,206,discharge,13:51:00,15:29:35,6000,5920,472,10,4.6
2023-08-04,RA,Hanna,206,discharge,13:51:00,15:29:40,6000,5925,472,10,4.6
2023-08-04,RA,Hanna,206,discharge,13:51:00,15:29:45,6000,5930,472,10,4.6
2023-08-04,RA,Hanna,206,discharge,13:51:00,15:29:50,6000,5935,472,10,4.6
2023-08-04,RA,Hanna,206,discharge,13:51:00,15:29:55,6000,5940,472,10,4.6
2023-08-04,RA,Hanna,206,discharge,13:51:00,15:30:00,6000,5945,472,10,4.6
2023-08-04,RA,Hanna,206,discharge,13:51:00,15:30:05,6000,5950,472,10,4.6
2023-08-04,RA,Hanna,206,discharge,13:51:00,15:30:10,6000,5955,472,10,4.6
2023-08-04,RA,Hanna,206,discharge,13:51:00,15:30:15,6000,5960,472,10,4.6
2023-08-04,RA,Hanna,206,discharge,13:51:00,15:30:20,6000,5965,472,10,4.6
2023-08-04,RA,Hanna,206,discharge,13:51:00,15:30:25,6000,5970,472,10,4.6
2023-08-04,RA,Hanna,206,discharge,13:51:00,15:30:30,6000,5975,472,10,4.6
2023-08-04,RA,Hanna,206,discharge,13:51:00,15:30:35,6000,5980,472,10,4.6
2023-08-04,RA,Hanna,206,discharge,13:51:00,15:30:40,6000,5985,472,10,4.6
2023-08-04,RA,Hanna,206,discharge,13:51:00,15:30:45,6000,5990,472,10,4.6
2023-08-04,RA,Hanna,206,discharge,13:51:00,15:30:50,6000,5995,472,10,4.6
2023-08-04,RA,Hanna,206,discharge,13:51:00,15:30:55,6000,6000,472,10,4.6
2023-08-04,RA,Hanna,206,discharge,13:51:00,15:31:00,6000,6005,472,10,4.6
2023-08-04,RA,Hanna,206,discharge,13:51:00,15:31:05,6000,6010,472,10,4.6
2023-08-04,RA,Hanna,206,discharge,13:51:00,15:31:10,6000,6015,472,10,4.6
2023-08-04,RA,Hanna,206,discharge,13:51:00,15:31:15,6000,6020,472,10,4.6
2023-08-04,RA,Hanna,206,discharge,13:51:00,15:31:20,6000,6025,472,10,4.6
2023-08-04,RA,Hanna,206,discharge,13:51:00,15:31:25,6000,6030,472,10,4.6
2023-08-04,RA,Hanna,206,discharge,13:51:00,15:31:30,6000,6035,472,10,4.6
2023-08-04,RA,Hanna,206,discharge,13:51:00,15:31:35,6000,6040,472,10,4.6
2023-08-04,RA,Hanna,206,discharge,13:51:00,15:31:40,6000,6045,472,10,4.6
2023-08-04,RA,Hanna,206,discharge,13:51:00,15:31:45,6000,6050,472,10,4.6
2023-08-04,RA,Hanna,206,discharge,13:51:00,15:31:50,6000,6055,472,10,4.6
2023-08-04,RA,Hanna,206,discharge,13:51:00,15:31:55,6000,6060,472,10,4.6
2023-08-04,RA,Hanna,206,discharge,13:51:00,15:32:00,6000,6065,472,10,4.6
2023-08-04,RA,Hanna,206,discharge,13:51:00,15:32:05,6000,6070,472,10,4.6
2023-08-04,RA,Hanna,206,discharge,13:51:00,15:32:10,6000,6075,472,10,4.6
2023-08-04,RA,Hanna,206,discharge,13:51:00,15:32:15,6000,6080,472,10,4.6
2023-08-04,RA,Hanna,206,discharge,13:51:00,15:32:20,6000,6085,472,10,4.6
2023-08-04,RA,Hanna,206,discharge,13:51:00,15:32:25,6000,6090,472,10,4.6
2023-08-04,RA,Hanna,206,discharge,13:51:00,15:32:30,6000,6095,472,10,4.6
2023-08-04,RA,Hanna,206,discharge,13:51:00,15:32:35,6000,6100,472,10,4.6
2023-08-04,RA,Hanna,206,discharge,13:51:00,15:32:40,6000,6105,472,10,4.6
2023-08-04,RA,Hanna,206,discharge,13:51:00,15:32:45,6000,6110,472,10,4.6
2023-08-04,RA,Hanna,206,discharge,13:51:00,15:32:50,6000,6115,472,10,4.6
2023-08-04,RA,Hanna,206,discharge,13:51:00,15:32:55,6000,6120,472,10,4.6
2023-08-04,RA,Hanna,206,discharge,13:51:00,15:33:00,6000,6125,472,10,4.6
2023-08-04,RA,Hanna,206,discharge,13:51:00,15:33:05,6000,6130,472,10,4.6
2023-08-04,RA,Hanna,206,discharge,13:51:00,15:33:10,6000,6135,472,10,4.6
2023-08-04,RA,Hanna,206,discharge,13:51:00,15:33:15,6000,6140,472,10,4.6
2023-08-04,RA,Hanna,206,discharge,13:51:00,15:33:20,6000,6145,472,10,4.6
2023-08-04,RA,Hanna,206,discharge,13:51:00,15:33:25,6000,6150,472,10,4.6
2023-08-04,RA,Hanna,206,discharge,13:51:00,15:33:30,6000,6155,472,10,4.6
2023-08-04,RA,Hanna,206,discharge,13:51:00,15:33:35,6000,6160,472,10,4.6
2023-08-04,RA,Hanna,206,discharge,13:51:00,15:33:40,6000,6165,472,10,4.6
2023-08-04,RA,Hanna,206,discharge,13:51:00,15:33:45,6000,6170,472,10,4.6
2023-08-04,RA,Hanna,206,discharge,13:51:00,15:33:50,6000,6175,472,10,4.6
2023-08-04,RA,Hanna,206,discharge,13:51:00,15:33:55,6000,6180,472,10,4.6
2023-08-04,RA,Hanna,206,discharge,13:51:00,15:34:00,6000,6185,472,10,4.6
2023-08-04,RA,Hanna,206,discharge,13:51:00,15:34:05,6000,6190,472,10,4.6
2023-08-04,RA,Hanna,206,discharge,13:51:00,15:34:10,6000,6195,472,10,4.6
2023-08-04,RA,Hanna,206,discharge,13:51:00,15:34:15,6000,6200,472,10,4.6
2023-08-04,RA,Hanna,206,discharge,13:51:00,15:34:20,6000,6205,472,10,4.6
2023-08-04,RA,Hanna,206,discharge,13:51:00,15:34:25,6000,6210,472,10,4.6
2023-08-04,RA,Hanna,206,discharge,13:51:00,15:34:30,6000,6215,472,10,4.6
2023-08-04,RA,Hanna,206,discharge,13:51:00,15:34:35,6000,6220,472,10,4.6
2023-08-04,RA,Hanna,206,discharge,13:51:00,15:34:40,6000,6225,472,10,4.6
2023-08-04,RA,Hanna,206,discharge,13:51:00,15:34:45,6000,6230,472,10,4.6
2023-08-04,RA,Hanna,206,discharge,13:51:00,15:34:50,6000,6235,472,10,4.6
2023-08-04,RA,Hanna,206,discharge,13:51:00,15:34:55,6000,6240,472,10,4.6
2023-08-04,RA,Hanna,206,discharge,13:51:00,15:35:00,6000,6245,472,10,4.6
2023-08-04,RA,Hanna,206,discharge,13:51:00,15:35:05,6000,6250,472,10,4.6
2023-08-04,RA,Hanna,206,discharge,13:51:00,15:35:10,6000,6255,472,10,4.6
2023-08-04,RA,Hanna,206,discharge,13:51:00,15:35:15,6000,6260,472,10,4.6
2023-08-04,RA,Hanna,206,discharge,13:51:00,15:35:20,6000,6265,472,10,4.6
2023-08-04,RA,Hanna,206,discharge,13:51:00,15:35:25,6000,6270,472,10,4.6
2023-08-04,RA,Hanna,206,discharge,13:51:00,15:35:30,6000,6275,472,10,4.6
2023-08-04,RA,Hanna,206,discharge,13:51:00,15:35:35,6000,6280,472,10,4.6
2023-08-04,RA,Hanna,206,discharge,13:51:00,15:35:40,6000,6285,473,11,5.1
2023-08-04,RA,Hanna,206,discharge,13:51:00,15:35:45,6000,6290,473,11,5.1
2023-08-04,RA,Hanna,206,discharge,13:51:00,15:35:50,6000,6295,473,11,5.1
2023-08-04,RA,Hanna,206,discharge,13:51:00,15:35:55,6000,6300,473,11,5.1
2023-08-04,RA,Hanna,206,discharge,13:51:00,15:36:00,6000,6305,473,11,5.1
2023-08-04,RA,Hanna,206,discharge,13:51:00,15:36:05,6000,6310,473,11,5.1
2023-08-04,RA,Hanna,206,discharge,13:51:00,15:36:10,6000,6315,473,11,5.1
2023-08-04,RA,Hanna,206,discharge,13:51:00,15:36:15,6000,6320,473,11,5.1
2023-08-04,RA,Hanna,206,discharge,13:51:00,15:36:20,6000,6325,473,11,5.1
2023-08-04,RA,Hanna,206,discharge,13:51:00,15:36:25,6000,6330,473,11,5.1
2023-08-04,RA,Hanna,206,discharge,13:51:00,15:36:30,6000,6335,473,11,5.1
2023-08-04,RA,Hanna,206,discharge,13:51:00,15:36:35,6000,6340,473,11,5.1
2023-08-04,RA,Hanna,206,discharge,13:51:00,15:36:40,6000,6345,473,11,5.1
2023-08-04,RA,Hanna,206,discharge,13:51:00,15:36:45,6000,6350,473,11,5.1
2023-08-04,RA,Hanna,206,discharge,13:51:00,15:36:50,6000,6355,473,11,5.1
2023-08-04,RA,Hanna,206,discharge,13:51:00,15:36:55,6000,6360,473,11,5.1
2023-08-04,RA,Hanna,206,discharge,13:51:00,15:37:00,6000,6365,473,11,5.1
2023-08-04,RA,Hanna,206,discharge,13:51:00,15:37:05,6000,6370,473,11,5.1
2023-08-04,RA,Hanna,206,discharge,13:51:00,15:37:10,6000,6375,473,11,5.1
2023-08-04,RA,Hanna,206,discharge,13:51:00,15:37:15,6000,6380,473,11,5.1
2023-08-04,RA,Hanna,206,discharge,13:51:00,15:37:20,6000,6385,473,11,5.1
2023-08-04,RA,Hanna,206,discharge,13:51:00,15:37:25,6000,6390,473,11,5.1
2023-08-04,RA,Hanna,206,discharge,13:51:00,15:37:30,6000,6395,473,11,5.1
2023-08-04,RA,Hanna,206,discharge,13:51:00,15:37:35,6000,6400,473,11,5.1
2023-08-04,RA,Hanna,206,discharge,13:51:00,15:37:40,6000,6405,473,11,5.1
2023-08-04,RA,Hanna,206,discharge,13:51:00,15:37:45,6000,6410,473,11,5.1
2023-08-04,RA,Hanna,206,discharge,13:51:00,15:37:50,6000,6415,473,11,5.1
2023-08-04,RA,Hanna,206,discharge,13:51:00,15:37:55,6000,6420,473,11,5.1
2023-08-04,RA,Hanna,206,discharge,13:51:00,15:38:00,6000,6425,473,11,5.1
2023-08-04,RA,Hanna,206,discharge,13:51:00,15:38:05,6000,6430,473,11,5.1
2023-08-04,RA,Hanna,206,discharge,13:51:00,15:38:10,6000,6435,473,11,5.1
2023-08-04,RA,Hanna,206,discharge,13:51:00,15:38:15,6000,6440,473,11,5.1
2023-08-04,RA,Hanna,206,discharge,13:51:00,15:38:20,6000,6445,473,11,5.1
2023-08-04,RA,Hanna,206,discharge,13:51:00,15:38:25,6000,6450,473,11,5.1
2023-08-04,RA,Hanna,206,discharge,13:51:00,15:38:30,6000,6455,473,11,5.1
2023-08-04,RA,Hanna,206,discharge,13:51:00,15:38:35,6000,6460,473,11,5.1
2023-08-04,RA,Hanna,206,discharge,13:51:00,15:38:40,6000,6465,473,11,5.1
2023-08-04,RA,Hanna,206,discharge,13:51:00,15:38:45,6000,6470,473,11,5.1
2023-08-04,RA,Hanna,206,discharge,13:51:00,15:38:50,6000,6475,473,11,5.1
2023-08-04,RA,Hanna,206,discharge,13:51:00,15:38:55,6000,6480,473,11,5.1
2023-08-04,RA,Hanna,206,discharge,13:51:00,15:39:00,6000,6485,473,11,5.1
2023-08-04,RA,Hanna,206,discharge,13:51:00,15:39:05,6000,6490,473,11,5.1
2023-08-04,RA,Hanna,206,discharge,13:51:00,15:39:10,6000,6495,473,11,5.1
2023-08-04,RA,Hanna,206,discharge,13:51:00,15:39:15,6000,6500,473,11,5.1
2023-08-04,RA,Hanna,206,discharge,13:51:00,15:39:20,6000,6505,473,11,5.1
2023-08-04,RA,Hanna,206,discharge,13:51:00,15:39:25,6000,6510,473,11,5.1
2023-08-04,RA,Hanna,206,discharge,13:51:00,15:39:30,6000,6515,473,11,5.1
2023-08-04,RA,Hanna,206,discharge,13:51:00,15:39:35,6000,6520,473,11,5.1
2023-08-04,RA,Hanna,206,discharge,13:51:00,15:39:40,6000,6525,473,11,5.1
2023-08-04,RA,Hanna,206,discharge,13:51:00,15:39:45,6000,6530,473,11,5.1
2023-08-04,RA,Hanna,206,discharge,13:51:00,15:39:50,6000,6535,473,11,5.1
2023-08-04,RA,Hanna,206,discharge,13:51:00,15:39:55,6000,6540,473,11,5.1
2023-08-04,RA,Hanna,206,discharge,13:51:00,15:40:00,6000,6545,473,11,5.1
2023-08-04,RA,Hanna,206,discharge,13:51:00,15:40:05,6000,6550,473,11,5.1
2023-08-04,RA,Hanna,206,discharge,13:51:00,15:40:10,6000,6555,473,11,5.1
2023-08-04,RA,Hanna,206,discharge,13:51:00,15:40:15,6000,6560,473,11,5.1
2023-08-04,RA,Hanna,206,discharge,13:51:00,15:40:20,6000,6565,473,11,5.1
2023-08-04,RA,Hanna,206,discharge,13:51:00,15:40:25,6000,6570,473,11,5.1
2023-08-04,RA,Hanna,206,discharge,13:51:00,15:40:30,6000,6575,473,11,5.1
2023-08-04,RA,Hanna,206,discharge,13:51:00,15:40:35,6000,6580,473,11,5.1
2023-08-04,RA,Hanna,206,discharge,13:51:00,15:40:40,6000,6585,473,11,5.1
2023-08-04,RA,Hanna,206,discharge,13:51:00,15:40:45,6000,6590,473,11,5.1
2023-08-04,RA,Hanna,206,discharge,13:51:00,15:40:50,6000,6595,473,11,5.1
2023-08-04,RA,Hanna,206,discharge,13:51:00,15:40:55,6000,6600,473,11,5.1
2023-08-04,RA,Hanna,206,discharge,13:51:00,15:41:00,6000,6605,473,11,5.1
2023-08-04,RA,Hanna,206,discharge,13:51:00,15:41:05,6000,6610,473,11,5.1
2023-08-04,RA,Hanna,206,discharge,13:51:00,15:41:10,6000,6615,473,11,5.1
2023-08-04,RA,Hanna,206,discharge,13:51:00,15:41:15,6000,6620,473,11,5.1
2023-08-04,RA,Hanna,206,discharge,13:51:00,15:41:20,6000,6625,473,11,5.1
2023-08-04,RA,Hanna,206,discharge,13:51:00,15:41:25,6000,6630,473,11,5.1
2023-08-04,RA,Hanna,206,discharge,13:51:00,15:41:30,6000,6635,473,11,5.1
2023-08-04,RA,Hanna,206,discharge,13:51:00,15:41:35,6000,6640,473,11,5.1
2023-08-04,RA,Hanna,206,discharge,13:51:00,15:41:40,6000,6645,473,11,5.1
2023-08-04,RA,Hanna,206,discharge,13:51:00,15:41:45,6000,6650,473,11,5.1
2023-08-04,RA,Hanna,206,discharge,13:51:00,15:41:50,6000,6655,473,11,5.1
2023-08-04,RA,Hanna,206,discharge,13:51:00,15:41:55,6000,6660,473,11,5.1
2023-08-04,RA,Hanna,206,discharge,13:51:00,15:42:00,6000,6665,473,11,5.1
2023-08-04,RA,Hanna,206,discharge,13:51:00,15:42:05,6000,6670,473,11,5.1
2023-08-04,RA,Hanna,206,discharge,13:51:00,15:42:10,6000,6675,473,11,5.1
2023-08-04,RA,Hanna,206,discharge,13:51:00,15:42:15,6000,6680,473,11,5.1
2023-08-04,RA,Hanna,206,discharge,13:51:00,15:42:20,6000,6685,473,11,5.1
2023-08-04,RA,Hanna,206,discharge,13:51:00,15:42:25,6000,6690,473,11,5.1
2023-08-04,RA,Hanna,206,discharge,13:51:00,15:42:30,6000,6695,473,11,5.1
2023-08-04,RA,Hanna,206,discharge,13:51:00,15:42:35,6000,6700,473,11,5.1
2023-08-04,RA,Hanna,206,discharge,13:51:00,15:42:40,6000,6705,473,11,5.1
2023-08-04,RA,Hanna,206,discharge,13:51:00,15:42:45,6000,6710,473,11,5.1
2023-08-04,RA,Hanna,206,discharge,13:51:00,15:42:50,6000,6715,473,11,5.1
2023-08-04,RA,Hanna,206,discharge,13:51:00,15:42:55,6000,6720,473,11,5.1
2023-08-04,RA,Hanna,206,discharge,13:51:00,15:43:00,6000,6725,473,11,5.1
2023-08-04,RA,Hanna,206,discharge,13:51:00,15:43:05,6000,6730,473,11,5.1
2023-08-04,RA,Hanna,206,discharge,13:51:00,15:43:10,6000,6735,473,11,5.1
2023-08-04,RA,Hanna,206,discharge,13:51:00,15:43:15,6000,6740,473,11,5.1
2023-08-04,RA,Hanna,206,discharge,13:51:00,15:43:20,6000,6745,473,11,5.1
2023-08-04,RA,Hanna,206,discharge,13:51:00,15:43:25,6000,6750,473,11,5.1
2023-08-04,RA,Hanna,206,discharge,13:51:00,15:43:30,6000,6755,473,11,5.1
2023-08-04,RA,Hanna,206,discharge,13:51:00,15:43:35,6000,6760,473,11,5.1
2023-08-04,RA,Hanna,206,discharge,13:51:00,15:43:40,6000,6765,473,11,5.1
2023-08-04,RA,Hanna,206,discharge,13:51:00,15:43:45,6000,6770,473,11,5.1
2023-08-04,RA,Hanna,206,discharge,13:51:00,15:43:50,6000,6775,473,11,5.1
2023-08-04,RA,Hanna,206,discharge,13:51:00,15:43:55,6000,6780,473,11,5.1
2023-08-04,RA,Hanna,206,discharge,13:51:00,15:44:00,6000,6785,473,11,5.1
2023-08-04,RA,Hanna,206,discharge,13:51:00,15:44:05,6000,6790,473,11,5.1
2023-08-04,RA,Hanna,206,discharge,13:51:00,15:44:10,6000,6795,473,11,5.1
2023-08-04,RA,Hanna,206,discharge,13:51:00,15:44:15,6000,6800,474,12,5.5
2023-08-04,RA,Hanna,206,discharge,13:51:00,15:44:20,6000,6805,474,12,5.5
2023-08-04,RA,Hanna,206,discharge,13:51:00,15:44:25,6000,6810,474,12,5.5
2023-08-04,RA,Hanna,206,discharge,13:51:00,15:44:30,6000,6815,474,12,5.5
2023-08-04,RA,Hanna,206,discharge,13:51:00,15:44:35,6000,6820,474,12,5.5
2023-08-04,RA,Hanna,206,discharge,13:51:00,15:44:40,6000,6825,474,12,5.5
2023-08-04,RA,Hanna,206,discharge,13:51:00,15:44:45,6000,6830,474,12,5.5
2023-08-04,RA,Hanna,206,discharge,13:51:00,15:44:50,6000,6835,474,12,5.5
2023-08-04,RA,Hanna,206,discharge,13:51:00,15:44:55,6000,6840,474,12,5.5
2023-08-04,RA,Hanna,206,discharge,13:51:00,15:45:00,6000,6845,474,12,5.5
2023-08-04,RA,Hanna,206,discharge,13:51:00,15:45:05,6000,6850,474,12,5.5
2023-08-04,RA,Hanna,206,discharge,13:51:00,15:45:10,6000,6855,474,12,5.5
2023-08-04,RA,Hanna,206,discharge,13:51:00,15:45:15,6000,6860,474,12,5.5
2023-08-04,RA,Hanna,206,discharge,13:51:00,15:45:20,6000,6865,474,12,5.5
2023-08-04,RA,Hanna,206,discharge,13:51:00,15:45:25,6000,6870,474,12,5.5
2023-08-04,RA,Hanna,206,discharge,13:51:00,15:45:30,6000,6875,474,12,5.5
2023-08-04,RA,Hanna,206,discharge,13:51:00,15:45:35,6000,6880,474,12,5.5
2023-08-04,RA,Hanna,206,discharge,13:51:00,15:45:40,6000,6885,474,12,5.5
2023-08-04,RA,Hanna,206,discharge,13:51:00,15:45:45,6000,6890,474,12,5.5
2023-08-04,RA,Hanna,206,discharge,13:51:00,15:45:50,6000,6895,474,12,5.5
2023-08-04,RA,Hanna,206,discharge,13:51:00,15:45:55,6000,6900,474,12,5.5
2023-08-04,RA,Hanna,206,discharge,13:51:00,15:46:00,6000,6905,474,12,5.5
2023-08-04,RA,Hanna,206,discharge,13:51:00,15:46:05,6000,6910,474,12,5.5
2023-08-04,RA,Hanna,206,discharge,13:51:00,15:46:10,6000,6915,474,12,5.5
2023-08-04,RA,Hanna,206,discharge,13:51:00,15:46:15,6000,6920,474,12,5.5
2023-08-04,RA,Hanna,206,discharge,13:51:00,15:46:20,6000,6925,474,12,5.5
2023-08-04,RA,Hanna,206,discharge,13:51:00,15:46:25,6000,6930,474,12,5.5
2023-08-04,RA,Hanna,206,discharge,13:51:00,15:46:30,6000,6935,474,12,5.5
2023-08-04,RA,Hanna,206,discharge,13:51:00,15:46:35,6000,6940,474,12,5.5
2023-08-04,RA,Hanna,206,discharge,13:51:00,15:46:40,6000,6945,474,12,5.5
2023-08-04,RA,Hanna,206,discharge,13:51:00,15:46:45,6000,6950,474,12,5.5
2023-08-04,RA,Hanna,206,discharge,13:51:00,15:46:50,6000,6955,474,12,5.5
2023-08-04,RA,Hanna,206,discharge,13:51:00,15:46:55,6000,6960,474,12,5.5
2023-08-04,RA,Hanna,206,discharge,13:51:00,15:47:00,6000,6965,474,12,5.5
2023-08-04,RA,Hanna,206,discharge,13:51:00,15:47:05,6000,6970,474,12,5.5
2023-08-04,RA,Hanna,206,discharge,13:51:00,15:47:10,6000,6975,474,12,5.5
2023-08-04,RA,Hanna,206,discharge,13:51:00,15:47:15,6000,6980,474,12,5.5
2023-08-04,RA,Hanna,206,discharge,13:51:00,15:47:20,6000,6985,474,12,5.5
2023-08-04,RA,Hanna,206,discharge,13:51:00,15:47:25,6000,6990,474,12,5.5
2023-08-04,RA,Hanna,206,discharge,13:51:00,15:47:30,6000,6995,474,12,5.5
2023-08-04,RA,Hanna,206,discharge,13:51:00,15:47:35,6000,7000,474,12,5.5
2023-08-04,RA,Hanna,206,discharge,13:51:00,15:47:40,6000,7005,474,12,5.5
2023-08-04,RA,Hanna,206,discharge,13:51:00,15:47:45,6000,7010,474,12,5.5
2023-08-04,RA,Hanna,206,discharge,13:51:00,15:47:50,6000,7015,474,12,5.5
2023-08-04,RA,Hanna,206,discharge,13:51:00,15:47:55,6000,7020,474,12,5.5
2023-08-04,RA,Hanna,206,discharge,13:51:00,15:48:00,6000,7025,474,12,5.5
2023-08-04,RA,Hanna,206,discharge,13:51:00,15:48:05,6000,7030,474,12,5.5
2023-08-04,RA,Hanna,206,discharge,13:51:00,15:48:10,6000,7035,474,12,5.5
2023-08-04,RA,Hanna,206,discharge,13:51:00,15:48:15,6000,7040,474,12,5.5
2023-08-04,RA,Hanna,206,discharge,13:51:00,15:48:20,6000,7045,474,12,5.5
2023-08-04,RA,Hanna,206,discharge,13:51:00,15:48:25,6000,7050,474,12,5.5
2023-08-04,RA,Hanna,206,discharge,13:51:00,15:48:30,6000,7055,474,12,5.5
2023-08-04,RA,Hanna,206,discharge,13:51:00,15:48:35,6000,7060,474,12,5.5
2023-08-04,RA,Hanna,206,discharge,13:51:00,15:48:40,6000,7065,474,12,5.5
2023-08-04,RA,Hanna,206,discharge,13:51:00,15:48:45,6000,7070,474,12,5.5
2023-08-04,RA,Hanna,206,discharge,13:51:00,15:48:50,6000,7075,474,12,5.5
2023-08-04,RA,Hanna,206,discharge,13:51:00,15:48:55,6000,7080,474,12,5.5
2023-08-04,RA,Hanna,206,discharge,13:51:00,15:49:00,6000,7085,474,12,5.5
2023-08-04,RA,Hanna,206,discharge,13:51:00,15:49:05,6000,7090,474,12,5.5
2023-08-04,RA,Hanna,206,discharge,13:51:00,15:49:10,6000,7095,474,12,5.5
2023-08-04,RA,Hanna,206,discharge,13:51:00,15:49:15,6000,7100,474,12,5.5
2023-08-04,RA,Hanna,206,discharge,13:51:00,15:49:20,6000,7105,474,12,5.5
2023-08-04,RA,Hanna,206,discharge,13:51:00,15:49:25,6000,7110,474,12,5.5
2023-08-04,RA,Hanna,206,discharge,13:51:00,15:49:30,6000,7115,474,12,5.5
2023-08-04,RA,Hanna,206,discharge,13:51:00,15:49:35,6000,7120,474,12,5.5
2023-08-04,RA,Hanna,206,discharge,13:51:00,15:49:40,6000,7125,474,12,5.5
2023-08-04,RA,Hanna,206,discharge,13:51:00,15:49:45,6000,7130,474,12,5.5
2023-08-04,RA,Hanna,206,discharge,13:51:00,15:49:50,6000,7135,474,12,5.5
2023-08-04,RA,Hanna,206,discharge,13:51:00,15:49:55,6000,7140,474,12,5.5
2023-08-04,RA,Hanna,206,discharge,13:51:00,15:50:00,6000,7145,474,12,5.5
2023-08-04,RA,Hanna,206,discharge,13:51:00,15:50:05,6000,7150,474,12,5.5
2023-08-04,RA,Hanna,206,discharge,13:51:00,15:50:10,6000,7155,474,12,5.5
2023-08-04,RA,Hanna,206,discharge,13:51:00,15:50:15,6000,7160,474,12,5.5
2023-08-04,RA,Hanna,206,discharge,13:51:00,15:50:20,6000,7165,474,12,5.5
2023-08-04,RA,Hanna,206,discharge,13:51:00,15:50:25,6000,7170,474,12,5.5
2023-08-04,RA,Hanna,206,discharge,13:51:00,15:50:30,6000,7175,474,12,5.5
2023-08-04,RA,Hanna,206,discharge,13:51:00,15:50:35,6000,7180,474,12,5.5
2023-08-04,RA,Hanna,206,discharge,13:51:00,15:50:40,6000,7185,474,12,5.5
2023-08-04,RA,Hanna,206,discharge,13:51:00,15:50:45,6000,7190,474,12,5.5
2023-08-04,RA,Hanna,206,discharge,13:51:00,15:50:50,6000,7195,474,12,5.5
2023-08-04,RA,Hanna,206,discharge,13:51:00,15:50:55,6000,7200,474,12,5.5
2023-08-04,RA,Hanna,206,discharge,13:51:00,15:51:00,6000,7205,474,12,5.5
2023-08-04,RA,Hanna,206,discharge,13:51:00,15:51:05,6000,7210,474,12,5.5
2023-08-04,RA,Hanna,206,discharge,13:51:00,15:51:10,6000,7215,474,12,5.5
2023-08-04,RA,Hanna,206,discharge,13:51:00,15:51:15,6000,7220,474,12,5.5
2023-08-04,RA,Hanna,206,discharge,13:51:00,15:51:20,6000,7225,474,12,5.5
2023-08-04,RA,Hanna,206,discharge,13:51:00,15:51:25,6000,7230,474,12,5.5
2023-08-04,RA,Hanna,206,discharge,13:51:00,15:51:30,6000,7235,474,12,5.5
2023-08-04,RA,Hanna,206,discharge,13:51:00,15:51:35,6000,7240,474,12,5.5
2023-08-04,RA,Hanna,206,discharge,13:51:00,15:51:40,6000,7245,474,12,5.5
2023-08-04,RA,Hanna,206,discharge,13:51:00,15:51:45,6000,7250,474,12,5.5
2023-08-04,RA,Hanna,206,discharge,13:51:00,15:51:50,6000,7255,474,12,5.5
2023-08-04,RA,Hanna,206,discharge,13:51:00,15:51:55,6000,7260,474,12,5.5
2023-08-04,RA,Hanna,206,discharge,13:51:00,15:52:00,6000,7265,474,12,5.5
2023-08-04,RA,Hanna,206,discharge,13:51:00,15:52:05,6000,7270,474,12,5.5
2023-08-04,RA,Hanna,206,discharge,13:51:00,15:52:10,6000,7275,474,12,5.5
2023-08-04,RA,Hanna,206,discharge,13:51:00,15:52:15,6000,7280,474,12,5.5
2023-08-04,RA,Hanna,206,discharge,13:51:00,15:52:20,6000,7285,474,12,5.5
2023-08-04,RA,Hanna,206,discharge,13:51:00,15:52:25,6000,7290,474,12,5.5
2023-08-04,RA,Hanna,206,discharge,13:51:00,15:52:30,6000,7295,474,12,5.5
2023-08-04,RA,Hanna,206,discharge,13:51:00,15:52:35,6000,7300,474,12,5.5
2023-08-04,RA,Hanna,206,discharge,13:51:00,15:52:40,6000,7305,474,12,5.5
2023-08-04,RA,Hanna,206,discharge,13:51:00,15:52:45,6000,7310,474,12,5.5
2023-08-04,RA,Hanna,206,discharge,13:51:00,15:52:50,6000,7315,474,12,5.5
2023-08-04,RA,Hanna,206,discharge,13:51:00,15:52:55,6000,7320,474,12,5.5
2023-08-04,RA,Hanna,206,discharge,13:51:00,15:53:00,6000,7325,474,12,5.5
2023-08-04,RA,Hanna,206,discharge,13:51:00,15:53:05,6000,7330,474,12,5.5
2023-08-04,RA,Hanna,206,discharge,13:51:00,15:53:10,6000,7335,474,12,5.5
2023-08-04,RA,Hanna,206,discharge,13:51:00,15:53:15,6000,7340,474,12,5.5
2023-08-04,RA,Hanna,206,discharge,13:51:00,15:53:20,6000,7345,474,12,5.5
2023-08-04,RA,Hanna,206,discharge,13:51:00,15:53:25,6000,7350,474,12,5.5
2023-08-04,RA,Hanna,206,discharge,13:51:00,15:53:30,6000,7355,474,12,5.5
2023-08-04,RA,Hanna,206,discharge,13:51:00,15:53:35,6000,7360,474,12,5.5
2023-08-04,RA,Hanna,206,discharge,13:51:00,15:53:40,6000,7365,474,12,5.5
2023-08-04,RA,Hanna,206,discharge,13:51:00,15:53:45,6000,7370,474,12,5.5
2023-08-04,RA,Hanna,206,discharge,13:51:00,15:53:50,6000,7375,474,12,5.5
2023-08-04,RA,Hanna,206,discharge,13:51:00,15:53:55,6000,7380,474,12,5.5
2023-08-04,RA,Hanna,206,discharge,13:51:00,15:54:00,6000,7385,474,12,5.5
2023-08-04,RA,Hanna,206,discharge,13:51:00,15:54:05,6000,7390,474,12,5.5
2023-08-04,RA,Hanna,206,discharge,13:51:00,15:54:10,6000,7395,474,12,5.5
2023-08-04,RA,Hanna,206,discharge,13:51:00,15:54:15,6000,7400,474,12,5.5
2023-08-04,RA,Hanna,206,discharge,13:51:00,15:54:20,6000,7405,474,12,5.5
2023-08-04,RA,Hanna,206,discharge,13:51:00,15:54:25,6000,7410,474,12,5.5
2023-08-04,RA,Hanna,206,discharge,13:51:00,15:54:30,6000,7415,474,12,5.5
2023-08-04,RA,Hanna,206,discharge,13:51:00,15:54:35,6000,7420,474,12,5.5
2023-08-04,RA,Hanna,206,discharge,13:51:00,15:54:40,6000,7425,474,12,5.5
2023-08-04,RA,Hanna,206,discharge,13:51:00,15:54:45,6000,7430,474,12,5.5
2023-08-04,RA,Hanna,206,discharge,13:51:00,15:54:50,6000,7435,474,12,5.5
2023-08-04,RA,Hanna,206,discharge,13:51:00,15:54:55,6000,7440,474,12,5.5
2023-08-04,RA,Hanna,206,discharge,13:51:00,15:55:00,6000,7445,474,12,5.5
2023-08-04,RA,Hanna,206,discharge,13:51:00,15:55:05,6000,7450,474,12,5.5
2023-08-04,RA,Hanna,206,discharge,13:51:00,15:55:10,6000,7455,474,12,5.5
2023-08-04,RA,Hanna,206,discharge,13:51:00,15:55:15,6000,7460,474,12,5.5
2023-08-04,RA,Hanna,206,discharge,13:51:00,15:55:20,6000,7465,474,12,5.5
2023-08-04,RA,Hanna,206,discharge,13:51:00,15:55:25,6000,7470,474,12,5.5
2023-08-04,RA,Hanna,206,discharge,13:51:00,15:55:30,6000,7475,474,12,5.5
2023-08-04,RA,Hanna,206,discharge,13:51:00,15:55:35,6000,7480,474,12,5.5
2023-08-04,RA,Hanna,206,discharge,13:51:00,15:55:40,6000,7485,474,12,5.5
2023-08-04,RA,Hanna,206,discharge,13:51:00,15:55:45,6000,7490,474,12,5.5
2023-08-04,RA,Hanna,206,discharge,13:51:00,15:55:50,6000,7495,474,12,5.5
2023-08-04,RA,Hanna,206,discharge,13:51:00,15:55:55,6000,7500,474,12,5.5
2023-08-04,RA,Hanna,206,discharge,13:51:00,15:56:00,6000,7505,474,12,5.5
2023-08-04,RA,Hanna,206,discharge,13:51:00,15:56:05,6000,7510,474,12,5.5
2023-08-04,RA,Hanna,206,discharge,13:51:00,15:56:10,6000,7515,474,12,5.5
2023-08-04,RA,Hanna,206,discharge,13:51:00,15:56:15,6000,7520,474,12,5.5
2023-08-04,RA,Hanna,206,discharge,13:51:00,15:56:20,6000,7525,474,12,5.5
2023-08-04,RA,Hanna,206,discharge,13:51:00,15:56:25,6000,7530,474,12,5.5
2023-08-04,RA,Hanna,206,discharge,13:51:00,15:56:30,6000,7535,474,12,5.5
2023-08-04,RA,Hanna,206,discharge,13:51:00,15:56:35,6000,7540,474,12,5.5
2023-08-04,RA,Hanna,206,discharge,13:51:00,15:56:40,6000,7545,474,12,5.5
2023-08-04,RA,Hanna,206,discharge,13:51:00,15:56:45,6000,7550,474,12,5.5
2023-08-04,RA,Hanna,206,discharge,13:51:00,15:56:50,6000,7555,474,12,5.5
2023-08-04,RA,Hanna,206,discharge,13:51:00,15:56:55,6000,7560,474,12,5.5
2023-08-04,RA,Hanna,206,discharge,13:51:00,15:57:00,6000,7565,474,12,5.5
2023-08-04,RA,Hanna,206,discharge,13:51:00,15:57:05,6000,7570,474,12,5.5
2023-08-04,RA,Hanna,206,discharge,13:51:00,15:57:10,6000,7575,474,12,5.5
2023-08-04,RA,Hanna,206,discharge,13:51:00,15:57:15,6000,7580,474,12,5.5
2023-08-04,RA,Hanna,206,discharge,13:51:00,15:57:20,6000,7585,474,12,5.5
2023-08-04,RA,Hanna,206,discharge,13:51:00,15:57:25,6000,7590,474,12,5.5
2023-08-04,RA,Hanna,206,discharge,13:51:00,15:57:30,6000,7595,474,12,5.5
2023-08-04,RA,Hanna,206,discharge,13:51:00,15:57:35,6000,7600,474,12,5.5
2023-08-04,RA,Hanna,206,discharge,13:51:00,15:57:40,6000,7605,474,12,5.5
2023-08-04,RA,Hanna,206,discharge,13:51:00,15:57:45,6000,7610,474,12,5.5
2023-08-04,RA,Hanna,206,discharge,13:51:00,15:57:50,6000,7615,474,12,5.5
2023-08-04,RA,Hanna,206,discharge,13:51:00,15:57:55,6000,7620,474,12,5.5
2023-08-04,RA,Hanna,206,discharge,13:51:00,15:58:00,6000,7625,474,12,5.5
2023-08-04,RA,Hanna,206,discharge,13:51:00,15:58:05,6000,7630,474,12,5.5
2023-08-04,RA,Hanna,206,discharge,13:51:00,15:58:10,6000,7635,474,12,5.5
2023-08-04,RA,Hanna,206,discharge,13:51:00,15:58:15,6000,7640,474,12,5.5
2023-08-04,RA,Hanna,206,discharge,13:51:00,15:58:20,6000,7645,474,12,5.5
2023-08-04,RA,Hanna,206,discharge,13:51:00,15:58:25,6000,7650,474,12,5.5
2023-08-04,RA,Hanna,206,discharge,13:51:00,15:58:30,6000,7655,474,12,5.5
2023-08-04,RA,Hanna,206,discharge,13:51:00,15:58:35,6000,7660,474,12,5.5
2023-08-04,RA,Hanna,206,discharge,13:51:00,15:58:40,6000,7665,474,12,5.5
2023-08-04,RA,Hanna,206,discharge,13:51:00,15:58:45,6000,7670,474,12,5.5
2023-08-04,RA,Hanna,206,discharge,13:51:00,15:58:50,6000,7675,474,12,5.5
2023-08-04,RA,Hanna,206,discharge,13:51:00,15:58:55,6000,7680,474,12,5.5
2023-08-04,RA,Hanna,206,discharge,13:51:00,15:59:00,6000,7685,474,12,5.5
2023-08-04,RA,Hanna,206,discharge,13:51:00,15:59:05,6000,7690,474,12,5.5
2023-08-04,RA,Hanna,206,discharge,13:51:00,15:59:10,6000,7695,474,12,5.5
2023-08-04,RA,Hanna,206,discharge,13:51:00,15:59:15,6000,7700,474,12,5.5
2023-08-04,RA,Hanna,206,discharge,13:51:00,15:59:20,6000,7705,474,12,5.5
2023-08-04,RA,Hanna,206,discharge,13:51:00,15:59:25,6000,7710,474,12,5.5
2023-08-04,RA,Hanna,206,discharge,13:51:00,15:59:30,6000,7715,474,12,5.5
2023-08-04,RA,Hanna,206,discharge,13:51:00,15:59:35,6000,7720,474,12,5.5
2023-08-04,RA,Hanna,206,discharge,13:51:00,15:59:40,6000,7725,474,12,5.5
2023-08-04,RA,Hanna,206,discharge,13:51:00,15:59:45,6000,7730,474,12,5.5
2023-08-04,RA,Hanna,206,discharge,13:51:00,15:59:50,6000,7735,474,12,5.5
2023-08-04,RA,Hanna,206,discharge,13:51:00,15:59:55,6000,7740,474,12,5.5
2023-08-04,RA,Hanna,206,discharge,13:51:00,16:00:00,6000,7745,474,12,5.5
2023-08-04,RA,Hanna,206,discharge,13:51:00,16:00:05,6000,7750,474,12,5.5
2023-08-04,RA,Hanna,206,discharge,13:51:00,16:00:10,6000,7755,474,12,5.5
2023-08-04,RA,Hanna,206,discharge,13:51:00,16:00:15,6000,7760,473,11,5.1
2023-08-04,RA,Hanna,206,discharge,13:51:00,16:00:20,6000,7765,473,11,5.1
2023-08-04,RA,Hanna,206,discharge,13:51:00,16:00:25,6000,7770,473,11,5.1
2023-08-04,RA,Hanna,206,discharge,13:51:00,16:00:30,6000,7775,473,11,5.1
2023-08-04,RA,Hanna,206,discharge,13:51:00,16:00:35,6000,7780,473,11,5.1
2023-08-04,RA,Hanna,206,discharge,13:51:00,16:00:40,6000,7785,473,11,5.1
2023-08-04,RA,Hanna,206,discharge,13:51:00,16:00:45,6000,7790,473,11,5.1
2023-08-04,RA,Hanna,206,discharge,13:51:00,16:00:50,6000,7795,473,11,5.1
2023-08-04,RA,Hanna,206,discharge,13:51:00,16:00:55,6000,7800,473,11,5.1
2023-08-04,RA,Hanna,206,discharge,13:51:00,16:01:00,6000,7805,473,11,5.1
2023-08-04,RA,Hanna,206,discharge,13:51:00,16:01:05,6000,7810,473,11,5.1
2023-08-04,RA,Hanna,206,discharge,13:51:00,16:01:10,6000,7815,473,11,5.1
2023-08-04,RA,Hanna,206,discharge,13:51:00,16:01:15,6000,7820,473,11,5.1
2023-08-04,RA,Hanna,206,discharge,13:51:00,16:01:20,6000,7825,473,11,5.1
2023-08-04,RA,Hanna,206,discharge,13:51:00,16:01:25,6000,7830,473,11,5.1
2023-08-04,RA,Hanna,206,discharge,13:51:00,16:01:30,6000,7835,473,11,5.1
2023-08-04,RA,Hanna,206,discharge,13:51:00,16:01:35,6000,7840,473,11,5.1
2023-08-04,RA,Hanna,206,discharge,13:51:00,16:01:40,6000,7845,473,11,5.1
2023-08-04,RA,Hanna,206,discharge,13:51:00,16:01:45,6000,7850,473,11,5.1
2023-08-04,RA,Hanna,206,discharge,13:51:00,16:01:50,6000,7855,473,11,5.1
2023-08-04,RA,Hanna,206,discharge,13:51:00,16:01:55,6000,7860,473,11,5.1
2023-08-04,RA,Hanna,206,discharge,13:51:00,16:02:00,6000,7865,473,11,5.1
2023-08-04,RA,Hanna,206,discharge,13:51:00,16:02:05,6000,7870,473,11,5.1
2023-08-04,RA,Hanna,206,discharge,13:51:00,16:02:10,6000,7875,473,11,5.1
2023-08-04,RA,Hanna,206,discharge,13:51:00,16:02:15,6000,7880,473,11,5.1
2023-08-04,RA,Hanna,206,discharge,13:51:00,16:02:20,6000,7885,473,11,5.1
2023-08-04,RA,Hanna,206,discharge,13:51:00,16:02:25,6000,7890,473,11,5.1
2023-08-04,RA,Hanna,206,discharge,13:51:00,16:02:30,6000,7895,473,11,5.1
2023-08-04,RA,Hanna,206,discharge,13:51:00,16:02:35,6000,7900,473,11,5.1
2023-08-04,RA,Hanna,206,discharge,13:51:00,16:02:40,6000,7905,473,11,5.1
2023-08-04,RA,Hanna,206,discharge,13:51:00,16:02:45,6000,7910,473,11,5.1
2023-08-04,RA,Hanna,206,discharge,13:51:00,16:02:50,6000,7915,473,11,5.1
2023-08-04,RA,Hanna,206,discharge,13:51:00,16:02:55,6000,7920,473,11,5.1
2023-08-04,RA,Hanna,206,discharge,13:51:00,16:03:00,6000,7925,473,11,5.1
2023-08-04,RA,Hanna,206,discharge,13:51:00,16:03:05,6000,7930,473,11,5.1
2023-08-04,RA,Hanna,206,discharge,13:51:00,16:03:10,6000,7935,473,11,5.1
2023-08-04,RA,Hanna,206,discharge,13:51:00,16:03:15,6000,7940,473,11,5.1
2023-08-04,RA,Hanna,206,discharge,13:51:00,16:03:20,6000,7945,473,11,5.1
2023-08-04,RA,Hanna,206,discharge,13:51:00,16:03:25,6000,7950,473,11,5.1
2023-08-04,RA,Hanna,206,discharge,13:51:00,16:03:30,6000,7955,473,11,5.1
2023-08-04,RA,Hanna,206,discharge,13:51:00,16:03:35,6000,7960,473,11,5.1
2023-08-04,RA,Hanna,206,discharge,13:51:00,16:03:40,6000,7965,473,11,5.1
2023-08-04,RA,Hanna,206,discharge,13:51:00,16:03:45,6000,7970,473,11,5.1
2023-08-04,RA,Hanna,206,discharge,13:51:00,16:03:50,6000,7975,473,11,5.1
2023-08-04,RA,Hanna,206,discharge,13:51:00,16:03:55,6000,7980,473,11,5.1
2023-08-04,RA,Hanna,206,discharge,13:51:00,16:04:00,6000,7985,473,11,5.1
2023-08-04,RA,Hanna,206,discharge,13:51:00,16:04:05,6000,7990,473,11,5.1
2023-08-04,RA,Hanna,206,discharge,13:51:00,16:04:10,6000,7995,473,11,5.1
2023-08-04,RA,Hanna,206,discharge,13:51:00,16:04:15,6000,8000,473,11,5.1
2023-08-04,RA,Hanna,206,discharge,13:51:00,16:04:20,6000,8005,473,11,5.1
2023-08-04,RA,Hanna,206,discharge,13:51:00,16:04:25,6000,8010,473,11,5.1
2023-08-04,RA,Hanna,206,discharge,13:51:00,16:04:30,6000,8015,473,11,5.1
2023-08-04,RA,Hanna,206,discharge,13:51:00,16:04:35,6000,8020,473,11,5.1
2023-08-04,RA,Hanna,206,discharge,13:51:00,16:04:40,6000,8025,473,11,5.1
2023-08-04,RA,Hanna,206,discharge,13:51:00,16:04:45,6000,8030,473,11,5.1
2023-08-04,RA,Hanna,206,discharge,13:51:00,16:04:50,6000,8035,473,11,5.1
2023-08-04,RA,Hanna,206,discharge,13:51:00,16:04:55,6000,8040,473,11,5.1
2023-08-04,RA,Hanna,206,discharge,13:51:00,16:05:00,6000,8045,473,11,5.1
2023-08-04,RA,Hanna,206,discharge,13:51:00,16:05:05,6000,8050,473,11,5.1
2023-08-04,RA,Hanna,206,discharge,13:51:00,16:05:10,6000,8055,473,11,5.1
2023-08-04,RA,Hanna,206,discharge,13:51:00,16:05:15,6000,8060,473,11,5.1
2023-08-04,RA,Hanna,206,discharge,13:51:00,16:05:20,6000,8065,473,11,5.1
2023-08-04,RA,Hanna,206,discharge,13:51:00,16:05:25,6000,8070,473,11,5.1
2023-08-04,RA,Hanna,206,discharge,13:51:00,16:05:30,6000,8075,473,11,5.1
2023-08-04,RA,Hanna,206,discharge,13:51:00,16:05:35,6000,8080,473,11,5.1
2023-08-04,RA,Hanna,206,discharge,13:51:00,16:05:40,6000,8085,473,11,5.1
2023-08-04,RA,Hanna,206,discharge,13:51:00,16:05:45,6000,8090,473,11,5.1
2023-08-04,RA,Hanna,206,discharge,13:51:00,16:05:50,6000,8095,473,11,5.1
2023-08-04,RA,Hanna,206,discharge,13:51:00,16:05:55,6000,8100,473,11,5.1
2023-08-04,RA,Hanna,206,discharge,13:51:00,16:06:00,6000,8105,473,11,5.1
2023-08-04,RA,Hanna,206,discharge,13:51:00,16:06:05,6000,8110,473,11,5.1
2023-08-04,RA,Hanna,206,discharge,13:51:00,16:06:10,6000,8115,473,11,5.1
2023-08-04,RA,Hanna,206,discharge,13:51:00,16:06:15,6000,8120,473,11,5.1
2023-08-04,RA,Hanna,206,discharge,13:51:00,16:06:20,6000,8125,473,11,5.1
2023-08-04,RA,Hanna,206,discharge,13:51:00,16:06:25,6000,8130,473,11,5.1
2023-08-04,RA,Hanna,206,discharge,13:51:00,16:06:30,6000,8135,473,11,5.1
2023-08-04,RA,Hanna,206,discharge,13:51:00,16:06:35,6000,8140,473,11,5.1
2023-08-04,RA,Hanna,206,discharge,13:51:00,16:06:40,6000,8145,473,11,5.1
2023-08-04,RA,Hanna,206,discharge,13:51:00,16:06:45,6000,8150,473,11,5.1
2023-08-04,RA,Hanna,206,discharge,13:51:00,16:06:50,6000,8155,473,11,5.1
2023-08-04,RA,Hanna,206,discharge,13:51:00,16:06:55,6000,8160,473,11,5.1
2023-08-04,RA,Hanna,206,discharge,13:51:00,16:07:00,6000,8165,473,11,5.1
2023-08-04,RA,Hanna,206,discharge,13:51:00,16:07:05,6000,8170,473,11,5.1
2023-08-04,RA,Hanna,206,discharge,13:51:00,16:07:10,6000,8175,473,11,5.1
2023-08-04,RA,Hanna,206,discharge,13:51:00,16:07:15,6000,8180,473,11,5.1
2023-08-04,RA,Hanna,206,discharge,13:51:00,16:07:20,6000,8185,473,11,5.1
2023-08-04,RA,Hanna,206,discharge,13:51:00,16:07:25,6000,8190,473,11,5.1
2023-08-04,RA,Hanna,206,discharge,13:51:00,16:07:30,6000,8195,473,11,5.1
2023-08-04,RA,Hanna,206,discharge,13:51:00,16:07:35,6000,8200,473,11,5.1
2023-08-04,RA,Hanna,206,discharge,13:51:00,16:07:40,6000,8205,473,11,5.1
2023-08-04,RA,Hanna,206,discharge,13:51:00,16:07:45,6000,8210,473,11,5.1
2023-08-04,RA,Hanna,206,discharge,13:51:00,16:07:50,6000,8215,473,11,5.1
2023-08-04,RA,Hanna,206,discharge,13:51:00,16:07:55,6000,8220,473,11,5.1
2023-08-04,RA,Hanna,206,discharge,13:51:00,16:08:00,6000,8225,473,11,5.1
2023-08-04,RA,Hanna,206,discharge,13:51:00,16:08:05,6000,8230,473,11,5.1
2023-08-04,RA,Hanna,206,discharge,13:51:00,16:08:10,6000,8235,473,11,5.1
2023-08-04,RA,Hanna,206,discharge,13:51:00,16:08:15,6000,8240,473,11,5.1
2023-08-04,RA,Hanna,206,discharge,13:51:00,16:08:20,6000,8245,473,11,5.1
2023-08-04,RA,Hanna,206,discharge,13:51:00,16:08:25,6000,8250,473,11,5.1
2023-08-04,RA,Hanna,206,discharge,13:51:00,16:08:30,6000,8255,473,11,5.1
2023-08-04,RA,Hanna,206,discharge,13:51:00,16:08:35,6000,8260,473,11,5.1
2023-08-04,RA,Hanna,206,discharge,13:51:00,16:08:40,6000,8265,473,11,5.1
2023-08-04,RA,Hanna,206,discharge,13:51:00,16:08:45,6000,8270,473,11,5.1
2023-08-04,RA,Hanna,206,discharge,13:51:00,16:08:50,6000,8275,473,11,5.1
2023-08-04,RA,Hanna,206,discharge,13:51:00,16:08:55,6000,8280,473,11,5.1
2023-08-04,RA,Hanna,206,discharge,13:51:00,16:09:00,6000,8285,473,11,5.1
2023-08-04,RA,Hanna,206,discharge,13:51:00,16:09:05,6000,8290,473,11,5.1
2023-08-04,RA,Hanna,206,discharge,13:51:00,16:09:10,6000,8295,473,11,5.1
2023-08-04,RA,Hanna,206,discharge,13:51:00,16:09:15,6000,8300,473,11,5.1
2023-08-04,RA,Hanna,206,discharge,13:51:00,16:09:20,6000,8305,473,11,5.1
2023-08-04,RA,Hanna,206,discharge,13:51:00,16:09:25,6000,8310,473,11,5.1
2023-08-04,RA,Hanna,206,discharge,13:51:00,16:09:30,6000,8315,473,11,5.1
2023-08-04,RA,Hanna,206,discharge,13:51:00,16:09:35,6000,8320,473,11,5.1
2023-08-04,RA,Hanna,206,discharge,13:51:00,16:09:40,6000,8325,473,11,5.1
2023-08-04,RA,Hanna,206,discharge,13:51:00,16:09:45,6000,8330,473,11,5.1
2023-08-04,RA,Hanna,206,discharge,13:51:00,16:09:50,6000,8335,473,11,5.1
2023-08-04,RA,Hanna,206,discharge,13:51:00,16:09:55,6000,8340,473,11,5.1
2023-08-04,RA,Hanna,206,discharge,13:51:00,16:10:00,6000,8345,473,11,5.1
2023-08-04,RA,Hanna,206,discharge,13:51:00,16:10:05,6000,8350,473,11,5.1
2023-08-04,RA,Hanna,206,discharge,13:51:00,16:10:10,6000,8355,473,11,5.1
2023-08-04,RA,Hanna,206,discharge,13:51:00,16:10:15,6000,8360,473,11,5.1
2023-08-04,RA,Hanna,206,discharge,13:51:00,16:10:20,6000,8365,473,11,5.1
2023-08-04,RA,Hanna,206,discharge,13:51:00,16:10:25,6000,8370,473,11,5.1
2023-08-04,RA,Hanna,206,discharge,13:51:00,16:10:30,6000,8375,473,11,5.1
2023-08-04,RA,Hanna,206,discharge,13:51:00,16:10:35,6000,8380,473,11,5.1
2023-08-04,RA,Hanna,206,discharge,13:51:00,16:10:40,6000,8385,473,11,5.1
2023-08-04,RA,Hanna,206,discharge,13:51:00,16:10:45,6000,8390,473,11,5.1
2023-08-04,RA,Hanna,206,discharge,13:51:00,16:10:50,6000,8395,473,11,5.1
2023-08-04,RA,Hanna,206,discharge,13:51:00,16:10:55,6000,8400,473,11,5.1
2023-08-04,RA,Hanna,206,discharge,13:51:00,16:11:00,6000,8405,473,11,5.1
2023-08-04,RA,Hanna,206,discharge,13:51:00,16:11:05,6000,8410,473,11,5.1
2023-08-04,RA,Hanna,206,discharge,13:51:00,16:11:10,6000,8415,473,11,5.1
2023-08-04,RA,Hanna,206,discharge,13:51:00,16:11:15,6000,8420,473,11,5.1
2023-08-04,RA,Hanna,206,discharge,13:51:00,16:11:20,6000,8425,473,11,5.1
2023-08-04,RA,Hanna,206,discharge,13:51:00,16:11:25,6000,8430,473,11,5.1
2023-08-04,RA,Hanna,206,discharge,13:51:00,16:11:30,6000,8435,473,11,5.1
2023-08-04,RA,Hanna,206,discharge,13:51:00,16:11:35,6000,8440,473,11,5.1
2023-08-04,RA,Hanna,206,discharge,13:51:00,16:11:40,6000,8445,473,11,5.1
2023-08-04,RA,Hanna,206,discharge,13:51:00,16:11:45,6000,8450,473,11,5.1
2023-08-04,RA,Hanna,206,discharge,13:51:00,16:11:50,6000,8455,473,11,5.1
2023-08-04,RA,Hanna,206,discharge,13:51:00,16:11:55,6000,8460,473,11,5.1
2023-08-04,RA,Hanna,206,discharge,13:51:00,16:12:00,6000,8465,473,11,5.1
2023-08-04,RA,Hanna,206,discharge,13:51:00,16:12:05,6000,8470,473,11,5.1
2023-08-04,RA,Hanna,206,discharge,13:51:00,16:12:10,6000,8475,473,11,5.1
2023-08-04,RA,Hanna,206,discharge,13:51:00,16:12:15,6000,8480,473,11,5.1
2023-08-04,RA,Hanna,206,discharge,13:51:00,16:12:20,6000,8485,473,11,5.1
2023-08-04,RA,Hanna,206,discharge,13:51:00,16:12:25,6000,8490,473,11,5.1
2023-08-04,RA,Hanna,206,discharge,13:51:00,16:12:30,6000,8495,473,11,5.1
2023-08-04,RA,Hanna,206,discharge,13:51:00,16:12:35,6000,8500,473,11,5.1
2023-08-04,RA,Hanna,206,discharge,13:51:00,16:12:40,6000,8505,473,11,5.1
2023-08-04,RA,Hanna,206,discharge,13:51:00,16:12:45,6000,8510,473,11,5.1
2023-08-04,RA,Hanna,206,discharge,13:51:00,16:12:50,6000,8515,473,11,5.1
2023-08-04,RA,Hanna,206,discharge,13:51:00,16:12:55,6000,8520,473,11,5.1
2023-08-04,RA,Hanna,206,discharge,13:51:00,16:13:00,6000,8525,473,11,5.1
2023-08-04,RA,Hanna,206,discharge,13:51:00,16:13:05,6000,8530,473,11,5.1
2023-08-04,RA,Hanna,206,discharge,13:51:00,16:13:10,6000,8535,473,11,5.1
2023-08-04,RA,Hanna,206,discharge,13:51:00,16:13:15,6000,8540,473,11,5.1
2023-08-04,RA,Hanna,206,discharge,13:51:00,16:13:20,6000,8545,473,11,5.1
2023-08-04,RA,Hanna,206,discharge,13:51:00,16:13:25,6000,8550,473,11,5.1
2023-08-04,RA,Hanna,206,discharge,13:51:00,16:13:30,6000,8555,472,10,4.6
2023-08-04,RA,Hanna,206,discharge,13:51:00,16:13:35,6000,8560,472,10,4.6
2023-08-04,RA,Hanna,206,discharge,13:51:00,16:13:40,6000,8565,472,10,4.6
2023-08-04,RA,Hanna,206,discharge,13:51:00,16:13:45,6000,8570,472,10,4.6
2023-08-04,RA,Hanna,206,discharge,13:51:00,16:13:50,6000,8575,472,10,4.6
2023-08-04,RA,Hanna,206,discharge,13:51:00,16:13:55,6000,8580,472,10,4.6
2023-08-04,RA,Hanna,206,discharge,13:51:00,16:14:00,6000,8585,472,10,4.6
2023-08-04,RA,Hanna,206,discharge,13:51:00,16:14:05,6000,8590,472,10,4.6
2023-08-04,RA,Hanna,206,discharge,13:51:00,16:14:10,6000,8595,472,10,4.6
2023-08-04,RA,Hanna,206,discharge,13:51:00,16:14:15,6000,8600,472,10,4.6
2023-08-04,RA,Hanna,206,discharge,13:51:00,16:14:20,6000,8605,472,10,4.6
2023-08-04,RA,Hanna,206,discharge,13:51:00,16:14:25,6000,8610,472,10,4.6
2023-08-04,RA,Hanna,206,discharge,13:51:00,16:14:30,6000,8615,472,10,4.6
2023-08-04,RA,Hanna,206,discharge,13:51:00,16:14:35,6000,8620,472,10,4.6
2023-08-04,RA,Hanna,206,discharge,13:51:00,16:14:40,6000,8625,472,10,4.6
2023-08-04,RA,Hanna,206,discharge,13:51:00,16:14:45,6000,8630,472,10,4.6
2023-08-04,RA,Hanna,206,discharge,13:51:00,16:14:50,6000,8635,472,10,4.6
2023-08-04,RA,Hanna,206,discharge,13:51:00,16:14:55,6000,8640,472,10,4.6
2023-08-04,RA,Hanna,206,discharge,13:51:00,16:15:00,6000,8645,472,10,4.6
2023-08-04,RA,Hanna,206,discharge,13:51:00,16:15:05,6000,8650,472,10,4.6
2023-08-04,RA,Hanna,206,discharge,13:51:00,16:15:10,6000,8655,472,10,4.6
2023-08-04,RA,Hanna,206,discharge,13:51:00,16:15:15,6000,8660,472,10,4.6
2023-08-04,RA,Hanna,206,discharge,13:51:00,16:15:20,6000,8665,472,10,4.6
2023-08-04,RA,Hanna,206,discharge,13:51:00,16:15:25,6000,8670,472,10,4.6
2023-08-04,RA,Hanna,206,discharge,13:51:00,16:15:30,6000,8675,472,10,4.6
2023-08-04,RA,Hanna,206,discharge,13:51:00,16:15:35,6000,8680,472,10,4.6
2023-08-04,RA,Hanna,206,discharge,13:51:00,16:15:40,6000,8685,472,10,4.6
2023-08-04,RA,Hanna,206,discharge,13:51:00,16:15:45,6000,8690,472,10,4.6
2023-08-04,RA,Hanna,206,discharge,13:51:00,16:15:50,6000,8695,472,10,4.6
2023-08-04,RA,Hanna,206,discharge,13:51:00,16:15:55,6000,8700,472,10,4.6
2023-08-04,RA,Hanna,206,discharge,13:51:00,16:16:00,6000,8705,472,10,4.6
2023-08-04,RA,Hanna,206,discharge,13:51:00,16:16:05,6000,8710,472,10,4.6
2023-08-04,RA,Hanna,206,discharge,13:51:00,16:16:10,6000,8715,472,10,4.6
2023-08-04,RA,Hanna,206,discharge,13:51:00,16:16:15,6000,8720,472,10,4.6
2023-08-04,RA,Hanna,206,discharge,13:51:00,16:16:20,6000,8725,472,10,4.6
2023-08-04,RA,Hanna,206,discharge,13:51:00,16:16:25,6000,8730,472,10,4.6
2023-08-04,RA,Hanna,206,discharge,13:51:00,16:16:30,6000,8735,472,10,4.6
2023-08-04,RA,Hanna,206,discharge,13:51:00,16:16:35,6000,8740,472,10,4.6
2023-08-04,RA,Hanna,206,discharge,13:51:00,16:16:40,6000,8745,472,10,4.6
2023-08-04,RA,Hanna,206,discharge,13:51:00,16:16:45,6000,8750,472,10,4.6
2023-08-04,RA,Hanna,206,discharge,13:51:00,16:16:50,6000,8755,472,10,4.6
2023-08-04,RA,Hanna,206,discharge,13:51:00,16:16:55,6000,8760,472,10,4.6
2023-08-04,RA,Hanna,206,discharge,13:51:00,16:17:00,6000,8765,472,10,4.6
2023-08-04,RA,Hanna,206,discharge,13:51:00,16:17:05,6000,8770,472,10,4.6
2023-08-04,RA,Hanna,206,discharge,13:51:00,16:17:10,6000,8775,472,10,4.6
2023-08-04,RA,Hanna,206,discharge,13:51:00,16:17:15,6000,8780,472,10,4.6
2023-08-04,RA,Hanna,206,discharge,13:51:00,16:17:20,6000,8785,472,10,4.6
2023-08-04,RA,Hanna,206,discharge,13:51:00,16:17:25,6000,8790,472,10,4.6
2023-08-04,RA,Hanna,206,discharge,13:51:00,16:17:30,6000,8795,472,10,4.6
2023-08-04,RA,Hanna,206,discharge,13:51:00,16:17:35,6000,8800,472,10,4.6
2023-08-04,RA,Hanna,206,discharge,13:51:00,16:17:40,6000,8805,472,10,4.6
2023-08-04,RA,Hanna,206,discharge,13:51:00,16:17:45,6000,8810,472,10,4.6
2023-08-04,RA,Hanna,206,discharge,13:51:00,16:17:50,6000,8815,472,10,4.6
2023-08-04,RA,Hanna,206,discharge,13:51:00,16:17:55,6000,8820,472,10,4.6
2023-08-04,RA,Hanna,206,discharge,13:51:00,16:18:00,6000,8825,472,10,4.6
2023-08-04,RA,Hanna,206,discharge,13:51:00,16:18:05,6000,8830,472,10,4.6
2023-08-04,RA,Hanna,206,discharge,13:51:00,16:18:10,6000,8835,472,10,4.6
2023-08-04,RA,Hanna,206,discharge,13:51:00,16:18:15,6000,8840,472,10,4.6
2023-08-04,RA,Hanna,206,discharge,13:51:00,16:18:20,6000,8845,472,10,4.6
2023-08-04,RA,Hanna,206,discharge,13:51:00,16:18:25,6000,8850,472,10,4.6
2023-08-04,RA,Hanna,206,discharge,13:51:00,16:18:30,6000,8855,472,10,4.6
2023-08-04,RA,Hanna,206,discharge,13:51:00,16:18:35,6000,8860,472,10,4.6
2023-08-04,RA,Hanna,206,discharge,13:51:00,16:18:40,6000,8865,472,10,4.6
2023-08-04,RA,Hanna,206,discharge,13:51:00,16:18:45,6000,8870,472,10,4.6
2023-08-04,RA,Hanna,206,discharge,13:51:00,16:18:50,6000,8875,472,10,4.6
2023-08-04,RA,Hanna,206,discharge,13:51:00,16:18:55,6000,8880,472,10,4.6
2023-08-04,RA,Hanna,206,discharge,13:51:00,16:19:00,6000,8885,472,10,4.6
2023-08-04,RA,Hanna,206,discharge,13:51:00,16:19:05,6000,8890,472,10,4.6
2023-08-04,RA,Hanna,206,discharge,13:51:00,16:19:10,6000,8895,472,10,4.6
2023-08-04,RA,Hanna,206,discharge,13:51:00,16:19:15,6000,8900,472,10,4.6
2023-08-04,RA,Hanna,206,discharge,13:51:00,16:19:20,6000,8905,472,10,4.6
2023-08-04,RA,Hanna,206,discharge,13:51:00,16:19:25,6000,8910,472,10,4.6
2023-08-04,RA,Hanna,206,discharge,13:51:00,16:19:30,6000,8915,472,10,4.6
2023-08-04,RA,Hanna,206,discharge,13:51:00,16:19:35,6000,8920,472,10,4.6
2023-08-04,RA,Hanna,206,discharge,13:51:00,16:19:40,6000,8925,472,10,4.6
2023-08-04,RA,Hanna,206,discharge,13:51:00,16:19:45,6000,8930,472,10,4.6
2023-08-04,RA,Hanna,206,discharge,13:51:00,16:19:50,6000,8935,472,10,4.6
2023-08-04,RA,Hanna,206,discharge,13:51:00,16:19:55,6000,8940,472,10,4.6
2023-08-04,RA,Hanna,206,discharge,13:51:00,16:20:00,6000,8945,472,10,4.6
2023-08-04,RA,Hanna,206,discharge,13:51:00,16:20:05,6000,8950,472,10,4.6
2023-08-04,RA,Hanna,206,discharge,13:51:00,16:20:10,6000,8955,472,10,4.6
2023-08-04,RA,Hanna,206,discharge,13:51:00,16:20:15,6000,8960,472,10,4.6
2023-08-04,RA,Hanna,206,discharge,13:51:00,16:20:20,6000,8965,472,10,4.6
2023-08-04,RA,Hanna,206,discharge,13:51:00,16:20:25,6000,8970,472,10,4.6
2023-08-04,RA,Hanna,206,discharge,13:51:00,16:20:30,6000,8975,472,10,4.6
2023-08-04,RA,Hanna,206,discharge,13:51:00,16:20:35,6000,8980,472,10,4.6
2023-08-04,RA,Hanna,206,discharge,13:51:00,16:20:40,6000,8985,472,10,4.6
2023-08-04,RA,Hanna,206,discharge,13:51:00,16:20:45,6000,8990,472,10,4.6
2023-08-04,RA,Hanna,206,discharge,13:51:00,16:20:50,6000,8995,472,10,4.6
2023-08-04,RA,Hanna,206,discharge,13:51:00,16:20:55,6000,9000,472,10,4.6
2023-08-04,RA,Hanna,206,discharge,13:51:00,16:21:00,6000,9005,472,10,4.6
2023-08-04,RA,Hanna,206,discharge,13:51:00,16:21:05,6000,9010,472,10,4.6
2023-08-04,RA,Hanna,206,discharge,13:51:00,16:21:10,6000,9015,472,10,4.6
2023-08-04,RA,Hanna,206,discharge,13:51:00,16:21:15,6000,9020,472,10,4.6
2023-08-04,RA,Hanna,206,discharge,13:51:00,16:21:20,6000,9025,472,10,4.6
2023-08-04,RA,Hanna,206,discharge,13:51:00,16:21:25,6000,9030,472,10,4.6
2023-08-04,RA,Hanna,206,discharge,13:51:00,16:21:30,6000,9035,472,10,4.6
2023-08-04,RA,Hanna,206,discharge,13:51:00,16:21:35,6000,9040,472,10,4.6
2023-08-04,RA,Hanna,206,discharge,13:51:00,16:21:40,6000,9045,472,10,4.6
2023-08-04,RA,Hanna,206,discharge,13:51:00,16:21:45,6000,9050,472,10,4.6
2023-08-04,RA,Hanna,206,discharge,13:51:00,16:21:50,6000,9055,472,10,4.6
2023-08-04,RA,Hanna,206,discharge,13:51:00,16:21:55,6000,9060,472,10,4.6
2023-08-04,RA,Hanna,206,discharge,13:51:00,16:22:00,6000,9065,472,10,4.6
2023-08-04,RA,Hanna,206,discharge,13:51:00,16:22:05,6000,9070,472,10,4.6
2023-08-04,RA,Hanna,206,discharge,13:51:00,16:22:10,6000,9075,472,10,4.6
2023-08-04,RA,Hanna,206,discharge,13:51:00,16:22:15,6000,9080,472,10,4.6
2023-08-04,RA,Hanna,206,discharge,13:51:00,16:22:20,6000,9085,472,10,4.6
2023-08-04,RA,Hanna,206,discharge,13:51:00,16:22:25,6000,9090,472,10,4.6
2023-08-04,RA,Hanna,206,discharge,13:51:00,16:22:30,6000,9095,472,10,4.6
2023-08-04,RA,Hanna,206,discharge,13:51:00,16:22:35,6000,9100,472,10,4.6
2023-08-04,RA,Hanna,206,discharge,13:51:00,16:22:40,6000,9105,472,10,4.6
2023-08-04,RA,Hanna,206,discharge,13:51:00,16:22:45,6000,9110,472,10,4.6
2023-08-04,RA,Hanna,206,discharge,13:51:00,16:22:50,6000,9115,472,10,4.6
2023-08-04,RA,Hanna,206,discharge,13:51:00,16:22:55,6000,9120,472,10,4.6
2023-08-04,RA,Hanna,206,discharge,13:51:00,16:25:58,6000,9125,472,10,4.6
2023-08-04,RA,Hanna,206,discharge,13:51:00,16:26:03,6000,9130,472,10,4.6
2023-08-04,RA,Hanna,206,discharge,13:51:00,16:26:08,6000,9135,472,10,4.6
2023-08-04,RA,Hanna,206,discharge,13:51:00,16:26:13,6000,9140,472,10,4.6
2023-08-04,RA,Hanna,206,discharge,13:51:00,16:26:18,6000,9145,471,9,4.1
2023-08-04,RA,Hanna,206,discharge,13:51:00,16:26:23,6000,9150,471,9,4.1
2023-08-04,RA,Hanna,206,discharge,13:51:00,16:26:28,6000,9155,471,9,4.1
2023-08-04,RA,Hanna,206,discharge,13:51:00,16:26:33,6000,9160,471,9,4.1
2023-08-04,RA,Hanna,206,discharge,13:51:00,16:26:38,6000,9165,471,9,4.1
2023-08-04,RA,Hanna,206,discharge,13:51:00,16:26:43,6000,9170,471,9,4.1
2023-08-04,RA,Hanna,206,discharge,13:51:00,16:26:48,6000,9175,471,9,4.1
2023-08-04,RA,Hanna,206,discharge,13:51:00,16:26:53,6000,9180,471,9,4.1
2023-08-04,RA,Hanna,206,discharge,13:51:00,16:26:58,6000,9185,471,9,4.1
2023-08-04,RA,Hanna,206,discharge,13:51:00,16:27:03,6000,9190,471,9,4.1
2023-08-04,RA,Hanna,206,discharge,13:51:00,16:27:08,6000,9195,471,9,4.1
2023-08-04,RA,Hanna,206,discharge,13:51:00,16:27:13,6000,9200,471,9,4.1
2023-08-04,RA,Hanna,206,discharge,13:51:00,16:27:18,6000,9205,471,9,4.1
2023-08-04,RA,Hanna,206,discharge,13:51:00,16:27:23,6000,9210,471,9,4.1
2023-08-04,RA,Hanna,206,discharge,13:51:00,16:27:28,6000,9215,471,9,4.1
2023-08-04,RA,Hanna,206,discharge,13:51:00,16:27:33,6000,9220,471,9,4.1
2023-08-04,RA,Hanna,206,discharge,13:51:00,16:27:38,6000,9225,471,9,4.1
2023-08-04,RA,Hanna,206,discharge,13:51:00,16:27:43,6000,9230,471,9,4.1
2023-08-04,RA,Hanna,206,discharge,13:51:00,16:27:48,6000,9235,471,9,4.1
2023-08-04,RA,Hanna,206,discharge,13:51:00,16:27:53,6000,9240,471,9,4.1
2023-08-04,RA,Hanna,206,discharge,13:51:00,16:27:58,6000,9245,471,9,4.1
2023-08-04,RA,Hanna,206,discharge,13:51:00,16:28:03,6000,9250,471,9,4.1
2023-08-04,RA,Hanna,206,discharge,13:51:00,16:28:08,6000,9255,471,9,4.1
2023-08-04,RA,Hanna,206,discharge,13:51:00,16:28:13,6000,9260,471,9,4.1
2023-08-04,RA,Hanna,206,discharge,13:51:00,16:28:18,6000,9265,471,9,4.1
2023-08-04,RA,Hanna,206,discharge,13:51:00,16:28:23,6000,9270,471,9,4.1
2023-08-04,RA,Hanna,206,discharge,13:51:00,16:28:28,6000,9275,471,9,4.1
2023-08-04,RA,Hanna,206,discharge,13:51:00,16:28:33,6000,9280,471,9,4.1
2023-08-04,RA,Hanna,206,discharge,13:51:00,16:28:38,6000,9285,471,9,4.1
2023-08-04,RA,Hanna,206,discharge,13:51:00,16:28:43,6000,9290,471,9,4.1
2023-08-04,RA,Hanna,206,discharge,13:51:00,16:28:48,6000,9295,471,9,4.1
2023-08-04,RA,Hanna,206,discharge,13:51:00,16:28:53,6000,9300,471,9,4.1
2023-08-04,RA,Hanna,206,discharge,13:51:00,16:28:58,6000,9305,471,9,4.1
2023-08-04,RA,Hanna,206,discharge,13:51:00,16:29:03,6000,9310,471,9,4.1
2023-08-04,RA,Hanna,206,discharge,13:51:00,16:29:08,6000,9315,471,9,4.1
2023-08-04,RA,Hanna,206,discharge,13:51:00,16:29:13,6000,9320,471,9,4.1
2023-08-04,RA,Hanna,206,discharge,13:51:00,16:29:18,6000,9325,471,9,4.1
2023-08-04,RA,Hanna,206,discharge,13:51:00,16:29:23,6000,9330,471,9,4.1
2023-08-04,RA,Hanna,206,discharge,13:51:00,16:29:28,6000,9335,471,9,4.1
2023-08-04,RA,Hanna,206,discharge,13:51:00,16:29:33,6000,9340,471,9,4.1
2023-08-04,RA,Hanna,206,discharge,13:51:00,16:29:38,6000,9345,471,9,4.1
2023-08-04,RA,Hanna,206,discharge,13:51:00,16:29:43,6000,9350,471,9,4.1
2023-08-04,RA,Hanna,206,discharge,13:51:00,16:29:48,6000,9355,471,9,4.1
2023-08-04,RA,Hanna,206,discharge,13:51:00,16:29:53,6000,9360,471,9,4.1
2023-08-04,RA,Hanna,206,discharge,13:51:00,16:29:58,6000,9365,471,9,4.1
2023-08-04,RA,Hanna,206,discharge,13:51:00,16:30:03,6000,9370,471,9,4.1
2023-08-04,RA,Hanna,206,discharge,13:51:00,16:30:08,6000,9375,471,9,4.1
2023-08-04,RA,Hanna,206,discharge,13:51:00,16:30:13,6000,9380,471,9,4.1
2023-08-04,RA,Hanna,206,discharge,13:51:00,16:30:18,6000,9385,471,9,4.1
2023-08-04,RA,Hanna,206,discharge,13:51:00,16:30:23,6000,9390,471,9,4.1
2023-08-04,RA,Hanna,206,discharge,13:51:00,16:30:28,6000,9395,471,9,4.1
2023-08-04,RA,Hanna,206,discharge,13:51:00,16:30:33,6000,9400,471,9,4.1
2023-08-04,RA,Hanna,206,discharge,13:51:00,16:30:38,6000,9405,471,9,4.1
2023-08-04,RA,Hanna,206,discharge,13:51:00,16:30:43,6000,9410,471,9,4.1
2023-08-04,RA,Hanna,206,discharge,13:51:00,16:30:48,6000,9415,471,9,4.1
2023-08-04,RA,Hanna,206,discharge,13:51:00,16:30:53,6000,9420,471,9,4.1
2023-08-04,RA,Hanna,206,discharge,13:51:00,16:30:58,6000,9425,471,9,4.1
2023-08-04,RA,Hanna,206,discharge,13:51:00,16:31:03,6000,9430,471,9,4.1
2023-08-04,RA,Hanna,206,discharge,13:51:00,16:31:08,6000,9435,471,9,4.1
2023-08-04,RA,Hanna,206,discharge,13:51:00,16:31:13,6000,9440,471,9,4.1
2023-08-04,RA,Hanna,206,discharge,13:51:00,16:31:18,6000,9445,471,9,4.1
2023-08-04,RA,Hanna,206,discharge,13:51:00,16:31:23,6000,9450,471,9,4.1
2023-08-04,RA,Hanna,206,discharge,13:51:00,16:34:37,6000,9455,472,10,4.6
2023-08-04,RA,Hanna,206,discharge,13:51:00,16:35:55,6000,9460,471,9,4.1
2023-08-04,RA,Hanna,206,discharge,13:51:00,16:44:24,6000,9465,470,8,3.7
2023-08-04,RA,Hanna,206,discharge,13:51:00,16:55:03,6000,9470,469,7,3.2
2023-08-04,RA,Hanna,206,discharge,13:51:00,17:03:49,6000,9475,469,7,3.2
2023-08-04,RA,Hanna,206,discharge,13:51:00,17:05:36,6000,9480,468,6,2.8
2023-08-04,RA,Hanna,206,discharge,13:51:00,17:12:31,6000,9485,469,7,3.2
2023-08-04,RA,Hanna,206,discharge,13:51:00,17:14:43,6000,9490,468,6,2.8
2023-08-04,RA,Hanna,206,discharge,13:51:00,17:23:41,6000,9495,467,5,2.3
2023-08-04,RA,Hanna,206,discharge,13:51:00,17:25:22,6000,9500,468,6,2.8
2023-08-04,RA,Hanna,206,discharge,13:51:00,17:25:49,6000,9505,467,5,2.3
2023-08-04,RA,Hanna,206,discharge,13:51:00,17:34:26,6000,9510,466,4,1.8
2023-08-04,RA,Hanna,206,discharge,13:51:00,17:48:04,6000,9515,465,3,1.4
2023-08-04,RA,Hanna,206,discharge,13:51:00,17:54:06,6000,9520,466,4,1.8
2023-08-04,RA,Hanna,206,discharge,13:51:00,17:58:17,6000,9525,465,3,1.4
2023-08-04,RA,Hanna,206,discharge,13:51:00,17:59:52,6000,9530,466,4,1.8
2023-08-04,RA,Hanna,206,discharge,13:51:00,17:59:58,6000,9535,465,3,1.4
2023-08-04,RA,Hanna,206,discharge,13:51:00,18:15:19,6000,9535,464,2,0.9
2023-08-04,RA,Hanna,206,discharge,13:51:00,18:35:37,6000,9535,463,1,0.5
2023-08-04,RA,Hanna,206,discharge,13:51:00,18:49:29,6000,9535,462,0,0
2023-08-04,RA,Hanna,206,discharge,13:51:00,18:49:34,6000,9535,462,0,0
2023-08-04,RA,Hanna,206,discharge,13:51:00,18:49:39,6000,9535,462,0,0