Date;Addition_time;Site;Reach_Lenght_m;Slug_type;Probe_meter;NaCl_added_g;N_added_g;P_added_g;Time_Phase;Time_hms;Time_s;SpC_uScm;Backg_SpC_uScm;Backg_SpC_corr_uScm;NaCl_conc_mgL;NaCl_flux_mg_s_L;Travertine_formation;obs
03/08/2023;12:50:00;RT;465;discharge;Hanna;10212;0;0;release;12:50:00;0;341;341;0;0;0;Non-active;
03/08/2023;12:50:00;RT;465;discharge;Hanna;10212;0;0;rising;13:09:00;1140;344;341;3;1.3833;6.9165;Non-active;
03/08/2023;12:50:00;RT;465;discharge;Hanna;10212;0;0;rising;13:09:05;1145;344;341;3;1.3833;6.9165;Non-active;
03/08/2023;12:50:00;RT;465;discharge;Hanna;10212;0;0;rising;13:09:10;1150;345;341;4;1.8444;9.222;Non-active;
03/08/2023;12:50:00;RT;465;discharge;Hanna;10212;0;0;rising;13:09:15;1155;347;341;6;2.7666;13.833;Non-active;
03/08/2023;12:50:00;RT;465;discharge;Hanna;10212;0;0;rising;13:09:20;1160;348;341;7;3.2277;16.1385;Non-active;
03/08/2023;12:50:00;RT;465;discharge;Hanna;10212;0;0;rising;13:09:25;1165;349;341;8;3.6888;18.444;Non-active;
03/08/2023;12:50:00;RT;465;discharge;Hanna;10212;0;0;rising;13:09:30;1170;349;341;8;3.6888;18.444;Non-active;
03/08/2023;12:50:00;RT;465;discharge;Hanna;10212;0;0;rising;13:09:35;1175;350;341;9;4.1499;20.7495;Non-active;
03/08/2023;12:50:00;RT;465;discharge;Hanna;10212;0;0;rising;13:09:40;1180;351;341;10;4.611;23.055;Non-active;
03/08/2023;12:50:00;RT;465;discharge;Hanna;10212;0;0;rising;13:09:45;1185;352;341;11;5.0721;25.3605;Non-active;
03/08/2023;12:50:00;RT;465;discharge;Hanna;10212;0;0;rising;13:09:50;1190;352;341;11;5.0721;25.3605;Non-active;
03/08/2023;12:50:00;RT;465;discharge;Hanna;10212;0;0;rising;13:09:55;1195;353;341;12;5.5332;27.666;Non-active;
03/08/2023;12:50:00;RT;465;discharge;Hanna;10212;0;0;rising;13:10:00;1200;354;341;13;5.9943;29.9715;Non-active;
03/08/2023;12:50:00;RT;465;discharge;Hanna;10212;0;0;rising;13:10:05;1205;355;341;14;6.4554;32.277;Non-active;
03/08/2023;12:50:00;RT;465;discharge;Hanna;10212;0;0;rising;13:10:10;1210;355;341;14;6.4554;32.277;Non-active;
03/08/2023;12:50:00;RT;465;discharge;Hanna;10212;0;0;rising;13:10:15;1215;356;341;15;6.9165;34.5825;Non-active;
03/08/2023;12:50:00;RT;465;discharge;Hanna;10212;0;0;rising;13:10:20;1220;357;341;16;7.3776;36.888;Non-active;
03/08/2023;12:50:00;RT;465;discharge;Hanna;10212;0;0;rising;13:10:25;1225;357;341;16;7.3776;36.888;Non-active;
03/08/2023;12:50:00;RT;465;discharge;Hanna;10212;0;0;rising;13:10:30;1230;358;341;17;7.8387;39.1935;Non-active;
03/08/2023;12:50:00;RT;465;discharge;Hanna;10212;0;0;rising;13:10:35;1235;359;341;18;8.2998;41.499;Non-active;
03/08/2023;12:50:00;RT;465;discharge;Hanna;10212;0;0;rising;13:10:40;1240;359;341;18;8.2998;41.499;Non-active;
03/08/2023;12:50:00;RT;465;discharge;Hanna;10212;0;0;rising;13:10:45;1245;360;341;19;8.7609;43.8045;Non-active;
03/08/2023;12:50:00;RT;465;discharge;Hanna;10212;0;0;rising;13:10:50;1250;361;341;20;9.222;46.11;Non-active;
03/08/2023;12:50:00;RT;465;discharge;Hanna;10212;0;0;rising;13:10:55;1255;361;341;20;9.222;46.11;Non-active;
03/08/2023;12:50:00;RT;465;discharge;Hanna;10212;0;0;rising;13:11:00;1260;362;341;21;9.6831;48.4155;Non-active;
03/08/2023;12:50:00;RT;465;discharge;Hanna;10212;0;0;rising;13:11:05;1265;362;341;21;9.6831;48.4155;Non-active;
03/08/2023;12:50:00;RT;465;discharge;Hanna;10212;0;0;rising;13:11:10;1270;363;341;22;10.1442;50.721;Non-active;
03/08/2023;12:50:00;RT;465;discharge;Hanna;10212;0;0;rising;13:11:15;1275;363;341;22;10.1442;50.721;Non-active;
03/08/2023;12:50:00;RT;465;discharge;Hanna;10212;0;0;rising;13:11:20;1280;363;341;22;10.1442;50.721;Non-active;
03/08/2023;12:50:00;RT;465;discharge;Hanna;10212;0;0;rising;13:11:25;1285;363;341;22;10.1442;50.721;Non-active;
03/08/2023;12:50:00;RT;465;discharge;Hanna;10212;0;0;rising;13:11:30;1290;363;341;22;10.1442;50.721;Non-active;
03/08/2023;12:50:00;RT;465;discharge;Hanna;10212;0;0;rising;13:11:35;1295;363;341;22;10.1442;50.721;Non-active;
03/08/2023;12:50:00;RT;465;discharge;Hanna;10212;0;0;rising;13:11:40;1300;364;341;23;10.6053;53.0265;Non-active;
03/08/2023;12:50:00;RT;465;discharge;Hanna;10212;0;0;rising;13:11:45;1305;364;341;23;10.6053;53.0265;Non-active;
03/08/2023;12:50:00;RT;465;discharge;Hanna;10212;0;0;rising;13:11:50;1310;364;341;23;10.6053;53.0265;Non-active;
03/08/2023;12:50:00;RT;465;discharge;Hanna;10212;0;0;rising;13:11:55;1315;364;341;23;10.6053;53.0265;Non-active;
03/08/2023;12:50:00;RT;465;discharge;Hanna;10212;0;0;rising;13:12:00;1320;364;341;23;10.6053;53.0265;Non-active;
03/08/2023;12:50:00;RT;465;discharge;Hanna;10212;0;0;falling;13:12:05;1325;363;341;22;10.1442;50.721;Non-active;
03/08/2023;12:50:00;RT;465;discharge;Hanna;10212;0;0;falling;13:12:10;1330;363;341;22;10.1442;50.721;Non-active;
03/08/2023;12:50:00;RT;465;discharge;Hanna;10212;0;0;falling;13:12:15;1335;363;341;22;10.1442;50.721;Non-active;
03/08/2023;12:50:00;RT;465;discharge;Hanna;10212;0;0;falling;13:12:20;1340;363;341;22;10.1442;50.721;Non-active;
03/08/2023;12:50:00;RT;465;discharge;Hanna;10212;0;0;falling;13:12:25;1345;363;341;22;10.1442;50.721;Non-active;
03/08/2023;12:50:00;RT;465;discharge;Hanna;10212;0;0;falling;13:12:30;1350;363;341;22;10.1442;50.721;Non-active;
03/08/2023;12:50:00;RT;465;discharge;Hanna;10212;0;0;falling;13:12:35;1355;362;341;21;9.6831;48.4155;Non-active;
03/08/2023;12:50:00;RT;465;discharge;Hanna;10212;0;0;falling;13:12:40;1360;362;341;21;9.6831;48.4155;Non-active;
03/08/2023;12:50:00;RT;465;discharge;Hanna;10212;0;0;falling;13:12:45;1365;362;341;21;9.6831;48.4155;Non-active;
03/08/2023;12:50:00;RT;465;discharge;Hanna;10212;0;0;falling;13:12:50;1370;362;341;21;9.6831;48.4155;Non-active;
03/08/2023;12:50:00;RT;465;discharge;Hanna;10212;0;0;falling;13:12:55;1375;361;341;20;9.222;46.11;Non-active;
03/08/2023;12:50:00;RT;465;discharge;Hanna;10212;0;0;falling;13:13:00;1380;361;341;20;9.222;46.11;Non-active;
03/08/2023;12:50:00;RT;465;discharge;Hanna;10212;0;0;falling;13:13:05;1385;361;341;20;9.222;46.11;Non-active;
03/08/2023;12:50:00;RT;465;discharge;Hanna;10212;0;0;falling;13:13:10;1390;360;341;19;8.7609;43.8045;Non-active;
03/08/2023;12:50:00;RT;465;discharge;Hanna;10212;0;0;falling;13:13:15;1395;360;341;19;8.7609;43.8045;Non-active;
03/08/2023;12:50:00;RT;465;discharge;Hanna;10212;0;0;falling;13:13:20;1400;360;341;19;8.7609;43.8045;Non-active;
03/08/2023;12:50:00;RT;465;discharge;Hanna;10212;0;0;falling;13:13:25;1405;359;341;18;8.2998;41.499;Non-active;
03/08/2023;12:50:00;RT;465;discharge;Hanna;10212;0;0;falling;13:13:30;1410;359;341;18;8.2998;41.499;Non-active;
03/08/2023;12:50:00;RT;465;discharge;Hanna;10212;0;0;falling;13:13:35;1415;359;341;18;8.2998;41.499;Non-active;
03/08/2023;12:50:00;RT;465;discharge;Hanna;10212;0;0;falling;13:13:40;1420;358;341;17;7.8387;39.1935;Non-active;
03/08/2023;12:50:00;RT;465;discharge;Hanna;10212;0;0;falling;13:13:45;1425;358;341;17;7.8387;39.1935;Non-active;
03/08/2023;12:50:00;RT;465;discharge;Hanna;10212;0;0;falling;13:13:50;1430;358;341;17;7.8387;39.1935;Non-active;
03/08/2023;12:50:00;RT;465;discharge;Hanna;10212;0;0;falling;13:13:55;1435;357;341;16;7.3776;36.888;Non-active;
03/08/2023;12:50:00;RT;465;discharge;Hanna;10212;0;0;falling;13:14:00;1440;357;341;16;7.3776;36.888;Non-active;
03/08/2023;12:50:00;RT;465;discharge;Hanna;10212;0;0;falling;13:14:05;1445;356;341;15;6.9165;34.5825;Non-active;
03/08/2023;12:50:00;RT;465;discharge;Hanna;10212;0;0;falling;13:14:10;1450;356;341;15;6.9165;34.5825;Non-active;
03/08/2023;12:50:00;RT;465;discharge;Hanna;10212;0;0;falling;13:14:15;1455;356;341;15;6.9165;34.5825;Non-active;
03/08/2023;12:50:00;RT;465;discharge;Hanna;10212;0;0;falling;13:14:20;1460;355;341;14;6.4554;32.277;Non-active;
03/08/2023;12:50:00;RT;465;discharge;Hanna;10212;0;0;falling;13:14:25;1465;355;341;14;6.4554;32.277;Non-active;
03/08/2023;12:50:00;RT;465;discharge;Hanna;10212;0;0;falling;13:14:30;1470;354;341;13;5.9943;29.9715;Non-active;
03/08/2023;12:50:00;RT;465;discharge;Hanna;10212;0;0;falling;13:14:35;1475;354;341;13;5.9943;29.9715;Non-active;
03/08/2023;12:50:00;RT;465;discharge;Hanna;10212;0;0;falling;13:14:40;1480;354;341;13;5.9943;29.9715;Non-active;
03/08/2023;12:50:00;RT;465;discharge;Hanna;10212;0;0;falling;13:14:45;1485;353;341;12;5.5332;27.666;Non-active;
03/08/2023;12:50:00;RT;465;discharge;Hanna;10212;0;0;falling;13:14:50;1490;353;341;12;5.5332;27.666;Non-active;
03/08/2023;12:50:00;RT;465;discharge;Hanna;10212;0;0;falling;13:14:55;1495;353;341;12;5.5332;27.666;Non-active;
03/08/2023;12:50:00;RT;465;discharge;Hanna;10212;0;0;falling;13:15:00;1500;352;341;11;5.0721;25.3605;Non-active;
03/08/2023;12:50:00;RT;465;discharge;Hanna;10212;0;0;falling;13:15:05;1505;352;341;11;5.0721;25.3605;Non-active;
03/08/2023;12:50:00;RT;465;discharge;Hanna;10212;0;0;falling;13:15:10;1510;351;341;10;4.611;23.055;Non-active;
03/08/2023;12:50:00;RT;465;discharge;Hanna;10212;0;0;falling;13:15:15;1515;351;341;10;4.611;23.055;Non-active;
03/08/2023;12:50:00;RT;465;discharge;Hanna;10212;0;0;falling;13:15:20;1520;351;341;10;4.611;23.055;Non-active;
03/08/2023;12:50:00;RT;465;discharge;Hanna;10212;0;0;falling;13:15:25;1525;351;341;10;4.611;23.055;Non-active;
03/08/2023;12:50:00;RT;465;discharge;Hanna;10212;0;0;falling;13:15:30;1530;350;341;9;4.1499;20.7495;Non-active;
03/08/2023;12:50:00;RT;465;discharge;Hanna;10212;0;0;falling;13:15:35;1535;350;341;9;4.1499;20.7495;Non-active;
03/08/2023;12:50:00;RT;465;discharge;Hanna;10212;0;0;falling;13:15:40;1540;350;341;9;4.1499;20.7495;Non-active;
03/08/2023;12:50:00;RT;465;discharge;Hanna;10212;0;0;falling;13:15:45;1545;349;341;8;3.6888;18.444;Non-active;
03/08/2023;12:50:00;RT;465;discharge;Hanna;10212;0;0;falling;13:15:50;1550;349;341;8;3.6888;18.444;Non-active;
03/08/2023;12:50:00;RT;465;discharge;Hanna;10212;0;0;falling;13:15:55;1555;349;341;8;3.6888;18.444;Non-active;
03/08/2023;12:50:00;RT;465;discharge;Hanna;10212;0;0;falling;13:16:00;1560;349;341;8;3.6888;18.444;Non-active;
03/08/2023;12:50:00;RT;465;discharge;Hanna;10212;0;0;falling;13:16:05;1565;348;341;7;3.2277;16.1385;Non-active;
03/08/2023;12:50:00;RT;465;discharge;Hanna;10212;0;0;falling;13:16:10;1570;348;341;7;3.2277;16.1385;Non-active;
03/08/2023;12:50:00;RT;465;discharge;Hanna;10212;0;0;falling;13:16:15;1575;348;341;7;3.2277;16.1385;Non-active;
03/08/2023;12:50:00;RT;465;discharge;Hanna;10212;0;0;falling;13:16:20;1580;348;341;7;3.2277;16.1385;Non-active;
03/08/2023;12:50:00;RT;465;discharge;Hanna;10212;0;0;falling;13:16:25;1585;348;341;7;3.2277;16.1385;Non-active;
03/08/2023;12:50:00;RT;465;discharge;Hanna;10212;0;0;falling;13:16:30;1590;347;341;6;2.7666;13.833;Non-active;
03/08/2023;12:50:00;RT;465;discharge;Hanna;10212;0;0;falling;13:16:35;1595;347;341;6;2.7666;13.833;Non-active;
03/08/2023;12:50:00;RT;465;discharge;Hanna;10212;0;0;falling;13:16:40;1600;347;341;6;2.7666;13.833;Non-active;
03/08/2023;12:50:00;RT;465;discharge;Hanna;10212;0;0;falling;13:16:45;1605;347;341;6;2.7666;13.833;Non-active;
03/08/2023;12:50:00;RT;465;discharge;Hanna;10212;0;0;falling;13:16:50;1610;346;341;5;2.3055;11.5275;Non-active;
03/08/2023;12:50:00;RT;465;discharge;Hanna;10212;0;0;falling;13:16:55;1615;346;341;5;2.3055;11.5275;Non-active;
03/08/2023;12:50:00;RT;465;discharge;Hanna;10212;0;0;falling;13:17:00;1620;346;341;5;2.3055;11.5275;Non-active;
03/08/2023;12:50:00;RT;465;discharge;Hanna;10212;0;0;falling;13:17:05;1625;346;341;5;2.3055;11.5275;Non-active;
03/08/2023;12:50:00;RT;465;discharge;Hanna;10212;0;0;falling;13:17:10;1630;346;341;5;2.3055;11.5275;Non-active;
03/08/2023;12:50:00;RT;465;discharge;Hanna;10212;0;0;falling;13:17:15;1635;346;341;5;2.3055;11.5275;Non-active;
03/08/2023;12:50:00;RT;465;discharge;Hanna;10212;0;0;falling;13:17:20;1640;345;341;4;1.8444;9.222;Non-active;
03/08/2023;12:50:00;RT;465;discharge;Hanna;10212;0;0;falling;13:17:25;1645;345;341;4;1.8444;9.222;Non-active;
03/08/2023;12:50:00;RT;465;discharge;Hanna;10212;0;0;falling;13:17:30;1650;345;341;4;1.8444;9.222;Non-active;
03/08/2023;12:50:00;RT;465;discharge;Hanna;10212;0;0;falling;13:17:35;1655;345;341;4;1.8444;9.222;Non-active;
03/08/2023;12:50:00;RT;465;discharge;Hanna;10212;0;0;falling;13:17:40;1660;345;341;4;1.8444;9.222;Non-active;
03/08/2023;12:50:00;RT;465;discharge;Hanna;10212;0;0;falling;13:17:45;1665;345;341;4;1.8444;9.222;Non-active;
03/08/2023;12:50:00;RT;465;discharge;Hanna;10212;0;0;falling;13:17:50;1670;344;341;3;1.3833;6.9165;Non-active;
03/08/2023;12:50:00;RT;465;discharge;Hanna;10212;0;0;falling;13:17:55;1675;344;341;3;1.3833;6.9165;Non-active;
03/08/2023;12:50:00;RT;465;discharge;Hanna;10212;0;0;falling;13:18:00;1680;344;341;3;1.3833;6.9165;Non-active;
03/08/2023;12:50:00;RT;465;discharge;Hanna;10212;0;0;falling;13:18:05;1685;344;341;3;1.3833;6.9165;Non-active;
03/08/2023;12:50:00;RT;465;discharge;Hanna;10212;0;0;falling;13:18:10;1690;343;341;2;0.9222;4.611;Non-active;
03/08/2023;12:50:00;RT;465;discharge;Hanna;10212;0;0;falling;13:18:15;1695;343;341;2;0.9222;4.611;Non-active;
03/08/2023;12:50:00;RT;465;discharge;Hanna;10212;0;0;falling;13:18:20;1700;343;341;2;0.9222;4.611;Non-active;
03/08/2023;12:50:00;RT;465;discharge;Hanna;10212;0;0;falling;13:18:25;1705;343;341;2;0.9222;4.611;Non-active;
03/08/2023;12:50:00;RT;465;discharge;Hanna;10212;0;0;falling;13:18:30;1710;343;341;2;0.9222;4.611;Non-active;
03/08/2023;12:50:00;RT;465;discharge;Hanna;10212;0;0;falling;13:18:35;1715;343;341;2;0.9222;4.611;Non-active;
03/08/2023;12:50:00;RT;465;discharge;Hanna;10212;0;0;falling;13:18:40;1720;343;341;2;0.9222;4.611;Non-active;
03/08/2023;12:50:00;RT;465;discharge;Hanna;10212;0;0;falling;13:18:45;1725;343;341;2;0.9222;4.611;Non-active;
03/08/2023;12:50:00;RT;465;discharge;Hanna;10212;0;0;falling;13:18:50;1730;343;341;2;0.9222;4.611;Non-active;
03/08/2023;12:50:00;RT;465;discharge;Hanna;10212;0;0;falling;13:18:55;1735;343;341;2;0.9222;4.611;Non-active;
03/08/2023;12:50:00;RT;465;discharge;Hanna;10212;0;0;falling;13:19:00;1740;342;341;1;0.4611;2.3055;Non-active;
03/08/2023;12:50:00;RT;465;discharge;Hanna;10212;0;0;falling;13:19:05;1745;343;341;2;0.9222;4.611;Non-active;
03/08/2023;12:50:00;RT;465;discharge;Hanna;10212;0;0;falling;13:19:10;1750;342;341;1;0.4611;2.3055;Non-active;
03/08/2023;12:50:00;RT;465;discharge;Hanna;10212;0;0;falling;13:19:15;1755;342;341;1;0.4611;2.3055;Non-active;
03/08/2023;12:50:00;RT;465;discharge;Hanna;10212;0;0;falling;13:19:20;1760;342;341;1;0.4611;2.3055;Non-active;
03/08/2023;12:50:00;RT;465;discharge;Hanna;10212;0;0;falling;13:19:25;1765;342;341;1;0.4611;2.3055;Non-active;
03/08/2023;12:50:00;RT;465;discharge;Hanna;10212;0;0;falling;13:19:30;1770;342;341;1;0.4611;2.3055;Non-active;
03/08/2023;12:50:00;RT;465;discharge;Hanna;10212;0;0;falling;13:19:35;1775;342;341;1;0.4611;2.3055;Non-active;
03/08/2023;12:50:00;RT;465;discharge;Hanna;10212;0;0;falling;13:19:40;1780;342;341;1;0.4611;2.3055;Non-active;
03/08/2023;12:50:00;RT;465;discharge;Hanna;10212;0;0;falling;13:19:45;1785;342;341;1;0.4611;2.3055;Non-active;
03/08/2023;12:50:00;RT;465;discharge;Hanna;10212;0;0;falling;13:19:50;1790;342;341;1;0.4611;2.3055;Non-active;
03/08/2023;12:50:00;RT;465;discharge;Hanna;10212;0;0;falling;13:19:55;1795;342;341;1;0.4611;2.3055;Non-active;
03/08/2023;12:50:00;RT;465;discharge;Hanna;10212;0;0;falling;13:20:00;1800;342;341;1;0.4611;2.3055;Non-active;
03/08/2023;12:50:00;RT;465;discharge;Hanna;10212;0;0;falling;13:20:05;1805;342;341;1;0.4611;2.3055;Non-active;
03/08/2023;12:50:00;RT;465;discharge;Hanna;10212;0;0;falling;13:20:10;1810;342;341;1;0.4611;2.3055;Non-active;
03/08/2023;12:50:00;RT;465;discharge;Hanna;10212;0;0;falling;13:20:15;1815;342;341;1;0.4611;2.3055;Non-active;
03/08/2023;12:50:00;RT;465;discharge;Hanna;10212;0;0;falling;13:20:20;1820;342;341;1;0.4611;2.3055;Non-active;
03/08/2023;12:50:00;RT;465;discharge;Hanna;10212;0;0;falling;13:20:25;1825;342;341;1;0.4611;2.3055;Non-active;
03/08/2023;12:50:00;RT;465;discharge;Hanna;10212;0;0;falling;13:20:30;1830;342;341;1;0.4611;2.3055;Non-active;
03/08/2023;12:50:00;RT;465;discharge;Hanna;10212;0;0;falling;13:20:35;1835;341;341;0;0;0;Non-active;
02/08/2023;15:37:00;CC;286;discharge;Hanna;6158;0;0;release;13:37:00;0;334;334;0;0;0;Non-active;
02/08/2023;15:37:00;CC;286;discharge;Hanna;6158;0;0;release;15:53:55;425;334;334;0;0;0;Non-active;
02/08/2023;15:37:00;CC;286;discharge;Hanna;6158;0;0;rising;15:54:00;430;341;334;7;3.2277;16.1385;Non-active;
02/08/2023;15:37:00;CC;286;discharge;Hanna;6158;0;0;rising;15:54:05;435;343;334;9;4.1499;20.7495;Non-active;
02/08/2023;15:37:00;CC;286;discharge;Hanna;6158;0;0;rising;15:54:10;440;344;334;10;4.611;23.055;Non-active;
02/08/2023;15:37:00;CC;286;discharge;Hanna;6158;0;0;rising;15:54:15;445;344;334;10;4.611;23.055;Non-active;
02/08/2023;15:37:00;CC;286;discharge;Hanna;6158;0;0;rising;15:54:20;450;346;334;12;5.5332;27.666;Non-active;
02/08/2023;15:37:00;CC;286;discharge;Hanna;6158;0;0;rising;15:54:25;455;345;334;11;5.0721;25.3605;Non-active;
02/08/2023;15:37:00;CC;286;discharge;Hanna;6158;0;0;rising;15:54:30;460;347;334;13;5.9943;29.9715;Non-active;
02/08/2023;15:37:00;CC;286;discharge;Hanna;6158;0;0;rising;15:54:35;465;348;334;14;6.4554;32.277;Non-active;
02/08/2023;15:37:00;CC;286;discharge;Hanna;6158;0;0;rising;15:54:40;470;354;334;20;9.222;46.11;Non-active;
02/08/2023;15:37:00;CC;286;discharge;Hanna;6158;0;0;rising;15:54:45;475;353;334;19;8.7609;43.8045;Non-active;
02/08/2023;15:37:00;CC;286;discharge;Hanna;6158;0;0;rising;15:54:50;480;356;334;22;10.1442;50.721;Non-active;
02/08/2023;15:37:00;CC;286;discharge;Hanna;6158;0;0;rising;15:54:55;485;358;334;24;11.0664;55.332;Non-active;
02/08/2023;15:37:00;CC;286;discharge;Hanna;6158;0;0;rising;15:55:00;490;358;334;24;11.0664;55.332;Non-active;
02/08/2023;15:37:00;CC;286;discharge;Hanna;6158;0;0;rising;15:55:05;495;357;334;23;10.6053;53.0265;Non-active;
02/08/2023;15:37:00;CC;286;discharge;Hanna;6158;0;0;rising;15:55:10;500;365;334;31;14.2941;71.4705;Non-active;
02/08/2023;15:37:00;CC;286;discharge;Hanna;6158;0;0;rising;15:55:15;505;364;334;30;13.833;69.165;Non-active;
02/08/2023;15:37:00;CC;286;discharge;Hanna;6158;0;0;rising;15:55:20;510;369;334;35;16.1385;80.6925;Non-active;
02/08/2023;15:37:00;CC;286;discharge;Hanna;6158;0;0;rising;15:55:25;515;374;334;40;18.444;92.22;Non-active;
02/08/2023;15:37:00;CC;286;discharge;Hanna;6158;0;0;rising;15:55:30;520;372;334;38;17.5218;87.609;Non-active;
02/08/2023;15:37:00;CC;286;discharge;Hanna;6158;0;0;rising;15:55:35;525;375;334;41;18.9051;94.5255;Non-active;
02/08/2023;15:37:00;CC;286;discharge;Hanna;6158;0;0;rising;15:55:40;530;386;334;52;23.9772;119.886;Non-active;
02/08/2023;15:37:00;CC;286;discharge;Hanna;6158;0;0;rising;15:55:45;535;380;334;46;21.2106;106.053;Non-active;
02/08/2023;15:37:00;CC;286;discharge;Hanna;6158;0;0;rising;15:55:50;540;387;334;53;24.4383;122.1915;Non-active;
02/08/2023;15:37:00;CC;286;discharge;Hanna;6158;0;0;rising;15:55:55;545;384;334;50;23.055;115.275;Non-active;
02/08/2023;15:37:00;CC;286;discharge;Hanna;6158;0;0;rising;15:56:00;550;387;334;53;24.4383;122.1915;Non-active;
02/08/2023;15:37:00;CC;286;discharge;Hanna;6158;0;0;rising;15:56:05;555;392;334;58;26.7438;133.719;Non-active;
02/08/2023;15:37:00;CC;286;discharge;Hanna;6158;0;0;rising;15:56:10;560;393;334;59;27.2049;136.0245;Non-active;
02/08/2023;15:37:00;CC;286;discharge;Hanna;6158;0;0;rising;15:56:15;565;398;334;64;29.5104;147.552;Non-active;
02/08/2023;15:37:00;CC;286;discharge;Hanna;6158;0;0;rising;15:56:20;570;396;334;62;28.5882;142.941;Non-active;
02/08/2023;15:37:00;CC;286;discharge;Hanna;6158;0;0;rising;15:56:25;575;396;334;62;28.5882;142.941;Non-active;
02/08/2023;15:37:00;CC;286;discharge;Hanna;6158;0;0;rising;15:56:30;580;403;334;69;31.8159;159.0795;Non-active;
02/08/2023;15:37:00;CC;286;discharge;Hanna;6158;0;0;rising;15:56:35;585;402;334;68;31.3548;156.774;Non-active;
02/08/2023;15:37:00;CC;286;discharge;Hanna;6158;0;0;rising;15:56:40;590;405;334;71;32.7381;163.6905;Non-active;
02/08/2023;15:37:00;CC;286;discharge;Hanna;6158;0;0;rising;15:56:45;595;406;334;72;33.1992;165.996;Non-active;
02/08/2023;15:37:00;CC;286;discharge;Hanna;6158;0;0;rising;15:56:50;600;411;334;77;35.5047;177.5235;Non-active;
02/08/2023;15:37:00;CC;286;discharge;Hanna;6158;0;0;rising;15:56:55;605;413;334;79;36.4269;182.1345;Non-active;
02/08/2023;15:37:00;CC;286;discharge;Hanna;6158;0;0;rising;15:57:00;610;415;334;81;37.3491;186.7455;Non-active;
02/08/2023;15:37:00;CC;286;discharge;Hanna;6158;0;0;rising;15:57:05;615;413;334;79;36.4269;182.1345;Non-active;
02/08/2023;15:37:00;CC;286;discharge;Hanna;6158;0;0;rising;15:57:10;620;416;334;82;37.8102;189.051;Non-active;
02/08/2023;15:37:00;CC;286;discharge;Hanna;6158;0;0;rising;15:57:15;625;417;334;83;38.2713;191.3565;Non-active;
02/08/2023;15:37:00;CC;286;discharge;Hanna;6158;0;0;rising;15:57:20;630;418;334;84;38.7324;193.662;Non-active;
02/08/2023;15:37:00;CC;286;discharge;Hanna;6158;0;0;rising;15:57:25;635;422;334;88;40.5768;202.884;Non-active;
02/08/2023;15:37:00;CC;286;discharge;Hanna;6158;0;0;rising;15:57:30;640;423;334;89;41.0379;205.1895;Non-active;
02/08/2023;15:37:00;CC;286;discharge;Hanna;6158;0;0;rising;15:57:35;645;420;334;86;39.6546;198.273;Non-active;
02/08/2023;15:37:00;CC;286;discharge;Hanna;6158;0;0;rising;15:57:40;650;422;334;88;40.5768;202.884;Non-active;
02/08/2023;15:37:00;CC;286;discharge;Hanna;6158;0;0;rising;15:57:45;655;423;334;89;41.0379;205.1895;Non-active;
02/08/2023;15:37:00;CC;286;discharge;Hanna;6158;0;0;rising;15:57:50;660;422;334;88;40.5768;202.884;Non-active;
02/08/2023;15:37:00;CC;286;discharge;Hanna;6158;0;0;rising;15:57:55;665;424;334;90;41.499;207.495;Non-active;
02/08/2023;15:37:00;CC;286;discharge;Hanna;6158;0;0;rising;15:58:00;670;424;334;90;41.499;207.495;Non-active;
02/08/2023;15:37:00;CC;286;discharge;Hanna;6158;0;0;rising;15:58:05;675;424;334;90;41.499;207.495;Non-active;
02/08/2023;15:37:00;CC;286;discharge;Hanna;6158;0;0;rising;15:58:10;680;425;334;91;41.9601;209.8005;Non-active;
02/08/2023;15:37:00;CC;286;discharge;Hanna;6158;0;0;rising;15:58:15;685;427;334;93;42.8823;214.4115;Non-active;
02/08/2023;15:37:00;CC;286;discharge;Hanna;6158;0;0;rising;15:58:20;690;427;334;93;42.8823;214.4115;Non-active;
02/08/2023;15:37:00;CC;286;discharge;Hanna;6158;0;0;rising;15:58:25;695;428;334;94;43.3434;216.717;Non-active;
02/08/2023;15:37:00;CC;286;discharge;Hanna;6158;0;0;rising;15:58:30;700;427;334;93;42.8823;214.4115;Non-active;
02/08/2023;15:37:00;CC;286;discharge;Hanna;6158;0;0;rising;15:58:35;705;428;334;94;43.3434;216.717;Non-active;
02/08/2023;15:37:00;CC;286;discharge;Hanna;6158;0;0;falling;15:58:40;710;427;334;93;42.8823;214.4115;Non-active;
02/08/2023;15:37:00;CC;286;discharge;Hanna;6158;0;0;falling;15:58:45;715;426;334;92;42.4212;212.106;Non-active;
02/08/2023;15:37:00;CC;286;discharge;Hanna;6158;0;0;falling;15:58:50;720;427;334;93;42.8823;214.4115;Non-active;
02/08/2023;15:37:00;CC;286;discharge;Hanna;6158;0;0;falling;15:58:55;725;426;334;92;42.4212;212.106;Non-active;
02/08/2023;15:37:00;CC;286;discharge;Hanna;6158;0;0;falling;15:59:00;730;425;334;91;41.9601;209.8005;Non-active;
02/08/2023;15:37:00;CC;286;discharge;Hanna;6158;0;0;falling;15:59:05;735;425;334;91;41.9601;209.8005;Non-active;
02/08/2023;15:37:00;CC;286;discharge;Hanna;6158;0;0;falling;15:59:10;740;425;334;91;41.9601;209.8005;Non-active;
02/08/2023;15:37:00;CC;286;discharge;Hanna;6158;0;0;falling;15:59:15;745;424;334;90;41.499;207.495;Non-active;
02/08/2023;15:37:00;CC;286;discharge;Hanna;6158;0;0;falling;15:59:20;750;424;334;90;41.499;207.495;Non-active;
02/08/2023;15:37:00;CC;286;discharge;Hanna;6158;0;0;falling;15:59:25;755;423;334;89;41.0379;205.1895;Non-active;
02/08/2023;15:37:00;CC;286;discharge;Hanna;6158;0;0;falling;15:59:30;760;422;334;88;40.5768;202.884;Non-active;
02/08/2023;15:37:00;CC;286;discharge;Hanna;6158;0;0;falling;15:59:35;765;422;334;88;40.5768;202.884;Non-active;
02/08/2023;15:37:00;CC;286;discharge;Hanna;6158;0;0;falling;15:59:40;770;421;334;87;40.1157;200.5785;Non-active;
02/08/2023;15:37:00;CC;286;discharge;Hanna;6158;0;0;falling;15:59:45;775;421;334;87;40.1157;200.5785;Non-active;
02/08/2023;15:37:00;CC;286;discharge;Hanna;6158;0;0;falling;15:59:50;780;420;334;86;39.6546;198.273;Non-active;
02/08/2023;15:37:00;CC;286;discharge;Hanna;6158;0;0;falling;15:59:55;785;419;334;85;39.1935;195.9675;Non-active;
02/08/2023;15:37:00;CC;286;discharge;Hanna;6158;0;0;falling;16:00:00;790;419;334;85;39.1935;195.9675;Non-active;
02/08/2023;15:37:00;CC;286;discharge;Hanna;6158;0;0;falling;16:00:05;795;416;334;82;37.8102;189.051;Non-active;
02/08/2023;15:37:00;CC;286;discharge;Hanna;6158;0;0;falling;16:00:10;800;416;334;82;37.8102;189.051;Non-active;
02/08/2023;15:37:00;CC;286;discharge;Hanna;6158;0;0;falling;16:00:15;805;416;334;82;37.8102;189.051;Non-active;
02/08/2023;15:37:00;CC;286;discharge;Hanna;6158;0;0;falling;16:00:20;810;415;334;81;37.3491;186.7455;Non-active;
02/08/2023;15:37:00;CC;286;discharge;Hanna;6158;0;0;falling;16:00:25;815;413;334;79;36.4269;182.1345;Non-active;
02/08/2023;15:37:00;CC;286;discharge;Hanna;6158;0;0;falling;16:00:30;820;413;334;79;36.4269;182.1345;Non-active;
02/08/2023;15:37:00;CC;286;discharge;Hanna;6158;0;0;falling;16:00:35;825;412;334;78;35.9658;179.829;Non-active;
02/08/2023;15:37:00;CC;286;discharge;Hanna;6158;0;0;falling;16:00:40;830;411;334;77;35.5047;177.5235;Non-active;
02/08/2023;15:37:00;CC;286;discharge;Hanna;6158;0;0;falling;16:00:45;835;410;334;76;35.0436;175.218;Non-active;
02/08/2023;15:37:00;CC;286;discharge;Hanna;6158;0;0;falling;16:00:50;840;409;334;75;34.5825;172.9125;Non-active;
02/08/2023;15:37:00;CC;286;discharge;Hanna;6158;0;0;falling;16:00:55;845;408;334;74;34.1214;170.607;Non-active;
02/08/2023;15:37:00;CC;286;discharge;Hanna;6158;0;0;falling;16:01:00;850;408;334;74;34.1214;170.607;Non-active;
02/08/2023;15:37:00;CC;286;discharge;Hanna;6158;0;0;falling;16:01:05;855;407;334;73;33.6603;168.3015;Non-active;
02/08/2023;15:37:00;CC;286;discharge;Hanna;6158;0;0;falling;16:01:10;860;405;334;71;32.7381;163.6905;Non-active;
02/08/2023;15:37:00;CC;286;discharge;Hanna;6158;0;0;falling;16:01:15;865;404;334;70;32.277;161.385;Non-active;
02/08/2023;15:37:00;CC;286;discharge;Hanna;6158;0;0;falling;16:01:20;870;404;334;70;32.277;161.385;Non-active;
02/08/2023;15:37:00;CC;286;discharge;Hanna;6158;0;0;falling;16:01:25;875;403;334;69;31.8159;159.0795;Non-active;
02/08/2023;15:37:00;CC;286;discharge;Hanna;6158;0;0;falling;16:01:30;880;402;334;68;31.3548;156.774;Non-active;
02/08/2023;15:37:00;CC;286;discharge;Hanna;6158;0;0;falling;16:01:35;885;399;334;65;29.9715;149.8575;Non-active;
02/08/2023;15:37:00;CC;286;discharge;Hanna;6158;0;0;falling;16:01:40;890;398;334;64;29.5104;147.552;Non-active;
02/08/2023;15:37:00;CC;286;discharge;Hanna;6158;0;0;falling;16:01:45;895;399;334;65;29.9715;149.8575;Non-active;
02/08/2023;15:37:00;CC;286;discharge;Hanna;6158;0;0;falling;16:01:50;900;398;334;64;29.5104;147.552;Non-active;
02/08/2023;15:37:00;CC;286;discharge;Hanna;6158;0;0;falling;16:01:55;905;396;334;62;28.5882;142.941;Non-active;
02/08/2023;15:37:00;CC;286;discharge;Hanna;6158;0;0;falling;16:02:00;910;394;334;60;27.666;138.33;Non-active;
02/08/2023;15:37:00;CC;286;discharge;Hanna;6158;0;0;falling;16:02:05;915;395;334;61;28.1271;140.6355;Non-active;
02/08/2023;15:37:00;CC;286;discharge;Hanna;6158;0;0;falling;16:02:10;920;393;334;59;27.2049;136.0245;Non-active;
02/08/2023;15:37:00;CC;286;discharge;Hanna;6158;0;0;falling;16:02:15;925;392;334;58;26.7438;133.719;Non-active;
02/08/2023;15:37:00;CC;286;discharge;Hanna;6158;0;0;falling;16:02:20;930;392;334;58;26.7438;133.719;Non-active;
02/08/2023;15:37:00;CC;286;discharge;Hanna;6158;0;0;falling;16:02:25;935;390;334;56;25.8216;129.108;Non-active;
02/08/2023;15:37:00;CC;286;discharge;Hanna;6158;0;0;falling;16:02:30;940;389;334;55;25.3605;126.8025;Non-active;
02/08/2023;15:37:00;CC;286;discharge;Hanna;6158;0;0;falling;16:02:35;945;388;334;54;24.8994;124.497;Non-active;
02/08/2023;15:37:00;CC;286;discharge;Hanna;6158;0;0;falling;16:02:40;950;388;334;54;24.8994;124.497;Non-active;
02/08/2023;15:37:00;CC;286;discharge;Hanna;6158;0;0;falling;16:02:45;955;387;334;53;24.4383;122.1915;Non-active;
02/08/2023;15:37:00;CC;286;discharge;Hanna;6158;0;0;falling;16:02:50;960;386;334;52;23.9772;119.886;Non-active;
02/08/2023;15:37:00;CC;286;discharge;Hanna;6158;0;0;falling;16:02:55;965;386;334;52;23.9772;119.886;Non-active;
02/08/2023;15:37:00;CC;286;discharge;Hanna;6158;0;0;falling;16:03:00;970;385;334;51;23.5161;117.5805;Non-active;
02/08/2023;15:37:00;CC;286;discharge;Hanna;6158;0;0;falling;16:03:05;975;384;334;50;23.055;115.275;Non-active;
02/08/2023;15:37:00;CC;286;discharge;Hanna;6158;0;0;falling;16:03:10;980;383;334;49;22.5939;112.9695;Non-active;
02/08/2023;15:37:00;CC;286;discharge;Hanna;6158;0;0;falling;16:03:15;985;382;334;48;22.1328;110.664;Non-active;
02/08/2023;15:37:00;CC;286;discharge;Hanna;6158;0;0;falling;16:03:20;990;382;334;48;22.1328;110.664;Non-active;
02/08/2023;15:37:00;CC;286;discharge;Hanna;6158;0;0;falling;16:03:25;995;381;334;47;21.6717;108.3585;Non-active;
02/08/2023;15:37:00;CC;286;discharge;Hanna;6158;0;0;falling;16:03:30;1000;382;334;48;22.1328;110.664;Non-active;
02/08/2023;15:37:00;CC;286;discharge;Hanna;6158;0;0;falling;16:03:35;1005;379;334;45;20.7495;103.7475;Non-active;
02/08/2023;15:37:00;CC;286;discharge;Hanna;6158;0;0;falling;16:03:40;1010;380;334;46;21.2106;106.053;Non-active;
02/08/2023;15:37:00;CC;286;discharge;Hanna;6158;0;0;falling;16:03:45;1015;379;334;45;20.7495;103.7475;Non-active;
02/08/2023;15:37:00;CC;286;discharge;Hanna;6158;0;0;falling;16:03:50;1020;378;334;44;20.2884;101.442;Non-active;
02/08/2023;15:37:00;CC;286;discharge;Hanna;6158;0;0;falling;16:03:55;1025;377;334;43;19.8273;99.1365;Non-active;
02/08/2023;15:37:00;CC;286;discharge;Hanna;6158;0;0;falling;16:04:00;1030;376;334;42;19.3662;96.831;Non-active;
02/08/2023;15:37:00;CC;286;discharge;Hanna;6158;0;0;falling;16:04:05;1035;375;334;41;18.9051;94.5255;Non-active;
02/08/2023;15:37:00;CC;286;discharge;Hanna;6158;0;0;falling;16:04:10;1040;374;334;40;18.444;92.22;Non-active;
02/08/2023;15:37:00;CC;286;discharge;Hanna;6158;0;0;falling;16:04:15;1045;375;334;41;18.9051;94.5255;Non-active;
02/08/2023;15:37:00;CC;286;discharge;Hanna;6158;0;0;falling;16:04:20;1050;373;334;39;17.9829;89.9145;Non-active;
02/08/2023;15:37:00;CC;286;discharge;Hanna;6158;0;0;falling;16:04:25;1055;372;334;38;17.5218;87.609;Non-active;
02/08/2023;15:37:00;CC;286;discharge;Hanna;6158;0;0;falling;16:04:30;1060;372;334;38;17.5218;87.609;Non-active;
02/08/2023;15:37:00;CC;286;discharge;Hanna;6158;0;0;falling;16:04:35;1065;373;334;39;17.9829;89.9145;Non-active;
02/08/2023;15:37:00;CC;286;discharge;Hanna;6158;0;0;falling;16:04:40;1070;371;334;37;17.0607;85.3035;Non-active;
02/08/2023;15:37:00;CC;286;discharge;Hanna;6158;0;0;falling;16:04:45;1075;370;334;36;16.5996;82.998;Non-active;
02/08/2023;15:37:00;CC;286;discharge;Hanna;6158;0;0;falling;16:04:50;1080;369;334;35;16.1385;80.6925;Non-active;
02/08/2023;15:37:00;CC;286;discharge;Hanna;6158;0;0;falling;16:04:55;1085;368;334;34;15.6774;78.387;Non-active;
02/08/2023;15:37:00;CC;286;discharge;Hanna;6158;0;0;falling;16:05:00;1090;370;334;36;16.5996;82.998;Non-active;
02/08/2023;15:37:00;CC;286;discharge;Hanna;6158;0;0;falling;16:05:05;1095;368;334;34;15.6774;78.387;Non-active;
02/08/2023;15:37:00;CC;286;discharge;Hanna;6158;0;0;falling;16:05:10;1100;366;334;32;14.7552;73.776;Non-active;
02/08/2023;15:37:00;CC;286;discharge;Hanna;6158;0;0;falling;16:05:15;1105;367;334;33;15.2163;76.0815;Non-active;
02/08/2023;15:37:00;CC;286;discharge;Hanna;6158;0;0;falling;16:05:20;1110;364;334;30;13.833;69.165;Non-active;
02/08/2023;15:37:00;CC;286;discharge;Hanna;6158;0;0;falling;16:05:25;1115;365;334;31;14.2941;71.4705;Non-active;
02/08/2023;15:37:00;CC;286;discharge;Hanna;6158;0;0;falling;16:05:30;1120;364;334;30;13.833;69.165;Non-active;
02/08/2023;15:37:00;CC;286;discharge;Hanna;6158;0;0;falling;16:05:35;1125;363;334;29;13.3719;66.8595;Non-active;
02/08/2023;15:37:00;CC;286;discharge;Hanna;6158;0;0;falling;16:05:40;1130;363;334;29;13.3719;66.8595;Non-active;
02/08/2023;15:37:00;CC;286;discharge;Hanna;6158;0;0;falling;16:05:45;1135;361;334;27;12.4497;62.2485;Non-active;
02/08/2023;15:37:00;CC;286;discharge;Hanna;6158;0;0;falling;16:05:50;1140;362;334;28;12.9108;64.554;Non-active;
02/08/2023;15:37:00;CC;286;discharge;Hanna;6158;0;0;falling;16:05:55;1145;361;334;27;12.4497;62.2485;Non-active;
02/08/2023;15:37:00;CC;286;discharge;Hanna;6158;0;0;falling;16:06:00;1150;360;334;26;11.9886;59.943;Non-active;
02/08/2023;15:37:00;CC;286;discharge;Hanna;6158;0;0;falling;16:06:05;1155;360;334;26;11.9886;59.943;Non-active;
02/08/2023;15:37:00;CC;286;discharge;Hanna;6158;0;0;falling;16:06:10;1160;359;334;25;11.5275;57.6375;Non-active;
02/08/2023;15:37:00;CC;286;discharge;Hanna;6158;0;0;falling;16:06:15;1165;359;334;25;11.5275;57.6375;Non-active;
02/08/2023;15:37:00;CC;286;discharge;Hanna;6158;0;0;falling;16:06:20;1170;359;334;25;11.5275;57.6375;Non-active;
02/08/2023;15:37:00;CC;286;discharge;Hanna;6158;0;0;falling;16:06:25;1175;358;334;24;11.0664;55.332;Non-active;
02/08/2023;15:37:00;CC;286;discharge;Hanna;6158;0;0;falling;16:06:30;1180;358;334;24;11.0664;55.332;Non-active;
02/08/2023;15:37:00;CC;286;discharge;Hanna;6158;0;0;falling;16:06:35;1185;358;334;24;11.0664;55.332;Non-active;
02/08/2023;15:37:00;CC;286;discharge;Hanna;6158;0;0;falling;16:06:40;1190;358;334;24;11.0664;55.332;Non-active;
02/08/2023;15:37:00;CC;286;discharge;Hanna;6158;0;0;falling;16:06:45;1195;357;334;23;10.6053;53.0265;Non-active;
02/08/2023;15:37:00;CC;286;discharge;Hanna;6158;0;0;falling;16:06:50;1200;356;334;22;10.1442;50.721;Non-active;
02/08/2023;15:37:00;CC;286;discharge;Hanna;6158;0;0;falling;16:06:55;1205;356;334;22;10.1442;50.721;Non-active;
02/08/2023;15:37:00;CC;286;discharge;Hanna;6158;0;0;falling;16:07:00;1210;356;334;22;10.1442;50.721;Non-active;
02/08/2023;15:37:00;CC;286;discharge;Hanna;6158;0;0;falling;16:07:05;1215;355;334;21;9.6831;48.4155;Non-active;
02/08/2023;15:37:00;CC;286;discharge;Hanna;6158;0;0;falling;16:07:10;1220;355;334;21;9.6831;48.4155;Non-active;
02/08/2023;15:37:00;CC;286;discharge;Hanna;6158;0;0;falling;16:07:15;1225;354;334;20;9.222;46.11;Non-active;
02/08/2023;15:37:00;CC;286;discharge;Hanna;6158;0;0;falling;16:07:20;1230;354;334;20;9.222;46.11;Non-active;
02/08/2023;15:37:00;CC;286;discharge;Hanna;6158;0;0;falling;16:07:25;1235;354;334;20;9.222;46.11;Non-active;
02/08/2023;15:37:00;CC;286;discharge;Hanna;6158;0;0;falling;16:07:30;1240;353;334;19;8.7609;43.8045;Non-active;
02/08/2023;15:37:00;CC;286;discharge;Hanna;6158;0;0;falling;16:07:35;1245;352;334;18;8.2998;41.499;Non-active;
02/08/2023;15:37:00;CC;286;discharge;Hanna;6158;0;0;falling;16:07:40;1250;353;334;19;8.7609;43.8045;Non-active;
02/08/2023;15:37:00;CC;286;discharge;Hanna;6158;0;0;falling;16:07:45;1255;353;334;19;8.7609;43.8045;Non-active;
02/08/2023;15:37:00;CC;286;discharge;Hanna;6158;0;0;falling;16:07:50;1260;352;334;18;8.2998;41.499;Non-active;
02/08/2023;15:37:00;CC;286;discharge;Hanna;6158;0;0;falling;16:07:55;1265;352;334;18;8.2998;41.499;Non-active;
02/08/2023;15:37:00;CC;286;discharge;Hanna;6158;0;0;falling;16:08:00;1270;352;334;18;8.2998;41.499;Non-active;
02/08/2023;15:37:00;CC;286;discharge;Hanna;6158;0;0;falling;16:08:05;1275;351;334;17;7.8387;39.1935;Non-active;
02/08/2023;15:37:00;CC;286;discharge;Hanna;6158;0;0;falling;16:08:10;1280;353;334;19;8.7609;43.8045;Non-active;
02/08/2023;15:37:00;CC;286;discharge;Hanna;6158;0;0;falling;16:08:15;1285;351;334;17;7.8387;39.1935;Non-active;
02/08/2023;15:37:00;CC;286;discharge;Hanna;6158;0;0;falling;16:08:20;1290;351;334;17;7.8387;39.1935;Non-active;
02/08/2023;15:37:00;CC;286;discharge;Hanna;6158;0;0;falling;16:08:25;1295;350;334;16;7.3776;36.888;Non-active;
02/08/2023;15:37:00;CC;286;discharge;Hanna;6158;0;0;falling;16:08:30;1300;350;334;16;7.3776;36.888;Non-active;
02/08/2023;15:37:00;CC;286;discharge;Hanna;6158;0;0;falling;16:08:35;1305;350;334;16;7.3776;36.888;Non-active;
02/08/2023;15:37:00;CC;286;discharge;Hanna;6158;0;0;falling;16:08:40;1310;349;334;15;6.9165;34.5825;Non-active;
02/08/2023;15:37:00;CC;286;discharge;Hanna;6158;0;0;falling;16:08:45;1315;349;334;15;6.9165;34.5825;Non-active;
02/08/2023;15:37:00;CC;286;discharge;Hanna;6158;0;0;falling;16:08:50;1320;349;334;15;6.9165;34.5825;Non-active;
02/08/2023;15:37:00;CC;286;discharge;Hanna;6158;0;0;falling;16:08:55;1325;348;334;14;6.4554;32.277;Non-active;
02/08/2023;15:37:00;CC;286;discharge;Hanna;6158;0;0;falling;16:09:00;1330;348;334;14;6.4554;32.277;Non-active;
02/08/2023;15:37:00;CC;286;discharge;Hanna;6158;0;0;falling;16:09:05;1335;348;334;14;6.4554;32.277;Non-active;
02/08/2023;15:37:00;CC;286;discharge;Hanna;6158;0;0;falling;16:09:10;1340;347;334;13;5.9943;29.9715;Non-active;
02/08/2023;15:37:00;CC;286;discharge;Hanna;6158;0;0;falling;16:09:15;1345;347;334;13;5.9943;29.9715;Non-active;
02/08/2023;15:37:00;CC;286;discharge;Hanna;6158;0;0;falling;16:09:20;1350;347;334;13;5.9943;29.9715;Non-active;
02/08/2023;15:37:00;CC;286;discharge;Hanna;6158;0;0;falling;16:09:25;1355;347;334;13;5.9943;29.9715;Non-active;
02/08/2023;15:37:00;CC;286;discharge;Hanna;6158;0;0;falling;16:09:30;1360;347;334;13;5.9943;29.9715;Non-active;
02/08/2023;15:37:00;CC;286;discharge;Hanna;6158;0;0;falling;16:09:35;1365;347;334;13;5.9943;29.9715;Non-active;
02/08/2023;15:37:00;CC;286;discharge;Hanna;6158;0;0;falling;16:09:40;1370;347;334;13;5.9943;29.9715;Non-active;
02/08/2023;15:37:00;CC;286;discharge;Hanna;6158;0;0;falling;16:09:45;1375;346;334;12;5.5332;27.666;Non-active;
02/08/2023;15:37:00;CC;286;discharge;Hanna;6158;0;0;falling;16:09:50;1380;346;334;12;5.5332;27.666;Non-active;
02/08/2023;15:37:00;CC;286;discharge;Hanna;6158;0;0;falling;16:09:55;1385;345;334;11;5.0721;25.3605;Non-active;
02/08/2023;15:37:00;CC;286;discharge;Hanna;6158;0;0;falling;16:10:00;1390;345;334;11;5.0721;25.3605;Non-active;
02/08/2023;15:37:00;CC;286;discharge;Hanna;6158;0;0;falling;16:10:05;1395;345;334;11;5.0721;25.3605;Non-active;
02/08/2023;15:37:00;CC;286;discharge;Hanna;6158;0;0;falling;16:10:10;1400;345;334;11;5.0721;25.3605;Non-active;
02/08/2023;15:37:00;CC;286;discharge;Hanna;6158;0;0;falling;16:10:15;1405;345;334;11;5.0721;25.3605;Non-active;
02/08/2023;15:37:00;CC;286;discharge;Hanna;6158;0;0;falling;16:10:20;1410;345;334;11;5.0721;25.3605;Non-active;
02/08/2023;15:37:00;CC;286;discharge;Hanna;6158;0;0;falling;16:10:25;1415;345;334;11;5.0721;25.3605;Non-active;
02/08/2023;15:37:00;CC;286;discharge;Hanna;6158;0;0;falling;16:10:30;1420;344;334;10;4.611;23.055;Non-active;
02/08/2023;15:37:00;CC;286;discharge;Hanna;6158;0;0;falling;16:10:35;1425;344;334;10;4.611;23.055;Non-active;
02/08/2023;15:37:00;CC;286;discharge;Hanna;6158;0;0;falling;16:10:40;1430;344;334;10;4.611;23.055;Non-active;
02/08/2023;15:37:00;CC;286;discharge;Hanna;6158;0;0;falling;16:10:45;1435;343;334;9;4.1499;20.7495;Non-active;
02/08/2023;15:37:00;CC;286;discharge;Hanna;6158;0;0;falling;16:10:50;1440;343;334;9;4.1499;20.7495;Non-active;
02/08/2023;15:37:00;CC;286;discharge;Hanna;6158;0;0;falling;16:10:55;1445;343;334;9;4.1499;20.7495;Non-active;
02/08/2023;15:37:00;CC;286;discharge;Hanna;6158;0;0;falling;16:11:00;1450;343;334;9;4.1499;20.7495;Non-active;
02/08/2023;15:37:00;CC;286;discharge;Hanna;6158;0;0;falling;16:11:05;1455;343;334;9;4.1499;20.7495;Non-active;
02/08/2023;15:37:00;CC;286;discharge;Hanna;6158;0;0;falling;16:11:10;1460;343;334;9;4.1499;20.7495;Non-active;
02/08/2023;15:37:00;CC;286;discharge;Hanna;6158;0;0;falling;16:11:15;1465;342;334;8;3.6888;18.444;Non-active;
02/08/2023;15:37:00;CC;286;discharge;Hanna;6158;0;0;falling;16:11:20;1470;342;334;8;3.6888;18.444;Non-active;
02/08/2023;15:37:00;CC;286;discharge;Hanna;6158;0;0;falling;16:11:25;1475;342;334;8;3.6888;18.444;Non-active;
02/08/2023;15:37:00;CC;286;discharge;Hanna;6158;0;0;falling;16:11:30;1480;343;334;9;4.1499;20.7495;Non-active;
02/08/2023;15:37:00;CC;286;discharge;Hanna;6158;0;0;falling;16:11:35;1485;342;334;8;3.6888;18.444;Non-active;
02/08/2023;15:37:00;CC;286;discharge;Hanna;6158;0;0;falling;16:11:40;1490;342;334;8;3.6888;18.444;Non-active;
02/08/2023;15:37:00;CC;286;discharge;Hanna;6158;0;0;falling;16:11:45;1495;342;334;8;3.6888;18.444;Non-active;
02/08/2023;15:37:00;CC;286;discharge;Hanna;6158;0;0;falling;16:11:50;1500;342;334;8;3.6888;18.444;Non-active;
02/08/2023;15:37:00;CC;286;discharge;Hanna;6158;0;0;falling;16:11:55;1505;342;334;8;3.6888;18.444;Non-active;
02/08/2023;15:37:00;CC;286;discharge;Hanna;6158;0;0;falling;16:12:00;1510;342;334;8;3.6888;18.444;Non-active;
02/08/2023;15:37:00;CC;286;discharge;Hanna;6158;0;0;falling;16:12:05;1515;342;334;8;3.6888;18.444;Non-active;
02/08/2023;15:37:00;CC;286;discharge;Hanna;6158;0;0;falling;16:12:10;1520;342;334;8;3.6888;18.444;Non-active;
02/08/2023;15:37:00;CC;286;discharge;Hanna;6158;0;0;falling;16:12:15;1525;342;334;8;3.6888;18.444;Non-active;
02/08/2023;15:37:00;CC;286;discharge;Hanna;6158;0;0;falling;16:12:20;1530;342;334;8;3.6888;18.444;Non-active;
02/08/2023;15:37:00;CC;286;discharge;Hanna;6158;0;0;falling;16:12:25;1535;342;334;8;3.6888;18.444;Non-active;
02/08/2023;15:37:00;CC;286;discharge;Hanna;6158;0;0;falling;16:12:30;1540;341;334;7;3.2277;16.1385;Non-active;
02/08/2023;15:37:00;CC;286;discharge;Hanna;6158;0;0;falling;16:12:35;1545;341;334;7;3.2277;16.1385;Non-active;
02/08/2023;15:37:00;CC;286;discharge;Hanna;6158;0;0;falling;16:12:40;1550;341;334;7;3.2277;16.1385;Non-active;
02/08/2023;15:37:00;CC;286;discharge;Hanna;6158;0;0;falling;16:12:45;1555;341;334;7;3.2277;16.1385;Non-active;
02/08/2023;15:37:00;CC;286;discharge;Hanna;6158;0;0;falling;16:12:50;1560;341;334;7;3.2277;16.1385;Non-active;
02/08/2023;15:37:00;CC;286;discharge;Hanna;6158;0;0;falling;16:12:55;1565;340;334;6;2.7666;13.833;Non-active;
02/08/2023;15:37:00;CC;286;discharge;Hanna;6158;0;0;falling;16:13:00;1570;340;334;6;2.7666;13.833;Non-active;
02/08/2023;15:37:00;CC;286;discharge;Hanna;6158;0;0;falling;16:13:05;1575;340;334;6;2.7666;13.833;Non-active;
02/08/2023;15:37:00;CC;286;discharge;Hanna;6158;0;0;falling;16:13:10;1580;340;334;6;2.7666;13.833;Non-active;
02/08/2023;15:37:00;CC;286;discharge;Hanna;6158;0;0;falling;16:13:15;1585;340;334;6;2.7666;13.833;Non-active;
02/08/2023;15:37:00;CC;286;discharge;Hanna;6158;0;0;falling;16:13:20;1590;340;334;6;2.7666;13.833;Non-active;
02/08/2023;15:37:00;CC;286;discharge;Hanna;6158;0;0;falling;16:13:25;1595;340;334;6;2.7666;13.833;Non-active;
02/08/2023;15:37:00;CC;286;discharge;Hanna;6158;0;0;falling;16:13:30;1600;340;334;6;2.7666;13.833;Non-active;
02/08/2023;15:37:00;CC;286;discharge;Hanna;6158;0;0;falling;16:13:35;1605;340;334;6;2.7666;13.833;Non-active;
02/08/2023;15:37:00;CC;286;discharge;Hanna;6158;0;0;falling;16:13:40;1610;340;334;6;2.7666;13.833;Non-active;
02/08/2023;15:37:00;CC;286;discharge;Hanna;6158;0;0;falling;16:13:45;1615;340;334;6;2.7666;13.833;Non-active;
02/08/2023;15:37:00;CC;286;discharge;Hanna;6158;0;0;falling;16:13:50;1620;340;334;6;2.7666;13.833;Non-active;
02/08/2023;15:37:00;CC;286;discharge;Hanna;6158;0;0;falling;16:13:55;1625;340;334;6;2.7666;13.833;Non-active;
02/08/2023;15:37:00;CC;286;discharge;Hanna;6158;0;0;falling;16:14:00;1630;339;334;5;2.3055;11.5275;Non-active;
02/08/2023;15:37:00;CC;286;discharge;Hanna;6158;0;0;falling;16:14:05;1635;339;334;5;2.3055;11.5275;Non-active;
02/08/2023;15:37:00;CC;286;discharge;Hanna;6158;0;0;falling;16:14:10;1640;339;334;5;2.3055;11.5275;Non-active;
02/08/2023;15:37:00;CC;286;discharge;Hanna;6158;0;0;falling;16:14:15;1645;339;334;5;2.3055;11.5275;Non-active;
02/08/2023;15:37:00;CC;286;discharge;Hanna;6158;0;0;falling;16:14:20;1650;339;334;5;2.3055;11.5275;Non-active;
02/08/2023;15:37:00;CC;286;discharge;Hanna;6158;0;0;falling;16:14:25;1655;339;334;5;2.3055;11.5275;Non-active;
02/08/2023;15:37:00;CC;286;discharge;Hanna;6158;0;0;falling;16:14:30;1660;339;334;5;2.3055;11.5275;Non-active;
02/08/2023;15:37:00;CC;286;discharge;Hanna;6158;0;0;falling;16:14:35;1665;339;334;5;2.3055;11.5275;Non-active;
02/08/2023;15:37:00;CC;286;discharge;Hanna;6158;0;0;falling;16:14:40;1670;339;334;5;2.3055;11.5275;Non-active;
02/08/2023;15:37:00;CC;286;discharge;Hanna;6158;0;0;falling;16:14:45;1675;339;334;5;2.3055;11.5275;Non-active;
02/08/2023;15:37:00;CC;286;discharge;Hanna;6158;0;0;falling;16:14:50;1680;339;334;5;2.3055;11.5275;Non-active;
02/08/2023;15:37:00;CC;286;discharge;Hanna;6158;0;0;falling;16:14:55;1685;339;334;5;2.3055;11.5275;Non-active;
02/08/2023;15:37:00;CC;286;discharge;Hanna;6158;0;0;falling;16:15:00;1690;339;334;5;2.3055;11.5275;Non-active;
02/08/2023;15:37:00;CC;286;discharge;Hanna;6158;0;0;falling;16:15:05;1695;339;334;5;2.3055;11.5275;Non-active;
02/08/2023;15:37:00;CC;286;discharge;Hanna;6158;0;0;falling;16:15:10;1700;338;334;4;1.8444;9.222;Non-active;
02/08/2023;15:37:00;CC;286;discharge;Hanna;6158;0;0;falling;16:15:15;1705;338;334;4;1.8444;9.222;Non-active;
02/08/2023;15:37:00;CC;286;discharge;Hanna;6158;0;0;falling;16:15:20;1710;338;334;4;1.8444;9.222;Non-active;
02/08/2023;15:37:00;CC;286;discharge;Hanna;6158;0;0;falling;16:15:25;1715;338;334;4;1.8444;9.222;Non-active;
02/08/2023;15:37:00;CC;286;discharge;Hanna;6158;0;0;falling;16:15:30;1720;338;334;4;1.8444;9.222;Non-active;
02/08/2023;15:37:00;CC;286;discharge;Hanna;6158;0;0;falling;16:15:35;1725;338;334;4;1.8444;9.222;Non-active;
02/08/2023;15:37:00;CC;286;discharge;Hanna;6158;0;0;falling;16:15:40;1730;338;334;4;1.8444;9.222;Non-active;
02/08/2023;15:37:00;CC;286;discharge;Hanna;6158;0;0;falling;16:15:45;1735;338;334;4;1.8444;9.222;Non-active;
02/08/2023;15:37:00;CC;286;discharge;Hanna;6158;0;0;falling;16:15:50;1740;338;334;4;1.8444;9.222;Non-active;
02/08/2023;15:37:00;CC;286;discharge;Hanna;6158;0;0;falling;16:15:55;1745;338;334;4;1.8444;9.222;Non-active;
02/08/2023;15:37:00;CC;286;discharge;Hanna;6158;0;0;falling;16:16:00;1750;338;334;4;1.8444;9.222;Non-active;
02/08/2023;15:37:00;CC;286;discharge;Hanna;6158;0;0;falling;16:16:05;1755;337;334;3;1.3833;6.9165;Non-active;
02/08/2023;15:37:00;CC;286;discharge;Hanna;6158;0;0;falling;16:16:10;1760;338;334;4;1.8444;9.222;Non-active;
02/08/2023;15:37:00;CC;286;discharge;Hanna;6158;0;0;falling;16:16:15;1765;338;334;4;1.8444;9.222;Non-active;
02/08/2023;15:37:00;CC;286;discharge;Hanna;6158;0;0;falling;16:16:20;1770;337;334;3;1.3833;6.9165;Non-active;
02/08/2023;15:37:00;CC;286;discharge;Hanna;6158;0;0;falling;16:16:25;1775;337;334;3;1.3833;6.9165;Non-active;
02/08/2023;15:37:00;CC;286;discharge;Hanna;6158;0;0;falling;16:16:30;1780;337;334;3;1.3833;6.9165;Non-active;
02/08/2023;15:37:00;CC;286;discharge;Hanna;6158;0;0;falling;16:16:35;1785;337;334;3;1.3833;6.9165;Non-active;
02/08/2023;15:37:00;CC;286;discharge;Hanna;6158;0;0;falling;16:16:40;1790;337;334;3;1.3833;6.9165;Non-active;
02/08/2023;15:37:00;CC;286;discharge;Hanna;6158;0;0;falling;16:16:45;1795;337;334;3;1.3833;6.9165;Non-active;
02/08/2023;15:37:00;CC;286;discharge;Hanna;6158;0;0;falling;16:16:50;1800;337;334;3;1.3833;6.9165;Non-active;
02/08/2023;15:37:00;CC;286;discharge;Hanna;6158;0;0;falling;16:16:55;1805;337;334;3;1.3833;6.9165;Non-active;
02/08/2023;15:37:00;CC;286;discharge;Hanna;6158;0;0;falling;16:17:00;1810;337;334;3;1.3833;6.9165;Non-active;
02/08/2023;15:37:00;CC;286;discharge;Hanna;6158;0;0;falling;16:17:05;1815;337;334;3;1.3833;6.9165;Non-active;
02/08/2023;15:37:00;CC;286;discharge;Hanna;6158;0;0;falling;16:17:10;1820;337;334;3;1.3833;6.9165;Non-active;
02/08/2023;15:37:00;CC;286;discharge;Hanna;6158;0;0;falling;16:17:15;1825;337;334;3;1.3833;6.9165;Non-active;
02/08/2023;15:37:00;CC;286;discharge;Hanna;6158;0;0;falling;16:17:20;1830;337;334;3;1.3833;6.9165;Non-active;
02/08/2023;15:37:00;CC;286;discharge;Hanna;6158;0;0;falling;16:17:25;1835;337;334;3;1.3833;6.9165;Non-active;
02/08/2023;15:37:00;CC;286;discharge;Hanna;6158;0;0;falling;16:17:30;1840;337;334;3;1.3833;6.9165;Non-active;
02/08/2023;15:37:00;CC;286;discharge;Hanna;6158;0;0;falling;16:17:35;1845;337;334;3;1.3833;6.9165;Non-active;
02/08/2023;15:37:00;CC;286;discharge;Hanna;6158;0;0;falling;16:17:40;1850;337;334;3;1.3833;6.9165;Non-active;
02/08/2023;15:37:00;CC;286;discharge;Hanna;6158;0;0;falling;16:17:45;1855;337;334;3;1.3833;6.9165;Non-active;
02/08/2023;15:37:00;CC;286;discharge;Hanna;6158;0;0;falling;16:17:50;1860;337;334;3;1.3833;6.9165;Non-active;
02/08/2023;15:37:00;CC;286;discharge;Hanna;6158;0;0;falling;16:17:55;1865;337;334;3;1.3833;6.9165;Non-active;
02/08/2023;15:37:00;CC;286;discharge;Hanna;6158;0;0;falling;16:18:00;1870;337;334;3;1.3833;6.9165;Non-active;
02/08/2023;15:37:00;CC;286;discharge;Hanna;6158;0;0;falling;16:18:05;1875;337;334;3;1.3833;6.9165;Non-active;
02/08/2023;15:37:00;CC;286;discharge;Hanna;6158;0;0;falling;16:18:10;1880;337;334;3;1.3833;6.9165;Non-active;
02/08/2023;15:37:00;CC;286;discharge;Hanna;6158;0;0;falling;16:18:15;1885;336;334;2;0.9222;4.611;Non-active;
02/08/2023;15:37:00;CC;286;discharge;Hanna;6158;0;0;falling;16:18:20;1890;336;334;2;0.9222;4.611;Non-active;
02/08/2023;15:37:00;CC;286;discharge;Hanna;6158;0;0;falling;16:18:25;1895;336;334;2;0.9222;4.611;Non-active;
02/08/2023;15:37:00;CC;286;discharge;Hanna;6158;0;0;falling;16:18:30;1900;336;334;2;0.9222;4.611;Non-active;
02/08/2023;15:37:00;CC;286;discharge;Hanna;6158;0;0;falling;16:18:35;1905;336;334;2;0.9222;4.611;Non-active;
02/08/2023;15:37:00;CC;286;discharge;Hanna;6158;0;0;falling;16:18:40;1910;336;334;2;0.9222;4.611;Non-active;
02/08/2023;15:37:00;CC;286;discharge;Hanna;6158;0;0;falling;16:18:45;1915;336;334;2;0.9222;4.611;Non-active;
02/08/2023;15:37:00;CC;286;discharge;Hanna;6158;0;0;falling;16:18:50;1920;336;334;2;0.9222;4.611;Non-active;
02/08/2023;15:37:00;CC;286;discharge;Hanna;6158;0;0;falling;16:18:55;1925;336;334;2;0.9222;4.611;Non-active;
02/08/2023;15:37:00;CC;286;discharge;Hanna;6158;0;0;falling;16:19:00;1930;336;334;2;0.9222;4.611;Non-active;
02/08/2023;15:37:00;CC;286;discharge;Hanna;6158;0;0;falling;16:19:05;1935;336;334;2;0.9222;4.611;Non-active;
02/08/2023;15:37:00;CC;286;discharge;Hanna;6158;0;0;falling;16:19:10;1940;336;334;2;0.9222;4.611;Non-active;
02/08/2023;15:37:00;CC;286;discharge;Hanna;6158;0;0;falling;16:19:15;1945;336;334;2;0.9222;4.611;Non-active;
02/08/2023;15:37:00;CC;286;discharge;Hanna;6158;0;0;falling;16:19:20;1950;336;334;2;0.9222;4.611;Non-active;
02/08/2023;15:37:00;CC;286;discharge;Hanna;6158;0;0;falling;16:19:25;1955;336;334;2;0.9222;4.611;Non-active;
02/08/2023;15:37:00;CC;286;discharge;Hanna;6158;0;0;falling;16:19:30;1960;336;334;2;0.9222;4.611;Non-active;
02/08/2023;15:37:00;CC;286;discharge;Hanna;6158;0;0;falling;16:19:35;1965;336;334;2;0.9222;4.611;Non-active;
02/08/2023;15:37:00;CC;286;discharge;Hanna;6158;0;0;falling;16:19:40;1970;336;334;2;0.9222;4.611;Non-active;
02/08/2023;15:37:00;CC;286;discharge;Hanna;6158;0;0;falling;16:19:45;1975;336;334;2;0.9222;4.611;Non-active;
02/08/2023;15:37:00;CC;286;discharge;Hanna;6158;0;0;falling;16:19:50;1980;336;334;2;0.9222;4.611;Non-active;
02/08/2023;15:37:00;CC;286;discharge;Hanna;6158;0;0;falling;16:19:55;1985;336;334;2;0.9222;4.611;Non-active;
02/08/2023;15:37:00;CC;286;discharge;Hanna;6158;0;0;falling;16:20:00;1990;336;334;2;0.9222;4.611;Non-active;
02/08/2023;15:37:00;CC;286;discharge;Hanna;6158;0;0;falling;16:20:05;1995;336;334;2;0.9222;4.611;Non-active;
02/08/2023;15:37:00;CC;286;discharge;Hanna;6158;0;0;falling;16:20:10;2000;336;334;2;0.9222;4.611;Non-active;
02/08/2023;15:37:00;CC;286;discharge;Hanna;6158;0;0;falling;16:20:15;2005;336;334;2;0.9222;4.611;Non-active;
02/08/2023;15:37:00;CC;286;discharge;Hanna;6158;0;0;falling;16:20:20;2010;336;334;2;0.9222;4.611;Non-active;
02/08/2023;15:37:00;CC;286;discharge;Hanna;6158;0;0;falling;16:20:25;2015;336;334;2;0.9222;4.611;Non-active;
02/08/2023;15:37:00;CC;286;discharge;Hanna;6158;0;0;falling;16:20:30;2020;336;334;2;0.9222;4.611;Non-active;
02/08/2023;15:37:00;CC;286;discharge;Hanna;6158;0;0;falling;16:20:35;2025;336;334;2;0.9222;4.611;Non-active;
02/08/2023;15:37:00;CC;286;discharge;Hanna;6158;0;0;falling;16:20:40;2030;336;334;2;0.9222;4.611;Non-active;
02/08/2023;15:37:00;CC;286;discharge;Hanna;6158;0;0;falling;16:20:45;2035;336;334;2;0.9222;4.611;Non-active;
02/08/2023;15:37:00;CC;286;discharge;Hanna;6158;0;0;falling;16:20:50;2040;336;334;2;0.9222;4.611;Non-active;
02/08/2023;15:37:00;CC;286;discharge;Hanna;6158;0;0;falling;16:20:55;2045;336;334;2;0.9222;4.611;Non-active;
02/08/2023;15:37:00;CC;286;discharge;Hanna;6158;0;0;falling;16:21:00;2050;336;334;2;0.9222;4.611;Non-active;
02/08/2023;15:37:00;CC;286;discharge;Hanna;6158;0;0;falling;16:21:05;2055;336;334;2;0.9222;4.611;Non-active;
02/08/2023;15:37:00;CC;286;discharge;Hanna;6158;0;0;falling;16:21:10;2060;336;334;2;0.9222;4.611;Non-active;
02/08/2023;15:37:00;CC;286;discharge;Hanna;6158;0;0;falling;16:21:15;2065;335;334;1;0.4611;2.3055;Non-active;
02/08/2023;15:37:00;CC;286;discharge;Hanna;6158;0;0;falling;16:21:20;2070;336;334;2;0.9222;4.611;Non-active;
02/08/2023;15:37:00;CC;286;discharge;Hanna;6158;0;0;falling;16:21:25;2075;335;334;1;0.4611;2.3055;Non-active;
02/08/2023;15:37:00;CC;286;discharge;Hanna;6158;0;0;falling;16:21:30;2080;336;334;2;0.9222;4.611;Non-active;
02/08/2023;15:37:00;CC;286;discharge;Hanna;6158;0;0;falling;16:21:35;2085;335;334;1;0.4611;2.3055;Non-active;
02/08/2023;15:37:00;CC;286;discharge;Hanna;6158;0;0;falling;16:21:40;2090;335;334;1;0.4611;2.3055;Non-active;
02/08/2023;15:37:00;CC;286;discharge;Hanna;6158;0;0;falling;16:21:45;2095;335;334;1;0.4611;2.3055;Non-active;
02/08/2023;15:37:00;CC;286;discharge;Hanna;6158;0;0;falling;16:21:50;2100;335;334;1;0.4611;2.3055;Non-active;
02/08/2023;15:37:00;CC;286;discharge;Hanna;6158;0;0;falling;16:21:55;2105;336;334;2;0.9222;4.611;Non-active;
02/08/2023;15:37:00;CC;286;discharge;Hanna;6158;0;0;falling;16:22:00;2110;335;334;1;0.4611;2.3055;Non-active;
02/08/2023;15:37:00;CC;286;discharge;Hanna;6158;0;0;falling;16:22:05;2115;335;334;1;0.4611;2.3055;Non-active;
02/08/2023;15:37:00;CC;286;discharge;Hanna;6158;0;0;falling;16:22:10;2120;335;334;1;0.4611;2.3055;Non-active;
02/08/2023;15:37:00;CC;286;discharge;Hanna;6158;0;0;falling;16:22:15;2125;335;334;1;0.4611;2.3055;Non-active;
02/08/2023;15:37:00;CC;286;discharge;Hanna;6158;0;0;falling;16:22:20;2130;335;334;1;0.4611;2.3055;Non-active;
02/08/2023;15:37:00;CC;286;discharge;Hanna;6158;0;0;falling;16:22:25;2135;335;334;1;0.4611;2.3055;Non-active;
02/08/2023;15:37:00;CC;286;discharge;Hanna;6158;0;0;falling;16:22:30;2140;336;334;2;0.9222;4.611;Non-active;
02/08/2023;15:37:00;CC;286;discharge;Hanna;6158;0;0;falling;16:22:35;2145;335;334;1;0.4611;2.3055;Non-active;
02/08/2023;15:37:00;CC;286;discharge;Hanna;6158;0;0;falling;16:22:40;2150;335;334;1;0.4611;2.3055;Non-active;
02/08/2023;15:37:00;CC;286;discharge;Hanna;6158;0;0;falling;16:22:45;2155;335;334;1;0.4611;2.3055;Non-active;
02/08/2023;15:37:00;CC;286;discharge;Hanna;6158;0;0;falling;16:22:50;2160;335;334;1;0.4611;2.3055;Non-active;
02/08/2023;15:37:00;CC;286;discharge;Hanna;6158;0;0;falling;16:22:55;2165;335;334;1;0.4611;2.3055;Non-active;
02/08/2023;15:37:00;CC;286;discharge;Hanna;6158;0;0;falling;16:23:00;2170;335;334;1;0.4611;2.3055;Non-active;
02/08/2023;15:37:00;CC;286;discharge;Hanna;6158;0;0;falling;16:23:05;2175;335;334;1;0.4611;2.3055;Non-active;
02/08/2023;15:37:00;CC;286;discharge;Hanna;6158;0;0;falling;16:23:10;2180;335;334;1;0.4611;2.3055;Non-active;
02/08/2023;15:37:00;CC;286;discharge;Hanna;6158;0;0;falling;16:23:15;2185;335;334;1;0.4611;2.3055;Non-active;
02/08/2023;15:37:00;CC;286;discharge;Hanna;6158;0;0;falling;16:23:20;2190;335;334;1;0.4611;2.3055;Non-active;
02/08/2023;15:37:00;CC;286;discharge;Hanna;6158;0;0;falling;16:23:25;2195;335;334;1;0.4611;2.3055;Non-active;
02/08/2023;15:37:00;CC;286;discharge;Hanna;6158;0;0;falling;16:23:30;2200;335;334;1;0.4611;2.3055;Non-active;
02/08/2023;15:37:00;CC;286;discharge;Hanna;6158;0;0;falling;16:23:35;2205;335;334;1;0.4611;2.3055;Non-active;
02/08/2023;15:37:00;CC;286;discharge;Hanna;6158;0;0;falling;16:23:40;2210;335;334;1;0.4611;2.3055;Non-active;
02/08/2023;15:37:00;CC;286;discharge;Hanna;6158;0;0;falling;16:23:45;2215;335;334;1;0.4611;2.3055;Non-active;
02/08/2023;15:37:00;CC;286;discharge;Hanna;6158;0;0;falling;16:23:50;2220;335;334;1;0.4611;2.3055;Non-active;
02/08/2023;15:37:00;CC;286;discharge;Hanna;6158;0;0;falling;16:23:55;2225;335;334;1;0.4611;2.3055;Non-active;
02/08/2023;15:37:00;CC;286;discharge;Hanna;6158;0;0;falling;16:24:00;2230;335;334;1;0.4611;2.3055;Non-active;
02/08/2023;15:37:00;CC;286;discharge;Hanna;6158;0;0;falling;16:24:05;2235;335;334;1;0.4611;2.3055;Non-active;
02/08/2023;15:37:00;CC;286;discharge;Hanna;6158;0;0;falling;16:24:10;2240;335;334;1;0.4611;2.3055;Non-active;
02/08/2023;15:37:00;CC;286;discharge;Hanna;6158;0;0;falling;16:24:15;2245;335;334;1;0.4611;2.3055;Non-active;
02/08/2023;15:37:00;CC;286;discharge;Hanna;6158;0;0;falling;16:24:20;2250;335;334;1;0.4611;2.3055;Non-active;
02/08/2023;15:37:00;CC;286;discharge;Hanna;6158;0;0;falling;16:24:25;2255;335;334;1;0.4611;2.3055;Non-active;
02/08/2023;15:37:00;CC;286;discharge;Hanna;6158;0;0;falling;16:24:30;2260;335;334;1;0.4611;2.3055;Non-active;
02/08/2023;15:37:00;CC;286;discharge;Hanna;6158;0;0;falling;16:24:35;2265;335;334;1;0.4611;2.3055;Non-active;
02/08/2023;15:37:00;CC;286;discharge;Hanna;6158;0;0;falling;16:24:40;2270;335;334;1;0.4611;2.3055;Non-active;
02/08/2023;15:37:00;CC;286;discharge;Hanna;6158;0;0;falling;16:24:45;2275;335;334;1;0.4611;2.3055;Non-active;
02/08/2023;15:37:00;CC;286;discharge;Hanna;6158;0;0;falling;16:24:50;2280;335;334;1;0.4611;2.3055;Non-active;
02/08/2023;15:37:00;CC;286;discharge;Hanna;6158;0;0;falling;16:24:55;2285;335;334;1;0.4611;2.3055;Non-active;
02/08/2023;15:37:00;CC;286;discharge;Hanna;6158;0;0;falling;16:25:00;2290;335;334;1;0.4611;2.3055;Non-active;
02/08/2023;15:37:00;CC;286;discharge;Hanna;6158;0;0;falling;16:25:05;2295;335;334;1;0.4611;2.3055;Non-active;
02/08/2023;15:37:00;CC;286;discharge;Hanna;6158;0;0;falling;16:25:10;2300;335;334;1;0.4611;2.3055;Non-active;
02/08/2023;15:37:00;CC;286;discharge;Hanna;6158;0;0;falling;16:25:15;2305;335;334;1;0.4611;2.3055;Non-active;
02/08/2023;15:37:00;CC;286;discharge;Hanna;6158;0;0;falling;16:25:20;2310;335;334;1;0.4611;2.3055;Non-active;
02/08/2023;15:37:00;CC;286;discharge;Hanna;6158;0;0;falling;16:25:25;2315;335;334;1;0.4611;2.3055;Non-active;
02/08/2023;15:37:00;CC;286;discharge;Hanna;6158;0;0;falling;16:25:30;2320;335;334;1;0.4611;2.3055;Non-active;
02/08/2023;15:37:00;CC;286;discharge;Hanna;6158;0;0;falling;16:25:35;2325;335;334;1;0.4611;2.3055;Non-active;
02/08/2023;15:37:00;CC;286;discharge;Hanna;6158;0;0;falling;16:25:40;2330;335;334;1;0.4611;2.3055;Non-active;
02/08/2023;15:37:00;CC;286;discharge;Hanna;6158;0;0;falling;16:25:45;2335;335;334;1;0.4611;2.3055;Non-active;
02/08/2023;15:37:00;CC;286;discharge;Hanna;6158;0;0;falling;16:25:50;2340;335;334;1;0.4611;2.3055;Non-active;
02/08/2023;15:37:00;CC;286;discharge;Hanna;6158;0;0;falling;16:25:55;2345;335;334;1;0.4611;2.3055;Non-active;
02/08/2023;15:37:00;CC;286;discharge;Hanna;6158;0;0;falling;16:26:00;2350;335;334;1;0.4611;2.3055;Non-active;
02/08/2023;15:37:00;CC;286;discharge;Hanna;6158;0;0;falling;16:26:05;2355;335;334;1;0.4611;2.3055;Non-active;
02/08/2023;15:37:00;CC;286;discharge;Hanna;6158;0;0;falling;16:26:10;2360;335;334;1;0.4611;2.3055;Non-active;
02/08/2023;15:37:00;CC;286;discharge;Hanna;6158;0;0;falling;16:26:15;2365;335;334;1;0.4611;2.3055;Non-active;
02/08/2023;15:37:00;CC;286;discharge;Hanna;6158;0;0;falling;16:26:20;2370;335;334;1;0.4611;2.3055;Non-active;
02/08/2023;15:37:00;CC;286;discharge;Hanna;6158;0;0;falling;16:26:25;2375;335;334;1;0.4611;2.3055;Non-active;
02/08/2023;15:37:00;CC;286;discharge;Hanna;6158;0;0;falling;16:26:30;2380;335;334;1;0.4611;2.3055;Non-active;
02/08/2023;15:37:00;CC;286;discharge;Hanna;6158;0;0;falling;16:26:35;2385;335;334;1;0.4611;2.3055;Non-active;
02/08/2023;15:37:00;CC;286;discharge;Hanna;6158;0;0;falling;16:26:40;2390;335;334;1;0.4611;2.3055;Non-active;
02/08/2023;15:37:00;CC;286;discharge;Hanna;6158;0;0;falling;16:26:45;2395;335;334;1;0.4611;2.3055;Non-active;
02/08/2023;15:37:00;CC;286;discharge;Hanna;6158;0;0;falling;16:26:50;2400;335;334;1;0.4611;2.3055;Non-active;
02/08/2023;15:37:00;CC;286;discharge;Hanna;6158;0;0;falling;16:26:55;2405;335;334;1;0.4611;2.3055;Non-active;
02/08/2023;15:37:00;CC;286;discharge;Hanna;6158;0;0;falling;16:27:00;2410;335;334;1;0.4611;2.3055;Non-active;
02/08/2023;15:37:00;CC;286;discharge;Hanna;6158;0;0;falling;16:27:05;2415;335;334;1;0.4611;2.3055;Non-active;
02/08/2023;15:37:00;CC;286;discharge;Hanna;6158;0;0;falling;16:27:10;2420;335;334;1;0.4611;2.3055;Non-active;
02/08/2023;15:37:00;CC;286;discharge;Hanna;6158;0;0;falling;16:27:15;2425;335;334;1;0.4611;2.3055;Non-active;
02/08/2023;15:37:00;CC;286;discharge;Hanna;6158;0;0;falling;16:27:20;2430;335;334;1;0.4611;2.3055;Non-active;
02/08/2023;15:37:00;CC;286;discharge;Hanna;6158;0;0;falling;16:27:25;2435;335;334;1;0.4611;2.3055;Non-active;
02/08/2023;15:37:00;CC;286;discharge;Hanna;6158;0;0;falling;16:27:30;2440;335;334;1;0.4611;2.3055;Non-active;
02/08/2023;15:37:00;CC;286;discharge;Hanna;6158;0;0;falling;16:27:35;2445;335;334;1;0.4611;2.3055;Non-active;
02/08/2023;15:37:00;CC;286;discharge;Hanna;6158;0;0;falling;16:27:40;2450;335;334;1;0.4611;2.3055;Non-active;
02/08/2023;15:37:00;CC;286;discharge;Hanna;6158;0;0;falling;16:27:45;2455;335;334;1;0.4611;2.3055;Non-active;
02/08/2023;15:37:00;CC;286;discharge;Hanna;6158;0;0;falling;16:27:50;2460;335;334;1;0.4611;2.3055;Non-active;
02/08/2023;15:37:00;CC;286;discharge;Hanna;6158;0;0;falling;16:27:55;2465;335;334;1;0.4611;2.3055;Non-active;
02/08/2023;15:37:00;CC;286;discharge;Hanna;6158;0;0;falling;16:28:00;2470;335;334;1;0.4611;2.3055;Non-active;
02/08/2023;15:37:00;CC;286;discharge;Hanna;6158;0;0;falling;16:28:05;2475;335;334;1;0.4611;2.3055;Non-active;
02/08/2023;15:37:00;CC;286;discharge;Hanna;6158;0;0;falling;16:28:10;2480;335;334;1;0.4611;2.3055;Non-active;
02/08/2023;15:37:00;CC;286;discharge;Hanna;6158;0;0;falling;16:28:15;2485;335;334;1;0.4611;2.3055;Non-active;
02/08/2023;15:37:00;CC;286;discharge;Hanna;6158;0;0;falling;16:28:20;2490;335;334;1;0.4611;2.3055;Non-active;
02/08/2023;15:37:00;CC;286;discharge;Hanna;6158;0;0;falling;16:28:25;2495;335;334;1;0.4611;2.3055;Non-active;
02/08/2023;15:37:00;CC;286;discharge;Hanna;6158;0;0;falling;16:28:30;2500;335;334;1;0.4611;2.3055;Non-active;
02/08/2023;15:37:00;CC;286;discharge;Hanna;6158;0;0;falling;16:28:35;2505;335;334;1;0.4611;2.3055;Non-active;
02/08/2023;15:37:00;CC;286;discharge;Hanna;6158;0;0;falling;16:28:40;2510;335;334;1;0.4611;2.3055;Non-active;
02/08/2023;15:37:00;CC;286;discharge;Hanna;6158;0;0;falling;16:28:45;2515;335;334;1;0.4611;2.3055;Non-active;
02/08/2023;15:37:00;CC;286;discharge;Hanna;6158;0;0;falling;16:28:50;2520;334;334;0;0;0;Non-active;
02/08/2023;15:37:00;CC;286;discharge;Hanna;6158;0;0;falling;16:28:55;2525;335;334;1;0.4611;2.3055;Non-active;
02/08/2023;15:37:00;CC;286;discharge;Hanna;6158;0;0;falling;16:29:00;2530;335;334;1;0.4611;2.3055;Non-active;
02/08/2023;15:37:00;CC;286;discharge;Hanna;6158;0;0;falling;16:29:05;2535;335;334;1;0.4611;2.3055;Non-active;
02/08/2023;15:37:00;CC;286;discharge;Hanna;6158;0;0;falling;16:29:10;2540;335;334;1;0.4611;2.3055;Non-active;
02/08/2023;15:37:00;CC;286;discharge;Hanna;6158;0;0;falling;16:29:15;2545;335;334;1;0.4611;2.3055;Non-active;
02/08/2023;15:37:00;CC;286;discharge;Hanna;6158;0;0;falling;16:29:20;2550;335;334;1;0.4611;2.3055;Non-active;
02/08/2023;15:37:00;CC;286;discharge;Hanna;6158;0;0;falling;16:29:25;2555;335;334;1;0.4611;2.3055;Non-active;
02/08/2023;15:37:00;CC;286;discharge;Hanna;6158;0;0;falling;16:29:30;2560;335;334;1;0.4611;2.3055;Non-active;
02/08/2023;15:37:00;CC;286;discharge;Hanna;6158;0;0;falling;16:29:35;2565;335;334;1;0.4611;2.3055;Non-active;
02/08/2023;15:37:00;CC;286;discharge;Hanna;6158;0;0;falling;16:29:40;2570;335;334;1;0.4611;2.3055;Non-active;
02/08/2023;15:37:00;CC;286;discharge;Hanna;6158;0;0;falling;16:29:45;2575;334;334;0;0;0;Non-active;
02/08/2023;15:37:00;CC;286;discharge;Hanna;6158;0;0;falling;16:29:50;2580;335;334;1;0.4611;2.3055;Non-active;
02/08/2023;15:37:00;CC;286;discharge;Hanna;6158;0;0;falling;16:29:55;2585;335;334;1;0.4611;2.3055;Non-active;
02/08/2023;15:37:00;CC;286;discharge;Hanna;6158;0;0;falling;16:30:00;2590;335;334;1;0.4611;2.3055;Non-active;
02/08/2023;15:37:00;CC;286;discharge;Hanna;6158;0;0;falling;16:30:05;2595;335;334;1;0.4611;2.3055;Non-active;
02/08/2023;15:37:00;CC;286;discharge;Hanna;6158;0;0;falling;16:30:10;2600;334;334;0;0;0;Non-active;
02/08/2023;15:37:00;CC;286;discharge;Hanna;6158;0;0;falling;16:30:15;2605;334;334;0;0;0;Non-active;
02/08/2023;15:37:00;CC;286;discharge;Hanna;6158;0;0;falling;16:30:20;2610;334;334;0;0;0;Non-active;
02/08/2023;15:37:00;CC;286;discharge;Hanna;6158;0;0;falling;16:30:25;2615;334;334;0;0;0;Non-active;
02/08/2023;15:37:00;CC;286;discharge;Hanna;6158;0;0;falling;16:30:30;2620;334;334;0;0;0;Non-active;
02/08/2023;15:37:00;CC;286;discharge;Hanna;6158;0;0;falling;16:30:35;2625;334;334;0;0;0;Non-active;
02/08/2023;15:37:00;CC;286;discharge;Hanna;6158;0;0;falling;16:30:40;2630;335;334;1;0.4611;2.3055;Non-active;
02/08/2023;15:37:00;CC;286;discharge;Hanna;6158;0;0;falling;16:30:45;2635;335;334;1;0.4611;2.3055;Non-active;
02/08/2023;15:37:00;CC;286;discharge;Hanna;6158;0;0;falling;16:30:50;2640;335;334;1;0.4611;2.3055;Non-active;
02/08/2023;15:37:00;CC;286;discharge;Hanna;6158;0;0;falling;16:30:55;2645;335;334;1;0.4611;2.3055;Non-active;
02/08/2023;15:37:00;CC;286;discharge;Hanna;6158;0;0;falling;16:31:00;2650;335;334;1;0.4611;2.3055;Non-active;
02/08/2023;15:37:00;CC;286;discharge;Hanna;6158;0;0;falling;16:31:05;2655;335;334;1;0.4611;2.3055;Non-active;
02/08/2023;15:37:00;CC;286;discharge;Hanna;6158;0;0;falling;16:31:10;2660;335;334;1;0.4611;2.3055;Non-active;
02/08/2023;15:37:00;CC;286;discharge;Hanna;6158;0;0;falling;16:31:15;2665;335;334;1;0.4611;2.3055;Non-active;
02/08/2023;15:37:00;CC;286;discharge;Hanna;6158;0;0;falling;16:31:20;2670;334;334;0;0;0;Non-active;
02/08/2023;15:37:00;CC;286;discharge;Hanna;6158;0;0;falling;16:31:25;2675;335;334;1;0.4611;2.3055;Non-active;
02/08/2023;15:37:00;CC;286;discharge;Hanna;6158;0;0;falling;16:31:30;2680;335;334;1;0.4611;2.3055;Non-active;
02/08/2023;15:37:00;CC;286;discharge;Hanna;6158;0;0;falling;16:31:35;2685;334;334;0;0;0;Non-active;
02/08/2023;15:37:00;CC;286;discharge;Hanna;6158;0;0;falling;16:31:40;2690;334;334;0;0;0;Non-active;
02/08/2023;15:37:00;CC;286;discharge;Hanna;6158;0;0;falling;16:31:45;2695;335;334;1;0.4611;2.3055;Non-active;
02/08/2023;15:37:00;CC;286;discharge;Hanna;6158;0;0;falling;16:31:50;2700;334;334;0;0;0;Non-active;
02/08/2023;15:37:00;CC;286;discharge;Hanna;6158;0;0;falling;16:31:55;2705;335;334;1;0.4611;2.3055;Non-active;
02/08/2023;15:37:00;CC;286;discharge;Hanna;6158;0;0;falling;16:32:00;2710;335;334;1;0.4611;2.3055;Non-active;
02/08/2023;15:37:00;CC;286;discharge;Hanna;6158;0;0;falling;16:32:05;2715;335;334;1;0.4611;2.3055;Non-active;
02/08/2023;15:37:00;CC;286;discharge;Hanna;6158;0;0;falling;16:32:10;2720;335;334;1;0.4611;2.3055;Non-active;
02/08/2023;15:37:00;CC;286;discharge;Hanna;6158;0;0;falling;16:32:15;2725;335;334;1;0.4611;2.3055;Non-active;
02/08/2023;15:37:00;CC;286;discharge;Hanna;6158;0;0;falling;16:32:20;2730;335;334;1;0.4611;2.3055;Non-active;
02/08/2023;15:37:00;CC;286;discharge;Hanna;6158;0;0;falling;16:32:25;2735;335;334;1;0.4611;2.3055;Non-active;
02/08/2023;15:37:00;CC;286;discharge;Hanna;6158;0;0;falling;16:32:30;2740;335;334;1;0.4611;2.3055;Non-active;
02/08/2023;15:37:00;CC;286;discharge;Hanna;6158;0;0;falling;16:32:35;2745;335;334;1;0.4611;2.3055;Non-active;
02/08/2023;15:37:00;CC;286;discharge;Hanna;6158;0;0;falling;16:32:40;2750;335;334;1;0.4611;2.3055;Non-active;
02/08/2023;15:37:00;CC;286;discharge;Hanna;6158;0;0;falling;16:32:45;2755;335;334;1;0.4611;2.3055;Non-active;
02/08/2023;15:37:00;CC;286;discharge;Hanna;6158;0;0;falling;16:32:50;2760;334;334;0;0;0;Non-active;
02/08/2023;15:37:00;CC;286;discharge;Hanna;6158;0;0;falling;16:32:55;2765;334;334;0;0;0;Non-active;
02/08/2023;15:37:00;CC;286;discharge;Hanna;6158;0;0;falling;16:33:00;2770;334;334;0;0;0;Non-active;
02/08/2023;15:37:00;CC;286;discharge;Hanna;6158;0;0;falling;16:33:05;2775;334;334;0;0;0;Non-active;
02/08/2023;15:37:00;CC;286;discharge;Hanna;6158;0;0;falling;16:33:10;2780;334;334;0;0;0;Non-active;
02/08/2023;15:37:00;CC;286;discharge;Hanna;6158;0;0;falling;16:33:15;2785;334;334;0;0;0;Non-active;
02/08/2023;15:37:00;CC;286;discharge;Hanna;6158;0;0;falling;16:33:20;2790;334;334;0;0;0;Non-active;
10/08/2023;13:40:00;RC;340;discharge;HOBO_CondLogger;8400;0;0;release;13:40:00;0;415.5;415.5;0;0;0;Active;
10/08/2023;13:40:00;RC;340;discharge;HOBO_CondLogger;8400;0;0;release;13:40:10;10;415.5;415.5;0;0;0;Active;
10/08/2023;13:40:00;RC;340;discharge;HOBO_CondLogger;8400;0;0;release;13:40:20;20;415.5;415.5;0;0;0;Active;
10/08/2023;13:40:00;RC;340;discharge;HOBO_CondLogger;8400;0;0;release;13:40:30;30;415.5;415.5;0;0;0;Active;
10/08/2023;13:40:00;RC;340;discharge;HOBO_CondLogger;8400;0;0;release;13:40:40;40;415.5;415.5;0;0;0;Active;
10/08/2023;13:40:00;RC;340;discharge;HOBO_CondLogger;8400;0;0;release;13:40:50;50;415.5;415.5;0;0;0;Active;
10/08/2023;13:40:00;RC;340;discharge;HOBO_CondLogger;8400;0;0;release;13:41:00;60;415.5;415.5;0;0;0;Active;
10/08/2023;13:40:00;RC;340;discharge;HOBO_CondLogger;8400;0;0;release;13:41:10;70;415.5;415.5;0;0;0;Active;
10/08/2023;13:40:00;RC;340;discharge;HOBO_CondLogger;8400;0;0;release;13:41:20;80;415.5;415.5;0;0;0;Active;
10/08/2023;13:40:00;RC;340;discharge;HOBO_CondLogger;8400;0;0;release;13:41:30;90;415.5;415.5;0;0;0;Active;
10/08/2023;13:40:00;RC;340;discharge;HOBO_CondLogger;8400;0;0;release;13:41:40;100;415.5;415.5;0;0;0;Active;
10/08/2023;13:40:00;RC;340;discharge;HOBO_CondLogger;8400;0;0;release;13:41:50;110;415.5;415.5;0;0;0;Active;
10/08/2023;13:40:00;RC;340;discharge;HOBO_CondLogger;8400;0;0;release;13:42:00;120;415.5;415.5;0;0;0;Active;
10/08/2023;13:40:00;RC;340;discharge;HOBO_CondLogger;8400;0;0;release;13:42:10;130;415.5;415.5;0;0;0;Active;
10/08/2023;13:40:00;RC;340;discharge;HOBO_CondLogger;8400;0;0;release;13:42:20;140;415.5;415.5;0;0;0;Active;
10/08/2023;13:40:00;RC;340;discharge;HOBO_CondLogger;8400;0;0;release;13:42:30;150;415.5;415.5;0;0;0;Active;
10/08/2023;13:40:00;RC;340;discharge;HOBO_CondLogger;8400;0;0;release;13:42:40;160;415.5;415.5;0;0;0;Active;
10/08/2023;13:40:00;RC;340;discharge;HOBO_CondLogger;8400;0;0;release;13:42:50;170;415.5;415.5;0;0;0;Active;
10/08/2023;13:40:00;RC;340;discharge;HOBO_CondLogger;8400;0;0;release;13:43:00;180;415.5;415.5;0;0;0;Active;
10/08/2023;13:40:00;RC;340;discharge;HOBO_CondLogger;8400;0;0;release;13:43:10;190;415.5;415.5;0;0;0;Active;
10/08/2023;13:40:00;RC;340;discharge;HOBO_CondLogger;8400;0;0;release;13:43:20;200;415.5;415.5;0;0;0;Active;
10/08/2023;13:40:00;RC;340;discharge;HOBO_CondLogger;8400;0;0;release;13:43:30;210;415.5;415.5;0;0;0;Active;
10/08/2023;13:40:00;RC;340;discharge;HOBO_CondLogger;8400;0;0;release;13:43:40;220;415.5;415.5;0;0;0;Active;
10/08/2023;13:40:00;RC;340;discharge;HOBO_CondLogger;8400;0;0;release;13:43:50;230;415.5;415.5;0;0;0;Active;
10/08/2023;13:40:00;RC;340;discharge;HOBO_CondLogger;8400;0;0;release;13:44:00;240;415.5;415.5;0;0;0;Active;
10/08/2023;13:40:00;RC;340;discharge;HOBO_CondLogger;8400;0;0;release;13:44:10;250;415.5;415.5;0;0;0;Active;
10/08/2023;13:40:00;RC;340;discharge;HOBO_CondLogger;8400;0;0;release;13:44:20;260;415.5;415.5;0;0;0;Active;
10/08/2023;13:40:00;RC;340;discharge;HOBO_CondLogger;8400;0;0;release;13:44:30;270;415.5;415.5;0;0;0;Active;
10/08/2023;13:40:00;RC;340;discharge;HOBO_CondLogger;8400;0;0;release;13:44:40;280;415.5;415.5;0;0;0;Active;
10/08/2023;13:40:00;RC;340;discharge;HOBO_CondLogger;8400;0;0;release;13:44:50;290;415.5;415.5;0;0;0;Active;
10/08/2023;13:40:00;RC;340;discharge;HOBO_CondLogger;8400;0;0;release;13:45:00;300;415.5;415.5;0;0;0;Active;
10/08/2023;13:40:00;RC;340;discharge;HOBO_CondLogger;8400;0;0;release;13:45:10;310;415.5;415.5;0;0;0;Active;
10/08/2023;13:40:00;RC;340;discharge;HOBO_CondLogger;8400;0;0;release;13:45:20;320;415.5;415.5;0;0;0;Active;
10/08/2023;13:40:00;RC;340;discharge;HOBO_CondLogger;8400;0;0;release;13:45:30;330;415.5;415.5;0;0;0;Active;
10/08/2023;13:40:00;RC;340;discharge;HOBO_CondLogger;8400;0;0;release;13:45:40;340;415.5;415.5;0;0;0;Active;
10/08/2023;13:40:00;RC;340;discharge;HOBO_CondLogger;8400;0;0;release;13:45:50;350;415.5;415.5;0;0;0;Active;
10/08/2023;13:40:00;RC;340;discharge;HOBO_CondLogger;8400;0;0;release;13:46:00;360;415.5;415.5;0;0;0;Active;
10/08/2023;13:40:00;RC;340;discharge;HOBO_CondLogger;8400;0;0;release;13:46:10;370;415.5;415.5;0;0;0;Active;
10/08/2023;13:40:00;RC;340;discharge;HOBO_CondLogger;8400;0;0;release;13:46:20;380;415.5;415.5;0;0;0;Active;
10/08/2023;13:40:00;RC;340;discharge;HOBO_CondLogger;8400;0;0;release;13:46:30;390;415.5;415.5;0;0;0;Active;
10/08/2023;13:40:00;RC;340;discharge;HOBO_CondLogger;8400;0;0;release;13:46:40;400;415.5;415.5;0;0;0;Active;
10/08/2023;13:40:00;RC;340;discharge;HOBO_CondLogger;8400;0;0;release;13:46:50;410;415.5;415.5;0;0;0;Active;
10/08/2023;13:40:00;RC;340;discharge;HOBO_CondLogger;8400;0;0;release;13:47:00;420;415.5;415.5;0;0;0;Active;
10/08/2023;13:40:00;RC;340;discharge;HOBO_CondLogger;8400;0;0;release;13:47:10;430;415.5;415.5;0;0;0;Active;
10/08/2023;13:40:00;RC;340;discharge;HOBO_CondLogger;8400;0;0;release;13:47:20;440;415.5;415.5;0;0;0;Active;
10/08/2023;13:40:00;RC;340;discharge;HOBO_CondLogger;8400;0;0;release;13:47:30;450;415.5;415.5;0;0;0;Active;
10/08/2023;13:40:00;RC;340;discharge;HOBO_CondLogger;8400;0;0;release;13:47:40;460;415.5;415.5;0;0;0;Active;
10/08/2023;13:40:00;RC;340;discharge;HOBO_CondLogger;8400;0;0;release;13:47:50;470;415.5;415.5;0;0;0;Active;
10/08/2023;13:40:00;RC;340;discharge;HOBO_CondLogger;8400;0;0;release;13:48:00;480;415.5;415.5;0;0;0;Active;
10/08/2023;13:40:00;RC;340;discharge;HOBO_CondLogger;8400;0;0;release;13:48:10;490;415.5;415.5;0;0;0;Active;
10/08/2023;13:40:00;RC;340;discharge;HOBO_CondLogger;8400;0;0;release;13:48:20;500;415.5;415.5;0;0;0;Active;
10/08/2023;13:40:00;RC;340;discharge;HOBO_CondLogger;8400;0;0;release;13:48:30;510;415.5;415.5;0;0;0;Active;
10/08/2023;13:40:00;RC;340;discharge;HOBO_CondLogger;8400;0;0;release;13:48:40;520;415.5;415.5;0;0;0;Active;
10/08/2023;13:40:00;RC;340;discharge;HOBO_CondLogger;8400;0;0;release;13:48:50;530;415.5;415.5;0;0;0;Active;
10/08/2023;13:40:00;RC;340;discharge;HOBO_CondLogger;8400;0;0;release;13:49:00;540;415.5;415.5;0;0;0;Active;
10/08/2023;13:40:00;RC;340;discharge;HOBO_CondLogger;8400;0;0;release;13:49:10;550;415.5;415.5;0;0;0;Active;
10/08/2023;13:40:00;RC;340;discharge;HOBO_CondLogger;8400;0;0;release;13:49:20;560;415.5;415.5;0;0;0;Active;
10/08/2023;13:40:00;RC;340;discharge;HOBO_CondLogger;8400;0;0;release;13:49:30;570;415.5;415.5;0;0;0;Active;
10/08/2023;13:40:00;RC;340;discharge;HOBO_CondLogger;8400;0;0;release;13:49:40;580;415.5;415.5;0;0;0;Active;
10/08/2023;13:40:00;RC;340;discharge;HOBO_CondLogger;8400;0;0;release;13:49:50;590;415.5;415.5;0;0;0;Active;
10/08/2023;13:40:00;RC;340;discharge;HOBO_CondLogger;8400;0;0;release;13:50:00;600;415.5;415.5;0;0;0;Active;
10/08/2023;13:40:00;RC;340;discharge;HOBO_CondLogger;8400;0;0;release;13:50:10;610;415.5;415.5;0;0;0;Active;
10/08/2023;13:40:00;RC;340;discharge;HOBO_CondLogger;8400;0;0;release;13:50:20;620;415.5;415.5;0;0;0;Active;
10/08/2023;13:40:00;RC;340;discharge;HOBO_CondLogger;8400;0;0;release;13:50:30;630;415.5;415.5;0;0;0;Active;
10/08/2023;13:40:00;RC;340;discharge;HOBO_CondLogger;8400;0;0;release;13:50:40;640;415.5;415.5;0;0;0;Active;
10/08/2023;13:40:00;RC;340;discharge;HOBO_CondLogger;8400;0;0;release;13:50:50;650;415.5;415.5;0;0;0;Active;
10/08/2023;13:40:00;RC;340;discharge;HOBO_CondLogger;8400;0;0;release;13:51:00;660;415.5;415.5;0;0;0;Active;
10/08/2023;13:40:00;RC;340;discharge;HOBO_CondLogger;8400;0;0;release;13:51:10;670;415.5;415.5;0;0;0;Active;
10/08/2023;13:40:00;RC;340;discharge;HOBO_CondLogger;8400;0;0;release;13:51:20;680;415.5;415.5;0;0;0;Active;
10/08/2023;13:40:00;RC;340;discharge;HOBO_CondLogger;8400;0;0;release;13:51:30;690;415.5;415.5;0;0;0;Active;
10/08/2023;13:40:00;RC;340;discharge;HOBO_CondLogger;8400;0;0;release;13:51:40;700;415.5;415.5;0;0;0;Active;
10/08/2023;13:40:00;RC;340;discharge;HOBO_CondLogger;8400;0;0;release;13:51:50;710;415.5;415.5;0;0;0;Active;
10/08/2023;13:40:00;RC;340;discharge;HOBO_CondLogger;8400;0;0;release;13:52:00;720;415.5;415.5;0;0;0;Active;
10/08/2023;13:40:00;RC;340;discharge;HOBO_CondLogger;8400;0;0;release;13:52:10;730;415.5;415.5;0;0;0;Active;
10/08/2023;13:40:00;RC;340;discharge;HOBO_CondLogger;8400;0;0;release;13:52:20;740;415.5;415.5;0;0;0;Active;
10/08/2023;13:40:00;RC;340;discharge;HOBO_CondLogger;8400;0;0;release;13:52:30;750;415.5;415.5;0;0;0;Active;
10/08/2023;13:40:00;RC;340;discharge;HOBO_CondLogger;8400;0;0;release;13:52:40;760;415.5;415.5;0;0;0;Active;
10/08/2023;13:40:00;RC;340;discharge;HOBO_CondLogger;8400;0;0;release;13:52:50;770;415.5;415.5;0;0;0;Active;
10/08/2023;13:40:00;RC;340;discharge;HOBO_CondLogger;8400;0;0;release;13:53:00;780;415.5;415.5;0;0;0;Active;
10/08/2023;13:40:00;RC;340;discharge;HOBO_CondLogger;8400;0;0;release;13:53:10;790;415.5;415.5;0;0;0;Active;
10/08/2023;13:40:00;RC;340;discharge;HOBO_CondLogger;8400;0;0;release;13:53:20;800;415.5;415.5;0;0;0;Active;
10/08/2023;13:40:00;RC;340;discharge;HOBO_CondLogger;8400;0;0;release;13:53:30;810;415.5;415.5;0;0;0;Active;
10/08/2023;13:40:00;RC;340;discharge;HOBO_CondLogger;8400;0;0;release;13:53:40;820;415.5;415.5;0;0;0;Active;
10/08/2023;13:40:00;RC;340;discharge;HOBO_CondLogger;8400;0;0;release;13:53:50;830;415.5;415.5;0;0;0;Active;
10/08/2023;13:40:00;RC;340;discharge;HOBO_CondLogger;8400;0;0;release;13:54:00;840;415.5;415.5;0;0;0;Active;
10/08/2023;13:40:00;RC;340;discharge;HOBO_CondLogger;8400;0;0;release;13:54:10;850;415.5;415.5;0;0;0;Active;
10/08/2023;13:40:00;RC;340;discharge;HOBO_CondLogger;8400;0;0;release;13:54:20;860;415.5;415.5;0;0;0;Active;
10/08/2023;13:40:00;RC;340;discharge;HOBO_CondLogger;8400;0;0;release;13:54:30;870;415.5;415.5;0;0;0;Active;
10/08/2023;13:40:00;RC;340;discharge;HOBO_CondLogger;8400;0;0;release;13:54:40;880;415.5;415.5;0;0;0;Active;
10/08/2023;13:40:00;RC;340;discharge;HOBO_CondLogger;8400;0;0;release;13:54:50;890;415.5;415.5;0;0;0;Active;
10/08/2023;13:40:00;RC;340;discharge;HOBO_CondLogger;8400;0;0;release;13:55:00;900;415.5;415.5;0;0;0;Active;
10/08/2023;13:40:00;RC;340;discharge;HOBO_CondLogger;8400;0;0;release;13:55:10;910;415.5;415.5;0;0;0;Active;
10/08/2023;13:40:00;RC;340;discharge;HOBO_CondLogger;8400;0;0;release;13:55:20;920;415.5;415.5;0;0;0;Active;
10/08/2023;13:40:00;RC;340;discharge;HOBO_CondLogger;8400;0;0;release;13:55:30;930;415.5;415.5;0;0;0;Active;
10/08/2023;13:40:00;RC;340;discharge;HOBO_CondLogger;8400;0;0;release;13:55:40;940;415.5;415.5;0;0;0;Active;
10/08/2023;13:40:00;RC;340;discharge;HOBO_CondLogger;8400;0;0;release;13:55:50;950;415.5;415.5;0;0;0;Active;
10/08/2023;13:40:00;RC;340;discharge;HOBO_CondLogger;8400;0;0;release;13:56:00;960;415.5;415.5;0;0;0;Active;
10/08/2023;13:40:00;RC;340;discharge;HOBO_CondLogger;8400;0;0;release;13:56:10;970;415.5;415.5;0;0;0;Active;
10/08/2023;13:40:00;RC;340;discharge;HOBO_CondLogger;8400;0;0;release;13:56:20;980;415.5;415.5;0;0;0;Active;
10/08/2023;13:40:00;RC;340;discharge;HOBO_CondLogger;8400;0;0;release;13:56:30;990;415.5;415.5;0;0;0;Active;
10/08/2023;13:40:00;RC;340;discharge;HOBO_CondLogger;8400;0;0;release;13:56:40;1000;415.5;415.5;0;0;0;Active;
10/08/2023;13:40:00;RC;340;discharge;HOBO_CondLogger;8400;0;0;release;13:56:50;1010;415.5;415.5;0;0;0;Active;
10/08/2023;13:40:00;RC;340;discharge;HOBO_CondLogger;8400;0;0;release;13:57:00;1020;415.5;415.5;0;0;0;Active;
10/08/2023;13:40:00;RC;340;discharge;HOBO_CondLogger;8400;0;0;release;13:57:10;1030;415.5;415.5;0;0;0;Active;
10/08/2023;13:40:00;RC;340;discharge;HOBO_CondLogger;8400;0;0;release;13:57:20;1040;415.5;415.5;0;0;0;Active;
10/08/2023;13:40:00;RC;340;discharge;HOBO_CondLogger;8400;0;0;release;13:57:30;1050;415.5;415.5;0;0;0;Active;
10/08/2023;13:40:00;RC;340;discharge;HOBO_CondLogger;8400;0;0;release;13:57:40;1060;415.5;415.5;0;0;0;Active;
10/08/2023;13:40:00;RC;340;discharge;HOBO_CondLogger;8400;0;0;release;13:57:50;1070;415.5;415.5;0;0;0;Active;
10/08/2023;13:40:00;RC;340;discharge;HOBO_CondLogger;8400;0;0;release;13:58:00;1080;415.5;415.5;0;0;0;Active;
10/08/2023;13:40:00;RC;340;discharge;HOBO_CondLogger;8400;0;0;release;13:58:10;1090;415.5;415.5;0;0;0;Active;
10/08/2023;13:40:00;RC;340;discharge;HOBO_CondLogger;8400;0;0;release;13:58:20;1100;415.5;415.5;0;0;0;Active;
10/08/2023;13:40:00;RC;340;discharge;HOBO_CondLogger;8400;0;0;release;13:58:30;1110;415.5;415.5;0;0;0;Active;
10/08/2023;13:40:00;RC;340;discharge;HOBO_CondLogger;8400;0;0;release;13:58:40;1120;415.5;415.5;0;0;0;Active;
10/08/2023;13:40:00;RC;340;discharge;HOBO_CondLogger;8400;0;0;release;13:58:50;1130;415.5;415.5;0;0;0;Active;
10/08/2023;13:40:00;RC;340;discharge;HOBO_CondLogger;8400;0;0;release;13:59:00;1140;415.5;415.5;0;0;0;Active;
10/08/2023;13:40:00;RC;340;discharge;HOBO_CondLogger;8400;0;0;release;13:59:10;1150;415.5;415.5;0;0;0;Active;
10/08/2023;13:40:00;RC;340;discharge;HOBO_CondLogger;8400;0;0;release;13:59:20;1160;415.5;415.5;0;0;0;Active;
10/08/2023;13:40:00;RC;340;discharge;HOBO_CondLogger;8400;0;0;release;13:59:30;1170;415.5;415.5;0;0;0;Active;
10/08/2023;13:40:00;RC;340;discharge;HOBO_CondLogger;8400;0;0;release;13:59:40;1180;415.5;415.5;0;0;0;Active;
10/08/2023;13:40:00;RC;340;discharge;HOBO_CondLogger;8400;0;0;release;13:59:50;1190;415.5;415.5;0;0;0;Active;
10/08/2023;13:40:00;RC;340;discharge;HOBO_CondLogger;8400;0;0;release;14:00:00;1200;415.5;415.5;0;0;0;Active;
10/08/2023;13:40:00;RC;340;discharge;HOBO_CondLogger;8400;0;0;release;14:00:10;1210;415.5;415.5;0;0;0;Active;
10/08/2023;13:40:00;RC;340;discharge;HOBO_CondLogger;8400;0;0;release;14:00:20;1220;415.5;415.5;0;0;0;Active;
10/08/2023;13:40:00;RC;340;discharge;HOBO_CondLogger;8400;0;0;release;14:00:30;1230;415.5;415.5;0;0;0;Active;
10/08/2023;13:40:00;RC;340;discharge;HOBO_CondLogger;8400;0;0;release;14:00:40;1240;415.5;415.5;0;0;0;Active;
10/08/2023;13:40:00;RC;340;discharge;HOBO_CondLogger;8400;0;0;release;14:00:50;1250;415.5;415.5;0;0;0;Active;
10/08/2023;13:40:00;RC;340;discharge;HOBO_CondLogger;8400;0;0;release;14:01:00;1260;415.5;415.5;0;0;0;Active;
10/08/2023;13:40:00;RC;340;discharge;HOBO_CondLogger;8400;0;0;release;14:01:10;1270;415.5;415.5;0;0;0;Active;
10/08/2023;13:40:00;RC;340;discharge;HOBO_CondLogger;8400;0;0;release;14:01:20;1280;415.5;415.5;0;0;0;Active;
10/08/2023;13:40:00;RC;340;discharge;HOBO_CondLogger;8400;0;0;release;14:01:30;1290;415.5;415.5;0;0;0;Active;
10/08/2023;13:40:00;RC;340;discharge;HOBO_CondLogger;8400;0;0;release;14:01:40;1300;415.5;415.5;0;0;0;Active;
10/08/2023;13:40:00;RC;340;discharge;HOBO_CondLogger;8400;0;0;release;14:01:50;1310;415.5;415.5;0;0;0;Active;
10/08/2023;13:40:00;RC;340;discharge;HOBO_CondLogger;8400;0;0;release;14:02:00;1320;415.5;415.5;0;0;0;Active;
10/08/2023;13:40:00;RC;340;discharge;HOBO_CondLogger;8400;0;0;release;14:02:10;1330;415.5;415.5;0;0;0;Active;
10/08/2023;13:40:00;RC;340;discharge;HOBO_CondLogger;8400;0;0;release;14:02:20;1340;415.5;415.5;0;0;0;Active;
10/08/2023;13:40:00;RC;340;discharge;HOBO_CondLogger;8400;0;0;release;14:02:30;1350;415.5;415.5;0;0;0;Active;
10/08/2023;13:40:00;RC;340;discharge;HOBO_CondLogger;8400;0;0;release;14:02:40;1360;415.5;415.5;0;0;0;Active;
10/08/2023;13:40:00;RC;340;discharge;HOBO_CondLogger;8400;0;0;release;14:02:50;1370;415.5;415.5;0;0;0;Active;
10/08/2023;13:40:00;RC;340;discharge;HOBO_CondLogger;8400;0;0;release;14:03:00;1380;415.5;415.5;0;0;0;Active;
10/08/2023;13:40:00;RC;340;discharge;HOBO_CondLogger;8400;0;0;release;14:03:10;1390;415.5;415.5;0;0;0;Active;
10/08/2023;13:40:00;RC;340;discharge;HOBO_CondLogger;8400;0;0;release;14:03:20;1400;415.5;415.5;0;0;0;Active;
10/08/2023;13:40:00;RC;340;discharge;HOBO_CondLogger;8400;0;0;release;14:03:30;1410;415.5;415.5;0;0;0;Active;
10/08/2023;13:40:00;RC;340;discharge;HOBO_CondLogger;8400;0;0;release;14:03:40;1420;415.5;415.5;0;0;0;Active;
10/08/2023;13:40:00;RC;340;discharge;HOBO_CondLogger;8400;0;0;release;14:03:50;1430;415.5;415.5;0;0;0;Active;
10/08/2023;13:40:00;RC;340;discharge;HOBO_CondLogger;8400;0;0;release;14:04:00;1440;415.5;415.5;0;0;0;Active;
10/08/2023;13:40:00;RC;340;discharge;HOBO_CondLogger;8400;0;0;release;14:04:10;1450;415.5;415.5;0;0;0;Active;
10/08/2023;13:40:00;RC;340;discharge;HOBO_CondLogger;8400;0;0;release;14:04:20;1460;415.5;415.5;0;0;0;Active;
10/08/2023;13:40:00;RC;340;discharge;HOBO_CondLogger;8400;0;0;release;14:04:30;1470;415.5;415.5;0;0;0;Active;
10/08/2023;13:40:00;RC;340;discharge;HOBO_CondLogger;8400;0;0;release;14:04:40;1480;415.5;415.5;0;0;0;Active;
10/08/2023;13:40:00;RC;340;discharge;HOBO_CondLogger;8400;0;0;release;14:04:50;1490;415.5;415.5;0;0;0;Active;
10/08/2023;13:40:00;RC;340;discharge;HOBO_CondLogger;8400;0;0;release;14:05:00;1500;415.5;415.5;0;0;0;Active;
10/08/2023;13:40:00;RC;340;discharge;HOBO_CondLogger;8400;0;0;release;14:05:10;1510;415.5;415.5;0;0;0;Active;
10/08/2023;13:40:00;RC;340;discharge;HOBO_CondLogger;8400;0;0;release;14:05:20;1520;415.5;415.5;0;0;0;Active;
10/08/2023;13:40:00;RC;340;discharge;HOBO_CondLogger;8400;0;0;release;14:05:30;1530;415.5;415.5;0;0;0;Active;
10/08/2023;13:40:00;RC;340;discharge;HOBO_CondLogger;8400;0;0;release;14:05:40;1540;415.5;415.5;0;0;0;Active;
10/08/2023;13:40:00;RC;340;discharge;HOBO_CondLogger;8400;0;0;release;14:05:50;1550;415.5;415.5;0;0;0;Active;
10/08/2023;13:40:00;RC;340;discharge;HOBO_CondLogger;8400;0;0;release;14:06:00;1560;415.5;415.5;0;0;0;Active;
10/08/2023;13:40:00;RC;340;discharge;HOBO_CondLogger;8400;0;0;release;14:06:10;1570;415.5;415.5;0;0;0;Active;
10/08/2023;13:40:00;RC;340;discharge;HOBO_CondLogger;8400;0;0;release;14:06:20;1580;415.5;415.5;0;0;0;Active;
10/08/2023;13:40:00;RC;340;discharge;HOBO_CondLogger;8400;0;0;release;14:06:30;1590;415.5;415.5;0;0;0;Active;
10/08/2023;13:40:00;RC;340;discharge;HOBO_CondLogger;8400;0;0;release;14:06:40;1600;415.5;415.5;0;0;0;Active;
10/08/2023;13:40:00;RC;340;discharge;HOBO_CondLogger;8400;0;0;release;14:06:50;1610;415.5;415.5;0;0;0;Active;
10/08/2023;13:40:00;RC;340;discharge;HOBO_CondLogger;8400;0;0;rising;14:07:00;1620;415.7;415.5;0.2;0.09222;0.9222;Active;
10/08/2023;13:40:00;RC;340;discharge;HOBO_CondLogger;8400;0;0;rising;14:07:10;1630;416;415.5;0.5;0.23055;2.3055;Active;
10/08/2023;13:40:00;RC;340;discharge;HOBO_CondLogger;8400;0;0;rising;14:07:20;1640;416.4;415.5;0.9;0.41499;4.1499;Active;
10/08/2023;13:40:00;RC;340;discharge;HOBO_CondLogger;8400;0;0;rising;14:07:30;1650;416.4;415.5;0.9;0.41499;4.1499;Active;
10/08/2023;13:40:00;RC;340;discharge;HOBO_CondLogger;8400;0;0;rising;14:07:40;1660;416.8;415.5;1.3;0.59943;5.9943;Active;
10/08/2023;13:40:00;RC;340;discharge;HOBO_CondLogger;8400;0;0;rising;14:07:50;1670;417.9;415.5;2.4;1.10664;11.0664;Active;
10/08/2023;13:40:00;RC;340;discharge;HOBO_CondLogger;8400;0;0;rising;14:08:00;1680;418.7;415.5;3.2;1.47552;14.7552;Active;
10/08/2023;13:40:00;RC;340;discharge;HOBO_CondLogger;8400;0;0;rising;14:08:10;1690;419.4;415.5;3.9;1.79829;17.9829;Active;
10/08/2023;13:40:00;RC;340;discharge;HOBO_CondLogger;8400;0;0;rising;14:08:20;1700;420.2;415.5;4.7;2.16717;21.6717;Active;
10/08/2023;13:40:00;RC;340;discharge;HOBO_CondLogger;8400;0;0;rising;14:08:30;1710;420.2;415.5;4.7;2.16717;21.6717;Active;
10/08/2023;13:40:00;RC;340;discharge;HOBO_CondLogger;8400;0;0;rising;14:08:40;1720;421.7;415.5;6.2;2.85882;28.5882;Active;
10/08/2023;13:40:00;RC;340;discharge;HOBO_CondLogger;8400;0;0;rising;14:08:50;1730;422.5;415.5;7;3.2277;32.277;Active;
10/08/2023;13:40:00;RC;340;discharge;HOBO_CondLogger;8400;0;0;rising;14:09:00;1740;423.6;415.5;8.1;3.73491;37.3491;Active;
10/08/2023;13:40:00;RC;340;discharge;HOBO_CondLogger;8400;0;0;rising;14:09:10;1750;424.4;415.5;8.9;4.10379;41.0379;Active;
10/08/2023;13:40:00;RC;340;discharge;HOBO_CondLogger;8400;0;0;rising;14:09:20;1760;425.1;415.5;9.6;4.42656;44.2656;Active;
10/08/2023;13:40:00;RC;340;discharge;HOBO_CondLogger;8400;0;0;rising;14:09:30;1770;424.8;415.5;9.3;4.28823;42.8823;Active;
10/08/2023;13:40:00;RC;340;discharge;HOBO_CondLogger;8400;0;0;rising;14:09:40;1780;427;415.5;11.5;5.30265;53.0265;Active;
10/08/2023;13:40:00;RC;340;discharge;HOBO_CondLogger;8400;0;0;rising;14:09:50;1790;427.8;415.5;12.3;5.67153;56.7153;Active;
10/08/2023;13:40:00;RC;340;discharge;HOBO_CondLogger;8400;0;0;rising;14:10:00;1800;428.6;415.5;13.1;6.04041;60.4041;Active;
10/08/2023;13:40:00;RC;340;discharge;HOBO_CondLogger;8400;0;0;rising;14:10:10;1810;430.1;415.5;14.6;6.73206;67.3206;Active;
10/08/2023;13:40:00;RC;340;discharge;HOBO_CondLogger;8400;0;0;rising;14:10:20;1820;430.1;415.5;14.6;6.73206;67.3206;Active;
10/08/2023;13:40:00;RC;340;discharge;HOBO_CondLogger;8400;0;0;rising;14:10:30;1830;430.8;415.5;15.3;7.05483;70.5483;Active;
10/08/2023;13:40:00;RC;340;discharge;HOBO_CondLogger;8400;0;0;rising;14:10:40;1840;431.2;415.5;15.7;7.23927;72.3927;Active;
10/08/2023;13:40:00;RC;340;discharge;HOBO_CondLogger;8400;0;0;rising;14:10:50;1850;433.1;415.5;17.6;8.11536;81.1536;Active;
10/08/2023;13:40:00;RC;340;discharge;HOBO_CondLogger;8400;0;0;rising;14:11:00;1860;432.7;415.5;17.2;7.93092;79.3092;Active;
10/08/2023;13:40:00;RC;340;discharge;HOBO_CondLogger;8400;0;0;rising;14:11:10;1870;434.3;415.5;18.8;8.66868;86.6868;Active;
10/08/2023;13:40:00;RC;340;discharge;HOBO_CondLogger;8400;0;0;rising;14:11:20;1880;434.6;415.5;19.1;8.80701;88.0701;Active;
10/08/2023;13:40:00;RC;340;discharge;HOBO_CondLogger;8400;0;0;rising;14:11:30;1890;435;415.5;19.5;8.99145;89.9145;Active;
10/08/2023;13:40:00;RC;340;discharge;HOBO_CondLogger;8400;0;0;rising;14:11:40;1900;435.8;415.5;20.3;9.36033;93.6033;Active;
10/08/2023;13:40:00;RC;340;discharge;HOBO_CondLogger;8400;0;0;rising;14:11:50;1910;436.5;415.5;21;9.6831;96.831;Active;
10/08/2023;13:40:00;RC;340;discharge;HOBO_CondLogger;8400;0;0;rising;14:12:00;1920;436.9;415.5;21.4;9.86754;98.6754;Active;
10/08/2023;13:40:00;RC;340;discharge;HOBO_CondLogger;8400;0;0;rising;14:12:10;1930;437.3;415.5;21.8;10.05198;100.5198;Active;
10/08/2023;13:40:00;RC;340;discharge;HOBO_CondLogger;8400;0;0;rising;14:12:20;1940;437.3;415.5;21.8;10.05198;100.5198;Active;
10/08/2023;13:40:00;RC;340;discharge;HOBO_CondLogger;8400;0;0;rising;14:12:30;1950;437.7;415.5;22.2;10.23642;102.3642;Active;
10/08/2023;13:40:00;RC;340;discharge;HOBO_CondLogger;8400;0;0;rising;14:12:40;1960;438.4;415.5;22.9;10.55919;105.5919;Active;
10/08/2023;13:40:00;RC;340;discharge;HOBO_CondLogger;8400;0;0;rising;14:12:50;1970;439.2;415.5;23.7;10.92807;109.2807;Active;
10/08/2023;13:40:00;RC;340;discharge;HOBO_CondLogger;8400;0;0;rising;14:13:00;1980;439.6;415.5;24.1;11.11251;111.1251;Active;
10/08/2023;13:40:00;RC;340;discharge;HOBO_CondLogger;8400;0;0;rising;14:13:10;1990;439.6;415.5;24.1;11.11251;111.1251;Active;
10/08/2023;13:40:00;RC;340;discharge;HOBO_CondLogger;8400;0;0;rising;14:13:20;2000;441.1;415.5;25.6;11.80416;118.0416;Active;
10/08/2023;13:40:00;RC;340;discharge;HOBO_CondLogger;8400;0;0;rising;14:13:30;2010;440.7;415.5;25.2;11.61972;116.1972;Active;
10/08/2023;13:40:00;RC;340;discharge;HOBO_CondLogger;8400;0;0;rising;14:13:40;2020;441.1;415.5;25.6;11.80416;118.0416;Active;
10/08/2023;13:40:00;RC;340;discharge;HOBO_CondLogger;8400;0;0;rising;14:13:50;2030;441.5;415.5;26;11.9886;119.886;Active;
10/08/2023;13:40:00;RC;340;discharge;HOBO_CondLogger;8400;0;0;rising;14:14:00;2040;441.8;415.5;26.3;12.12693;121.2693;Active;
10/08/2023;13:40:00;RC;340;discharge;HOBO_CondLogger;8400;0;0;rising;14:14:10;2050;442.6;415.5;27.1;12.49581;124.9581;Active;
10/08/2023;13:40:00;RC;340;discharge;HOBO_CondLogger;8400;0;0;rising;14:14:20;2060;442.6;415.5;27.1;12.49581;124.9581;Active;
10/08/2023;13:40:00;RC;340;discharge;HOBO_CondLogger;8400;0;0;rising;14:14:30;2070;442.6;415.5;27.1;12.49581;124.9581;Active;
10/08/2023;13:40:00;RC;340;discharge;HOBO_CondLogger;8400;0;0;rising;14:14:40;2080;442.6;415.5;27.1;12.49581;124.9581;Active;
10/08/2023;13:40:00;RC;340;discharge;HOBO_CondLogger;8400;0;0;rising;14:14:50;2090;443.4;415.5;27.9;12.86469;128.6469;Active;
10/08/2023;13:40:00;RC;340;discharge;HOBO_CondLogger;8400;0;0;rising;14:15:00;2100;442.6;415.5;27.1;12.49581;124.9581;Active;
10/08/2023;13:40:00;RC;340;discharge;HOBO_CondLogger;8400;0;0;rising;14:15:10;2110;442.6;415.5;27.1;12.49581;124.9581;Active;
10/08/2023;13:40:00;RC;340;discharge;HOBO_CondLogger;8400;0;0;rising;14:15:20;2120;443.4;415.5;27.9;12.86469;128.6469;Active;
10/08/2023;13:40:00;RC;340;discharge;HOBO_CondLogger;8400;0;0;rising;14:15:30;2130;443.4;415.5;27.9;12.86469;128.6469;Active;
10/08/2023;13:40:00;RC;340;discharge;HOBO_CondLogger;8400;0;0;rising;14:15:40;2140;443.4;415.5;27.9;12.86469;128.6469;Active;
10/08/2023;13:40:00;RC;340;discharge;HOBO_CondLogger;8400;0;0;rising;14:15:50;2150;443.4;415.5;27.9;12.86469;128.6469;Active;
10/08/2023;13:40:00;RC;340;discharge;HOBO_CondLogger;8400;0;0;rising;14:16:00;2160;443;415.5;27.5;12.68025;126.8025;Active;
10/08/2023;13:40:00;RC;340;discharge;HOBO_CondLogger;8400;0;0;rising;14:16:10;2170;443.4;415.5;27.9;12.86469;128.6469;Active;
10/08/2023;13:40:00;RC;340;discharge;HOBO_CondLogger;8400;0;0;rising;14:16:20;2180;443.4;415.5;27.9;12.86469;128.6469;Active;
10/08/2023;13:40:00;RC;340;discharge;HOBO_CondLogger;8400;0;0;falling;14:16:30;2190;443;415.5;27.5;12.68025;126.8025;Active;
10/08/2023;13:40:00;RC;340;discharge;HOBO_CondLogger;8400;0;0;falling;14:16:40;2200;442.6;415.5;27.1;12.49581;124.9581;Active;
10/08/2023;13:40:00;RC;340;discharge;HOBO_CondLogger;8400;0;0;falling;14:16:50;2210;442.6;415.5;27.1;12.49581;124.9581;Active;
10/08/2023;13:40:00;RC;340;discharge;HOBO_CondLogger;8400;0;0;falling;14:17:00;2220;442.6;415.5;27.1;12.49581;124.9581;Active;
10/08/2023;13:40:00;RC;340;discharge;HOBO_CondLogger;8400;0;0;falling;14:17:10;2230;442.6;415.5;27.1;12.49581;124.9581;Active;
10/08/2023;13:40:00;RC;340;discharge;HOBO_CondLogger;8400;0;0;falling;14:17:20;2240;442.6;415.5;27.1;12.49581;124.9581;Active;
10/08/2023;13:40:00;RC;340;discharge;HOBO_CondLogger;8400;0;0;falling;14:17:30;2250;442.6;415.5;27.1;12.49581;124.9581;Active;
10/08/2023;13:40:00;RC;340;discharge;HOBO_CondLogger;8400;0;0;falling;14:17:40;2260;442.2;415.5;26.7;12.31137;123.1137;Active;
10/08/2023;13:40:00;RC;340;discharge;HOBO_CondLogger;8400;0;0;falling;14:17:50;2270;442.2;415.5;26.7;12.31137;123.1137;Active;
10/08/2023;13:40:00;RC;340;discharge;HOBO_CondLogger;8400;0;0;falling;14:18:00;2280;441.8;415.5;26.3;12.12693;121.2693;Active;
10/08/2023;13:40:00;RC;340;discharge;HOBO_CondLogger;8400;0;0;falling;14:18:10;2290;441.5;415.5;26;11.9886;119.886;Active;
10/08/2023;13:40:00;RC;340;discharge;HOBO_CondLogger;8400;0;0;falling;14:18:20;2300;441.4;415.5;25.9;11.94249;119.4249;Active;
10/08/2023;13:40:00;RC;340;discharge;HOBO_CondLogger;8400;0;0;falling;14:18:30;2310;441.1;415.5;25.6;11.80416;118.0416;Active;
10/08/2023;13:40:00;RC;340;discharge;HOBO_CondLogger;8400;0;0;falling;14:18:40;2320;440.7;415.5;25.2;11.61972;116.1972;Active;
10/08/2023;13:40:00;RC;340;discharge;HOBO_CondLogger;8400;0;0;falling;14:18:50;2330;440.7;415.5;25.2;11.61972;116.1972;Active;
10/08/2023;13:40:00;RC;340;discharge;HOBO_CondLogger;8400;0;0;falling;14:19:00;2340;440.7;415.5;25.2;11.61972;116.1972;Active;
10/08/2023;13:40:00;RC;340;discharge;HOBO_CondLogger;8400;0;0;falling;14:19:10;2350;440.7;415.5;25.2;11.61972;116.1972;Active;
10/08/2023;13:40:00;RC;340;discharge;HOBO_CondLogger;8400;0;0;falling;14:19:20;2360;440.3;415.5;24.8;11.43528;114.3528;Active;
10/08/2023;13:40:00;RC;340;discharge;HOBO_CondLogger;8400;0;0;falling;14:19:30;2370;439.5;415.5;24;11.0664;110.664;Active;
10/08/2023;13:40:00;RC;340;discharge;HOBO_CondLogger;8400;0;0;falling;14:19:40;2380;439.5;415.5;24;11.0664;110.664;Active;
10/08/2023;13:40:00;RC;340;discharge;HOBO_CondLogger;8400;0;0;falling;14:19:50;2390;439.2;415.5;23.7;10.92807;109.2807;Active;
10/08/2023;13:40:00;RC;340;discharge;HOBO_CondLogger;8400;0;0;falling;14:20:00;2400;439.2;415.5;23.7;10.92807;109.2807;Active;
10/08/2023;13:40:00;RC;340;discharge;HOBO_CondLogger;8400;0;0;falling;14:20:10;2410;438.8;415.5;23.3;10.74363;107.4363;Active;
10/08/2023;13:40:00;RC;340;discharge;HOBO_CondLogger;8400;0;0;falling;14:20:20;2420;438.4;415.5;22.9;10.55919;105.5919;Active;
10/08/2023;13:40:00;RC;340;discharge;HOBO_CondLogger;8400;0;0;falling;14:20:30;2430;438.4;415.5;22.9;10.55919;105.5919;Active;
10/08/2023;13:40:00;RC;340;discharge;HOBO_CondLogger;8400;0;0;falling;14:20:40;2440;438;415.5;22.5;10.37475;103.7475;Active;
10/08/2023;13:40:00;RC;340;discharge;HOBO_CondLogger;8400;0;0;falling;14:20:50;2450;437.6;415.5;22.1;10.19031;101.9031;Active;
10/08/2023;13:40:00;RC;340;discharge;HOBO_CondLogger;8400;0;0;falling;14:21:00;2460;437.3;415.5;21.8;10.05198;100.5198;Active;
10/08/2023;13:40:00;RC;340;discharge;HOBO_CondLogger;8400;0;0;falling;14:21:10;2470;437.3;415.5;21.8;10.05198;100.5198;Active;
10/08/2023;13:40:00;RC;340;discharge;HOBO_CondLogger;8400;0;0;falling;14:21:20;2480;437.3;415.5;21.8;10.05198;100.5198;Active;
10/08/2023;13:40:00;RC;340;discharge;HOBO_CondLogger;8400;0;0;falling;14:21:30;2490;436.9;415.5;21.4;9.86754;98.6754;Active;
10/08/2023;13:40:00;RC;340;discharge;HOBO_CondLogger;8400;0;0;falling;14:21:40;2500;436.5;415.5;21;9.6831;96.831;Active;
10/08/2023;13:40:00;RC;340;discharge;HOBO_CondLogger;8400;0;0;falling;14:21:50;2510;436.1;415.5;20.6;9.49866;94.9866;Active;
10/08/2023;13:40:00;RC;340;discharge;HOBO_CondLogger;8400;0;0;falling;14:22:00;2520;435.7;415.5;20.2;9.31422;93.1422;Active;
10/08/2023;13:40:00;RC;340;discharge;HOBO_CondLogger;8400;0;0;falling;14:22:10;2530;435.4;415.5;19.9;9.17589;91.7589;Active;
10/08/2023;13:40:00;RC;340;discharge;HOBO_CondLogger;8400;0;0;falling;14:22:20;2540;435.4;415.5;19.9;9.17589;91.7589;Active;
10/08/2023;13:40:00;RC;340;discharge;HOBO_CondLogger;8400;0;0;falling;14:22:30;2550;435.4;415.5;19.9;9.17589;91.7589;Active;
10/08/2023;13:40:00;RC;340;discharge;HOBO_CondLogger;8400;0;0;falling;14:22:40;2560;434.6;415.5;19.1;8.80701;88.0701;Active;
10/08/2023;13:40:00;RC;340;discharge;HOBO_CondLogger;8400;0;0;falling;14:22:50;2570;434.2;415.5;18.7;8.62257;86.2257;Active;
10/08/2023;13:40:00;RC;340;discharge;HOBO_CondLogger;8400;0;0;falling;14:23:00;2580;433.5;415.5;18;8.2998;82.998;Active;
10/08/2023;13:40:00;RC;340;discharge;HOBO_CondLogger;8400;0;0;falling;14:23:10;2590;433.8;415.5;18.3;8.43813;84.3813;Active;
10/08/2023;13:40:00;RC;340;discharge;HOBO_CondLogger;8400;0;0;falling;14:23:20;2600;433.1;415.5;17.6;8.11536;81.1536;Active;
10/08/2023;13:40:00;RC;340;discharge;HOBO_CondLogger;8400;0;0;falling;14:23:30;2610;433.1;415.5;17.6;8.11536;81.1536;Active;
10/08/2023;13:40:00;RC;340;discharge;HOBO_CondLogger;8400;0;0;falling;14:23:40;2620;432.7;415.5;17.2;7.93092;79.3092;Active;
10/08/2023;13:40:00;RC;340;discharge;HOBO_CondLogger;8400;0;0;falling;14:23:50;2630;432.3;415.5;16.8;7.74648;77.4648;Active;
10/08/2023;13:40:00;RC;340;discharge;HOBO_CondLogger;8400;0;0;falling;14:24:00;2640;432.3;415.5;16.8;7.74648;77.4648;Active;
10/08/2023;13:40:00;RC;340;discharge;HOBO_CondLogger;8400;0;0;falling;14:24:10;2650;431.9;415.5;16.4;7.56204;75.6204;Active;
10/08/2023;13:40:00;RC;340;discharge;HOBO_CondLogger;8400;0;0;falling;14:24:20;2660;431.6;415.5;16.1;7.42371;74.2371;Active;
10/08/2023;13:40:00;RC;340;discharge;HOBO_CondLogger;8400;0;0;falling;14:24:30;2670;431.2;415.5;15.7;7.23927;72.3927;Active;
10/08/2023;13:40:00;RC;340;discharge;HOBO_CondLogger;8400;0;0;falling;14:24:40;2680;430.8;415.5;15.3;7.05483;70.5483;Active;
10/08/2023;13:40:00;RC;340;discharge;HOBO_CondLogger;8400;0;0;falling;14:24:50;2690;430.8;415.5;15.3;7.05483;70.5483;Active;
10/08/2023;13:40:00;RC;340;discharge;HOBO_CondLogger;8400;0;0;falling;14:25:00;2700;430.8;415.5;15.3;7.05483;70.5483;Active;
10/08/2023;13:40:00;RC;340;discharge;HOBO_CondLogger;8400;0;0;falling;14:25:10;2710;430.4;415.5;14.9;6.87039;68.7039;Active;
10/08/2023;13:40:00;RC;340;discharge;HOBO_CondLogger;8400;0;0;falling;14:25:20;2720;430.4;415.5;14.9;6.87039;68.7039;Active;
10/08/2023;13:40:00;RC;340;discharge;HOBO_CondLogger;8400;0;0;falling;14:25:30;2730;430;415.5;14.5;6.68595;66.8595;Active;
10/08/2023;13:40:00;RC;340;discharge;HOBO_CondLogger;8400;0;0;falling;14:25:40;2740;429.3;415.5;13.8;6.36318;63.6318;Active;
10/08/2023;13:40:00;RC;340;discharge;HOBO_CondLogger;8400;0;0;falling;14:25:50;2750;429.3;415.5;13.8;6.36318;63.6318;Active;
10/08/2023;13:40:00;RC;340;discharge;HOBO_CondLogger;8400;0;0;falling;14:26:00;2760;428.9;415.5;13.4;6.17874;61.7874;Active;
10/08/2023;13:40:00;RC;340;discharge;HOBO_CondLogger;8400;0;0;falling;14:26:10;2770;428.9;415.5;13.4;6.17874;61.7874;Active;
10/08/2023;13:40:00;RC;340;discharge;HOBO_CondLogger;8400;0;0;falling;14:26:20;2780;428.9;415.5;13.4;6.17874;61.7874;Active;
10/08/2023;13:40:00;RC;340;discharge;HOBO_CondLogger;8400;0;0;falling;14:26:30;2790;428.1;415.5;12.6;5.80986;58.0986;Active;
10/08/2023;13:40:00;RC;340;discharge;HOBO_CondLogger;8400;0;0;falling;14:26:40;2800;428.1;415.5;12.6;5.80986;58.0986;Active;
10/08/2023;13:40:00;RC;340;discharge;HOBO_CondLogger;8400;0;0;falling;14:26:50;2810;428.1;415.5;12.6;5.80986;58.0986;Active;
10/08/2023;13:40:00;RC;340;discharge;HOBO_CondLogger;8400;0;0;falling;14:27:00;2820;428.1;415.5;12.6;5.80986;58.0986;Active;
10/08/2023;13:40:00;RC;340;discharge;HOBO_CondLogger;8400;0;0;falling;14:27:10;2830;427;415.5;11.5;5.30265;53.0265;Active;
10/08/2023;13:40:00;RC;340;discharge;HOBO_CondLogger;8400;0;0;falling;14:27:20;2840;427;415.5;11.5;5.30265;53.0265;Active;
10/08/2023;13:40:00;RC;340;discharge;HOBO_CondLogger;8400;0;0;falling;14:27:30;2850;427;415.5;11.5;5.30265;53.0265;Active;
10/08/2023;13:40:00;RC;340;discharge;HOBO_CondLogger;8400;0;0;falling;14:27:40;2860;426.6;415.5;11.1;5.11821;51.1821;Active;
10/08/2023;13:40:00;RC;340;discharge;HOBO_CondLogger;8400;0;0;falling;14:27:50;2870;426.6;415.5;11.1;5.11821;51.1821;Active;
10/08/2023;13:40:00;RC;340;discharge;HOBO_CondLogger;8400;0;0;falling;14:28:00;2880;426.6;415.5;11.1;5.11821;51.1821;Active;
10/08/2023;13:40:00;RC;340;discharge;HOBO_CondLogger;8400;0;0;falling;14:28:10;2890;426.2;415.5;10.7;4.93377;49.3377;Active;
10/08/2023;13:40:00;RC;340;discharge;HOBO_CondLogger;8400;0;0;falling;14:28:20;2900;425.8;415.5;10.3;4.74933;47.4933;Active;
10/08/2023;13:40:00;RC;340;discharge;HOBO_CondLogger;8400;0;0;falling;14:28:30;2910;425.8;415.5;10.3;4.74933;47.4933;Active;
10/08/2023;13:40:00;RC;340;discharge;HOBO_CondLogger;8400;0;0;falling;14:28:40;2920;425.8;415.5;10.3;4.74933;47.4933;Active;
10/08/2023;13:40:00;RC;340;discharge;HOBO_CondLogger;8400;0;0;falling;14:28:50;2930;425.1;415.5;9.6;4.42656;44.2656;Active;
10/08/2023;13:40:00;RC;340;discharge;HOBO_CondLogger;8400;0;0;falling;14:29:00;2940;424.7;415.5;9.2;4.24212;42.4212;Active;
10/08/2023;13:40:00;RC;340;discharge;HOBO_CondLogger;8400;0;0;falling;14:29:10;2950;424.7;415.5;9.2;4.24212;42.4212;Active;
10/08/2023;13:40:00;RC;340;discharge;HOBO_CondLogger;8400;0;0;falling;14:29:20;2960;424.7;415.5;9.2;4.24212;42.4212;Active;
10/08/2023;13:40:00;RC;340;discharge;HOBO_CondLogger;8400;0;0;falling;14:29:30;2970;424.7;415.5;9.2;4.24212;42.4212;Active;
10/08/2023;13:40:00;RC;340;discharge;HOBO_CondLogger;8400;0;0;falling;14:29:40;2980;424.7;415.5;9.2;4.24212;42.4212;Active;
10/08/2023;13:40:00;RC;340;discharge;HOBO_CondLogger;8400;0;0;falling;14:29:50;2990;424.3;415.5;8.8;4.05768;40.5768;Active;
10/08/2023;13:40:00;RC;340;discharge;HOBO_CondLogger;8400;0;0;falling;14:30:00;3000;424.3;415.5;8.8;4.05768;40.5768;Active;
10/08/2023;13:40:00;RC;340;discharge;HOBO_CondLogger;8400;0;0;falling;14:30:10;3010;423.9;415.5;8.4;3.87324;38.7324;Active;
10/08/2023;13:40:00;RC;340;discharge;HOBO_CondLogger;8400;0;0;falling;14:30:20;3020;423.9;415.5;8.4;3.87324;38.7324;Active;
10/08/2023;13:40:00;RC;340;discharge;HOBO_CondLogger;8400;0;0;falling;14:30:30;3030;423.9;415.5;8.4;3.87324;38.7324;Active;
10/08/2023;13:40:00;RC;340;discharge;HOBO_CondLogger;8400;0;0;falling;14:30:40;3040;423.6;415.5;8.1;3.73491;37.3491;Active;
10/08/2023;13:40:00;RC;340;discharge;HOBO_CondLogger;8400;0;0;falling;14:30:50;3050;423.6;415.5;8.1;3.73491;37.3491;Active;
10/08/2023;13:40:00;RC;340;discharge;HOBO_CondLogger;8400;0;0;falling;14:31:00;3060;422.8;415.5;7.3;3.36603;33.6603;Active;
10/08/2023;13:40:00;RC;340;discharge;HOBO_CondLogger;8400;0;0;falling;14:31:10;3070;423.2;415.5;7.7;3.55047;35.5047;Active;
10/08/2023;13:40:00;RC;340;discharge;HOBO_CondLogger;8400;0;0;falling;14:31:20;3080;423.2;415.5;7.7;3.55047;35.5047;Active;
10/08/2023;13:40:00;RC;340;discharge;HOBO_CondLogger;8400;0;0;falling;14:31:30;3090;422.8;415.5;7.3;3.36603;33.6603;Active;
10/08/2023;13:40:00;RC;340;discharge;HOBO_CondLogger;8400;0;0;falling;14:31:40;3100;423.2;415.5;7.7;3.55047;35.5047;Active;
10/08/2023;13:40:00;RC;340;discharge;HOBO_CondLogger;8400;0;0;falling;14:31:50;3110;422.8;415.5;7.3;3.36603;33.6603;Active;
10/08/2023;13:40:00;RC;340;discharge;HOBO_CondLogger;8400;0;0;falling;14:32:00;3120;422.8;415.5;7.3;3.36603;33.6603;Active;
10/08/2023;13:40:00;RC;340;discharge;HOBO_CondLogger;8400;0;0;falling;14:32:10;3130;422.8;415.5;7.3;3.36603;33.6603;Active;
10/08/2023;13:40:00;RC;340;discharge;HOBO_CondLogger;8400;0;0;falling;14:32:20;3140;422.4;415.5;6.9;3.18159;31.8159;Active;
10/08/2023;13:40:00;RC;340;discharge;HOBO_CondLogger;8400;0;0;falling;14:32:30;3150;422.4;415.5;6.9;3.18159;31.8159;Active;
10/08/2023;13:40:00;RC;340;discharge;HOBO_CondLogger;8400;0;0;falling;14:32:40;3160;421.7;415.5;6.2;2.85882;28.5882;Active;
10/08/2023;13:40:00;RC;340;discharge;HOBO_CondLogger;8400;0;0;falling;14:32:50;3170;421.6;415.5;6.1;2.81271;28.1271;Active;
10/08/2023;13:40:00;RC;340;discharge;HOBO_CondLogger;8400;0;0;falling;14:33:00;3180;421.6;415.5;6.1;2.81271;28.1271;Active;
10/08/2023;13:40:00;RC;340;discharge;HOBO_CondLogger;8400;0;0;falling;14:33:10;3190;421.6;415.5;6.1;2.81271;28.1271;Active;
10/08/2023;13:40:00;RC;340;discharge;HOBO_CondLogger;8400;0;0;falling;14:33:20;3200;421.6;415.5;6.1;2.81271;28.1271;Active;
10/08/2023;13:40:00;RC;340;discharge;HOBO_CondLogger;8400;0;0;falling;14:33:30;3210;421.6;415.5;6.1;2.81271;28.1271;Active;
10/08/2023;13:40:00;RC;340;discharge;HOBO_CondLogger;8400;0;0;falling;14:33:40;3220;421.6;415.5;6.1;2.81271;28.1271;Active;
10/08/2023;13:40:00;RC;340;discharge;HOBO_CondLogger;8400;0;0;falling;14:33:50;3230;421.6;415.5;6.1;2.81271;28.1271;Active;
10/08/2023;13:40:00;RC;340;discharge;HOBO_CondLogger;8400;0;0;falling;14:34:00;3240;421.3;415.5;5.8;2.67438;26.7438;Active;
10/08/2023;13:40:00;RC;340;discharge;HOBO_CondLogger;8400;0;0;falling;14:34:10;3250;421.3;415.5;5.8;2.67438;26.7438;Active;
10/08/2023;13:40:00;RC;340;discharge;HOBO_CondLogger;8400;0;0;falling;14:34:20;3260;420.9;415.5;5.4;2.48994;24.8994;Active;
10/08/2023;13:40:00;RC;340;discharge;HOBO_CondLogger;8400;0;0;falling;14:34:30;3270;420.9;415.5;5.4;2.48994;24.8994;Active;
10/08/2023;13:40:00;RC;340;discharge;HOBO_CondLogger;8400;0;0;falling;14:34:40;3280;421.3;415.5;5.8;2.67438;26.7438;Active;
10/08/2023;13:40:00;RC;340;discharge;HOBO_CondLogger;8400;0;0;falling;14:34:50;3290;420.9;415.5;5.4;2.48994;24.8994;Active;
10/08/2023;13:40:00;RC;340;discharge;HOBO_CondLogger;8400;0;0;falling;14:35:00;3300;420.9;415.5;5.4;2.48994;24.8994;Active;
10/08/2023;13:40:00;RC;340;discharge;HOBO_CondLogger;8400;0;0;falling;14:35:10;3310;420.9;415.5;5.4;2.48994;24.8994;Active;
10/08/2023;13:40:00;RC;340;discharge;HOBO_CondLogger;8400;0;0;falling;14:35:20;3320;420.5;415.5;5;2.3055;23.055;Active;
10/08/2023;13:40:00;RC;340;discharge;HOBO_CondLogger;8400;0;0;falling;14:35:30;3330;420.5;415.5;5;2.3055;23.055;Active;
10/08/2023;13:40:00;RC;340;discharge;HOBO_CondLogger;8400;0;0;falling;14:35:40;3340;420.1;415.5;4.6;2.12106;21.2106;Active;
10/08/2023;13:40:00;RC;340;discharge;HOBO_CondLogger;8400;0;0;falling;14:35:50;3350;420.5;415.5;5;2.3055;23.055;Active;
10/08/2023;13:40:00;RC;340;discharge;HOBO_CondLogger;8400;0;0;falling;14:36:00;3360;420.1;415.5;4.6;2.12106;21.2106;Active;
10/08/2023;13:40:00;RC;340;discharge;HOBO_CondLogger;8400;0;0;falling;14:36:10;3370;419.7;415.5;4.2;1.93662;19.3662;Active;
10/08/2023;13:40:00;RC;340;discharge;HOBO_CondLogger;8400;0;0;falling;14:36:20;3380;420.1;415.5;4.6;2.12106;21.2106;Active;
10/08/2023;13:40:00;RC;340;discharge;HOBO_CondLogger;8400;0;0;falling;14:36:30;3390;419.7;415.5;4.2;1.93662;19.3662;Active;
10/08/2023;13:40:00;RC;340;discharge;HOBO_CondLogger;8400;0;0;falling;14:36:40;3400;419.7;415.5;4.2;1.93662;19.3662;Active;
10/08/2023;13:40:00;RC;340;discharge;HOBO_CondLogger;8400;0;0;falling;14:36:50;3410;420.1;415.5;4.6;2.12106;21.2106;Active;
10/08/2023;13:40:00;RC;340;discharge;HOBO_CondLogger;8400;0;0;falling;14:37:00;3420;419.4;415.5;3.9;1.79829;17.9829;Active;
10/08/2023;13:40:00;RC;340;discharge;HOBO_CondLogger;8400;0;0;falling;14:37:10;3430;419.7;415.5;4.2;1.93662;19.3662;Active;
10/08/2023;13:40:00;RC;340;discharge;HOBO_CondLogger;8400;0;0;falling;14:37:20;3440;419.4;415.5;3.9;1.79829;17.9829;Active;
10/08/2023;13:40:00;RC;340;discharge;HOBO_CondLogger;8400;0;0;falling;14:37:30;3450;419.4;415.5;3.9;1.79829;17.9829;Active;
10/08/2023;13:40:00;RC;340;discharge;HOBO_CondLogger;8400;0;0;falling;14:37:40;3460;419.4;415.5;3.9;1.79829;17.9829;Active;
10/08/2023;13:40:00;RC;340;discharge;HOBO_CondLogger;8400;0;0;falling;14:37:50;3470;419.4;415.5;3.9;1.79829;17.9829;Active;
10/08/2023;13:40:00;RC;340;discharge;HOBO_CondLogger;8400;0;0;falling;14:38:00;3480;419.3;415.5;3.8;1.75218;17.5218;Active;
10/08/2023;13:40:00;RC;340;discharge;HOBO_CondLogger;8400;0;0;falling;14:38:10;3490;419.4;415.5;3.9;1.79829;17.9829;Active;
10/08/2023;13:40:00;RC;340;discharge;HOBO_CondLogger;8400;0;0;falling;14:38:20;3500;419.3;415.5;3.8;1.75218;17.5218;Active;
10/08/2023;13:40:00;RC;340;discharge;HOBO_CondLogger;8400;0;0;falling;14:38:30;3510;419.3;415.5;3.8;1.75218;17.5218;Active;
10/08/2023;13:40:00;RC;340;discharge;HOBO_CondLogger;8400;0;0;falling;14:38:40;3520;419;415.5;3.5;1.61385;16.1385;Active;
10/08/2023;13:40:00;RC;340;discharge;HOBO_CondLogger;8400;0;0;falling;14:38:50;3530;419;415.5;3.5;1.61385;16.1385;Active;
10/08/2023;13:40:00;RC;340;discharge;HOBO_CondLogger;8400;0;0;falling;14:39:00;3540;419;415.5;3.5;1.61385;16.1385;Active;
10/08/2023;13:40:00;RC;340;discharge;HOBO_CondLogger;8400;0;0;falling;14:39:10;3550;418.6;415.5;3.1;1.42941;14.2941;Active;
10/08/2023;13:40:00;RC;340;discharge;HOBO_CondLogger;8400;0;0;falling;14:39:20;3560;419;415.5;3.5;1.61385;16.1385;Active;
10/08/2023;13:40:00;RC;340;discharge;HOBO_CondLogger;8400;0;0;falling;14:39:30;3570;418.6;415.5;3.1;1.42941;14.2941;Active;
10/08/2023;13:40:00;RC;340;discharge;HOBO_CondLogger;8400;0;0;falling;14:39:40;3580;418.6;415.5;3.1;1.42941;14.2941;Active;
10/08/2023;13:40:00;RC;340;discharge;HOBO_CondLogger;8400;0;0;falling;14:39:50;3590;418.6;415.5;3.1;1.42941;14.2941;Active;
10/08/2023;13:40:00;RC;340;discharge;HOBO_CondLogger;8400;0;0;falling;14:40:00;3600;418.6;415.5;3.1;1.42941;14.2941;Active;
10/08/2023;13:40:00;RC;340;discharge;HOBO_CondLogger;8400;0;0;falling;14:40:10;3610;418.6;415.5;3.1;1.42941;14.2941;Active;
10/08/2023;13:40:00;RC;340;discharge;HOBO_CondLogger;8400;0;0;falling;14:40:20;3620;418.6;415.5;3.1;1.42941;14.2941;Active;
10/08/2023;13:40:00;RC;340;discharge;HOBO_CondLogger;8400;0;0;falling;14:40:30;3630;418.6;415.5;3.1;1.42941;14.2941;Active;
10/08/2023;13:40:00;RC;340;discharge;HOBO_CondLogger;8400;0;0;falling;14:40:40;3640;418.2;415.5;2.7;1.24497;12.4497;Active;
10/08/2023;13:40:00;RC;340;discharge;HOBO_CondLogger;8400;0;0;falling;14:40:50;3650;418.2;415.5;2.7;1.24497;12.4497;Active;
10/08/2023;13:40:00;RC;340;discharge;HOBO_CondLogger;8400;0;0;falling;14:41:00;3660;418.6;415.5;3.1;1.42941;14.2941;Active;
10/08/2023;13:40:00;RC;340;discharge;HOBO_CondLogger;8400;0;0;falling;14:41:10;3670;418.2;415.5;2.7;1.24497;12.4497;Active;
10/08/2023;13:40:00;RC;340;discharge;HOBO_CondLogger;8400;0;0;falling;14:41:20;3680;417.8;415.5;2.3;1.06053;10.6053;Active;
10/08/2023;13:40:00;RC;340;discharge;HOBO_CondLogger;8400;0;0;falling;14:41:30;3690;418.2;415.5;2.7;1.24497;12.4497;Active;
10/08/2023;13:40:00;RC;340;discharge;HOBO_CondLogger;8400;0;0;falling;14:41:40;3700;418.2;415.5;2.7;1.24497;12.4497;Active;
10/08/2023;13:40:00;RC;340;discharge;HOBO_CondLogger;8400;0;0;falling;14:41:50;3710;418.2;415.5;2.7;1.24497;12.4497;Active;
10/08/2023;13:40:00;RC;340;discharge;HOBO_CondLogger;8400;0;0;falling;14:42:00;3720;418.2;415.5;2.7;1.24497;12.4497;Active;
10/08/2023;13:40:00;RC;340;discharge;HOBO_CondLogger;8400;0;0;falling;14:42:10;3730;418.2;415.5;2.7;1.24497;12.4497;Active;
10/08/2023;13:40:00;RC;340;discharge;HOBO_CondLogger;8400;0;0;falling;14:42:20;3740;418.2;415.5;2.7;1.24497;12.4497;Active;
10/08/2023;13:40:00;RC;340;discharge;HOBO_CondLogger;8400;0;0;falling;14:42:30;3750;417.4;415.5;1.9;0.87609;8.7609;Active;
10/08/2023;13:40:00;RC;340;discharge;HOBO_CondLogger;8400;0;0;falling;14:42:40;3760;418.2;415.5;2.7;1.24497;12.4497;Active;
10/08/2023;13:40:00;RC;340;discharge;HOBO_CondLogger;8400;0;0;falling;14:42:50;3770;417.8;415.5;2.3;1.06053;10.6053;Active;
10/08/2023;13:40:00;RC;340;discharge;HOBO_CondLogger;8400;0;0;falling;14:43:00;3780;417.8;415.5;2.3;1.06053;10.6053;Active;
10/08/2023;13:40:00;RC;340;discharge;HOBO_CondLogger;8400;0;0;falling;14:43:10;3790;417.4;415.5;1.9;0.87609;8.7609;Active;
10/08/2023;13:40:00;RC;340;discharge;HOBO_CondLogger;8400;0;0;falling;14:43:20;3800;417.8;415.5;2.3;1.06053;10.6053;Active;
10/08/2023;13:40:00;RC;340;discharge;HOBO_CondLogger;8400;0;0;falling;14:43:30;3810;417.4;415.5;1.9;0.87609;8.7609;Active;
10/08/2023;13:40:00;RC;340;discharge;HOBO_CondLogger;8400;0;0;falling;14:43:40;3820;417.8;415.5;2.3;1.06053;10.6053;Active;
10/08/2023;13:40:00;RC;340;discharge;HOBO_CondLogger;8400;0;0;falling;14:43:50;3830;417.4;415.5;1.9;0.87609;8.7609;Active;
10/08/2023;13:40:00;RC;340;discharge;HOBO_CondLogger;8400;0;0;falling;14:44:00;3840;417.4;415.5;1.9;0.87609;8.7609;Active;
10/08/2023;13:40:00;RC;340;discharge;HOBO_CondLogger;8400;0;0;falling;14:44:10;3850;417.4;415.5;1.9;0.87609;8.7609;Active;
10/08/2023;13:40:00;RC;340;discharge;HOBO_CondLogger;8400;0;0;falling;14:44:20;3860;417.4;415.5;1.9;0.87609;8.7609;Active;
10/08/2023;13:40:00;RC;340;discharge;HOBO_CondLogger;8400;0;0;falling;14:44:30;3870;417.4;415.5;1.9;0.87609;8.7609;Active;
10/08/2023;13:40:00;RC;340;discharge;HOBO_CondLogger;8400;0;0;falling;14:44:40;3880;417.4;415.5;1.9;0.87609;8.7609;Active;
10/08/2023;13:40:00;RC;340;discharge;HOBO_CondLogger;8400;0;0;falling;14:44:50;3890;417.4;415.5;1.9;0.87609;8.7609;Active;
10/08/2023;13:40:00;RC;340;discharge;HOBO_CondLogger;8400;0;0;falling;14:45:00;3900;417.4;415.5;1.9;0.87609;8.7609;Active;
10/08/2023;13:40:00;RC;340;discharge;HOBO_CondLogger;8400;0;0;falling;14:45:10;3910;417.4;415.5;1.9;0.87609;8.7609;Active;
10/08/2023;13:40:00;RC;340;discharge;HOBO_CondLogger;8400;0;0;falling;14:45:20;3920;417.4;415.5;1.9;0.87609;8.7609;Active;
10/08/2023;13:40:00;RC;340;discharge;HOBO_CondLogger;8400;0;0;falling;14:45:30;3930;417.4;415.5;1.9;0.87609;8.7609;Active;
10/08/2023;13:40:00;RC;340;discharge;HOBO_CondLogger;8400;0;0;falling;14:45:40;3940;417.4;415.5;1.9;0.87609;8.7609;Active;
10/08/2023;13:40:00;RC;340;discharge;HOBO_CondLogger;8400;0;0;falling;14:45:50;3950;417.4;415.5;1.9;0.87609;8.7609;Active;
10/08/2023;13:40:00;RC;340;discharge;HOBO_CondLogger;8400;0;0;falling;14:46:00;3960;417.4;415.5;1.9;0.87609;8.7609;Active;
10/08/2023;13:40:00;RC;340;discharge;HOBO_CondLogger;8400;0;0;falling;14:46:10;3970;417.4;415.5;1.9;0.87609;8.7609;Active;
10/08/2023;13:40:00;RC;340;discharge;HOBO_CondLogger;8400;0;0;falling;14:46:20;3980;417.4;415.5;1.9;0.87609;8.7609;Active;
10/08/2023;13:40:00;RC;340;discharge;HOBO_CondLogger;8400;0;0;falling;14:46:30;3990;417.1;415.5;1.6;0.73776;7.3776;Active;
10/08/2023;13:40:00;RC;340;discharge;HOBO_CondLogger;8400;0;0;falling;14:46:40;4000;417.4;415.5;1.9;0.87609;8.7609;Active;
10/08/2023;13:40:00;RC;340;discharge;HOBO_CondLogger;8400;0;0;falling;14:46:50;4010;417.4;415.5;1.9;0.87609;8.7609;Active;
10/08/2023;13:40:00;RC;340;discharge;HOBO_CondLogger;8400;0;0;falling;14:47:00;4020;417.4;415.5;1.9;0.87609;8.7609;Active;
10/08/2023;13:40:00;RC;340;discharge;HOBO_CondLogger;8400;0;0;falling;14:47:10;4030;417.4;415.5;1.9;0.87609;8.7609;Active;
10/08/2023;13:40:00;RC;340;discharge;HOBO_CondLogger;8400;0;0;falling;14:47:20;4040;416.7;415.5;1.2;0.55332;5.5332;Active;
10/08/2023;13:40:00;RC;340;discharge;HOBO_CondLogger;8400;0;0;falling;14:47:30;4050;417.4;415.5;1.9;0.87609;8.7609;Active;
10/08/2023;13:40:00;RC;340;discharge;HOBO_CondLogger;8400;0;0;falling;14:47:40;4060;417.4;415.5;1.9;0.87609;8.7609;Active;
10/08/2023;13:40:00;RC;340;discharge;HOBO_CondLogger;8400;0;0;falling;14:47:50;4070;417.1;415.5;1.6;0.73776;7.3776;Active;
10/08/2023;13:40:00;RC;340;discharge;HOBO_CondLogger;8400;0;0;falling;14:48:00;4080;417.4;415.5;1.9;0.87609;8.7609;Active;
10/08/2023;13:40:00;RC;340;discharge;HOBO_CondLogger;8400;0;0;falling;14:48:10;4090;417;415.5;1.5;0.69165;6.9165;Active;
10/08/2023;13:40:00;RC;340;discharge;HOBO_CondLogger;8400;0;0;falling;14:48:20;4100;417;415.5;1.5;0.69165;6.9165;Active;
10/08/2023;13:40:00;RC;340;discharge;HOBO_CondLogger;8400;0;0;falling;14:48:30;4110;417;415.5;1.5;0.69165;6.9165;Active;
10/08/2023;13:40:00;RC;340;discharge;HOBO_CondLogger;8400;0;0;falling;14:48:40;4120;417;415.5;1.5;0.69165;6.9165;Active;
10/08/2023;13:40:00;RC;340;discharge;HOBO_CondLogger;8400;0;0;falling;14:48:50;4130;417.4;415.5;1.9;0.87609;8.7609;Active;
10/08/2023;13:40:00;RC;340;discharge;HOBO_CondLogger;8400;0;0;falling;14:49:00;4140;416.7;415.5;1.2;0.55332;5.5332;Active;
10/08/2023;13:40:00;RC;340;discharge;HOBO_CondLogger;8400;0;0;falling;14:49:10;4150;417;415.5;1.5;0.69165;6.9165;Active;
10/08/2023;13:40:00;RC;340;discharge;HOBO_CondLogger;8400;0;0;falling;14:49:20;4160;416.7;415.5;1.2;0.55332;5.5332;Active;
10/08/2023;13:40:00;RC;340;discharge;HOBO_CondLogger;8400;0;0;falling;14:49:30;4170;416.7;415.5;1.2;0.55332;5.5332;Active;
10/08/2023;13:40:00;RC;340;discharge;HOBO_CondLogger;8400;0;0;falling;14:49:40;4180;417;415.5;1.5;0.69165;6.9165;Active;
10/08/2023;13:40:00;RC;340;discharge;HOBO_CondLogger;8400;0;0;falling;14:49:50;4190;416.7;415.5;1.2;0.55332;5.5332;Active;
10/08/2023;13:40:00;RC;340;discharge;HOBO_CondLogger;8400;0;0;falling;14:50:00;4200;416.7;415.5;1.2;0.55332;5.5332;Active;
10/08/2023;13:40:00;RC;340;discharge;HOBO_CondLogger;8400;0;0;falling;14:50:10;4210;416.7;415.5;1.2;0.55332;5.5332;Active;
10/08/2023;13:40:00;RC;340;discharge;HOBO_CondLogger;8400;0;0;falling;14:50:20;4220;416.7;415.5;1.2;0.55332;5.5332;Active;
10/08/2023;13:40:00;RC;340;discharge;HOBO_CondLogger;8400;0;0;falling;14:50:30;4230;416.7;415.5;1.2;0.55332;5.5332;Active;
10/08/2023;13:40:00;RC;340;discharge;HOBO_CondLogger;8400;0;0;falling;14:50:40;4240;416.7;415.5;1.2;0.55332;5.5332;Active;
10/08/2023;13:40:00;RC;340;discharge;HOBO_CondLogger;8400;0;0;falling;14:50:50;4250;416.7;415.5;1.2;0.55332;5.5332;Active;
10/08/2023;13:40:00;RC;340;discharge;HOBO_CondLogger;8400;0;0;falling;14:51:00;4260;416.7;415.5;1.2;0.55332;5.5332;Active;
10/08/2023;13:40:00;RC;340;discharge;HOBO_CondLogger;8400;0;0;falling;14:51:10;4270;416.7;415.5;1.2;0.55332;5.5332;Active;
10/08/2023;13:40:00;RC;340;discharge;HOBO_CondLogger;8400;0;0;falling;14:51:20;4280;416.7;415.5;1.2;0.55332;5.5332;Active;
10/08/2023;13:40:00;RC;340;discharge;HOBO_CondLogger;8400;0;0;falling;14:51:30;4290;416.3;415.5;0.8;0.36888;3.6888;Active;
10/08/2023;13:40:00;RC;340;discharge;HOBO_CondLogger;8400;0;0;falling;14:51:40;4300;416.7;415.5;1.2;0.55332;5.5332;Active;
10/08/2023;13:40:00;RC;340;discharge;HOBO_CondLogger;8400;0;0;falling;14:51:50;4310;416.7;415.5;1.2;0.55332;5.5332;Active;
10/08/2023;13:40:00;RC;340;discharge;HOBO_CondLogger;8400;0;0;falling;14:52:00;4320;416.7;415.5;1.2;0.55332;5.5332;Active;
10/08/2023;13:40:00;RC;340;discharge;HOBO_CondLogger;8400;0;0;falling;14:52:10;4330;416.7;415.5;1.2;0.55332;5.5332;Active;
10/08/2023;13:40:00;RC;340;discharge;HOBO_CondLogger;8400;0;0;falling;14:52:20;4340;416.7;415.5;1.2;0.55332;5.5332;Active;
10/08/2023;13:40:00;RC;340;discharge;HOBO_CondLogger;8400;0;0;falling;14:52:30;4350;416.7;415.5;1.2;0.55332;5.5332;Active;
10/08/2023;13:40:00;RC;340;discharge;HOBO_CondLogger;8400;0;0;falling;14:52:40;4360;416.7;415.5;1.2;0.55332;5.5332;Active;
10/08/2023;13:40:00;RC;340;discharge;HOBO_CondLogger;8400;0;0;falling;14:52:50;4370;416.3;415.5;0.8;0.36888;3.6888;Active;
10/08/2023;13:40:00;RC;340;discharge;HOBO_CondLogger;8400;0;0;falling;14:53:00;4380;416.7;415.5;1.2;0.55332;5.5332;Active;
10/08/2023;13:40:00;RC;340;discharge;HOBO_CondLogger;8400;0;0;falling;14:53:10;4390;416.7;415.5;1.2;0.55332;5.5332;Active;
10/08/2023;13:40:00;RC;340;discharge;HOBO_CondLogger;8400;0;0;falling;14:53:20;4400;416.3;415.5;0.8;0.36888;3.6888;Active;
10/08/2023;13:40:00;RC;340;discharge;HOBO_CondLogger;8400;0;0;falling;14:53:30;4410;416.3;415.5;0.8;0.36888;3.6888;Active;
10/08/2023;13:40:00;RC;340;discharge;HOBO_CondLogger;8400;0;0;falling;14:53:40;4420;416.7;415.5;1.2;0.55332;5.5332;Active;
10/08/2023;13:40:00;RC;340;discharge;HOBO_CondLogger;8400;0;0;falling;14:53:50;4430;416.3;415.5;0.8;0.36888;3.6888;Active;
10/08/2023;13:40:00;RC;340;discharge;HOBO_CondLogger;8400;0;0;falling;14:54:00;4440;416.7;415.5;1.2;0.55332;5.5332;Active;
10/08/2023;13:40:00;RC;340;discharge;HOBO_CondLogger;8400;0;0;falling;14:54:10;4450;416.7;415.5;1.2;0.55332;5.5332;Active;
10/08/2023;13:40:00;RC;340;discharge;HOBO_CondLogger;8400;0;0;falling;14:54:20;4460;416.7;415.5;1.2;0.55332;5.5332;Active;
10/08/2023;13:40:00;RC;340;discharge;HOBO_CondLogger;8400;0;0;falling;14:54:30;4470;416.7;415.5;1.2;0.55332;5.5332;Active;
10/08/2023;13:40:00;RC;340;discharge;HOBO_CondLogger;8400;0;0;falling;14:54:40;4480;416.7;415.5;1.2;0.55332;5.5332;Active;
10/08/2023;13:40:00;RC;340;discharge;HOBO_CondLogger;8400;0;0;falling;14:54:50;4490;416.7;415.5;1.2;0.55332;5.5332;Active;
10/08/2023;13:40:00;RC;340;discharge;HOBO_CondLogger;8400;0;0;falling;14:55:00;4500;416.7;415.5;1.2;0.55332;5.5332;Active;
10/08/2023;13:40:00;RC;340;discharge;HOBO_CondLogger;8400;0;0;falling;14:55:10;4510;416.3;415.5;0.8;0.36888;3.6888;Active;
10/08/2023;13:40:00;RC;340;discharge;HOBO_CondLogger;8400;0;0;falling;14:55:20;4520;416.3;415.5;0.8;0.36888;3.6888;Active;
10/08/2023;13:40:00;RC;340;discharge;HOBO_CondLogger;8400;0;0;falling;14:55:30;4530;416.7;415.5;1.2;0.55332;5.5332;Active;
10/08/2023;13:40:00;RC;340;discharge;HOBO_CondLogger;8400;0;0;falling;14:55:40;4540;416.3;415.5;0.8;0.36888;3.6888;Active;
10/08/2023;13:40:00;RC;340;discharge;HOBO_CondLogger;8400;0;0;falling;14:55:50;4550;416.3;415.5;0.8;0.36888;3.6888;Active;
10/08/2023;13:40:00;RC;340;discharge;HOBO_CondLogger;8400;0;0;falling;14:56:00;4560;416.6;415.5;1.1;0.50721;5.0721;Active;
10/08/2023;13:40:00;RC;340;discharge;HOBO_CondLogger;8400;0;0;falling;14:56:10;4570;416.6;415.5;1.1;0.50721;5.0721;Active;
10/08/2023;13:40:00;RC;340;discharge;HOBO_CondLogger;8400;0;0;falling;14:56:20;4580;416.6;415.5;1.1;0.50721;5.0721;Active;
10/08/2023;13:40:00;RC;340;discharge;HOBO_CondLogger;8400;0;0;falling;14:56:30;4590;416.3;415.5;0.8;0.36888;3.6888;Active;
10/08/2023;13:40:00;RC;340;discharge;HOBO_CondLogger;8400;0;0;falling;14:56:40;4600;416.6;415.5;1.1;0.50721;5.0721;Active;
10/08/2023;13:40:00;RC;340;discharge;HOBO_CondLogger;8400;0;0;falling;14:56:50;4610;416.3;415.5;0.8;0.36888;3.6888;Active;
10/08/2023;13:40:00;RC;340;discharge;HOBO_CondLogger;8400;0;0;falling;14:57:00;4620;416.3;415.5;0.8;0.36888;3.6888;Active;
10/08/2023;13:40:00;RC;340;discharge;HOBO_CondLogger;8400;0;0;falling;14:57:10;4630;416.6;415.5;1.1;0.50721;5.0721;Active;
10/08/2023;13:40:00;RC;340;discharge;HOBO_CondLogger;8400;0;0;falling;14:57:20;4640;416.3;415.5;0.8;0.36888;3.6888;Active;
10/08/2023;13:40:00;RC;340;discharge;HOBO_CondLogger;8400;0;0;falling;14:57:30;4650;416.6;415.5;1.1;0.50721;5.0721;Active;
10/08/2023;13:40:00;RC;340;discharge;HOBO_CondLogger;8400;0;0;falling;14:57:40;4660;416.3;415.5;0.8;0.36888;3.6888;Active;
10/08/2023;13:40:00;RC;340;discharge;HOBO_CondLogger;8400;0;0;falling;14:57:50;4670;416.3;415.5;0.8;0.36888;3.6888;Active;
10/08/2023;13:40:00;RC;340;discharge;HOBO_CondLogger;8400;0;0;falling;14:58:00;4680;416.3;415.5;0.8;0.36888;3.6888;Active;
10/08/2023;13:40:00;RC;340;discharge;HOBO_CondLogger;8400;0;0;falling;14:58:10;4690;416.3;415.5;0.8;0.36888;3.6888;Active;
10/08/2023;13:40:00;RC;340;discharge;HOBO_CondLogger;8400;0;0;falling;14:58:20;4700;416.3;415.5;0.8;0.36888;3.6888;Active;
10/08/2023;13:40:00;RC;340;discharge;HOBO_CondLogger;8400;0;0;falling;14:58:30;4710;416.6;415.5;1.1;0.50721;5.0721;Active;
10/08/2023;13:40:00;RC;340;discharge;HOBO_CondLogger;8400;0;0;falling;14:58:40;4720;416.6;415.5;1.1;0.50721;5.0721;Active;
10/08/2023;13:40:00;RC;340;discharge;HOBO_CondLogger;8400;0;0;falling;14:58:50;4730;416.3;415.5;0.8;0.36888;3.6888;Active;
10/08/2023;13:40:00;RC;340;discharge;HOBO_CondLogger;8400;0;0;falling;14:59:00;4740;416.3;415.5;0.8;0.36888;3.6888;Active;
10/08/2023;13:40:00;RC;340;discharge;HOBO_CondLogger;8400;0;0;falling;14:59:10;4750;416.6;415.5;1.1;0.50721;5.0721;Active;
10/08/2023;13:40:00;RC;340;discharge;HOBO_CondLogger;8400;0;0;falling;14:59:20;4760;416.6;415.5;1.1;0.50721;5.0721;Active;
10/08/2023;13:40:00;RC;340;discharge;HOBO_CondLogger;8400;0;0;falling;14:59:30;4770;416.6;415.5;1.1;0.50721;5.0721;Active;
10/08/2023;13:40:00;RC;340;discharge;HOBO_CondLogger;8400;0;0;falling;14:59:40;4780;416.6;415.5;1.1;0.50721;5.0721;Active;
10/08/2023;13:40:00;RC;340;discharge;HOBO_CondLogger;8400;0;0;falling;14:59:50;4790;416.3;415.5;0.8;0.36888;3.6888;Active;
10/08/2023;13:40:00;RC;340;discharge;HOBO_CondLogger;8400;0;0;falling;15:00:00;4800;416.6;415.5;1.1;0.50721;5.0721;Active;
10/08/2023;13:40:00;RC;340;discharge;HOBO_CondLogger;8400;0;0;falling;15:00:10;4810;416.3;415.5;0.8;0.36888;3.6888;Active;
10/08/2023;13:40:00;RC;340;discharge;HOBO_CondLogger;8400;0;0;falling;15:00:20;4820;416.3;415.5;0.8;0.36888;3.6888;Active;
10/08/2023;13:40:00;RC;340;discharge;HOBO_CondLogger;8400;0;0;falling;15:00:30;4830;416.3;415.5;0.8;0.36888;3.6888;Active;
10/08/2023;13:40:00;RC;340;discharge;HOBO_CondLogger;8400;0;0;falling;15:00:40;4840;416.6;415.5;1.1;0.50721;5.0721;Active;
10/08/2023;13:40:00;RC;340;discharge;HOBO_CondLogger;8400;0;0;falling;15:00:50;4850;416.3;415.5;0.8;0.36888;3.6888;Active;
10/08/2023;13:40:00;RC;340;discharge;HOBO_CondLogger;8400;0;0;falling;15:01:00;4860;416.3;415.5;0.8;0.36888;3.6888;Active;
10/08/2023;13:40:00;RC;340;discharge;HOBO_CondLogger;8400;0;0;falling;15:01:10;4870;416.3;415.5;0.8;0.36888;3.6888;Active;
10/08/2023;13:40:00;RC;340;discharge;HOBO_CondLogger;8400;0;0;falling;15:01:20;4880;416.3;415.5;0.8;0.36888;3.6888;Active;
10/08/2023;13:40:00;RC;340;discharge;HOBO_CondLogger;8400;0;0;falling;15:01:30;4890;416.3;415.5;0.8;0.36888;3.6888;Active;
10/08/2023;13:40:00;RC;340;discharge;HOBO_CondLogger;8400;0;0;falling;15:01:40;4900;416.6;415.5;1.1;0.50721;5.0721;Active;
10/08/2023;13:40:00;RC;340;discharge;HOBO_CondLogger;8400;0;0;falling;15:01:50;4910;416.3;415.5;0.8;0.36888;3.6888;Active;
10/08/2023;13:40:00;RC;340;discharge;HOBO_CondLogger;8400;0;0;falling;15:02:00;4920;416.3;415.5;0.8;0.36888;3.6888;Active;
10/08/2023;13:40:00;RC;340;discharge;HOBO_CondLogger;8400;0;0;falling;15:02:10;4930;416.3;415.5;0.8;0.36888;3.6888;Active;
10/08/2023;13:40:00;RC;340;discharge;HOBO_CondLogger;8400;0;0;falling;15:02:20;4940;416.6;415.5;1.1;0.50721;5.0721;Active;
10/08/2023;13:40:00;RC;340;discharge;HOBO_CondLogger;8400;0;0;falling;15:02:30;4950;416.6;415.5;1.1;0.50721;5.0721;Active;
10/08/2023;13:40:00;RC;340;discharge;HOBO_CondLogger;8400;0;0;falling;15:02:40;4960;416.3;415.5;0.8;0.36888;3.6888;Active;
10/08/2023;13:40:00;RC;340;discharge;HOBO_CondLogger;8400;0;0;falling;15:02:50;4970;416.6;415.5;1.1;0.50721;5.0721;Active;
10/08/2023;13:40:00;RC;340;discharge;HOBO_CondLogger;8400;0;0;falling;15:03:00;4980;416.6;415.5;1.1;0.50721;5.0721;Active;
10/08/2023;13:40:00;RC;340;discharge;HOBO_CondLogger;8400;0;0;falling;15:03:10;4990;416.6;415.5;1.1;0.50721;5.0721;Active;
10/08/2023;13:40:00;RC;340;discharge;HOBO_CondLogger;8400;0;0;falling;15:03:20;5000;416.6;415.5;1.1;0.50721;5.0721;Active;
10/08/2023;13:40:00;RC;340;discharge;HOBO_CondLogger;8400;0;0;falling;15:03:30;5010;416.6;415.5;1.1;0.50721;5.0721;Active;
10/08/2023;13:40:00;RC;340;discharge;HOBO_CondLogger;8400;0;0;falling;15:03:40;5020;416.6;415.5;1.1;0.50721;5.0721;Active;
10/08/2023;13:40:00;RC;340;discharge;HOBO_CondLogger;8400;0;0;falling;15:03:50;5030;416.3;415.5;0.8;0.36888;3.6888;Active;
10/08/2023;13:40:00;RC;340;discharge;HOBO_CondLogger;8400;0;0;falling;15:04:00;5040;416.3;415.5;0.8;0.36888;3.6888;Active;
10/08/2023;13:40:00;RC;340;discharge;HOBO_CondLogger;8400;0;0;falling;15:04:10;5050;416.6;415.5;1.1;0.50721;5.0721;Active;
10/08/2023;13:40:00;RC;340;discharge;HOBO_CondLogger;8400;0;0;falling;15:04:20;5060;416.6;415.5;1.1;0.50721;5.0721;Active;
10/08/2023;13:40:00;RC;340;discharge;HOBO_CondLogger;8400;0;0;falling;15:04:30;5070;416.6;415.5;1.1;0.50721;5.0721;Active;
10/08/2023;13:40:00;RC;340;discharge;HOBO_CondLogger;8400;0;0;falling;15:04:40;5080;416.6;415.5;1.1;0.50721;5.0721;Active;
10/08/2023;13:40:00;RC;340;discharge;HOBO_CondLogger;8400;0;0;falling;15:04:50;5090;416.2;415.5;0.7;0.32277;3.2277;Active;
10/08/2023;13:40:00;RC;340;discharge;HOBO_CondLogger;8400;0;0;falling;15:05:00;5100;416.6;415.5;1.1;0.50721;5.0721;Active;
10/08/2023;13:40:00;RC;340;discharge;HOBO_CondLogger;8400;0;0;falling;15:05:10;5110;416.6;415.5;1.1;0.50721;5.0721;Active;
10/08/2023;13:40:00;RC;340;discharge;HOBO_CondLogger;8400;0;0;falling;15:05:20;5120;416.2;415.5;0.7;0.32277;3.2277;Active;
10/08/2023;13:40:00;RC;340;discharge;HOBO_CondLogger;8400;0;0;falling;15:05:30;5130;416.6;415.5;1.1;0.50721;5.0721;Active;
10/08/2023;13:40:00;RC;340;discharge;HOBO_CondLogger;8400;0;0;falling;15:05:40;5140;416.6;415.5;1.1;0.50721;5.0721;Active;
10/08/2023;13:40:00;RC;340;discharge;HOBO_CondLogger;8400;0;0;falling;15:05:50;5150;416.6;415.5;1.1;0.50721;5.0721;Active;
10/08/2023;13:40:00;RC;340;discharge;HOBO_CondLogger;8400;0;0;falling;15:06:00;5160;416.6;415.5;1.1;0.50721;5.0721;Active;
10/08/2023;13:40:00;RC;340;discharge;HOBO_CondLogger;8400;0;0;falling;15:06:10;5170;416.6;415.5;1.1;0.50721;5.0721;Active;
10/08/2023;13:40:00;RC;340;discharge;HOBO_CondLogger;8400;0;0;falling;15:06:20;5180;416.6;415.5;1.1;0.50721;5.0721;Active;
10/08/2023;13:40:00;RC;340;discharge;HOBO_CondLogger;8400;0;0;falling;15:06:30;5190;416.6;415.5;1.1;0.50721;5.0721;Active;
10/08/2023;13:40:00;RC;340;discharge;HOBO_CondLogger;8400;0;0;falling;15:06:40;5200;416.6;415.5;1.1;0.50721;5.0721;Active;
10/08/2023;13:40:00;RC;340;discharge;HOBO_CondLogger;8400;0;0;falling;15:06:50;5210;416.2;415.5;0.7;0.32277;3.2277;Active;
10/08/2023;13:40:00;RC;340;discharge;HOBO_CondLogger;8400;0;0;falling;15:07:00;5220;416.6;415.5;1.1;0.50721;5.0721;Active;
10/08/2023;13:40:00;RC;340;discharge;HOBO_CondLogger;8400;0;0;falling;15:07:10;5230;416.6;415.5;1.1;0.50721;5.0721;Active;
10/08/2023;13:40:00;RC;340;discharge;HOBO_CondLogger;8400;0;0;falling;15:07:20;5240;416.6;415.5;1.1;0.50721;5.0721;Active;
10/08/2023;13:40:00;RC;340;discharge;HOBO_CondLogger;8400;0;0;falling;15:07:30;5250;416.6;415.5;1.1;0.50721;5.0721;Active;
10/08/2023;13:40:00;RC;340;discharge;HOBO_CondLogger;8400;0;0;falling;15:07:40;5260;416.6;415.5;1.1;0.50721;5.0721;Active;
10/08/2023;13:40:00;RC;340;discharge;HOBO_CondLogger;8400;0;0;falling;15:07:50;5270;416.6;415.5;1.1;0.50721;5.0721;Active;
10/08/2023;13:40:00;RC;340;discharge;HOBO_CondLogger;8400;0;0;falling;15:08:00;5280;416.6;415.5;1.1;0.50721;5.0721;Active;
10/08/2023;13:40:00;RC;340;discharge;HOBO_CondLogger;8400;0;0;falling;15:08:10;5290;417;415.5;1.5;0.69165;6.9165;Active;
10/08/2023;13:40:00;RC;340;discharge;HOBO_CondLogger;8400;0;0;falling;15:08:20;5300;416.6;415.5;1.1;0.50721;5.0721;Active;
10/08/2023;13:40:00;RC;340;discharge;HOBO_CondLogger;8400;0;0;falling;15:08:30;5310;416.6;415.5;1.1;0.50721;5.0721;Active;
10/08/2023;13:40:00;RC;340;discharge;HOBO_CondLogger;8400;0;0;falling;15:08:40;5320;416.6;415.5;1.1;0.50721;5.0721;Active;
10/08/2023;13:40:00;RC;340;discharge;HOBO_CondLogger;8400;0;0;falling;15:08:50;5330;416.2;415.5;0.7;0.32277;3.2277;Active;
10/08/2023;13:40:00;RC;340;discharge;HOBO_CondLogger;8400;0;0;falling;15:09:00;5340;416.6;415.5;1.1;0.50721;5.0721;Active;
10/08/2023;13:40:00;RC;340;discharge;HOBO_CondLogger;8400;0;0;falling;15:09:10;5350;416.6;415.5;1.1;0.50721;5.0721;Active;
10/08/2023;13:40:00;RC;340;discharge;HOBO_CondLogger;8400;0;0;falling;15:09:20;5360;416.6;415.5;1.1;0.50721;5.0721;Active;
10/08/2023;13:40:00;RC;340;discharge;HOBO_CondLogger;8400;0;0;falling;15:09:30;5370;416.6;415.5;1.1;0.50721;5.0721;Active;
10/08/2023;13:40:00;RC;340;discharge;HOBO_CondLogger;8400;0;0;falling;15:09:40;5380;416.6;415.5;1.1;0.50721;5.0721;Active;
10/08/2023;13:40:00;RC;340;discharge;HOBO_CondLogger;8400;0;0;falling;15:09:50;5390;417;415.5;1.5;0.69165;6.9165;Active;
10/08/2023;13:40:00;RC;340;discharge;HOBO_CondLogger;8400;0;0;falling;15:10:00;5400;416.6;415.5;1.1;0.50721;5.0721;Active;
10/08/2023;13:40:00;RC;340;discharge;HOBO_CondLogger;8400;0;0;falling;15:10:10;5410;416.6;415.5;1.1;0.50721;5.0721;Active;
10/08/2023;13:40:00;RC;340;discharge;HOBO_CondLogger;8400;0;0;falling;15:10:20;5420;416.6;415.5;1.1;0.50721;5.0721;Active;
10/08/2023;13:40:00;RC;340;discharge;HOBO_CondLogger;8400;0;0;falling;15:10:30;5430;416.6;415.5;1.1;0.50721;5.0721;Active;
10/08/2023;13:40:00;RC;340;discharge;HOBO_CondLogger;8400;0;0;falling;15:10:40;5440;416.6;415.5;1.1;0.50721;5.0721;Active;
10/08/2023;13:40:00;RC;340;discharge;HOBO_CondLogger;8400;0;0;falling;15:10:50;5450;416.6;415.5;1.1;0.50721;5.0721;Active;
10/08/2023;13:40:00;RC;340;discharge;HOBO_CondLogger;8400;0;0;falling;15:11:00;5460;416.6;415.5;1.1;0.50721;5.0721;Active;
10/08/2023;13:40:00;RC;340;discharge;HOBO_CondLogger;8400;0;0;falling;15:11:10;5470;416.6;415.5;1.1;0.50721;5.0721;Active;
10/08/2023;13:40:00;RC;340;discharge;HOBO_CondLogger;8400;0;0;falling;15:11:20;5480;416.6;415.5;1.1;0.50721;5.0721;Active;
10/08/2023;13:40:00;RC;340;discharge;HOBO_CondLogger;8400;0;0;falling;15:11:30;5490;416.6;415.5;1.1;0.50721;5.0721;Active;
10/08/2023;13:40:00;RC;340;discharge;HOBO_CondLogger;8400;0;0;falling;15:11:40;5500;417;415.5;1.5;0.69165;6.9165;Active;
10/08/2023;13:40:00;RC;340;discharge;HOBO_CondLogger;8400;0;0;falling;15:11:50;5510;416.6;415.5;1.1;0.50721;5.0721;Active;
10/08/2023;13:40:00;RC;340;discharge;HOBO_CondLogger;8400;0;0;falling;15:12:00;5520;416.6;415.5;1.1;0.50721;5.0721;Active;
10/08/2023;13:40:00;RC;340;discharge;HOBO_CondLogger;8400;0;0;falling;15:12:10;5530;417;415.5;1.5;0.69165;6.9165;Active;
10/08/2023;13:40:00;RC;340;discharge;HOBO_CondLogger;8400;0;0;falling;15:12:20;5540;416.6;415.5;1.1;0.50721;5.0721;Active;
10/08/2023;13:40:00;RC;340;discharge;HOBO_CondLogger;8400;0;0;falling;15:12:30;5550;416.6;415.5;1.1;0.50721;5.0721;Active;
10/08/2023;13:40:00;RC;340;discharge;HOBO_CondLogger;8400;0;0;falling;15:12:40;5560;416.6;415.5;1.1;0.50721;5.0721;Active;
10/08/2023;13:40:00;RC;340;discharge;HOBO_CondLogger;8400;0;0;falling;15:12:50;5570;417;415.5;1.5;0.69165;6.9165;Active;
10/08/2023;13:40:00;RC;340;discharge;HOBO_CondLogger;8400;0;0;falling;15:13:00;5580;416.6;415.5;1.1;0.50721;5.0721;Active;
10/08/2023;13:40:00;RC;340;discharge;HOBO_CondLogger;8400;0;0;falling;15:13:10;5590;416.6;415.5;1.1;0.50721;5.0721;Active;
10/08/2023;13:40:00;RC;340;discharge;HOBO_CondLogger;8400;0;0;falling;15:13:20;5600;416.6;415.5;1.1;0.50721;5.0721;Active;
10/08/2023;13:40:00;RC;340;discharge;HOBO_CondLogger;8400;0;0;falling;15:13:30;5610;416.6;415.5;1.1;0.50721;5.0721;Active;
10/08/2023;13:40:00;RC;340;discharge;HOBO_CondLogger;8400;0;0;falling;15:13:40;5620;417;415.5;1.5;0.69165;6.9165;Active;
10/08/2023;13:40:00;RC;340;discharge;HOBO_CondLogger;8400;0;0;falling;15:13:50;5630;417;415.5;1.5;0.69165;6.9165;Active;
10/08/2023;13:40:00;RC;340;discharge;HOBO_CondLogger;8400;0;0;falling;15:14:00;5640;417;415.5;1.5;0.69165;6.9165;Active;
10/08/2023;13:40:00;RC;340;discharge;HOBO_CondLogger;8400;0;0;falling;15:14:10;5650;416.6;415.5;1.1;0.50721;5.0721;Active;
10/08/2023;13:40:00;RC;340;discharge;HOBO_CondLogger;8400;0;0;falling;15:14:20;5660;416.6;415.5;1.1;0.50721;5.0721;Active;
10/08/2023;13:40:00;RC;340;discharge;HOBO_CondLogger;8400;0;0;falling;15:14:30;5670;417.4;415.5;1.9;0.87609;8.7609;Active;
10/08/2023;13:40:00;RC;340;discharge;HOBO_CondLogger;8400;0;0;falling;15:14:40;5680;416.6;415.5;1.1;0.50721;5.0721;Active;
10/08/2023;13:40:00;RC;340;discharge;HOBO_CondLogger;8400;0;0;falling;15:14:50;5690;416.6;415.5;1.1;0.50721;5.0721;Active;
10/08/2023;13:40:00;RC;340;discharge;HOBO_CondLogger;8400;0;0;falling;15:15:00;5700;416.6;415.5;1.1;0.50721;5.0721;Active;
10/08/2023;13:40:00;RC;340;discharge;HOBO_CondLogger;8400;0;0;falling;15:15:10;5710;416.6;415.5;1.1;0.50721;5.0721;Active;
10/08/2023;13:40:00;RC;340;discharge;HOBO_CondLogger;8400;0;0;falling;15:15:20;5720;417;415.5;1.5;0.69165;6.9165;Active;
10/08/2023;13:40:00;RC;340;discharge;HOBO_CondLogger;8400;0;0;falling;15:15:30;5730;417.4;415.5;1.9;0.87609;8.7609;Active;
10/08/2023;13:40:00;RC;340;discharge;HOBO_CondLogger;8400;0;0;falling;15:15:40;5740;416.6;415.5;1.1;0.50721;5.0721;Active;
10/08/2023;13:40:00;RC;340;discharge;HOBO_CondLogger;8400;0;0;falling;15:15:50;5750;416.6;415.5;1.1;0.50721;5.0721;Active;
10/08/2023;13:40:00;RC;340;discharge;HOBO_CondLogger;8400;0;0;falling;15:16:00;5760;417.4;415.5;1.9;0.87609;8.7609;Active;
10/08/2023;13:40:00;RC;340;discharge;HOBO_CondLogger;8400;0;0;falling;15:16:10;5770;417.4;415.5;1.9;0.87609;8.7609;Active;
10/08/2023;13:40:00;RC;340;discharge;HOBO_CondLogger;8400;0;0;falling;15:16:20;5780;417;415.5;1.5;0.69165;6.9165;Active;
10/08/2023;13:40:00;RC;340;discharge;HOBO_CondLogger;8400;0;0;falling;15:16:30;5790;417.4;415.5;1.9;0.87609;8.7609;Active;
10/08/2023;13:40:00;RC;340;discharge;HOBO_CondLogger;8400;0;0;falling;15:16:40;5800;417;415.5;1.5;0.69165;6.9165;Active;
10/08/2023;13:40:00;RC;340;discharge;HOBO_CondLogger;8400;0;0;falling;15:16:50;5810;416.6;415.5;1.1;0.50721;5.0721;Active;
10/08/2023;13:40:00;RC;340;discharge;HOBO_CondLogger;8400;0;0;falling;15:17:00;5820;416.6;415.5;1.1;0.50721;5.0721;Active;
10/08/2023;13:40:00;RC;340;discharge;HOBO_CondLogger;8400;0;0;falling;15:17:10;5830;417.4;415.5;1.9;0.87609;8.7609;Active;
10/08/2023;13:40:00;RC;340;discharge;HOBO_CondLogger;8400;0;0;falling;15:17:20;5840;416.6;415.5;1.1;0.50721;5.0721;Active;
10/08/2023;13:40:00;RC;340;discharge;HOBO_CondLogger;8400;0;0;falling;15:17:30;5850;417.4;415.5;1.9;0.87609;8.7609;Active;
10/08/2023;13:40:00;RC;340;discharge;HOBO_CondLogger;8400;0;0;falling;15:17:40;5860;417.4;415.5;1.9;0.87609;8.7609;Active;
10/08/2023;13:40:00;RC;340;discharge;HOBO_CondLogger;8400;0;0;falling;15:17:50;5870;417.4;415.5;1.9;0.87609;8.7609;Active;
10/08/2023;13:40:00;RC;340;discharge;HOBO_CondLogger;8400;0;0;falling;15:18:00;5880;417.4;415.5;1.9;0.87609;8.7609;Active;
10/08/2023;13:40:00;RC;340;discharge;HOBO_CondLogger;8400;0;0;falling;15:18:10;5890;417;415.5;1.5;0.69165;6.9165;Active;
10/08/2023;13:40:00;RC;340;discharge;HOBO_CondLogger;8400;0;0;falling;15:18:20;5900;417.4;415.5;1.9;0.87609;8.7609;Active;
10/08/2023;13:40:00;RC;340;discharge;HOBO_CondLogger;8400;0;0;falling;15:18:30;5910;417.4;415.5;1.9;0.87609;8.7609;Active;
10/08/2023;13:40:00;RC;340;discharge;HOBO_CondLogger;8400;0;0;falling;15:18:40;5920;417;415.5;1.5;0.69165;6.9165;Active;
10/08/2023;13:40:00;RC;340;discharge;HOBO_CondLogger;8400;0;0;falling;15:18:50;5930;417.4;415.5;1.9;0.87609;8.7609;Active;
10/08/2023;13:40:00;RC;340;discharge;HOBO_CondLogger;8400;0;0;falling;15:19:00;5940;417.4;415.5;1.9;0.87609;8.7609;Active;
10/08/2023;13:40:00;RC;340;discharge;HOBO_CondLogger;8400;0;0;falling;15:19:10;5950;417.4;415.5;1.9;0.87609;8.7609;Active;
10/08/2023;13:40:00;RC;340;discharge;HOBO_CondLogger;8400;0;0;falling;15:19:20;5960;417;415.5;1.5;0.69165;6.9165;Active;
10/08/2023;13:40:00;RC;340;discharge;HOBO_CondLogger;8400;0;0;falling;15:19:30;5970;417;415.5;1.5;0.69165;6.9165;Active;
10/08/2023;13:40:00;RC;340;discharge;HOBO_CondLogger;8400;0;0;falling;15:19:40;5980;417;415.5;1.5;0.69165;6.9165;Active;
10/08/2023;13:40:00;RC;340;discharge;HOBO_CondLogger;8400;0;0;falling;15:19:50;5990;417;415.5;1.5;0.69165;6.9165;Active;
10/08/2023;13:40:00;RC;340;discharge;HOBO_CondLogger;8400;0;0;falling;15:20:00;6000;417.4;415.5;1.9;0.87609;8.7609;Active;
10/08/2023;13:40:00;RC;340;discharge;HOBO_CondLogger;8400;0;0;falling;15:20:10;6010;417.4;415.5;1.9;0.87609;8.7609;Active;
10/08/2023;13:40:00;RC;340;discharge;HOBO_CondLogger;8400;0;0;falling;15:20:20;6020;417.4;415.5;1.9;0.87609;8.7609;Active;
10/08/2023;13:40:00;RC;340;discharge;HOBO_CondLogger;8400;0;0;falling;15:20:30;6030;417.4;415.5;1.9;0.87609;8.7609;Active;
10/08/2023;13:40:00;RC;340;discharge;HOBO_CondLogger;8400;0;0;falling;15:20:40;6040;417.3;415.5;1.8;0.82998;8.2998;Active;
10/08/2023;13:40:00;RC;340;discharge;HOBO_CondLogger;8400;0;0;falling;15:20:50;6050;417.4;415.5;1.9;0.87609;8.7609;Active;
10/08/2023;13:40:00;RC;340;discharge;HOBO_CondLogger;8400;0;0;falling;15:21:00;6060;417.3;415.5;1.8;0.82998;8.2998;Active;
10/08/2023;13:40:00;RC;340;discharge;HOBO_CondLogger;8400;0;0;falling;15:21:10;6070;417.4;415.5;1.9;0.87609;8.7609;Active;
10/08/2023;13:40:00;RC;340;discharge;HOBO_CondLogger;8400;0;0;falling;15:21:20;6080;417.3;415.5;1.8;0.82998;8.2998;Active;
10/08/2023;13:40:00;RC;340;discharge;HOBO_CondLogger;8400;0;0;falling;15:21:30;6090;417.4;415.5;1.9;0.87609;8.7609;Active;
10/08/2023;13:40:00;RC;340;discharge;HOBO_CondLogger;8400;0;0;falling;15:21:40;6100;417.3;415.5;1.8;0.82998;8.2998;Active;
10/08/2023;13:40:00;RC;340;discharge;HOBO_CondLogger;8400;0;0;falling;15:21:50;6110;417.3;415.5;1.8;0.82998;8.2998;Active;
10/08/2023;13:40:00;RC;340;discharge;HOBO_CondLogger;8400;0;0;falling;15:22:00;6120;417.3;415.5;1.8;0.82998;8.2998;Active;
10/08/2023;13:40:00;RC;340;discharge;HOBO_CondLogger;8400;0;0;falling;15:22:10;6130;417.3;415.5;1.8;0.82998;8.2998;Active;
10/08/2023;13:40:00;RC;340;discharge;HOBO_CondLogger;8400;0;0;falling;15:22:20;6140;417.3;415.5;1.8;0.82998;8.2998;Active;
10/08/2023;13:40:00;RC;340;discharge;HOBO_CondLogger;8400;0;0;falling;15:22:30;6150;417.3;415.5;1.8;0.82998;8.2998;Active;
10/08/2023;13:40:00;RC;340;discharge;HOBO_CondLogger;8400;0;0;falling;15:22:40;6160;417.3;415.5;1.8;0.82998;8.2998;Active;
10/08/2023;13:40:00;RC;340;discharge;HOBO_CondLogger;8400;0;0;falling;15:22:50;6170;417.3;415.5;1.8;0.82998;8.2998;Active;
10/08/2023;13:40:00;RC;340;discharge;HOBO_CondLogger;8400;0;0;falling;15:23:00;6180;417;415.5;1.5;0.69165;6.9165;Active;
10/08/2023;13:40:00;RC;340;discharge;HOBO_CondLogger;8400;0;0;falling;15:23:10;6190;417.3;415.5;1.8;0.82998;8.2998;Active;
10/08/2023;13:40:00;RC;340;discharge;HOBO_CondLogger;8400;0;0;falling;15:23:20;6200;417.3;415.5;1.8;0.82998;8.2998;Active;
10/08/2023;13:40:00;RC;340;discharge;HOBO_CondLogger;8400;0;0;falling;15:23:30;6210;417.3;415.5;1.8;0.82998;8.2998;Active;
10/08/2023;13:40:00;RC;340;discharge;HOBO_CondLogger;8400;0;0;falling;15:23:40;6220;417.3;415.5;1.8;0.82998;8.2998;Active;
10/08/2023;13:40:00;RC;340;discharge;HOBO_CondLogger;8400;0;0;falling;15:23:50;6230;417.3;415.5;1.8;0.82998;8.2998;Active;
10/08/2023;13:40:00;RC;340;discharge;HOBO_CondLogger;8400;0;0;falling;15:24:00;6240;417.3;415.5;1.8;0.82998;8.2998;Active;
10/08/2023;13:40:00;RC;340;discharge;HOBO_CondLogger;8400;0;0;falling;15:24:10;6250;417.3;415.5;1.8;0.82998;8.2998;Active;
10/08/2023;13:40:00;RC;340;discharge;HOBO_CondLogger;8400;0;0;falling;15:24:20;6260;417.3;415.5;1.8;0.82998;8.2998;Active;
10/08/2023;13:40:00;RC;340;discharge;HOBO_CondLogger;8400;0;0;falling;15:24:30;6270;417.3;415.5;1.8;0.82998;8.2998;Active;
10/08/2023;13:40:00;RC;340;discharge;HOBO_CondLogger;8400;0;0;falling;15:24:40;6280;417.3;415.5;1.8;0.82998;8.2998;Active;
10/08/2023;13:40:00;RC;340;discharge;HOBO_CondLogger;8400;0;0;falling;15:24:50;6290;417.3;415.5;1.8;0.82998;8.2998;Active;
10/08/2023;13:40:00;RC;340;discharge;HOBO_CondLogger;8400;0;0;falling;15:25:00;6300;417.3;415.5;1.8;0.82998;8.2998;Active;
10/08/2023;13:40:00;RC;340;discharge;HOBO_CondLogger;8400;0;0;falling;15:25:10;6310;417.3;415.5;1.8;0.82998;8.2998;Active;
10/08/2023;13:40:00;RC;340;discharge;HOBO_CondLogger;8400;0;0;falling;15:25:20;6320;417.3;415.5;1.8;0.82998;8.2998;Active;
10/08/2023;13:40:00;RC;340;discharge;HOBO_CondLogger;8400;0;0;falling;15:25:30;6330;417.3;415.5;1.8;0.82998;8.2998;Active;
10/08/2023;13:40:00;RC;340;discharge;HOBO_CondLogger;8400;0;0;falling;15:25:40;6340;417.3;415.5;1.8;0.82998;8.2998;Active;
10/08/2023;13:40:00;RC;340;discharge;HOBO_CondLogger;8400;0;0;falling;15:25:50;6350;417.3;415.5;1.8;0.82998;8.2998;Active;
10/08/2023;13:40:00;RC;340;discharge;HOBO_CondLogger;8400;0;0;falling;15:26:00;6360;417.3;415.5;1.8;0.82998;8.2998;Active;
10/08/2023;13:40:00;RC;340;discharge;HOBO_CondLogger;8400;0;0;falling;15:26:10;6370;417.3;415.5;1.8;0.82998;8.2998;Active;
10/08/2023;13:40:00;RC;340;discharge;HOBO_CondLogger;8400;0;0;falling;15:26:20;6380;417.3;415.5;1.8;0.82998;8.2998;Active;
10/08/2023;13:40:00;RC;340;discharge;HOBO_CondLogger;8400;0;0;falling;15:26:30;6390;417.3;415.5;1.8;0.82998;8.2998;Active;
10/08/2023;13:40:00;RC;340;discharge;HOBO_CondLogger;8400;0;0;falling;15:26:40;6400;417.3;415.5;1.8;0.82998;8.2998;Active;
10/08/2023;13:40:00;RC;340;discharge;HOBO_CondLogger;8400;0;0;falling;15:26:50;6410;417.3;415.5;1.8;0.82998;8.2998;Active;
10/08/2023;13:40:00;RC;340;discharge;HOBO_CondLogger;8400;0;0;falling;15:27:00;6420;417.3;415.5;1.8;0.82998;8.2998;Active;
10/08/2023;13:40:00;RC;340;discharge;HOBO_CondLogger;8400;0;0;falling;15:27:10;6430;417.3;415.5;1.8;0.82998;8.2998;Active;
10/08/2023;13:40:00;RC;340;discharge;HOBO_CondLogger;8400;0;0;falling;15:27:20;6440;417.3;415.5;1.8;0.82998;8.2998;Active;
10/08/2023;13:40:00;RC;340;discharge;HOBO_CondLogger;8400;0;0;falling;15:27:30;6450;417.3;415.5;1.8;0.82998;8.2998;Active;
10/08/2023;13:40:00;RC;340;discharge;HOBO_CondLogger;8400;0;0;falling;15:27:40;6460;417.3;415.5;1.8;0.82998;8.2998;Active;
10/08/2023;13:40:00;RC;340;discharge;HOBO_CondLogger;8400;0;0;falling;15:27:50;6470;417.3;415.5;1.8;0.82998;8.2998;Active;
10/08/2023;13:40:00;RC;340;discharge;HOBO_CondLogger;8400;0;0;falling;15:28:00;6480;417.3;415.5;1.8;0.82998;8.2998;Active;
10/08/2023;13:40:00;RC;340;discharge;HOBO_CondLogger;8400;0;0;falling;15:28:10;6490;417.3;415.5;1.8;0.82998;8.2998;Active;
10/08/2023;13:40:00;RC;340;discharge;HOBO_CondLogger;8400;0;0;falling;15:28:20;6500;417.3;415.5;1.8;0.82998;8.2998;Active;
10/08/2023;13:40:00;RC;340;discharge;HOBO_CondLogger;8400;0;0;falling;15:28:30;6510;417.3;415.5;1.8;0.82998;8.2998;Active;
10/08/2023;13:40:00;RC;340;discharge;HOBO_CondLogger;8400;0;0;falling;15:28:40;6520;417.3;415.5;1.8;0.82998;8.2998;Active;
10/08/2023;13:40:00;RC;340;discharge;HOBO_CondLogger;8400;0;0;falling;15:28:50;6530;417.3;415.5;1.8;0.82998;8.2998;Active;
10/08/2023;13:40:00;RC;340;discharge;HOBO_CondLogger;8400;0;0;falling;15:29:00;6540;417.3;415.5;1.8;0.82998;8.2998;Active;
10/08/2023;13:40:00;RC;340;discharge;HOBO_CondLogger;8400;0;0;falling;15:29:10;6550;417.3;415.5;1.8;0.82998;8.2998;Active;
10/08/2023;13:40:00;RC;340;discharge;HOBO_CondLogger;8400;0;0;falling;15:29:20;6560;417.3;415.5;1.8;0.82998;8.2998;Active;
10/08/2023;13:40:00;RC;340;discharge;HOBO_CondLogger;8400;0;0;falling;15:29:30;6570;417.3;415.5;1.8;0.82998;8.2998;Active;
10/08/2023;13:40:00;RC;340;discharge;HOBO_CondLogger;8400;0;0;falling;15:29:40;6580;417.3;415.5;1.8;0.82998;8.2998;Active;
10/08/2023;13:40:00;RC;340;discharge;HOBO_CondLogger;8400;0;0;falling;15:29:50;6590;417.3;415.5;1.8;0.82998;8.2998;Active;
10/08/2023;13:40:00;RC;340;discharge;HOBO_CondLogger;8400;0;0;falling;15:30:00;6600;417.3;415.5;1.8;0.82998;8.2998;Active;
10/08/2023;13:40:00;RC;340;discharge;HOBO_CondLogger;8400;0;0;falling;15:30:10;6610;417.3;415.5;1.8;0.82998;8.2998;Active;
10/08/2023;13:40:00;RC;340;discharge;HOBO_CondLogger;8400;0;0;falling;15:30:20;6620;417.3;415.5;1.8;0.82998;8.2998;Active;
10/08/2023;13:40:00;RC;340;discharge;HOBO_CondLogger;8400;0;0;falling;15:30:30;6630;417.3;415.5;1.8;0.82998;8.2998;Active;
10/08/2023;13:40:00;RC;340;discharge;HOBO_CondLogger;8400;0;0;falling;15:30:40;6640;417.3;415.5;1.8;0.82998;8.2998;Active;
10/08/2023;13:40:00;RC;340;discharge;HOBO_CondLogger;8400;0;0;falling;15:30:50;6650;417.3;415.5;1.8;0.82998;8.2998;Active;
10/08/2023;13:40:00;RC;340;discharge;HOBO_CondLogger;8400;0;0;falling;15:31:00;6660;417.3;415.5;1.8;0.82998;8.2998;Active;
10/08/2023;13:40:00;RC;340;discharge;HOBO_CondLogger;8400;0;0;falling;15:31:10;6670;417.3;415.5;1.8;0.82998;8.2998;Active;
10/08/2023;13:40:00;RC;340;discharge;HOBO_CondLogger;8400;0;0;falling;15:31:20;6680;417.3;415.5;1.8;0.82998;8.2998;Active;
10/08/2023;13:40:00;RC;340;discharge;HOBO_CondLogger;8400;0;0;falling;15:31:30;6690;417.3;415.5;1.8;0.82998;8.2998;Active;
10/08/2023;13:40:00;RC;340;discharge;HOBO_CondLogger;8400;0;0;falling;15:31:40;6700;417.7;415.5;2.2;1.01442;10.1442;Active;
10/08/2023;13:40:00;RC;340;discharge;HOBO_CondLogger;8400;0;0;falling;15:31:50;6710;417.7;415.5;2.2;1.01442;10.1442;Active;
10/08/2023;13:40:00;RC;340;discharge;HOBO_CondLogger;8400;0;0;falling;15:32:00;6720;417.3;415.5;1.8;0.82998;8.2998;Active;
10/08/2023;13:40:00;RC;340;discharge;HOBO_CondLogger;8400;0;0;falling;15:32:10;6730;417.3;415.5;1.8;0.82998;8.2998;Active;
10/08/2023;13:40:00;RC;340;discharge;HOBO_CondLogger;8400;0;0;falling;15:32:20;6740;417.7;415.5;2.2;1.01442;10.1442;Active;
10/08/2023;13:40:00;RC;340;discharge;HOBO_CondLogger;8400;0;0;falling;15:32:30;6750;417.3;415.5;1.8;0.82998;8.2998;Active;
10/08/2023;13:40:00;RC;340;discharge;HOBO_CondLogger;8400;0;0;falling;15:32:40;6760;417.3;415.5;1.8;0.82998;8.2998;Active;
10/08/2023;13:40:00;RC;340;discharge;HOBO_CondLogger;8400;0;0;falling;15:32:50;6770;417.3;415.5;1.8;0.82998;8.2998;Active;
10/08/2023;13:40:00;RC;340;discharge;HOBO_CondLogger;8400;0;0;falling;15:33:00;6780;417.7;415.5;2.2;1.01442;10.1442;Active;
10/08/2023;13:40:00;RC;340;discharge;HOBO_CondLogger;8400;0;0;falling;15:33:10;6790;417.3;415.5;1.8;0.82998;8.2998;Active;
10/08/2023;13:40:00;RC;340;discharge;HOBO_CondLogger;8400;0;0;falling;15:33:20;6800;417.7;415.5;2.2;1.01442;10.1442;Active;
10/08/2023;13:40:00;RC;340;discharge;HOBO_CondLogger;8400;0;0;falling;15:33:30;6810;417.3;415.5;1.8;0.82998;8.2998;Active;
10/08/2023;13:40:00;RC;340;discharge;HOBO_CondLogger;8400;0;0;falling;15:33:40;6820;417.3;415.5;1.8;0.82998;8.2998;Active;
10/08/2023;13:40:00;RC;340;discharge;HOBO_CondLogger;8400;0;0;falling;15:33:50;6830;418.1;415.5;2.6;1.19886;11.9886;Active;
10/08/2023;13:40:00;RC;340;discharge;HOBO_CondLogger;8400;0;0;falling;15:34:00;6840;417.7;415.5;2.2;1.01442;10.1442;Active;
10/08/2023;13:40:00;RC;340;discharge;HOBO_CondLogger;8400;0;0;falling;15:34:10;6850;417.3;415.5;1.8;0.82998;8.2998;Active;
10/08/2023;13:40:00;RC;340;discharge;HOBO_CondLogger;8400;0;0;falling;15:34:20;6860;417.3;415.5;1.8;0.82998;8.2998;Active;
10/08/2023;13:40:00;RC;340;discharge;HOBO_CondLogger;8400;0;0;falling;15:34:30;6870;417.7;415.5;2.2;1.01442;10.1442;Active;
10/08/2023;13:40:00;RC;340;discharge;HOBO_CondLogger;8400;0;0;falling;15:34:40;6880;417.3;415.5;1.8;0.82998;8.2998;Active;
10/08/2023;13:40:00;RC;340;discharge;HOBO_CondLogger;8400;0;0;falling;15:34:50;6890;417.3;415.5;1.8;0.82998;8.2998;Active;
10/08/2023;13:40:00;RC;340;discharge;HOBO_CondLogger;8400;0;0;falling;15:35:00;6900;417.7;415.5;2.2;1.01442;10.1442;Active;
10/08/2023;13:40:00;RC;340;discharge;HOBO_CondLogger;8400;0;0;falling;15:35:10;6910;417.7;415.5;2.2;1.01442;10.1442;Active;
10/08/2023;13:40:00;RC;340;discharge;HOBO_CondLogger;8400;0;0;falling;15:35:20;6920;417.7;415.5;2.2;1.01442;10.1442;Active;
10/08/2023;13:40:00;RC;340;discharge;HOBO_CondLogger;8400;0;0;falling;15:35:30;6930;417.3;415.5;1.8;0.82998;8.2998;Active;
10/08/2023;13:40:00;RC;340;discharge;HOBO_CondLogger;8400;0;0;falling;15:35:40;6940;417.7;415.5;2.2;1.01442;10.1442;Active;
10/08/2023;13:40:00;RC;340;discharge;HOBO_CondLogger;8400;0;0;falling;15:35:50;6950;417.7;415.5;2.2;1.01442;10.1442;Active;
10/08/2023;13:40:00;RC;340;discharge;HOBO_CondLogger;8400;0;0;falling;15:36:00;6960;417.7;415.5;2.2;1.01442;10.1442;Active;
10/08/2023;13:40:00;RC;340;discharge;HOBO_CondLogger;8400;0;0;falling;15:36:10;6970;417.3;415.5;1.8;0.82998;8.2998;Active;
10/08/2023;13:40:00;RC;340;discharge;HOBO_CondLogger;8400;0;0;falling;15:36:20;6980;417.7;415.5;2.2;1.01442;10.1442;Active;
10/08/2023;13:40:00;RC;340;discharge;HOBO_CondLogger;8400;0;0;falling;15:36:30;6990;417.7;415.5;2.2;1.01442;10.1442;Active;
10/08/2023;13:40:00;RC;340;discharge;HOBO_CondLogger;8400;0;0;falling;15:36:40;7000;417.7;415.5;2.2;1.01442;10.1442;Active;
10/08/2023;13:40:00;RC;340;discharge;HOBO_CondLogger;8400;0;0;falling;15:36:50;7010;418.1;415.5;2.6;1.19886;11.9886;Active;
10/08/2023;13:40:00;RC;340;discharge;HOBO_CondLogger;8400;0;0;falling;15:37:00;7020;418.1;415.5;2.6;1.19886;11.9886;Active;
10/08/2023;13:40:00;RC;340;discharge;HOBO_CondLogger;8400;0;0;falling;15:37:10;7030;418.1;415.5;2.6;1.19886;11.9886;Active;
10/08/2023;13:40:00;RC;340;discharge;HOBO_CondLogger;8400;0;0;falling;15:37:20;7040;417.7;415.5;2.2;1.01442;10.1442;Active;
10/08/2023;13:40:00;RC;340;discharge;HOBO_CondLogger;8400;0;0;falling;15:37:30;7050;418.1;415.5;2.6;1.19886;11.9886;Active;
10/08/2023;13:40:00;RC;340;discharge;HOBO_CondLogger;8400;0;0;falling;15:37:40;7060;417.7;415.5;2.2;1.01442;10.1442;Active;
10/08/2023;13:40:00;RC;340;discharge;HOBO_CondLogger;8400;0;0;falling;15:37:50;7070;417.7;415.5;2.2;1.01442;10.1442;Active;
10/08/2023;13:40:00;RC;340;discharge;HOBO_CondLogger;8400;0;0;falling;15:38:00;7080;417.7;415.5;2.2;1.01442;10.1442;Active;
10/08/2023;13:40:00;RC;340;discharge;HOBO_CondLogger;8400;0;0;falling;15:38:10;7090;418.1;415.5;2.6;1.19886;11.9886;Active;
10/08/2023;13:40:00;RC;340;discharge;HOBO_CondLogger;8400;0;0;falling;15:38:20;7100;417.7;415.5;2.2;1.01442;10.1442;Active;
10/08/2023;13:40:00;RC;340;discharge;HOBO_CondLogger;8400;0;0;falling;15:38:30;7110;417.7;415.5;2.2;1.01442;10.1442;Active;
10/08/2023;13:40:00;RC;340;discharge;HOBO_CondLogger;8400;0;0;falling;15:38:40;7120;418.1;415.5;2.6;1.19886;11.9886;Active;
10/08/2023;13:40:00;RC;340;discharge;HOBO_CondLogger;8400;0;0;falling;15:38:50;7130;417.7;415.5;2.2;1.01442;10.1442;Active;
10/08/2023;13:40:00;RC;340;discharge;HOBO_CondLogger;8400;0;0;falling;15:39:00;7140;417.7;415.5;2.2;1.01442;10.1442;Active;
10/08/2023;13:40:00;RC;340;discharge;HOBO_CondLogger;8400;0;0;falling;15:39:10;7150;417.7;415.5;2.2;1.01442;10.1442;Active;
10/08/2023;13:40:00;RC;340;discharge;HOBO_CondLogger;8400;0;0;falling;15:39:20;7160;418.1;415.5;2.6;1.19886;11.9886;Active;
10/08/2023;13:40:00;RC;340;discharge;HOBO_CondLogger;8400;0;0;falling;15:39:30;7170;418.1;415.5;2.6;1.19886;11.9886;Active;
10/08/2023;13:40:00;RC;340;discharge;HOBO_CondLogger;8400;0;0;falling;15:39:40;7180;418.1;415.5;2.6;1.19886;11.9886;Active;
10/08/2023;13:40:00;RC;340;discharge;HOBO_CondLogger;8400;0;0;falling;15:39:50;7190;417.7;415.5;2.2;1.01442;10.1442;Active;
10/08/2023;13:40:00;RC;340;discharge;HOBO_CondLogger;8400;0;0;falling;15:40:00;7200;418.1;415.5;2.6;1.19886;11.9886;Active;
10/08/2023;13:40:00;RC;340;discharge;HOBO_CondLogger;8400;0;0;falling;15:40:10;7210;418.1;415.5;2.6;1.19886;11.9886;Active;
10/08/2023;13:40:00;RC;340;discharge;HOBO_CondLogger;8400;0;0;falling;15:40:20;7220;417.7;415.5;2.2;1.01442;10.1442;Active;
10/08/2023;13:40:00;RC;340;discharge;HOBO_CondLogger;8400;0;0;falling;15:40:30;7230;417.7;415.5;2.2;1.01442;10.1442;Active;
10/08/2023;13:40:00;RC;340;discharge;HOBO_CondLogger;8400;0;0;falling;15:40:40;7240;418.1;415.5;2.6;1.19886;11.9886;Active;
10/08/2023;13:40:00;RC;340;discharge;HOBO_CondLogger;8400;0;0;falling;15:40:50;7250;418.1;415.5;2.6;1.19886;11.9886;Active;
10/08/2023;13:40:00;RC;340;discharge;HOBO_CondLogger;8400;0;0;falling;15:41:00;7260;418.1;415.5;2.6;1.19886;11.9886;Active;
10/08/2023;13:40:00;RC;340;discharge;HOBO_CondLogger;8400;0;0;falling;15:41:10;7270;418.1;415.5;2.6;1.19886;11.9886;Active;
10/08/2023;13:40:00;RC;340;discharge;HOBO_CondLogger;8400;0;0;falling;15:41:20;7280;418.1;415.5;2.6;1.19886;11.9886;Active;
10/08/2023;13:40:00;RC;340;discharge;HOBO_CondLogger;8400;0;0;falling;15:41:30;7290;417.3;415.5;1.8;0.82998;8.2998;Active;
10/08/2023;13:40:00;RC;340;discharge;HOBO_CondLogger;8400;0;0;falling;15:41:40;7300;417.7;415.5;2.2;1.01442;10.1442;Active;
10/08/2023;13:40:00;RC;340;discharge;HOBO_CondLogger;8400;0;0;falling;15:41:50;7310;418.1;415.5;2.6;1.19886;11.9886;Active;
10/08/2023;13:40:00;RC;340;discharge;HOBO_CondLogger;8400;0;0;falling;15:42:00;7320;418.1;415.5;2.6;1.19886;11.9886;Active;
10/08/2023;13:40:00;RC;340;discharge;HOBO_CondLogger;8400;0;0;falling;15:42:10;7330;418.1;415.5;2.6;1.19886;11.9886;Active;
10/08/2023;13:40:00;RC;340;discharge;HOBO_CondLogger;8400;0;0;falling;15:42:20;7340;418.1;415.5;2.6;1.19886;11.9886;Active;
10/08/2023;13:40:00;RC;340;discharge;HOBO_CondLogger;8400;0;0;falling;15:42:30;7350;418.1;415.5;2.6;1.19886;11.9886;Active;
10/08/2023;13:40:00;RC;340;discharge;HOBO_CondLogger;8400;0;0;falling;15:42:40;7360;418.1;415.5;2.6;1.19886;11.9886;Active;
10/08/2023;13:40:00;RC;340;discharge;HOBO_CondLogger;8400;0;0;falling;15:42:50;7370;418.1;415.5;2.6;1.19886;11.9886;Active;
10/08/2023;13:40:00;RC;340;discharge;HOBO_CondLogger;8400;0;0;falling;15:43:00;7380;418.1;415.5;2.6;1.19886;11.9886;Active;
10/08/2023;13:40:00;RC;340;discharge;HOBO_CondLogger;8400;0;0;falling;15:43:10;7390;417.3;415.5;1.8;0.82998;8.2998;Active;
10/08/2023;13:40:00;RC;340;discharge;HOBO_CondLogger;8400;0;0;falling;15:43:20;7400;418.1;415.5;2.6;1.19886;11.9886;Active;
10/08/2023;13:40:00;RC;340;discharge;HOBO_CondLogger;8400;0;0;falling;15:43:30;7410;418.1;415.5;2.6;1.19886;11.9886;Active;
10/08/2023;13:40:00;RC;340;discharge;HOBO_CondLogger;8400;0;0;falling;15:43:40;7420;418.1;415.5;2.6;1.19886;11.9886;Active;
10/08/2023;13:40:00;RC;340;discharge;HOBO_CondLogger;8400;0;0;falling;15:43:50;7430;418.1;415.5;2.6;1.19886;11.9886;Active;
10/08/2023;13:40:00;RC;340;discharge;HOBO_CondLogger;8400;0;0;falling;15:44:00;7440;418.1;415.5;2.6;1.19886;11.9886;Active;
10/08/2023;13:40:00;RC;340;discharge;HOBO_CondLogger;8400;0;0;falling;15:44:10;7450;418.1;415.5;2.6;1.19886;11.9886;Active;
10/08/2023;13:40:00;RC;340;discharge;HOBO_CondLogger;8400;0;0;falling;15:44:20;7460;418.1;415.5;2.6;1.19886;11.9886;Active;
10/08/2023;13:40:00;RC;340;discharge;HOBO_CondLogger;8400;0;0;falling;15:44:30;7470;418.1;415.5;2.6;1.19886;11.9886;Active;
10/08/2023;13:40:00;RC;340;discharge;HOBO_CondLogger;8400;0;0;falling;15:44:40;7480;417.7;415.5;2.2;1.01442;10.1442;Active;
10/08/2023;13:40:00;RC;340;discharge;HOBO_CondLogger;8400;0;0;falling;15:44:50;7490;418.1;415.5;2.6;1.19886;11.9886;Active;
10/08/2023;13:40:00;RC;340;discharge;HOBO_CondLogger;8400;0;0;falling;15:45:00;7500;418.1;415.5;2.6;1.19886;11.9886;Active;
10/08/2023;13:40:00;RC;340;discharge;HOBO_CondLogger;8400;0;0;falling;15:45:10;7510;418.1;415.5;2.6;1.19886;11.9886;Active;
10/08/2023;13:40:00;RC;340;discharge;HOBO_CondLogger;8400;0;0;falling;15:45:20;7520;418.1;415.5;2.6;1.19886;11.9886;Active;
10/08/2023;13:40:00;RC;340;discharge;HOBO_CondLogger;8400;0;0;falling;15:45:30;7530;418.1;415.5;2.6;1.19886;11.9886;Active;
10/08/2023;13:40:00;RC;340;discharge;HOBO_CondLogger;8400;0;0;falling;15:45:40;7540;418.1;415.5;2.6;1.19886;11.9886;Active;
10/08/2023;13:40:00;RC;340;discharge;HOBO_CondLogger;8400;0;0;falling;15:45:50;7550;418.4;415.5;2.9;1.33719;13.3719;Active;
10/08/2023;13:40:00;RC;340;discharge;HOBO_CondLogger;8400;0;0;falling;15:46:00;7560;418.1;415.5;2.6;1.19886;11.9886;Active;
10/08/2023;13:40:00;RC;340;discharge;HOBO_CondLogger;8400;0;0;falling;15:46:10;7570;418.1;415.5;2.6;1.19886;11.9886;Active;
10/08/2023;13:40:00;RC;340;discharge;HOBO_CondLogger;8400;0;0;falling;15:46:20;7580;418.1;415.5;2.6;1.19886;11.9886;Active;
10/08/2023;13:40:00;RC;340;discharge;HOBO_CondLogger;8400;0;0;falling;15:46:30;7590;418.1;415.5;2.6;1.19886;11.9886;Active;
10/08/2023;13:40:00;RC;340;discharge;HOBO_CondLogger;8400;0;0;falling;15:46:40;7600;418.1;415.5;2.6;1.19886;11.9886;Active;
10/08/2023;13:40:00;RC;340;discharge;HOBO_CondLogger;8400;0;0;falling;15:46:50;7610;418.1;415.5;2.6;1.19886;11.9886;Active;
10/08/2023;13:40:00;RC;340;discharge;HOBO_CondLogger;8400;0;0;falling;15:47:00;7620;418.1;415.5;2.6;1.19886;11.9886;Active;
10/08/2023;13:40:00;RC;340;discharge;HOBO_CondLogger;8400;0;0;falling;15:47:10;7630;418.4;415.5;2.9;1.33719;13.3719;Active;
10/08/2023;13:40:00;RC;340;discharge;HOBO_CondLogger;8400;0;0;falling;15:47:20;7640;418.1;415.5;2.6;1.19886;11.9886;Active;
10/08/2023;13:40:00;RC;340;discharge;HOBO_CondLogger;8400;0;0;falling;15:47:30;7650;418.1;415.5;2.6;1.19886;11.9886;Active;
10/08/2023;13:40:00;RC;340;discharge;HOBO_CondLogger;8400;0;0;falling;15:47:40;7660;418.1;415.5;2.6;1.19886;11.9886;Active;
10/08/2023;13:40:00;RC;340;discharge;HOBO_CondLogger;8400;0;0;falling;15:47:50;7670;418.4;415.5;2.9;1.33719;13.3719;Active;
10/08/2023;13:40:00;RC;340;discharge;HOBO_CondLogger;8400;0;0;falling;15:48:00;7680;418.1;415.5;2.6;1.19886;11.9886;Active;
10/08/2023;13:40:00;RC;340;discharge;HOBO_CondLogger;8400;0;0;falling;15:48:10;7690;418.1;415.5;2.6;1.19886;11.9886;Active;
10/08/2023;13:40:00;RC;340;discharge;HOBO_CondLogger;8400;0;0;falling;15:48:20;7700;418.1;415.5;2.6;1.19886;11.9886;Active;
10/08/2023;13:40:00;RC;340;discharge;HOBO_CondLogger;8400;0;0;falling;15:48:30;7710;418.1;415.5;2.6;1.19886;11.9886;Active;
10/08/2023;13:40:00;RC;340;discharge;HOBO_CondLogger;8400;0;0;falling;15:48:40;7720;418.4;415.5;2.9;1.33719;13.3719;Active;
10/08/2023;13:40:00;RC;340;discharge;HOBO_CondLogger;8400;0;0;falling;15:48:50;7730;418.1;415.5;2.6;1.19886;11.9886;Active;
10/08/2023;13:40:00;RC;340;discharge;HOBO_CondLogger;8400;0;0;falling;15:49:00;7740;418.1;415.5;2.6;1.19886;11.9886;Active;
10/08/2023;13:40:00;RC;340;discharge;HOBO_CondLogger;8400;0;0;falling;15:49:10;7750;418.1;415.5;2.6;1.19886;11.9886;Active;
10/08/2023;13:40:00;RC;340;discharge;HOBO_CondLogger;8400;0;0;falling;15:49:20;7760;418.1;415.5;2.6;1.19886;11.9886;Active;
10/08/2023;13:40:00;RC;340;discharge;HOBO_CondLogger;8400;0;0;falling;15:49:30;7770;418.4;415.5;2.9;1.33719;13.3719;Active;
10/08/2023;13:40:00;RC;340;discharge;HOBO_CondLogger;8400;0;0;falling;15:49:40;7780;418.1;415.5;2.6;1.19886;11.9886;Active;
10/08/2023;13:40:00;RC;340;discharge;HOBO_CondLogger;8400;0;0;falling;15:49:50;7790;418.4;415.5;2.9;1.33719;13.3719;Active;
10/08/2023;13:40:00;RC;340;discharge;HOBO_CondLogger;8400;0;0;falling;15:50:00;7800;418.1;415.5;2.6;1.19886;11.9886;Active;
10/08/2023;13:40:00;RC;340;discharge;HOBO_CondLogger;8400;0;0;falling;15:50:10;7810;418.1;415.5;2.6;1.19886;11.9886;Active;
10/08/2023;13:40:00;RC;340;discharge;HOBO_CondLogger;8400;0;0;falling;15:50:20;7820;418.1;415.5;2.6;1.19886;11.9886;Active;
10/08/2023;13:40:00;RC;340;discharge;HOBO_CondLogger;8400;0;0;falling;15:50:30;7830;418.4;415.5;2.9;1.33719;13.3719;Active;
10/08/2023;13:40:00;RC;340;discharge;HOBO_CondLogger;8400;0;0;falling;15:50:40;7840;418.1;415.5;2.6;1.19886;11.9886;Active;
10/08/2023;13:40:00;RC;340;discharge;HOBO_CondLogger;8400;0;0;falling;15:50:50;7850;418.4;415.5;2.9;1.33719;13.3719;Active;
10/08/2023;13:40:00;RC;340;discharge;HOBO_CondLogger;8400;0;0;falling;15:51:00;7860;418.1;415.5;2.6;1.19886;11.9886;Active;
10/08/2023;13:40:00;RC;340;discharge;HOBO_CondLogger;8400;0;0;falling;15:51:10;7870;418.1;415.5;2.6;1.19886;11.9886;Active;
10/08/2023;13:40:00;RC;340;discharge;HOBO_CondLogger;8400;0;0;falling;15:51:20;7880;418.4;415.5;2.9;1.33719;13.3719;Active;
10/08/2023;13:40:00;RC;340;discharge;HOBO_CondLogger;8400;0;0;falling;15:51:30;7890;418.4;415.5;2.9;1.33719;13.3719;Active;
10/08/2023;13:40:00;RC;340;discharge;HOBO_CondLogger;8400;0;0;falling;15:51:40;7900;418.4;415.5;2.9;1.33719;13.3719;Active;
10/08/2023;13:40:00;RC;340;discharge;HOBO_CondLogger;8400;0;0;falling;15:51:50;7910;418.4;415.5;2.9;1.33719;13.3719;Active;
10/08/2023;13:40:00;RC;340;discharge;HOBO_CondLogger;8400;0;0;falling;15:52:00;7920;418.4;415.5;2.9;1.33719;13.3719;Active;
10/08/2023;13:40:00;RC;340;discharge;HOBO_CondLogger;8400;0;0;falling;15:52:10;7930;418.4;415.5;2.9;1.33719;13.3719;Active;
10/08/2023;13:40:00;RC;340;discharge;HOBO_CondLogger;8400;0;0;falling;15:52:20;7940;418.4;415.5;2.9;1.33719;13.3719;Active;
10/08/2023;13:40:00;RC;340;discharge;HOBO_CondLogger;8400;0;0;falling;15:52:30;7950;418.4;415.5;2.9;1.33719;13.3719;Active;
10/08/2023;13:40:00;RC;340;discharge;HOBO_CondLogger;8400;0;0;falling;15:52:40;7960;418.4;415.5;2.9;1.33719;13.3719;Active;
10/08/2023;13:40:00;RC;340;discharge;HOBO_CondLogger;8400;0;0;falling;15:52:50;7970;418.4;415.5;2.9;1.33719;13.3719;Active;
10/08/2023;13:40:00;RC;340;discharge;HOBO_CondLogger;8400;0;0;falling;15:53:00;7980;418.4;415.5;2.9;1.33719;13.3719;Active;
10/08/2023;13:40:00;RC;340;discharge;HOBO_CondLogger;8400;0;0;falling;15:53:10;7990;418.4;415.5;2.9;1.33719;13.3719;Active;
10/08/2023;13:40:00;RC;340;discharge;HOBO_CondLogger;8400;0;0;falling;15:53:20;8000;418.4;415.5;2.9;1.33719;13.3719;Active;
10/08/2023;13:40:00;RC;340;discharge;HOBO_CondLogger;8400;0;0;falling;15:53:30;8010;418.4;415.5;2.9;1.33719;13.3719;Active;
10/08/2023;13:40:00;RC;340;discharge;HOBO_CondLogger;8400;0;0;falling;15:53:40;8020;418.4;415.5;2.9;1.33719;13.3719;Active;
10/08/2023;13:40:00;RC;340;discharge;HOBO_CondLogger;8400;0;0;falling;15:53:50;8030;418.4;415.5;2.9;1.33719;13.3719;Active;
10/08/2023;13:40:00;RC;340;discharge;HOBO_CondLogger;8400;0;0;falling;15:54:00;8040;418.4;415.5;2.9;1.33719;13.3719;Active;
10/08/2023;13:40:00;RC;340;discharge;HOBO_CondLogger;8400;0;0;falling;15:54:10;8050;418.4;415.5;2.9;1.33719;13.3719;Active;
10/08/2023;13:40:00;RC;340;discharge;HOBO_CondLogger;8400;0;0;falling;15:54:20;8060;418.4;415.5;2.9;1.33719;13.3719;Active;
10/08/2023;13:40:00;RC;340;discharge;HOBO_CondLogger;8400;0;0;falling;15:54:30;8070;418.1;415.5;2.6;1.19886;11.9886;Active;
10/08/2023;13:40:00;RC;340;discharge;HOBO_CondLogger;8400;0;0;falling;15:54:40;8080;418.4;415.5;2.9;1.33719;13.3719;Active;
10/08/2023;13:40:00;RC;340;discharge;HOBO_CondLogger;8400;0;0;falling;15:54:50;8090;418.1;415.5;2.6;1.19886;11.9886;Active;
10/08/2023;13:40:00;RC;340;discharge;HOBO_CondLogger;8400;0;0;falling;15:55:00;8100;418.4;415.5;2.9;1.33719;13.3719;Active;
10/08/2023;13:40:00;RC;340;discharge;HOBO_CondLogger;8400;0;0;falling;15:55:10;8110;418.1;415.5;2.6;1.19886;11.9886;Active;
10/08/2023;13:40:00;RC;340;discharge;HOBO_CondLogger;8400;0;0;falling;15:55:20;8120;418.4;415.5;2.9;1.33719;13.3719;Active;
10/08/2023;13:40:00;RC;340;discharge;HOBO_CondLogger;8400;0;0;falling;15:55:30;8130;418.4;415.5;2.9;1.33719;13.3719;Active;
10/08/2023;13:40:00;RC;340;discharge;HOBO_CondLogger;8400;0;0;falling;15:55:40;8140;418.4;415.5;2.9;1.33719;13.3719;Active;
10/08/2023;13:40:00;RC;340;discharge;HOBO_CondLogger;8400;0;0;falling;15:55:50;8150;418.1;415.5;2.6;1.19886;11.9886;Active;
10/08/2023;13:40:00;RC;340;discharge;HOBO_CondLogger;8400;0;0;falling;15:56:00;8160;418.4;415.5;2.9;1.33719;13.3719;Active;
10/08/2023;13:40:00;RC;340;discharge;HOBO_CondLogger;8400;0;0;falling;15:56:10;8170;418.4;415.5;2.9;1.33719;13.3719;Active;
10/08/2023;13:40:00;RC;340;discharge;HOBO_CondLogger;8400;0;0;falling;15:56:20;8180;418.4;415.5;2.9;1.33719;13.3719;Active;
10/08/2023;13:40:00;RC;340;discharge;HOBO_CondLogger;8400;0;0;falling;15:56:30;8190;418.4;415.5;2.9;1.33719;13.3719;Active;
10/08/2023;13:40:00;RC;340;discharge;HOBO_CondLogger;8400;0;0;falling;15:56:40;8200;418.4;415.5;2.9;1.33719;13.3719;Active;
10/08/2023;13:40:00;RC;340;discharge;HOBO_CondLogger;8400;0;0;falling;15:56:50;8210;418.4;415.5;2.9;1.33719;13.3719;Active;
10/08/2023;13:40:00;RC;340;discharge;HOBO_CondLogger;8400;0;0;falling;15:57:00;8220;418.4;415.5;2.9;1.33719;13.3719;Active;
10/08/2023;13:40:00;RC;340;discharge;HOBO_CondLogger;8400;0;0;falling;15:57:10;8230;418.4;415.5;2.9;1.33719;13.3719;Active;
10/08/2023;13:40:00;RC;340;discharge;HOBO_CondLogger;8400;0;0;falling;15:57:20;8240;418.4;415.5;2.9;1.33719;13.3719;Active;
10/08/2023;13:40:00;RC;340;discharge;HOBO_CondLogger;8400;0;0;falling;15:57:30;8250;418.4;415.5;2.9;1.33719;13.3719;Active;
10/08/2023;13:40:00;RC;340;discharge;HOBO_CondLogger;8400;0;0;falling;15:57:40;8260;418.4;415.5;2.9;1.33719;13.3719;Active;
10/08/2023;13:40:00;RC;340;discharge;HOBO_CondLogger;8400;0;0;falling;15:57:50;8270;418.8;415.5;3.3;1.52163;15.2163;Active;
10/08/2023;13:40:00;RC;340;discharge;HOBO_CondLogger;8400;0;0;falling;15:58:00;8280;418.4;415.5;2.9;1.33719;13.3719;Active;
10/08/2023;13:40:00;RC;340;discharge;HOBO_CondLogger;8400;0;0;falling;15:58:10;8290;418.4;415.5;2.9;1.33719;13.3719;Active;
10/08/2023;13:40:00;RC;340;discharge;HOBO_CondLogger;8400;0;0;falling;15:58:20;8300;418.4;415.5;2.9;1.33719;13.3719;Active;
10/08/2023;13:40:00;RC;340;discharge;HOBO_CondLogger;8400;0;0;falling;15:58:30;8310;418.4;415.5;2.9;1.33719;13.3719;Active;
10/08/2023;13:40:00;RC;340;discharge;HOBO_CondLogger;8400;0;0;falling;15:58:40;8320;418.4;415.5;2.9;1.33719;13.3719;Active;
10/08/2023;13:40:00;RC;340;discharge;HOBO_CondLogger;8400;0;0;falling;15:58:50;8330;418.4;415.5;2.9;1.33719;13.3719;Active;
10/08/2023;13:40:00;RC;340;discharge;HOBO_CondLogger;8400;0;0;falling;15:59:00;8340;418.4;415.5;2.9;1.33719;13.3719;Active;
10/08/2023;13:40:00;RC;340;discharge;HOBO_CondLogger;8400;0;0;falling;15:59:10;8350;418.4;415.5;2.9;1.33719;13.3719;Active;
10/08/2023;13:40:00;RC;340;discharge;HOBO_CondLogger;8400;0;0;falling;15:59:20;8360;418.4;415.5;2.9;1.33719;13.3719;Active;
10/08/2023;13:40:00;RC;340;discharge;HOBO_CondLogger;8400;0;0;falling;15:59:30;8370;418.4;415.5;2.9;1.33719;13.3719;Active;
10/08/2023;13:40:00;RC;340;discharge;HOBO_CondLogger;8400;0;0;falling;15:59:40;8380;418.4;415.5;2.9;1.33719;13.3719;Active;
10/08/2023;13:40:00;RC;340;discharge;HOBO_CondLogger;8400;0;0;falling;15:59:50;8390;418.4;415.5;2.9;1.33719;13.3719;Active;
10/08/2023;13:40:00;RC;340;discharge;HOBO_CondLogger;8400;0;0;falling;16:00:00;8400;418.4;415.5;2.9;1.33719;13.3719;Active;
10/08/2023;13:40:00;RC;340;discharge;HOBO_CondLogger;8400;0;0;falling;16:00:10;8410;418.4;415.5;2.9;1.33719;13.3719;Active;
10/08/2023;13:40:00;RC;340;discharge;HOBO_CondLogger;8400;0;0;falling;16:00:20;8420;418.4;415.5;2.9;1.33719;13.3719;Active;
10/08/2023;13:40:00;RC;340;discharge;HOBO_CondLogger;8400;0;0;falling;16:00:30;8430;418.4;415.5;2.9;1.33719;13.3719;Active;
10/08/2023;13:40:00;RC;340;discharge;HOBO_CondLogger;8400;0;0;falling;16:00:40;8440;418.4;415.5;2.9;1.33719;13.3719;Active;
10/08/2023;13:40:00;RC;340;discharge;HOBO_CondLogger;8400;0;0;falling;16:00:50;8450;418.4;415.5;2.9;1.33719;13.3719;Active;
10/08/2023;13:40:00;RC;340;discharge;HOBO_CondLogger;8400;0;0;falling;16:01:00;8460;418.4;415.5;2.9;1.33719;13.3719;Active;
10/08/2023;13:40:00;RC;340;discharge;HOBO_CondLogger;8400;0;0;falling;16:01:10;8470;418.4;415.5;2.9;1.33719;13.3719;Active;
10/08/2023;13:40:00;RC;340;discharge;HOBO_CondLogger;8400;0;0;falling;16:01:20;8480;418.4;415.5;2.9;1.33719;13.3719;Active;
10/08/2023;13:40:00;RC;340;discharge;HOBO_CondLogger;8400;0;0;falling;16:01:30;8490;418.4;415.5;2.9;1.33719;13.3719;Active;
10/08/2023;13:40:00;RC;340;discharge;HOBO_CondLogger;8400;0;0;falling;16:01:40;8500;418.4;415.5;2.9;1.33719;13.3719;Active;
10/08/2023;13:40:00;RC;340;discharge;HOBO_CondLogger;8400;0;0;falling;16:01:50;8510;418.4;415.5;2.9;1.33719;13.3719;Active;
10/08/2023;13:40:00;RC;340;discharge;HOBO_CondLogger;8400;0;0;falling;16:02:00;8520;418.4;415.5;2.9;1.33719;13.3719;Active;
10/08/2023;13:40:00;RC;340;discharge;HOBO_CondLogger;8400;0;0;falling;16:02:10;8530;418.8;415.5;3.3;1.52163;15.2163;Active;
10/08/2023;13:40:00;RC;340;discharge;HOBO_CondLogger;8400;0;0;falling;16:02:20;8540;418.4;415.5;2.9;1.33719;13.3719;Active;
10/08/2023;13:40:00;RC;340;discharge;HOBO_CondLogger;8400;0;0;falling;16:02:30;8550;418.4;415.5;2.9;1.33719;13.3719;Active;
10/08/2023;13:40:00;RC;340;discharge;HOBO_CondLogger;8400;0;0;falling;16:02:40;8560;418.4;415.5;2.9;1.33719;13.3719;Active;
10/08/2023;13:40:00;RC;340;discharge;HOBO_CondLogger;8400;0;0;falling;16:02:50;8570;418.4;415.5;2.9;1.33719;13.3719;Active;
10/08/2023;13:40:00;RC;340;discharge;HOBO_CondLogger;8400;0;0;falling;16:03:00;8580;418.4;415.5;2.9;1.33719;13.3719;Active;
10/08/2023;13:40:00;RC;340;discharge;HOBO_CondLogger;8400;0;0;falling;16:03:10;8590;418.8;415.5;3.3;1.52163;15.2163;Active;
10/08/2023;13:40:00;RC;340;discharge;HOBO_CondLogger;8400;0;0;falling;16:03:20;8600;418.4;415.5;2.9;1.33719;13.3719;Active;
10/08/2023;13:40:00;RC;340;discharge;HOBO_CondLogger;8400;0;0;falling;16:03:30;8610;418.8;415.5;3.3;1.52163;15.2163;Active;
10/08/2023;13:40:00;RC;340;discharge;HOBO_CondLogger;8400;0;0;falling;16:03:40;8620;418.4;415.5;2.9;1.33719;13.3719;Active;
10/08/2023;13:40:00;RC;340;discharge;HOBO_CondLogger;8400;0;0;falling;16:03:50;8630;418.4;415.5;2.9;1.33719;13.3719;Active;
10/08/2023;13:40:00;RC;340;discharge;HOBO_CondLogger;8400;0;0;falling;16:04:00;8640;418.8;415.5;3.3;1.52163;15.2163;Active;
10/08/2023;13:40:00;RC;340;discharge;HOBO_CondLogger;8400;0;0;falling;16:04:10;8650;418.8;415.5;3.3;1.52163;15.2163;Active;
10/08/2023;13:40:00;RC;340;discharge;HOBO_CondLogger;8400;0;0;falling;16:04:20;8660;418.4;415.5;2.9;1.33719;13.3719;Active;
10/08/2023;13:40:00;RC;340;discharge;HOBO_CondLogger;8400;0;0;falling;16:04:30;8670;418.4;415.5;2.9;1.33719;13.3719;Active;
10/08/2023;13:40:00;RC;340;discharge;HOBO_CondLogger;8400;0;0;falling;16:04:40;8680;418.8;415.5;3.3;1.52163;15.2163;Active;
10/08/2023;13:40:00;RC;340;discharge;HOBO_CondLogger;8400;0;0;falling;16:04:50;8690;418.4;415.5;2.9;1.33719;13.3719;Active;
10/08/2023;13:40:00;RC;340;discharge;HOBO_CondLogger;8400;0;0;falling;16:05:00;8700;418.8;415.5;3.3;1.52163;15.2163;Active;
10/08/2023;13:40:00;RC;340;discharge;HOBO_CondLogger;8400;0;0;falling;16:05:10;8710;418.8;415.5;3.3;1.52163;15.2163;Active;
10/08/2023;13:40:00;RC;340;discharge;HOBO_CondLogger;8400;0;0;falling;16:05:20;8720;418.8;415.5;3.3;1.52163;15.2163;Active;
10/08/2023;13:40:00;RC;340;discharge;HOBO_CondLogger;8400;0;0;falling;16:05:30;8730;418.8;415.5;3.3;1.52163;15.2163;Active;
10/08/2023;13:40:00;RC;340;discharge;HOBO_CondLogger;8400;0;0;falling;16:05:40;8740;418.8;415.5;3.3;1.52163;15.2163;Active;
10/08/2023;13:40:00;RC;340;discharge;HOBO_CondLogger;8400;0;0;falling;16:05:50;8750;418.8;415.5;3.3;1.52163;15.2163;Active;
10/08/2023;13:40:00;RC;340;discharge;HOBO_CondLogger;8400;0;0;falling;16:06:00;8760;418.8;415.5;3.3;1.52163;15.2163;Active;
10/08/2023;13:40:00;RC;340;discharge;HOBO_CondLogger;8400;0;0;falling;16:06:10;8770;418.8;415.5;3.3;1.52163;15.2163;Active;
10/08/2023;13:40:00;RC;340;discharge;HOBO_CondLogger;8400;0;0;falling;16:06:20;8780;418.4;415.5;2.9;1.33719;13.3719;Active;
10/08/2023;13:40:00;RC;340;discharge;HOBO_CondLogger;8400;0;0;falling;16:06:30;8790;418.8;415.5;3.3;1.52163;15.2163;Active;
10/08/2023;13:40:00;RC;340;discharge;HOBO_CondLogger;8400;0;0;falling;16:06:40;8800;418.8;415.5;3.3;1.52163;15.2163;Active;
10/08/2023;13:40:00;RC;340;discharge;HOBO_CondLogger;8400;0;0;falling;16:06:50;8810;418.4;415.5;2.9;1.33719;13.3719;Active;
10/08/2023;13:40:00;RC;340;discharge;HOBO_CondLogger;8400;0;0;falling;16:07:00;8820;418.8;415.5;3.3;1.52163;15.2163;Active;
10/08/2023;13:40:00;RC;340;discharge;HOBO_CondLogger;8400;0;0;falling;16:07:10;8830;418.4;415.5;2.9;1.33719;13.3719;Active;
10/08/2023;13:40:00;RC;340;discharge;HOBO_CondLogger;8400;0;0;falling;16:07:20;8840;418.8;415.5;3.3;1.52163;15.2163;Active;
10/08/2023;13:40:00;RC;340;discharge;HOBO_CondLogger;8400;0;0;falling;16:07:30;8850;418.4;415.5;2.9;1.33719;13.3719;Active;
10/08/2023;13:40:00;RC;340;discharge;HOBO_CondLogger;8400;0;0;falling;16:07:40;8860;418.8;415.5;3.3;1.52163;15.2163;Active;
10/08/2023;13:40:00;RC;340;discharge;HOBO_CondLogger;8400;0;0;falling;16:07:50;8870;418.4;415.5;2.9;1.33719;13.3719;Active;
10/08/2023;13:40:00;RC;340;discharge;HOBO_CondLogger;8400;0;0;falling;16:08:00;8880;418.8;415.5;3.3;1.52163;15.2163;Active;
10/08/2023;13:40:00;RC;340;discharge;HOBO_CondLogger;8400;0;0;falling;16:08:10;8890;418.4;415.5;2.9;1.33719;13.3719;Active;
10/08/2023;13:40:00;RC;340;discharge;HOBO_CondLogger;8400;0;0;falling;16:08:20;8900;418.8;415.5;3.3;1.52163;15.2163;Active;
10/08/2023;13:40:00;RC;340;discharge;HOBO_CondLogger;8400;0;0;falling;16:08:30;8910;418.8;415.5;3.3;1.52163;15.2163;Active;
10/08/2023;13:40:00;RC;340;discharge;HOBO_CondLogger;8400;0;0;falling;16:08:40;8920;418.8;415.5;3.3;1.52163;15.2163;Active;
10/08/2023;13:40:00;RC;340;discharge;HOBO_CondLogger;8400;0;0;falling;16:08:50;8930;418.4;415.5;2.9;1.33719;13.3719;Active;
10/08/2023;13:40:00;RC;340;discharge;HOBO_CondLogger;8400;0;0;falling;16:09:00;8940;418.8;415.5;3.3;1.52163;15.2163;Active;
10/08/2023;13:40:00;RC;340;discharge;HOBO_CondLogger;8400;0;0;falling;16:09:10;8950;418.4;415.5;2.9;1.33719;13.3719;Active;
10/08/2023;13:40:00;RC;340;discharge;HOBO_CondLogger;8400;0;0;falling;16:09:20;8960;418.8;415.5;3.3;1.52163;15.2163;Active;
10/08/2023;13:40:00;RC;340;discharge;HOBO_CondLogger;8400;0;0;falling;16:09:30;8970;418.8;415.5;3.3;1.52163;15.2163;Active;
10/08/2023;13:40:00;RC;340;discharge;HOBO_CondLogger;8400;0;0;falling;16:09:40;8980;418.4;415.5;2.9;1.33719;13.3719;Active;
10/08/2023;13:40:00;RC;340;discharge;HOBO_CondLogger;8400;0;0;falling;16:09:50;8990;418.8;415.5;3.3;1.52163;15.2163;Active;
10/08/2023;13:40:00;RC;340;discharge;HOBO_CondLogger;8400;0;0;falling;16:10:00;9000;418.8;415.5;3.3;1.52163;15.2163;Active;
10/08/2023;13:40:00;RC;340;discharge;HOBO_CondLogger;8400;0;0;falling;16:10:10;9010;418.4;415.5;2.9;1.33719;13.3719;Active;
10/08/2023;13:40:00;RC;340;discharge;HOBO_CondLogger;8400;0;0;falling;16:10:20;9020;418.8;415.5;3.3;1.52163;15.2163;Active;
10/08/2023;13:40:00;RC;340;discharge;HOBO_CondLogger;8400;0;0;falling;16:10:30;9030;418.8;415.5;3.3;1.52163;15.2163;Active;
10/08/2023;13:40:00;RC;340;discharge;HOBO_CondLogger;8400;0;0;falling;16:10:40;9040;418.4;415.5;2.9;1.33719;13.3719;Active;
10/08/2023;13:40:00;RC;340;discharge;HOBO_CondLogger;8400;0;0;falling;16:10:50;9050;418.8;415.5;3.3;1.52163;15.2163;Active;
10/08/2023;13:40:00;RC;340;discharge;HOBO_CondLogger;8400;0;0;falling;16:11:00;9060;418.4;415.5;2.9;1.33719;13.3719;Active;
10/08/2023;13:40:00;RC;340;discharge;HOBO_CondLogger;8400;0;0;falling;16:11:10;9070;418.8;415.5;3.3;1.52163;15.2163;Active;
10/08/2023;13:40:00;RC;340;discharge;HOBO_CondLogger;8400;0;0;falling;16:11:20;9080;418.8;415.5;3.3;1.52163;15.2163;Active;
10/08/2023;13:40:00;RC;340;discharge;HOBO_CondLogger;8400;0;0;falling;16:11:30;9090;418.8;415.5;3.3;1.52163;15.2163;Active;
10/08/2023;13:40:00;RC;340;discharge;HOBO_CondLogger;8400;0;0;falling;16:11:40;9100;418.8;415.5;3.3;1.52163;15.2163;Active;
10/08/2023;13:40:00;RC;340;discharge;HOBO_CondLogger;8400;0;0;falling;16:11:50;9110;418.8;415.5;3.3;1.52163;15.2163;Active;
10/08/2023;13:40:00;RC;340;discharge;HOBO_CondLogger;8400;0;0;falling;16:12:00;9120;418.8;415.5;3.3;1.52163;15.2163;Active;
10/08/2023;13:40:00;RC;340;discharge;HOBO_CondLogger;8400;0;0;falling;16:12:10;9130;418.8;415.5;3.3;1.52163;15.2163;Active;
10/08/2023;13:40:00;RC;340;discharge;HOBO_CondLogger;8400;0;0;falling;16:12:20;9140;418.8;415.5;3.3;1.52163;15.2163;Active;
10/08/2023;13:40:00;RC;340;discharge;HOBO_CondLogger;8400;0;0;falling;16:12:30;9150;418.8;415.5;3.3;1.52163;15.2163;Active;
10/08/2023;13:40:00;RC;340;discharge;HOBO_CondLogger;8400;0;0;falling;16:12:40;9160;418.8;415.5;3.3;1.52163;15.2163;Active;
10/08/2023;13:40:00;RC;340;discharge;HOBO_CondLogger;8400;0;0;falling;16:12:50;9170;418.8;415.5;3.3;1.52163;15.2163;Active;
10/08/2023;13:40:00;RC;340;discharge;HOBO_CondLogger;8400;0;0;falling;16:13:00;9180;418.4;415.5;2.9;1.33719;13.3719;Active;
10/08/2023;13:40:00;RC;340;discharge;HOBO_CondLogger;8400;0;0;falling;16:13:10;9190;418.8;415.5;3.3;1.52163;15.2163;Active;
10/08/2023;13:40:00;RC;340;discharge;HOBO_CondLogger;8400;0;0;falling;16:13:20;9200;418.8;415.5;3.3;1.52163;15.2163;Active;
10/08/2023;13:40:00;RC;340;discharge;HOBO_CondLogger;8400;0;0;falling;16:13:30;9210;418.8;415.5;3.3;1.52163;15.2163;Active;
10/08/2023;13:40:00;RC;340;discharge;HOBO_CondLogger;8400;0;0;falling;16:13:40;9220;418.8;415.5;3.3;1.52163;15.2163;Active;
10/08/2023;13:40:00;RC;340;discharge;HOBO_CondLogger;8400;0;0;falling;16:13:50;9230;418.8;415.5;3.3;1.52163;15.2163;Active;
10/08/2023;13:40:00;RC;340;discharge;HOBO_CondLogger;8400;0;0;falling;16:14:00;9240;418.8;415.5;3.3;1.52163;15.2163;Active;
10/08/2023;13:40:00;RC;340;discharge;HOBO_CondLogger;8400;0;0;falling;16:14:10;9250;418.8;415.5;3.3;1.52163;15.2163;Active;
10/08/2023;13:40:00;RC;340;discharge;HOBO_CondLogger;8400;0;0;falling;16:14:20;9260;418.8;415.5;3.3;1.52163;15.2163;Active;
10/08/2023;13:40:00;RC;340;discharge;HOBO_CondLogger;8400;0;0;falling;16:14:30;9270;418.8;415.5;3.3;1.52163;15.2163;Active;
10/08/2023;13:40:00;RC;340;discharge;HOBO_CondLogger;8400;0;0;falling;16:14:40;9280;418.8;415.5;3.3;1.52163;15.2163;Active;
10/08/2023;13:40:00;RC;340;discharge;HOBO_CondLogger;8400;0;0;falling;16:14:50;9290;418.4;415.5;2.9;1.33719;13.3719;Active;
10/08/2023;13:40:00;RC;340;discharge;HOBO_CondLogger;8400;0;0;falling;16:15:00;9300;418.8;415.5;3.3;1.52163;15.2163;Active;
10/08/2023;13:40:00;RC;340;discharge;HOBO_CondLogger;8400;0;0;falling;16:15:10;9310;418.8;415.5;3.3;1.52163;15.2163;Active;
10/08/2023;13:40:00;RC;340;discharge;HOBO_CondLogger;8400;0;0;falling;16:15:20;9320;418.8;415.5;3.3;1.52163;15.2163;Active;
10/08/2023;13:40:00;RC;340;discharge;HOBO_CondLogger;8400;0;0;falling;16:15:30;9330;418.8;415.5;3.3;1.52163;15.2163;Active;
10/08/2023;13:40:00;RC;340;discharge;HOBO_CondLogger;8400;0;0;falling;16:15:40;9340;418.8;415.5;3.3;1.52163;15.2163;Active;
10/08/2023;13:40:00;RC;340;discharge;HOBO_CondLogger;8400;0;0;falling;16:15:50;9350;418.8;415.5;3.3;1.52163;15.2163;Active;
10/08/2023;13:40:00;RC;340;discharge;HOBO_CondLogger;8400;0;0;falling;16:16:00;9360;418.8;415.5;3.3;1.52163;15.2163;Active;
10/08/2023;13:40:00;RC;340;discharge;HOBO_CondLogger;8400;0;0;falling;16:16:10;9370;418.8;415.5;3.3;1.52163;15.2163;Active;
10/08/2023;13:40:00;RC;340;discharge;HOBO_CondLogger;8400;0;0;falling;16:16:20;9380;418.8;415.5;3.3;1.52163;15.2163;Active;
10/08/2023;13:40:00;RC;340;discharge;HOBO_CondLogger;8400;0;0;falling;16:16:30;9390;418.8;415.5;3.3;1.52163;15.2163;Active;
10/08/2023;13:40:00;RC;340;discharge;HOBO_CondLogger;8400;0;0;falling;16:16:40;9400;418.8;415.5;3.3;1.52163;15.2163;Active;
10/08/2023;13:40:00;RC;340;discharge;HOBO_CondLogger;8400;0;0;falling;16:16:50;9410;418.8;415.5;3.3;1.52163;15.2163;Active;
10/08/2023;13:40:00;RC;340;discharge;HOBO_CondLogger;8400;0;0;falling;16:17:00;9420;418.8;415.5;3.3;1.52163;15.2163;Active;
10/08/2023;13:40:00;RC;340;discharge;HOBO_CondLogger;8400;0;0;falling;16:17:10;9430;418.8;415.5;3.3;1.52163;15.2163;Active;
10/08/2023;13:40:00;RC;340;discharge;HOBO_CondLogger;8400;0;0;falling;16:17:20;9440;418.8;415.5;3.3;1.52163;15.2163;Active;
10/08/2023;13:40:00;RC;340;discharge;HOBO_CondLogger;8400;0;0;falling;16:17:30;9450;418.8;415.5;3.3;1.52163;15.2163;Active;
10/08/2023;13:40:00;RC;340;discharge;HOBO_CondLogger;8400;0;0;falling;16:17:40;9460;418.8;415.5;3.3;1.52163;15.2163;Active;
10/08/2023;13:40:00;RC;340;discharge;HOBO_CondLogger;8400;0;0;falling;16:17:50;9470;418.8;415.5;3.3;1.52163;15.2163;Active;
10/08/2023;13:40:00;RC;340;discharge;HOBO_CondLogger;8400;0;0;falling;16:18:00;9480;418.8;415.5;3.3;1.52163;15.2163;Active;
10/08/2023;13:40:00;RC;340;discharge;HOBO_CondLogger;8400;0;0;falling;16:18:10;9490;418.8;415.5;3.3;1.52163;15.2163;Active;
10/08/2023;13:40:00;RC;340;discharge;HOBO_CondLogger;8400;0;0;falling;16:18:20;9500;418.8;415.5;3.3;1.52163;15.2163;Active;
10/08/2023;13:40:00;RC;340;discharge;HOBO_CondLogger;8400;0;0;falling;16:18:30;9510;418.8;415.5;3.3;1.52163;15.2163;Active;
10/08/2023;13:40:00;RC;340;discharge;HOBO_CondLogger;8400;0;0;falling;16:18:40;9520;418.8;415.5;3.3;1.52163;15.2163;Active;
10/08/2023;13:40:00;RC;340;discharge;HOBO_CondLogger;8400;0;0;falling;16:18:50;9530;418.8;415.5;3.3;1.52163;15.2163;Active;
10/08/2023;13:40:00;RC;340;discharge;HOBO_CondLogger;8400;0;0;falling;16:19:00;9540;419.2;415.5;3.7;1.70607;17.0607;Active;
10/08/2023;13:40:00;RC;340;discharge;HOBO_CondLogger;8400;0;0;falling;16:19:10;9550;418.8;415.5;3.3;1.52163;15.2163;Active;
10/08/2023;13:40:00;RC;340;discharge;HOBO_CondLogger;8400;0;0;falling;16:19:20;9560;418.8;415.5;3.3;1.52163;15.2163;Active;
10/08/2023;13:40:00;RC;340;discharge;HOBO_CondLogger;8400;0;0;falling;16:19:30;9570;418.8;415.5;3.3;1.52163;15.2163;Active;
10/08/2023;13:40:00;RC;340;discharge;HOBO_CondLogger;8400;0;0;falling;16:19:40;9580;419.2;415.5;3.7;1.70607;17.0607;Active;
10/08/2023;13:40:00;RC;340;discharge;HOBO_CondLogger;8400;0;0;falling;16:19:50;9590;418.8;415.5;3.3;1.52163;15.2163;Active;
10/08/2023;13:40:00;RC;340;discharge;HOBO_CondLogger;8400;0;0;falling;16:20:00;9600;419.2;415.5;3.7;1.70607;17.0607;Active;
10/08/2023;13:40:00;RC;340;discharge;HOBO_CondLogger;8400;0;0;falling;16:20:10;9610;418.8;415.5;3.3;1.52163;15.2163;Active;
10/08/2023;13:40:00;RC;340;discharge;HOBO_CondLogger;8400;0;0;falling;16:20:20;9620;418.8;415.5;3.3;1.52163;15.2163;Active;
10/08/2023;13:40:00;RC;340;discharge;HOBO_CondLogger;8400;0;0;falling;16:20:30;9630;418.8;415.5;3.3;1.52163;15.2163;Active;
10/08/2023;13:40:00;RC;340;discharge;HOBO_CondLogger;8400;0;0;falling;16:20:40;9640;418.8;415.5;3.3;1.52163;15.2163;Active;
10/08/2023;13:40:00;RC;340;discharge;HOBO_CondLogger;8400;0;0;falling;16:20:50;9650;418.8;415.5;3.3;1.52163;15.2163;Active;
10/08/2023;13:40:00;RC;340;discharge;HOBO_CondLogger;8400;0;0;falling;16:21:00;9660;418.8;415.5;3.3;1.52163;15.2163;Active;
10/08/2023;13:40:00;RC;340;discharge;HOBO_CondLogger;8400;0;0;falling;16:21:10;9670;418.8;415.5;3.3;1.52163;15.2163;Active;
10/08/2023;13:40:00;RC;340;discharge;HOBO_CondLogger;8400;0;0;falling;16:21:20;9680;418.8;415.5;3.3;1.52163;15.2163;Active;
10/08/2023;13:40:00;RC;340;discharge;HOBO_CondLogger;8400;0;0;falling;16:21:30;9690;419.2;415.5;3.7;1.70607;17.0607;Active;
10/08/2023;13:40:00;RC;340;discharge;HOBO_CondLogger;8400;0;0;falling;16:21:40;9700;419.2;415.5;3.7;1.70607;17.0607;Active;
10/08/2023;13:40:00;RC;340;discharge;HOBO_CondLogger;8400;0;0;falling;16:21:50;9710;419.2;415.5;3.7;1.70607;17.0607;Active;
10/08/2023;13:40:00;RC;340;discharge;HOBO_CondLogger;8400;0;0;falling;16:22:00;9720;418.8;415.5;3.3;1.52163;15.2163;Active;
10/08/2023;13:40:00;RC;340;discharge;HOBO_CondLogger;8400;0;0;falling;16:22:10;9730;419.2;415.5;3.7;1.70607;17.0607;Active;
10/08/2023;13:40:00;RC;340;discharge;HOBO_CondLogger;8400;0;0;falling;16:22:20;9740;418.8;415.5;3.3;1.52163;0;Active;
10/08/2023;12:40:00;RC;340;discharge;Hanna;8400;0;0;release;12:41:00;0;367;367;0;0;0;Active;
10/08/2023;12:40:00;RC;340;discharge;Hanna;8400;0;0;rising;12:41:30;30;370;367;3;1.3833;41.499;Active;
10/08/2023;12:40:00;RC;340;discharge;Hanna;8400;0;0;rising;12:42:00;60;371;367;4;1.8444;55.332;Active;
10/08/2023;12:40:00;RC;340;discharge;Hanna;8400;0;0;rising;12:42:30;90;371;367;4;1.8444;55.332;Active;
10/08/2023;12:40:00;RC;340;discharge;Hanna;8400;0;0;rising;12:43:00;120;371;367;4;1.8444;55.332;Active;
10/08/2023;12:40:00;RC;340;discharge;Hanna;8400;0;0;rising;12:43:30;150;371;367;4;1.8444;55.332;Active;
10/08/2023;12:40:00;RC;340;discharge;Hanna;8400;0;0;rising;12:44:00;180;372;367;5;2.3055;69.165;Active;
10/08/2023;12:40:00;RC;340;discharge;Hanna;8400;0;0;rising;12:44:30;210;372;367;5;2.3055;69.165;Active;
10/08/2023;12:40:00;RC;340;discharge;Hanna;8400;0;0;rising;12:45:00;240;372;367;5;2.3055;69.165;Active;
10/08/2023;12:40:00;RC;340;discharge;Hanna;8400;0;0;rising;12:45:30;270;372;367;5;2.3055;69.165;Active;
10/08/2023;12:40:00;RC;340;discharge;Hanna;8400;0;0;rising;12:46:00;300;372;367;5;2.3055;69.165;Active;
10/08/2023;12:40:00;RC;340;discharge;Hanna;8400;0;0;rising;12:46:30;330;372;367;5;2.3055;69.165;Active;
10/08/2023;12:40:00;RC;340;discharge;Hanna;8400;0;0;rising;12:47:00;360;373;367;6;2.7666;82.998;Active;
10/08/2023;12:40:00;RC;340;discharge;Hanna;8400;0;0;rising;12:47:30;390;373;367;6;2.7666;82.998;Active;
10/08/2023;12:40:00;RC;340;discharge;Hanna;8400;0;0;rising;12:48:00;420;373;367;6;2.7666;82.998;Active;
10/08/2023;12:40:00;RC;340;discharge;Hanna;8400;0;0;rising;12:48:30;450;373;367;6;2.7666;82.998;Active;
10/08/2023;12:40:00;RC;340;discharge;Hanna;8400;0;0;rising;12:49:00;480;373;367;6;2.7666;82.998;Active;
10/08/2023;12:40:00;RC;340;discharge;Hanna;8400;0;0;rising;12:49:30;510;373;367;6;2.7666;82.998;Active;
10/08/2023;12:40:00;RC;340;discharge;Hanna;8400;0;0;rising;12:50:00;540;373;367;6;2.7666;82.998;Active;
10/08/2023;12:40:00;RC;340;discharge;Hanna;8400;0;0;rising;12:50:30;570;373;367;6;2.7666;82.998;Active;
10/08/2023;12:40:00;RC;340;discharge;Hanna;8400;0;0;rising;12:51:00;600;373;367;6;2.7666;82.998;Active;
10/08/2023;12:40:00;RC;340;discharge;Hanna;8400;0;0;rising;12:51:30;630;373;367;6;2.7666;82.998;Active;
10/08/2023;12:40:00;RC;340;discharge;Hanna;8400;0;0;rising;12:52:00;660;373;367;6;2.7666;82.998;Active;
10/08/2023;12:40:00;RC;340;discharge;Hanna;8400;0;0;rising;12:52:30;690;373;367;6;2.7666;82.998;Active;
10/08/2023;12:40:00;RC;340;discharge;Hanna;8400;0;0;rising;12:53:00;720;373;367;6;2.7666;82.998;Active;
10/08/2023;12:40:00;RC;340;discharge;Hanna;8400;0;0;rising;12:53:30;750;373;367;6;2.7666;82.998;Active;
10/08/2023;12:40:00;RC;340;discharge;Hanna;8400;0;0;rising;12:54:00;780;373;367;6;2.7666;82.998;Active;
10/08/2023;12:40:00;RC;340;discharge;Hanna;8400;0;0;rising;12:54:30;810;373;367;6;2.7666;82.998;Active;
10/08/2023;12:40:00;RC;340;discharge;Hanna;8400;0;0;rising;12:55:00;840;373;367;6;2.7666;82.998;Active;
10/08/2023;12:40:00;RC;340;discharge;Hanna;8400;0;0;rising;12:55:30;870;373;367;6;2.7666;82.998;Active;
10/08/2023;12:40:00;RC;340;discharge;Hanna;8400;0;0;rising;12:56:00;900;373;367;6;2.7666;82.998;Active;
10/08/2023;12:40:00;RC;340;discharge;Hanna;8400;0;0;rising;12:56:30;930;373;367;6;2.7666;82.998;Active;
10/08/2023;12:40:00;RC;340;discharge;Hanna;8400;0;0;rising;12:57:00;960;373;367;6;2.7666;82.998;Active;
10/08/2023;12:40:00;RC;340;discharge;Hanna;8400;0;0;rising;12:57:30;990;373;367;6;2.7666;82.998;Active;
10/08/2023;12:40:00;RC;340;discharge;Hanna;8400;0;0;rising;12:58:00;1020;373;367;6;2.7666;82.998;Active;
10/08/2023;12:40:00;RC;340;discharge;Hanna;8400;0;0;rising;12:58:30;1050;373;367;6;2.7666;82.998;Active;
10/08/2023;12:40:00;RC;340;discharge;Hanna;8400;0;0;rising;12:59:00;1080;373;367;6;2.7666;82.998;Active;
10/08/2023;12:40:00;RC;340;discharge;Hanna;8400;0;0;rising;12:59:30;1110;373;367;6;2.7666;82.998;Active;
10/08/2023;12:40:00;RC;340;discharge;Hanna;8400;0;0;rising;13:00:00;1140;373;367;6;2.7666;82.998;Active;
10/08/2023;12:40:00;RC;340;discharge;Hanna;8400;0;0;rising;13:00:30;1170;373;367;6;2.7666;82.998;Active;
10/08/2023;12:40:00;RC;340;discharge;Hanna;8400;0;0;rising;13:01:00;1200;373;367;6;2.7666;82.998;Active;
10/08/2023;12:40:00;RC;340;discharge;Hanna;8400;0;0;rising;13:01:30;1230;373;367;6;2.7666;82.998;Active;
10/08/2023;12:40:00;RC;340;discharge;Hanna;8400;0;0;rising;13:02:00;1260;373;367;6;2.7666;82.998;Active;
10/08/2023;12:40:00;RC;340;discharge;Hanna;8400;0;0;rising;13:02:30;1290;373;367;6;2.7666;82.998;Active;
10/08/2023;12:40:00;RC;340;discharge;Hanna;8400;0;0;rising;13:03:00;1320;373;367;6;2.7666;82.998;Active;
10/08/2023;12:40:00;RC;340;discharge;Hanna;8400;0;0;rising;13:03:30;1350;373;367;6;2.7666;82.998;Active;
10/08/2023;12:40:00;RC;340;discharge;Hanna;8400;0;0;rising;13:04:00;1380;373;367;6;2.7666;82.998;Active;
10/08/2023;12:40:00;RC;340;discharge;Hanna;8400;0;0;rising;13:04:30;1410;373;367;6;2.7666;82.998;Active;
10/08/2023;12:40:00;RC;340;discharge;Hanna;8400;0;0;rising;13:05:00;1440;373;367;6;2.7666;82.998;Active;
10/08/2023;12:40:00;RC;340;discharge;Hanna;8400;0;0;rising;13:05:30;1470;373;367;6;2.7666;82.998;Active;
10/08/2023;12:40:00;RC;340;discharge;Hanna;8400;0;0;rising;13:06:00;1500;373;367;6;2.7666;82.998;Active;
10/08/2023;12:40:00;RC;340;discharge;Hanna;8400;0;0;rising;13:06:30;1530;373;367;6;2.7666;82.998;Active;
10/08/2023;12:40:00;RC;340;discharge;Hanna;8400;0;0;rising;13:07:00;1560;373;367;6;2.7666;82.998;Active;
10/08/2023;12:40:00;RC;340;discharge;Hanna;8400;0;0;rising;13:07:30;1590;375;367;8;3.6888;110.664;Active;
10/08/2023;12:40:00;RC;340;discharge;Hanna;8400;0;0;rising;13:08:00;1620;376;367;9;4.1499;124.497;Active;
10/08/2023;12:40:00;RC;340;discharge;Hanna;8400;0;0;rising;13:08:30;1650;378;367;11;5.0721;152.163;Active;
10/08/2023;12:40:00;RC;340;discharge;Hanna;8400;0;0;rising;13:09:00;1680;380;367;13;5.9943;89.9145;Active;
10/08/2023;12:40:00;RC;340;discharge;Hanna;8400;0;0;rising;13:09:15;1695;381;367;14;6.4554;96.831;Active;
10/08/2023;12:40:00;RC;340;discharge;Hanna;8400;0;0;rising;13:09:30;1710;383;367;16;7.3776;110.664;Active;
10/08/2023;12:40:00;RC;340;discharge;Hanna;8400;0;0;rising;13:09:45;1725;384;367;17;7.8387;117.5805;Active;
10/08/2023;12:40:00;RC;340;discharge;Hanna;8400;0;0;rising;13:10:00;1740;386;367;19;8.7609;131.4135;Active;
10/08/2023;12:40:00;RC;340;discharge;Hanna;8400;0;0;rising;13:10:15;1755;387;367;20;9.222;138.33;Active;
10/08/2023;12:40:00;RC;340;discharge;Hanna;8400;0;0;rising;13:10:30;1770;389;367;22;10.1442;152.163;Active;
10/08/2023;12:40:00;RC;340;discharge;Hanna;8400;0;0;rising;13:10:45;1785;391;367;24;11.0664;165.996;Active;
10/08/2023;12:40:00;RC;340;discharge;Hanna;8400;0;0;rising;13:11:00;1800;392;367;25;11.5275;172.9125;Active;
10/08/2023;12:40:00;RC;340;discharge;Hanna;8400;0;0;rising;13:11:15;1815;394;367;27;12.4497;186.7455;Active;
10/08/2023;12:40:00;RC;340;discharge;Hanna;8400;0;0;rising;13:11:30;1830;396;367;29;13.3719;200.5785;Active;
10/08/2023;12:40:00;RC;340;discharge;Hanna;8400;0;0;rising;13:11:45;1845;396;367;29;13.3719;200.5785;Active;
10/08/2023;12:40:00;RC;340;discharge;Hanna;8400;0;0;rising;13:12:00;1860;398;367;31;14.2941;214.4115;Active;
10/08/2023;12:40:00;RC;340;discharge;Hanna;8400;0;0;rising;13:12:15;1875;399;367;32;14.7552;221.328;Active;
10/08/2023;12:40:00;RC;340;discharge;Hanna;8400;0;0;rising;13:12:30;1890;401;367;34;15.6774;235.161;Active;
10/08/2023;12:40:00;RC;340;discharge;Hanna;8400;0;0;rising;13:12:45;1905;401;367;34;15.6774;235.161;Active;
10/08/2023;12:40:00;RC;340;discharge;Hanna;8400;0;0;rising;13:13:00;1920;403;367;36;16.5996;248.994;Active;
10/08/2023;12:40:00;RC;340;discharge;Hanna;8400;0;0;rising;13:13:15;1935;402;367;35;16.1385;242.0775;Active;
10/08/2023;12:40:00;RC;340;discharge;Hanna;8400;0;0;rising;13:13:30;1950;403;367;36;16.5996;248.994;Active;
10/08/2023;12:40:00;RC;340;discharge;Hanna;8400;0;0;rising;13:13:45;1965;403;367;36;16.5996;248.994;Active;
10/08/2023;12:40:00;RC;340;discharge;Hanna;8400;0;0;rising;13:14:00;1980;403;367;36;16.5996;248.994;Active;
10/08/2023;12:40:00;RC;340;discharge;Hanna;8400;0;0;rising;13:14:15;1995;404;367;37;17.0607;255.9105;Active;
10/08/2023;12:40:00;RC;340;discharge;Hanna;8400;0;0;rising;13:14:30;2010;404;367;37;17.0607;255.9105;Active;
10/08/2023;12:40:00;RC;340;discharge;Hanna;8400;0;0;rising;13:14:45;2025;404;367;37;17.0607;255.9105;Active;
10/08/2023;12:40:00;RC;340;discharge;Hanna;8400;0;0;rising;13:15:00;2040;404;367;37;17.0607;255.9105;Active;
10/08/2023;12:40:00;RC;340;discharge;Hanna;8400;0;0;rising;13:15:15;2055;404;367;37;17.0607;255.9105;Active;
10/08/2023;12:40:00;RC;340;discharge;Hanna;8400;0;0;rising;13:15:30;2070;404;367;37;17.0607;255.9105;Active;
10/08/2023;12:40:00;RC;340;discharge;Hanna;8400;0;0;falling;13:15:45;2085;403;367;36;16.5996;248.994;Active;
10/08/2023;12:40:00;RC;340;discharge;Hanna;8400;0;0;falling;13:16:00;2100;403;367;36;16.5996;248.994;Active;
10/08/2023;12:40:00;RC;340;discharge;Hanna;8400;0;0;falling;13:16:15;2115;402;367;35;16.1385;242.0775;Active;
10/08/2023;12:40:00;RC;340;discharge;Hanna;8400;0;0;falling;13:16:30;2130;402;367;35;16.1385;242.0775;Active;
10/08/2023;12:40:00;RC;340;discharge;Hanna;8400;0;0;falling;13:16:45;2145;402;367;35;16.1385;242.0775;Active;
10/08/2023;12:40:00;RC;340;discharge;Hanna;8400;0;0;falling;13:17:00;2160;401;367;34;15.6774;235.161;Active;
10/08/2023;12:40:00;RC;340;discharge;Hanna;8400;0;0;falling;13:17:15;2175;401;367;34;15.6774;235.161;Active;
10/08/2023;12:40:00;RC;340;discharge;Hanna;8400;0;0;falling;13:17:30;2190;400;367;33;15.2163;228.2445;Active;
10/08/2023;12:40:00;RC;340;discharge;Hanna;8400;0;0;falling;13:17:45;2205;399;367;32;14.7552;221.328;Active;
10/08/2023;12:40:00;RC;340;discharge;Hanna;8400;0;0;falling;13:18:00;2220;399;367;32;14.7552;221.328;Active;
10/08/2023;12:40:00;RC;340;discharge;Hanna;8400;0;0;falling;13:18:15;2235;398;367;31;14.2941;214.4115;Active;
10/08/2023;12:40:00;RC;340;discharge;Hanna;8400;0;0;falling;13:18:30;2250;398;367;31;14.2941;214.4115;Active;
10/08/2023;12:40:00;RC;340;discharge;Hanna;8400;0;0;falling;13:18:45;2265;397;367;30;13.833;207.495;Active;
10/08/2023;12:40:00;RC;340;discharge;Hanna;8400;0;0;falling;13:19:00;2280;397;367;30;13.833;207.495;Active;
10/08/2023;12:40:00;RC;340;discharge;Hanna;8400;0;0;falling;13:19:15;2295;397;367;30;13.833;207.495;Active;
10/08/2023;12:40:00;RC;340;discharge;Hanna;8400;0;0;falling;13:19:30;2310;396;367;29;13.3719;200.5785;Active;
10/08/2023;12:40:00;RC;340;discharge;Hanna;8400;0;0;falling;13:19:45;2325;396;367;29;13.3719;200.5785;Active;
10/08/2023;12:40:00;RC;340;discharge;Hanna;8400;0;0;falling;13:20:00;2340;395;367;28;12.9108;193.662;Active;
10/08/2023;12:40:00;RC;340;discharge;Hanna;8400;0;0;falling;13:20:15;2355;394;367;27;12.4497;186.7455;Active;
10/08/2023;12:40:00;RC;340;discharge;Hanna;8400;0;0;falling;13:20:30;2370;394;367;27;12.4497;186.7455;Active;
10/08/2023;12:40:00;RC;340;discharge;Hanna;8400;0;0;falling;13:20:45;2385;394;367;27;12.4497;186.7455;Active;
10/08/2023;12:40:00;RC;340;discharge;Hanna;8400;0;0;falling;13:21:00;2400;393;367;26;11.9886;179.829;Active;
10/08/2023;12:40:00;RC;340;discharge;Hanna;8400;0;0;falling;13:21:15;2415;393;367;26;11.9886;179.829;Active;
10/08/2023;12:40:00;RC;340;discharge;Hanna;8400;0;0;falling;13:21:30;2430;392;367;25;11.5275;172.9125;Active;
10/08/2023;12:40:00;RC;340;discharge;Hanna;8400;0;0;falling;13:21:45;2445;391;367;24;11.0664;165.996;Active;
10/08/2023;12:40:00;RC;340;discharge;Hanna;8400;0;0;falling;13:22:00;2460;391;367;24;11.0664;165.996;Active;
10/08/2023;12:40:00;RC;340;discharge;Hanna;8400;0;0;falling;13:22:15;2475;390;367;23;10.6053;159.0795;Active;
10/08/2023;12:40:00;RC;340;discharge;Hanna;8400;0;0;falling;13:22:30;2490;390;367;23;10.6053;159.0795;Active;
10/08/2023;12:40:00;RC;340;discharge;Hanna;8400;0;0;falling;13:22:45;2505;389;367;22;10.1442;152.163;Active;
10/08/2023;12:40:00;RC;340;discharge;Hanna;8400;0;0;falling;13:23:00;2520;389;367;22;10.1442;152.163;Active;
10/08/2023;12:40:00;RC;340;discharge;Hanna;8400;0;0;falling;13:23:15;2535;389;367;22;10.1442;152.163;Active;
10/08/2023;12:40:00;RC;340;discharge;Hanna;8400;0;0;falling;13:23:30;2550;388;367;21;9.6831;145.2465;Active;
10/08/2023;12:40:00;RC;340;discharge;Hanna;8400;0;0;falling;13:23:45;2565;388;367;21;9.6831;145.2465;Active;
10/08/2023;12:40:00;RC;340;discharge;Hanna;8400;0;0;falling;13:24:00;2580;388;367;21;9.6831;145.2465;Active;
10/08/2023;12:40:00;RC;340;discharge;Hanna;8400;0;0;falling;13:24:15;2595;388;367;21;9.6831;145.2465;Active;
10/08/2023;12:40:00;RC;340;discharge;Hanna;8400;0;0;falling;13:24:30;2610;387;367;20;9.222;138.33;Active;
10/08/2023;12:40:00;RC;340;discharge;Hanna;8400;0;0;falling;13:24:45;2625;387;367;20;9.222;138.33;Active;
10/08/2023;12:40:00;RC;340;discharge;Hanna;8400;0;0;falling;13:25:00;2640;387;367;20;9.222;138.33;Active;
10/08/2023;12:40:00;RC;340;discharge;Hanna;8400;0;0;falling;13:25:15;2655;386;367;19;8.7609;131.4135;Active;
10/08/2023;12:40:00;RC;340;discharge;Hanna;8400;0;0;falling;13:25:30;2670;386;367;19;8.7609;131.4135;Active;
10/08/2023;12:40:00;RC;340;discharge;Hanna;8400;0;0;falling;13:25:45;2685;385;367;18;8.2998;124.497;Active;
10/08/2023;12:40:00;RC;340;discharge;Hanna;8400;0;0;falling;13:26:00;2700;385;367;18;8.2998;124.497;Active;
10/08/2023;12:40:00;RC;340;discharge;Hanna;8400;0;0;falling;13:26:15;2715;384;367;17;7.8387;117.5805;Active;
10/08/2023;12:40:00;RC;340;discharge;Hanna;8400;0;0;falling;13:26:30;2730;385;367;18;8.2998;124.497;Active;
10/08/2023;12:40:00;RC;340;discharge;Hanna;8400;0;0;falling;13:26:45;2745;384;367;17;7.8387;117.5805;Active;
10/08/2023;12:40:00;RC;340;discharge;Hanna;8400;0;0;falling;13:27:00;2760;384;367;17;7.8387;117.5805;Active;
10/08/2023;12:40:00;RC;340;discharge;Hanna;8400;0;0;falling;13:27:15;2775;383;367;16;7.3776;110.664;Active;
10/08/2023;12:40:00;RC;340;discharge;Hanna;8400;0;0;falling;13:27:30;2790;383;367;16;7.3776;110.664;Active;
10/08/2023;12:40:00;RC;340;discharge;Hanna;8400;0;0;falling;13:27:45;2805;383;367;16;7.3776;110.664;Active;
10/08/2023;12:40:00;RC;340;discharge;Hanna;8400;0;0;falling;13:28:00;2820;382;367;15;6.9165;103.7475;Active;
10/08/2023;12:40:00;RC;340;discharge;Hanna;8400;0;0;falling;13:28:15;2835;382;367;15;6.9165;103.7475;Active;
10/08/2023;12:40:00;RC;340;discharge;Hanna;8400;0;0;falling;13:28:30;2850;382;367;15;6.9165;103.7475;Active;
10/08/2023;12:40:00;RC;340;discharge;Hanna;8400;0;0;falling;13:28:45;2865;381;367;14;6.4554;96.831;Active;
10/08/2023;12:40:00;RC;340;discharge;Hanna;8400;0;0;falling;13:29:00;2880;381;367;14;6.4554;96.831;Active;
10/08/2023;12:40:00;RC;340;discharge;Hanna;8400;0;0;falling;13:29:15;2895;381;367;14;6.4554;96.831;Active;
10/08/2023;12:40:00;RC;340;discharge;Hanna;8400;0;0;falling;13:29:30;2910;381;367;14;6.4554;96.831;Active;
10/08/2023;12:40:00;RC;340;discharge;Hanna;8400;0;0;falling;13:29:45;2925;381;367;14;6.4554;96.831;Active;
10/08/2023;12:40:00;RC;340;discharge;Hanna;8400;0;0;falling;13:30:00;2940;381;367;14;6.4554;96.831;Active;
10/08/2023;12:40:00;RC;340;discharge;Hanna;8400;0;0;falling;13:30:15;2955;380;367;13;5.9943;89.9145;Active;
10/08/2023;12:40:00;RC;340;discharge;Hanna;8400;0;0;falling;13:30:30;2970;380;367;13;5.9943;89.9145;Active;
10/08/2023;12:40:00;RC;340;discharge;Hanna;8400;0;0;falling;13:30:45;2985;380;367;13;5.9943;89.9145;Active;
10/08/2023;12:40:00;RC;340;discharge;Hanna;8400;0;0;falling;13:31:00;3000;380;367;13;5.9943;89.9145;Active;
10/08/2023;12:40:00;RC;340;discharge;Hanna;8400;0;0;falling;13:31:15;3015;380;367;13;5.9943;89.9145;Active;
10/08/2023;12:40:00;RC;340;discharge;Hanna;8400;0;0;falling;13:31:30;3030;380;367;13;5.9943;89.9145;Active;
10/08/2023;12:40:00;RC;340;discharge;Hanna;8400;0;0;falling;13:31:45;3045;379;367;12;5.5332;82.998;Active;
10/08/2023;12:40:00;RC;340;discharge;Hanna;8400;0;0;falling;13:32:00;3060;379;367;12;5.5332;82.998;Active;
10/08/2023;12:40:00;RC;340;discharge;Hanna;8400;0;0;falling;13:32:15;3075;379;367;12;5.5332;82.998;Active;
10/08/2023;12:40:00;RC;340;discharge;Hanna;8400;0;0;falling;13:32:30;3090;379;367;12;5.5332;82.998;Active;
10/08/2023;12:40:00;RC;340;discharge;Hanna;8400;0;0;falling;13:32:45;3105;379;367;12;5.5332;82.998;Active;
10/08/2023;12:40:00;RC;340;discharge;Hanna;8400;0;0;falling;13:33:00;3120;379;367;12;5.5332;82.998;Active;
10/08/2023;12:40:00;RC;340;discharge;Hanna;8400;0;0;falling;13:33:15;3135;379;367;12;5.5332;82.998;Active;
10/08/2023;12:40:00;RC;340;discharge;Hanna;8400;0;0;falling;13:33:30;3150;379;367;12;5.5332;82.998;Active;
10/08/2023;12:40:00;RC;340;discharge;Hanna;8400;0;0;falling;13:33:45;3165;378;367;11;5.0721;76.0815;Active;
10/08/2023;12:40:00;RC;340;discharge;Hanna;8400;0;0;falling;13:34:00;3180;378;367;11;5.0721;76.0815;Active;
10/08/2023;12:40:00;RC;340;discharge;Hanna;8400;0;0;falling;13:34:15;3195;377;367;10;4.611;69.165;Active;
10/08/2023;12:40:00;RC;340;discharge;Hanna;8400;0;0;falling;13:34:30;3210;377;367;10;4.611;69.165;Active;
10/08/2023;12:40:00;RC;340;discharge;Hanna;8400;0;0;falling;13:34:45;3225;377;367;10;4.611;69.165;Active;
10/08/2023;12:40:00;RC;340;discharge;Hanna;8400;0;0;falling;13:35:00;3240;377;367;10;4.611;69.165;Active;
10/08/2023;12:40:00;RC;340;discharge;Hanna;8400;0;0;falling;13:35:15;3255;377;367;10;4.611;69.165;Active;
10/08/2023;12:40:00;RC;340;discharge;Hanna;8400;0;0;falling;13:35:30;3270;377;367;10;4.611;69.165;Active;
10/08/2023;12:40:00;RC;340;discharge;Hanna;8400;0;0;falling;13:35:45;3285;377;367;10;4.611;69.165;Active;
10/08/2023;12:40:00;RC;340;discharge;Hanna;8400;0;0;falling;13:36:00;3300;377;367;10;4.611;69.165;Active;
10/08/2023;12:40:00;RC;340;discharge;Hanna;8400;0;0;falling;13:36:15;3315;377;367;10;4.611;69.165;Active;
10/08/2023;12:40:00;RC;340;discharge;Hanna;8400;0;0;falling;13:36:30;3330;377;367;10;4.611;69.165;Active;
10/08/2023;12:40:00;RC;340;discharge;Hanna;8400;0;0;falling;13:36:45;3345;377;367;10;4.611;69.165;Active;
10/08/2023;12:40:00;RC;340;discharge;Hanna;8400;0;0;falling;13:37:00;3360;377;367;10;4.611;69.165;Active;
10/08/2023;12:40:00;RC;340;discharge;Hanna;8400;0;0;falling;13:37:15;3375;376;367;9;4.1499;62.2485;Active;
10/08/2023;12:40:00;RC;340;discharge;Hanna;8400;0;0;falling;13:37:30;3390;376;367;9;4.1499;62.2485;Active;
10/08/2023;12:40:00;RC;340;discharge;Hanna;8400;0;0;falling;13:37:45;3405;376;367;9;4.1499;62.2485;Active;
10/08/2023;12:40:00;RC;340;discharge;Hanna;8400;0;0;falling;13:38:00;3420;376;367;9;4.1499;62.2485;Active;
10/08/2023;12:40:00;RC;340;discharge;Hanna;8400;0;0;falling;13:38:15;3435;376;367;9;4.1499;62.2485;Active;
10/08/2023;12:40:00;RC;340;discharge;Hanna;8400;0;0;falling;13:38:30;3450;376;367;9;4.1499;62.2485;Active;
10/08/2023;12:40:00;RC;340;discharge;Hanna;8400;0;0;falling;13:38:45;3465;376;367;9;4.1499;62.2485;Active;
10/08/2023;12:40:00;RC;340;discharge;Hanna;8400;0;0;falling;13:39:00;3480;376;367;9;4.1499;62.2485;Active;
10/08/2023;12:40:00;RC;340;discharge;Hanna;8400;0;0;falling;13:39:15;3495;376;367;9;4.1499;62.2485;Active;
10/08/2023;12:40:00;RC;340;discharge;Hanna;8400;0;0;falling;13:39:30;3510;376;367;9;4.1499;62.2485;Active;
10/08/2023;12:40:00;RC;340;discharge;Hanna;8400;0;0;falling;13:39:45;3525;376;367;9;4.1499;62.2485;Active;
10/08/2023;12:40:00;RC;340;discharge;Hanna;8400;0;0;falling;13:40:00;3540;376;367;9;4.1499;62.2485;Active;
10/08/2023;12:40:00;RC;340;discharge;Hanna;8400;0;0;falling;13:40:15;3555;376;367;9;4.1499;62.2485;Active;
10/08/2023;12:40:00;RC;340;discharge;Hanna;8400;0;0;falling;13:40:30;3570;376;367;9;4.1499;62.2485;Active;
10/08/2023;12:40:00;RC;340;discharge;Hanna;8400;0;0;falling;13:40:45;3585;376;367;9;4.1499;62.2485;Active;
10/08/2023;12:40:00;RC;340;discharge;Hanna;8400;0;0;falling;13:41:00;3600;375;367;8;3.6888;55.332;Active;
10/08/2023;12:40:00;RC;340;discharge;Hanna;8400;0;0;falling;13:41:15;3615;375;367;8;3.6888;55.332;Active;
10/08/2023;12:40:00;RC;340;discharge;Hanna;8400;0;0;falling;13:41:30;3630;374;367;7;3.2277;48.4155;Active;
10/08/2023;12:40:00;RC;340;discharge;Hanna;8400;0;0;falling;13:41:45;3645;374;367;7;3.2277;48.4155;Active;
10/08/2023;12:40:00;RC;340;discharge;Hanna;8400;0;0;falling;13:42:00;3660;374;367;7;3.2277;48.4155;Active;
10/08/2023;12:40:00;RC;340;discharge;Hanna;8400;0;0;falling;13:42:15;3675;374;367;7;3.2277;48.4155;Active;
10/08/2023;12:40:00;RC;340;discharge;Hanna;8400;0;0;falling;13:42:30;3690;374;367;7;3.2277;48.4155;Active;
10/08/2023;12:40:00;RC;340;discharge;Hanna;8400;0;0;falling;13:42:45;3705;374;367;7;3.2277;48.4155;Active;
10/08/2023;12:40:00;RC;340;discharge;Hanna;8400;0;0;falling;13:43:00;3720;374;367;7;3.2277;48.4155;Active;
10/08/2023;12:40:00;RC;340;discharge;Hanna;8400;0;0;falling;13:43:15;3735;374;367;7;3.2277;48.4155;Active;
10/08/2023;12:40:00;RC;340;discharge;Hanna;8400;0;0;falling;13:43:30;3750;374;367;7;3.2277;48.4155;Active;
10/08/2023;12:40:00;RC;340;discharge;Hanna;8400;0;0;falling;13:43:45;3765;374;367;7;3.2277;48.4155;Active;
10/08/2023;12:40:00;RC;340;discharge;Hanna;8400;0;0;falling;13:44:00;3780;374;367;7;3.2277;48.4155;Active;
10/08/2023;12:40:00;RC;340;discharge;Hanna;8400;0;0;falling;13:44:15;3795;374;367;7;3.2277;48.4155;Active;
10/08/2023;12:40:00;RC;340;discharge;Hanna;8400;0;0;falling;13:44:30;3810;375;367;8;3.6888;55.332;Active;
10/08/2023;12:40:00;RC;340;discharge;Hanna;8400;0;0;falling;13:44:45;3825;375;367;8;3.6888;55.332;Active;
10/08/2023;12:40:00;RC;340;discharge;Hanna;8400;0;0;falling;13:45:00;3840;375;367;8;3.6888;55.332;Active;
10/08/2023;12:40:00;RC;340;discharge;Hanna;8400;0;0;falling;13:45:15;3855;375;367;8;3.6888;55.332;Active;
10/08/2023;12:40:00;RC;340;discharge;Hanna;8400;0;0;falling;13:45:30;3870;375;367;8;3.6888;55.332;Active;
10/08/2023;12:40:00;RC;340;discharge;Hanna;8400;0;0;falling;13:45:45;3885;375;367;8;3.6888;55.332;Active;
10/08/2023;12:40:00;RC;340;discharge;Hanna;8400;0;0;falling;13:46:00;3900;375;367;8;3.6888;55.332;Active;
10/08/2023;12:40:00;RC;340;discharge;Hanna;8400;0;0;falling;13:46:15;3915;375;367;8;3.6888;55.332;Active;
10/08/2023;12:40:00;RC;340;discharge;Hanna;8400;0;0;falling;13:46:30;3930;375;367;8;3.6888;55.332;Active;
10/08/2023;12:40:00;RC;340;discharge;Hanna;8400;0;0;falling;13:46:45;3945;375;367;8;3.6888;55.332;Active;
10/08/2023;12:40:00;RC;340;discharge;Hanna;8400;0;0;falling;13:47:00;3960;375;367;8;3.6888;55.332;Active;
10/08/2023;12:40:00;RC;340;discharge;Hanna;8400;0;0;falling;13:47:15;3975;374;367;7;3.2277;48.4155;Active;
10/08/2023;12:40:00;RC;340;discharge;Hanna;8400;0;0;falling;13:47:30;3990;369;367;2;0.9222;13.833;Active;
10/08/2023;12:40:00;RC;340;discharge;Hanna;8400;0;0;falling;13:47:45;4005;370;367;3;1.3833;20.7495;Active;
10/08/2023;12:40:00;RC;340;discharge;Hanna;8400;0;0;falling;13:48:00;4020;370;367;3;1.3833;20.7495;Active;
10/08/2023;12:40:00;RC;340;discharge;Hanna;8400;0;0;falling;13:48:15;4035;374;367;7;3.2277;48.4155;Active;
10/08/2023;12:40:00;RC;340;discharge;Hanna;8400;0;0;falling;13:48:30;4050;374;367;7;3.2277;48.4155;Active;
10/08/2023;12:40:00;RC;340;discharge;Hanna;8400;0;0;falling;13:48:45;4065;374;367;7;3.2277;48.4155;Active;
10/08/2023;12:40:00;RC;340;discharge;Hanna;8400;0;0;falling;13:49:00;4080;374;367;7;3.2277;48.4155;Active;
10/08/2023;12:40:00;RC;340;discharge;Hanna;8400;0;0;falling;13:49:15;4095;374;367;7;3.2277;48.4155;Active;
10/08/2023;12:40:00;RC;340;discharge;Hanna;8400;0;0;falling;13:49:30;4110;373;367;6;2.7666;41.499;Active;
10/08/2023;12:40:00;RC;340;discharge;Hanna;8400;0;0;falling;13:49:45;4125;373;367;6;2.7666;41.499;Active;
10/08/2023;12:40:00;RC;340;discharge;Hanna;8400;0;0;falling;13:50:00;4140;373;367;6;2.7666;41.499;Active;
10/08/2023;12:40:00;RC;340;discharge;Hanna;8400;0;0;falling;13:50:15;4155;373;367;6;2.7666;41.499;Active;
10/08/2023;12:40:00;RC;340;discharge;Hanna;8400;0;0;falling;13:50:30;4170;373;367;6;2.7666;41.499;Active;
10/08/2023;12:40:00;RC;340;discharge;Hanna;8400;0;0;falling;13:50:45;4185;372;367;5;2.3055;34.5825;Active;
10/08/2023;12:40:00;RC;340;discharge;Hanna;8400;0;0;falling;13:51:00;4200;372;367;5;2.3055;34.5825;Active;
10/08/2023;12:40:00;RC;340;discharge;Hanna;8400;0;0;falling;13:51:15;4215;373;367;6;2.7666;41.499;Active;
10/08/2023;12:40:00;RC;340;discharge;Hanna;8400;0;0;falling;13:51:30;4230;373;367;6;2.7666;41.499;Active;
10/08/2023;12:40:00;RC;340;discharge;Hanna;8400;0;0;falling;13:51:45;4245;373;367;6;2.7666;41.499;Active;
10/08/2023;12:40:00;RC;340;discharge;Hanna;8400;0;0;falling;13:52:00;4260;373;367;6;2.7666;41.499;Active;
10/08/2023;12:40:00;RC;340;discharge;Hanna;8400;0;0;falling;13:52:15;4275;373;367;6;2.7666;41.499;Active;
10/08/2023;12:40:00;RC;340;discharge;Hanna;8400;0;0;falling;13:52:30;4290;373;367;6;2.7666;41.499;Active;
10/08/2023;12:40:00;RC;340;discharge;Hanna;8400;0;0;falling;13:52:45;4305;373;367;6;2.7666;41.499;Active;
10/08/2023;12:40:00;RC;340;discharge;Hanna;8400;0;0;falling;13:53:00;4320;373;367;6;2.7666;41.499;Active;
10/08/2023;12:40:00;RC;340;discharge;Hanna;8400;0;0;falling;13:53:15;4335;373;367;6;2.7666;41.499;Active;
10/08/2023;12:40:00;RC;340;discharge;Hanna;8400;0;0;falling;13:53:30;4350;373;367;6;2.7666;41.499;Active;
10/08/2023;12:40:00;RC;340;discharge;Hanna;8400;0;0;falling;13:53:45;4365;373;367;6;2.7666;41.499;Active;
10/08/2023;12:40:00;RC;340;discharge;Hanna;8400;0;0;falling;13:54:00;4380;373;367;6;2.7666;41.499;Active;
10/08/2023;12:40:00;RC;340;discharge;Hanna;8400;0;0;falling;13:54:15;4395;374;367;7;3.2277;48.4155;Active;
10/08/2023;12:40:00;RC;340;discharge;Hanna;8400;0;0;falling;13:54:30;4410;374;367;7;3.2277;48.4155;Active;
10/08/2023;12:40:00;RC;340;discharge;Hanna;8400;0;0;falling;13:54:45;4425;374;367;7;3.2277;48.4155;Active;
10/08/2023;12:40:00;RC;340;discharge;Hanna;8400;0;0;falling;13:55:00;4440;374;367;7;3.2277;48.4155;Active;
10/08/2023;12:40:00;RC;340;discharge;Hanna;8400;0;0;falling;13:55:15;4455;374;367;7;3.2277;48.4155;Active;
10/08/2023;12:40:00;RC;340;discharge;Hanna;8400;0;0;falling;13:55:30;4470;374;367;7;3.2277;48.4155;Active;
10/08/2023;12:40:00;RC;340;discharge;Hanna;8400;0;0;falling;13:55:45;4485;374;367;7;3.2277;48.4155;Active;
10/08/2023;12:40:00;RC;340;discharge;Hanna;8400;0;0;falling;13:56:00;4500;374;367;7;3.2277;48.4155;Active;
10/08/2023;12:40:00;RC;340;discharge;Hanna;8400;0;0;falling;13:56:15;4515;374;367;7;3.2277;48.4155;Active;
10/08/2023;12:40:00;RC;340;discharge;Hanna;8400;0;0;falling;13:56:30;4530;373;367;6;2.7666;41.499;Active;
10/08/2023;12:40:00;RC;340;discharge;Hanna;8400;0;0;falling;13:56:45;4545;374;367;7;3.2277;48.4155;Active;
10/08/2023;12:40:00;RC;340;discharge;Hanna;8400;0;0;falling;13:57:00;4560;374;367;7;3.2277;48.4155;Active;
10/08/2023;12:40:00;RC;340;discharge;Hanna;8400;0;0;falling;13:57:15;4575;373;367;6;2.7666;41.499;Active;
10/08/2023;12:40:00;RC;340;discharge;Hanna;8400;0;0;falling;13:57:30;4590;374;367;7;3.2277;48.4155;Active;
10/08/2023;12:40:00;RC;340;discharge;Hanna;8400;0;0;falling;13:57:45;4605;374;367;7;3.2277;48.4155;Active;
10/08/2023;12:40:00;RC;340;discharge;Hanna;8400;0;0;falling;13:58:00;4620;374;367;7;3.2277;48.4155;Active;
10/08/2023;12:40:00;RC;340;discharge;Hanna;8400;0;0;falling;13:58:15;4635;374;367;7;3.2277;48.4155;Active;
10/08/2023;12:40:00;RC;340;discharge;Hanna;8400;0;0;falling;13:58:30;4650;374;367;7;3.2277;48.4155;Active;
10/08/2023;12:40:00;RC;340;discharge;Hanna;8400;0;0;falling;13:58:45;4665;374;367;7;3.2277;48.4155;Active;
10/08/2023;12:40:00;RC;340;discharge;Hanna;8400;0;0;falling;13:59:00;4680;373;367;6;2.7666;41.499;Active;
10/08/2023;12:40:00;RC;340;discharge;Hanna;8400;0;0;falling;13:59:15;4695;374;367;7;3.2277;48.4155;Active;
10/08/2023;12:40:00;RC;340;discharge;Hanna;8400;0;0;falling;13:59:30;4710;373;367;6;2.7666;41.499;Active;
10/08/2023;12:40:00;RC;340;discharge;Hanna;8400;0;0;falling;13:59:45;4725;373;367;6;2.7666;41.499;Active;
10/08/2023;12:40:00;RC;340;discharge;Hanna;8400;0;0;falling;14:00:00;4740;374;367;7;3.2277;48.4155;Active;
10/08/2023;12:40:00;RC;340;discharge;Hanna;8400;0;0;falling;14:00:15;4755;374;367;7;3.2277;48.4155;Active;
10/08/2023;12:40:00;RC;340;discharge;Hanna;8400;0;0;falling;14:00:30;4770;374;367;7;3.2277;48.4155;Active;
10/08/2023;12:40:00;RC;340;discharge;Hanna;8400;0;0;falling;14:00:45;4785;374;367;7;3.2277;48.4155;Active;
10/08/2023;12:40:00;RC;340;discharge;Hanna;8400;0;0;falling;14:01:00;4800;374;367;7;3.2277;48.4155;Active;
10/08/2023;12:40:00;RC;340;discharge;Hanna;8400;0;0;falling;14:01:15;4815;374;367;7;3.2277;48.4155;Active;
10/08/2023;12:40:00;RC;340;discharge;Hanna;8400;0;0;falling;14:01:30;4830;374;367;7;3.2277;48.4155;Active;
10/08/2023;12:40:00;RC;340;discharge;Hanna;8400;0;0;falling;14:01:45;4845;374;367;7;3.2277;48.4155;Active;
10/08/2023;12:40:00;RC;340;discharge;Hanna;8400;0;0;falling;14:02:00;4860;374;367;7;3.2277;48.4155;Active;
10/08/2023;12:40:00;RC;340;discharge;Hanna;8400;0;0;falling;14:02:15;4875;374;367;7;3.2277;48.4155;Active;
10/08/2023;12:40:00;RC;340;discharge;Hanna;8400;0;0;falling;14:02:30;4890;374;367;7;3.2277;48.4155;Active;
10/08/2023;12:40:00;RC;340;discharge;Hanna;8400;0;0;falling;14:02:45;4905;374;367;7;3.2277;48.4155;Active;
10/08/2023;12:40:00;RC;340;discharge;Hanna;8400;0;0;falling;14:03:00;4920;374;367;7;3.2277;48.4155;Active;
10/08/2023;12:40:00;RC;340;discharge;Hanna;8400;0;0;falling;14:03:15;4935;374;367;7;3.2277;48.4155;Active;
10/08/2023;12:40:00;RC;340;discharge;Hanna;8400;0;0;falling;14:03:30;4950;374;367;7;3.2277;48.4155;Active;
10/08/2023;12:40:00;RC;340;discharge;Hanna;8400;0;0;falling;14:03:45;4965;374;367;7;3.2277;48.4155;Active;
10/08/2023;12:40:00;RC;340;discharge;Hanna;8400;0;0;falling;14:04:00;4980;374;367;7;3.2277;48.4155;Active;
10/08/2023;12:40:00;RC;340;discharge;Hanna;8400;0;0;falling;14:04:15;4995;374;367;7;3.2277;48.4155;Active;
10/08/2023;12:40:00;RC;340;discharge;Hanna;8400;0;0;falling;14:04:30;5010;374;367;7;3.2277;48.4155;Active;
10/08/2023;12:40:00;RC;340;discharge;Hanna;8400;0;0;falling;14:04:45;5025;374;367;7;3.2277;48.4155;Active;
10/08/2023;12:40:00;RC;340;discharge;Hanna;8400;0;0;falling;14:05:00;5040;374;367;7;3.2277;48.4155;Active;
10/08/2023;12:40:00;RC;340;discharge;Hanna;8400;0;0;falling;14:05:15;5055;374;367;7;3.2277;48.4155;Active;
10/08/2023;12:40:00;RC;340;discharge;Hanna;8400;0;0;falling;14:05:30;5070;374;367;7;3.2277;48.4155;Active;
10/08/2023;12:40:00;RC;340;discharge;Hanna;8400;0;0;falling;14:05:45;5085;374;367;7;3.2277;48.4155;Active;
10/08/2023;12:40:00;RC;340;discharge;Hanna;8400;0;0;falling;14:06:00;5100;374;367;7;3.2277;48.4155;Active;
10/08/2023;12:40:00;RC;340;discharge;Hanna;8400;0;0;falling;14:06:15;5115;374;367;7;3.2277;48.4155;Active;
10/08/2023;12:40:00;RC;340;discharge;Hanna;8400;0;0;falling;14:06:30;5130;374;367;7;3.2277;96.831;Active;
10/08/2023;12:40:00;RC;340;discharge;Hanna;8400;0;0;falling;14:07:00;5160;374;367;7;3.2277;96.831;Active;
10/08/2023;12:40:00;RC;340;discharge;Hanna;8400;0;0;falling;14:07:30;5190;374;367;7;3.2277;96.831;Active;
10/08/2023;12:40:00;RC;340;discharge;Hanna;8400;0;0;falling;14:08:00;5220;374;367;7;3.2277;96.831;Active;
10/08/2023;12:40:00;RC;340;discharge;Hanna;8400;0;0;falling;14:08:30;5250;374;367;7;3.2277;96.831;Active;
10/08/2023;12:40:00;RC;340;discharge;Hanna;8400;0;0;falling;14:09:00;5280;373;367;6;2.7666;82.998;Active;
10/08/2023;12:40:00;RC;340;discharge;Hanna;8400;0;0;falling;14:09:30;5310;373;367;6;2.7666;82.998;Active;
10/08/2023;12:40:00;RC;340;discharge;Hanna;8400;0;0;falling;14:10:00;5340;373;367;6;2.7666;82.998;Active;
10/08/2023;12:40:00;RC;340;discharge;Hanna;8400;0;0;falling;14:10:30;5370;373;367;6;2.7666;82.998;Active;
10/08/2023;12:40:00;RC;340;discharge;Hanna;8400;0;0;falling;14:11:00;5400;373;367;6;2.7666;82.998;Active;
10/08/2023;12:40:00;RC;340;discharge;Hanna;8400;0;0;falling;14:11:30;5430;372;367;5;2.3055;69.165;Active;
10/08/2023;12:40:00;RC;340;discharge;Hanna;8400;0;0;falling;14:12:00;5460;372;367;5;2.3055;69.165;Active;
10/08/2023;12:40:00;RC;340;discharge;Hanna;8400;0;0;falling;14:12:30;5490;372;367;5;2.3055;69.165;Active;
10/08/2023;12:40:00;RC;340;discharge;Hanna;8400;0;0;falling;14:13:00;5520;372;367;5;2.3055;69.165;Active;
10/08/2023;12:40:00;RC;340;discharge;Hanna;8400;0;0;falling;14:13:30;5550;372;367;5;2.3055;69.165;Active;
10/08/2023;12:40:00;RC;340;discharge;Hanna;8400;0;0;falling;14:14:00;5580;371;367;4;1.8444;55.332;Active;
10/08/2023;12:40:00;RC;340;discharge;Hanna;8400;0;0;falling;14:14:30;5610;371;367;4;1.8444;55.332;Active;
10/08/2023;12:40:00;RC;340;discharge;Hanna;8400;0;0;falling;14:15:00;5640;371;367;4;1.8444;55.332;Active;
10/08/2023;12:40:00;RC;340;discharge;Hanna;8400;0;0;falling;14:15:30;5670;371;367;4;1.8444;55.332;Active;
10/08/2023;12:40:00;RC;340;discharge;Hanna;8400;0;0;falling;14:16:00;5700;371;367;4;1.8444;55.332;Active;
10/08/2023;12:40:00;RC;340;discharge;Hanna;8400;0;0;falling;14:16:30;5730;371;367;4;1.8444;55.332;Active;
10/08/2023;12:40:00;RC;340;discharge;Hanna;8400;0;0;falling;14:17:00;5760;372;367;5;2.3055;69.165;Active;
10/08/2023;12:40:00;RC;340;discharge;Hanna;8400;0;0;falling;14:17:30;5790;372;367;5;2.3055;69.165;Active;
10/08/2023;12:40:00;RC;340;discharge;Hanna;8400;0;0;falling;14:18:00;5820;372;367;5;2.3055;69.165;Active;
10/08/2023;12:40:00;RC;340;discharge;Hanna;8400;0;0;falling;14:18:30;5850;371;367;4;1.8444;55.332;Active;
10/08/2023;12:40:00;RC;340;discharge;Hanna;8400;0;0;falling;14:19:00;5880;372;367;5;2.3055;69.165;Active;
10/08/2023;12:40:00;RC;340;discharge;Hanna;8400;0;0;falling;14:19:30;5910;372;367;5;2.3055;69.165;Active;
10/08/2023;12:40:00;RC;340;discharge;Hanna;8400;0;0;falling;14:20:00;5940;372;367;5;2.3055;69.165;Active;
10/08/2023;12:40:00;RC;340;discharge;Hanna;8400;0;0;falling;14:20:30;5970;372;367;5;2.3055;69.165;Active;
10/08/2023;12:40:00;RC;340;discharge;Hanna;8400;0;0;falling;14:21:00;6000;372;367;5;2.3055;69.165;Active;
10/08/2023;12:40:00;RC;340;discharge;Hanna;8400;0;0;falling;14:21:30;6030;372;367;5;2.3055;69.165;Active;
10/08/2023;12:40:00;RC;340;discharge;Hanna;8400;0;0;falling;14:22:00;6060;372;367;5;2.3055;69.165;Active;
10/08/2023;12:40:00;RC;340;discharge;Hanna;8400;0;0;falling;14:22:30;6090;372;367;5;2.3055;69.165;Active;
10/08/2023;12:40:00;RC;340;discharge;Hanna;8400;0;0;falling;14:23:00;6120;373;367;6;2.7666;82.998;Active;
10/08/2023;12:40:00;RC;340;discharge;Hanna;8400;0;0;falling;14:23:30;6150;373;367;6;2.7666;82.998;Active;
10/08/2023;12:40:00;RC;340;discharge;Hanna;8400;0;0;falling;14:24:00;6180;373;367;6;2.7666;82.998;Active;
10/08/2023;12:40:00;RC;340;discharge;Hanna;8400;0;0;falling;14:24:30;6210;373;367;6;2.7666;82.998;Active;
10/08/2023;12:40:00;RC;340;discharge;Hanna;8400;0;0;falling;14:25:00;6240;373;367;6;2.7666;82.998;Active;
10/08/2023;12:40:00;RC;340;discharge;Hanna;8400;0;0;falling;14:25:30;6270;373;367;6;2.7666;82.998;Active;
10/08/2023;12:40:00;RC;340;discharge;Hanna;8400;0;0;falling;14:26:00;6300;373;367;6;2.7666;82.998;Active;
10/08/2023;12:40:00;RC;340;discharge;Hanna;8400;0;0;falling;14:26:30;6330;373;367;6;2.7666;82.998;Active;
10/08/2023;12:40:00;RC;340;discharge;Hanna;8400;0;0;falling;14:27:00;6360;373;367;6;2.7666;82.998;Active;
10/08/2023;12:40:00;RC;340;discharge;Hanna;8400;0;0;falling;14:27:30;6390;373;367;6;2.7666;82.998;Active;
10/08/2023;12:40:00;RC;340;discharge;Hanna;8400;0;0;falling;14:28:00;6420;373;367;6;2.7666;82.998;Active;
10/08/2023;12:40:00;RC;340;discharge;Hanna;8400;0;0;falling;14:28:30;6450;371;367;4;1.8444;55.332;Active;
10/08/2023;12:40:00;RC;340;discharge;Hanna;8400;0;0;falling;14:29:00;6480;371;367;4;1.8444;55.332;Active;
10/08/2023;12:40:00;RC;340;discharge;Hanna;8400;0;0;falling;14:29:30;6510;370;367;3;1.3833;41.499;Active;
10/08/2023;12:40:00;RC;340;discharge;Hanna;8400;0;0;falling;14:30:00;6540;371;367;4;1.8444;55.332;Active;
10/08/2023;12:40:00;RC;340;discharge;Hanna;8400;0;0;falling;14:30:30;6570;371;367;4;1.8444;55.332;Active;
10/08/2023;12:40:00;RC;340;discharge;Hanna;8400;0;0;falling;14:31:00;6600;370;367;3;1.3833;41.499;Active;
10/08/2023;12:40:00;RC;340;discharge;Hanna;8400;0;0;falling;14:31:30;6630;371;367;4;1.8444;55.332;Active;
10/08/2023;12:40:00;RC;340;discharge;Hanna;8400;0;0;falling;14:32:00;6660;371;367;4;1.8444;55.332;Active;
10/08/2023;12:40:00;RC;340;discharge;Hanna;8400;0;0;falling;14:32:30;6690;371;367;4;1.8444;55.332;Active;
10/08/2023;12:40:00;RC;340;discharge;Hanna;8400;0;0;falling;14:33:00;6720;371;367;4;1.8444;55.332;Active;
10/08/2023;12:40:00;RC;340;discharge;Hanna;8400;0;0;falling;14:33:30;6750;371;367;4;1.8444;55.332;Active;
10/08/2023;12:40:00;RC;340;discharge;Hanna;8400;0;0;falling;14:34:00;6780;372;367;5;2.3055;69.165;Active;
10/08/2023;12:40:00;RC;340;discharge;Hanna;8400;0;0;falling;14:34:30;6810;373;367;6;2.7666;82.998;Active;
10/08/2023;12:40:00;RC;340;discharge;Hanna;8400;0;0;falling;14:35:00;6840;373;367;6;2.7666;82.998;Active;
10/08/2023;12:40:00;RC;340;discharge;Hanna;8400;0;0;falling;14:35:30;6870;373;367;6;2.7666;82.998;Active;
10/08/2023;12:40:00;RC;340;discharge;Hanna;8400;0;0;falling;14:36:00;6900;373;367;6;2.7666;82.998;Active;
10/08/2023;12:40:00;RC;340;discharge;Hanna;8400;0;0;falling;14:36:30;6930;373;367;6;2.7666;82.998;Active;
10/08/2023;12:40:00;RC;340;discharge;Hanna;8400;0;0;falling;14:37:00;6960;373;367;6;2.7666;82.998;Active;
10/08/2023;12:40:00;RC;340;discharge;Hanna;8400;0;0;falling;14:37:30;6990;373;367;6;2.7666;82.998;Active;
10/08/2023;12:40:00;RC;340;discharge;Hanna;8400;0;0;falling;14:38:00;7020;373;367;6;2.7666;82.998;Active;
10/08/2023;12:40:00;RC;340;discharge;Hanna;8400;0;0;falling;14:38:30;7050;373;367;6;2.7666;82.998;Active;
10/08/2023;12:40:00;RC;340;discharge;Hanna;8400;0;0;falling;14:39:00;7080;373;367;6;2.7666;82.998;Active;
10/08/2023;12:40:00;RC;340;discharge;Hanna;8400;0;0;falling;14:39:30;7110;373;367;6;2.7666;82.998;Active;
10/08/2023;12:40:00;RC;340;discharge;Hanna;8400;0;0;falling;14:40:00;7140;373;367;6;2.7666;82.998;Active;
10/08/2023;12:40:00;RC;340;discharge;Hanna;8400;0;0;falling;14:40:30;7170;374;367;7;3.2277;96.831;Active;
10/08/2023;12:40:00;RC;340;discharge;Hanna;8400;0;0;falling;14:41:00;7200;374;367;7;3.2277;96.831;Active;
10/08/2023;12:40:00;RC;340;discharge;Hanna;8400;0;0;falling;14:41:30;7230;374;367;7;3.2277;96.831;Active;
10/08/2023;12:40:00;RC;340;discharge;Hanna;8400;0;0;falling;14:42:00;7260;374;367;7;3.2277;96.831;Active;
10/08/2023;12:40:00;RC;340;discharge;Hanna;8400;0;0;falling;14:42:30;7290;371;367;4;1.8444;55.332;Active;
10/08/2023;12:40:00;RC;340;discharge;Hanna;8400;0;0;falling;14:43:00;7320;371;367;4;1.8444;55.332;Active;
10/08/2023;12:40:00;RC;340;discharge;Hanna;8400;0;0;falling;14:43:30;7350;371;367;4;1.8444;55.332;Active;
10/08/2023;12:40:00;RC;340;discharge;Hanna;8400;0;0;falling;14:44:00;7380;371;367;4;1.8444;55.332;Active;
10/08/2023;12:40:00;RC;340;discharge;Hanna;8400;0;0;falling;14:44:30;7410;372;367;5;2.3055;69.165;Active;
10/08/2023;12:40:00;RC;340;discharge;Hanna;8400;0;0;falling;14:45:00;7440;370;367;3;1.3833;41.499;Active;
10/08/2023;12:40:00;RC;340;discharge;Hanna;8400;0;0;falling;14:45:30;7470;370;367;3;1.3833;41.499;Active;
10/08/2023;12:40:00;RC;340;discharge;Hanna;8400;0;0;falling;14:46:00;7500;370;367;3;1.3833;41.499;Active;
10/08/2023;12:40:00;RC;340;discharge;Hanna;8400;0;0;falling;14:46:30;7530;370;367;3;1.3833;41.499;Active;
10/08/2023;12:40:00;RC;340;discharge;Hanna;8400;0;0;falling;14:47:00;7560;371;367;4;1.8444;55.332;Active;
10/08/2023;12:40:00;RC;340;discharge;Hanna;8400;0;0;falling;14:47:30;7590;372;367;5;2.3055;69.165;Active;
10/08/2023;12:40:00;RC;340;discharge;Hanna;8400;0;0;falling;14:48:00;7620;371;367;4;1.8444;55.332;Active;
10/08/2023;12:40:00;RC;340;discharge;Hanna;8400;0;0;falling;14:48:30;7650;373;367;6;2.7666;82.998;Active;
10/08/2023;12:40:00;RC;340;discharge;Hanna;8400;0;0;falling;14:49:00;7680;369;367;2;0.9222;27.666;Active;
10/08/2023;12:40:00;RC;340;discharge;Hanna;8400;0;0;falling;14:49:30;7710;371;367;4;1.8444;55.332;Active;
10/08/2023;12:40:00;RC;340;discharge;Hanna;8400;0;0;falling;14:50:00;7740;373;367;6;2.7666;82.998;Active;
10/08/2023;12:40:00;RC;340;discharge;Hanna;8400;0;0;falling;14:50:30;7770;373;367;6;2.7666;82.998;Active;
10/08/2023;12:40:00;RC;340;discharge;Hanna;8400;0;0;falling;14:51:00;7800;371;367;4;1.8444;55.332;Active;
10/08/2023;12:40:00;RC;340;discharge;Hanna;8400;0;0;falling;14:51:30;7830;373;367;6;2.7666;82.998;Active;
10/08/2023;12:40:00;RC;340;discharge;Hanna;8400;0;0;falling;14:52:00;7860;373;367;6;2.7666;82.998;Active;
10/08/2023;12:40:00;RC;340;discharge;Hanna;8400;0;0;falling;14:52:30;7890;373;367;6;2.7666;82.998;Active;
10/08/2023;12:40:00;RC;340;discharge;Hanna;8400;0;0;falling;14:53:00;7920;373;367;6;2.7666;82.998;Active;
10/08/2023;12:40:00;RC;340;discharge;Hanna;8400;0;0;falling;14:53:30;7950;373;367;6;2.7666;82.998;Active;
10/08/2023;12:40:00;RC;340;discharge;Hanna;8400;0;0;falling;14:54:00;7980;373;367;6;2.7666;82.998;Active;
10/08/2023;12:40:00;RC;340;discharge;Hanna;8400;0;0;falling;14:54:30;8010;373;367;6;2.7666;82.998;Active;
10/08/2023;12:40:00;RC;340;discharge;Hanna;8400;0;0;falling;14:55:00;8040;373;367;6;2.7666;82.998;Active;
10/08/2023;12:40:00;RC;340;discharge;Hanna;8400;0;0;falling;14:55:30;8070;373;367;6;2.7666;82.998;Active;
10/08/2023;12:40:00;RC;340;discharge;Hanna;8400;0;0;falling;14:56:00;8100;373;367;6;2.7666;82.998;Active;
10/08/2023;12:40:00;RC;340;discharge;Hanna;8400;0;0;falling;14:56:30;8130;373;367;6;2.7666;82.998;Active;
10/08/2023;12:40:00;RC;340;discharge;Hanna;8400;0;0;falling;14:57:00;8160;373;367;6;2.7666;82.998;Active;
10/08/2023;12:40:00;RC;340;discharge;Hanna;8400;0;0;falling;14:57:30;8190;373;367;6;2.7666;82.998;Active;
10/08/2023;12:40:00;RC;340;discharge;Hanna;8400;0;0;falling;14:58:00;8220;373;367;6;2.7666;82.998;Active;
10/08/2023;12:40:00;RC;340;discharge;Hanna;8400;0;0;falling;14:58:30;8250;373;367;6;2.7666;82.998;Active;
10/08/2023;12:40:00;RC;340;discharge;Hanna;8400;0;0;falling;14:59:00;8280;373;367;6;2.7666;82.998;Active;
10/08/2023;12:40:00;RC;340;discharge;Hanna;8400;0;0;falling;14:59:30;8310;373;367;6;2.7666;82.998;Active;
10/08/2023;12:40:00;RC;340;discharge;Hanna;8400;0;0;falling;15:00:00;8340;373;367;6;2.7666;82.998;Active;
10/08/2023;12:40:00;RC;340;discharge;Hanna;8400;0;0;falling;15:00:30;8370;373;367;6;2.7666;82.998;Active;
10/08/2023;12:40:00;RC;340;discharge;Hanna;8400;0;0;falling;15:01:00;8400;373;367;6;2.7666;82.998;Active;
10/08/2023;12:40:00;RC;340;discharge;Hanna;8400;0;0;falling;15:01:30;8430;373;367;6;2.7666;82.998;Active;
10/08/2023;12:40:00;RC;340;discharge;Hanna;8400;0;0;falling;15:02:00;8460;373;367;6;2.7666;82.998;Active;
10/08/2023;12:40:00;RC;340;discharge;Hanna;8400;0;0;falling;15:02:30;8490;372;367;5;2.3055;69.165;Active;
10/08/2023;12:40:00;RC;340;discharge;Hanna;8400;0;0;falling;15:03:00;8520;372;367;5;2.3055;69.165;Active;
10/08/2023;12:40:00;RC;340;discharge;Hanna;8400;0;0;falling;15:03:30;8550;372;367;5;2.3055;69.165;Active;
10/08/2023;12:40:00;RC;340;discharge;Hanna;8400;0;0;falling;15:04:00;8580;372;367;5;2.3055;69.165;Active;
10/08/2023;12:40:00;RC;340;discharge;Hanna;8400;0;0;falling;15:04:30;8610;372;367;5;2.3055;69.165;Active;
10/08/2023;12:40:00;RC;340;discharge;Hanna;8400;0;0;falling;15:05:00;8640;372;367;5;2.3055;69.165;Active;
10/08/2023;12:40:00;RC;340;discharge;Hanna;8400;0;0;falling;15:05:30;8670;372;367;5;2.3055;69.165;Active;
10/08/2023;12:40:00;RC;340;discharge;Hanna;8400;0;0;falling;15:06:00;8700;372;367;5;2.3055;69.165;Active;
10/08/2023;12:40:00;RC;340;discharge;Hanna;8400;0;0;falling;15:06:30;8730;372;367;5;2.3055;69.165;Active;
10/08/2023;12:40:00;RC;340;discharge;Hanna;8400;0;0;falling;15:07:00;8760;372;367;5;2.3055;69.165;Active;
10/08/2023;12:40:00;RC;340;discharge;Hanna;8400;0;0;falling;15:07:30;8790;372;367;5;2.3055;69.165;Active;
10/08/2023;12:40:00;RC;340;discharge;Hanna;8400;0;0;falling;15:08:00;8820;372;367;5;2.3055;69.165;Active;
10/08/2023;12:40:00;RC;340;discharge;Hanna;8400;0;0;falling;15:08:30;8850;372;367;5;2.3055;69.165;Active;
10/08/2023;12:40:00;RC;340;discharge;Hanna;8400;0;0;falling;15:09:00;8880;372;367;5;2.3055;69.165;Active;
10/08/2023;12:40:00;RC;340;discharge;Hanna;8400;0;0;falling;15:09:30;8910;372;367;5;2.3055;69.165;Active;
10/08/2023;12:40:00;RC;340;discharge;Hanna;8400;0;0;falling;15:10:00;8940;372;367;5;2.3055;69.165;Active;
10/08/2023;12:40:00;RC;340;discharge;Hanna;8400;0;0;falling;15:10:30;8970;372;367;5;2.3055;69.165;Active;
10/08/2023;12:40:00;RC;340;discharge;Hanna;8400;0;0;falling;15:11:00;9000;372;367;5;2.3055;69.165;Active;
10/08/2023;12:40:00;RC;340;discharge;Hanna;8400;0;0;falling;15:11:30;9030;372;367;5;2.3055;69.165;Active;
10/08/2023;12:40:00;RC;340;discharge;Hanna;8400;0;0;falling;15:12:00;9060;372;367;5;2.3055;69.165;Active;
10/08/2023;12:40:00;RC;340;discharge;Hanna;8400;0;0;falling;15:12:30;9090;372;367;5;2.3055;69.165;Active;
10/08/2023;12:40:00;RC;340;discharge;Hanna;8400;0;0;falling;15:13:00;9120;372;367;5;2.3055;69.165;Active;
10/08/2023;12:40:00;RC;340;discharge;Hanna;8400;0;0;falling;15:13:30;9150;370;367;3;1.3833;41.499;Active;
10/08/2023;12:40:00;RC;340;discharge;Hanna;8400;0;0;falling;15:14:00;9180;370;367;3;1.3833;41.499;Active;
10/08/2023;12:40:00;RC;340;discharge;Hanna;8400;0;0;falling;15:14:30;9210;370;367;3;1.3833;41.499;Active;
10/08/2023;12:40:00;RC;340;discharge;Hanna;8400;0;0;falling;15:15:00;9240;370;367;3;1.3833;41.499;Active;
10/08/2023;12:40:00;RC;340;discharge;Hanna;8400;0;0;falling;15:15:30;9270;370;367;3;1.3833;41.499;Active;
10/08/2023;12:40:00;RC;340;discharge;Hanna;8400;0;0;falling;15:16:00;9300;370;367;3;1.3833;41.499;Active;
10/08/2023;12:40:00;RC;340;discharge;Hanna;8400;0;0;falling;15:16:30;9330;370;367;3;1.3833;41.499;Active;
10/08/2023;12:40:00;RC;340;discharge;Hanna;8400;0;0;falling;15:17:00;9360;370;367;3;1.3833;41.499;Active;
10/08/2023;12:40:00;RC;340;discharge;Hanna;8400;0;0;falling;15:17:30;9390;370;367;3;1.3833;41.499;Active;
10/08/2023;12:40:00;RC;340;discharge;Hanna;8400;0;0;falling;15:18:00;9420;370;367;3;1.3833;41.499;Active;
10/08/2023;12:40:00;RC;340;discharge;Hanna;8400;0;0;falling;15:18:30;9450;370;367;3;1.3833;41.499;Active;
10/08/2023;12:40:00;RC;340;discharge;Hanna;8400;0;0;falling;15:19:00;9480;370;367;3;1.3833;0;Active;
29/08/2023;10:54:00;RS;408;discharge;Hanna;1257.85;0;0;release;10:54:00;0;389;389;0;0;0;Non-active;
29/08/2023;10:54:00;RS;408;discharge;Hanna;1257.85;0;0;release;10:54:05;5;389;389;0;0;0;Non-active;
29/08/2023;10:54:00;RS;408;discharge;Hanna;1257.85;0;0;release;10:54:10;10;389;389;0;0;0;Non-active;
29/08/2023;10:54:00;RS;408;discharge;Hanna;1257.85;0;0;release;10:54:15;15;389;389;0;0;0;Non-active;
29/08/2023;10:54:00;RS;408;discharge;Hanna;1257.85;0;0;release;10:54:20;20;389;389;0;0;0;Non-active;
29/08/2023;10:54:00;RS;408;discharge;Hanna;1257.85;0;0;release;10:54:25;25;389;389;0;0;0;Non-active;
29/08/2023;10:54:00;RS;408;discharge;Hanna;1257.85;0;0;release;10:54:30;30;389;389;0;0;0;Non-active;
29/08/2023;10:54:00;RS;408;discharge;Hanna;1257.85;0;0;release;10:54:35;35;389;389;0;0;0;Non-active;
29/08/2023;10:54:00;RS;408;discharge;Hanna;1257.85;0;0;release;10:54:40;40;389;389;0;0;0;Non-active;
29/08/2023;10:54:00;RS;408;discharge;Hanna;1257.85;0;0;release;10:54:45;45;389;389;0;0;0;Non-active;
29/08/2023;10:54:00;RS;408;discharge;Hanna;1257.85;0;0;release;10:54:50;50;389;389;0;0;0;Non-active;
29/08/2023;10:54:00;RS;408;discharge;Hanna;1257.85;0;0;release;10:54:55;55;389;389;0;0;0;Non-active;
29/08/2023;10:54:00;RS;408;discharge;Hanna;1257.85;0;0;release;10:55:00;60;389;389;0;0;0;Non-active;
29/08/2023;10:54:00;RS;408;discharge;Hanna;1257.85;0;0;release;10:55:05;65;389;389;0;0;0;Non-active;
29/08/2023;10:54:00;RS;408;discharge;Hanna;1257.85;0;0;release;10:55:10;70;389;389;0;0;0;Non-active;
29/08/2023;10:54:00;RS;408;discharge;Hanna;1257.85;0;0;release;10:55:15;75;389;389;0;0;0;Non-active;
29/08/2023;10:54:00;RS;408;discharge;Hanna;1257.85;0;0;release;10:55:20;80;389;389;0;0;0;Non-active;
29/08/2023;10:54:00;RS;408;discharge;Hanna;1257.85;0;0;release;10:55:25;85;389;389;0;0;0;Non-active;
29/08/2023;10:54:00;RS;408;discharge;Hanna;1257.85;0;0;release;10:55:30;90;389;389;0;0;0;Non-active;
29/08/2023;10:54:00;RS;408;discharge;Hanna;1257.85;0;0;release;10:55:35;95;389;389;0;0;0;Non-active;
29/08/2023;10:54:00;RS;408;discharge;Hanna;1257.85;0;0;release;10:55:40;100;389;389;0;0;0;Non-active;
29/08/2023;10:54:00;RS;408;discharge;Hanna;1257.85;0;0;release;10:55:45;105;389;389;0;0;0;Non-active;
29/08/2023;10:54:00;RS;408;discharge;Hanna;1257.85;0;0;release;10:55:50;110;389;389;0;0;0;Non-active;
29/08/2023;10:54:00;RS;408;discharge;Hanna;1257.85;0;0;release;10:55:55;115;389;389;0;0;0;Non-active;
29/08/2023;10:54:00;RS;408;discharge;Hanna;1257.85;0;0;release;10:56:00;120;389;389;0;0;0;Non-active;
29/08/2023;10:54:00;RS;408;discharge;Hanna;1257.85;0;0;release;10:56:05;125;389;389;0;0;0;Non-active;
29/08/2023;10:54:00;RS;408;discharge;Hanna;1257.85;0;0;release;10:56:10;130;389;389;0;0;0;Non-active;
29/08/2023;10:54:00;RS;408;discharge;Hanna;1257.85;0;0;release;10:56:15;135;389;389;0;0;0;Non-active;
29/08/2023;10:54:00;RS;408;discharge;Hanna;1257.85;0;0;release;10:56:20;140;389;389;0;0;0;Non-active;
29/08/2023;10:54:00;RS;408;discharge;Hanna;1257.85;0;0;release;10:56:25;145;389;389;0;0;0;Non-active;
29/08/2023;10:54:00;RS;408;discharge;Hanna;1257.85;0;0;release;10:56:30;150;389;389;0;0;0;Non-active;
29/08/2023;10:54:00;RS;408;discharge;Hanna;1257.85;0;0;release;10:56:35;155;389;389;0;0;0;Non-active;
29/08/2023;10:54:00;RS;408;discharge;Hanna;1257.85;0;0;release;10:56:40;160;389;389;0;0;0;Non-active;
29/08/2023;10:54:00;RS;408;discharge;Hanna;1257.85;0;0;release;10:56:45;165;389;389;0;0;0;Non-active;
29/08/2023;10:54:00;RS;408;discharge;Hanna;1257.85;0;0;release;10:56:50;170;389;389;0;0;0;Non-active;
29/08/2023;10:54:00;RS;408;discharge;Hanna;1257.85;0;0;release;10:56:55;175;389;389;0;0;0;Non-active;
29/08/2023;10:54:00;RS;408;discharge;Hanna;1257.85;0;0;release;10:57:00;180;389;389;0;0;0;Non-active;
29/08/2023;10:54:00;RS;408;discharge;Hanna;1257.85;0;0;release;10:57:05;185;389;389;0;0;0;Non-active;
29/08/2023;10:54:00;RS;408;discharge;Hanna;1257.85;0;0;release;10:57:10;190;389;389;0;0;0;Non-active;
29/08/2023;10:54:00;RS;408;discharge;Hanna;1257.85;0;0;release;10:57:15;195;389;389;0;0;0;Non-active;
29/08/2023;10:54:00;RS;408;discharge;Hanna;1257.85;0;0;release;10:57:20;200;389;389;0;0;0;Non-active;
29/08/2023;10:54:00;RS;408;discharge;Hanna;1257.85;0;0;release;10:57:25;205;389;389;0;0;0;Non-active;
29/08/2023;10:54:00;RS;408;discharge;Hanna;1257.85;0;0;release;10:57:30;210;389;389;0;0;0;Non-active;
29/08/2023;10:54:00;RS;408;discharge;Hanna;1257.85;0;0;release;10:57:35;215;389;389;0;0;0;Non-active;
29/08/2023;10:54:00;RS;408;discharge;Hanna;1257.85;0;0;release;10:57:40;220;389;389;0;0;0;Non-active;
29/08/2023;10:54:00;RS;408;discharge;Hanna;1257.85;0;0;release;10:57:45;225;389;389;0;0;0;Non-active;
29/08/2023;10:54:00;RS;408;discharge;Hanna;1257.85;0;0;release;10:57:50;230;389;389;0;0;0;Non-active;
29/08/2023;10:54:00;RS;408;discharge;Hanna;1257.85;0;0;release;10:57:55;235;389;389;0;0;0;Non-active;
29/08/2023;10:54:00;RS;408;discharge;Hanna;1257.85;0;0;release;10:58:00;240;389;389;0;0;0;Non-active;
29/08/2023;10:54:00;RS;408;discharge;Hanna;1257.85;0;0;release;10:58:05;245;389;389;0;0;0;Non-active;
29/08/2023;10:54:00;RS;408;discharge;Hanna;1257.85;0;0;release;10:58:10;250;389;389;0;0;0;Non-active;
29/08/2023;10:54:00;RS;408;discharge;Hanna;1257.85;0;0;release;10:58:15;255;389;389;0;0;0;Non-active;
29/08/2023;10:54:00;RS;408;discharge;Hanna;1257.85;0;0;release;10:58:20;260;389;389;0;0;0;Non-active;
29/08/2023;10:54:00;RS;408;discharge;Hanna;1257.85;0;0;release;10:58:25;265;389;389;0;0;0;Non-active;
29/08/2023;10:54:00;RS;408;discharge;Hanna;1257.85;0;0;release;10:58:30;270;389;389;0;0;0;Non-active;
29/08/2023;10:54:00;RS;408;discharge;Hanna;1257.85;0;0;release;10:58:35;275;389;389;0;0;0;Non-active;
29/08/2023;10:54:00;RS;408;discharge;Hanna;1257.85;0;0;release;10:58:40;280;389;389;0;0;0;Non-active;
29/08/2023;10:54:00;RS;408;discharge;Hanna;1257.85;0;0;release;10:58:45;285;389;389;0;0;0;Non-active;
29/08/2023;10:54:00;RS;408;discharge;Hanna;1257.85;0;0;release;10:58:50;290;389;389;0;0;0;Non-active;
29/08/2023;10:54:00;RS;408;discharge;Hanna;1257.85;0;0;release;10:58:55;295;389;389;0;0;0;Non-active;
29/08/2023;10:54:00;RS;408;discharge;Hanna;1257.85;0;0;release;10:59:00;300;389;389;0;0;0;Non-active;
29/08/2023;10:54:00;RS;408;discharge;Hanna;1257.85;0;0;release;10:59:05;305;389;389;0;0;0;Non-active;
29/08/2023;10:54:00;RS;408;discharge;Hanna;1257.85;0;0;release;10:59:10;310;389;389;0;0;0;Non-active;
29/08/2023;10:54:00;RS;408;discharge;Hanna;1257.85;0;0;release;10:59:15;315;389;389;0;0;0;Non-active;
29/08/2023;10:54:00;RS;408;discharge;Hanna;1257.85;0;0;release;10:59:20;320;389;389;0;0;0;Non-active;
29/08/2023;10:54:00;RS;408;discharge;Hanna;1257.85;0;0;release;10:59:25;325;389;389;0;0;0;Non-active;
29/08/2023;10:54:00;RS;408;discharge;Hanna;1257.85;0;0;release;10:59:30;330;389;389;0;0;0;Non-active;
29/08/2023;10:54:00;RS;408;discharge;Hanna;1257.85;0;0;release;10:59:35;335;389;389;0;0;0;Non-active;
29/08/2023;10:54:00;RS;408;discharge;Hanna;1257.85;0;0;release;10:59:40;340;389;389;0;0;0;Non-active;
29/08/2023;10:54:00;RS;408;discharge;Hanna;1257.85;0;0;release;10:59:45;345;389;389;0;0;0;Non-active;
29/08/2023;10:54:00;RS;408;discharge;Hanna;1257.85;0;0;release;10:59:50;350;389;389;0;0;0;Non-active;
29/08/2023;10:54:00;RS;408;discharge;Hanna;1257.85;0;0;release;10:59:55;355;389;389;0;0;0;Non-active;
29/08/2023;10:54:00;RS;408;discharge;Hanna;1257.85;0;0;release;11:00:00;360;389;389;0;0;0;Non-active;
29/08/2023;10:54:00;RS;408;discharge;Hanna;1257.85;0;0;release;11:00:05;365;389;389;0;0;0;Non-active;
29/08/2023;10:54:00;RS;408;discharge;Hanna;1257.85;0;0;release;11:00:10;370;389;389;0;0;0;Non-active;
29/08/2023;10:54:00;RS;408;discharge;Hanna;1257.85;0;0;release;11:00:15;375;389;389;0;0;0;Non-active;
29/08/2023;10:54:00;RS;408;discharge;Hanna;1257.85;0;0;release;11:00:20;380;389;389;0;0;0;Non-active;
29/08/2023;10:54:00;RS;408;discharge;Hanna;1257.85;0;0;release;11:00:25;385;389;389;0;0;0;Non-active;
29/08/2023;10:54:00;RS;408;discharge;Hanna;1257.85;0;0;release;11:00:30;390;389;389;0;0;0;Non-active;
29/08/2023;10:54:00;RS;408;discharge;Hanna;1257.85;0;0;release;11:00:35;395;389;389;0;0;0;Non-active;
29/08/2023;10:54:00;RS;408;discharge;Hanna;1257.85;0;0;release;11:00:40;400;389;389;0;0;0;Non-active;
29/08/2023;10:54:00;RS;408;discharge;Hanna;1257.85;0;0;release;11:00:45;405;389;389;0;0;0;Non-active;
29/08/2023;10:54:00;RS;408;discharge;Hanna;1257.85;0;0;release;11:00:50;410;389;389;0;0;0;Non-active;
29/08/2023;10:54:00;RS;408;discharge;Hanna;1257.85;0;0;release;11:00:55;415;389;389;0;0;0;Non-active;
29/08/2023;10:54:00;RS;408;discharge;Hanna;1257.85;0;0;release;11:01:00;420;389;389;0;0;0;Non-active;
29/08/2023;10:54:00;RS;408;discharge;Hanna;1257.85;0;0;release;11:01:05;425;389;389;0;0;0;Non-active;
29/08/2023;10:54:00;RS;408;discharge;Hanna;1257.85;0;0;release;11:01:10;430;389;389;0;0;0;Non-active;
29/08/2023;10:54:00;RS;408;discharge;Hanna;1257.85;0;0;release;11:01:15;435;389;389;0;0;0;Non-active;
29/08/2023;10:54:00;RS;408;discharge;Hanna;1257.85;0;0;release;11:01:20;440;389;389;0;0;0;Non-active;
29/08/2023;10:54:00;RS;408;discharge;Hanna;1257.85;0;0;release;11:01:25;445;389;389;0;0;0;Non-active;
29/08/2023;10:54:00;RS;408;discharge;Hanna;1257.85;0;0;release;11:01:30;450;389;389;0;0;0;Non-active;
29/08/2023;10:54:00;RS;408;discharge;Hanna;1257.85;0;0;release;11:01:35;455;389;389;0;0;0;Non-active;
29/08/2023;10:54:00;RS;408;discharge;Hanna;1257.85;0;0;release;11:01:40;460;389;389;0;0;0;Non-active;
29/08/2023;10:54:00;RS;408;discharge;Hanna;1257.85;0;0;release;11:01:45;465;389;389;0;0;0;Non-active;
29/08/2023;10:54:00;RS;408;discharge;Hanna;1257.85;0;0;release;11:01:50;470;389;389;0;0;0;Non-active;
29/08/2023;10:54:00;RS;408;discharge;Hanna;1257.85;0;0;release;11:01:55;475;389;389;0;0;0;Non-active;
29/08/2023;10:54:00;RS;408;discharge;Hanna;1257.85;0;0;release;11:02:00;480;389;389;0;0;0;Non-active;
29/08/2023;10:54:00;RS;408;discharge;Hanna;1257.85;0;0;release;11:02:05;485;389;389;0;0;0;Non-active;
29/08/2023;10:54:00;RS;408;discharge;Hanna;1257.85;0;0;release;11:02:10;490;389;389;0;0;0;Non-active;
29/08/2023;10:54:00;RS;408;discharge;Hanna;1257.85;0;0;release;11:02:15;495;389;389;0;0;0;Non-active;
29/08/2023;10:54:00;RS;408;discharge;Hanna;1257.85;0;0;release;11:02:20;500;389;389;0;0;0;Non-active;
29/08/2023;10:54:00;RS;408;discharge;Hanna;1257.85;0;0;release;11:02:25;505;389;389;0;0;0;Non-active;
29/08/2023;10:54:00;RS;408;discharge;Hanna;1257.85;0;0;release;11:02:30;510;389;389;0;0;0;Non-active;
29/08/2023;10:54:00;RS;408;discharge;Hanna;1257.85;0;0;release;11:02:35;515;389;389;0;0;0;Non-active;
29/08/2023;10:54:00;RS;408;discharge;Hanna;1257.85;0;0;release;11:02:40;520;389;389;0;0;0;Non-active;
29/08/2023;10:54:00;RS;408;discharge;Hanna;1257.85;0;0;release;11:02:45;525;389;389;0;0;0;Non-active;
29/08/2023;10:54:00;RS;408;discharge;Hanna;1257.85;0;0;release;11:02:50;530;389;389;0;0;0;Non-active;
29/08/2023;10:54:00;RS;408;discharge;Hanna;1257.85;0;0;release;11:02:55;535;389;389;0;0;0;Non-active;
29/08/2023;10:54:00;RS;408;discharge;Hanna;1257.85;0;0;release;11:03:00;540;389;389;0;0;0;Non-active;
29/08/2023;10:54:00;RS;408;discharge;Hanna;1257.85;0;0;release;11:03:05;545;389;389;0;0;0;Non-active;
29/08/2023;10:54:00;RS;408;discharge;Hanna;1257.85;0;0;release;11:03:10;550;389;389;0;0;0;Non-active;
29/08/2023;10:54:00;RS;408;discharge;Hanna;1257.85;0;0;release;11:03:15;555;389;389;0;0;0;Non-active;
29/08/2023;10:54:00;RS;408;discharge;Hanna;1257.85;0;0;release;11:03:20;560;389;389;0;0;0;Non-active;
29/08/2023;10:54:00;RS;408;discharge;Hanna;1257.85;0;0;release;11:03:25;565;389;389;0;0;0;Non-active;
29/08/2023;10:54:00;RS;408;discharge;Hanna;1257.85;0;0;release;11:03:30;570;389;389;0;0;0;Non-active;
29/08/2023;10:54:00;RS;408;discharge;Hanna;1257.85;0;0;release;11:03:35;575;389;389;0;0;0;Non-active;
29/08/2023;10:54:00;RS;408;discharge;Hanna;1257.85;0;0;release;11:03:40;580;389;389;0;0;0;Non-active;
29/08/2023;10:54:00;RS;408;discharge;Hanna;1257.85;0;0;release;11:03:45;585;389;389;0;0;0;Non-active;
29/08/2023;10:54:00;RS;408;discharge;Hanna;1257.85;0;0;release;11:03:50;590;389;389;0;0;0;Non-active;
29/08/2023;10:54:00;RS;408;discharge;Hanna;1257.85;0;0;release;11:03:55;595;389;389;0;0;0;Non-active;
29/08/2023;10:54:00;RS;408;discharge;Hanna;1257.85;0;0;release;11:04:00;600;389;389;0;0;0;Non-active;
29/08/2023;10:54:00;RS;408;discharge;Hanna;1257.85;0;0;release;11:04:05;605;389;389;0;0;0;Non-active;
29/08/2023;10:54:00;RS;408;discharge;Hanna;1257.85;0;0;release;11:04:10;610;389;389;0;0;0;Non-active;
29/08/2023;10:54:00;RS;408;discharge;Hanna;1257.85;0;0;release;11:04:15;615;389;389;0;0;0;Non-active;
29/08/2023;10:54:00;RS;408;discharge;Hanna;1257.85;0;0;release;11:04:20;620;389;389;0;0;0;Non-active;
29/08/2023;10:54:00;RS;408;discharge;Hanna;1257.85;0;0;release;11:04:25;625;389;389;0;0;0;Non-active;
29/08/2023;10:54:00;RS;408;discharge;Hanna;1257.85;0;0;release;11:04:30;630;389;389;0;0;0;Non-active;
29/08/2023;10:54:00;RS;408;discharge;Hanna;1257.85;0;0;release;11:04:35;635;389;389;0;0;0;Non-active;
29/08/2023;10:54:00;RS;408;discharge;Hanna;1257.85;0;0;release;11:04:40;640;389;389;0;0;0;Non-active;
29/08/2023;10:54:00;RS;408;discharge;Hanna;1257.85;0;0;release;11:04:45;645;389;389;0;0;0;Non-active;
29/08/2023;10:54:00;RS;408;discharge;Hanna;1257.85;0;0;release;11:04:50;650;389;389;0;0;0;Non-active;
29/08/2023;10:54:00;RS;408;discharge;Hanna;1257.85;0;0;release;11:04:55;655;389;389;0;0;0;Non-active;
29/08/2023;10:54:00;RS;408;discharge;Hanna;1257.85;0;0;release;11:05:00;660;389;389;0;0;0;Non-active;
29/08/2023;10:54:00;RS;408;discharge;Hanna;1257.85;0;0;release;11:05:05;665;389;389;0;0;0;Non-active;
29/08/2023;10:54:00;RS;408;discharge;Hanna;1257.85;0;0;release;11:05:10;670;389;389;0;0;0;Non-active;
29/08/2023;10:54:00;RS;408;discharge;Hanna;1257.85;0;0;release;11:05:15;675;389;389;0;0;0;Non-active;
29/08/2023;10:54:00;RS;408;discharge;Hanna;1257.85;0;0;release;11:05:20;680;389;389;0;0;0;Non-active;
29/08/2023;10:54:00;RS;408;discharge;Hanna;1257.85;0;0;release;11:05:25;685;389;389;0;0;0;Non-active;
29/08/2023;10:54:00;RS;408;discharge;Hanna;1257.85;0;0;release;11:05:30;690;389;389;0;0;0;Non-active;
29/08/2023;10:54:00;RS;408;discharge;Hanna;1257.85;0;0;release;11:05:35;695;389;389;0;0;0;Non-active;
29/08/2023;10:54:00;RS;408;discharge;Hanna;1257.85;0;0;release;11:05:40;700;389;389;0;0;0;Non-active;
29/08/2023;10:54:00;RS;408;discharge;Hanna;1257.85;0;0;release;11:05:45;705;389;389;0;0;0;Non-active;
29/08/2023;10:54:00;RS;408;discharge;Hanna;1257.85;0;0;release;11:05:50;710;389;389;0;0;0;Non-active;
29/08/2023;10:54:00;RS;408;discharge;Hanna;1257.85;0;0;release;11:05:55;715;389;389;0;0;0;Non-active;
29/08/2023;10:54:00;RS;408;discharge;Hanna;1257.85;0;0;release;11:06:00;720;389;389;0;0;0;Non-active;
29/08/2023;10:54:00;RS;408;discharge;Hanna;1257.85;0;0;release;11:06:05;725;389;389;0;0;0;Non-active;
29/08/2023;10:54:00;RS;408;discharge;Hanna;1257.85;0;0;release;11:06:10;730;389;389;0;0;0;Non-active;
29/08/2023;10:54:00;RS;408;discharge;Hanna;1257.85;0;0;release;11:06:15;735;389;389;0;0;0;Non-active;
29/08/2023;10:54:00;RS;408;discharge;Hanna;1257.85;0;0;release;11:06:20;740;389;389;0;0;0;Non-active;
29/08/2023;10:54:00;RS;408;discharge;Hanna;1257.85;0;0;release;11:06:25;745;389;389;0;0;0;Non-active;
29/08/2023;10:54:00;RS;408;discharge;Hanna;1257.85;0;0;release;11:06:30;750;389;389;0;0;0;Non-active;
29/08/2023;10:54:00;RS;408;discharge;Hanna;1257.85;0;0;release;11:06:35;755;389;389;0;0;0;Non-active;
29/08/2023;10:54:00;RS;408;discharge;Hanna;1257.85;0;0;release;11:06:40;760;389;389;0;0;0;Non-active;
29/08/2023;10:54:00;RS;408;discharge;Hanna;1257.85;0;0;release;11:06:45;765;389;389;0;0;0;Non-active;
29/08/2023;10:54:00;RS;408;discharge;Hanna;1257.85;0;0;release;11:06:50;770;389;389;0;0;0;Non-active;
29/08/2023;10:54:00;RS;408;discharge;Hanna;1257.85;0;0;release;11:06:55;775;389;389;0;0;0;Non-active;
29/08/2023;10:54:00;RS;408;discharge;Hanna;1257.85;0;0;release;11:07:00;780;389;389;0;0;0;Non-active;
29/08/2023;10:54:00;RS;408;discharge;Hanna;1257.85;0;0;release;11:07:05;785;389;389;0;0;0;Non-active;
29/08/2023;10:54:00;RS;408;discharge;Hanna;1257.85;0;0;release;11:07:10;790;389;389;0;0;0;Non-active;
29/08/2023;10:54:00;RS;408;discharge;Hanna;1257.85;0;0;release;11:07:15;795;389;389;0;0;0;Non-active;
29/08/2023;10:54:00;RS;408;discharge;Hanna;1257.85;0;0;release;11:07:20;800;389;389;0;0;0;Non-active;
29/08/2023;10:54:00;RS;408;discharge;Hanna;1257.85;0;0;release;11:07:25;805;389;389;0;0;0;Non-active;
29/08/2023;10:54:00;RS;408;discharge;Hanna;1257.85;0;0;release;11:07:30;810;389;389;0;0;0;Non-active;
29/08/2023;10:54:00;RS;408;discharge;Hanna;1257.85;0;0;release;11:07:35;815;389;389;0;0;0;Non-active;
29/08/2023;10:54:00;RS;408;discharge;Hanna;1257.85;0;0;release;11:07:40;820;389;389;0;0;0;Non-active;
29/08/2023;10:54:00;RS;408;discharge;Hanna;1257.85;0;0;release;11:07:45;825;389;389;0;0;0;Non-active;
29/08/2023;10:54:00;RS;408;discharge;Hanna;1257.85;0;0;release;11:07:50;830;389;389;0;0;0;Non-active;
29/08/2023;10:54:00;RS;408;discharge;Hanna;1257.85;0;0;release;11:07:55;835;389;389;0;0;0;Non-active;
29/08/2023;10:54:00;RS;408;discharge;Hanna;1257.85;0;0;release;11:08:00;840;389;389;0;0;0;Non-active;
29/08/2023;10:54:00;RS;408;discharge;Hanna;1257.85;0;0;release;11:08:05;845;389;389;0;0;0;Non-active;
29/08/2023;10:54:00;RS;408;discharge;Hanna;1257.85;0;0;release;11:08:10;850;389;389;0;0;0;Non-active;
29/08/2023;10:54:00;RS;408;discharge;Hanna;1257.85;0;0;release;11:08:15;855;389;389;0;0;0;Non-active;
29/08/2023;10:54:00;RS;408;discharge;Hanna;1257.85;0;0;release;11:08:20;860;389;389;0;0;0;Non-active;
29/08/2023;10:54:00;RS;408;discharge;Hanna;1257.85;0;0;release;11:08:25;865;389;389;0;0;0;Non-active;
29/08/2023;10:54:00;RS;408;discharge;Hanna;1257.85;0;0;release;11:08:30;870;389;389;0;0;0;Non-active;
29/08/2023;10:54:00;RS;408;discharge;Hanna;1257.85;0;0;release;11:08:35;875;389;389;0;0;0;Non-active;
29/08/2023;10:54:00;RS;408;discharge;Hanna;1257.85;0;0;release;11:08:40;880;389;389;0;0;0;Non-active;
29/08/2023;10:54:00;RS;408;discharge;Hanna;1257.85;0;0;release;11:08:45;885;389;389;0;0;0;Non-active;
29/08/2023;10:54:00;RS;408;discharge;Hanna;1257.85;0;0;release;11:08:50;890;389;389;0;0;0;Non-active;
29/08/2023;10:54:00;RS;408;discharge;Hanna;1257.85;0;0;release;11:08:55;895;389;389;0;0;0;Non-active;
29/08/2023;10:54:00;RS;408;discharge;Hanna;1257.85;0;0;release;11:09:00;900;389;389;0;0;0;Non-active;
29/08/2023;10:54:00;RS;408;discharge;Hanna;1257.85;0;0;release;11:09:05;905;389;389;0;0;0;Non-active;
29/08/2023;10:54:00;RS;408;discharge;Hanna;1257.85;0;0;release;11:09:10;910;389;389;0;0;0;Non-active;
29/08/2023;10:54:00;RS;408;discharge;Hanna;1257.85;0;0;release;11:09:15;915;389;389;0;0;0;Non-active;
29/08/2023;10:54:00;RS;408;discharge;Hanna;1257.85;0;0;release;11:09:20;920;389;389;0;0;0;Non-active;
29/08/2023;10:54:00;RS;408;discharge;Hanna;1257.85;0;0;release;11:09:25;925;389;389;0;0;0;Non-active;
29/08/2023;10:54:00;RS;408;discharge;Hanna;1257.85;0;0;release;11:09:30;930;389;389;0;0;0;Non-active;
29/08/2023;10:54:00;RS;408;discharge;Hanna;1257.85;0;0;release;11:09:35;935;389;389;0;0;0;Non-active;
29/08/2023;10:54:00;RS;408;discharge;Hanna;1257.85;0;0;release;11:09:40;940;389;389;0;0;0;Non-active;
29/08/2023;10:54:00;RS;408;discharge;Hanna;1257.85;0;0;release;11:09:45;945;389;389;0;0;0;Non-active;
29/08/2023;10:54:00;RS;408;discharge;Hanna;1257.85;0;0;release;11:09:50;950;389;389;0;0;0;Non-active;
29/08/2023;10:54:00;RS;408;discharge;Hanna;1257.85;0;0;release;11:09:55;955;389;389;0;0;0;Non-active;
29/08/2023;10:54:00;RS;408;discharge;Hanna;1257.85;0;0;release;11:10:00;960;389;389;0;0;0;Non-active;
29/08/2023;10:54:00;RS;408;discharge;Hanna;1257.85;0;0;release;11:10:05;965;389;389;0;0;0;Non-active;
29/08/2023;10:54:00;RS;408;discharge;Hanna;1257.85;0;0;release;11:10:10;970;389;389;0;0;0;Non-active;
29/08/2023;10:54:00;RS;408;discharge;Hanna;1257.85;0;0;release;11:10:15;975;389;389;0;0;0;Non-active;
29/08/2023;10:54:00;RS;408;discharge;Hanna;1257.85;0;0;release;11:10:20;980;389;389;0;0;0;Non-active;
29/08/2023;10:54:00;RS;408;discharge;Hanna;1257.85;0;0;release;11:10:25;985;389;389;0;0;0;Non-active;
29/08/2023;10:54:00;RS;408;discharge;Hanna;1257.85;0;0;release;11:10:30;990;389;389;0;0;0;Non-active;
29/08/2023;10:54:00;RS;408;discharge;Hanna;1257.85;0;0;release;11:10:35;995;389;389;0;0;0;Non-active;
29/08/2023;10:54:00;RS;408;discharge;Hanna;1257.85;0;0;release;11:10:40;1000;389;389;0;0;0;Non-active;
29/08/2023;10:54:00;RS;408;discharge;Hanna;1257.85;0;0;release;11:10:45;1005;389;389;0;0;0;Non-active;
29/08/2023;10:54:00;RS;408;discharge;Hanna;1257.85;0;0;release;11:10:50;1010;389;389;0;0;0;Non-active;
29/08/2023;10:54:00;RS;408;discharge;Hanna;1257.85;0;0;release;11:10:55;1015;389;389;0;0;0;Non-active;
29/08/2023;10:54:00;RS;408;discharge;Hanna;1257.85;0;0;release;11:11:00;1020;389;389;0;0;0;Non-active;
29/08/2023;10:54:00;RS;408;discharge;Hanna;1257.85;0;0;release;11:11:05;1025;389;389;0;0;0;Non-active;
29/08/2023;10:54:00;RS;408;discharge;Hanna;1257.85;0;0;release;11:11:10;1030;389;389;0;0;0;Non-active;
29/08/2023;10:54:00;RS;408;discharge;Hanna;1257.85;0;0;release;11:11:15;1035;389;389;0;0;0;Non-active;
29/08/2023;10:54:00;RS;408;discharge;Hanna;1257.85;0;0;release;11:11:20;1040;389;389;0;0;0;Non-active;
29/08/2023;10:54:00;RS;408;discharge;Hanna;1257.85;0;0;release;11:11:25;1045;389;389;0;0;0;Non-active;
29/08/2023;10:54:00;RS;408;discharge;Hanna;1257.85;0;0;release;11:11:30;1050;389;389;0;0;0;Non-active;
29/08/2023;10:54:00;RS;408;discharge;Hanna;1257.85;0;0;release;11:11:35;1055;389;389;0;0;0;Non-active;
29/08/2023;10:54:00;RS;408;discharge;Hanna;1257.85;0;0;release;11:11:40;1060;389;389;0;0;0;Non-active;
29/08/2023;10:54:00;RS;408;discharge;Hanna;1257.85;0;0;release;11:11:45;1065;389;389;0;0;0;Non-active;
29/08/2023;10:54:00;RS;408;discharge;Hanna;1257.85;0;0;release;11:11:50;1070;389;389;0;0;0;Non-active;
29/08/2023;10:54:00;RS;408;discharge;Hanna;1257.85;0;0;release;11:11:55;1075;389;389;0;0;0;Non-active;
29/08/2023;10:54:00;RS;408;discharge;Hanna;1257.85;0;0;release;11:12:00;1080;389;389;0;0;0;Non-active;
29/08/2023;10:54:00;RS;408;discharge;Hanna;1257.85;0;0;release;11:12:05;1085;389;389;0;0;0;Non-active;
29/08/2023;10:54:00;RS;408;discharge;Hanna;1257.85;0;0;release;11:12:10;1090;389;389;0;0;0;Non-active;
29/08/2023;10:54:00;RS;408;discharge;Hanna;1257.85;0;0;release;11:12:15;1095;389;389;0;0;0;Non-active;
29/08/2023;10:54:00;RS;408;discharge;Hanna;1257.85;0;0;release;11:12:20;1100;389;389;0;0;0;Non-active;
29/08/2023;10:54:00;RS;408;discharge;Hanna;1257.85;0;0;release;11:12:25;1105;389;389;0;0;0;Non-active;
29/08/2023;10:54:00;RS;408;discharge;Hanna;1257.85;0;0;release;11:12:30;1110;389;389;0;0;0;Non-active;
29/08/2023;10:54:00;RS;408;discharge;Hanna;1257.85;0;0;release;11:12:35;1115;389;389;0;0;0;Non-active;
29/08/2023;10:54:00;RS;408;discharge;Hanna;1257.85;0;0;release;11:12:40;1120;389;389;0;0;0;Non-active;
29/08/2023;10:54:00;RS;408;discharge;Hanna;1257.85;0;0;release;11:12:45;1125;389;389;0;0;0;Non-active;
29/08/2023;10:54:00;RS;408;discharge;Hanna;1257.85;0;0;release;11:12:50;1130;389;389;0;0;0;Non-active;
29/08/2023;10:54:00;RS;408;discharge;Hanna;1257.85;0;0;release;11:12:55;1135;389;389;0;0;0;Non-active;
29/08/2023;10:54:00;RS;408;discharge;Hanna;1257.85;0;0;release;11:13:00;1140;389;389;0;0;0;Non-active;
29/08/2023;10:54:00;RS;408;discharge;Hanna;1257.85;0;0;release;11:13:05;1145;389;389;0;0;0;Non-active;
29/08/2023;10:54:00;RS;408;discharge;Hanna;1257.85;0;0;release;11:13:10;1150;389;389;0;0;0;Non-active;
29/08/2023;10:54:00;RS;408;discharge;Hanna;1257.85;0;0;release;11:13:15;1155;389;389;0;0;0;Non-active;
29/08/2023;10:54:00;RS;408;discharge;Hanna;1257.85;0;0;release;11:13:20;1160;389;389;0;0;0;Non-active;
29/08/2023;10:54:00;RS;408;discharge;Hanna;1257.85;0;0;release;11:13:25;1165;389;389;0;0;0;Non-active;
29/08/2023;10:54:00;RS;408;discharge;Hanna;1257.85;0;0;release;11:13:30;1170;389;389;0;0;0;Non-active;
29/08/2023;10:54:00;RS;408;discharge;Hanna;1257.85;0;0;release;11:13:35;1175;389;389;0;0;0;Non-active;
29/08/2023;10:54:00;RS;408;discharge;Hanna;1257.85;0;0;release;11:13:40;1180;389;389;0;0;0;Non-active;
29/08/2023;10:54:00;RS;408;discharge;Hanna;1257.85;0;0;release;11:13:45;1185;389;389;0;0;0;Non-active;
29/08/2023;10:54:00;RS;408;discharge;Hanna;1257.85;0;0;release;11:13:50;1190;389;389;0;0;0;Non-active;
29/08/2023;10:54:00;RS;408;discharge;Hanna;1257.85;0;0;release;11:13:55;1195;389;389;0;0;0;Non-active;
29/08/2023;10:54:00;RS;408;discharge;Hanna;1257.85;0;0;release;11:14:00;1200;389;389;0;0;0;Non-active;
29/08/2023;10:54:00;RS;408;discharge;Hanna;1257.85;0;0;release;11:14:05;1205;389;389;0;0;0;Non-active;
29/08/2023;10:54:00;RS;408;discharge;Hanna;1257.85;0;0;release;11:14:10;1210;389;389;0;0;0;Non-active;
29/08/2023;10:54:00;RS;408;discharge;Hanna;1257.85;0;0;release;11:14:15;1215;389;389;0;0;0;Non-active;
29/08/2023;10:54:00;RS;408;discharge;Hanna;1257.85;0;0;release;11:14:20;1220;389;389;0;0;0;Non-active;
29/08/2023;10:54:00;RS;408;discharge;Hanna;1257.85;0;0;release;11:14:25;1225;389;389;0;0;0;Non-active;
29/08/2023;10:54:00;RS;408;discharge;Hanna;1257.85;0;0;release;11:14:30;1230;389;389;0;0;0;Non-active;
29/08/2023;10:54:00;RS;408;discharge;Hanna;1257.85;0;0;release;11:14:35;1235;389;389;0;0;0;Non-active;
29/08/2023;10:54:00;RS;408;discharge;Hanna;1257.85;0;0;release;11:14:40;1240;389;389;0;0;0;Non-active;
29/08/2023;10:54:00;RS;408;discharge;Hanna;1257.85;0;0;release;11:14:45;1245;389;389;0;0;0;Non-active;
29/08/2023;10:54:00;RS;408;discharge;Hanna;1257.85;0;0;release;11:14:50;1250;389;389;0;0;0;Non-active;
29/08/2023;10:54:00;RS;408;discharge;Hanna;1257.85;0;0;release;11:14:55;1255;389;389;0;0;0;Non-active;
29/08/2023;10:54:00;RS;408;discharge;Hanna;1257.85;0;0;release;11:15:00;1260;389;389;0;0;0;Non-active;
29/08/2023;10:54:00;RS;408;discharge;Hanna;1257.85;0;0;release;11:15:05;1265;389;389;0;0;0;Non-active;
29/08/2023;10:54:00;RS;408;discharge;Hanna;1257.85;0;0;rising;11:15:10;1270;390;389;1;0.4611;2.3055;Non-active;
29/08/2023;10:54:00;RS;408;discharge;Hanna;1257.85;0;0;rising;11:15:15;1275;390;389;1;0.4611;2.3055;Non-active;
29/08/2023;10:54:00;RS;408;discharge;Hanna;1257.85;0;0;rising;11:15:20;1280;390;389;1;0.4611;2.3055;Non-active;
29/08/2023;10:54:00;RS;408;discharge;Hanna;1257.85;0;0;rising;11:15:25;1285;390;389;1;0.4611;2.3055;Non-active;
29/08/2023;10:54:00;RS;408;discharge;Hanna;1257.85;0;0;rising;11:15:30;1290;390;389;1;0.4611;2.3055;Non-active;
29/08/2023;10:54:00;RS;408;discharge;Hanna;1257.85;0;0;rising;11:15:35;1295;390;389;1;0.4611;2.3055;Non-active;
29/08/2023;10:54:00;RS;408;discharge;Hanna;1257.85;0;0;rising;11:15:40;1300;390;389;1;0.4611;2.3055;Non-active;
29/08/2023;10:54:00;RS;408;discharge;Hanna;1257.85;0;0;rising;11:15:45;1305;390;389;1;0.4611;2.3055;Non-active;
29/08/2023;10:54:00;RS;408;discharge;Hanna;1257.85;0;0;rising;11:15:50;1310;390;389;1;0.4611;2.3055;Non-active;
29/08/2023;10:54:00;RS;408;discharge;Hanna;1257.85;0;0;rising;11:15:55;1315;390;389;1;0.4611;2.3055;Non-active;
29/08/2023;10:54:00;RS;408;discharge;Hanna;1257.85;0;0;rising;11:16:00;1320;390;389;1;0.4611;2.3055;Non-active;
29/08/2023;10:54:00;RS;408;discharge;Hanna;1257.85;0;0;rising;11:16:05;1325;391;389;2;0.9222;4.611;Non-active;
29/08/2023;10:54:00;RS;408;discharge;Hanna;1257.85;0;0;rising;11:16:10;1330;392;389;3;1.3833;6.9165;Non-active;
29/08/2023;10:54:00;RS;408;discharge;Hanna;1257.85;0;0;rising;11:16:15;1335;392;389;3;1.3833;6.9165;Non-active;
29/08/2023;10:54:00;RS;408;discharge;Hanna;1257.85;0;0;rising;11:16:20;1340;392;389;3;1.3833;6.9165;Non-active;
29/08/2023;10:54:00;RS;408;discharge;Hanna;1257.85;0;0;rising;11:16:25;1345;392;389;3;1.3833;6.9165;Non-active;
29/08/2023;10:54:00;RS;408;discharge;Hanna;1257.85;0;0;rising;11:16:30;1350;392;389;3;1.3833;6.9165;Non-active;
29/08/2023;10:54:00;RS;408;discharge;Hanna;1257.85;0;0;rising;11:16:35;1355;391;389;2;0.9222;4.611;Non-active;
29/08/2023;10:54:00;RS;408;discharge;Hanna;1257.85;0;0;rising;11:16:40;1360;392;389;3;1.3833;6.9165;Non-active;
29/08/2023;10:54:00;RS;408;discharge;Hanna;1257.85;0;0;rising;11:16:45;1365;392;389;3;1.3833;6.9165;Non-active;
29/08/2023;10:54:00;RS;408;discharge;Hanna;1257.85;0;0;rising;11:16:50;1370;396;389;7;3.2277;16.1385;Non-active;
29/08/2023;10:54:00;RS;408;discharge;Hanna;1257.85;0;0;rising;11:16:55;1375;397;389;8;3.6888;18.444;Non-active;
29/08/2023;10:54:00;RS;408;discharge;Hanna;1257.85;0;0;rising;11:17:00;1380;397;389;8;3.6888;18.444;Non-active;
29/08/2023;10:54:00;RS;408;discharge;Hanna;1257.85;0;0;rising;11:17:05;1385;394;389;5;2.3055;11.5275;Non-active;
29/08/2023;10:54:00;RS;408;discharge;Hanna;1257.85;0;0;rising;11:17:10;1390;398;389;9;4.1499;20.7495;Non-active;
29/08/2023;10:54:00;RS;408;discharge;Hanna;1257.85;0;0;rising;11:17:15;1395;398;389;9;4.1499;20.7495;Non-active;
29/08/2023;10:54:00;RS;408;discharge;Hanna;1257.85;0;0;rising;11:17:20;1400;398;389;9;4.1499;20.7495;Non-active;
29/08/2023;10:54:00;RS;408;discharge;Hanna;1257.85;0;0;rising;11:17:25;1405;398;389;9;4.1499;20.7495;Non-active;
29/08/2023;10:54:00;RS;408;discharge;Hanna;1257.85;0;0;rising;11:17:30;1410;398;389;9;4.1499;20.7495;Non-active;
29/08/2023;10:54:00;RS;408;discharge;Hanna;1257.85;0;0;rising;11:17:35;1415;396;389;7;3.2277;16.1385;Non-active;
29/08/2023;10:54:00;RS;408;discharge;Hanna;1257.85;0;0;rising;11:17:40;1420;396;389;7;3.2277;16.1385;Non-active;
29/08/2023;10:54:00;RS;408;discharge;Hanna;1257.85;0;0;rising;11:17:45;1425;396;389;7;3.2277;16.1385;Non-active;
29/08/2023;10:54:00;RS;408;discharge;Hanna;1257.85;0;0;rising;11:17:50;1430;392;389;3;1.3833;6.9165;Non-active;
29/08/2023;10:54:00;RS;408;discharge;Hanna;1257.85;0;0;rising;11:17:55;1435;392;389;3;1.3833;6.9165;Non-active;
29/08/2023;10:54:00;RS;408;discharge;Hanna;1257.85;0;0;rising;11:18:00;1440;400;389;11;5.0721;25.3605;Non-active;
29/08/2023;10:54:00;RS;408;discharge;Hanna;1257.85;0;0;rising;11:18:05;1445;402;389;13;5.9943;29.9715;Non-active;
29/08/2023;10:54:00;RS;408;discharge;Hanna;1257.85;0;0;rising;11:18:10;1450;402;389;13;5.9943;29.9715;Non-active;
29/08/2023;10:54:00;RS;408;discharge;Hanna;1257.85;0;0;rising;11:18:15;1455;401;389;12;5.5332;27.666;Non-active;
29/08/2023;10:54:00;RS;408;discharge;Hanna;1257.85;0;0;rising;11:18:20;1460;401;389;12;5.5332;27.666;Non-active;
29/08/2023;10:54:00;RS;408;discharge;Hanna;1257.85;0;0;rising;11:18:25;1465;401;389;12;5.5332;27.666;Non-active;
29/08/2023;10:54:00;RS;408;discharge;Hanna;1257.85;0;0;rising;11:18:30;1470;401;389;12;5.5332;27.666;Non-active;
29/08/2023;10:54:00;RS;408;discharge;Hanna;1257.85;0;0;rising;11:18:35;1475;401;389;12;5.5332;27.666;Non-active;
29/08/2023;10:54:00;RS;408;discharge;Hanna;1257.85;0;0;rising;11:18:40;1480;401;389;12;5.5332;27.666;Non-active;
29/08/2023;10:54:00;RS;408;discharge;Hanna;1257.85;0;0;rising;11:18:45;1485;401;389;12;5.5332;27.666;Non-active;
29/08/2023;10:54:00;RS;408;discharge;Hanna;1257.85;0;0;rising;11:18:50;1490;403;389;14;6.4554;32.277;Non-active;
29/08/2023;10:54:00;RS;408;discharge;Hanna;1257.85;0;0;rising;11:18:55;1495;402;389;13;5.9943;29.9715;Non-active;
29/08/2023;10:54:00;RS;408;discharge;Hanna;1257.85;0;0;rising;11:19:00;1500;405;389;16;7.3776;36.888;Non-active;
29/08/2023;10:54:00;RS;408;discharge;Hanna;1257.85;0;0;rising;11:19:05;1505;405;389;16;7.3776;36.888;Non-active;
29/08/2023;10:54:00;RS;408;discharge;Hanna;1257.85;0;0;rising;11:19:10;1510;403;389;14;6.4554;32.277;Non-active;
29/08/2023;10:54:00;RS;408;discharge;Hanna;1257.85;0;0;rising;11:19:15;1515;403;389;14;6.4554;32.277;Non-active;
29/08/2023;10:54:00;RS;408;discharge;Hanna;1257.85;0;0;rising;11:19:20;1520;402;389;13;5.9943;29.9715;Non-active;
29/08/2023;10:54:00;RS;408;discharge;Hanna;1257.85;0;0;rising;11:19:25;1525;403;389;14;6.4554;32.277;Non-active;
29/08/2023;10:54:00;RS;408;discharge;Hanna;1257.85;0;0;rising;11:19:30;1530;402;389;13;5.9943;29.9715;Non-active;
29/08/2023;10:54:00;RS;408;discharge;Hanna;1257.85;0;0;rising;11:19:35;1535;402;389;13;5.9943;29.9715;Non-active;
29/08/2023;10:54:00;RS;408;discharge;Hanna;1257.85;0;0;rising;11:19:40;1540;401;389;12;5.5332;27.666;Non-active;
29/08/2023;10:54:00;RS;408;discharge;Hanna;1257.85;0;0;rising;11:19:45;1545;397;389;8;3.6888;18.444;Non-active;
29/08/2023;10:54:00;RS;408;discharge;Hanna;1257.85;0;0;rising;11:19:50;1550;405;389;16;7.3776;36.888;Non-active;
29/08/2023;10:54:00;RS;408;discharge;Hanna;1257.85;0;0;rising;11:19:55;1555;405;389;16;7.3776;36.888;Non-active;
29/08/2023;10:54:00;RS;408;discharge;Hanna;1257.85;0;0;rising;11:20:00;1560;405;389;16;7.3776;36.888;Non-active;
29/08/2023;10:54:00;RS;408;discharge;Hanna;1257.85;0;0;rising;11:20:05;1565;404;389;15;6.9165;34.5825;Non-active;
29/08/2023;10:54:00;RS;408;discharge;Hanna;1257.85;0;0;rising;11:20:10;1570;410;389;21;9.6831;48.4155;Non-active;
29/08/2023;10:54:00;RS;408;discharge;Hanna;1257.85;0;0;rising;11:20:15;1575;406;389;17;7.8387;39.1935;Non-active;
29/08/2023;10:54:00;RS;408;discharge;Hanna;1257.85;0;0;rising;11:20:20;1580;408;389;19;8.7609;43.8045;Non-active;
29/08/2023;10:54:00;RS;408;discharge;Hanna;1257.85;0;0;rising;11:20:25;1585;408;389;19;8.7609;43.8045;Non-active;
29/08/2023;10:54:00;RS;408;discharge;Hanna;1257.85;0;0;rising;11:20:30;1590;407;389;18;8.2998;41.499;Non-active;
29/08/2023;10:54:00;RS;408;discharge;Hanna;1257.85;0;0;rising;11:20:35;1595;407;389;18;8.2998;41.499;Non-active;
29/08/2023;10:54:00;RS;408;discharge;Hanna;1257.85;0;0;rising;11:20:40;1600;406;389;17;7.8387;39.1935;Non-active;
29/08/2023;10:54:00;RS;408;discharge;Hanna;1257.85;0;0;rising;11:20:45;1605;406;389;17;7.8387;39.1935;Non-active;
29/08/2023;10:54:00;RS;408;discharge;Hanna;1257.85;0;0;rising;11:20:50;1610;406;389;17;7.8387;39.1935;Non-active;
29/08/2023;10:54:00;RS;408;discharge;Hanna;1257.85;0;0;rising;11:20:55;1615;406;389;17;7.8387;39.1935;Non-active;
29/08/2023;10:54:00;RS;408;discharge;Hanna;1257.85;0;0;rising;11:21:00;1620;406;389;17;7.8387;39.1935;Non-active;
29/08/2023;10:54:00;RS;408;discharge;Hanna;1257.85;0;0;rising;11:21:05;1625;406;389;17;7.8387;39.1935;Non-active;
29/08/2023;10:54:00;RS;408;discharge;Hanna;1257.85;0;0;rising;11:21:10;1630;406;389;17;7.8387;39.1935;Non-active;
29/08/2023;10:54:00;RS;408;discharge;Hanna;1257.85;0;0;rising;11:21:15;1635;406;389;17;7.8387;39.1935;Non-active;
29/08/2023;10:54:00;RS;408;discharge;Hanna;1257.85;0;0;rising;11:21:20;1640;406;389;17;7.8387;39.1935;Non-active;
29/08/2023;10:54:00;RS;408;discharge;Hanna;1257.85;0;0;rising;11:21:25;1645;406;389;17;7.8387;39.1935;Non-active;
29/08/2023;10:54:00;RS;408;discharge;Hanna;1257.85;0;0;rising;11:21:30;1650;406;389;17;7.8387;39.1935;Non-active;
29/08/2023;10:54:00;RS;408;discharge;Hanna;1257.85;0;0;rising;11:21:35;1655;406;389;17;7.8387;39.1935;Non-active;
29/08/2023;10:54:00;RS;408;discharge;Hanna;1257.85;0;0;rising;11:21:40;1660;406;389;17;7.8387;39.1935;Non-active;
29/08/2023;10:54:00;RS;408;discharge;Hanna;1257.85;0;0;rising;11:21:45;1665;406;389;17;7.8387;39.1935;Non-active;
29/08/2023;10:54:00;RS;408;discharge;Hanna;1257.85;0;0;rising;11:21:50;1670;409;389;20;9.222;46.11;Non-active;
29/08/2023;10:54:00;RS;408;discharge;Hanna;1257.85;0;0;falling;11:21:55;1675;406;389;17;7.8387;39.1935;Non-active;
29/08/2023;10:54:00;RS;408;discharge;Hanna;1257.85;0;0;falling;11:22:00;1680;405;389;16;7.3776;36.888;Non-active;
29/08/2023;10:54:00;RS;408;discharge;Hanna;1257.85;0;0;falling;11:22:05;1685;407;389;18;8.2998;41.499;Non-active;
29/08/2023;10:54:00;RS;408;discharge;Hanna;1257.85;0;0;falling;11:22:10;1690;408;389;19;8.7609;43.8045;Non-active;
29/08/2023;10:54:00;RS;408;discharge;Hanna;1257.85;0;0;falling;11:22:15;1695;408;389;19;8.7609;43.8045;Non-active;
29/08/2023;10:54:00;RS;408;discharge;Hanna;1257.85;0;0;falling;11:22:20;1700;408;389;19;8.7609;43.8045;Non-active;
29/08/2023;10:54:00;RS;408;discharge;Hanna;1257.85;0;0;falling;11:22:25;1705;407;389;18;8.2998;41.499;Non-active;
29/08/2023;10:54:00;RS;408;discharge;Hanna;1257.85;0;0;falling;11:22:30;1710;408;389;19;8.7609;43.8045;Non-active;
29/08/2023;10:54:00;RS;408;discharge;Hanna;1257.85;0;0;falling;11:22:35;1715;408;389;19;8.7609;43.8045;Non-active;
29/08/2023;10:54:00;RS;408;discharge;Hanna;1257.85;0;0;falling;11:22:40;1720;404;389;15;6.9165;34.5825;Non-active;
29/08/2023;10:54:00;RS;408;discharge;Hanna;1257.85;0;0;falling;11:22:45;1725;404;389;15;6.9165;34.5825;Non-active;
29/08/2023;10:54:00;RS;408;discharge;Hanna;1257.85;0;0;falling;11:22:50;1730;408;389;19;8.7609;43.8045;Non-active;
29/08/2023;10:54:00;RS;408;discharge;Hanna;1257.85;0;0;falling;11:22:55;1735;404;389;15;6.9165;34.5825;Non-active;
29/08/2023;10:54:00;RS;408;discharge;Hanna;1257.85;0;0;falling;11:23:00;1740;407;389;18;8.2998;41.499;Non-active;
29/08/2023;10:54:00;RS;408;discharge;Hanna;1257.85;0;0;falling;11:23:05;1745;407;389;18;8.2998;41.499;Non-active;
29/08/2023;10:54:00;RS;408;discharge;Hanna;1257.85;0;0;falling;11:23:10;1750;407;389;18;8.2998;41.499;Non-active;
29/08/2023;10:54:00;RS;408;discharge;Hanna;1257.85;0;0;falling;11:23:15;1755;407;389;18;8.2998;41.499;Non-active;
29/08/2023;10:54:00;RS;408;discharge;Hanna;1257.85;0;0;falling;11:23:20;1760;407;389;18;8.2998;41.499;Non-active;
29/08/2023;10:54:00;RS;408;discharge;Hanna;1257.85;0;0;falling;11:23:25;1765;407;389;18;8.2998;41.499;Non-active;
29/08/2023;10:54:00;RS;408;discharge;Hanna;1257.85;0;0;falling;11:23:30;1770;407;389;18;8.2998;41.499;Non-active;
29/08/2023;10:54:00;RS;408;discharge;Hanna;1257.85;0;0;falling;11:23:35;1775;407;389;18;8.2998;41.499;Non-active;
29/08/2023;10:54:00;RS;408;discharge;Hanna;1257.85;0;0;falling;11:23:40;1780;407;389;18;8.2998;41.499;Non-active;
29/08/2023;10:54:00;RS;408;discharge;Hanna;1257.85;0;0;falling;11:23:45;1785;407;389;18;8.2998;41.499;Non-active;
29/08/2023;10:54:00;RS;408;discharge;Hanna;1257.85;0;0;falling;11:23:50;1790;406;389;17;7.8387;39.1935;Non-active;
29/08/2023;10:54:00;RS;408;discharge;Hanna;1257.85;0;0;falling;11:23:55;1795;406;389;17;7.8387;39.1935;Non-active;
29/08/2023;10:54:00;RS;408;discharge;Hanna;1257.85;0;0;falling;11:24:00;1800;407;389;18;8.2998;41.499;Non-active;
29/08/2023;10:54:00;RS;408;discharge;Hanna;1257.85;0;0;falling;11:24:05;1805;407;389;18;8.2998;41.499;Non-active;
29/08/2023;10:54:00;RS;408;discharge;Hanna;1257.85;0;0;falling;11:24:10;1810;407;389;18;8.2998;41.499;Non-active;
29/08/2023;10:54:00;RS;408;discharge;Hanna;1257.85;0;0;falling;11:24:15;1815;407;389;18;8.2998;41.499;Non-active;
29/08/2023;10:54:00;RS;408;discharge;Hanna;1257.85;0;0;falling;11:24:20;1820;407;389;18;8.2998;41.499;Non-active;
29/08/2023;10:54:00;RS;408;discharge;Hanna;1257.85;0;0;falling;11:24:25;1825;407;389;18;8.2998;41.499;Non-active;
29/08/2023;10:54:00;RS;408;discharge;Hanna;1257.85;0;0;falling;11:24:30;1830;406;389;17;7.8387;39.1935;Non-active;
29/08/2023;10:54:00;RS;408;discharge;Hanna;1257.85;0;0;falling;11:24:35;1835;404;389;15;6.9165;34.5825;Non-active;
29/08/2023;10:54:00;RS;408;discharge;Hanna;1257.85;0;0;falling;11:24:40;1840;405;389;16;7.3776;36.888;Non-active;
29/08/2023;10:54:00;RS;408;discharge;Hanna;1257.85;0;0;falling;11:24:45;1845;405;389;16;7.3776;36.888;Non-active;
29/08/2023;10:54:00;RS;408;discharge;Hanna;1257.85;0;0;falling;11:24:50;1850;405;389;16;7.3776;36.888;Non-active;
29/08/2023;10:54:00;RS;408;discharge;Hanna;1257.85;0;0;falling;11:24:55;1855;406;389;17;7.8387;39.1935;Non-active;
29/08/2023;10:54:00;RS;408;discharge;Hanna;1257.85;0;0;falling;11:25:00;1860;406;389;17;7.8387;39.1935;Non-active;
29/08/2023;10:54:00;RS;408;discharge;Hanna;1257.85;0;0;falling;11:25:05;1865;405;389;16;7.3776;36.888;Non-active;
29/08/2023;10:54:00;RS;408;discharge;Hanna;1257.85;0;0;falling;11:25:10;1870;405;389;16;7.3776;36.888;Non-active;
29/08/2023;10:54:00;RS;408;discharge;Hanna;1257.85;0;0;falling;11:25:15;1875;405;389;16;7.3776;36.888;Non-active;
29/08/2023;10:54:00;RS;408;discharge;Hanna;1257.85;0;0;falling;11:25:20;1880;405;389;16;7.3776;36.888;Non-active;
29/08/2023;10:54:00;RS;408;discharge;Hanna;1257.85;0;0;falling;11:25:25;1885;405;389;16;7.3776;36.888;Non-active;
29/08/2023;10:54:00;RS;408;discharge;Hanna;1257.85;0;0;falling;11:25:30;1890;405;389;16;7.3776;36.888;Non-active;
29/08/2023;10:54:00;RS;408;discharge;Hanna;1257.85;0;0;falling;11:25:35;1895;405;389;16;7.3776;36.888;Non-active;
29/08/2023;10:54:00;RS;408;discharge;Hanna;1257.85;0;0;falling;11:25:40;1900;404;389;15;6.9165;34.5825;Non-active;
29/08/2023;10:54:00;RS;408;discharge;Hanna;1257.85;0;0;falling;11:25:45;1905;403;389;14;6.4554;32.277;Non-active;
29/08/2023;10:54:00;RS;408;discharge;Hanna;1257.85;0;0;falling;11:25:50;1910;404;389;15;6.9165;34.5825;Non-active;
29/08/2023;10:54:00;RS;408;discharge;Hanna;1257.85;0;0;falling;11:25:55;1915;404;389;15;6.9165;34.5825;Non-active;
29/08/2023;10:54:00;RS;408;discharge;Hanna;1257.85;0;0;falling;11:26:00;1920;404;389;15;6.9165;34.5825;Non-active;
29/08/2023;10:54:00;RS;408;discharge;Hanna;1257.85;0;0;falling;11:26:05;1925;404;389;15;6.9165;34.5825;Non-active;
29/08/2023;10:54:00;RS;408;discharge;Hanna;1257.85;0;0;falling;11:26:10;1930;404;389;15;6.9165;34.5825;Non-active;
29/08/2023;10:54:00;RS;408;discharge;Hanna;1257.85;0;0;falling;11:26:15;1935;404;389;15;6.9165;34.5825;Non-active;
29/08/2023;10:54:00;RS;408;discharge;Hanna;1257.85;0;0;falling;11:26:20;1940;404;389;15;6.9165;34.5825;Non-active;
29/08/2023;10:54:00;RS;408;discharge;Hanna;1257.85;0;0;falling;11:26:25;1945;403;389;14;6.4554;32.277;Non-active;
29/08/2023;10:54:00;RS;408;discharge;Hanna;1257.85;0;0;falling;11:26:30;1950;403;389;14;6.4554;32.277;Non-active;
29/08/2023;10:54:00;RS;408;discharge;Hanna;1257.85;0;0;falling;11:26:35;1955;403;389;14;6.4554;32.277;Non-active;
29/08/2023;10:54:00;RS;408;discharge;Hanna;1257.85;0;0;falling;11:26:40;1960;403;389;14;6.4554;32.277;Non-active;
29/08/2023;10:54:00;RS;408;discharge;Hanna;1257.85;0;0;falling;11:26:45;1965;403;389;14;6.4554;32.277;Non-active;
29/08/2023;10:54:00;RS;408;discharge;Hanna;1257.85;0;0;falling;11:26:50;1970;403;389;14;6.4554;32.277;Non-active;
29/08/2023;10:54:00;RS;408;discharge;Hanna;1257.85;0;0;falling;11:26:55;1975;403;389;14;6.4554;32.277;Non-active;
29/08/2023;10:54:00;RS;408;discharge;Hanna;1257.85;0;0;falling;11:27:00;1980;403;389;14;6.4554;32.277;Non-active;
29/08/2023;10:54:00;RS;408;discharge;Hanna;1257.85;0;0;falling;11:27:05;1985;403;389;14;6.4554;32.277;Non-active;
29/08/2023;10:54:00;RS;408;discharge;Hanna;1257.85;0;0;falling;11:27:10;1990;403;389;14;6.4554;32.277;Non-active;
29/08/2023;10:54:00;RS;408;discharge;Hanna;1257.85;0;0;falling;11:27:15;1995;403;389;14;6.4554;32.277;Non-active;
29/08/2023;10:54:00;RS;408;discharge;Hanna;1257.85;0;0;falling;11:27:20;2000;402;389;13;5.9943;29.9715;Non-active;
29/08/2023;10:54:00;RS;408;discharge;Hanna;1257.85;0;0;falling;11:27:25;2005;402;389;13;5.9943;29.9715;Non-active;
29/08/2023;10:54:00;RS;408;discharge;Hanna;1257.85;0;0;falling;11:27:30;2010;402;389;13;5.9943;29.9715;Non-active;
29/08/2023;10:54:00;RS;408;discharge;Hanna;1257.85;0;0;falling;11:27:35;2015;403;389;14;6.4554;32.277;Non-active;
29/08/2023;10:54:00;RS;408;discharge;Hanna;1257.85;0;0;falling;11:27:40;2020;402;389;13;5.9943;29.9715;Non-active;
29/08/2023;10:54:00;RS;408;discharge;Hanna;1257.85;0;0;falling;11:27:45;2025;402;389;13;5.9943;29.9715;Non-active;
29/08/2023;10:54:00;RS;408;discharge;Hanna;1257.85;0;0;falling;11:27:50;2030;402;389;13;5.9943;29.9715;Non-active;
29/08/2023;10:54:00;RS;408;discharge;Hanna;1257.85;0;0;falling;11:27:55;2035;402;389;13;5.9943;29.9715;Non-active;
29/08/2023;10:54:00;RS;408;discharge;Hanna;1257.85;0;0;falling;11:28:00;2040;402;389;13;5.9943;29.9715;Non-active;
29/08/2023;10:54:00;RS;408;discharge;Hanna;1257.85;0;0;falling;11:28:05;2045;402;389;13;5.9943;29.9715;Non-active;
29/08/2023;10:54:00;RS;408;discharge;Hanna;1257.85;0;0;falling;11:28:10;2050;402;389;13;5.9943;29.9715;Non-active;
29/08/2023;10:54:00;RS;408;discharge;Hanna;1257.85;0;0;falling;11:28:15;2055;402;389;13;5.9943;29.9715;Non-active;
29/08/2023;10:54:00;RS;408;discharge;Hanna;1257.85;0;0;falling;11:28:20;2060;402;389;13;5.9943;29.9715;Non-active;
29/08/2023;10:54:00;RS;408;discharge;Hanna;1257.85;0;0;falling;11:28:25;2065;402;389;13;5.9943;29.9715;Non-active;
29/08/2023;10:54:00;RS;408;discharge;Hanna;1257.85;0;0;falling;11:28:30;2070;401;389;12;5.5332;27.666;Non-active;
29/08/2023;10:54:00;RS;408;discharge;Hanna;1257.85;0;0;falling;11:28:35;2075;401;389;12;5.5332;27.666;Non-active;
29/08/2023;10:54:00;RS;408;discharge;Hanna;1257.85;0;0;falling;11:28:40;2080;401;389;12;5.5332;27.666;Non-active;
29/08/2023;10:54:00;RS;408;discharge;Hanna;1257.85;0;0;falling;11:28:45;2085;400;389;11;5.0721;25.3605;Non-active;
29/08/2023;10:54:00;RS;408;discharge;Hanna;1257.85;0;0;falling;11:28:50;2090;400;389;11;5.0721;25.3605;Non-active;
29/08/2023;10:54:00;RS;408;discharge;Hanna;1257.85;0;0;falling;11:28:55;2095;400;389;11;5.0721;25.3605;Non-active;
29/08/2023;10:54:00;RS;408;discharge;Hanna;1257.85;0;0;falling;11:29:00;2100;401;389;12;5.5332;27.666;Non-active;
29/08/2023;10:54:00;RS;408;discharge;Hanna;1257.85;0;0;falling;11:29:05;2105;401;389;12;5.5332;27.666;Non-active;
29/08/2023;10:54:00;RS;408;discharge;Hanna;1257.85;0;0;falling;11:29:10;2110;401;389;12;5.5332;27.666;Non-active;
29/08/2023;10:54:00;RS;408;discharge;Hanna;1257.85;0;0;falling;11:29:15;2115;401;389;12;5.5332;27.666;Non-active;
29/08/2023;10:54:00;RS;408;discharge;Hanna;1257.85;0;0;falling;11:29:20;2120;401;389;12;5.5332;27.666;Non-active;
29/08/2023;10:54:00;RS;408;discharge;Hanna;1257.85;0;0;falling;11:29:25;2125;402;389;13;5.9943;29.9715;Non-active;
29/08/2023;10:54:00;RS;408;discharge;Hanna;1257.85;0;0;falling;11:29:30;2130;402;389;13;5.9943;29.9715;Non-active;
29/08/2023;10:54:00;RS;408;discharge;Hanna;1257.85;0;0;falling;11:29:35;2135;402;389;13;5.9943;29.9715;Non-active;
29/08/2023;10:54:00;RS;408;discharge;Hanna;1257.85;0;0;falling;11:29:40;2140;400;389;11;5.0721;25.3605;Non-active;
29/08/2023;10:54:00;RS;408;discharge;Hanna;1257.85;0;0;falling;11:29:45;2145;402;389;13;5.9943;29.9715;Non-active;
29/08/2023;10:54:00;RS;408;discharge;Hanna;1257.85;0;0;falling;11:29:50;2150;402;389;13;5.9943;29.9715;Non-active;
29/08/2023;10:54:00;RS;408;discharge;Hanna;1257.85;0;0;falling;11:29:55;2155;399;389;10;4.611;23.055;Non-active;
29/08/2023;10:54:00;RS;408;discharge;Hanna;1257.85;0;0;falling;11:30:00;2160;399;389;10;4.611;23.055;Non-active;
29/08/2023;10:54:00;RS;408;discharge;Hanna;1257.85;0;0;falling;11:30:05;2165;400;389;11;5.0721;25.3605;Non-active;
29/08/2023;10:54:00;RS;408;discharge;Hanna;1257.85;0;0;falling;11:30:10;2170;400;389;11;5.0721;25.3605;Non-active;
29/08/2023;10:54:00;RS;408;discharge;Hanna;1257.85;0;0;falling;11:30:15;2175;400;389;11;5.0721;25.3605;Non-active;
29/08/2023;10:54:00;RS;408;discharge;Hanna;1257.85;0;0;falling;11:30:20;2180;400;389;11;5.0721;25.3605;Non-active;
29/08/2023;10:54:00;RS;408;discharge;Hanna;1257.85;0;0;falling;11:30:25;2185;401;389;12;5.5332;27.666;Non-active;
29/08/2023;10:54:00;RS;408;discharge;Hanna;1257.85;0;0;falling;11:30:30;2190;401;389;12;5.5332;27.666;Non-active;
29/08/2023;10:54:00;RS;408;discharge;Hanna;1257.85;0;0;falling;11:30:35;2195;401;389;12;5.5332;27.666;Non-active;
29/08/2023;10:54:00;RS;408;discharge;Hanna;1257.85;0;0;falling;11:30:40;2200;400;389;11;5.0721;25.3605;Non-active;
29/08/2023;10:54:00;RS;408;discharge;Hanna;1257.85;0;0;falling;11:30:45;2205;399;389;10;4.611;23.055;Non-active;
29/08/2023;10:54:00;RS;408;discharge;Hanna;1257.85;0;0;falling;11:30:50;2210;399;389;10;4.611;23.055;Non-active;
29/08/2023;10:54:00;RS;408;discharge;Hanna;1257.85;0;0;falling;11:30:55;2215;399;389;10;4.611;23.055;Non-active;
29/08/2023;10:54:00;RS;408;discharge;Hanna;1257.85;0;0;falling;11:31:00;2220;398;389;9;4.1499;20.7495;Non-active;
29/08/2023;10:54:00;RS;408;discharge;Hanna;1257.85;0;0;falling;11:31:05;2225;398;389;9;4.1499;20.7495;Non-active;
29/08/2023;10:54:00;RS;408;discharge;Hanna;1257.85;0;0;falling;11:31:10;2230;397;389;8;3.6888;18.444;Non-active;
29/08/2023;10:54:00;RS;408;discharge;Hanna;1257.85;0;0;falling;11:31:15;2235;398;389;9;4.1499;20.7495;Non-active;
29/08/2023;10:54:00;RS;408;discharge;Hanna;1257.85;0;0;falling;11:31:20;2240;397;389;8;3.6888;18.444;Non-active;
29/08/2023;10:54:00;RS;408;discharge;Hanna;1257.85;0;0;falling;11:31:25;2245;398;389;9;4.1499;20.7495;Non-active;
29/08/2023;10:54:00;RS;408;discharge;Hanna;1257.85;0;0;falling;11:31:30;2250;398;389;9;4.1499;20.7495;Non-active;
29/08/2023;10:54:00;RS;408;discharge;Hanna;1257.85;0;0;falling;11:31:35;2255;399;389;10;4.611;23.055;Non-active;
29/08/2023;10:54:00;RS;408;discharge;Hanna;1257.85;0;0;falling;11:31:40;2260;399;389;10;4.611;23.055;Non-active;
29/08/2023;10:54:00;RS;408;discharge;Hanna;1257.85;0;0;falling;11:31:45;2265;398;389;9;4.1499;20.7495;Non-active;
29/08/2023;10:54:00;RS;408;discharge;Hanna;1257.85;0;0;falling;11:31:50;2270;397;389;8;3.6888;18.444;Non-active;
29/08/2023;10:54:00;RS;408;discharge;Hanna;1257.85;0;0;falling;11:31:55;2275;397;389;8;3.6888;18.444;Non-active;
29/08/2023;10:54:00;RS;408;discharge;Hanna;1257.85;0;0;falling;11:32:00;2280;397;389;8;3.6888;18.444;Non-active;
29/08/2023;10:54:00;RS;408;discharge;Hanna;1257.85;0;0;falling;11:32:05;2285;395;389;6;2.7666;13.833;Non-active;
29/08/2023;10:54:00;RS;408;discharge;Hanna;1257.85;0;0;falling;11:32:10;2290;397;389;8;3.6888;18.444;Non-active;
29/08/2023;10:54:00;RS;408;discharge;Hanna;1257.85;0;0;falling;11:32:15;2295;397;389;8;3.6888;18.444;Non-active;
29/08/2023;10:54:00;RS;408;discharge;Hanna;1257.85;0;0;falling;11:32:20;2300;398;389;9;4.1499;20.7495;Non-active;
29/08/2023;10:54:00;RS;408;discharge;Hanna;1257.85;0;0;falling;11:32:25;2305;399;389;10;4.611;23.055;Non-active;
29/08/2023;10:54:00;RS;408;discharge;Hanna;1257.85;0;0;falling;11:32:30;2310;399;389;10;4.611;23.055;Non-active;
29/08/2023;10:54:00;RS;408;discharge;Hanna;1257.85;0;0;falling;11:32:35;2315;397;389;8;3.6888;18.444;Non-active;
29/08/2023;10:54:00;RS;408;discharge;Hanna;1257.85;0;0;falling;11:32:40;2320;397;389;8;3.6888;18.444;Non-active;
29/08/2023;10:54:00;RS;408;discharge;Hanna;1257.85;0;0;falling;11:32:45;2325;397;389;8;3.6888;18.444;Non-active;
29/08/2023;10:54:00;RS;408;discharge;Hanna;1257.85;0;0;falling;11:32:50;2330;397;389;8;3.6888;18.444;Non-active;
29/08/2023;10:54:00;RS;408;discharge;Hanna;1257.85;0;0;falling;11:32:55;2335;397;389;8;3.6888;18.444;Non-active;
29/08/2023;10:54:00;RS;408;discharge;Hanna;1257.85;0;0;falling;11:33:00;2340;397;389;8;3.6888;18.444;Non-active;
29/08/2023;10:54:00;RS;408;discharge;Hanna;1257.85;0;0;falling;11:33:05;2345;396;389;7;3.2277;16.1385;Non-active;
29/08/2023;10:54:00;RS;408;discharge;Hanna;1257.85;0;0;falling;11:33:10;2350;396;389;7;3.2277;16.1385;Non-active;
29/08/2023;10:54:00;RS;408;discharge;Hanna;1257.85;0;0;falling;11:33:15;2355;396;389;7;3.2277;16.1385;Non-active;
29/08/2023;10:54:00;RS;408;discharge;Hanna;1257.85;0;0;falling;11:33:20;2360;396;389;7;3.2277;16.1385;Non-active;
29/08/2023;10:54:00;RS;408;discharge;Hanna;1257.85;0;0;falling;11:33:25;2365;397;389;8;3.6888;18.444;Non-active;
29/08/2023;10:54:00;RS;408;discharge;Hanna;1257.85;0;0;falling;11:33:30;2370;398;389;9;4.1499;20.7495;Non-active;
29/08/2023;10:54:00;RS;408;discharge;Hanna;1257.85;0;0;falling;11:33:35;2375;395;389;6;2.7666;13.833;Non-active;
29/08/2023;10:54:00;RS;408;discharge;Hanna;1257.85;0;0;falling;11:33:40;2380;397;389;8;3.6888;18.444;Non-active;
29/08/2023;10:54:00;RS;408;discharge;Hanna;1257.85;0;0;falling;11:33:45;2385;398;389;9;4.1499;20.7495;Non-active;
29/08/2023;10:54:00;RS;408;discharge;Hanna;1257.85;0;0;falling;11:33:50;2390;398;389;9;4.1499;20.7495;Non-active;
29/08/2023;10:54:00;RS;408;discharge;Hanna;1257.85;0;0;falling;11:33:55;2395;398;389;9;4.1499;20.7495;Non-active;
29/08/2023;10:54:00;RS;408;discharge;Hanna;1257.85;0;0;falling;11:34:00;2400;396;389;7;3.2277;16.1385;Non-active;
29/08/2023;10:54:00;RS;408;discharge;Hanna;1257.85;0;0;falling;11:34:05;2405;396;389;7;3.2277;16.1385;Non-active;
29/08/2023;10:54:00;RS;408;discharge;Hanna;1257.85;0;0;falling;11:34:10;2410;395;389;6;2.7666;13.833;Non-active;
29/08/2023;10:54:00;RS;408;discharge;Hanna;1257.85;0;0;falling;11:34:15;2415;395;389;6;2.7666;13.833;Non-active;
29/08/2023;10:54:00;RS;408;discharge;Hanna;1257.85;0;0;falling;11:34:20;2420;395;389;6;2.7666;13.833;Non-active;
29/08/2023;10:54:00;RS;408;discharge;Hanna;1257.85;0;0;falling;11:34:25;2425;395;389;6;2.7666;13.833;Non-active;
29/08/2023;10:54:00;RS;408;discharge;Hanna;1257.85;0;0;falling;11:34:30;2430;395;389;6;2.7666;13.833;Non-active;
29/08/2023;10:54:00;RS;408;discharge;Hanna;1257.85;0;0;falling;11:34:35;2435;395;389;6;2.7666;13.833;Non-active;
29/08/2023;10:54:00;RS;408;discharge;Hanna;1257.85;0;0;falling;11:34:40;2440;395;389;6;2.7666;13.833;Non-active;
29/08/2023;10:54:00;RS;408;discharge;Hanna;1257.85;0;0;falling;11:34:45;2445;395;389;6;2.7666;13.833;Non-active;
29/08/2023;10:54:00;RS;408;discharge;Hanna;1257.85;0;0;falling;11:34:50;2450;395;389;6;2.7666;13.833;Non-active;
29/08/2023;10:54:00;RS;408;discharge;Hanna;1257.85;0;0;falling;11:34:55;2455;395;389;6;2.7666;13.833;Non-active;
29/08/2023;10:54:00;RS;408;discharge;Hanna;1257.85;0;0;falling;11:35:00;2460;395;389;6;2.7666;13.833;Non-active;
29/08/2023;10:54:00;RS;408;discharge;Hanna;1257.85;0;0;falling;11:35:05;2465;396;389;7;3.2277;16.1385;Non-active;
29/08/2023;10:54:00;RS;408;discharge;Hanna;1257.85;0;0;falling;11:35:10;2470;395;389;6;2.7666;13.833;Non-active;
29/08/2023;10:54:00;RS;408;discharge;Hanna;1257.85;0;0;falling;11:35:15;2475;395;389;6;2.7666;13.833;Non-active;
29/08/2023;10:54:00;RS;408;discharge;Hanna;1257.85;0;0;falling;11:35:20;2480;395;389;6;2.7666;13.833;Non-active;
29/08/2023;10:54:00;RS;408;discharge;Hanna;1257.85;0;0;falling;11:35:25;2485;395;389;6;2.7666;13.833;Non-active;
29/08/2023;10:54:00;RS;408;discharge;Hanna;1257.85;0;0;falling;11:35:30;2490;395;389;6;2.7666;13.833;Non-active;
29/08/2023;10:54:00;RS;408;discharge;Hanna;1257.85;0;0;falling;11:35:35;2495;394;389;5;2.3055;11.5275;Non-active;
29/08/2023;10:54:00;RS;408;discharge;Hanna;1257.85;0;0;falling;11:35:40;2500;394;389;5;2.3055;11.5275;Non-active;
29/08/2023;10:54:00;RS;408;discharge;Hanna;1257.85;0;0;falling;11:35:45;2505;395;389;6;2.7666;13.833;Non-active;
29/08/2023;10:54:00;RS;408;discharge;Hanna;1257.85;0;0;falling;11:35:50;2510;394;389;5;2.3055;11.5275;Non-active;
29/08/2023;10:54:00;RS;408;discharge;Hanna;1257.85;0;0;falling;11:35:55;2515;395;389;6;2.7666;13.833;Non-active;
29/08/2023;10:54:00;RS;408;discharge;Hanna;1257.85;0;0;falling;11:36:00;2520;395;389;6;2.7666;13.833;Non-active;
29/08/2023;10:54:00;RS;408;discharge;Hanna;1257.85;0;0;falling;11:36:05;2525;394;389;5;2.3055;11.5275;Non-active;
29/08/2023;10:54:00;RS;408;discharge;Hanna;1257.85;0;0;falling;11:36:10;2530;394;389;5;2.3055;11.5275;Non-active;
29/08/2023;10:54:00;RS;408;discharge;Hanna;1257.85;0;0;falling;11:36:15;2535;394;389;5;2.3055;11.5275;Non-active;
29/08/2023;10:54:00;RS;408;discharge;Hanna;1257.85;0;0;falling;11:36:20;2540;394;389;5;2.3055;11.5275;Non-active;
29/08/2023;10:54:00;RS;408;discharge;Hanna;1257.85;0;0;falling;11:36:25;2545;394;389;5;2.3055;11.5275;Non-active;
29/08/2023;10:54:00;RS;408;discharge;Hanna;1257.85;0;0;falling;11:36:30;2550;394;389;5;2.3055;11.5275;Non-active;
29/08/2023;10:54:00;RS;408;discharge;Hanna;1257.85;0;0;falling;11:36:35;2555;394;389;5;2.3055;11.5275;Non-active;
29/08/2023;10:54:00;RS;408;discharge;Hanna;1257.85;0;0;falling;11:36:40;2560;395;389;6;2.7666;13.833;Non-active;
29/08/2023;10:54:00;RS;408;discharge;Hanna;1257.85;0;0;falling;11:36:45;2565;394;389;5;2.3055;11.5275;Non-active;
29/08/2023;10:54:00;RS;408;discharge;Hanna;1257.85;0;0;falling;11:36:50;2570;393;389;4;1.8444;9.222;Non-active;
29/08/2023;10:54:00;RS;408;discharge;Hanna;1257.85;0;0;falling;11:36:55;2575;393;389;4;1.8444;9.222;Non-active;
29/08/2023;10:54:00;RS;408;discharge;Hanna;1257.85;0;0;falling;11:37:00;2580;393;389;4;1.8444;9.222;Non-active;
29/08/2023;10:54:00;RS;408;discharge;Hanna;1257.85;0;0;falling;11:37:05;2585;394;389;5;2.3055;11.5275;Non-active;
29/08/2023;10:54:00;RS;408;discharge;Hanna;1257.85;0;0;falling;11:37:10;2590;394;389;5;2.3055;11.5275;Non-active;
29/08/2023;10:54:00;RS;408;discharge;Hanna;1257.85;0;0;falling;11:37:15;2595;394;389;5;2.3055;11.5275;Non-active;
29/08/2023;10:54:00;RS;408;discharge;Hanna;1257.85;0;0;falling;11:37:20;2600;394;389;5;2.3055;11.5275;Non-active;
29/08/2023;10:54:00;RS;408;discharge;Hanna;1257.85;0;0;falling;11:37:25;2605;394;389;5;2.3055;11.5275;Non-active;
29/08/2023;10:54:00;RS;408;discharge;Hanna;1257.85;0;0;falling;11:37:30;2610;394;389;5;2.3055;11.5275;Non-active;
29/08/2023;10:54:00;RS;408;discharge;Hanna;1257.85;0;0;falling;11:37:35;2615;394;389;5;2.3055;11.5275;Non-active;
29/08/2023;10:54:00;RS;408;discharge;Hanna;1257.85;0;0;falling;11:37:40;2620;394;389;5;2.3055;11.5275;Non-active;
29/08/2023;10:54:00;RS;408;discharge;Hanna;1257.85;0;0;falling;11:37:45;2625;394;389;5;2.3055;11.5275;Non-active;
29/08/2023;10:54:00;RS;408;discharge;Hanna;1257.85;0;0;falling;11:37:50;2630;394;389;5;2.3055;11.5275;Non-active;
29/08/2023;10:54:00;RS;408;discharge;Hanna;1257.85;0;0;falling;11:37:55;2635;394;389;5;2.3055;11.5275;Non-active;
29/08/2023;10:54:00;RS;408;discharge;Hanna;1257.85;0;0;falling;11:38:00;2640;393;389;4;1.8444;9.222;Non-active;
29/08/2023;10:54:00;RS;408;discharge;Hanna;1257.85;0;0;falling;11:38:05;2645;393;389;4;1.8444;9.222;Non-active;
29/08/2023;10:54:00;RS;408;discharge;Hanna;1257.85;0;0;falling;11:38:10;2650;393;389;4;1.8444;9.222;Non-active;
29/08/2023;10:54:00;RS;408;discharge;Hanna;1257.85;0;0;falling;11:38:15;2655;393;389;4;1.8444;9.222;Non-active;
29/08/2023;10:54:00;RS;408;discharge;Hanna;1257.85;0;0;falling;11:38:20;2660;394;389;5;2.3055;11.5275;Non-active;
29/08/2023;10:54:00;RS;408;discharge;Hanna;1257.85;0;0;falling;11:38:25;2665;395;389;6;2.7666;13.833;Non-active;
29/08/2023;10:54:00;RS;408;discharge;Hanna;1257.85;0;0;falling;11:38:30;2670;394;389;5;2.3055;11.5275;Non-active;
29/08/2023;10:54:00;RS;408;discharge;Hanna;1257.85;0;0;falling;11:38:35;2675;394;389;5;2.3055;11.5275;Non-active;
29/08/2023;10:54:00;RS;408;discharge;Hanna;1257.85;0;0;falling;11:38:40;2680;393;389;4;1.8444;9.222;Non-active;
29/08/2023;10:54:00;RS;408;discharge;Hanna;1257.85;0;0;falling;11:38:45;2685;393;389;4;1.8444;9.222;Non-active;
29/08/2023;10:54:00;RS;408;discharge;Hanna;1257.85;0;0;falling;11:38:50;2690;393;389;4;1.8444;9.222;Non-active;
29/08/2023;10:54:00;RS;408;discharge;Hanna;1257.85;0;0;falling;11:38:55;2695;393;389;4;1.8444;9.222;Non-active;
29/08/2023;10:54:00;RS;408;discharge;Hanna;1257.85;0;0;falling;11:39:00;2700;393;389;4;1.8444;9.222;Non-active;
29/08/2023;10:54:00;RS;408;discharge;Hanna;1257.85;0;0;falling;11:39:05;2705;394;389;5;2.3055;11.5275;Non-active;
29/08/2023;10:54:00;RS;408;discharge;Hanna;1257.85;0;0;falling;11:39:10;2710;394;389;5;2.3055;11.5275;Non-active;
29/08/2023;10:54:00;RS;408;discharge;Hanna;1257.85;0;0;falling;11:39:15;2715;394;389;5;2.3055;11.5275;Non-active;
29/08/2023;10:54:00;RS;408;discharge;Hanna;1257.85;0;0;falling;11:39:20;2720;393;389;4;1.8444;9.222;Non-active;
29/08/2023;10:54:00;RS;408;discharge;Hanna;1257.85;0;0;falling;11:39:25;2725;393;389;4;1.8444;9.222;Non-active;
29/08/2023;10:54:00;RS;408;discharge;Hanna;1257.85;0;0;falling;11:39:30;2730;393;389;4;1.8444;9.222;Non-active;
29/08/2023;10:54:00;RS;408;discharge;Hanna;1257.85;0;0;falling;11:39:35;2735;393;389;4;1.8444;9.222;Non-active;
29/08/2023;10:54:00;RS;408;discharge;Hanna;1257.85;0;0;falling;11:39:40;2740;393;389;4;1.8444;9.222;Non-active;
29/08/2023;10:54:00;RS;408;discharge;Hanna;1257.85;0;0;falling;11:39:45;2745;393;389;4;1.8444;9.222;Non-active;
29/08/2023;10:54:00;RS;408;discharge;Hanna;1257.85;0;0;falling;11:39:50;2750;393;389;4;1.8444;9.222;Non-active;
29/08/2023;10:54:00;RS;408;discharge;Hanna;1257.85;0;0;falling;11:39:55;2755;393;389;4;1.8444;9.222;Non-active;
29/08/2023;10:54:00;RS;408;discharge;Hanna;1257.85;0;0;falling;11:40:00;2760;393;389;4;1.8444;9.222;Non-active;
29/08/2023;10:54:00;RS;408;discharge;Hanna;1257.85;0;0;falling;11:40:05;2765;392;389;3;1.3833;6.9165;Non-active;
29/08/2023;10:54:00;RS;408;discharge;Hanna;1257.85;0;0;falling;11:40:10;2770;393;389;4;1.8444;9.222;Non-active;
29/08/2023;10:54:00;RS;408;discharge;Hanna;1257.85;0;0;falling;11:40:15;2775;393;389;4;1.8444;9.222;Non-active;
29/08/2023;10:54:00;RS;408;discharge;Hanna;1257.85;0;0;falling;11:40:20;2780;393;389;4;1.8444;9.222;Non-active;
29/08/2023;10:54:00;RS;408;discharge;Hanna;1257.85;0;0;falling;11:40:25;2785;392;389;3;1.3833;6.9165;Non-active;
29/08/2023;10:54:00;RS;408;discharge;Hanna;1257.85;0;0;falling;11:40:30;2790;392;389;3;1.3833;6.9165;Non-active;
29/08/2023;10:54:00;RS;408;discharge;Hanna;1257.85;0;0;falling;11:40:35;2795;392;389;3;1.3833;6.9165;Non-active;
29/08/2023;10:54:00;RS;408;discharge;Hanna;1257.85;0;0;falling;11:40:40;2800;392;389;3;1.3833;6.9165;Non-active;
29/08/2023;10:54:00;RS;408;discharge;Hanna;1257.85;0;0;falling;11:40:45;2805;392;389;3;1.3833;6.9165;Non-active;
29/08/2023;10:54:00;RS;408;discharge;Hanna;1257.85;0;0;falling;11:40:50;2810;392;389;3;1.3833;6.9165;Non-active;
29/08/2023;10:54:00;RS;408;discharge;Hanna;1257.85;0;0;falling;11:40:55;2815;392;389;3;1.3833;6.9165;Non-active;
29/08/2023;10:54:00;RS;408;discharge;Hanna;1257.85;0;0;falling;11:41:00;2820;395;389;6;2.7666;13.833;Non-active;
29/08/2023;10:54:00;RS;408;discharge;Hanna;1257.85;0;0;falling;11:41:05;2825;393;389;4;1.8444;9.222;Non-active;
29/08/2023;10:54:00;RS;408;discharge;Hanna;1257.85;0;0;falling;11:41:10;2830;393;389;4;1.8444;9.222;Non-active;
29/08/2023;10:54:00;RS;408;discharge;Hanna;1257.85;0;0;falling;11:41:15;2835;393;389;4;1.8444;9.222;Non-active;
29/08/2023;10:54:00;RS;408;discharge;Hanna;1257.85;0;0;falling;11:41:20;2840;393;389;4;1.8444;9.222;Non-active;
29/08/2023;10:54:00;RS;408;discharge;Hanna;1257.85;0;0;falling;11:41:25;2845;393;389;4;1.8444;9.222;Non-active;
29/08/2023;10:54:00;RS;408;discharge;Hanna;1257.85;0;0;falling;11:41:30;2850;392;389;3;1.3833;6.9165;Non-active;
29/08/2023;10:54:00;RS;408;discharge;Hanna;1257.85;0;0;falling;11:41:35;2855;393;389;4;1.8444;9.222;Non-active;
29/08/2023;10:54:00;RS;408;discharge;Hanna;1257.85;0;0;falling;11:41:40;2860;392;389;3;1.3833;6.9165;Non-active;
29/08/2023;10:54:00;RS;408;discharge;Hanna;1257.85;0;0;falling;11:41:45;2865;392;389;3;1.3833;6.9165;Non-active;
29/08/2023;10:54:00;RS;408;discharge;Hanna;1257.85;0;0;falling;11:41:50;2870;392;389;3;1.3833;6.9165;Non-active;
29/08/2023;10:54:00;RS;408;discharge;Hanna;1257.85;0;0;falling;11:41:55;2875;392;389;3;1.3833;6.9165;Non-active;
29/08/2023;10:54:00;RS;408;discharge;Hanna;1257.85;0;0;falling;11:42:00;2880;392;389;3;1.3833;6.9165;Non-active;
29/08/2023;10:54:00;RS;408;discharge;Hanna;1257.85;0;0;falling;11:42:05;2885;392;389;3;1.3833;6.9165;Non-active;
29/08/2023;10:54:00;RS;408;discharge;Hanna;1257.85;0;0;falling;11:42:10;2890;392;389;3;1.3833;6.9165;Non-active;
29/08/2023;10:54:00;RS;408;discharge;Hanna;1257.85;0;0;falling;11:42:15;2895;392;389;3;1.3833;6.9165;Non-active;
29/08/2023;10:54:00;RS;408;discharge;Hanna;1257.85;0;0;falling;11:42:20;2900;393;389;4;1.8444;9.222;Non-active;
29/08/2023;10:54:00;RS;408;discharge;Hanna;1257.85;0;0;falling;11:42:25;2905;393;389;4;1.8444;9.222;Non-active;
29/08/2023;10:54:00;RS;408;discharge;Hanna;1257.85;0;0;falling;11:42:30;2910;392;389;3;1.3833;6.9165;Non-active;
29/08/2023;10:54:00;RS;408;discharge;Hanna;1257.85;0;0;falling;11:42:35;2915;392;389;3;1.3833;6.9165;Non-active;
29/08/2023;10:54:00;RS;408;discharge;Hanna;1257.85;0;0;falling;11:42:40;2920;392;389;3;1.3833;6.9165;Non-active;
29/08/2023;10:54:00;RS;408;discharge;Hanna;1257.85;0;0;falling;11:42:45;2925;393;389;4;1.8444;9.222;Non-active;
29/08/2023;10:54:00;RS;408;discharge;Hanna;1257.85;0;0;falling;11:42:50;2930;393;389;4;1.8444;9.222;Non-active;
29/08/2023;10:54:00;RS;408;discharge;Hanna;1257.85;0;0;falling;11:42:55;2935;393;389;4;1.8444;9.222;Non-active;
29/08/2023;10:54:00;RS;408;discharge;Hanna;1257.85;0;0;falling;11:43:00;2940;393;389;4;1.8444;9.222;Non-active;
29/08/2023;10:54:00;RS;408;discharge;Hanna;1257.85;0;0;falling;11:43:05;2945;392;389;3;1.3833;6.9165;Non-active;
29/08/2023;10:54:00;RS;408;discharge;Hanna;1257.85;0;0;falling;11:43:10;2950;392;389;3;1.3833;6.9165;Non-active;
29/08/2023;10:54:00;RS;408;discharge;Hanna;1257.85;0;0;falling;11:43:15;2955;392;389;3;1.3833;6.9165;Non-active;
29/08/2023;10:54:00;RS;408;discharge;Hanna;1257.85;0;0;falling;11:43:20;2960;392;389;3;1.3833;6.9165;Non-active;
29/08/2023;10:54:00;RS;408;discharge;Hanna;1257.85;0;0;falling;11:43:25;2965;392;389;3;1.3833;6.9165;Non-active;
29/08/2023;10:54:00;RS;408;discharge;Hanna;1257.85;0;0;falling;11:43:30;2970;392;389;3;1.3833;6.9165;Non-active;
29/08/2023;10:54:00;RS;408;discharge;Hanna;1257.85;0;0;falling;11:43:35;2975;393;389;4;1.8444;9.222;Non-active;
29/08/2023;10:54:00;RS;408;discharge;Hanna;1257.85;0;0;falling;11:43:40;2980;393;389;4;1.8444;9.222;Non-active;
29/08/2023;10:54:00;RS;408;discharge;Hanna;1257.85;0;0;falling;11:43:45;2985;392;389;3;1.3833;6.9165;Non-active;
29/08/2023;10:54:00;RS;408;discharge;Hanna;1257.85;0;0;falling;11:43:50;2990;391;389;2;0.9222;4.611;Non-active;
29/08/2023;10:54:00;RS;408;discharge;Hanna;1257.85;0;0;falling;11:43:55;2995;391;389;2;0.9222;4.611;Non-active;
29/08/2023;10:54:00;RS;408;discharge;Hanna;1257.85;0;0;falling;11:44:00;3000;392;389;3;1.3833;6.9165;Non-active;
29/08/2023;10:54:00;RS;408;discharge;Hanna;1257.85;0;0;falling;11:44:05;3005;391;389;2;0.9222;4.611;Non-active;
29/08/2023;10:54:00;RS;408;discharge;Hanna;1257.85;0;0;falling;11:44:10;3010;391;389;2;0.9222;4.611;Non-active;
29/08/2023;10:54:00;RS;408;discharge;Hanna;1257.85;0;0;falling;11:44:15;3015;391;389;2;0.9222;4.611;Non-active;
29/08/2023;10:54:00;RS;408;discharge;Hanna;1257.85;0;0;falling;11:44:20;3020;391;389;2;0.9222;4.611;Non-active;
29/08/2023;10:54:00;RS;408;discharge;Hanna;1257.85;0;0;falling;11:44:25;3025;392;389;3;1.3833;6.9165;Non-active;
29/08/2023;10:54:00;RS;408;discharge;Hanna;1257.85;0;0;falling;11:44:30;3030;392;389;3;1.3833;6.9165;Non-active;
29/08/2023;10:54:00;RS;408;discharge;Hanna;1257.85;0;0;falling;11:44:35;3035;393;389;4;1.8444;9.222;Non-active;
29/08/2023;10:54:00;RS;408;discharge;Hanna;1257.85;0;0;falling;11:44:40;3040;393;389;4;1.8444;9.222;Non-active;
29/08/2023;10:54:00;RS;408;discharge;Hanna;1257.85;0;0;falling;11:44:45;3045;394;389;5;2.3055;11.5275;Non-active;
29/08/2023;10:54:00;RS;408;discharge;Hanna;1257.85;0;0;falling;11:44:50;3050;393;389;4;1.8444;9.222;Non-active;
29/08/2023;10:54:00;RS;408;discharge;Hanna;1257.85;0;0;falling;11:44:55;3055;393;389;4;1.8444;9.222;Non-active;
29/08/2023;10:54:00;RS;408;discharge;Hanna;1257.85;0;0;falling;11:45:00;3060;394;389;5;2.3055;11.5275;Non-active;
29/08/2023;10:54:00;RS;408;discharge;Hanna;1257.85;0;0;falling;11:45:05;3065;393;389;4;1.8444;9.222;Non-active;
29/08/2023;10:54:00;RS;408;discharge;Hanna;1257.85;0;0;falling;11:45:10;3070;392;389;3;1.3833;6.9165;Non-active;
29/08/2023;10:54:00;RS;408;discharge;Hanna;1257.85;0;0;falling;11:45:15;3075;392;389;3;1.3833;6.9165;Non-active;
29/08/2023;10:54:00;RS;408;discharge;Hanna;1257.85;0;0;falling;11:45:20;3080;392;389;3;1.3833;6.9165;Non-active;
29/08/2023;10:54:00;RS;408;discharge;Hanna;1257.85;0;0;falling;11:45:25;3085;392;389;3;1.3833;6.9165;Non-active;
29/08/2023;10:54:00;RS;408;discharge;Hanna;1257.85;0;0;falling;11:45:30;3090;391;389;2;0.9222;4.611;Non-active;
29/08/2023;10:54:00;RS;408;discharge;Hanna;1257.85;0;0;falling;11:45:35;3095;391;389;2;0.9222;4.611;Non-active;
29/08/2023;10:54:00;RS;408;discharge;Hanna;1257.85;0;0;falling;11:45:40;3100;391;389;2;0.9222;4.611;Non-active;
29/08/2023;10:54:00;RS;408;discharge;Hanna;1257.85;0;0;falling;11:45:45;3105;391;389;2;0.9222;4.611;Non-active;
29/08/2023;10:54:00;RS;408;discharge;Hanna;1257.85;0;0;falling;11:45:50;3110;391;389;2;0.9222;4.611;Non-active;
29/08/2023;10:54:00;RS;408;discharge;Hanna;1257.85;0;0;falling;11:45:55;3115;391;389;2;0.9222;4.611;Non-active;
29/08/2023;10:54:00;RS;408;discharge;Hanna;1257.85;0;0;falling;11:46:00;3120;391;389;2;0.9222;4.611;Non-active;
29/08/2023;10:54:00;RS;408;discharge;Hanna;1257.85;0;0;falling;11:46:05;3125;391;389;2;0.9222;4.611;Non-active;
29/08/2023;10:54:00;RS;408;discharge;Hanna;1257.85;0;0;falling;11:46:10;3130;391;389;2;0.9222;4.611;Non-active;
29/08/2023;10:54:00;RS;408;discharge;Hanna;1257.85;0;0;falling;11:46:15;3135;392;389;3;1.3833;6.9165;Non-active;
29/08/2023;10:54:00;RS;408;discharge;Hanna;1257.85;0;0;falling;11:46:20;3140;392;389;3;1.3833;6.9165;Non-active;
29/08/2023;10:54:00;RS;408;discharge;Hanna;1257.85;0;0;falling;11:46:25;3145;391;389;2;0.9222;4.611;Non-active;
29/08/2023;10:54:00;RS;408;discharge;Hanna;1257.85;0;0;falling;11:46:30;3150;392;389;3;1.3833;6.9165;Non-active;
29/08/2023;10:54:00;RS;408;discharge;Hanna;1257.85;0;0;falling;11:46:35;3155;392;389;3;1.3833;6.9165;Non-active;
29/08/2023;10:54:00;RS;408;discharge;Hanna;1257.85;0;0;falling;11:46:40;3160;392;389;3;1.3833;6.9165;Non-active;
29/08/2023;10:54:00;RS;408;discharge;Hanna;1257.85;0;0;falling;11:46:45;3165;392;389;3;1.3833;6.9165;Non-active;
29/08/2023;10:54:00;RS;408;discharge;Hanna;1257.85;0;0;falling;11:46:50;3170;392;389;3;1.3833;6.9165;Non-active;
29/08/2023;10:54:00;RS;408;discharge;Hanna;1257.85;0;0;falling;11:46:55;3175;392;389;3;1.3833;6.9165;Non-active;
29/08/2023;10:54:00;RS;408;discharge;Hanna;1257.85;0;0;falling;11:47:00;3180;392;389;3;1.3833;6.9165;Non-active;
29/08/2023;10:54:00;RS;408;discharge;Hanna;1257.85;0;0;falling;11:47:05;3185;392;389;3;1.3833;6.9165;Non-active;
29/08/2023;10:54:00;RS;408;discharge;Hanna;1257.85;0;0;falling;11:47:10;3190;392;389;3;1.3833;6.9165;Non-active;
29/08/2023;10:54:00;RS;408;discharge;Hanna;1257.85;0;0;falling;11:47:15;3195;391;389;2;0.9222;4.611;Non-active;
29/08/2023;10:54:00;RS;408;discharge;Hanna;1257.85;0;0;falling;11:47:20;3200;391;389;2;0.9222;4.611;Non-active;
29/08/2023;10:54:00;RS;408;discharge;Hanna;1257.85;0;0;falling;11:47:25;3205;391;389;2;0.9222;4.611;Non-active;
29/08/2023;10:54:00;RS;408;discharge;Hanna;1257.85;0;0;falling;11:47:30;3210;391;389;2;0.9222;4.611;Non-active;
29/08/2023;10:54:00;RS;408;discharge;Hanna;1257.85;0;0;falling;11:47:35;3215;391;389;2;0.9222;4.611;Non-active;
29/08/2023;10:54:00;RS;408;discharge;Hanna;1257.85;0;0;falling;11:47:40;3220;391;389;2;0.9222;4.611;Non-active;
29/08/2023;10:54:00;RS;408;discharge;Hanna;1257.85;0;0;falling;11:47:45;3225;391;389;2;0.9222;4.611;Non-active;
29/08/2023;10:54:00;RS;408;discharge;Hanna;1257.85;0;0;falling;11:47:50;3230;391;389;2;0.9222;4.611;Non-active;
29/08/2023;10:54:00;RS;408;discharge;Hanna;1257.85;0;0;falling;11:47:55;3235;391;389;2;0.9222;4.611;Non-active;
29/08/2023;10:54:00;RS;408;discharge;Hanna;1257.85;0;0;falling;11:48:00;3240;391;389;2;0.9222;4.611;Non-active;
29/08/2023;10:54:00;RS;408;discharge;Hanna;1257.85;0;0;falling;11:48:05;3245;391;389;2;0.9222;4.611;Non-active;
29/08/2023;10:54:00;RS;408;discharge;Hanna;1257.85;0;0;falling;11:48:10;3250;391;389;2;0.9222;4.611;Non-active;
29/08/2023;10:54:00;RS;408;discharge;Hanna;1257.85;0;0;falling;11:48:15;3255;392;389;3;1.3833;6.9165;Non-active;
29/08/2023;10:54:00;RS;408;discharge;Hanna;1257.85;0;0;falling;11:48:20;3260;392;389;3;1.3833;6.9165;Non-active;
29/08/2023;10:54:00;RS;408;discharge;Hanna;1257.85;0;0;falling;11:48:25;3265;392;389;3;1.3833;6.9165;Non-active;
29/08/2023;10:54:00;RS;408;discharge;Hanna;1257.85;0;0;falling;11:48:30;3270;391;389;2;0.9222;4.611;Non-active;
29/08/2023;10:54:00;RS;408;discharge;Hanna;1257.85;0;0;falling;11:48:35;3275;391;389;2;0.9222;4.611;Non-active;
29/08/2023;10:54:00;RS;408;discharge;Hanna;1257.85;0;0;falling;11:48:40;3280;391;389;2;0.9222;4.611;Non-active;
29/08/2023;10:54:00;RS;408;discharge;Hanna;1257.85;0;0;falling;11:48:45;3285;391;389;2;0.9222;4.611;Non-active;
29/08/2023;10:54:00;RS;408;discharge;Hanna;1257.85;0;0;falling;11:48:50;3290;391;389;2;0.9222;4.611;Non-active;
29/08/2023;10:54:00;RS;408;discharge;Hanna;1257.85;0;0;falling;11:48:55;3295;391;389;2;0.9222;4.611;Non-active;
29/08/2023;10:54:00;RS;408;discharge;Hanna;1257.85;0;0;falling;11:49:00;3300;391;389;2;0.9222;4.611;Non-active;
29/08/2023;10:54:00;RS;408;discharge;Hanna;1257.85;0;0;falling;11:49:05;3305;392;389;3;1.3833;6.9165;Non-active;
29/08/2023;10:54:00;RS;408;discharge;Hanna;1257.85;0;0;falling;11:49:10;3310;392;389;3;1.3833;6.9165;Non-active;
29/08/2023;10:54:00;RS;408;discharge;Hanna;1257.85;0;0;falling;11:49:15;3315;391;389;2;0.9222;4.611;Non-active;
29/08/2023;10:54:00;RS;408;discharge;Hanna;1257.85;0;0;falling;11:49:20;3320;391;389;2;0.9222;4.611;Non-active;
29/08/2023;10:54:00;RS;408;discharge;Hanna;1257.85;0;0;falling;11:49:25;3325;391;389;2;0.9222;4.611;Non-active;
29/08/2023;10:54:00;RS;408;discharge;Hanna;1257.85;0;0;falling;11:49:30;3330;391;389;2;0.9222;4.611;Non-active;
29/08/2023;10:54:00;RS;408;discharge;Hanna;1257.85;0;0;falling;11:49:35;3335;391;389;2;0.9222;4.611;Non-active;
29/08/2023;10:54:00;RS;408;discharge;Hanna;1257.85;0;0;falling;11:49:40;3340;392;389;3;1.3833;6.9165;Non-active;
29/08/2023;10:54:00;RS;408;discharge;Hanna;1257.85;0;0;falling;11:49:45;3345;391;389;2;0.9222;4.611;Non-active;
29/08/2023;10:54:00;RS;408;discharge;Hanna;1257.85;0;0;falling;11:49:50;3350;391;389;2;0.9222;4.611;Non-active;
29/08/2023;10:54:00;RS;408;discharge;Hanna;1257.85;0;0;falling;11:49:55;3355;391;389;2;0.9222;4.611;Non-active;
29/08/2023;10:54:00;RS;408;discharge;Hanna;1257.85;0;0;falling;11:50:00;3360;391;389;2;0.9222;4.611;Non-active;
29/08/2023;10:54:00;RS;408;discharge;Hanna;1257.85;0;0;falling;11:50:05;3365;391;389;2;0.9222;4.611;Non-active;
29/08/2023;10:54:00;RS;408;discharge;Hanna;1257.85;0;0;falling;11:50:10;3370;391;389;2;0.9222;4.611;Non-active;
29/08/2023;10:54:00;RS;408;discharge;Hanna;1257.85;0;0;falling;11:50:15;3375;390;389;1;0.4611;2.3055;Non-active;
29/08/2023;10:54:00;RS;408;discharge;Hanna;1257.85;0;0;falling;11:50:20;3380;390;389;1;0.4611;2.3055;Non-active;
29/08/2023;10:54:00;RS;408;discharge;Hanna;1257.85;0;0;falling;11:50:25;3385;390;389;1;0.4611;2.3055;Non-active;
29/08/2023;10:54:00;RS;408;discharge;Hanna;1257.85;0;0;falling;11:50:30;3390;390;389;1;0.4611;2.3055;Non-active;
29/08/2023;10:54:00;RS;408;discharge;Hanna;1257.85;0;0;falling;11:50:35;3395;390;389;1;0.4611;2.3055;Non-active;
29/08/2023;10:54:00;RS;408;discharge;Hanna;1257.85;0;0;falling;11:50:40;3400;390;389;1;0.4611;2.3055;Non-active;
29/08/2023;10:54:00;RS;408;discharge;Hanna;1257.85;0;0;falling;11:50:45;3405;390;389;1;0.4611;2.3055;Non-active;
29/08/2023;10:54:00;RS;408;discharge;Hanna;1257.85;0;0;falling;11:50:50;3410;390;389;1;0.4611;2.3055;Non-active;
29/08/2023;10:54:00;RS;408;discharge;Hanna;1257.85;0;0;falling;11:50:55;3415;390;389;1;0.4611;2.3055;Non-active;
29/08/2023;10:54:00;RS;408;discharge;Hanna;1257.85;0;0;falling;11:51:00;3420;390;389;1;0.4611;2.3055;Non-active;
29/08/2023;10:54:00;RS;408;discharge;Hanna;1257.85;0;0;falling;11:51:05;3425;390;389;1;0.4611;2.3055;Non-active;
29/08/2023;10:54:00;RS;408;discharge;Hanna;1257.85;0;0;falling;11:51:10;3430;390;389;1;0.4611;2.3055;Non-active;
29/08/2023;10:54:00;RS;408;discharge;Hanna;1257.85;0;0;falling;11:51:15;3435;390;389;1;0.4611;2.3055;Non-active;
29/08/2023;10:54:00;RS;408;discharge;Hanna;1257.85;0;0;falling;11:51:20;3440;390;389;1;0.4611;2.3055;Non-active;
29/08/2023;10:54:00;RS;408;discharge;Hanna;1257.85;0;0;falling;11:51:25;3445;390;389;1;0.4611;2.3055;Non-active;
29/08/2023;10:54:00;RS;408;discharge;Hanna;1257.85;0;0;falling;11:51:30;3450;390;389;1;0.4611;2.3055;Non-active;
29/08/2023;10:54:00;RS;408;discharge;Hanna;1257.85;0;0;falling;11:51:35;3455;390;389;1;0.4611;2.3055;Non-active;
29/08/2023;10:54:00;RS;408;discharge;Hanna;1257.85;0;0;falling;11:51:40;3460;391;389;2;0.9222;4.611;Non-active;
29/08/2023;10:54:00;RS;408;discharge;Hanna;1257.85;0;0;falling;11:51:45;3465;390;389;1;0.4611;2.3055;Non-active;
29/08/2023;10:54:00;RS;408;discharge;Hanna;1257.85;0;0;falling;11:51:50;3470;390;389;1;0.4611;2.3055;Non-active;
29/08/2023;10:54:00;RS;408;discharge;Hanna;1257.85;0;0;falling;11:51:55;3475;390;389;1;0.4611;2.3055;Non-active;
29/08/2023;10:54:00;RS;408;discharge;Hanna;1257.85;0;0;falling;11:52:00;3480;390;389;1;0.4611;2.3055;Non-active;
29/08/2023;10:54:00;RS;408;discharge;Hanna;1257.85;0;0;falling;11:52:05;3485;390;389;1;0.4611;2.3055;Non-active;
29/08/2023;10:54:00;RS;408;discharge;Hanna;1257.85;0;0;falling;11:52:10;3490;390;389;1;0.4611;2.3055;Non-active;
29/08/2023;10:54:00;RS;408;discharge;Hanna;1257.85;0;0;falling;11:52:15;3495;390;389;1;0.4611;2.3055;Non-active;
29/08/2023;10:54:00;RS;408;discharge;Hanna;1257.85;0;0;falling;11:52:20;3500;390;389;1;0.4611;2.3055;Non-active;
29/08/2023;10:54:00;RS;408;discharge;Hanna;1257.85;0;0;falling;11:52:25;3505;390;389;1;0.4611;2.3055;Non-active;
29/08/2023;10:54:00;RS;408;discharge;Hanna;1257.85;0;0;falling;11:52:30;3510;390;389;1;0.4611;2.3055;Non-active;
29/08/2023;10:54:00;RS;408;discharge;Hanna;1257.85;0;0;falling;11:52:35;3515;390;389;1;0.4611;2.3055;Non-active;
29/08/2023;10:54:00;RS;408;discharge;Hanna;1257.85;0;0;falling;11:52:40;3520;390;389;1;0.4611;2.3055;Non-active;
29/08/2023;10:54:00;RS;408;discharge;Hanna;1257.85;0;0;falling;11:52:45;3525;390;389;1;0.4611;2.3055;Non-active;
29/08/2023;10:54:00;RS;408;discharge;Hanna;1257.85;0;0;falling;11:52:50;3530;390;389;1;0.4611;2.3055;Non-active;
29/08/2023;10:54:00;RS;408;discharge;Hanna;1257.85;0;0;falling;11:52:55;3535;390;389;1;0.4611;2.3055;Non-active;
29/08/2023;10:54:00;RS;408;discharge;Hanna;1257.85;0;0;falling;11:53:00;3540;390;389;1;0.4611;2.3055;Non-active;
29/08/2023;10:54:00;RS;408;discharge;Hanna;1257.85;0;0;falling;11:53:05;3545;390;389;1;0.4611;2.3055;Non-active;
29/08/2023;10:54:00;RS;408;discharge;Hanna;1257.85;0;0;falling;11:53:10;3550;390;389;1;0.4611;2.3055;Non-active;
29/08/2023;10:54:00;RS;408;discharge;Hanna;1257.85;0;0;falling;11:53:15;3555;390;389;1;0.4611;2.3055;Non-active;
29/08/2023;10:54:00;RS;408;discharge;Hanna;1257.85;0;0;falling;11:53:20;3560;390;389;1;0.4611;2.3055;Non-active;
29/08/2023;10:54:00;RS;408;discharge;Hanna;1257.85;0;0;falling;11:53:25;3565;390;389;1;0.4611;2.3055;Non-active;
29/08/2023;10:54:00;RS;408;discharge;Hanna;1257.85;0;0;falling;11:53:30;3570;390;389;1;0.4611;2.3055;Non-active;
29/08/2023;10:54:00;RS;408;discharge;Hanna;1257.85;0;0;falling;11:53:35;3575;390;389;1;0.4611;2.3055;Non-active;
29/08/2023;10:54:00;RS;408;discharge;Hanna;1257.85;0;0;falling;11:53:40;3580;390;389;1;0.4611;2.3055;Non-active;
29/08/2023;10:54:00;RS;408;discharge;Hanna;1257.85;0;0;falling;11:53:45;3585;390;389;1;0.4611;2.3055;Non-active;
29/08/2023;10:54:00;RS;408;discharge;Hanna;1257.85;0;0;falling;11:53:50;3590;390;389;1;0.4611;2.3055;Non-active;
29/08/2023;10:54:00;RS;408;discharge;Hanna;1257.85;0;0;falling;11:53:55;3595;390;389;1;0.4611;2.3055;Non-active;
29/08/2023;10:54:00;RS;408;discharge;Hanna;1257.85;0;0;falling;11:54:00;3600;390;389;1;0.4611;2.3055;Non-active;
29/08/2023;10:54:00;RS;408;discharge;Hanna;1257.85;0;0;falling;11:54:05;3605;390;389;1;0.4611;2.3055;Non-active;
29/08/2023;10:54:00;RS;408;discharge;Hanna;1257.85;0;0;falling;11:54:10;3610;390;389;1;0.4611;2.3055;Non-active;
29/08/2023;10:54:00;RS;408;discharge;Hanna;1257.85;0;0;falling;11:54:15;3615;390;389;1;0.4611;2.3055;Non-active;
29/08/2023;10:54:00;RS;408;discharge;Hanna;1257.85;0;0;falling;11:54:20;3620;390;389;1;0.4611;2.3055;Non-active;
29/08/2023;10:54:00;RS;408;discharge;Hanna;1257.85;0;0;falling;11:54:25;3625;390;389;1;0.4611;2.3055;Non-active;
29/08/2023;10:54:00;RS;408;discharge;Hanna;1257.85;0;0;falling;11:54:30;3630;390;389;1;0.4611;2.3055;Non-active;
29/08/2023;10:54:00;RS;408;discharge;Hanna;1257.85;0;0;falling;11:54:35;3635;390;389;1;0.4611;2.3055;Non-active;
29/08/2023;10:54:00;RS;408;discharge;Hanna;1257.85;0;0;falling;11:54:40;3640;390;389;1;0.4611;2.3055;Non-active;
29/08/2023;10:54:00;RS;408;discharge;Hanna;1257.85;0;0;falling;11:54:45;3645;390;389;1;0.4611;2.3055;Non-active;
29/08/2023;10:54:00;RS;408;discharge;Hanna;1257.85;0;0;falling;11:54:50;3650;390;389;1;0.4611;2.3055;Non-active;
29/08/2023;10:54:00;RS;408;discharge;Hanna;1257.85;0;0;falling;11:54:55;3655;390;389;1;0.4611;2.3055;Non-active;
29/08/2023;10:54:00;RS;408;discharge;Hanna;1257.85;0;0;falling;11:55:00;3660;390;389;1;0.4611;2.3055;Non-active;
29/08/2023;10:54:00;RS;408;discharge;Hanna;1257.85;0;0;falling;11:55:05;3665;390;389;1;0.4611;2.3055;Non-active;
29/08/2023;10:54:00;RS;408;discharge;Hanna;1257.85;0;0;falling;11:55:10;3670;390;389;1;0.4611;2.3055;Non-active;
29/08/2023;10:54:00;RS;408;discharge;Hanna;1257.85;0;0;falling;11:55:15;3675;390;389;1;0.4611;2.3055;Non-active;
29/08/2023;10:54:00;RS;408;discharge;Hanna;1257.85;0;0;falling;11:55:20;3680;390;389;1;0.4611;2.3055;Non-active;
29/08/2023;10:54:00;RS;408;discharge;Hanna;1257.85;0;0;falling;11:55:25;3685;390;389;1;0.4611;2.3055;Non-active;
29/08/2023;10:54:00;RS;408;discharge;Hanna;1257.85;0;0;falling;11:55:30;3690;390;389;1;0.4611;2.3055;Non-active;
29/08/2023;10:54:00;RS;408;discharge;Hanna;1257.85;0;0;falling;11:55:35;3695;390;389;1;0.4611;2.3055;Non-active;
29/08/2023;10:54:00;RS;408;discharge;Hanna;1257.85;0;0;falling;11:55:40;3700;390;389;1;0.4611;2.3055;Non-active;
29/08/2023;10:54:00;RS;408;discharge;Hanna;1257.85;0;0;falling;11:55:45;3705;390;389;1;0.4611;2.3055;Non-active;
29/08/2023;10:54:00;RS;408;discharge;Hanna;1257.85;0;0;falling;11:55:50;3710;390;389;1;0.4611;2.3055;Non-active;
29/08/2023;10:54:00;RS;408;discharge;Hanna;1257.85;0;0;falling;11:55:55;3715;390;389;1;0.4611;2.3055;Non-active;
29/08/2023;10:54:00;RS;408;discharge;Hanna;1257.85;0;0;falling;11:56:00;3720;390;389;1;0.4611;2.3055;Non-active;
29/08/2023;10:54:00;RS;408;discharge;Hanna;1257.85;0;0;falling;11:56:05;3725;390;389;1;0.4611;2.3055;Non-active;
29/08/2023;10:54:00;RS;408;discharge;Hanna;1257.85;0;0;falling;11:56:10;3730;390;389;1;0.4611;2.3055;Non-active;
29/08/2023;10:54:00;RS;408;discharge;Hanna;1257.85;0;0;falling;11:56:15;3735;389;389;0;0;0;Non-active;
29/08/2023;10:54:00;RS;408;discharge;Hanna;1257.85;0;0;falling;11:56:20;3740;389;389;0;0;0;Non-active;
29/08/2023;10:54:00;RS;408;discharge;Hanna;1257.85;0;0;falling;11:56:25;3745;389;389;0;0;0;Non-active;
29/08/2023;10:54:00;RS;408;discharge;Hanna;1257.85;0;0;falling;11:56:30;3750;389;389;0;0;0;Non-active;
29/08/2023;10:54:00;RS;408;discharge;Hanna;1257.85;0;0;falling;11:56:35;3755;390;389;1;0.4611;2.3055;Non-active;
29/08/2023;10:54:00;RS;408;discharge;Hanna;1257.85;0;0;falling;11:56:40;3760;390;389;1;0.4611;2.3055;Non-active;
29/08/2023;10:54:00;RS;408;discharge;Hanna;1257.85;0;0;falling;11:56:45;3765;390;389;1;0.4611;2.3055;Non-active;
29/08/2023;10:54:00;RS;408;discharge;Hanna;1257.85;0;0;falling;11:56:50;3770;390;389;1;0.4611;2.3055;Non-active;
29/08/2023;10:54:00;RS;408;discharge;Hanna;1257.85;0;0;falling;11:56:55;3775;390;389;1;0.4611;2.3055;Non-active;
29/08/2023;10:54:00;RS;408;discharge;Hanna;1257.85;0;0;falling;11:57:00;3780;390;389;1;0.4611;2.3055;Non-active;
29/08/2023;10:54:00;RS;408;discharge;Hanna;1257.85;0;0;falling;11:57:05;3785;389;389;0;0;0;Non-active;
29/08/2023;10:54:00;RS;408;discharge;Hanna;1257.85;0;0;falling;11:57:10;3790;389;389;0;0;0;Non-active;
29/08/2023;10:54:00;RS;408;discharge;Hanna;1257.85;0;0;falling;11:57:15;3795;390;389;1;0.4611;2.3055;Non-active;
29/08/2023;10:54:00;RS;408;discharge;Hanna;1257.85;0;0;falling;11:57:20;3800;390;389;1;0.4611;2.3055;Non-active;
29/08/2023;10:54:00;RS;408;discharge;Hanna;1257.85;0;0;falling;11:57:25;3805;390;389;1;0.4611;2.3055;Non-active;
29/08/2023;10:54:00;RS;408;discharge;Hanna;1257.85;0;0;falling;11:57:30;3810;390;389;1;0.4611;2.3055;Non-active;
29/08/2023;10:54:00;RS;408;discharge;Hanna;1257.85;0;0;falling;11:57:35;3815;390;389;1;0.4611;2.3055;Non-active;
29/08/2023;10:54:00;RS;408;discharge;Hanna;1257.85;0;0;falling;11:57:40;3820;390;389;1;0.4611;2.3055;Non-active;
29/08/2023;10:54:00;RS;408;discharge;Hanna;1257.85;0;0;falling;11:57:45;3825;390;389;1;0.4611;2.3055;Non-active;
29/08/2023;10:54:00;RS;408;discharge;Hanna;1257.85;0;0;falling;11:57:50;3830;389;389;0;0;0;Non-active;
29/08/2023;10:54:00;RS;408;discharge;Hanna;1257.85;0;0;falling;11:57:55;3835;389;389;0;0;0;Non-active;
29/08/2023;10:54:00;RS;408;discharge;Hanna;1257.85;0;0;falling;11:58:00;3840;389;389;0;0;0;Non-active;
29/08/2023;10:54:00;RS;408;discharge;Hanna;1257.85;0;0;falling;11:58:05;3845;389;389;0;0;0;Non-active;
29/08/2023;10:54:00;RS;408;discharge;Hanna;1257.85;0;0;falling;11:58:10;3850;389;389;0;0;0;Non-active;
29/08/2023;10:54:00;RS;408;discharge;Hanna;1257.85;0;0;falling;11:58:15;3855;389;389;0;0;0;Non-active;
29/08/2023;10:54:00;RS;408;discharge;Hanna;1257.85;0;0;falling;11:58:20;3860;389;389;0;0;0;Non-active;
29/08/2023;10:54:00;RS;408;discharge;Hanna;1257.85;0;0;falling;11:58:25;3865;389;389;0;0;0;Non-active;
29/08/2023;10:54:00;RS;408;discharge;Hanna;1257.85;0;0;falling;11:58:30;3870;390;389;1;0.4611;2.3055;Non-active;
29/08/2023;10:54:00;RS;408;discharge;Hanna;1257.85;0;0;falling;11:58:35;3875;390;389;1;0.4611;2.3055;Non-active;
29/08/2023;10:54:00;RS;408;discharge;Hanna;1257.85;0;0;falling;11:58:40;3880;390;389;1;0.4611;2.3055;Non-active;
29/08/2023;10:54:00;RS;408;discharge;Hanna;1257.85;0;0;falling;11:58:45;3885;389;389;0;0;0;Non-active;
29/08/2023;10:54:00;RS;408;discharge;Hanna;1257.85;0;0;falling;11:58:50;3890;389;389;0;0;0;Non-active;
29/08/2023;10:54:00;RS;408;discharge;Hanna;1257.85;0;0;falling;11:58:55;3895;389;389;0;0;0;Non-active;
29/08/2023;10:54:00;RS;408;discharge;Hanna;1257.85;0;0;falling;11:59:00;3900;390;389;1;0.4611;2.3055;Non-active;
29/08/2023;10:54:00;RS;408;discharge;Hanna;1257.85;0;0;falling;11:59:05;3905;390;389;1;0.4611;2.3055;Non-active;
29/08/2023;10:54:00;RS;408;discharge;Hanna;1257.85;0;0;falling;11:59:10;3910;389;389;0;0;0;Non-active;
29/08/2023;10:54:00;RS;408;discharge;Hanna;1257.85;0;0;falling;11:59:15;3915;389;389;0;0;0;Non-active;
29/08/2023;10:54:00;RS;408;discharge;Hanna;1257.85;0;0;falling;11:59:20;3920;390;389;1;0.4611;2.3055;Non-active;
29/08/2023;10:54:00;RS;408;discharge;Hanna;1257.85;0;0;falling;11:59:25;3925;390;389;1;0.4611;2.3055;Non-active;
29/08/2023;10:54:00;RS;408;discharge;Hanna;1257.85;0;0;falling;11:59:30;3930;390;389;1;0.4611;2.3055;Non-active;
29/08/2023;10:54:00;RS;408;discharge;Hanna;1257.85;0;0;falling;11:59:35;3935;390;389;1;0.4611;2.3055;Non-active;
29/08/2023;10:54:00;RS;408;discharge;Hanna;1257.85;0;0;falling;11:59:40;3940;389;389;0;0;0;Non-active;
29/08/2023;10:54:00;RS;408;discharge;Hanna;1257.85;0;0;falling;11:59:45;3945;389;389;0;0;0;Non-active;
29/08/2023;10:54:00;RS;408;discharge;Hanna;1257.85;0;0;falling;11:59:50;3950;389;389;0;0;0;Non-active;
29/08/2023;10:54:00;RS;408;discharge;Hanna;1257.85;0;0;falling;11:59:55;3955;390;389;1;0.4611;2.3055;Non-active;
29/08/2023;10:54:00;RS;408;discharge;Hanna;1257.85;0;0;falling;12:00:00;3960;389;389;0;0;0;Non-active;
29/08/2023;10:54:00;RS;408;discharge;Hanna;1257.85;0;0;falling;12:00:05;3965;389;389;0;0;0;Non-active;
29/08/2023;10:54:00;RS;408;discharge;Hanna;1257.85;0;0;falling;12:00:10;3970;389;389;0;0;0;Non-active;
29/08/2023;10:54:00;RS;408;discharge;Hanna;1257.85;0;0;falling;12:00:15;3975;389;389;0;0;0;Non-active;
29/08/2023;10:54:00;RS;408;discharge;Hanna;1257.85;0;0;falling;12:00:20;3980;389;389;0;0;0;Non-active;
29/08/2023;10:54:00;RS;408;discharge;Hanna;1257.85;0;0;falling;12:00:25;3985;389;389;0;0;0;Non-active;
29/08/2023;10:54:00;RS;408;discharge;Hanna;1257.85;0;0;falling;12:00:30;3990;389;389;0;0;0;Non-active;
29/08/2023;10:54:00;RS;408;discharge;Hanna;1257.85;0;0;falling;12:00:35;3995;389;389;0;0;0;Non-active;
29/08/2023;10:54:00;RS;408;discharge;Hanna;1257.85;0;0;falling;12:00:40;4000;389;389;0;0;0;Non-active;
29/08/2023;10:54:00;RS;408;discharge;Hanna;1257.85;0;0;falling;12:00:45;4005;389;389;0;0;0;Non-active;
29/08/2023;10:54:00;RS;408;discharge;Hanna;1257.85;0;0;falling;12:00:50;4010;389;389;0;0;0;Non-active;
29/08/2023;10:54:00;RS;408;discharge;Hanna;1257.85;0;0;falling;12:00:55;4015;390;389;1;0.4611;2.3055;Non-active;
29/08/2023;10:54:00;RS;408;discharge;Hanna;1257.85;0;0;falling;12:01:00;4020;389;389;0;0;0;Non-active;
29/08/2023;10:54:00;RS;408;discharge;Hanna;1257.85;0;0;falling;12:01:05;4025;389;389;0;0;0;Non-active;
29/08/2023;10:54:00;RS;408;discharge;Hanna;1257.85;0;0;falling;12:01:10;4030;390;389;1;0.4611;2.3055;Non-active;
29/08/2023;10:54:00;RS;408;discharge;Hanna;1257.85;0;0;falling;12:01:15;4035;390;389;1;0.4611;2.3055;Non-active;
29/08/2023;10:54:00;RS;408;discharge;Hanna;1257.85;0;0;falling;12:01:20;4040;390;389;1;0.4611;2.3055;Non-active;
29/08/2023;10:54:00;RS;408;discharge;Hanna;1257.85;0;0;falling;12:01:25;4045;390;389;1;0.4611;2.3055;Non-active;
29/08/2023;10:54:00;RS;408;discharge;Hanna;1257.85;0;0;falling;12:01:30;4050;389;389;0;0;0;Non-active;
29/08/2023;10:54:00;RS;408;discharge;Hanna;1257.85;0;0;falling;12:01:35;4055;389;389;0;0;0;Non-active;
29/08/2023;10:54:00;RS;408;discharge;Hanna;1257.85;0;0;falling;12:01:40;4060;389;389;0;0;0;Non-active;
29/08/2023;10:54:00;RS;408;discharge;Hanna;1257.85;0;0;falling;12:01:45;4065;389;389;0;0;0;Non-active;
29/08/2023;10:54:00;RS;408;discharge;Hanna;1257.85;0;0;falling;12:01:50;4070;389;389;0;0;0;Non-active;
29/08/2023;10:54:00;RS;408;discharge;Hanna;1257.85;0;0;falling;12:01:55;4075;389;389;0;0;0;Non-active;
29/08/2023;10:54:00;RS;408;discharge;Hanna;1257.85;0;0;falling;12:02:00;4080;389;389;0;0;0;Non-active;
29/08/2023;10:54:00;RS;408;discharge;Hanna;1257.85;0;0;falling;12:02:05;4085;389;389;0;0;0;Non-active;
29/08/2023;10:54:00;RS;408;discharge;Hanna;1257.85;0;0;falling;12:02:10;4090;389;389;0;0;0;Non-active;
29/08/2023;10:54:00;RS;408;discharge;Hanna;1257.85;0;0;falling;12:02:15;4095;389;389;0;0;0;Non-active;
29/08/2023;10:54:00;RS;408;discharge;Hanna;1257.85;0;0;falling;12:02:20;4100;389;389;0;0;0;Non-active;
29/08/2023;10:54:00;RS;408;discharge;Hanna;1257.85;0;0;falling;12:02:25;4105;389;389;0;0;0;Non-active;
29/08/2023;10:54:00;RS;408;discharge;Hanna;1257.85;0;0;falling;12:02:30;4110;389;389;0;0;0;Non-active;
29/08/2023;10:54:00;RS;408;discharge;Hanna;1257.85;0;0;falling;12:02:35;4115;389;389;0;0;0;Non-active;
29/08/2023;10:54:00;RS;408;discharge;Hanna;1257.85;0;0;falling;12:02:40;4120;389;389;0;0;0;Non-active;
29/08/2023;10:54:00;RS;408;discharge;Hanna;1257.85;0;0;falling;12:02:45;4125;389;389;0;0;0;Non-active;
29/08/2023;10:54:00;RS;408;discharge;Hanna;1257.85;0;0;falling;12:02:50;4130;389;389;0;0;0;Non-active;
29/08/2023;10:54:00;RS;408;discharge;Hanna;1257.85;0;0;falling;12:02:55;4135;389;389;0;0;0;Non-active;
29/08/2023;10:54:00;RS;408;discharge;Hanna;1257.85;0;0;falling;12:03:00;4140;389;389;0;0;0;Non-active;
29/08/2023;10:54:00;RS;408;discharge;Hanna;1257.85;0;0;falling;12:03:05;4145;389;389;0;0;0;Non-active;
29/08/2023;10:54:00;RS;408;discharge;Hanna;1257.85;0;0;falling;12:03:10;4150;389;389;0;0;0;Non-active;
29/08/2023;10:54:00;RS;408;discharge;Hanna;1257.85;0;0;falling;12:03:15;4155;389;389;0;0;0;Non-active;
29/08/2023;10:54:00;RS;408;discharge;Hanna;1257.85;0;0;falling;12:03:20;4160;389;389;0;0;0;Non-active;
29/08/2023;10:54:00;RS;408;discharge;Hanna;1257.85;0;0;falling;12:03:25;4165;389;389;0;0;0;Non-active;
29/08/2023;10:54:00;RS;408;discharge;Hanna;1257.85;0;0;falling;12:03:30;4170;389;389;0;0;0;Non-active;
29/08/2023;10:54:00;RS;408;discharge;Hanna;1257.85;0;0;falling;12:03:35;4175;389;389;0;0;0;Non-active;
29/08/2023;10:54:00;RS;408;discharge;Hanna;1257.85;0;0;falling;12:03:40;4180;389;389;0;0;0;Non-active;
29/08/2023;10:54:00;RS;408;discharge;Hanna;1257.85;0;0;falling;12:03:45;4185;389;389;0;0;0;Non-active;
29/08/2023;10:54:00;RS;408;discharge;Hanna;1257.85;0;0;falling;12:03:50;4190;389;389;0;0;0;Non-active;
29/08/2023;10:54:00;RS;408;discharge;Hanna;1257.85;0;0;falling;12:03:55;4195;389;389;0;0;0;Non-active;
29/08/2023;10:54:00;RS;408;discharge;Hanna;1257.85;0;0;falling;12:04:00;4200;389;389;0;0;0;Non-active;
29/08/2023;10:54:00;RS;408;discharge;Hanna;1257.85;0;0;falling;12:04:05;4205;389;389;0;0;0;Non-active;
29/08/2023;10:54:00;RS;408;discharge;Hanna;1257.85;0;0;falling;12:04:10;4210;389;389;0;0;0;Non-active;
29/08/2023;10:54:00;RS;408;discharge;Hanna;1257.85;0;0;falling;12:04:15;4215;389;389;0;0;0;Non-active;
29/08/2023;10:54:00;RS;408;discharge;Hanna;1257.85;0;0;falling;12:04:20;4220;389;389;0;0;0;Non-active;
29/08/2023;10:54:00;RS;408;discharge;Hanna;1257.85;0;0;falling;12:04:25;4225;389;389;0;0;0;Non-active;
29/08/2023;10:54:00;RS;408;discharge;Hanna;1257.85;0;0;falling;12:04:30;4230;389;389;0;0;0;Non-active;
29/08/2023;10:54:00;RS;408;discharge;Hanna;1257.85;0;0;falling;12:04:35;4235;389;389;0;0;0;Non-active;
29/08/2023;10:54:00;RS;408;discharge;Hanna;1257.85;0;0;falling;12:04:40;4240;389;389;0;0;0;Non-active;
29/08/2023;10:54:00;RS;408;discharge;Hanna;1257.85;0;0;falling;12:04:45;4245;389;389;0;0;0;Non-active;
29/08/2023;10:54:00;RS;408;discharge;Hanna;1257.85;0;0;falling;12:04:50;4250;389;389;0;0;0;Non-active;
29/08/2023;10:54:00;RS;408;discharge;Hanna;1257.85;0;0;falling;12:04:55;4255;389;389;0;0;0;Non-active;
29/08/2023;10:54:00;RS;408;discharge;Hanna;1257.85;0;0;falling;12:05:00;4260;389;389;0;0;0;Non-active;
29/08/2023;10:54:00;RS;408;discharge;Hanna;1257.85;0;0;falling;12:05:05;4265;389;389;0;0;0;Non-active;
29/08/2023;10:54:00;RS;408;discharge;Hanna;1257.85;0;0;falling;12:05:10;4270;389;389;0;0;0;Non-active;
29/08/2023;10:54:00;RS;408;discharge;Hanna;1257.85;0;0;falling;12:05:15;4275;389;389;0;0;0;Non-active;
29/08/2023;10:54:00;RS;408;discharge;Hanna;1257.85;0;0;falling;12:05:20;4280;389;389;0;0;0;Non-active;
29/08/2023;10:54:00;RS;408;discharge;Hanna;1257.85;0;0;falling;12:05:25;4285;389;389;0;0;0;Non-active;
29/08/2023;10:54:00;RS;408;discharge;Hanna;1257.85;0;0;falling;12:05:30;4290;389;389;0;0;0;Non-active;
29/08/2023;10:54:00;RS;408;discharge;Hanna;1257.85;0;0;falling;12:05:35;4295;389;389;0;0;0;Non-active;
29/08/2023;10:54:00;RS;408;discharge;Hanna;1257.85;0;0;falling;12:05:40;4300;389;389;0;0;0;Non-active;
29/08/2023;10:54:00;RS;408;discharge;Hanna;1257.85;0;0;falling;12:05:45;4305;389;389;0;0;0;Non-active;
29/08/2023;10:54:00;RS;408;discharge;Hanna;1257.85;0;0;falling;12:05:50;4310;389;389;0;0;0;Non-active;
29/08/2023;10:54:00;RS;408;discharge;Hanna;1257.85;0;0;falling;12:05:55;4315;389;389;0;0;0;Non-active;
29/08/2023;10:54:00;RS;408;discharge;Hanna;1257.85;0;0;falling;12:06:00;4320;389;389;0;0;0;Non-active;
29/08/2023;10:54:00;RS;408;discharge;Hanna;1257.85;0;0;falling;12:06:05;4325;389;389;0;0;0;Non-active;
29/08/2023;10:54:00;RS;408;discharge;Hanna;1257.85;0;0;falling;12:06:10;4330;389;389;0;0;0;Non-active;
29/08/2023;10:54:00;RS;408;discharge;Hanna;1257.85;0;0;falling;12:06:15;4335;389;389;0;0;0;Non-active;
29/08/2023;10:54:00;RS;408;discharge;Hanna;1257.85;0;0;falling;12:06:20;4340;389;389;0;0;0;Non-active;
29/08/2023;10:54:00;RS;408;discharge;Hanna;1257.85;0;0;falling;12:06:25;4345;389;389;0;0;0;Non-active;
29/08/2023;10:54:00;RS;408;discharge;Hanna;1257.85;0;0;falling;12:06:30;4350;389;389;0;0;0;Non-active;
29/08/2023;10:54:00;RS;408;discharge;Hanna;1257.85;0;0;falling;12:06:35;4355;389;389;0;0;0;Non-active;
29/08/2023;10:54:00;RS;408;discharge;Hanna;1257.85;0;0;falling;12:06:40;4360;389;389;0;0;0;Non-active;
29/08/2023;10:54:00;RS;408;discharge;Hanna;1257.85;0;0;falling;12:06:45;4365;389;389;0;0;0;Non-active;
29/08/2023;10:54:00;RS;408;discharge;Hanna;1257.85;0;0;falling;12:06:50;4370;389;389;0;0;0;Non-active;
29/08/2023;10:54:00;RS;408;discharge;Hanna;1257.85;0;0;falling;12:06:55;4375;389;389;0;0;0;Non-active;
29/08/2023;10:54:00;RS;408;discharge;Hanna;1257.85;0;0;falling;12:07:00;4380;389;389;0;0;0;Non-active;
29/08/2023;10:54:00;RS;408;discharge;Hanna;1257.85;0;0;falling;12:07:05;4385;389;389;0;0;0;Non-active;
29/08/2023;10:54:00;RS;408;discharge;Hanna;1257.85;0;0;falling;12:07:10;4390;389;389;0;0;0;Non-active;
29/08/2023;10:54:00;RS;408;discharge;Hanna;1257.85;0;0;falling;12:07:15;4395;389;389;0;0;0;Non-active;
29/08/2023;10:54:00;RS;408;discharge;Hanna;1257.85;0;0;falling;12:07:20;4400;389;389;0;0;0;Non-active;
29/08/2023;10:54:00;RS;408;discharge;Hanna;1257.85;0;0;falling;12:07:25;4405;389;389;0;0;0;Non-active;
29/08/2023;10:54:00;RS;408;discharge;Hanna;1257.85;0;0;falling;12:07:30;4410;389;389;0;0;0;Non-active;
29/08/2023;10:54:00;RS;408;discharge;Hanna;1257.85;0;0;falling;12:07:35;4415;389;389;0;0;0;Non-active;
29/08/2023;10:54:00;RS;408;discharge;Hanna;1257.85;0;0;falling;12:07:40;4420;389;389;0;0;0;Non-active;
29/08/2023;10:54:00;RS;408;discharge;Hanna;1257.85;0;0;falling;12:07:45;4425;389;389;0;0;0;Non-active;
29/08/2023;10:54:00;RS;408;discharge;Hanna;1257.85;0;0;falling;12:07:50;4430;389;389;0;0;0;Non-active;
29/08/2023;10:54:00;RS;408;discharge;Hanna;1257.85;0;0;falling;12:07:55;4435;389;389;0;0;0;Non-active;
29/08/2023;10:54:00;RS;408;discharge;Hanna;1257.85;0;0;falling;12:08:00;4440;389;389;0;0;0;Non-active;
29/08/2023;10:54:00;RS;408;discharge;Hanna;1257.85;0;0;falling;12:08:05;4445;389;389;0;0;0;Non-active;
29/08/2023;10:54:00;RS;408;discharge;Hanna;1257.85;0;0;falling;12:08:10;4450;389;389;0;0;0;Non-active;
29/08/2023;10:54:00;RS;408;discharge;Hanna;1257.85;0;0;falling;12:08:15;4455;389;389;0;0;0;Non-active;
29/08/2023;10:54:00;RS;408;discharge;Hanna;1257.85;0;0;falling;12:08:20;4460;389;389;0;0;0;Non-active;
29/08/2023;10:54:00;RS;408;discharge;Hanna;1257.85;0;0;falling;12:08:25;4465;389;389;0;0;0;Non-active;
29/08/2023;10:54:00;RS;408;discharge;Hanna;1257.85;0;0;falling;12:08:30;4470;389;389;0;0;0;Non-active;
29/08/2023;10:54:00;RS;408;discharge;Hanna;1257.85;0;0;falling;12:08:35;4475;389;389;0;0;0;Non-active;
29/08/2023;10:54:00;RS;408;discharge;Hanna;1257.85;0;0;falling;12:08:40;4480;389;389;0;0;0;Non-active;
29/08/2023;10:54:00;RS;408;discharge;Hanna;1257.85;0;0;falling;12:08:45;4485;389;389;0;0;0;Non-active;
29/08/2023;10:54:00;RS;408;discharge;Hanna;1257.85;0;0;falling;12:08:50;4490;389;389;0;0;0;Non-active;
29/08/2023;10:54:00;RS;408;discharge;Hanna;1257.85;0;0;falling;12:08:55;4495;389;389;0;0;0;Non-active;
29/08/2023;10:54:00;RS;408;discharge;Hanna;1257.85;0;0;falling;12:09:00;4500;389;389;0;0;0;Non-active;
30/09/2023;10:39:00;RA;150;discharge;Hanna;7294;0;0;release;11:39:00;0;414;414;0;0;0;Active;
30/09/2023;10:39:00;RA;150;discharge;Hanna;7294;0;0;release;11:39:05;5;414;414;0;0;0;Active;
30/09/2023;10:39:00;RA;150;discharge;Hanna;7294;0;0;release;11:39:10;10;414;414;0;0;0;Active;
30/09/2023;10:39:00;RA;150;discharge;Hanna;7294;0;0;release;11:39:15;15;414;414;0;0;0;Active;
30/09/2023;10:39:00;RA;150;discharge;Hanna;7294;0;0;release;11:39:20;20;414;414;0;0;0;Active;
30/09/2023;10:39:00;RA;150;discharge;Hanna;7294;0;0;release;11:39:25;25;414;414;0;0;0;Active;
30/09/2023;10:39:00;RA;150;discharge;Hanna;7294;0;0;release;11:39:30;30;414;414;0;0;0;Active;
30/09/2023;10:39:00;RA;150;discharge;Hanna;7294;0;0;release;11:39:35;35;414;414;0;0;0;Active;
30/09/2023;10:39:00;RA;150;discharge;Hanna;7294;0;0;release;11:39:40;40;414;414;0;0;0;Active;
30/09/2023;10:39:00;RA;150;discharge;Hanna;7294;0;0;release;11:39:45;45;414;414;0;0;0;Active;
30/09/2023;10:39:00;RA;150;discharge;Hanna;7294;0;0;release;11:39:50;50;414;414;0;0;0;Active;
30/09/2023;10:39:00;RA;150;discharge;Hanna;7294;0;0;release;11:39:55;55;414;414;0;0;0;Active;
30/09/2023;10:39:00;RA;150;discharge;Hanna;7294;0;0;release;11:40:00;60;414;414;0;0;0;Active;
30/09/2023;10:39:00;RA;150;discharge;Hanna;7294;0;0;release;11:40:05;65;414;414;0;0;0;Active;
30/09/2023;10:39:00;RA;150;discharge;Hanna;7294;0;0;release;11:40:10;70;414;414;0;0;0;Active;
30/09/2023;10:39:00;RA;150;discharge;Hanna;7294;0;0;release;11:40:15;75;414;414;0;0;0;Active;
30/09/2023;10:39:00;RA;150;discharge;Hanna;7294;0;0;release;11:40:20;80;414;414;0;0;0;Active;
30/09/2023;10:39:00;RA;150;discharge;Hanna;7294;0;0;release;11:40:25;85;414;414;0;0;0;Active;
30/09/2023;10:39:00;RA;150;discharge;Hanna;7294;0;0;release;11:40:30;90;414;414;0;0;0;Active;
30/09/2023;10:39:00;RA;150;discharge;Hanna;7294;0;0;release;11:40:35;95;414;414;0;0;0;Active;
30/09/2023;10:39:00;RA;150;discharge;Hanna;7294;0;0;release;11:40:40;100;415;414;1;0.4611;2.3055;Active;
30/09/2023;10:39:00;RA;150;discharge;Hanna;7294;0;0;release;11:40:45;105;415;414;1;0.4611;2.3055;Active;
30/09/2023;10:39:00;RA;150;discharge;Hanna;7294;0;0;release;11:40:50;110;415;414;1;0.4611;2.3055;Active;
30/09/2023;10:39:00;RA;150;discharge;Hanna;7294;0;0;release;11:40:55;115;415;414;1;0.4611;2.3055;Active;
30/09/2023;10:39:00;RA;150;discharge;Hanna;7294;0;0;release;11:41:00;120;415;414;1;0.4611;2.3055;Active;
30/09/2023;10:39:00;RA;150;discharge;Hanna;7294;0;0;release;11:41:05;125;415;414;1;0.4611;2.3055;Active;
30/09/2023;10:39:00;RA;150;discharge;Hanna;7294;0;0;release;11:41:10;130;415;414;1;0.4611;2.3055;Active;
30/09/2023;10:39:00;RA;150;discharge;Hanna;7294;0;0;release;11:41:15;135;415;414;1;0.4611;2.3055;Active;
30/09/2023;10:39:00;RA;150;discharge;Hanna;7294;0;0;release;11:41:20;140;415;414;1;0.4611;2.3055;Active;
30/09/2023;10:39:00;RA;150;discharge;Hanna;7294;0;0;release;11:41:25;145;415;414;1;0.4611;2.3055;Active;
30/09/2023;10:39:00;RA;150;discharge;Hanna;7294;0;0;release;11:41:30;150;414;414;0;0;0;Active;
30/09/2023;10:39:00;RA;150;discharge;Hanna;7294;0;0;release;11:41:35;155;415;414;1;0.4611;2.3055;Active;
30/09/2023;10:39:00;RA;150;discharge;Hanna;7294;0;0;release;11:41:40;160;414;414;0;0;0;Active;
30/09/2023;10:39:00;RA;150;discharge;Hanna;7294;0;0;release;11:41:45;165;414;414;0;0;0;Active;
30/09/2023;10:39:00;RA;150;discharge;Hanna;7294;0;0;release;11:41:50;170;414;414;0;0;0;Active;
30/09/2023;10:39:00;RA;150;discharge;Hanna;7294;0;0;release;11:41:55;175;414;414;0;0;0;Active;
30/09/2023;10:39:00;RA;150;discharge;Hanna;7294;0;0;release;11:42:00;180;414;414;0;0;0;Active;
30/09/2023;10:39:00;RA;150;discharge;Hanna;7294;0;0;release;11:42:05;185;414;414;0;0;0;Active;
30/09/2023;10:39:00;RA;150;discharge;Hanna;7294;0;0;release;11:42:10;190;414;414;0;0;0;Active;
30/09/2023;10:39:00;RA;150;discharge;Hanna;7294;0;0;release;11:42:15;195;414;414;0;0;0;Active;
30/09/2023;10:39:00;RA;150;discharge;Hanna;7294;0;0;release;11:42:20;200;414;414;0;0;0;Active;
30/09/2023;10:39:00;RA;150;discharge;Hanna;7294;0;0;release;11:42:25;205;414;414;0;0;0;Active;
30/09/2023;10:39:00;RA;150;discharge;Hanna;7294;0;0;release;11:42:30;210;414;414;0;0;0;Active;
30/09/2023;10:39:00;RA;150;discharge;Hanna;7294;0;0;release;11:42:35;215;414;414;0;0;0;Active;
30/09/2023;10:39:00;RA;150;discharge;Hanna;7294;0;0;release;11:42:40;220;414;414;0;0;0;Active;
30/09/2023;10:39:00;RA;150;discharge;Hanna;7294;0;0;release;11:42:45;225;414;414;0;0;0;Active;
30/09/2023;10:39:00;RA;150;discharge;Hanna;7294;0;0;release;11:42:50;230;415;414;1;0.4611;2.3055;Active;
30/09/2023;10:39:00;RA;150;discharge;Hanna;7294;0;0;release;11:42:55;235;415;414;1;0.4611;2.3055;Active;
30/09/2023;10:39:00;RA;150;discharge;Hanna;7294;0;0;release;11:43:00;240;415;414;1;0.4611;2.3055;Active;
30/09/2023;10:39:00;RA;150;discharge;Hanna;7294;0;0;release;11:43:05;245;415;414;1;0.4611;2.3055;Active;
30/09/2023;10:39:00;RA;150;discharge;Hanna;7294;0;0;release;11:43:10;250;415;414;1;0.4611;2.3055;Active;
30/09/2023;10:39:00;RA;150;discharge;Hanna;7294;0;0;release;11:43:15;255;415;414;1;0.4611;2.3055;Active;
30/09/2023;10:39:00;RA;150;discharge;Hanna;7294;0;0;release;11:43:20;260;415;414;1;0.4611;2.3055;Active;
30/09/2023;10:39:00;RA;150;discharge;Hanna;7294;0;0;release;11:43:25;265;415;414;1;0.4611;2.3055;Active;
30/09/2023;10:39:00;RA;150;discharge;Hanna;7294;0;0;release;11:43:30;270;415;414;1;0.4611;2.3055;Active;
30/09/2023;10:39:00;RA;150;discharge;Hanna;7294;0;0;release;11:43:35;275;415;414;1;0.4611;2.3055;Active;
30/09/2023;10:39:00;RA;150;discharge;Hanna;7294;0;0;release;11:43:40;280;415;414;1;0.4611;2.3055;Active;
30/09/2023;10:39:00;RA;150;discharge;Hanna;7294;0;0;release;11:43:45;285;415;414;1;0.4611;2.3055;Active;
30/09/2023;10:39:00;RA;150;discharge;Hanna;7294;0;0;release;11:43:50;290;415;414;1;0.4611;2.3055;Active;
30/09/2023;10:39:00;RA;150;discharge;Hanna;7294;0;0;release;11:43:55;295;415;414;1;0.4611;2.3055;Active;
30/09/2023;10:39:00;RA;150;discharge;Hanna;7294;0;0;release;11:44:00;300;415;414;1;0.4611;2.3055;Active;
30/09/2023;10:39:00;RA;150;discharge;Hanna;7294;0;0;release;11:44:05;305;415;414;1;0.4611;2.3055;Active;
30/09/2023;10:39:00;RA;150;discharge;Hanna;7294;0;0;release;11:44:10;310;415;414;1;0.4611;2.3055;Active;
30/09/2023;10:39:00;RA;150;discharge;Hanna;7294;0;0;release;11:44:15;315;415;414;1;0.4611;2.3055;Active;
30/09/2023;10:39:00;RA;150;discharge;Hanna;7294;0;0;release;11:44:20;320;415;414;1;0.4611;2.3055;Active;
30/09/2023;10:39:00;RA;150;discharge;Hanna;7294;0;0;release;11:44:25;325;415;414;1;0.4611;2.3055;Active;
30/09/2023;10:39:00;RA;150;discharge;Hanna;7294;0;0;release;11:44:30;330;415;414;1;0.4611;2.3055;Active;
30/09/2023;10:39:00;RA;150;discharge;Hanna;7294;0;0;release;11:44:35;335;415;414;1;0.4611;2.3055;Active;
30/09/2023;10:39:00;RA;150;discharge;Hanna;7294;0;0;release;11:44:40;340;415;414;1;0.4611;2.3055;Active;
30/09/2023;10:39:00;RA;150;discharge;Hanna;7294;0;0;release;11:44:45;345;415;414;1;0.4611;2.3055;Active;
30/09/2023;10:39:00;RA;150;discharge;Hanna;7294;0;0;release;11:44:50;350;415;414;1;0.4611;2.3055;Active;
30/09/2023;10:39:00;RA;150;discharge;Hanna;7294;0;0;release;11:44:55;355;415;414;1;0.4611;2.3055;Active;
30/09/2023;10:39:00;RA;150;discharge;Hanna;7294;0;0;release;11:45:00;360;415;414;1;0.4611;2.3055;Active;
30/09/2023;10:39:00;RA;150;discharge;Hanna;7294;0;0;release;11:45:05;365;415;414;1;0.4611;2.3055;Active;
30/09/2023;10:39:00;RA;150;discharge;Hanna;7294;0;0;release;11:45:10;370;415;414;1;0.4611;2.3055;Active;
30/09/2023;10:39:00;RA;150;discharge;Hanna;7294;0;0;release;11:45:15;375;415;414;1;0.4611;2.3055;Active;
30/09/2023;10:39:00;RA;150;discharge;Hanna;7294;0;0;release;11:45:20;380;415;414;1;0.4611;2.3055;Active;
30/09/2023;10:39:00;RA;150;discharge;Hanna;7294;0;0;release;11:45:25;385;415;414;1;0.4611;2.3055;Active;
30/09/2023;10:39:00;RA;150;discharge;Hanna;7294;0;0;release;11:45:30;390;415;414;1;0.4611;2.3055;Active;
30/09/2023;10:39:00;RA;150;discharge;Hanna;7294;0;0;release;11:45:35;395;415;414;1;0.4611;2.3055;Active;
30/09/2023;10:39:00;RA;150;discharge;Hanna;7294;0;0;release;11:45:40;400;415;414;1;0.4611;2.3055;Active;
30/09/2023;10:39:00;RA;150;discharge;Hanna;7294;0;0;release;11:45:45;405;415;414;1;0.4611;2.3055;Active;
30/09/2023;10:39:00;RA;150;discharge;Hanna;7294;0;0;release;11:45:50;410;415;414;1;0.4611;2.3055;Active;
30/09/2023;10:39:00;RA;150;discharge;Hanna;7294;0;0;release;11:45:55;415;415;414;1;0.4611;2.3055;Active;
30/09/2023;10:39:00;RA;150;discharge;Hanna;7294;0;0;release;11:46:00;420;415;414;1;0.4611;2.3055;Active;
30/09/2023;10:39:00;RA;150;discharge;Hanna;7294;0;0;release;11:46:05;425;415;414;1;0.4611;2.3055;Active;
30/09/2023;10:39:00;RA;150;discharge;Hanna;7294;0;0;release;11:46:10;430;415;414;1;0.4611;2.3055;Active;
30/09/2023;10:39:00;RA;150;discharge;Hanna;7294;0;0;release;11:46:15;435;415;414;1;0.4611;2.3055;Active;
30/09/2023;10:39:00;RA;150;discharge;Hanna;7294;0;0;release;11:46:20;440;415;414;1;0.4611;2.3055;Active;
30/09/2023;10:39:00;RA;150;discharge;Hanna;7294;0;0;release;11:46:25;445;415;414;1;0.4611;2.3055;Active;
30/09/2023;10:39:00;RA;150;discharge;Hanna;7294;0;0;release;11:46:30;450;415;414;1;0.4611;2.3055;Active;
30/09/2023;10:39:00;RA;150;discharge;Hanna;7294;0;0;release;11:46:35;455;415;414;1;0.4611;2.3055;Active;
30/09/2023;10:39:00;RA;150;discharge;Hanna;7294;0;0;release;11:46:40;460;415;414;1;0.4611;2.3055;Active;
30/09/2023;10:39:00;RA;150;discharge;Hanna;7294;0;0;release;11:46:45;465;415;414;1;0.4611;2.3055;Active;
30/09/2023;10:39:00;RA;150;discharge;Hanna;7294;0;0;release;11:46:50;470;415;414;1;0.4611;2.3055;Active;
30/09/2023;10:39:00;RA;150;discharge;Hanna;7294;0;0;release;11:46:55;475;415;414;1;0.4611;2.3055;Active;
30/09/2023;10:39:00;RA;150;discharge;Hanna;7294;0;0;release;11:47:00;480;415;414;1;0.4611;2.3055;Active;
30/09/2023;10:39:00;RA;150;discharge;Hanna;7294;0;0;release;11:47:05;485;415;414;1;0.4611;2.3055;Active;
30/09/2023;10:39:00;RA;150;discharge;Hanna;7294;0;0;release;11:47:10;490;415;414;1;0.4611;2.3055;Active;
30/09/2023;10:39:00;RA;150;discharge;Hanna;7294;0;0;release;11:47:15;495;415;414;1;0.4611;2.3055;Active;
30/09/2023;10:39:00;RA;150;discharge;Hanna;7294;0;0;release;11:47:20;500;415;414;1;0.4611;2.3055;Active;
30/09/2023;10:39:00;RA;150;discharge;Hanna;7294;0;0;release;11:47:25;505;415;414;1;0.4611;2.3055;Active;
30/09/2023;10:39:00;RA;150;discharge;Hanna;7294;0;0;release;11:47:30;510;415;414;1;0.4611;2.3055;Active;
30/09/2023;10:39:00;RA;150;discharge;Hanna;7294;0;0;release;11:47:35;515;415;414;1;0.4611;2.3055;Active;
30/09/2023;10:39:00;RA;150;discharge;Hanna;7294;0;0;release;11:47:40;520;415;414;1;0.4611;2.3055;Active;
30/09/2023;10:39:00;RA;150;discharge;Hanna;7294;0;0;release;11:47:45;525;415;414;1;0.4611;2.3055;Active;
30/09/2023;10:39:00;RA;150;discharge;Hanna;7294;0;0;release;11:47:50;530;415;414;1;0.4611;2.3055;Active;
30/09/2023;10:39:00;RA;150;discharge;Hanna;7294;0;0;release;11:47:55;535;415;414;1;0.4611;2.3055;Active;
30/09/2023;10:39:00;RA;150;discharge;Hanna;7294;0;0;release;11:48:00;540;415;414;1;0.4611;2.3055;Active;
30/09/2023;10:39:00;RA;150;discharge;Hanna;7294;0;0;release;11:48:05;545;415;414;1;0.4611;2.3055;Active;
30/09/2023;10:39:00;RA;150;discharge;Hanna;7294;0;0;release;11:48:10;550;415;414;1;0.4611;2.3055;Active;
30/09/2023;10:39:00;RA;150;discharge;Hanna;7294;0;0;release;11:48:15;555;415;414;1;0.4611;2.3055;Active;
30/09/2023;10:39:00;RA;150;discharge;Hanna;7294;0;0;release;11:48:20;560;415;414;1;0.4611;2.3055;Active;
30/09/2023;10:39:00;RA;150;discharge;Hanna;7294;0;0;release;11:48:25;565;415;414;1;0.4611;2.3055;Active;
30/09/2023;10:39:00;RA;150;discharge;Hanna;7294;0;0;release;11:48:30;570;415;414;1;0.4611;2.3055;Active;
30/09/2023;10:39:00;RA;150;discharge;Hanna;7294;0;0;release;11:48:35;575;415;414;1;0.4611;2.3055;Active;
30/09/2023;10:39:00;RA;150;discharge;Hanna;7294;0;0;release;11:48:40;580;415;414;1;0.4611;2.3055;Active;
30/09/2023;10:39:00;RA;150;discharge;Hanna;7294;0;0;release;11:48:45;585;415;414;1;0.4611;2.3055;Active;
30/09/2023;10:39:00;RA;150;discharge;Hanna;7294;0;0;release;11:48:50;590;415;414;1;0.4611;2.3055;Active;
30/09/2023;10:39:00;RA;150;discharge;Hanna;7294;0;0;release;11:48:55;595;415;414;1;0.4611;2.3055;Active;
30/09/2023;10:39:00;RA;150;discharge;Hanna;7294;0;0;release;11:49:00;600;415;414;1;0.4611;2.3055;Active;
30/09/2023;10:39:00;RA;150;discharge;Hanna;7294;0;0;release;11:49:05;605;415;414;1;0.4611;2.3055;Active;
30/09/2023;10:39:00;RA;150;discharge;Hanna;7294;0;0;release;11:49:10;610;415;414;1;0.4611;2.3055;Active;
30/09/2023;10:39:00;RA;150;discharge;Hanna;7294;0;0;release;11:49:15;615;415;414;1;0.4611;2.3055;Active;
30/09/2023;10:39:00;RA;150;discharge;Hanna;7294;0;0;release;11:49:20;620;415;414;1;0.4611;2.3055;Active;
30/09/2023;10:39:00;RA;150;discharge;Hanna;7294;0;0;release;11:49:25;625;415;414;1;0.4611;2.3055;Active;
30/09/2023;10:39:00;RA;150;discharge;Hanna;7294;0;0;release;11:49:30;630;415;414;1;0.4611;2.3055;Active;
30/09/2023;10:39:00;RA;150;discharge;Hanna;7294;0;0;release;11:49:35;635;415;414;1;0.4611;2.3055;Active;
30/09/2023;10:39:00;RA;150;discharge;Hanna;7294;0;0;release;11:49:40;640;415;414;1;0.4611;2.3055;Active;
30/09/2023;10:39:00;RA;150;discharge;Hanna;7294;0;0;release;11:49:45;645;415;414;1;0.4611;2.3055;Active;
30/09/2023;10:39:00;RA;150;discharge;Hanna;7294;0;0;release;11:49:50;650;415;414;1;0.4611;2.3055;Active;
30/09/2023;10:39:00;RA;150;discharge;Hanna;7294;0;0;release;11:49:55;655;415;414;1;0.4611;2.3055;Active;
30/09/2023;10:39:00;RA;150;discharge;Hanna;7294;0;0;release;11:50:00;660;415;414;1;0.4611;2.3055;Active;
30/09/2023;10:39:00;RA;150;discharge;Hanna;7294;0;0;release;11:50:05;665;415;414;1;0.4611;2.3055;Active;
30/09/2023;10:39:00;RA;150;discharge;Hanna;7294;0;0;release;11:50:10;670;415;414;1;0.4611;2.3055;Active;
30/09/2023;10:39:00;RA;150;discharge;Hanna;7294;0;0;release;11:50:15;675;415;414;1;0.4611;2.3055;Active;
30/09/2023;10:39:00;RA;150;discharge;Hanna;7294;0;0;release;11:50:20;680;415;414;1;0.4611;2.3055;Active;
30/09/2023;10:39:00;RA;150;discharge;Hanna;7294;0;0;release;11:50:25;685;415;414;1;0.4611;2.3055;Active;
30/09/2023;10:39:00;RA;150;discharge;Hanna;7294;0;0;release;11:50:30;690;415;414;1;0.4611;2.3055;Active;
30/09/2023;10:39:00;RA;150;discharge;Hanna;7294;0;0;release;11:50:35;695;415;414;1;0.4611;2.3055;Active;
30/09/2023;10:39:00;RA;150;discharge;Hanna;7294;0;0;release;11:50:40;700;415;414;1;0.4611;2.3055;Active;
30/09/2023;10:39:00;RA;150;discharge;Hanna;7294;0;0;release;11:50:45;705;415;414;1;0.4611;2.3055;Active;
30/09/2023;10:39:00;RA;150;discharge;Hanna;7294;0;0;release;11:50:50;710;415;414;1;0.4611;2.3055;Active;
30/09/2023;10:39:00;RA;150;discharge;Hanna;7294;0;0;release;11:50:55;715;415;414;1;0.4611;2.3055;Active;
30/09/2023;10:39:00;RA;150;discharge;Hanna;7294;0;0;release;11:51:00;720;415;414;1;0.4611;2.3055;Active;
30/09/2023;10:39:00;RA;150;discharge;Hanna;7294;0;0;release;11:51:05;725;415;414;1;0.4611;2.3055;Active;
30/09/2023;10:39:00;RA;150;discharge;Hanna;7294;0;0;release;11:51:10;730;415;414;1;0.4611;2.3055;Active;
30/09/2023;10:39:00;RA;150;discharge;Hanna;7294;0;0;release;11:51:15;735;415;414;1;0.4611;2.3055;Active;
30/09/2023;10:39:00;RA;150;discharge;Hanna;7294;0;0;release;11:51:20;740;415;414;1;0.4611;2.3055;Active;
30/09/2023;10:39:00;RA;150;discharge;Hanna;7294;0;0;release;11:51:25;745;415;414;1;0.4611;2.3055;Active;
30/09/2023;10:39:00;RA;150;discharge;Hanna;7294;0;0;release;11:51:30;750;415;414;1;0.4611;2.3055;Active;
30/09/2023;10:39:00;RA;150;discharge;Hanna;7294;0;0;release;11:51:35;755;415;414;1;0.4611;2.3055;Active;
30/09/2023;10:39:00;RA;150;discharge;Hanna;7294;0;0;release;11:51:40;760;415;414;1;0.4611;2.3055;Active;
30/09/2023;10:39:00;RA;150;discharge;Hanna;7294;0;0;release;11:51:45;765;415;414;1;0.4611;2.3055;Active;
30/09/2023;10:39:00;RA;150;discharge;Hanna;7294;0;0;release;11:51:50;770;415;414;1;0.4611;2.3055;Active;
30/09/2023;10:39:00;RA;150;discharge;Hanna;7294;0;0;release;11:51:55;775;415;414;1;0.4611;2.3055;Active;
30/09/2023;10:39:00;RA;150;discharge;Hanna;7294;0;0;release;11:52:00;780;415;414;1;0.4611;2.3055;Active;
30/09/2023;10:39:00;RA;150;discharge;Hanna;7294;0;0;release;11:52:05;785;415;414;1;0.4611;2.3055;Active;
30/09/2023;10:39:00;RA;150;discharge;Hanna;7294;0;0;release;11:52:10;790;415;414;1;0.4611;2.3055;Active;
30/09/2023;10:39:00;RA;150;discharge;Hanna;7294;0;0;release;11:52:15;795;415;414;1;0.4611;2.3055;Active;
30/09/2023;10:39:00;RA;150;discharge;Hanna;7294;0;0;release;11:52:20;800;415;414;1;0.4611;2.3055;Active;
30/09/2023;10:39:00;RA;150;discharge;Hanna;7294;0;0;release;11:52:25;805;415;414;1;0.4611;2.3055;Active;
30/09/2023;10:39:00;RA;150;discharge;Hanna;7294;0;0;release;11:52:30;810;415;414;1;0.4611;2.3055;Active;
30/09/2023;10:39:00;RA;150;discharge;Hanna;7294;0;0;release;11:52:35;815;415;414;1;0.4611;2.3055;Active;
30/09/2023;10:39:00;RA;150;discharge;Hanna;7294;0;0;release;11:52:40;820;415;414;1;0.4611;2.3055;Active;
30/09/2023;10:39:00;RA;150;discharge;Hanna;7294;0;0;release;11:52:45;825;415;414;1;0.4611;2.3055;Active;
30/09/2023;10:39:00;RA;150;discharge;Hanna;7294;0;0;release;11:52:50;830;415;414;1;0.4611;2.3055;Active;
30/09/2023;10:39:00;RA;150;discharge;Hanna;7294;0;0;release;11:52:55;835;415;414;1;0.4611;2.3055;Active;
30/09/2023;10:39:00;RA;150;discharge;Hanna;7294;0;0;release;11:53:00;840;415;414;1;0.4611;2.3055;Active;
30/09/2023;10:39:00;RA;150;discharge;Hanna;7294;0;0;release;11:53:05;845;415;414;1;0.4611;2.3055;Active;
30/09/2023;10:39:00;RA;150;discharge;Hanna;7294;0;0;release;11:53:10;850;415;414;1;0.4611;2.3055;Active;
30/09/2023;10:39:00;RA;150;discharge;Hanna;7294;0;0;release;11:53:15;855;415;414;1;0.4611;2.3055;Active;
30/09/2023;10:39:00;RA;150;discharge;Hanna;7294;0;0;release;11:53:20;860;415;414;1;0.4611;2.3055;Active;
30/09/2023;10:39:00;RA;150;discharge;Hanna;7294;0;0;release;11:53:25;865;415;414;1;0.4611;2.3055;Active;
30/09/2023;10:39:00;RA;150;discharge;Hanna;7294;0;0;release;11:53:30;870;415;414;1;0.4611;2.3055;Active;
30/09/2023;10:39:00;RA;150;discharge;Hanna;7294;0;0;release;11:53:35;875;415;414;1;0.4611;2.3055;Active;
30/09/2023;10:39:00;RA;150;discharge;Hanna;7294;0;0;release;11:53:40;880;415;414;1;0.4611;2.3055;Active;
30/09/2023;10:39:00;RA;150;discharge;Hanna;7294;0;0;release;11:53:45;885;415;414;1;0.4611;2.3055;Active;
30/09/2023;10:39:00;RA;150;discharge;Hanna;7294;0;0;release;11:53:50;890;415;414;1;0.4611;2.3055;Active;
30/09/2023;10:39:00;RA;150;discharge;Hanna;7294;0;0;release;11:53:55;895;415;414;1;0.4611;2.3055;Active;
30/09/2023;10:39:00;RA;150;discharge;Hanna;7294;0;0;release;11:54:00;900;415;414;1;0.4611;2.3055;Active;
30/09/2023;10:39:00;RA;150;discharge;Hanna;7294;0;0;release;11:54:05;905;415;414;1;0.4611;2.3055;Active;
30/09/2023;10:39:00;RA;150;discharge;Hanna;7294;0;0;release;11:54:10;910;415;414;1;0.4611;2.3055;Active;
30/09/2023;10:39:00;RA;150;discharge;Hanna;7294;0;0;release;11:54:15;915;415;414;1;0.4611;2.3055;Active;
30/09/2023;10:39:00;RA;150;discharge;Hanna;7294;0;0;release;11:54:20;920;415;414;1;0.4611;2.3055;Active;
30/09/2023;10:39:00;RA;150;discharge;Hanna;7294;0;0;release;11:54:25;925;415;414;1;0.4611;2.3055;Active;
30/09/2023;10:39:00;RA;150;discharge;Hanna;7294;0;0;release;11:54:30;930;415;414;1;0.4611;2.3055;Active;
30/09/2023;10:39:00;RA;150;discharge;Hanna;7294;0;0;release;11:54:35;935;415;414;1;0.4611;2.3055;Active;
30/09/2023;10:39:00;RA;150;discharge;Hanna;7294;0;0;release;11:54:40;940;415;414;1;0.4611;2.3055;Active;
30/09/2023;10:39:00;RA;150;discharge;Hanna;7294;0;0;release;11:54:45;945;415;414;1;0.4611;2.3055;Active;
30/09/2023;10:39:00;RA;150;discharge;Hanna;7294;0;0;release;11:54:50;950;415;414;1;0.4611;2.3055;Active;
30/09/2023;10:39:00;RA;150;discharge;Hanna;7294;0;0;release;11:54:55;955;415;414;1;0.4611;2.3055;Active;
30/09/2023;10:39:00;RA;150;discharge;Hanna;7294;0;0;release;11:55:00;960;415;414;1;0.4611;2.3055;Active;
30/09/2023;10:39:00;RA;150;discharge;Hanna;7294;0;0;release;11:55:05;965;415;414;1;0.4611;2.3055;Active;
30/09/2023;10:39:00;RA;150;discharge;Hanna;7294;0;0;release;11:55:10;970;415;414;1;0.4611;2.3055;Active;
30/09/2023;10:39:00;RA;150;discharge;Hanna;7294;0;0;release;11:55:15;975;415;414;1;0.4611;2.3055;Active;
30/09/2023;10:39:00;RA;150;discharge;Hanna;7294;0;0;release;11:55:20;980;415;414;1;0.4611;2.3055;Active;
30/09/2023;10:39:00;RA;150;discharge;Hanna;7294;0;0;release;11:55:25;985;415;414;1;0.4611;2.3055;Active;
30/09/2023;10:39:00;RA;150;discharge;Hanna;7294;0;0;release;11:55:30;990;415;414;1;0.4611;2.3055;Active;
30/09/2023;10:39:00;RA;150;discharge;Hanna;7294;0;0;release;11:55:35;995;415;414;1;0.4611;2.3055;Active;
30/09/2023;10:39:00;RA;150;discharge;Hanna;7294;0;0;release;11:55:40;1000;415;414;1;0.4611;2.3055;Active;
30/09/2023;10:39:00;RA;150;discharge;Hanna;7294;0;0;release;11:55:45;1005;415;414;1;0.4611;2.3055;Active;
30/09/2023;10:39:00;RA;150;discharge;Hanna;7294;0;0;release;11:55:50;1010;415;414;1;0.4611;2.3055;Active;
30/09/2023;10:39:00;RA;150;discharge;Hanna;7294;0;0;release;11:55:55;1015;415;414;1;0.4611;2.3055;Active;
30/09/2023;10:39:00;RA;150;discharge;Hanna;7294;0;0;release;11:56:00;1020;415;414;1;0.4611;2.3055;Active;
30/09/2023;10:39:00;RA;150;discharge;Hanna;7294;0;0;release;11:56:05;1025;415;414;1;0.4611;2.3055;Active;
30/09/2023;10:39:00;RA;150;discharge;Hanna;7294;0;0;release;11:56:10;1030;415;414;1;0.4611;2.3055;Active;
30/09/2023;10:39:00;RA;150;discharge;Hanna;7294;0;0;release;11:56:15;1035;415;414;1;0.4611;2.3055;Active;
30/09/2023;10:39:00;RA;150;discharge;Hanna;7294;0;0;release;11:56:20;1040;415;414;1;0.4611;2.3055;Active;
30/09/2023;10:39:00;RA;150;discharge;Hanna;7294;0;0;release;11:56:25;1045;415;414;1;0.4611;2.3055;Active;
30/09/2023;10:39:00;RA;150;discharge;Hanna;7294;0;0;release;11:56:30;1050;415;414;1;0.4611;2.3055;Active;
30/09/2023;10:39:00;RA;150;discharge;Hanna;7294;0;0;release;11:56:35;1055;415;414;1;0.4611;2.3055;Active;
30/09/2023;10:39:00;RA;150;discharge;Hanna;7294;0;0;release;11:56:40;1060;415;414;1;0.4611;2.3055;Active;
30/09/2023;10:39:00;RA;150;discharge;Hanna;7294;0;0;release;11:56:45;1065;415;414;1;0.4611;2.3055;Active;
30/09/2023;10:39:00;RA;150;discharge;Hanna;7294;0;0;release;11:56:50;1070;415;414;1;0.4611;2.3055;Active;
30/09/2023;10:39:00;RA;150;discharge;Hanna;7294;0;0;release;11:56:55;1075;415;414;1;0.4611;2.3055;Active;
30/09/2023;10:39:00;RA;150;discharge;Hanna;7294;0;0;release;11:57:00;1080;415;414;1;0.4611;2.3055;Active;
30/09/2023;10:39:00;RA;150;discharge;Hanna;7294;0;0;release;11:57:05;1085;415;414;1;0.4611;2.3055;Active;
30/09/2023;10:39:00;RA;150;discharge;Hanna;7294;0;0;release;11:57:10;1090;415;414;1;0.4611;2.3055;Active;
30/09/2023;10:39:00;RA;150;discharge;Hanna;7294;0;0;release;11:57:15;1095;415;414;1;0.4611;2.3055;Active;
30/09/2023;10:39:00;RA;150;discharge;Hanna;7294;0;0;release;11:57:20;1100;415;414;1;0.4611;2.3055;Active;
30/09/2023;10:39:00;RA;150;discharge;Hanna;7294;0;0;release;11:57:25;1105;415;414;1;0.4611;2.3055;Active;
30/09/2023;10:39:00;RA;150;discharge;Hanna;7294;0;0;release;11:57:30;1110;415;414;1;0.4611;2.3055;Active;
30/09/2023;10:39:00;RA;150;discharge;Hanna;7294;0;0;release;11:57:35;1115;415;414;1;0.4611;2.3055;Active;
30/09/2023;10:39:00;RA;150;discharge;Hanna;7294;0;0;release;11:57:40;1120;415;414;1;0.4611;2.3055;Active;
30/09/2023;10:39:00;RA;150;discharge;Hanna;7294;0;0;release;11:57:45;1125;415;414;1;0.4611;2.3055;Active;
30/09/2023;10:39:00;RA;150;discharge;Hanna;7294;0;0;release;11:57:50;1130;415;414;1;0.4611;2.3055;Active;
30/09/2023;10:39:00;RA;150;discharge;Hanna;7294;0;0;release;11:57:55;1135;415;414;1;0.4611;2.3055;Active;
30/09/2023;10:39:00;RA;150;discharge;Hanna;7294;0;0;release;11:58:00;1140;415;414;1;0.4611;2.3055;Active;
30/09/2023;10:39:00;RA;150;discharge;Hanna;7294;0;0;release;11:58:05;1145;415;414;1;0.4611;2.3055;Active;
30/09/2023;10:39:00;RA;150;discharge;Hanna;7294;0;0;release;11:58:10;1150;415;414;1;0.4611;2.3055;Active;
30/09/2023;10:39:00;RA;150;discharge;Hanna;7294;0;0;release;11:58:15;1155;415;414;1;0.4611;2.3055;Active;
30/09/2023;10:39:00;RA;150;discharge;Hanna;7294;0;0;release;11:58:20;1160;415;414;1;0.4611;2.3055;Active;
30/09/2023;10:39:00;RA;150;discharge;Hanna;7294;0;0;release;11:58:25;1165;415;414;1;0.4611;2.3055;Active;
30/09/2023;10:39:00;RA;150;discharge;Hanna;7294;0;0;release;11:58:30;1170;415;414;1;0.4611;2.3055;Active;
30/09/2023;10:39:00;RA;150;discharge;Hanna;7294;0;0;release;11:58:35;1175;415;414;1;0.4611;2.3055;Active;
30/09/2023;10:39:00;RA;150;discharge;Hanna;7294;0;0;release;11:58:40;1180;415;414;1;0.4611;2.3055;Active;
30/09/2023;10:39:00;RA;150;discharge;Hanna;7294;0;0;release;11:58:45;1185;415;414;1;0.4611;2.3055;Active;
30/09/2023;10:39:00;RA;150;discharge;Hanna;7294;0;0;release;11:58:50;1190;415;414;1;0.4611;2.3055;Active;
30/09/2023;10:39:00;RA;150;discharge;Hanna;7294;0;0;release;11:58:55;1195;415;414;1;0.4611;2.3055;Active;
30/09/2023;10:39:00;RA;150;discharge;Hanna;7294;0;0;release;11:59:00;1200;415;414;1;0.4611;2.3055;Active;
30/09/2023;10:39:00;RA;150;discharge;Hanna;7294;0;0;release;11:59:05;1205;415;414;1;0.4611;2.3055;Active;
30/09/2023;10:39:00;RA;150;discharge;Hanna;7294;0;0;release;11:59:10;1210;415;414;1;0.4611;2.3055;Active;
30/09/2023;10:39:00;RA;150;discharge;Hanna;7294;0;0;release;11:59:15;1215;415;414;1;0.4611;2.3055;Active;
30/09/2023;10:39:00;RA;150;discharge;Hanna;7294;0;0;release;11:59:20;1220;415;414;1;0.4611;2.3055;Active;
30/09/2023;10:39:00;RA;150;discharge;Hanna;7294;0;0;release;11:59:25;1225;416;414;2;0.9222;4.611;Active;
30/09/2023;10:39:00;RA;150;discharge;Hanna;7294;0;0;release;11:59:30;1230;415;414;1;0.4611;2.3055;Active;
30/09/2023;10:39:00;RA;150;discharge;Hanna;7294;0;0;release;11:59:35;1235;415;414;1;0.4611;2.3055;Active;
30/09/2023;10:39:00;RA;150;discharge;Hanna;7294;0;0;release;11:59:40;1240;415;414;1;0.4611;2.3055;Active;
30/09/2023;10:39:00;RA;150;discharge;Hanna;7294;0;0;release;11:59:45;1245;415;414;1;0.4611;2.3055;Active;
30/09/2023;10:39:00;RA;150;discharge;Hanna;7294;0;0;rising;11:59:50;1250;416;414;2;0.9222;4.611;Active;
30/09/2023;10:39:00;RA;150;discharge;Hanna;7294;0;0;rising;11:59:55;1255;416;414;2;0.9222;4.611;Active;
30/09/2023;10:39:00;RA;150;discharge;Hanna;7294;0;0;rising;12:00:00;1260;416;414;2;0.9222;4.611;Active;
30/09/2023;10:39:00;RA;150;discharge;Hanna;7294;0;0;rising;12:00:05;1265;417;414;3;1.3833;6.9165;Active;
30/09/2023;10:39:00;RA;150;discharge;Hanna;7294;0;0;rising;12:00:10;1270;417;414;3;1.3833;6.9165;Active;
30/09/2023;10:39:00;RA;150;discharge;Hanna;7294;0;0;rising;12:00:15;1275;417;414;3;1.3833;6.9165;Active;
30/09/2023;10:39:00;RA;150;discharge;Hanna;7294;0;0;rising;12:00:20;1280;417;414;3;1.3833;6.9165;Active;
30/09/2023;10:39:00;RA;150;discharge;Hanna;7294;0;0;rising;12:00:25;1285;416;414;2;0.9222;4.611;Active;
30/09/2023;10:39:00;RA;150;discharge;Hanna;7294;0;0;rising;12:00:30;1290;416;414;2;0.9222;4.611;Active;
30/09/2023;10:39:00;RA;150;discharge;Hanna;7294;0;0;rising;12:00:35;1295;416;414;2;0.9222;4.611;Active;
30/09/2023;10:39:00;RA;150;discharge;Hanna;7294;0;0;rising;12:00:40;1300;416;414;2;0.9222;4.611;Active;
30/09/2023;10:39:00;RA;150;discharge;Hanna;7294;0;0;rising;12:00:45;1305;416;414;2;0.9222;4.611;Active;
30/09/2023;10:39:00;RA;150;discharge;Hanna;7294;0;0;rising;12:00:50;1310;418;414;4;1.8444;9.222;Active;
30/09/2023;10:39:00;RA;150;discharge;Hanna;7294;0;0;rising;12:00:55;1315;419;414;5;2.3055;11.5275;Active;
30/09/2023;10:39:00;RA;150;discharge;Hanna;7294;0;0;rising;12:01:00;1320;418;414;4;1.8444;9.222;Active;
30/09/2023;10:39:00;RA;150;discharge;Hanna;7294;0;0;rising;12:01:05;1325;417;414;3;1.3833;6.9165;Active;
30/09/2023;10:39:00;RA;150;discharge;Hanna;7294;0;0;rising;12:01:10;1330;417;414;3;1.3833;6.9165;Active;
30/09/2023;10:39:00;RA;150;discharge;Hanna;7294;0;0;rising;12:01:15;1335;417;414;3;1.3833;6.9165;Active;
30/09/2023;10:39:00;RA;150;discharge;Hanna;7294;0;0;rising;12:01:20;1340;417;414;3;1.3833;6.9165;Active;
30/09/2023;10:39:00;RA;150;discharge;Hanna;7294;0;0;rising;12:01:25;1345;417;414;3;1.3833;6.9165;Active;
30/09/2023;10:39:00;RA;150;discharge;Hanna;7294;0;0;rising;12:01:30;1350;419;414;5;2.3055;11.5275;Active;
30/09/2023;10:39:00;RA;150;discharge;Hanna;7294;0;0;rising;12:01:35;1355;420;414;6;2.7666;13.833;Active;
30/09/2023;10:39:00;RA;150;discharge;Hanna;7294;0;0;rising;12:01:40;1360;419;414;5;2.3055;11.5275;Active;
30/09/2023;10:39:00;RA;150;discharge;Hanna;7294;0;0;rising;12:01:45;1365;419;414;5;2.3055;11.5275;Active;
30/09/2023;10:39:00;RA;150;discharge;Hanna;7294;0;0;rising;12:01:50;1370;420;414;6;2.7666;13.833;Active;
30/09/2023;10:39:00;RA;150;discharge;Hanna;7294;0;0;rising;12:01:55;1375;421;414;7;3.2277;16.1385;Active;
30/09/2023;10:39:00;RA;150;discharge;Hanna;7294;0;0;rising;12:02:00;1380;421;414;7;3.2277;16.1385;Active;
30/09/2023;10:39:00;RA;150;discharge;Hanna;7294;0;0;rising;12:02:05;1385;421;414;7;3.2277;16.1385;Active;
30/09/2023;10:39:00;RA;150;discharge;Hanna;7294;0;0;rising;12:02:10;1390;421;414;7;3.2277;16.1385;Active;
30/09/2023;10:39:00;RA;150;discharge;Hanna;7294;0;0;rising;12:02:15;1395;419;414;5;2.3055;11.5275;Active;
30/09/2023;10:39:00;RA;150;discharge;Hanna;7294;0;0;rising;12:02:20;1400;418;414;4;1.8444;9.222;Active;
30/09/2023;10:39:00;RA;150;discharge;Hanna;7294;0;0;rising;12:02:25;1405;417;414;3;1.3833;6.9165;Active;
30/09/2023;10:39:00;RA;150;discharge;Hanna;7294;0;0;rising;12:02:30;1410;417;414;3;1.3833;6.9165;Active;
30/09/2023;10:39:00;RA;150;discharge;Hanna;7294;0;0;rising;12:02:35;1415;420;414;6;2.7666;13.833;Active;
30/09/2023;10:39:00;RA;150;discharge;Hanna;7294;0;0;rising;12:02:40;1420;420;414;6;2.7666;13.833;Active;
30/09/2023;10:39:00;RA;150;discharge;Hanna;7294;0;0;rising;12:02:45;1425;418;414;4;1.8444;9.222;Active;
30/09/2023;10:39:00;RA;150;discharge;Hanna;7294;0;0;rising;12:02:50;1430;421;414;7;3.2277;16.1385;Active;
30/09/2023;10:39:00;RA;150;discharge;Hanna;7294;0;0;rising;12:02:55;1435;421;414;7;3.2277;16.1385;Active;
30/09/2023;10:39:00;RA;150;discharge;Hanna;7294;0;0;rising;12:03:00;1440;424;414;10;4.611;23.055;Active;
30/09/2023;10:39:00;RA;150;discharge;Hanna;7294;0;0;rising;12:03:05;1445;424;414;10;4.611;23.055;Active;
30/09/2023;10:39:00;RA;150;discharge;Hanna;7294;0;0;rising;12:03:10;1450;424;414;10;4.611;23.055;Active;
30/09/2023;10:39:00;RA;150;discharge;Hanna;7294;0;0;rising;12:03:15;1455;424;414;10;4.611;23.055;Active;
30/09/2023;10:39:00;RA;150;discharge;Hanna;7294;0;0;rising;12:03:20;1460;424;414;10;4.611;23.055;Active;
30/09/2023;10:39:00;RA;150;discharge;Hanna;7294;0;0;rising;12:03:25;1465;424;414;10;4.611;23.055;Active;
30/09/2023;10:39:00;RA;150;discharge;Hanna;7294;0;0;rising;12:03:30;1470;422;414;8;3.6888;18.444;Active;
30/09/2023;10:39:00;RA;150;discharge;Hanna;7294;0;0;rising;12:03:35;1475;422;414;8;3.6888;18.444;Active;
30/09/2023;10:39:00;RA;150;discharge;Hanna;7294;0;0;rising;12:03:40;1480;421;414;7;3.2277;16.1385;Active;
30/09/2023;10:39:00;RA;150;discharge;Hanna;7294;0;0;rising;12:03:45;1485;420;414;6;2.7666;13.833;Active;
30/09/2023;10:39:00;RA;150;discharge;Hanna;7294;0;0;rising;12:03:50;1490;424;414;10;4.611;23.055;Active;
30/09/2023;10:39:00;RA;150;discharge;Hanna;7294;0;0;rising;12:03:55;1495;424;414;10;4.611;23.055;Active;
30/09/2023;10:39:00;RA;150;discharge;Hanna;7294;0;0;rising;12:04:00;1500;426;414;12;5.5332;27.666;Active;
30/09/2023;10:39:00;RA;150;discharge;Hanna;7294;0;0;rising;12:04:05;1505;427;414;13;5.9943;29.9715;Active;
30/09/2023;10:39:00;RA;150;discharge;Hanna;7294;0;0;rising;12:04:10;1510;427;414;13;5.9943;29.9715;Active;
30/09/2023;10:39:00;RA;150;discharge;Hanna;7294;0;0;rising;12:04:15;1515;426;414;12;5.5332;27.666;Active;
30/09/2023;10:39:00;RA;150;discharge;Hanna;7294;0;0;rising;12:04:20;1520;423;414;9;4.1499;20.7495;Active;
30/09/2023;10:39:00;RA;150;discharge;Hanna;7294;0;0;rising;12:04:25;1525;423;414;9;4.1499;20.7495;Active;
30/09/2023;10:39:00;RA;150;discharge;Hanna;7294;0;0;rising;12:04:30;1530;423;414;9;4.1499;20.7495;Active;
30/09/2023;10:39:00;RA;150;discharge;Hanna;7294;0;0;rising;12:04:35;1535;424;414;10;4.611;23.055;Active;
30/09/2023;10:39:00;RA;150;discharge;Hanna;7294;0;0;rising;12:04:40;1540;425;414;11;5.0721;25.3605;Active;
30/09/2023;10:39:00;RA;150;discharge;Hanna;7294;0;0;rising;12:04:45;1545;425;414;11;5.0721;25.3605;Active;
30/09/2023;10:39:00;RA;150;discharge;Hanna;7294;0;0;rising;12:04:50;1550;424;414;10;4.611;23.055;Active;
30/09/2023;10:39:00;RA;150;discharge;Hanna;7294;0;0;rising;12:04:55;1555;427;414;13;5.9943;29.9715;Active;
30/09/2023;10:39:00;RA;150;discharge;Hanna;7294;0;0;rising;12:05:00;1560;429;414;15;6.9165;34.5825;Active;
30/09/2023;10:39:00;RA;150;discharge;Hanna;7294;0;0;rising;12:05:05;1565;427;414;13;5.9943;29.9715;Active;
30/09/2023;10:39:00;RA;150;discharge;Hanna;7294;0;0;rising;12:05:10;1570;427;414;13;5.9943;29.9715;Active;
30/09/2023;10:39:00;RA;150;discharge;Hanna;7294;0;0;rising;12:05:15;1575;430;414;16;7.3776;36.888;Active;
30/09/2023;10:39:00;RA;150;discharge;Hanna;7294;0;0;rising;12:05:20;1580;427;414;13;5.9943;29.9715;Active;
30/09/2023;10:39:00;RA;150;discharge;Hanna;7294;0;0;rising;12:05:25;1585;428;414;14;6.4554;32.277;Active;
30/09/2023;10:39:00;RA;150;discharge;Hanna;7294;0;0;rising;12:05:30;1590;428;414;14;6.4554;32.277;Active;
30/09/2023;10:39:00;RA;150;discharge;Hanna;7294;0;0;rising;12:05:35;1595;426;414;12;5.5332;27.666;Active;
30/09/2023;10:39:00;RA;150;discharge;Hanna;7294;0;0;rising;12:05:40;1600;426;414;12;5.5332;27.666;Active;
30/09/2023;10:39:00;RA;150;discharge;Hanna;7294;0;0;rising;12:05:45;1605;424;414;10;4.611;23.055;Active;
30/09/2023;10:39:00;RA;150;discharge;Hanna;7294;0;0;rising;12:05:50;1610;427;414;13;5.9943;29.9715;Active;
30/09/2023;10:39:00;RA;150;discharge;Hanna;7294;0;0;rising;12:05:55;1615;429;414;15;6.9165;34.5825;Active;
30/09/2023;10:39:00;RA;150;discharge;Hanna;7294;0;0;rising;12:06:00;1620;429;414;15;6.9165;34.5825;Active;
30/09/2023;10:39:00;RA;150;discharge;Hanna;7294;0;0;rising;12:06:05;1625;429;414;15;6.9165;34.5825;Active;
30/09/2023;10:39:00;RA;150;discharge;Hanna;7294;0;0;rising;12:06:10;1630;429;414;15;6.9165;34.5825;Active;
30/09/2023;10:39:00;RA;150;discharge;Hanna;7294;0;0;rising;12:06:15;1635;429;414;15;6.9165;34.5825;Active;
30/09/2023;10:39:00;RA;150;discharge;Hanna;7294;0;0;rising;12:06:20;1640;425;414;11;5.0721;25.3605;Active;
30/09/2023;10:39:00;RA;150;discharge;Hanna;7294;0;0;rising;12:06:25;1645;428;414;14;6.4554;32.277;Active;
30/09/2023;10:39:00;RA;150;discharge;Hanna;7294;0;0;rising;12:06:30;1650;428;414;14;6.4554;32.277;Active;
30/09/2023;10:39:00;RA;150;discharge;Hanna;7294;0;0;rising;12:06:35;1655;426;414;12;5.5332;27.666;Active;
30/09/2023;10:39:00;RA;150;discharge;Hanna;7294;0;0;rising;12:06:40;1660;426;414;12;5.5332;27.666;Active;
30/09/2023;10:39:00;RA;150;discharge;Hanna;7294;0;0;rising;12:06:45;1665;425;414;11;5.0721;25.3605;Active;
30/09/2023;10:39:00;RA;150;discharge;Hanna;7294;0;0;rising;12:06:50;1670;426;414;12;5.5332;27.666;Active;
30/09/2023;10:39:00;RA;150;discharge;Hanna;7294;0;0;rising;12:06:55;1675;426;414;12;5.5332;27.666;Active;
30/09/2023;10:39:00;RA;150;discharge;Hanna;7294;0;0;rising;12:07:00;1680;427;414;13;5.9943;29.9715;Active;
30/09/2023;10:39:00;RA;150;discharge;Hanna;7294;0;0;rising;12:07:05;1685;427;414;13;5.9943;29.9715;Active;
30/09/2023;10:39:00;RA;150;discharge;Hanna;7294;0;0;rising;12:07:10;1690;427;414;13;5.9943;29.9715;Active;
30/09/2023;10:39:00;RA;150;discharge;Hanna;7294;0;0;rising;12:07:15;1695;427;414;13;5.9943;29.9715;Active;
30/09/2023;10:39:00;RA;150;discharge;Hanna;7294;0;0;rising;12:07:20;1700;427;414;13;5.9943;29.9715;Active;
30/09/2023;10:39:00;RA;150;discharge;Hanna;7294;0;0;rising;12:07:25;1705;425;414;11;5.0721;25.3605;Active;
30/09/2023;10:39:00;RA;150;discharge;Hanna;7294;0;0;rising;12:07:30;1710;427;414;13;5.9943;29.9715;Active;
30/09/2023;10:39:00;RA;150;discharge;Hanna;7294;0;0;rising;12:07:35;1715;428;414;14;6.4554;32.277;Active;
30/09/2023;10:39:00;RA;150;discharge;Hanna;7294;0;0;rising;12:07:40;1720;431;414;17;7.8387;39.1935;Active;
30/09/2023;10:39:00;RA;150;discharge;Hanna;7294;0;0;rising;12:07:45;1725;432;414;18;8.2998;41.499;Active;
30/09/2023;10:39:00;RA;150;discharge;Hanna;7294;0;0;rising;12:07:50;1730;432;414;18;8.2998;41.499;Active;
30/09/2023;10:39:00;RA;150;discharge;Hanna;7294;0;0;rising;12:07:55;1735;433;414;19;8.7609;43.8045;Active;
30/09/2023;10:39:00;RA;150;discharge;Hanna;7294;0;0;rising;12:08:00;1740;433;414;19;8.7609;43.8045;Active;
30/09/2023;10:39:00;RA;150;discharge;Hanna;7294;0;0;rising;12:08:05;1745;433;414;19;8.7609;43.8045;Active;
30/09/2023;10:39:00;RA;150;discharge;Hanna;7294;0;0;rising;12:08:10;1750;433;414;19;8.7609;43.8045;Active;
30/09/2023;10:39:00;RA;150;discharge;Hanna;7294;0;0;falling;12:08:15;1755;432;414;18;8.2998;41.499;Active;
30/09/2023;10:39:00;RA;150;discharge;Hanna;7294;0;0;falling;12:08:20;1760;431;414;17;7.8387;39.1935;Active;
30/09/2023;10:39:00;RA;150;discharge;Hanna;7294;0;0;falling;12:08:25;1765;432;414;18;8.2998;41.499;Active;
30/09/2023;10:39:00;RA;150;discharge;Hanna;7294;0;0;falling;12:08:30;1770;432;414;18;8.2998;41.499;Active;
30/09/2023;10:39:00;RA;150;discharge;Hanna;7294;0;0;falling;12:08:35;1775;432;414;18;8.2998;41.499;Active;
30/09/2023;10:39:00;RA;150;discharge;Hanna;7294;0;0;falling;12:08:40;1780;432;414;18;8.2998;41.499;Active;
30/09/2023;10:39:00;RA;150;discharge;Hanna;7294;0;0;falling;12:08:45;1785;427;414;13;5.9943;29.9715;Active;
30/09/2023;10:39:00;RA;150;discharge;Hanna;7294;0;0;falling;12:08:50;1790;427;414;13;5.9943;29.9715;Active;
30/09/2023;10:39:00;RA;150;discharge;Hanna;7294;0;0;falling;12:08:55;1795;424;414;10;4.611;23.055;Active;
30/09/2023;10:39:00;RA;150;discharge;Hanna;7294;0;0;falling;12:09:00;1800;424;414;10;4.611;23.055;Active;
30/09/2023;10:39:00;RA;150;discharge;Hanna;7294;0;0;falling;12:09:05;1805;429;414;15;6.9165;34.5825;Active;
30/09/2023;10:39:00;RA;150;discharge;Hanna;7294;0;0;falling;12:09:10;1810;426;414;12;5.5332;27.666;Active;
30/09/2023;10:39:00;RA;150;discharge;Hanna;7294;0;0;falling;12:09:15;1815;425;414;11;5.0721;25.3605;Active;
30/09/2023;10:39:00;RA;150;discharge;Hanna;7294;0;0;falling;12:09:20;1820;426;414;12;5.5332;27.666;Active;
30/09/2023;10:39:00;RA;150;discharge;Hanna;7294;0;0;falling;12:09:25;1825;429;414;15;6.9165;34.5825;Active;
30/09/2023;10:39:00;RA;150;discharge;Hanna;7294;0;0;falling;12:09:30;1830;430;414;16;7.3776;36.888;Active;
30/09/2023;10:39:00;RA;150;discharge;Hanna;7294;0;0;falling;12:09:35;1835;430;414;16;7.3776;36.888;Active;
30/09/2023;10:39:00;RA;150;discharge;Hanna;7294;0;0;falling;12:09:40;1840;431;414;17;7.8387;39.1935;Active;
30/09/2023;10:39:00;RA;150;discharge;Hanna;7294;0;0;falling;12:09:45;1845;431;414;17;7.8387;39.1935;Active;
30/09/2023;10:39:00;RA;150;discharge;Hanna;7294;0;0;falling;12:09:50;1850;431;414;17;7.8387;39.1935;Active;
30/09/2023;10:39:00;RA;150;discharge;Hanna;7294;0;0;falling;12:09:55;1855;431;414;17;7.8387;39.1935;Active;
30/09/2023;10:39:00;RA;150;discharge;Hanna;7294;0;0;falling;12:10:00;1860;431;414;17;7.8387;39.1935;Active;
30/09/2023;10:39:00;RA;150;discharge;Hanna;7294;0;0;falling;12:10:05;1865;431;414;17;7.8387;39.1935;Active;
30/09/2023;10:39:00;RA;150;discharge;Hanna;7294;0;0;falling;12:10:10;1870;431;414;17;7.8387;39.1935;Active;
30/09/2023;10:39:00;RA;150;discharge;Hanna;7294;0;0;falling;12:10:15;1875;431;414;17;7.8387;39.1935;Active;
30/09/2023;10:39:00;RA;150;discharge;Hanna;7294;0;0;falling;12:10:20;1880;430;414;16;7.3776;36.888;Active;
30/09/2023;10:39:00;RA;150;discharge;Hanna;7294;0;0;falling;12:10:25;1885;429;414;15;6.9165;34.5825;Active;
30/09/2023;10:39:00;RA;150;discharge;Hanna;7294;0;0;falling;12:10:30;1890;428;414;14;6.4554;32.277;Active;
30/09/2023;10:39:00;RA;150;discharge;Hanna;7294;0;0;falling;12:10:35;1895;428;414;14;6.4554;32.277;Active;
30/09/2023;10:39:00;RA;150;discharge;Hanna;7294;0;0;falling;12:10:40;1900;427;414;13;5.9943;29.9715;Active;
30/09/2023;10:39:00;RA;150;discharge;Hanna;7294;0;0;falling;12:10:45;1905;430;414;16;7.3776;36.888;Active;
30/09/2023;10:39:00;RA;150;discharge;Hanna;7294;0;0;falling;12:10:50;1910;430;414;16;7.3776;36.888;Active;
30/09/2023;10:39:00;RA;150;discharge;Hanna;7294;0;0;falling;12:10:55;1915;429;414;15;6.9165;34.5825;Active;
30/09/2023;10:39:00;RA;150;discharge;Hanna;7294;0;0;falling;12:11:00;1920;430;414;16;7.3776;36.888;Active;
30/09/2023;10:39:00;RA;150;discharge;Hanna;7294;0;0;falling;12:11:05;1925;430;414;16;7.3776;36.888;Active;
30/09/2023;10:39:00;RA;150;discharge;Hanna;7294;0;0;falling;12:11:10;1930;429;414;15;6.9165;34.5825;Active;
30/09/2023;10:39:00;RA;150;discharge;Hanna;7294;0;0;falling;12:11:15;1935;428;414;14;6.4554;32.277;Active;
30/09/2023;10:39:00;RA;150;discharge;Hanna;7294;0;0;falling;12:11:20;1940;428;414;14;6.4554;32.277;Active;
30/09/2023;10:39:00;RA;150;discharge;Hanna;7294;0;0;falling;12:11:25;1945;428;414;14;6.4554;32.277;Active;
30/09/2023;10:39:00;RA;150;discharge;Hanna;7294;0;0;falling;12:11:30;1950;430;414;16;7.3776;36.888;Active;
30/09/2023;10:39:00;RA;150;discharge;Hanna;7294;0;0;falling;12:11:35;1955;430;414;16;7.3776;36.888;Active;
30/09/2023;10:39:00;RA;150;discharge;Hanna;7294;0;0;falling;12:11:40;1960;430;414;16;7.3776;36.888;Active;
30/09/2023;10:39:00;RA;150;discharge;Hanna;7294;0;0;falling;12:11:45;1965;430;414;16;7.3776;36.888;Active;
30/09/2023;10:39:00;RA;150;discharge;Hanna;7294;0;0;falling;12:11:50;1970;429;414;15;6.9165;34.5825;Active;
30/09/2023;10:39:00;RA;150;discharge;Hanna;7294;0;0;falling;12:11:55;1975;429;414;15;6.9165;34.5825;Active;
30/09/2023;10:39:00;RA;150;discharge;Hanna;7294;0;0;falling;12:12:00;1980;429;414;15;6.9165;34.5825;Active;
30/09/2023;10:39:00;RA;150;discharge;Hanna;7294;0;0;falling;12:12:05;1985;429;414;15;6.9165;34.5825;Active;
30/09/2023;10:39:00;RA;150;discharge;Hanna;7294;0;0;falling;12:12:10;1990;429;414;15;6.9165;34.5825;Active;
30/09/2023;10:39:00;RA;150;discharge;Hanna;7294;0;0;falling;12:12:15;1995;429;414;15;6.9165;34.5825;Active;
30/09/2023;10:39:00;RA;150;discharge;Hanna;7294;0;0;falling;12:12:20;2000;429;414;15;6.9165;34.5825;Active;
30/09/2023;10:39:00;RA;150;discharge;Hanna;7294;0;0;falling;12:12:25;2005;429;414;15;6.9165;34.5825;Active;
30/09/2023;10:39:00;RA;150;discharge;Hanna;7294;0;0;falling;12:12:30;2010;429;414;15;6.9165;34.5825;Active;
30/09/2023;10:39:00;RA;150;discharge;Hanna;7294;0;0;falling;12:12:35;2015;429;414;15;6.9165;34.5825;Active;
30/09/2023;10:39:00;RA;150;discharge;Hanna;7294;0;0;falling;12:12:40;2020;429;414;15;6.9165;34.5825;Active;
30/09/2023;10:39:00;RA;150;discharge;Hanna;7294;0;0;falling;12:12:45;2025;429;414;15;6.9165;34.5825;Active;
30/09/2023;10:39:00;RA;150;discharge;Hanna;7294;0;0;falling;12:12:50;2030;429;414;15;6.9165;34.5825;Active;
30/09/2023;10:39:00;RA;150;discharge;Hanna;7294;0;0;falling;12:12:55;2035;429;414;15;6.9165;34.5825;Active;
30/09/2023;10:39:00;RA;150;discharge;Hanna;7294;0;0;falling;12:13:00;2040;429;414;15;6.9165;34.5825;Active;
30/09/2023;10:39:00;RA;150;discharge;Hanna;7294;0;0;falling;12:13:05;2045;429;414;15;6.9165;34.5825;Active;
30/09/2023;10:39:00;RA;150;discharge;Hanna;7294;0;0;falling;12:13:10;2050;429;414;15;6.9165;34.5825;Active;
30/09/2023;10:39:00;RA;150;discharge;Hanna;7294;0;0;falling;12:13:15;2055;429;414;15;6.9165;34.5825;Active;
30/09/2023;10:39:00;RA;150;discharge;Hanna;7294;0;0;falling;12:13:20;2060;427;414;13;5.9943;29.9715;Active;
30/09/2023;10:39:00;RA;150;discharge;Hanna;7294;0;0;falling;12:13:25;2065;428;414;14;6.4554;32.277;Active;
30/09/2023;10:39:00;RA;150;discharge;Hanna;7294;0;0;falling;12:13:30;2070;429;414;15;6.9165;34.5825;Active;
30/09/2023;10:39:00;RA;150;discharge;Hanna;7294;0;0;falling;12:13:35;2075;429;414;15;6.9165;34.5825;Active;
30/09/2023;10:39:00;RA;150;discharge;Hanna;7294;0;0;falling;12:13:40;2080;429;414;15;6.9165;34.5825;Active;
30/09/2023;10:39:00;RA;150;discharge;Hanna;7294;0;0;falling;12:13:45;2085;429;414;15;6.9165;34.5825;Active;
30/09/2023;10:39:00;RA;150;discharge;Hanna;7294;0;0;falling;12:13:50;2090;429;414;15;6.9165;34.5825;Active;
30/09/2023;10:39:00;RA;150;discharge;Hanna;7294;0;0;falling;12:13:55;2095;429;414;15;6.9165;34.5825;Active;
30/09/2023;10:39:00;RA;150;discharge;Hanna;7294;0;0;falling;12:14:00;2100;429;414;15;6.9165;34.5825;Active;
30/09/2023;10:39:00;RA;150;discharge;Hanna;7294;0;0;falling;12:14:05;2105;429;414;15;6.9165;34.5825;Active;
30/09/2023;10:39:00;RA;150;discharge;Hanna;7294;0;0;falling;12:14:10;2110;429;414;15;6.9165;34.5825;Active;
30/09/2023;10:39:00;RA;150;discharge;Hanna;7294;0;0;falling;12:14:15;2115;429;414;15;6.9165;34.5825;Active;
30/09/2023;10:39:00;RA;150;discharge;Hanna;7294;0;0;falling;12:14:20;2120;429;414;15;6.9165;34.5825;Active;
30/09/2023;10:39:00;RA;150;discharge;Hanna;7294;0;0;falling;12:14:25;2125;429;414;15;6.9165;34.5825;Active;
30/09/2023;10:39:00;RA;150;discharge;Hanna;7294;0;0;falling;12:14:30;2130;429;414;15;6.9165;34.5825;Active;
30/09/2023;10:39:00;RA;150;discharge;Hanna;7294;0;0;falling;12:14:35;2135;429;414;15;6.9165;34.5825;Active;
30/09/2023;10:39:00;RA;150;discharge;Hanna;7294;0;0;falling;12:14:40;2140;429;414;15;6.9165;34.5825;Active;
30/09/2023;10:39:00;RA;150;discharge;Hanna;7294;0;0;falling;12:14:45;2145;429;414;15;6.9165;34.5825;Active;
30/09/2023;10:39:00;RA;150;discharge;Hanna;7294;0;0;falling;12:14:50;2150;429;414;15;6.9165;34.5825;Active;
30/09/2023;10:39:00;RA;150;discharge;Hanna;7294;0;0;falling;12:14:55;2155;428;414;14;6.4554;32.277;Active;
30/09/2023;10:39:00;RA;150;discharge;Hanna;7294;0;0;falling;12:15:00;2160;428;414;14;6.4554;32.277;Active;
30/09/2023;10:39:00;RA;150;discharge;Hanna;7294;0;0;falling;12:15:05;2165;428;414;14;6.4554;32.277;Active;
30/09/2023;10:39:00;RA;150;discharge;Hanna;7294;0;0;falling;12:15:10;2170;428;414;14;6.4554;32.277;Active;
30/09/2023;10:39:00;RA;150;discharge;Hanna;7294;0;0;falling;12:15:15;2175;429;414;15;6.9165;34.5825;Active;
30/09/2023;10:39:00;RA;150;discharge;Hanna;7294;0;0;falling;12:15:20;2180;429;414;15;6.9165;34.5825;Active;
30/09/2023;10:39:00;RA;150;discharge;Hanna;7294;0;0;falling;12:15:25;2185;429;414;15;6.9165;34.5825;Active;
30/09/2023;10:39:00;RA;150;discharge;Hanna;7294;0;0;falling;12:15:30;2190;427;414;13;5.9943;29.9715;Active;
30/09/2023;10:39:00;RA;150;discharge;Hanna;7294;0;0;falling;12:15:35;2195;427;414;13;5.9943;29.9715;Active;
30/09/2023;10:39:00;RA;150;discharge;Hanna;7294;0;0;falling;12:15:40;2200;428;414;14;6.4554;32.277;Active;
30/09/2023;10:39:00;RA;150;discharge;Hanna;7294;0;0;falling;12:15:45;2205;428;414;14;6.4554;32.277;Active;
30/09/2023;10:39:00;RA;150;discharge;Hanna;7294;0;0;falling;12:15:50;2210;428;414;14;6.4554;32.277;Active;
30/09/2023;10:39:00;RA;150;discharge;Hanna;7294;0;0;falling;12:15:55;2215;429;414;15;6.9165;34.5825;Active;
30/09/2023;10:39:00;RA;150;discharge;Hanna;7294;0;0;falling;12:16:00;2220;429;414;15;6.9165;34.5825;Active;
30/09/2023;10:39:00;RA;150;discharge;Hanna;7294;0;0;falling;12:16:05;2225;429;414;15;6.9165;34.5825;Active;
30/09/2023;10:39:00;RA;150;discharge;Hanna;7294;0;0;falling;12:16:10;2230;429;414;15;6.9165;34.5825;Active;
30/09/2023;10:39:00;RA;150;discharge;Hanna;7294;0;0;falling;12:16:15;2235;429;414;15;6.9165;34.5825;Active;
30/09/2023;10:39:00;RA;150;discharge;Hanna;7294;0;0;falling;12:16:20;2240;429;414;15;6.9165;34.5825;Active;
30/09/2023;10:39:00;RA;150;discharge;Hanna;7294;0;0;falling;12:16:25;2245;428;414;14;6.4554;32.277;Active;
30/09/2023;10:39:00;RA;150;discharge;Hanna;7294;0;0;falling;12:16:30;2250;428;414;14;6.4554;32.277;Active;
30/09/2023;10:39:00;RA;150;discharge;Hanna;7294;0;0;falling;12:16:35;2255;428;414;14;6.4554;32.277;Active;
30/09/2023;10:39:00;RA;150;discharge;Hanna;7294;0;0;falling;12:16:40;2260;427;414;13;5.9943;29.9715;Active;
30/09/2023;10:39:00;RA;150;discharge;Hanna;7294;0;0;falling;12:16:45;2265;427;414;13;5.9943;29.9715;Active;
30/09/2023;10:39:00;RA;150;discharge;Hanna;7294;0;0;falling;12:16:50;2270;427;414;13;5.9943;29.9715;Active;
30/09/2023;10:39:00;RA;150;discharge;Hanna;7294;0;0;falling;12:16:55;2275;428;414;14;6.4554;32.277;Active;
30/09/2023;10:39:00;RA;150;discharge;Hanna;7294;0;0;falling;12:17:00;2280;428;414;14;6.4554;32.277;Active;
30/09/2023;10:39:00;RA;150;discharge;Hanna;7294;0;0;falling;12:17:05;2285;428;414;14;6.4554;32.277;Active;
30/09/2023;10:39:00;RA;150;discharge;Hanna;7294;0;0;falling;12:17:10;2290;428;414;14;6.4554;32.277;Active;
30/09/2023;10:39:00;RA;150;discharge;Hanna;7294;0;0;falling;12:17:15;2295;428;414;14;6.4554;32.277;Active;
30/09/2023;10:39:00;RA;150;discharge;Hanna;7294;0;0;falling;12:17:20;2300;428;414;14;6.4554;32.277;Active;
30/09/2023;10:39:00;RA;150;discharge;Hanna;7294;0;0;falling;12:17:25;2305;428;414;14;6.4554;32.277;Active;
30/09/2023;10:39:00;RA;150;discharge;Hanna;7294;0;0;falling;12:17:30;2310;427;414;13;5.9943;29.9715;Active;
30/09/2023;10:39:00;RA;150;discharge;Hanna;7294;0;0;falling;12:17:35;2315;428;414;14;6.4554;32.277;Active;
30/09/2023;10:39:00;RA;150;discharge;Hanna;7294;0;0;falling;12:17:40;2320;428;414;14;6.4554;32.277;Active;
30/09/2023;10:39:00;RA;150;discharge;Hanna;7294;0;0;falling;12:17:45;2325;428;414;14;6.4554;32.277;Active;
30/09/2023;10:39:00;RA;150;discharge;Hanna;7294;0;0;falling;12:17:50;2330;428;414;14;6.4554;32.277;Active;
30/09/2023;10:39:00;RA;150;discharge;Hanna;7294;0;0;falling;12:17:55;2335;428;414;14;6.4554;32.277;Active;
30/09/2023;10:39:00;RA;150;discharge;Hanna;7294;0;0;falling;12:18:00;2340;428;414;14;6.4554;32.277;Active;
30/09/2023;10:39:00;RA;150;discharge;Hanna;7294;0;0;falling;12:18:05;2345;428;414;14;6.4554;32.277;Active;
30/09/2023;10:39:00;RA;150;discharge;Hanna;7294;0;0;falling;12:18:10;2350;428;414;14;6.4554;32.277;Active;
30/09/2023;10:39:00;RA;150;discharge;Hanna;7294;0;0;falling;12:18:15;2355;428;414;14;6.4554;32.277;Active;
30/09/2023;10:39:00;RA;150;discharge;Hanna;7294;0;0;falling;12:18:20;2360;428;414;14;6.4554;32.277;Active;
30/09/2023;10:39:00;RA;150;discharge;Hanna;7294;0;0;falling;12:18:25;2365;428;414;14;6.4554;32.277;Active;
30/09/2023;10:39:00;RA;150;discharge;Hanna;7294;0;0;falling;12:18:30;2370;428;414;14;6.4554;32.277;Active;
30/09/2023;10:39:00;RA;150;discharge;Hanna;7294;0;0;falling;12:18:35;2375;428;414;14;6.4554;32.277;Active;
30/09/2023;10:39:00;RA;150;discharge;Hanna;7294;0;0;falling;12:18:40;2380;428;414;14;6.4554;32.277;Active;
30/09/2023;10:39:00;RA;150;discharge;Hanna;7294;0;0;falling;12:18:45;2385;428;414;14;6.4554;32.277;Active;
30/09/2023;10:39:00;RA;150;discharge;Hanna;7294;0;0;falling;12:18:50;2390;428;414;14;6.4554;32.277;Active;
30/09/2023;10:39:00;RA;150;discharge;Hanna;7294;0;0;falling;12:18:55;2395;428;414;14;6.4554;32.277;Active;
30/09/2023;10:39:00;RA;150;discharge;Hanna;7294;0;0;falling;12:19:00;2400;428;414;14;6.4554;32.277;Active;
30/09/2023;10:39:00;RA;150;discharge;Hanna;7294;0;0;falling;12:19:05;2405;428;414;14;6.4554;32.277;Active;
30/09/2023;10:39:00;RA;150;discharge;Hanna;7294;0;0;falling;12:19:10;2410;428;414;14;6.4554;32.277;Active;
30/09/2023;10:39:00;RA;150;discharge;Hanna;7294;0;0;falling;12:19:15;2415;428;414;14;6.4554;32.277;Active;
30/09/2023;10:39:00;RA;150;discharge;Hanna;7294;0;0;falling;12:19:20;2420;428;414;14;6.4554;32.277;Active;
30/09/2023;10:39:00;RA;150;discharge;Hanna;7294;0;0;falling;12:19:25;2425;428;414;14;6.4554;32.277;Active;
30/09/2023;10:39:00;RA;150;discharge;Hanna;7294;0;0;falling;12:19:30;2430;428;414;14;6.4554;32.277;Active;
30/09/2023;10:39:00;RA;150;discharge;Hanna;7294;0;0;falling;12:19:35;2435;428;414;14;6.4554;32.277;Active;
30/09/2023;10:39:00;RA;150;discharge;Hanna;7294;0;0;falling;12:19:40;2440;428;414;14;6.4554;32.277;Active;
30/09/2023;10:39:00;RA;150;discharge;Hanna;7294;0;0;falling;12:19:45;2445;428;414;14;6.4554;32.277;Active;
30/09/2023;10:39:00;RA;150;discharge;Hanna;7294;0;0;falling;12:19:50;2450;428;414;14;6.4554;32.277;Active;
30/09/2023;10:39:00;RA;150;discharge;Hanna;7294;0;0;falling;12:19:55;2455;428;414;14;6.4554;32.277;Active;
30/09/2023;10:39:00;RA;150;discharge;Hanna;7294;0;0;falling;12:20:00;2460;428;414;14;6.4554;32.277;Active;
30/09/2023;10:39:00;RA;150;discharge;Hanna;7294;0;0;falling;12:20:05;2465;428;414;14;6.4554;32.277;Active;
30/09/2023;10:39:00;RA;150;discharge;Hanna;7294;0;0;falling;12:20:10;2470;428;414;14;6.4554;32.277;Active;
30/09/2023;10:39:00;RA;150;discharge;Hanna;7294;0;0;falling;12:20:15;2475;428;414;14;6.4554;32.277;Active;
30/09/2023;10:39:00;RA;150;discharge;Hanna;7294;0;0;falling;12:20:20;2480;428;414;14;6.4554;32.277;Active;
30/09/2023;10:39:00;RA;150;discharge;Hanna;7294;0;0;falling;12:20:25;2485;428;414;14;6.4554;32.277;Active;
30/09/2023;10:39:00;RA;150;discharge;Hanna;7294;0;0;falling;12:20:30;2490;428;414;14;6.4554;32.277;Active;
30/09/2023;10:39:00;RA;150;discharge;Hanna;7294;0;0;falling;12:20:35;2495;428;414;14;6.4554;32.277;Active;
30/09/2023;10:39:00;RA;150;discharge;Hanna;7294;0;0;falling;12:20:40;2500;428;414;14;6.4554;32.277;Active;
30/09/2023;10:39:00;RA;150;discharge;Hanna;7294;0;0;falling;12:20:45;2505;428;414;14;6.4554;32.277;Active;
30/09/2023;10:39:00;RA;150;discharge;Hanna;7294;0;0;falling;12:20:50;2510;428;414;14;6.4554;32.277;Active;
30/09/2023;10:39:00;RA;150;discharge;Hanna;7294;0;0;falling;12:20:55;2515;428;414;14;6.4554;32.277;Active;
30/09/2023;10:39:00;RA;150;discharge;Hanna;7294;0;0;falling;12:21:00;2520;428;414;14;6.4554;32.277;Active;
30/09/2023;10:39:00;RA;150;discharge;Hanna;7294;0;0;falling;12:21:05;2525;428;414;14;6.4554;32.277;Active;
30/09/2023;10:39:00;RA;150;discharge;Hanna;7294;0;0;falling;12:21:10;2530;428;414;14;6.4554;32.277;Active;
30/09/2023;10:39:00;RA;150;discharge;Hanna;7294;0;0;falling;12:21:15;2535;428;414;14;6.4554;32.277;Active;
30/09/2023;10:39:00;RA;150;discharge;Hanna;7294;0;0;falling;12:21:20;2540;428;414;14;6.4554;32.277;Active;
30/09/2023;10:39:00;RA;150;discharge;Hanna;7294;0;0;falling;12:21:25;2545;428;414;14;6.4554;32.277;Active;
30/09/2023;10:39:00;RA;150;discharge;Hanna;7294;0;0;falling;12:21:30;2550;428;414;14;6.4554;32.277;Active;
30/09/2023;10:39:00;RA;150;discharge;Hanna;7294;0;0;falling;12:21:35;2555;428;414;14;6.4554;32.277;Active;
30/09/2023;10:39:00;RA;150;discharge;Hanna;7294;0;0;falling;12:21:40;2560;428;414;14;6.4554;32.277;Active;
30/09/2023;10:39:00;RA;150;discharge;Hanna;7294;0;0;falling;12:21:45;2565;428;414;14;6.4554;32.277;Active;
30/09/2023;10:39:00;RA;150;discharge;Hanna;7294;0;0;falling;12:21:50;2570;427;414;13;5.9943;29.9715;Active;
30/09/2023;10:39:00;RA;150;discharge;Hanna;7294;0;0;falling;12:21:55;2575;427;414;13;5.9943;29.9715;Active;
30/09/2023;10:39:00;RA;150;discharge;Hanna;7294;0;0;falling;12:22:00;2580;427;414;13;5.9943;29.9715;Active;
30/09/2023;10:39:00;RA;150;discharge;Hanna;7294;0;0;falling;12:22:05;2585;428;414;14;6.4554;32.277;Active;
30/09/2023;10:39:00;RA;150;discharge;Hanna;7294;0;0;falling;12:22:10;2590;428;414;14;6.4554;32.277;Active;
30/09/2023;10:39:00;RA;150;discharge;Hanna;7294;0;0;falling;12:22:15;2595;428;414;14;6.4554;32.277;Active;
30/09/2023;10:39:00;RA;150;discharge;Hanna;7294;0;0;falling;12:22:20;2600;428;414;14;6.4554;32.277;Active;
30/09/2023;10:39:00;RA;150;discharge;Hanna;7294;0;0;falling;12:22:25;2605;428;414;14;6.4554;32.277;Active;
30/09/2023;10:39:00;RA;150;discharge;Hanna;7294;0;0;falling;12:22:30;2610;428;414;14;6.4554;32.277;Active;
30/09/2023;10:39:00;RA;150;discharge;Hanna;7294;0;0;falling;12:22:35;2615;427;414;13;5.9943;29.9715;Active;
30/09/2023;10:39:00;RA;150;discharge;Hanna;7294;0;0;falling;12:22:40;2620;427;414;13;5.9943;29.9715;Active;
30/09/2023;10:39:00;RA;150;discharge;Hanna;7294;0;0;falling;12:22:45;2625;427;414;13;5.9943;29.9715;Active;
30/09/2023;10:39:00;RA;150;discharge;Hanna;7294;0;0;falling;12:22:50;2630;427;414;13;5.9943;29.9715;Active;
30/09/2023;10:39:00;RA;150;discharge;Hanna;7294;0;0;falling;12:22:55;2635;427;414;13;5.9943;29.9715;Active;
30/09/2023;10:39:00;RA;150;discharge;Hanna;7294;0;0;falling;12:23:00;2640;427;414;13;5.9943;29.9715;Active;
30/09/2023;10:39:00;RA;150;discharge;Hanna;7294;0;0;falling;12:23:05;2645;427;414;13;5.9943;29.9715;Active;
30/09/2023;10:39:00;RA;150;discharge;Hanna;7294;0;0;falling;12:23:10;2650;427;414;13;5.9943;29.9715;Active;
30/09/2023;10:39:00;RA;150;discharge;Hanna;7294;0;0;falling;12:23:15;2655;427;414;13;5.9943;29.9715;Active;
30/09/2023;10:39:00;RA;150;discharge;Hanna;7294;0;0;falling;12:23:20;2660;427;414;13;5.9943;29.9715;Active;
30/09/2023;10:39:00;RA;150;discharge;Hanna;7294;0;0;falling;12:23:25;2665;427;414;13;5.9943;29.9715;Active;
30/09/2023;10:39:00;RA;150;discharge;Hanna;7294;0;0;falling;12:23:30;2670;427;414;13;5.9943;29.9715;Active;
30/09/2023;10:39:00;RA;150;discharge;Hanna;7294;0;0;falling;12:23:35;2675;427;414;13;5.9943;29.9715;Active;
30/09/2023;10:39:00;RA;150;discharge;Hanna;7294;0;0;falling;12:23:40;2680;427;414;13;5.9943;29.9715;Active;
30/09/2023;10:39:00;RA;150;discharge;Hanna;7294;0;0;falling;12:23:45;2685;427;414;13;5.9943;29.9715;Active;
30/09/2023;10:39:00;RA;150;discharge;Hanna;7294;0;0;falling;12:23:50;2690;427;414;13;5.9943;29.9715;Active;
30/09/2023;10:39:00;RA;150;discharge;Hanna;7294;0;0;falling;12:23:55;2695;427;414;13;5.9943;29.9715;Active;
30/09/2023;10:39:00;RA;150;discharge;Hanna;7294;0;0;falling;12:24:00;2700;427;414;13;5.9943;29.9715;Active;
30/09/2023;10:39:00;RA;150;discharge;Hanna;7294;0;0;falling;12:24:05;2705;427;414;13;5.9943;29.9715;Active;
30/09/2023;10:39:00;RA;150;discharge;Hanna;7294;0;0;falling;12:24:10;2710;427;414;13;5.9943;29.9715;Active;
30/09/2023;10:39:00;RA;150;discharge;Hanna;7294;0;0;falling;12:24:15;2715;427;414;13;5.9943;29.9715;Active;
30/09/2023;10:39:00;RA;150;discharge;Hanna;7294;0;0;falling;12:24:20;2720;427;414;13;5.9943;29.9715;Active;
30/09/2023;10:39:00;RA;150;discharge;Hanna;7294;0;0;falling;12:24:25;2725;427;414;13;5.9943;29.9715;Active;
30/09/2023;10:39:00;RA;150;discharge;Hanna;7294;0;0;falling;12:24:30;2730;427;414;13;5.9943;29.9715;Active;
30/09/2023;10:39:00;RA;150;discharge;Hanna;7294;0;0;falling;12:24:35;2735;427;414;13;5.9943;29.9715;Active;
30/09/2023;10:39:00;RA;150;discharge;Hanna;7294;0;0;falling;12:24:40;2740;427;414;13;5.9943;29.9715;Active;
30/09/2023;10:39:00;RA;150;discharge;Hanna;7294;0;0;falling;12:24:45;2745;427;414;13;5.9943;29.9715;Active;
30/09/2023;10:39:00;RA;150;discharge;Hanna;7294;0;0;falling;12:24:50;2750;427;414;13;5.9943;29.9715;Active;
30/09/2023;10:39:00;RA;150;discharge;Hanna;7294;0;0;falling;12:24:55;2755;427;414;13;5.9943;29.9715;Active;
30/09/2023;10:39:00;RA;150;discharge;Hanna;7294;0;0;falling;12:25:00;2760;427;414;13;5.9943;29.9715;Active;
30/09/2023;10:39:00;RA;150;discharge;Hanna;7294;0;0;falling;12:25:05;2765;427;414;13;5.9943;29.9715;Active;
30/09/2023;10:39:00;RA;150;discharge;Hanna;7294;0;0;falling;12:25:10;2770;427;414;13;5.9943;29.9715;Active;
30/09/2023;10:39:00;RA;150;discharge;Hanna;7294;0;0;falling;12:25:15;2775;427;414;13;5.9943;29.9715;Active;
30/09/2023;10:39:00;RA;150;discharge;Hanna;7294;0;0;falling;12:25:20;2780;427;414;13;5.9943;29.9715;Active;
30/09/2023;10:39:00;RA;150;discharge;Hanna;7294;0;0;falling;12:25:25;2785;427;414;13;5.9943;29.9715;Active;
30/09/2023;10:39:00;RA;150;discharge;Hanna;7294;0;0;falling;12:25:30;2790;427;414;13;5.9943;29.9715;Active;
30/09/2023;10:39:00;RA;150;discharge;Hanna;7294;0;0;falling;12:25:35;2795;427;414;13;5.9943;29.9715;Active;
30/09/2023;10:39:00;RA;150;discharge;Hanna;7294;0;0;falling;12:25:40;2800;427;414;13;5.9943;29.9715;Active;
30/09/2023;10:39:00;RA;150;discharge;Hanna;7294;0;0;falling;12:25:45;2805;427;414;13;5.9943;29.9715;Active;
30/09/2023;10:39:00;RA;150;discharge;Hanna;7294;0;0;falling;12:25:50;2810;427;414;13;5.9943;29.9715;Active;
30/09/2023;10:39:00;RA;150;discharge;Hanna;7294;0;0;falling;12:25:55;2815;427;414;13;5.9943;29.9715;Active;
30/09/2023;10:39:00;RA;150;discharge;Hanna;7294;0;0;falling;12:26:00;2820;427;414;13;5.9943;29.9715;Active;
30/09/2023;10:39:00;RA;150;discharge;Hanna;7294;0;0;falling;12:26:05;2825;427;414;13;5.9943;29.9715;Active;
30/09/2023;10:39:00;RA;150;discharge;Hanna;7294;0;0;falling;12:26:10;2830;427;414;13;5.9943;29.9715;Active;
30/09/2023;10:39:00;RA;150;discharge;Hanna;7294;0;0;falling;12:26:15;2835;427;414;13;5.9943;29.9715;Active;
30/09/2023;10:39:00;RA;150;discharge;Hanna;7294;0;0;falling;12:26:20;2840;427;414;13;5.9943;29.9715;Active;
30/09/2023;10:39:00;RA;150;discharge;Hanna;7294;0;0;falling;12:26:25;2845;427;414;13;5.9943;29.9715;Active;
30/09/2023;10:39:00;RA;150;discharge;Hanna;7294;0;0;falling;12:26:30;2850;427;414;13;5.9943;29.9715;Active;
30/09/2023;10:39:00;RA;150;discharge;Hanna;7294;0;0;falling;12:26:35;2855;427;414;13;5.9943;29.9715;Active;
30/09/2023;10:39:00;RA;150;discharge;Hanna;7294;0;0;falling;12:26:40;2860;427;414;13;5.9943;29.9715;Active;
30/09/2023;10:39:00;RA;150;discharge;Hanna;7294;0;0;falling;12:26:45;2865;427;414;13;5.9943;29.9715;Active;
30/09/2023;10:39:00;RA;150;discharge;Hanna;7294;0;0;falling;12:26:50;2870;427;414;13;5.9943;29.9715;Active;
30/09/2023;10:39:00;RA;150;discharge;Hanna;7294;0;0;falling;12:26:55;2875;427;414;13;5.9943;29.9715;Active;
30/09/2023;10:39:00;RA;150;discharge;Hanna;7294;0;0;falling;12:27:00;2880;427;414;13;5.9943;29.9715;Active;
30/09/2023;10:39:00;RA;150;discharge;Hanna;7294;0;0;falling;12:27:05;2885;426;414;12;5.5332;27.666;Active;
30/09/2023;10:39:00;RA;150;discharge;Hanna;7294;0;0;falling;12:27:10;2890;426;414;12;5.5332;27.666;Active;
30/09/2023;10:39:00;RA;150;discharge;Hanna;7294;0;0;falling;12:27:15;2895;427;414;13;5.9943;29.9715;Active;
30/09/2023;10:39:00;RA;150;discharge;Hanna;7294;0;0;falling;12:27:20;2900;427;414;13;5.9943;29.9715;Active;
30/09/2023;10:39:00;RA;150;discharge;Hanna;7294;0;0;falling;12:27:25;2905;427;414;13;5.9943;29.9715;Active;
30/09/2023;10:39:00;RA;150;discharge;Hanna;7294;0;0;falling;12:27:30;2910;427;414;13;5.9943;29.9715;Active;
30/09/2023;10:39:00;RA;150;discharge;Hanna;7294;0;0;falling;12:27:35;2915;427;414;13;5.9943;29.9715;Active;
30/09/2023;10:39:00;RA;150;discharge;Hanna;7294;0;0;falling;12:27:40;2920;427;414;13;5.9943;29.9715;Active;
30/09/2023;10:39:00;RA;150;discharge;Hanna;7294;0;0;falling;12:27:45;2925;427;414;13;5.9943;29.9715;Active;
30/09/2023;10:39:00;RA;150;discharge;Hanna;7294;0;0;falling;12:27:50;2930;427;414;13;5.9943;29.9715;Active;
30/09/2023;10:39:00;RA;150;discharge;Hanna;7294;0;0;falling;12:27:55;2935;427;414;13;5.9943;29.9715;Active;
30/09/2023;10:39:00;RA;150;discharge;Hanna;7294;0;0;falling;12:28:00;2940;427;414;13;5.9943;29.9715;Active;
30/09/2023;10:39:00;RA;150;discharge;Hanna;7294;0;0;falling;12:28:05;2945;426;414;12;5.5332;27.666;Active;
30/09/2023;10:39:00;RA;150;discharge;Hanna;7294;0;0;falling;12:28:10;2950;426;414;12;5.5332;27.666;Active;
30/09/2023;10:39:00;RA;150;discharge;Hanna;7294;0;0;falling;12:28:15;2955;427;414;13;5.9943;29.9715;Active;
30/09/2023;10:39:00;RA;150;discharge;Hanna;7294;0;0;falling;12:28:20;2960;427;414;13;5.9943;29.9715;Active;
30/09/2023;10:39:00;RA;150;discharge;Hanna;7294;0;0;falling;12:28:25;2965;426;414;12;5.5332;27.666;Active;
30/09/2023;10:39:00;RA;150;discharge;Hanna;7294;0;0;falling;12:28:30;2970;427;414;13;5.9943;29.9715;Active;
30/09/2023;10:39:00;RA;150;discharge;Hanna;7294;0;0;falling;12:28:35;2975;427;414;13;5.9943;29.9715;Active;
30/09/2023;10:39:00;RA;150;discharge;Hanna;7294;0;0;falling;12:28:40;2980;427;414;13;5.9943;29.9715;Active;
30/09/2023;10:39:00;RA;150;discharge;Hanna;7294;0;0;falling;12:28:45;2985;427;414;13;5.9943;29.9715;Active;
30/09/2023;10:39:00;RA;150;discharge;Hanna;7294;0;0;falling;12:28:50;2990;426;414;12;5.5332;27.666;Active;
30/09/2023;10:39:00;RA;150;discharge;Hanna;7294;0;0;falling;12:28:55;2995;426;414;12;5.5332;27.666;Active;
30/09/2023;10:39:00;RA;150;discharge;Hanna;7294;0;0;falling;12:29:00;3000;427;414;13;5.9943;29.9715;Active;
30/09/2023;10:39:00;RA;150;discharge;Hanna;7294;0;0;falling;12:29:05;3005;427;414;13;5.9943;29.9715;Active;
30/09/2023;10:39:00;RA;150;discharge;Hanna;7294;0;0;falling;12:29:10;3010;426;414;12;5.5332;27.666;Active;
30/09/2023;10:39:00;RA;150;discharge;Hanna;7294;0;0;falling;12:29:15;3015;426;414;12;5.5332;27.666;Active;
30/09/2023;10:39:00;RA;150;discharge;Hanna;7294;0;0;falling;12:29:20;3020;426;414;12;5.5332;27.666;Active;
30/09/2023;10:39:00;RA;150;discharge;Hanna;7294;0;0;falling;12:29:25;3025;426;414;12;5.5332;27.666;Active;
30/09/2023;10:39:00;RA;150;discharge;Hanna;7294;0;0;falling;12:29:30;3030;426;414;12;5.5332;27.666;Active;
30/09/2023;10:39:00;RA;150;discharge;Hanna;7294;0;0;falling;12:29:35;3035;426;414;12;5.5332;27.666;Active;
30/09/2023;10:39:00;RA;150;discharge;Hanna;7294;0;0;falling;12:29:40;3040;426;414;12;5.5332;27.666;Active;
30/09/2023;10:39:00;RA;150;discharge;Hanna;7294;0;0;falling;12:29:45;3045;426;414;12;5.5332;27.666;Active;
30/09/2023;10:39:00;RA;150;discharge;Hanna;7294;0;0;falling;12:29:50;3050;425;414;11;5.0721;25.3605;Active;
30/09/2023;10:39:00;RA;150;discharge;Hanna;7294;0;0;falling;12:29:55;3055;426;414;12;5.5332;27.666;Active;
30/09/2023;10:39:00;RA;150;discharge;Hanna;7294;0;0;falling;12:30:00;3060;426;414;12;5.5332;27.666;Active;
30/09/2023;10:39:00;RA;150;discharge;Hanna;7294;0;0;falling;12:30:05;3065;426;414;12;5.5332;27.666;Active;
30/09/2023;10:39:00;RA;150;discharge;Hanna;7294;0;0;falling;12:30:10;3070;425;414;11;5.0721;25.3605;Active;
30/09/2023;10:39:00;RA;150;discharge;Hanna;7294;0;0;falling;12:30:15;3075;426;414;12;5.5332;27.666;Active;
30/09/2023;10:39:00;RA;150;discharge;Hanna;7294;0;0;falling;12:30:20;3080;426;414;12;5.5332;27.666;Active;
30/09/2023;10:39:00;RA;150;discharge;Hanna;7294;0;0;falling;12:30:25;3085;426;414;12;5.5332;27.666;Active;
30/09/2023;10:39:00;RA;150;discharge;Hanna;7294;0;0;falling;12:30:30;3090;425;414;11;5.0721;25.3605;Active;
30/09/2023;10:39:00;RA;150;discharge;Hanna;7294;0;0;falling;12:30:35;3095;425;414;11;5.0721;25.3605;Active;
30/09/2023;10:39:00;RA;150;discharge;Hanna;7294;0;0;falling;12:30:40;3100;425;414;11;5.0721;25.3605;Active;
30/09/2023;10:39:00;RA;150;discharge;Hanna;7294;0;0;falling;12:30:45;3105;426;414;12;5.5332;27.666;Active;
30/09/2023;10:39:00;RA;150;discharge;Hanna;7294;0;0;falling;12:30:50;3110;426;414;12;5.5332;27.666;Active;
30/09/2023;10:39:00;RA;150;discharge;Hanna;7294;0;0;falling;12:30:55;3115;426;414;12;5.5332;27.666;Active;
30/09/2023;10:39:00;RA;150;discharge;Hanna;7294;0;0;falling;12:31:00;3120;426;414;12;5.5332;27.666;Active;
30/09/2023;10:39:00;RA;150;discharge;Hanna;7294;0;0;falling;12:31:05;3125;426;414;12;5.5332;27.666;Active;
30/09/2023;10:39:00;RA;150;discharge;Hanna;7294;0;0;falling;12:31:10;3130;426;414;12;5.5332;27.666;Active;
30/09/2023;10:39:00;RA;150;discharge;Hanna;7294;0;0;falling;12:31:15;3135;426;414;12;5.5332;27.666;Active;
30/09/2023;10:39:00;RA;150;discharge;Hanna;7294;0;0;falling;12:31:20;3140;426;414;12;5.5332;27.666;Active;
30/09/2023;10:39:00;RA;150;discharge;Hanna;7294;0;0;falling;12:31:25;3145;426;414;12;5.5332;27.666;Active;
30/09/2023;10:39:00;RA;150;discharge;Hanna;7294;0;0;falling;12:31:30;3150;425;414;11;5.0721;25.3605;Active;
30/09/2023;10:39:00;RA;150;discharge;Hanna;7294;0;0;falling;12:31:35;3155;425;414;11;5.0721;25.3605;Active;
30/09/2023;10:39:00;RA;150;discharge;Hanna;7294;0;0;falling;12:31:40;3160;425;414;11;5.0721;25.3605;Active;
30/09/2023;10:39:00;RA;150;discharge;Hanna;7294;0;0;falling;12:31:45;3165;425;414;11;5.0721;25.3605;Active;
30/09/2023;10:39:00;RA;150;discharge;Hanna;7294;0;0;falling;12:31:50;3170;426;414;12;5.5332;27.666;Active;
30/09/2023;10:39:00;RA;150;discharge;Hanna;7294;0;0;falling;12:31:55;3175;426;414;12;5.5332;27.666;Active;
30/09/2023;10:39:00;RA;150;discharge;Hanna;7294;0;0;falling;12:32:00;3180;425;414;11;5.0721;25.3605;Active;
30/09/2023;10:39:00;RA;150;discharge;Hanna;7294;0;0;falling;12:32:05;3185;425;414;11;5.0721;25.3605;Active;
30/09/2023;10:39:00;RA;150;discharge;Hanna;7294;0;0;falling;12:32:10;3190;425;414;11;5.0721;25.3605;Active;
30/09/2023;10:39:00;RA;150;discharge;Hanna;7294;0;0;falling;12:32:15;3195;425;414;11;5.0721;25.3605;Active;
30/09/2023;10:39:00;RA;150;discharge;Hanna;7294;0;0;falling;12:32:20;3200;426;414;12;5.5332;27.666;Active;
30/09/2023;10:39:00;RA;150;discharge;Hanna;7294;0;0;falling;12:32:25;3205;425;414;11;5.0721;25.3605;Active;
30/09/2023;10:39:00;RA;150;discharge;Hanna;7294;0;0;falling;12:32:30;3210;425;414;11;5.0721;25.3605;Active;
30/09/2023;10:39:00;RA;150;discharge;Hanna;7294;0;0;falling;12:32:35;3215;425;414;11;5.0721;25.3605;Active;
30/09/2023;10:39:00;RA;150;discharge;Hanna;7294;0;0;falling;12:32:40;3220;425;414;11;5.0721;25.3605;Active;
30/09/2023;10:39:00;RA;150;discharge;Hanna;7294;0;0;falling;12:32:45;3225;425;414;11;5.0721;25.3605;Active;
30/09/2023;10:39:00;RA;150;discharge;Hanna;7294;0;0;falling;12:32:50;3230;426;414;12;5.5332;27.666;Active;
30/09/2023;10:39:00;RA;150;discharge;Hanna;7294;0;0;falling;12:32:55;3235;426;414;12;5.5332;27.666;Active;
30/09/2023;10:39:00;RA;150;discharge;Hanna;7294;0;0;falling;12:33:00;3240;425;414;11;5.0721;25.3605;Active;
30/09/2023;10:39:00;RA;150;discharge;Hanna;7294;0;0;falling;12:33:05;3245;425;414;11;5.0721;25.3605;Active;
30/09/2023;10:39:00;RA;150;discharge;Hanna;7294;0;0;falling;12:33:10;3250;425;414;11;5.0721;25.3605;Active;
30/09/2023;10:39:00;RA;150;discharge;Hanna;7294;0;0;falling;12:33:15;3255;424;414;10;4.611;23.055;Active;
30/09/2023;10:39:00;RA;150;discharge;Hanna;7294;0;0;falling;12:33:20;3260;424;414;10;4.611;23.055;Active;
30/09/2023;10:39:00;RA;150;discharge;Hanna;7294;0;0;falling;12:33:25;3265;424;414;10;4.611;23.055;Active;
30/09/2023;10:39:00;RA;150;discharge;Hanna;7294;0;0;falling;12:33:30;3270;424;414;10;4.611;23.055;Active;
30/09/2023;10:39:00;RA;150;discharge;Hanna;7294;0;0;falling;12:33:35;3275;424;414;10;4.611;23.055;Active;
30/09/2023;10:39:00;RA;150;discharge;Hanna;7294;0;0;falling;12:33:40;3280;425;414;11;5.0721;25.3605;Active;
30/09/2023;10:39:00;RA;150;discharge;Hanna;7294;0;0;falling;12:33:45;3285;425;414;11;5.0721;25.3605;Active;
30/09/2023;10:39:00;RA;150;discharge;Hanna;7294;0;0;falling;12:33:50;3290;425;414;11;5.0721;25.3605;Active;
30/09/2023;10:39:00;RA;150;discharge;Hanna;7294;0;0;falling;12:33:55;3295;425;414;11;5.0721;25.3605;Active;
30/09/2023;10:39:00;RA;150;discharge;Hanna;7294;0;0;falling;12:34:00;3300;426;414;12;5.5332;27.666;Active;
30/09/2023;10:39:00;RA;150;discharge;Hanna;7294;0;0;falling;12:34:05;3305;426;414;12;5.5332;27.666;Active;
30/09/2023;10:39:00;RA;150;discharge;Hanna;7294;0;0;falling;12:34:10;3310;426;414;12;5.5332;27.666;Active;
30/09/2023;10:39:00;RA;150;discharge;Hanna;7294;0;0;falling;12:34:15;3315;425;414;11;5.0721;25.3605;Active;
30/09/2023;10:39:00;RA;150;discharge;Hanna;7294;0;0;falling;12:34:20;3320;425;414;11;5.0721;25.3605;Active;
30/09/2023;10:39:00;RA;150;discharge;Hanna;7294;0;0;falling;12:34:25;3325;424;414;10;4.611;23.055;Active;
30/09/2023;10:39:00;RA;150;discharge;Hanna;7294;0;0;falling;12:34:30;3330;424;414;10;4.611;23.055;Active;
30/09/2023;10:39:00;RA;150;discharge;Hanna;7294;0;0;falling;12:34:35;3335;425;414;11;5.0721;25.3605;Active;
30/09/2023;10:39:00;RA;150;discharge;Hanna;7294;0;0;falling;12:34:40;3340;425;414;11;5.0721;25.3605;Active;
30/09/2023;10:39:00;RA;150;discharge;Hanna;7294;0;0;falling;12:34:45;3345;425;414;11;5.0721;25.3605;Active;
30/09/2023;10:39:00;RA;150;discharge;Hanna;7294;0;0;falling;12:34:50;3350;424;414;10;4.611;23.055;Active;
30/09/2023;10:39:00;RA;150;discharge;Hanna;7294;0;0;falling;12:34:55;3355;425;414;11;5.0721;25.3605;Active;
30/09/2023;10:39:00;RA;150;discharge;Hanna;7294;0;0;falling;12:35:00;3360;425;414;11;5.0721;25.3605;Active;
30/09/2023;10:39:00;RA;150;discharge;Hanna;7294;0;0;falling;12:35:05;3365;425;414;11;5.0721;25.3605;Active;
30/09/2023;10:39:00;RA;150;discharge;Hanna;7294;0;0;falling;12:35:10;3370;425;414;11;5.0721;25.3605;Active;
30/09/2023;10:39:00;RA;150;discharge;Hanna;7294;0;0;falling;12:35:15;3375;425;414;11;5.0721;25.3605;Active;
30/09/2023;10:39:00;RA;150;discharge;Hanna;7294;0;0;falling;12:35:20;3380;425;414;11;5.0721;25.3605;Active;
30/09/2023;10:39:00;RA;150;discharge;Hanna;7294;0;0;falling;12:35:25;3385;424;414;10;4.611;23.055;Active;
30/09/2023;10:39:00;RA;150;discharge;Hanna;7294;0;0;falling;12:35:30;3390;424;414;10;4.611;23.055;Active;
30/09/2023;10:39:00;RA;150;discharge;Hanna;7294;0;0;falling;12:35:35;3395;424;414;10;4.611;23.055;Active;
30/09/2023;10:39:00;RA;150;discharge;Hanna;7294;0;0;falling;12:35:40;3400;424;414;10;4.611;23.055;Active;
30/09/2023;10:39:00;RA;150;discharge;Hanna;7294;0;0;falling;12:35:45;3405;424;414;10;4.611;23.055;Active;
30/09/2023;10:39:00;RA;150;discharge;Hanna;7294;0;0;falling;12:35:50;3410;424;414;10;4.611;23.055;Active;
30/09/2023;10:39:00;RA;150;discharge;Hanna;7294;0;0;falling;12:35:55;3415;424;414;10;4.611;23.055;Active;
30/09/2023;10:39:00;RA;150;discharge;Hanna;7294;0;0;falling;12:36:00;3420;424;414;10;4.611;23.055;Active;
30/09/2023;10:39:00;RA;150;discharge;Hanna;7294;0;0;falling;12:36:05;3425;424;414;10;4.611;23.055;Active;
30/09/2023;10:39:00;RA;150;discharge;Hanna;7294;0;0;falling;12:36:10;3430;423;414;9;4.1499;20.7495;Active;
30/09/2023;10:39:00;RA;150;discharge;Hanna;7294;0;0;falling;12:36:15;3435;423;414;9;4.1499;20.7495;Active;
30/09/2023;10:39:00;RA;150;discharge;Hanna;7294;0;0;falling;12:36:20;3440;424;414;10;4.611;23.055;Active;
30/09/2023;10:39:00;RA;150;discharge;Hanna;7294;0;0;falling;12:36:25;3445;424;414;10;4.611;23.055;Active;
30/09/2023;10:39:00;RA;150;discharge;Hanna;7294;0;0;falling;12:36:30;3450;424;414;10;4.611;23.055;Active;
30/09/2023;10:39:00;RA;150;discharge;Hanna;7294;0;0;falling;12:36:35;3455;424;414;10;4.611;23.055;Active;
30/09/2023;10:39:00;RA;150;discharge;Hanna;7294;0;0;falling;12:36:40;3460;424;414;10;4.611;23.055;Active;
30/09/2023;10:39:00;RA;150;discharge;Hanna;7294;0;0;falling;12:36:45;3465;424;414;10;4.611;23.055;Active;
30/09/2023;10:39:00;RA;150;discharge;Hanna;7294;0;0;falling;12:36:50;3470;424;414;10;4.611;23.055;Active;
30/09/2023;10:39:00;RA;150;discharge;Hanna;7294;0;0;falling;12:36:55;3475;424;414;10;4.611;23.055;Active;
30/09/2023;10:39:00;RA;150;discharge;Hanna;7294;0;0;falling;12:37:00;3480;424;414;10;4.611;23.055;Active;
30/09/2023;10:39:00;RA;150;discharge;Hanna;7294;0;0;falling;12:37:05;3485;424;414;10;4.611;23.055;Active;
30/09/2023;10:39:00;RA;150;discharge;Hanna;7294;0;0;falling;12:37:10;3490;423;414;9;4.1499;20.7495;Active;
30/09/2023;10:39:00;RA;150;discharge;Hanna;7294;0;0;falling;12:37:15;3495;423;414;9;4.1499;20.7495;Active;
30/09/2023;10:39:00;RA;150;discharge;Hanna;7294;0;0;falling;12:37:20;3500;423;414;9;4.1499;20.7495;Active;
30/09/2023;10:39:00;RA;150;discharge;Hanna;7294;0;0;falling;12:37:25;3505;423;414;9;4.1499;20.7495;Active;
30/09/2023;10:39:00;RA;150;discharge;Hanna;7294;0;0;falling;12:37:30;3510;423;414;9;4.1499;20.7495;Active;
30/09/2023;10:39:00;RA;150;discharge;Hanna;7294;0;0;falling;12:37:35;3515;423;414;9;4.1499;20.7495;Active;
30/09/2023;10:39:00;RA;150;discharge;Hanna;7294;0;0;falling;12:37:40;3520;423;414;9;4.1499;20.7495;Active;
30/09/2023;10:39:00;RA;150;discharge;Hanna;7294;0;0;falling;12:37:45;3525;423;414;9;4.1499;20.7495;Active;
30/09/2023;10:39:00;RA;150;discharge;Hanna;7294;0;0;falling;12:37:50;3530;423;414;9;4.1499;20.7495;Active;
30/09/2023;10:39:00;RA;150;discharge;Hanna;7294;0;0;falling;12:37:55;3535;423;414;9;4.1499;20.7495;Active;
30/09/2023;10:39:00;RA;150;discharge;Hanna;7294;0;0;falling;12:38:00;3540;423;414;9;4.1499;20.7495;Active;
30/09/2023;10:39:00;RA;150;discharge;Hanna;7294;0;0;falling;12:38:05;3545;424;414;10;4.611;23.055;Active;
30/09/2023;10:39:00;RA;150;discharge;Hanna;7294;0;0;falling;12:38:10;3550;424;414;10;4.611;23.055;Active;
30/09/2023;10:39:00;RA;150;discharge;Hanna;7294;0;0;falling;12:38:15;3555;423;414;9;4.1499;20.7495;Active;
30/09/2023;10:39:00;RA;150;discharge;Hanna;7294;0;0;falling;12:38:20;3560;423;414;9;4.1499;20.7495;Active;
30/09/2023;10:39:00;RA;150;discharge;Hanna;7294;0;0;falling;12:38:25;3565;423;414;9;4.1499;20.7495;Active;
30/09/2023;10:39:00;RA;150;discharge;Hanna;7294;0;0;falling;12:38:30;3570;423;414;9;4.1499;20.7495;Active;
30/09/2023;10:39:00;RA;150;discharge;Hanna;7294;0;0;falling;12:38:35;3575;423;414;9;4.1499;20.7495;Active;
30/09/2023;10:39:00;RA;150;discharge;Hanna;7294;0;0;falling;12:38:40;3580;423;414;9;4.1499;20.7495;Active;
30/09/2023;10:39:00;RA;150;discharge;Hanna;7294;0;0;falling;12:38:45;3585;423;414;9;4.1499;20.7495;Active;
30/09/2023;10:39:00;RA;150;discharge;Hanna;7294;0;0;falling;12:38:50;3590;423;414;9;4.1499;20.7495;Active;
30/09/2023;10:39:00;RA;150;discharge;Hanna;7294;0;0;falling;12:38:55;3595;423;414;9;4.1499;20.7495;Active;
30/09/2023;10:39:00;RA;150;discharge;Hanna;7294;0;0;falling;12:39:00;3600;423;414;9;4.1499;20.7495;Active;
30/09/2023;10:39:00;RA;150;discharge;Hanna;7294;0;0;falling;12:39:05;3605;423;414;9;4.1499;20.7495;Active;
30/09/2023;10:39:00;RA;150;discharge;Hanna;7294;0;0;falling;12:39:10;3610;423;414;9;4.1499;20.7495;Active;
30/09/2023;10:39:00;RA;150;discharge;Hanna;7294;0;0;falling;12:39:15;3615;423;414;9;4.1499;20.7495;Active;
30/09/2023;10:39:00;RA;150;discharge;Hanna;7294;0;0;falling;12:39:20;3620;423;414;9;4.1499;20.7495;Active;
30/09/2023;10:39:00;RA;150;discharge;Hanna;7294;0;0;falling;12:39:25;3625;423;414;9;4.1499;20.7495;Active;
30/09/2023;10:39:00;RA;150;discharge;Hanna;7294;0;0;falling;12:39:30;3630;423;414;9;4.1499;20.7495;Active;
30/09/2023;10:39:00;RA;150;discharge;Hanna;7294;0;0;falling;12:39:35;3635;423;414;9;4.1499;20.7495;Active;
30/09/2023;10:39:00;RA;150;discharge;Hanna;7294;0;0;falling;12:39:40;3640;423;414;9;4.1499;20.7495;Active;
30/09/2023;10:39:00;RA;150;discharge;Hanna;7294;0;0;falling;12:39:45;3645;423;414;9;4.1499;20.7495;Active;
30/09/2023;10:39:00;RA;150;discharge;Hanna;7294;0;0;falling;12:39:50;3650;423;414;9;4.1499;20.7495;Active;
30/09/2023;10:39:00;RA;150;discharge;Hanna;7294;0;0;falling;12:39:55;3655;423;414;9;4.1499;20.7495;Active;
30/09/2023;10:39:00;RA;150;discharge;Hanna;7294;0;0;falling;12:40:00;3660;423;414;9;4.1499;20.7495;Active;
30/09/2023;10:39:00;RA;150;discharge;Hanna;7294;0;0;falling;12:40:05;3665;423;414;9;4.1499;20.7495;Active;
30/09/2023;10:39:00;RA;150;discharge;Hanna;7294;0;0;falling;12:40:10;3670;423;414;9;4.1499;20.7495;Active;
30/09/2023;10:39:00;RA;150;discharge;Hanna;7294;0;0;falling;12:40:15;3675;423;414;9;4.1499;20.7495;Active;
30/09/2023;10:39:00;RA;150;discharge;Hanna;7294;0;0;falling;12:40:20;3680;424;414;10;4.611;23.055;Active;
30/09/2023;10:39:00;RA;150;discharge;Hanna;7294;0;0;falling;12:40:25;3685;423;414;9;4.1499;20.7495;Active;
30/09/2023;10:39:00;RA;150;discharge;Hanna;7294;0;0;falling;12:40:30;3690;423;414;9;4.1499;20.7495;Active;
30/09/2023;10:39:00;RA;150;discharge;Hanna;7294;0;0;falling;12:40:35;3695;423;414;9;4.1499;20.7495;Active;
30/09/2023;10:39:00;RA;150;discharge;Hanna;7294;0;0;falling;12:40:40;3700;423;414;9;4.1499;20.7495;Active;
30/09/2023;10:39:00;RA;150;discharge;Hanna;7294;0;0;falling;12:40:45;3705;423;414;9;4.1499;20.7495;Active;
30/09/2023;10:39:00;RA;150;discharge;Hanna;7294;0;0;falling;12:40:50;3710;423;414;9;4.1499;20.7495;Active;
30/09/2023;10:39:00;RA;150;discharge;Hanna;7294;0;0;falling;12:40:55;3715;423;414;9;4.1499;20.7495;Active;
30/09/2023;10:39:00;RA;150;discharge;Hanna;7294;0;0;falling;12:41:00;3720;423;414;9;4.1499;20.7495;Active;
30/09/2023;10:39:00;RA;150;discharge;Hanna;7294;0;0;falling;12:41:05;3725;423;414;9;4.1499;20.7495;Active;
30/09/2023;10:39:00;RA;150;discharge;Hanna;7294;0;0;falling;12:41:10;3730;423;414;9;4.1499;20.7495;Active;
30/09/2023;10:39:00;RA;150;discharge;Hanna;7294;0;0;falling;12:41:15;3735;422;414;8;3.6888;18.444;Active;
30/09/2023;10:39:00;RA;150;discharge;Hanna;7294;0;0;falling;12:41:20;3740;422;414;8;3.6888;18.444;Active;
30/09/2023;10:39:00;RA;150;discharge;Hanna;7294;0;0;falling;12:41:25;3745;422;414;8;3.6888;18.444;Active;
30/09/2023;10:39:00;RA;150;discharge;Hanna;7294;0;0;falling;12:41:30;3750;423;414;9;4.1499;20.7495;Active;
30/09/2023;10:39:00;RA;150;discharge;Hanna;7294;0;0;falling;12:41:35;3755;422;414;8;3.6888;18.444;Active;
30/09/2023;10:39:00;RA;150;discharge;Hanna;7294;0;0;falling;12:41:40;3760;422;414;8;3.6888;18.444;Active;
30/09/2023;10:39:00;RA;150;discharge;Hanna;7294;0;0;falling;12:41:45;3765;422;414;8;3.6888;18.444;Active;
30/09/2023;10:39:00;RA;150;discharge;Hanna;7294;0;0;falling;12:41:50;3770;422;414;8;3.6888;18.444;Active;
30/09/2023;10:39:00;RA;150;discharge;Hanna;7294;0;0;falling;12:41:55;3775;422;414;8;3.6888;18.444;Active;
30/09/2023;10:39:00;RA;150;discharge;Hanna;7294;0;0;falling;12:42:00;3780;422;414;8;3.6888;18.444;Active;
30/09/2023;10:39:00;RA;150;discharge;Hanna;7294;0;0;falling;12:42:05;3785;422;414;8;3.6888;18.444;Active;
30/09/2023;10:39:00;RA;150;discharge;Hanna;7294;0;0;falling;12:42:10;3790;422;414;8;3.6888;18.444;Active;
30/09/2023;10:39:00;RA;150;discharge;Hanna;7294;0;0;falling;12:42:15;3795;422;414;8;3.6888;18.444;Active;
30/09/2023;10:39:00;RA;150;discharge;Hanna;7294;0;0;falling;12:42:20;3800;422;414;8;3.6888;18.444;Active;
30/09/2023;10:39:00;RA;150;discharge;Hanna;7294;0;0;falling;12:42:25;3805;422;414;8;3.6888;18.444;Active;
30/09/2023;10:39:00;RA;150;discharge;Hanna;7294;0;0;falling;12:42:30;3810;422;414;8;3.6888;18.444;Active;
30/09/2023;10:39:00;RA;150;discharge;Hanna;7294;0;0;falling;12:42:35;3815;422;414;8;3.6888;18.444;Active;
30/09/2023;10:39:00;RA;150;discharge;Hanna;7294;0;0;falling;12:42:40;3820;422;414;8;3.6888;18.444;Active;
30/09/2023;10:39:00;RA;150;discharge;Hanna;7294;0;0;falling;12:42:45;3825;423;414;9;4.1499;20.7495;Active;
30/09/2023;10:39:00;RA;150;discharge;Hanna;7294;0;0;falling;12:42:50;3830;423;414;9;4.1499;20.7495;Active;
30/09/2023;10:39:00;RA;150;discharge;Hanna;7294;0;0;falling;12:42:55;3835;423;414;9;4.1499;20.7495;Active;
30/09/2023;10:39:00;RA;150;discharge;Hanna;7294;0;0;falling;12:43:00;3840;423;414;9;4.1499;20.7495;Active;
30/09/2023;10:39:00;RA;150;discharge;Hanna;7294;0;0;falling;12:43:05;3845;423;414;9;4.1499;20.7495;Active;
30/09/2023;10:39:00;RA;150;discharge;Hanna;7294;0;0;falling;12:43:10;3850;423;414;9;4.1499;20.7495;Active;
30/09/2023;10:39:00;RA;150;discharge;Hanna;7294;0;0;falling;12:43:15;3855;422;414;8;3.6888;18.444;Active;
30/09/2023;10:39:00;RA;150;discharge;Hanna;7294;0;0;falling;12:43:20;3860;422;414;8;3.6888;18.444;Active;
30/09/2023;10:39:00;RA;150;discharge;Hanna;7294;0;0;falling;12:43:25;3865;422;414;8;3.6888;18.444;Active;
30/09/2023;10:39:00;RA;150;discharge;Hanna;7294;0;0;falling;12:43:30;3870;422;414;8;3.6888;18.444;Active;
30/09/2023;10:39:00;RA;150;discharge;Hanna;7294;0;0;falling;12:43:35;3875;422;414;8;3.6888;18.444;Active;
30/09/2023;10:39:00;RA;150;discharge;Hanna;7294;0;0;falling;12:43:40;3880;422;414;8;3.6888;18.444;Active;
30/09/2023;10:39:00;RA;150;discharge;Hanna;7294;0;0;falling;12:43:45;3885;422;414;8;3.6888;18.444;Active;
30/09/2023;10:39:00;RA;150;discharge;Hanna;7294;0;0;falling;12:43:50;3890;422;414;8;3.6888;18.444;Active;
30/09/2023;10:39:00;RA;150;discharge;Hanna;7294;0;0;falling;12:43:55;3895;422;414;8;3.6888;18.444;Active;
30/09/2023;10:39:00;RA;150;discharge;Hanna;7294;0;0;falling;12:44:00;3900;422;414;8;3.6888;18.444;Active;
30/09/2023;10:39:00;RA;150;discharge;Hanna;7294;0;0;falling;12:44:05;3905;422;414;8;3.6888;18.444;Active;
30/09/2023;10:39:00;RA;150;discharge;Hanna;7294;0;0;falling;12:44:10;3910;422;414;8;3.6888;18.444;Active;
30/09/2023;10:39:00;RA;150;discharge;Hanna;7294;0;0;falling;12:44:15;3915;422;414;8;3.6888;18.444;Active;
30/09/2023;10:39:00;RA;150;discharge;Hanna;7294;0;0;falling;12:44:20;3920;422;414;8;3.6888;18.444;Active;
30/09/2023;10:39:00;RA;150;discharge;Hanna;7294;0;0;falling;12:44:25;3925;422;414;8;3.6888;18.444;Active;
30/09/2023;10:39:00;RA;150;discharge;Hanna;7294;0;0;falling;12:44:30;3930;422;414;8;3.6888;18.444;Active;
30/09/2023;10:39:00;RA;150;discharge;Hanna;7294;0;0;falling;12:44:35;3935;422;414;8;3.6888;18.444;Active;
30/09/2023;10:39:00;RA;150;discharge;Hanna;7294;0;0;falling;12:44:40;3940;422;414;8;3.6888;18.444;Active;
30/09/2023;10:39:00;RA;150;discharge;Hanna;7294;0;0;falling;12:44:45;3945;422;414;8;3.6888;18.444;Active;
30/09/2023;10:39:00;RA;150;discharge;Hanna;7294;0;0;falling;12:44:50;3950;422;414;8;3.6888;18.444;Active;
30/09/2023;10:39:00;RA;150;discharge;Hanna;7294;0;0;falling;12:44:55;3955;421;414;7;3.2277;16.1385;Active;
30/09/2023;10:39:00;RA;150;discharge;Hanna;7294;0;0;falling;12:45:00;3960;421;414;7;3.2277;16.1385;Active;
30/09/2023;10:39:00;RA;150;discharge;Hanna;7294;0;0;falling;12:45:05;3965;422;414;8;3.6888;18.444;Active;
30/09/2023;10:39:00;RA;150;discharge;Hanna;7294;0;0;falling;12:45:10;3970;422;414;8;3.6888;18.444;Active;
30/09/2023;10:39:00;RA;150;discharge;Hanna;7294;0;0;falling;12:45:15;3975;421;414;7;3.2277;16.1385;Active;
30/09/2023;10:39:00;RA;150;discharge;Hanna;7294;0;0;falling;12:45:20;3980;421;414;7;3.2277;16.1385;Active;
30/09/2023;10:39:00;RA;150;discharge;Hanna;7294;0;0;falling;12:45:25;3985;423;414;9;4.1499;20.7495;Active;
30/09/2023;10:39:00;RA;150;discharge;Hanna;7294;0;0;falling;12:45:30;3990;422;414;8;3.6888;18.444;Active;
30/09/2023;10:39:00;RA;150;discharge;Hanna;7294;0;0;falling;12:45:35;3995;422;414;8;3.6888;18.444;Active;
30/09/2023;10:39:00;RA;150;discharge;Hanna;7294;0;0;falling;12:45:40;4000;422;414;8;3.6888;18.444;Active;
30/09/2023;10:39:00;RA;150;discharge;Hanna;7294;0;0;falling;12:45:45;4005;421;414;7;3.2277;16.1385;Active;
30/09/2023;10:39:00;RA;150;discharge;Hanna;7294;0;0;falling;12:45:50;4010;421;414;7;3.2277;16.1385;Active;
30/09/2023;10:39:00;RA;150;discharge;Hanna;7294;0;0;falling;12:45:55;4015;421;414;7;3.2277;16.1385;Active;
30/09/2023;10:39:00;RA;150;discharge;Hanna;7294;0;0;falling;12:46:00;4020;421;414;7;3.2277;16.1385;Active;
30/09/2023;10:39:00;RA;150;discharge;Hanna;7294;0;0;falling;12:46:05;4025;421;414;7;3.2277;16.1385;Active;
30/09/2023;10:39:00;RA;150;discharge;Hanna;7294;0;0;falling;12:46:10;4030;421;414;7;3.2277;16.1385;Active;
30/09/2023;10:39:00;RA;150;discharge;Hanna;7294;0;0;falling;12:46:15;4035;421;414;7;3.2277;16.1385;Active;
30/09/2023;10:39:00;RA;150;discharge;Hanna;7294;0;0;falling;12:46:20;4040;421;414;7;3.2277;16.1385;Active;
30/09/2023;10:39:00;RA;150;discharge;Hanna;7294;0;0;falling;12:46:25;4045;421;414;7;3.2277;16.1385;Active;
30/09/2023;10:39:00;RA;150;discharge;Hanna;7294;0;0;falling;12:46:30;4050;421;414;7;3.2277;16.1385;Active;
30/09/2023;10:39:00;RA;150;discharge;Hanna;7294;0;0;falling;12:46:35;4055;421;414;7;3.2277;16.1385;Active;
30/09/2023;10:39:00;RA;150;discharge;Hanna;7294;0;0;falling;12:46:40;4060;421;414;7;3.2277;16.1385;Active;
30/09/2023;10:39:00;RA;150;discharge;Hanna;7294;0;0;falling;12:46:45;4065;421;414;7;3.2277;16.1385;Active;
30/09/2023;10:39:00;RA;150;discharge;Hanna;7294;0;0;falling;12:46:50;4070;421;414;7;3.2277;16.1385;Active;
30/09/2023;10:39:00;RA;150;discharge;Hanna;7294;0;0;falling;12:46:55;4075;421;414;7;3.2277;16.1385;Active;
30/09/2023;10:39:00;RA;150;discharge;Hanna;7294;0;0;falling;12:47:00;4080;421;414;7;3.2277;16.1385;Active;
30/09/2023;10:39:00;RA;150;discharge;Hanna;7294;0;0;falling;12:47:05;4085;422;414;8;3.6888;18.444;Active;
30/09/2023;10:39:00;RA;150;discharge;Hanna;7294;0;0;falling;12:47:10;4090;421;414;7;3.2277;16.1385;Active;
30/09/2023;10:39:00;RA;150;discharge;Hanna;7294;0;0;falling;12:47:15;4095;422;414;8;3.6888;18.444;Active;
30/09/2023;10:39:00;RA;150;discharge;Hanna;7294;0;0;falling;12:47:20;4100;422;414;8;3.6888;18.444;Active;
30/09/2023;10:39:00;RA;150;discharge;Hanna;7294;0;0;falling;12:47:25;4105;422;414;8;3.6888;18.444;Active;
30/09/2023;10:39:00;RA;150;discharge;Hanna;7294;0;0;falling;12:47:30;4110;421;414;7;3.2277;16.1385;Active;
30/09/2023;10:39:00;RA;150;discharge;Hanna;7294;0;0;falling;12:47:35;4115;421;414;7;3.2277;16.1385;Active;
30/09/2023;10:39:00;RA;150;discharge;Hanna;7294;0;0;falling;12:47:40;4120;421;414;7;3.2277;16.1385;Active;
30/09/2023;10:39:00;RA;150;discharge;Hanna;7294;0;0;falling;12:47:45;4125;421;414;7;3.2277;16.1385;Active;
30/09/2023;10:39:00;RA;150;discharge;Hanna;7294;0;0;falling;12:47:50;4130;421;414;7;3.2277;16.1385;Active;
30/09/2023;10:39:00;RA;150;discharge;Hanna;7294;0;0;falling;12:47:55;4135;421;414;7;3.2277;16.1385;Active;
30/09/2023;10:39:00;RA;150;discharge;Hanna;7294;0;0;falling;12:48:00;4140;422;414;8;3.6888;18.444;Active;
30/09/2023;10:39:00;RA;150;discharge;Hanna;7294;0;0;falling;12:48:05;4145;422;414;8;3.6888;18.444;Active;
30/09/2023;10:39:00;RA;150;discharge;Hanna;7294;0;0;falling;12:48:10;4150;422;414;8;3.6888;18.444;Active;
30/09/2023;10:39:00;RA;150;discharge;Hanna;7294;0;0;falling;12:48:15;4155;422;414;8;3.6888;18.444;Active;
30/09/2023;10:39:00;RA;150;discharge;Hanna;7294;0;0;falling;12:48:20;4160;421;414;7;3.2277;16.1385;Active;
30/09/2023;10:39:00;RA;150;discharge;Hanna;7294;0;0;falling;12:48:25;4165;421;414;7;3.2277;16.1385;Active;
30/09/2023;10:39:00;RA;150;discharge;Hanna;7294;0;0;falling;12:48:30;4170;421;414;7;3.2277;16.1385;Active;
30/09/2023;10:39:00;RA;150;discharge;Hanna;7294;0;0;falling;12:48:35;4175;421;414;7;3.2277;16.1385;Active;
30/09/2023;10:39:00;RA;150;discharge;Hanna;7294;0;0;falling;12:48:40;4180;421;414;7;3.2277;16.1385;Active;
30/09/2023;10:39:00;RA;150;discharge;Hanna;7294;0;0;falling;12:48:45;4185;421;414;7;3.2277;16.1385;Active;
30/09/2023;10:39:00;RA;150;discharge;Hanna;7294;0;0;falling;12:48:50;4190;421;414;7;3.2277;16.1385;Active;
30/09/2023;10:39:00;RA;150;discharge;Hanna;7294;0;0;falling;12:48:55;4195;421;414;7;3.2277;16.1385;Active;
30/09/2023;10:39:00;RA;150;discharge;Hanna;7294;0;0;falling;12:49:00;4200;421;414;7;3.2277;16.1385;Active;
30/09/2023;10:39:00;RA;150;discharge;Hanna;7294;0;0;falling;12:49:05;4205;421;414;7;3.2277;16.1385;Active;
30/09/2023;10:39:00;RA;150;discharge;Hanna;7294;0;0;falling;12:49:10;4210;421;414;7;3.2277;16.1385;Active;
30/09/2023;10:39:00;RA;150;discharge;Hanna;7294;0;0;falling;12:49:15;4215;421;414;7;3.2277;16.1385;Active;
30/09/2023;10:39:00;RA;150;discharge;Hanna;7294;0;0;falling;12:49:20;4220;421;414;7;3.2277;16.1385;Active;
30/09/2023;10:39:00;RA;150;discharge;Hanna;7294;0;0;falling;12:49:25;4225;421;414;7;3.2277;16.1385;Active;
30/09/2023;10:39:00;RA;150;discharge;Hanna;7294;0;0;falling;12:49:30;4230;421;414;7;3.2277;16.1385;Active;
30/09/2023;10:39:00;RA;150;discharge;Hanna;7294;0;0;falling;12:49:35;4235;421;414;7;3.2277;16.1385;Active;
30/09/2023;10:39:00;RA;150;discharge;Hanna;7294;0;0;falling;12:49:40;4240;421;414;7;3.2277;16.1385;Active;
30/09/2023;10:39:00;RA;150;discharge;Hanna;7294;0;0;falling;12:49:45;4245;421;414;7;3.2277;16.1385;Active;
30/09/2023;10:39:00;RA;150;discharge;Hanna;7294;0;0;falling;12:49:50;4250;421;414;7;3.2277;16.1385;Active;
30/09/2023;10:39:00;RA;150;discharge;Hanna;7294;0;0;falling;12:49:55;4255;421;414;7;3.2277;16.1385;Active;
30/09/2023;10:39:00;RA;150;discharge;Hanna;7294;0;0;falling;12:50:00;4260;421;414;7;3.2277;16.1385;Active;
30/09/2023;10:39:00;RA;150;discharge;Hanna;7294;0;0;falling;12:50:05;4265;420;414;6;2.7666;13.833;Active;
30/09/2023;10:39:00;RA;150;discharge;Hanna;7294;0;0;falling;12:50:10;4270;421;414;7;3.2277;16.1385;Active;
30/09/2023;10:39:00;RA;150;discharge;Hanna;7294;0;0;falling;12:50:15;4275;421;414;7;3.2277;16.1385;Active;
30/09/2023;10:39:00;RA;150;discharge;Hanna;7294;0;0;falling;12:50:20;4280;421;414;7;3.2277;16.1385;Active;
30/09/2023;10:39:00;RA;150;discharge;Hanna;7294;0;0;falling;12:50:25;4285;421;414;7;3.2277;16.1385;Active;
30/09/2023;10:39:00;RA;150;discharge;Hanna;7294;0;0;falling;12:50:30;4290;421;414;7;3.2277;16.1385;Active;
30/09/2023;10:39:00;RA;150;discharge;Hanna;7294;0;0;falling;12:50:35;4295;421;414;7;3.2277;16.1385;Active;
30/09/2023;10:39:00;RA;150;discharge;Hanna;7294;0;0;falling;12:50:40;4300;421;414;7;3.2277;16.1385;Active;
30/09/2023;10:39:00;RA;150;discharge;Hanna;7294;0;0;falling;12:50:45;4305;421;414;7;3.2277;16.1385;Active;
30/09/2023;10:39:00;RA;150;discharge;Hanna;7294;0;0;falling;12:50:50;4310;421;414;7;3.2277;16.1385;Active;
30/09/2023;10:39:00;RA;150;discharge;Hanna;7294;0;0;falling;12:50:55;4315;421;414;7;3.2277;16.1385;Active;
30/09/2023;10:39:00;RA;150;discharge;Hanna;7294;0;0;falling;12:51:00;4320;421;414;7;3.2277;16.1385;Active;
30/09/2023;10:39:00;RA;150;discharge;Hanna;7294;0;0;falling;12:51:05;4325;421;414;7;3.2277;16.1385;Active;
30/09/2023;10:39:00;RA;150;discharge;Hanna;7294;0;0;falling;12:51:10;4330;420;414;6;2.7666;13.833;Active;
30/09/2023;10:39:00;RA;150;discharge;Hanna;7294;0;0;falling;12:51:15;4335;421;414;7;3.2277;16.1385;Active;
30/09/2023;10:39:00;RA;150;discharge;Hanna;7294;0;0;falling;12:51:20;4340;421;414;7;3.2277;16.1385;Active;
30/09/2023;10:39:00;RA;150;discharge;Hanna;7294;0;0;falling;12:51:25;4345;421;414;7;3.2277;16.1385;Active;
30/09/2023;10:39:00;RA;150;discharge;Hanna;7294;0;0;falling;12:51:30;4350;421;414;7;3.2277;16.1385;Active;
30/09/2023;10:39:00;RA;150;discharge;Hanna;7294;0;0;falling;12:51:35;4355;421;414;7;3.2277;16.1385;Active;
30/09/2023;10:39:00;RA;150;discharge;Hanna;7294;0;0;falling;12:51:40;4360;421;414;7;3.2277;16.1385;Active;
30/09/2023;10:39:00;RA;150;discharge;Hanna;7294;0;0;falling;12:51:45;4365;421;414;7;3.2277;16.1385;Active;
30/09/2023;10:39:00;RA;150;discharge;Hanna;7294;0;0;falling;12:51:50;4370;420;414;6;2.7666;13.833;Active;
30/09/2023;10:39:00;RA;150;discharge;Hanna;7294;0;0;falling;12:51:55;4375;420;414;6;2.7666;13.833;Active;
30/09/2023;10:39:00;RA;150;discharge;Hanna;7294;0;0;falling;12:52:00;4380;420;414;6;2.7666;13.833;Active;
30/09/2023;10:39:00;RA;150;discharge;Hanna;7294;0;0;falling;12:52:05;4385;420;414;6;2.7666;13.833;Active;
30/09/2023;10:39:00;RA;150;discharge;Hanna;7294;0;0;falling;12:52:10;4390;420;414;6;2.7666;13.833;Active;
30/09/2023;10:39:00;RA;150;discharge;Hanna;7294;0;0;falling;12:52:15;4395;420;414;6;2.7666;13.833;Active;
30/09/2023;10:39:00;RA;150;discharge;Hanna;7294;0;0;falling;12:52:20;4400;420;414;6;2.7666;13.833;Active;
30/09/2023;10:39:00;RA;150;discharge;Hanna;7294;0;0;falling;12:52:25;4405;420;414;6;2.7666;13.833;Active;
30/09/2023;10:39:00;RA;150;discharge;Hanna;7294;0;0;falling;12:52:30;4410;420;414;6;2.7666;13.833;Active;
30/09/2023;10:39:00;RA;150;discharge;Hanna;7294;0;0;falling;12:52:35;4415;420;414;6;2.7666;13.833;Active;
30/09/2023;10:39:00;RA;150;discharge;Hanna;7294;0;0;falling;12:52:40;4420;420;414;6;2.7666;13.833;Active;
30/09/2023;10:39:00;RA;150;discharge;Hanna;7294;0;0;falling;12:52:45;4425;420;414;6;2.7666;13.833;Active;
30/09/2023;10:39:00;RA;150;discharge;Hanna;7294;0;0;falling;12:52:50;4430;420;414;6;2.7666;13.833;Active;
30/09/2023;10:39:00;RA;150;discharge;Hanna;7294;0;0;falling;12:52:55;4435;420;414;6;2.7666;13.833;Active;
30/09/2023;10:39:00;RA;150;discharge;Hanna;7294;0;0;falling;12:53:00;4440;420;414;6;2.7666;13.833;Active;
30/09/2023;10:39:00;RA;150;discharge;Hanna;7294;0;0;falling;12:53:05;4445;420;414;6;2.7666;13.833;Active;
30/09/2023;10:39:00;RA;150;discharge;Hanna;7294;0;0;falling;12:53:10;4450;420;414;6;2.7666;13.833;Active;
30/09/2023;10:39:00;RA;150;discharge;Hanna;7294;0;0;falling;12:53:15;4455;421;414;7;3.2277;16.1385;Active;
30/09/2023;10:39:00;RA;150;discharge;Hanna;7294;0;0;falling;12:53:20;4460;421;414;7;3.2277;16.1385;Active;
30/09/2023;10:39:00;RA;150;discharge;Hanna;7294;0;0;falling;12:53:25;4465;420;414;6;2.7666;13.833;Active;
30/09/2023;10:39:00;RA;150;discharge;Hanna;7294;0;0;falling;12:53:30;4470;420;414;6;2.7666;13.833;Active;
30/09/2023;10:39:00;RA;150;discharge;Hanna;7294;0;0;falling;12:53:35;4475;420;414;6;2.7666;13.833;Active;
30/09/2023;10:39:00;RA;150;discharge;Hanna;7294;0;0;falling;12:53:40;4480;420;414;6;2.7666;13.833;Active;
30/09/2023;10:39:00;RA;150;discharge;Hanna;7294;0;0;falling;12:53:45;4485;420;414;6;2.7666;13.833;Active;
30/09/2023;10:39:00;RA;150;discharge;Hanna;7294;0;0;falling;12:53:50;4490;420;414;6;2.7666;13.833;Active;
30/09/2023;10:39:00;RA;150;discharge;Hanna;7294;0;0;falling;12:53:55;4495;420;414;6;2.7666;13.833;Active;
30/09/2023;10:39:00;RA;150;discharge;Hanna;7294;0;0;falling;12:54:00;4500;420;414;6;2.7666;13.833;Active;
30/09/2023;10:39:00;RA;150;discharge;Hanna;7294;0;0;falling;12:54:05;4505;420;414;6;2.7666;13.833;Active;
30/09/2023;10:39:00;RA;150;discharge;Hanna;7294;0;0;falling;12:54:10;4510;420;414;6;2.7666;13.833;Active;
30/09/2023;10:39:00;RA;150;discharge;Hanna;7294;0;0;falling;12:54:15;4515;420;414;6;2.7666;13.833;Active;
30/09/2023;10:39:00;RA;150;discharge;Hanna;7294;0;0;falling;12:54:20;4520;420;414;6;2.7666;13.833;Active;
30/09/2023;10:39:00;RA;150;discharge;Hanna;7294;0;0;falling;12:54:25;4525;420;414;6;2.7666;13.833;Active;
30/09/2023;10:39:00;RA;150;discharge;Hanna;7294;0;0;falling;12:54:30;4530;420;414;6;2.7666;13.833;Active;
30/09/2023;10:39:00;RA;150;discharge;Hanna;7294;0;0;falling;12:54:35;4535;420;414;6;2.7666;13.833;Active;
30/09/2023;10:39:00;RA;150;discharge;Hanna;7294;0;0;falling;12:54:40;4540;420;414;6;2.7666;13.833;Active;
30/09/2023;10:39:00;RA;150;discharge;Hanna;7294;0;0;falling;12:54:45;4545;420;414;6;2.7666;13.833;Active;
30/09/2023;10:39:00;RA;150;discharge;Hanna;7294;0;0;falling;12:54:50;4550;420;414;6;2.7666;13.833;Active;
30/09/2023;10:39:00;RA;150;discharge;Hanna;7294;0;0;falling;12:54:55;4555;420;414;6;2.7666;13.833;Active;
30/09/2023;10:39:00;RA;150;discharge;Hanna;7294;0;0;falling;12:55:00;4560;420;414;6;2.7666;13.833;Active;
30/09/2023;10:39:00;RA;150;discharge;Hanna;7294;0;0;falling;12:55:05;4565;420;414;6;2.7666;13.833;Active;
30/09/2023;10:39:00;RA;150;discharge;Hanna;7294;0;0;falling;12:55:10;4570;420;414;6;2.7666;13.833;Active;
30/09/2023;10:39:00;RA;150;discharge;Hanna;7294;0;0;falling;12:55:15;4575;420;414;6;2.7666;13.833;Active;
30/09/2023;10:39:00;RA;150;discharge;Hanna;7294;0;0;falling;12:55:20;4580;420;414;6;2.7666;13.833;Active;
30/09/2023;10:39:00;RA;150;discharge;Hanna;7294;0;0;falling;12:55:25;4585;420;414;6;2.7666;13.833;Active;
30/09/2023;10:39:00;RA;150;discharge;Hanna;7294;0;0;falling;12:55:30;4590;420;414;6;2.7666;13.833;Active;
30/09/2023;10:39:00;RA;150;discharge;Hanna;7294;0;0;falling;12:55:35;4595;420;414;6;2.7666;13.833;Active;
30/09/2023;10:39:00;RA;150;discharge;Hanna;7294;0;0;falling;12:55:40;4600;420;414;6;2.7666;13.833;Active;
30/09/2023;10:39:00;RA;150;discharge;Hanna;7294;0;0;falling;12:55:45;4605;420;414;6;2.7666;13.833;Active;
30/09/2023;10:39:00;RA;150;discharge;Hanna;7294;0;0;falling;12:55:50;4610;420;414;6;2.7666;13.833;Active;
30/09/2023;10:39:00;RA;150;discharge;Hanna;7294;0;0;falling;12:55:55;4615;420;414;6;2.7666;13.833;Active;
30/09/2023;10:39:00;RA;150;discharge;Hanna;7294;0;0;falling;12:56:00;4620;420;414;6;2.7666;13.833;Active;
30/09/2023;10:39:00;RA;150;discharge;Hanna;7294;0;0;falling;12:56:05;4625;420;414;6;2.7666;13.833;Active;
30/09/2023;10:39:00;RA;150;discharge;Hanna;7294;0;0;falling;12:56:10;4630;419;414;5;2.3055;11.5275;Active;
30/09/2023;10:39:00;RA;150;discharge;Hanna;7294;0;0;falling;12:56:15;4635;420;414;6;2.7666;13.833;Active;
30/09/2023;10:39:00;RA;150;discharge;Hanna;7294;0;0;falling;12:56:20;4640;420;414;6;2.7666;13.833;Active;
30/09/2023;10:39:00;RA;150;discharge;Hanna;7294;0;0;falling;12:56:25;4645;420;414;6;2.7666;13.833;Active;
30/09/2023;10:39:00;RA;150;discharge;Hanna;7294;0;0;falling;12:56:30;4650;420;414;6;2.7666;13.833;Active;
30/09/2023;10:39:00;RA;150;discharge;Hanna;7294;0;0;falling;12:56:35;4655;419;414;5;2.3055;11.5275;Active;
30/09/2023;10:39:00;RA;150;discharge;Hanna;7294;0;0;falling;12:56:40;4660;419;414;5;2.3055;11.5275;Active;
30/09/2023;10:39:00;RA;150;discharge;Hanna;7294;0;0;falling;12:56:45;4665;419;414;5;2.3055;11.5275;Active;
30/09/2023;10:39:00;RA;150;discharge;Hanna;7294;0;0;falling;12:56:50;4670;419;414;5;2.3055;11.5275;Active;
30/09/2023;10:39:00;RA;150;discharge;Hanna;7294;0;0;falling;12:56:55;4675;419;414;5;2.3055;11.5275;Active;
30/09/2023;10:39:00;RA;150;discharge;Hanna;7294;0;0;falling;12:57:00;4680;419;414;5;2.3055;11.5275;Active;
30/09/2023;10:39:00;RA;150;discharge;Hanna;7294;0;0;falling;12:57:05;4685;419;414;5;2.3055;11.5275;Active;
30/09/2023;10:39:00;RA;150;discharge;Hanna;7294;0;0;falling;12:57:10;4690;419;414;5;2.3055;11.5275;Active;
30/09/2023;10:39:00;RA;150;discharge;Hanna;7294;0;0;falling;12:57:15;4695;419;414;5;2.3055;11.5275;Active;
30/09/2023;10:39:00;RA;150;discharge;Hanna;7294;0;0;falling;12:57:20;4700;419;414;5;2.3055;11.5275;Active;
30/09/2023;10:39:00;RA;150;discharge;Hanna;7294;0;0;falling;12:57:25;4705;419;414;5;2.3055;11.5275;Active;
30/09/2023;10:39:00;RA;150;discharge;Hanna;7294;0;0;falling;12:57:30;4710;419;414;5;2.3055;11.5275;Active;
30/09/2023;10:39:00;RA;150;discharge;Hanna;7294;0;0;falling;12:57:35;4715;418;414;4;1.8444;9.222;Active;
30/09/2023;10:39:00;RA;150;discharge;Hanna;7294;0;0;falling;12:57:40;4720;418;414;4;1.8444;9.222;Active;
30/09/2023;10:39:00;RA;150;discharge;Hanna;7294;0;0;falling;12:57:45;4725;418;414;4;1.8444;9.222;Active;
30/09/2023;10:39:00;RA;150;discharge;Hanna;7294;0;0;falling;12:57:50;4730;418;414;4;1.8444;9.222;Active;
30/09/2023;10:39:00;RA;150;discharge;Hanna;7294;0;0;falling;12:57:55;4735;418;414;4;1.8444;9.222;Active;
30/09/2023;10:39:00;RA;150;discharge;Hanna;7294;0;0;falling;12:58:00;4740;418;414;4;1.8444;9.222;Active;
30/09/2023;10:39:00;RA;150;discharge;Hanna;7294;0;0;falling;12:58:05;4745;418;414;4;1.8444;9.222;Active;
30/09/2023;10:39:00;RA;150;discharge;Hanna;7294;0;0;falling;12:58:10;4750;418;414;4;1.8444;9.222;Active;
30/09/2023;10:39:00;RA;150;discharge;Hanna;7294;0;0;falling;12:58:15;4755;418;414;4;1.8444;9.222;Active;
30/09/2023;10:39:00;RA;150;discharge;Hanna;7294;0;0;falling;12:58:20;4760;418;414;4;1.8444;9.222;Active;
30/09/2023;10:39:00;RA;150;discharge;Hanna;7294;0;0;falling;12:58:25;4765;418;414;4;1.8444;9.222;Active;
30/09/2023;10:39:00;RA;150;discharge;Hanna;7294;0;0;falling;12:58:30;4770;418;414;4;1.8444;9.222;Active;
30/09/2023;10:39:00;RA;150;discharge;Hanna;7294;0;0;falling;12:58:35;4775;418;414;4;1.8444;9.222;Active;
30/09/2023;10:39:00;RA;150;discharge;Hanna;7294;0;0;falling;12:58:40;4780;418;414;4;1.8444;9.222;Active;
30/09/2023;10:39:00;RA;150;discharge;Hanna;7294;0;0;falling;12:58:45;4785;418;414;4;1.8444;9.222;Active;
30/09/2023;10:39:00;RA;150;discharge;Hanna;7294;0;0;falling;12:58:50;4790;420;414;6;2.7666;13.833;Active;
30/09/2023;10:39:00;RA;150;discharge;Hanna;7294;0;0;falling;12:58:55;4795;420;414;6;2.7666;13.833;Active;
30/09/2023;10:39:00;RA;150;discharge;Hanna;7294;0;0;falling;12:59:00;4800;419;414;5;2.3055;11.5275;Active;
30/09/2023;10:39:00;RA;150;discharge;Hanna;7294;0;0;falling;12:59:05;4805;419;414;5;2.3055;11.5275;Active;
30/09/2023;10:39:00;RA;150;discharge;Hanna;7294;0;0;falling;12:59:10;4810;419;414;5;2.3055;11.5275;Active;
30/09/2023;10:39:00;RA;150;discharge;Hanna;7294;0;0;falling;12:59:15;4815;419;414;5;2.3055;11.5275;Active;
30/09/2023;10:39:00;RA;150;discharge;Hanna;7294;0;0;falling;12:59:20;4820;419;414;5;2.3055;11.5275;Active;
30/09/2023;10:39:00;RA;150;discharge;Hanna;7294;0;0;falling;12:59:25;4825;419;414;5;2.3055;11.5275;Active;
30/09/2023;10:39:00;RA;150;discharge;Hanna;7294;0;0;falling;12:59:30;4830;419;414;5;2.3055;11.5275;Active;
30/09/2023;10:39:00;RA;150;discharge;Hanna;7294;0;0;falling;12:59:35;4835;419;414;5;2.3055;11.5275;Active;
30/09/2023;10:39:00;RA;150;discharge;Hanna;7294;0;0;falling;12:59:40;4840;419;414;5;2.3055;11.5275;Active;
30/09/2023;10:39:00;RA;150;discharge;Hanna;7294;0;0;falling;12:59:45;4845;419;414;5;2.3055;11.5275;Active;
30/09/2023;10:39:00;RA;150;discharge;Hanna;7294;0;0;falling;12:59:50;4850;419;414;5;2.3055;11.5275;Active;
30/09/2023;10:39:00;RA;150;discharge;Hanna;7294;0;0;falling;12:59:55;4855;419;414;5;2.3055;11.5275;Active;
30/09/2023;10:39:00;RA;150;discharge;Hanna;7294;0;0;falling;13:00:00;4860;419;414;5;2.3055;11.5275;Active;
30/09/2023;10:39:00;RA;150;discharge;Hanna;7294;0;0;falling;13:00:05;4865;419;414;5;2.3055;11.5275;Active;
30/09/2023;10:39:00;RA;150;discharge;Hanna;7294;0;0;falling;13:00:10;4870;419;414;5;2.3055;11.5275;Active;
30/09/2023;10:39:00;RA;150;discharge;Hanna;7294;0;0;falling;13:00:15;4875;419;414;5;2.3055;11.5275;Active;
30/09/2023;10:39:00;RA;150;discharge;Hanna;7294;0;0;falling;13:00:20;4880;419;414;5;2.3055;11.5275;Active;
30/09/2023;10:39:00;RA;150;discharge;Hanna;7294;0;0;falling;13:00:25;4885;419;414;5;2.3055;11.5275;Active;
30/09/2023;10:39:00;RA;150;discharge;Hanna;7294;0;0;falling;13:00:30;4890;419;414;5;2.3055;11.5275;Active;
30/09/2023;10:39:00;RA;150;discharge;Hanna;7294;0;0;falling;13:00:35;4895;420;414;6;2.7666;13.833;Active;
30/09/2023;10:39:00;RA;150;discharge;Hanna;7294;0;0;falling;13:00:40;4900;420;414;6;2.7666;13.833;Active;
30/09/2023;10:39:00;RA;150;discharge;Hanna;7294;0;0;falling;13:00:45;4905;420;414;6;2.7666;13.833;Active;
30/09/2023;10:39:00;RA;150;discharge;Hanna;7294;0;0;falling;13:00:50;4910;419;414;5;2.3055;11.5275;Active;
30/09/2023;10:39:00;RA;150;discharge;Hanna;7294;0;0;falling;13:00:55;4915;419;414;5;2.3055;11.5275;Active;
30/09/2023;10:39:00;RA;150;discharge;Hanna;7294;0;0;falling;13:01:00;4920;419;414;5;2.3055;11.5275;Active;
30/09/2023;10:39:00;RA;150;discharge;Hanna;7294;0;0;falling;13:01:05;4925;419;414;5;2.3055;11.5275;Active;
30/09/2023;10:39:00;RA;150;discharge;Hanna;7294;0;0;falling;13:01:10;4930;419;414;5;2.3055;11.5275;Active;
30/09/2023;10:39:00;RA;150;discharge;Hanna;7294;0;0;falling;13:01:15;4935;419;414;5;2.3055;11.5275;Active;
30/09/2023;10:39:00;RA;150;discharge;Hanna;7294;0;0;falling;13:01:20;4940;419;414;5;2.3055;11.5275;Active;
30/09/2023;10:39:00;RA;150;discharge;Hanna;7294;0;0;falling;13:01:25;4945;419;414;5;2.3055;11.5275;Active;
30/09/2023;10:39:00;RA;150;discharge;Hanna;7294;0;0;falling;13:01:30;4950;419;414;5;2.3055;11.5275;Active;
30/09/2023;10:39:00;RA;150;discharge;Hanna;7294;0;0;falling;13:01:35;4955;419;414;5;2.3055;11.5275;Active;
30/09/2023;10:39:00;RA;150;discharge;Hanna;7294;0;0;falling;13:01:40;4960;419;414;5;2.3055;11.5275;Active;
30/09/2023;10:39:00;RA;150;discharge;Hanna;7294;0;0;falling;13:01:45;4965;419;414;5;2.3055;11.5275;Active;
30/09/2023;10:39:00;RA;150;discharge;Hanna;7294;0;0;falling;13:01:50;4970;419;414;5;2.3055;11.5275;Active;
30/09/2023;10:39:00;RA;150;discharge;Hanna;7294;0;0;falling;13:01:55;4975;419;414;5;2.3055;11.5275;Active;
30/09/2023;10:39:00;RA;150;discharge;Hanna;7294;0;0;falling;13:02:00;4980;419;414;5;2.3055;11.5275;Active;
30/09/2023;10:39:00;RA;150;discharge;Hanna;7294;0;0;falling;13:02:05;4985;419;414;5;2.3055;11.5275;Active;
30/09/2023;10:39:00;RA;150;discharge;Hanna;7294;0;0;falling;13:02:10;4990;419;414;5;2.3055;11.5275;Active;
30/09/2023;10:39:00;RA;150;discharge;Hanna;7294;0;0;falling;13:02:15;4995;419;414;5;2.3055;11.5275;Active;
30/09/2023;10:39:00;RA;150;discharge;Hanna;7294;0;0;falling;13:02:20;5000;419;414;5;2.3055;11.5275;Active;
30/09/2023;10:39:00;RA;150;discharge;Hanna;7294;0;0;falling;13:02:25;5005;419;414;5;2.3055;11.5275;Active;
30/09/2023;10:39:00;RA;150;discharge;Hanna;7294;0;0;falling;13:02:30;5010;419;414;5;2.3055;11.5275;Active;
30/09/2023;10:39:00;RA;150;discharge;Hanna;7294;0;0;falling;13:02:35;5015;419;414;5;2.3055;11.5275;Active;
30/09/2023;10:39:00;RA;150;discharge;Hanna;7294;0;0;falling;13:02:40;5020;419;414;5;2.3055;11.5275;Active;
30/09/2023;10:39:00;RA;150;discharge;Hanna;7294;0;0;falling;13:02:45;5025;419;414;5;2.3055;11.5275;Active;
30/09/2023;10:39:00;RA;150;discharge;Hanna;7294;0;0;falling;13:02:50;5030;419;414;5;2.3055;11.5275;Active;
30/09/2023;10:39:00;RA;150;discharge;Hanna;7294;0;0;falling;13:02:55;5035;419;414;5;2.3055;11.5275;Active;
30/09/2023;10:39:00;RA;150;discharge;Hanna;7294;0;0;falling;13:03:00;5040;419;414;5;2.3055;11.5275;Active;
30/09/2023;10:39:00;RA;150;discharge;Hanna;7294;0;0;falling;13:03:05;5045;419;414;5;2.3055;11.5275;Active;
30/09/2023;10:39:00;RA;150;discharge;Hanna;7294;0;0;falling;13:03:10;5050;419;414;5;2.3055;11.5275;Active;
30/09/2023;10:39:00;RA;150;discharge;Hanna;7294;0;0;falling;13:03:15;5055;420;414;6;2.7666;13.833;Active;
30/09/2023;10:39:00;RA;150;discharge;Hanna;7294;0;0;falling;13:03:20;5060;420;414;6;2.7666;13.833;Active;
30/09/2023;10:39:00;RA;150;discharge;Hanna;7294;0;0;falling;13:03:25;5065;419;414;5;2.3055;11.5275;Active;
30/09/2023;10:39:00;RA;150;discharge;Hanna;7294;0;0;falling;13:03:30;5070;419;414;5;2.3055;11.5275;Active;
30/09/2023;10:39:00;RA;150;discharge;Hanna;7294;0;0;falling;13:03:35;5075;419;414;5;2.3055;11.5275;Active;
30/09/2023;10:39:00;RA;150;discharge;Hanna;7294;0;0;falling;13:03:40;5080;419;414;5;2.3055;11.5275;Active;
30/09/2023;10:39:00;RA;150;discharge;Hanna;7294;0;0;falling;13:03:45;5085;419;414;5;2.3055;11.5275;Active;
30/09/2023;10:39:00;RA;150;discharge;Hanna;7294;0;0;falling;13:03:50;5090;419;414;5;2.3055;11.5275;Active;
30/09/2023;10:39:00;RA;150;discharge;Hanna;7294;0;0;falling;13:03:55;5095;419;414;5;2.3055;11.5275;Active;
30/09/2023;10:39:00;RA;150;discharge;Hanna;7294;0;0;falling;13:04:00;5100;419;414;5;2.3055;11.5275;Active;
30/09/2023;10:39:00;RA;150;discharge;Hanna;7294;0;0;falling;13:04:05;5105;419;414;5;2.3055;11.5275;Active;
30/09/2023;10:39:00;RA;150;discharge;Hanna;7294;0;0;falling;13:04:10;5110;419;414;5;2.3055;11.5275;Active;
30/09/2023;10:39:00;RA;150;discharge;Hanna;7294;0;0;falling;13:04:15;5115;419;414;5;2.3055;11.5275;Active;
30/09/2023;10:39:00;RA;150;discharge;Hanna;7294;0;0;falling;13:04:20;5120;419;414;5;2.3055;11.5275;Active;
30/09/2023;10:39:00;RA;150;discharge;Hanna;7294;0;0;falling;13:04:25;5125;419;414;5;2.3055;11.5275;Active;
30/09/2023;10:39:00;RA;150;discharge;Hanna;7294;0;0;falling;13:04:30;5130;419;414;5;2.3055;11.5275;Active;
30/09/2023;10:39:00;RA;150;discharge;Hanna;7294;0;0;falling;13:04:35;5135;419;414;5;2.3055;11.5275;Active;
30/09/2023;10:39:00;RA;150;discharge;Hanna;7294;0;0;falling;13:04:40;5140;419;414;5;2.3055;11.5275;Active;
30/09/2023;10:39:00;RA;150;discharge;Hanna;7294;0;0;falling;13:04:45;5145;419;414;5;2.3055;11.5275;Active;
30/09/2023;10:39:00;RA;150;discharge;Hanna;7294;0;0;falling;13:04:50;5150;419;414;5;2.3055;11.5275;Active;
30/09/2023;10:39:00;RA;150;discharge;Hanna;7294;0;0;falling;13:04:55;5155;419;414;5;2.3055;11.5275;Active;
30/09/2023;10:39:00;RA;150;discharge;Hanna;7294;0;0;falling;13:05:00;5160;419;414;5;2.3055;11.5275;Active;
30/09/2023;10:39:00;RA;150;discharge;Hanna;7294;0;0;falling;13:05:05;5165;419;414;5;2.3055;11.5275;Active;
30/09/2023;10:39:00;RA;150;discharge;Hanna;7294;0;0;falling;13:05:10;5170;419;414;5;2.3055;11.5275;Active;
30/09/2023;10:39:00;RA;150;discharge;Hanna;7294;0;0;falling;13:05:15;5175;419;414;5;2.3055;11.5275;Active;
30/09/2023;10:39:00;RA;150;discharge;Hanna;7294;0;0;falling;13:05:20;5180;419;414;5;2.3055;11.5275;Active;
30/09/2023;10:39:00;RA;150;discharge;Hanna;7294;0;0;falling;13:05:25;5185;419;414;5;2.3055;11.5275;Active;
30/09/2023;10:39:00;RA;150;discharge;Hanna;7294;0;0;falling;13:05:30;5190;419;414;5;2.3055;11.5275;Active;
30/09/2023;10:39:00;RA;150;discharge;Hanna;7294;0;0;falling;13:05:35;5195;419;414;5;2.3055;11.5275;Active;
30/09/2023;10:39:00;RA;150;discharge;Hanna;7294;0;0;falling;13:05:40;5200;419;414;5;2.3055;11.5275;Active;
30/09/2023;10:39:00;RA;150;discharge;Hanna;7294;0;0;falling;13:05:45;5205;419;414;5;2.3055;11.5275;Active;
30/09/2023;10:39:00;RA;150;discharge;Hanna;7294;0;0;falling;13:05:50;5210;419;414;5;2.3055;11.5275;Active;
30/09/2023;10:39:00;RA;150;discharge;Hanna;7294;0;0;falling;13:05:55;5215;419;414;5;2.3055;11.5275;Active;
30/09/2023;10:39:00;RA;150;discharge;Hanna;7294;0;0;falling;13:06:00;5220;419;414;5;2.3055;11.5275;Active;
30/09/2023;10:39:00;RA;150;discharge;Hanna;7294;0;0;falling;13:06:05;5225;419;414;5;2.3055;11.5275;Active;
30/09/2023;10:39:00;RA;150;discharge;Hanna;7294;0;0;falling;13:06:10;5230;419;414;5;2.3055;11.5275;Active;
30/09/2023;10:39:00;RA;150;discharge;Hanna;7294;0;0;falling;13:06:15;5235;419;414;5;2.3055;11.5275;Active;
30/09/2023;10:39:00;RA;150;discharge;Hanna;7294;0;0;falling;13:06:20;5240;419;414;5;2.3055;11.5275;Active;
30/09/2023;10:39:00;RA;150;discharge;Hanna;7294;0;0;falling;13:06:25;5245;419;414;5;2.3055;11.5275;Active;
30/09/2023;10:39:00;RA;150;discharge;Hanna;7294;0;0;falling;13:06:30;5250;419;414;5;2.3055;11.5275;Active;
30/09/2023;10:39:00;RA;150;discharge;Hanna;7294;0;0;falling;13:06:35;5255;419;414;5;2.3055;11.5275;Active;
30/09/2023;10:39:00;RA;150;discharge;Hanna;7294;0;0;falling;13:06:40;5260;419;414;5;2.3055;11.5275;Active;
30/09/2023;10:39:00;RA;150;discharge;Hanna;7294;0;0;falling;13:06:45;5265;419;414;5;2.3055;11.5275;Active;
30/09/2023;10:39:00;RA;150;discharge;Hanna;7294;0;0;falling;13:06:50;5270;419;414;5;2.3055;11.5275;Active;
30/09/2023;10:39:00;RA;150;discharge;Hanna;7294;0;0;falling;13:06:55;5275;419;414;5;2.3055;11.5275;Active;
30/09/2023;10:39:00;RA;150;discharge;Hanna;7294;0;0;falling;13:07:00;5280;419;414;5;2.3055;11.5275;Active;
30/09/2023;10:39:00;RA;150;discharge;Hanna;7294;0;0;falling;13:07:05;5285;419;414;5;2.3055;11.5275;Active;
30/09/2023;10:39:00;RA;150;discharge;Hanna;7294;0;0;falling;13:07:10;5290;419;414;5;2.3055;11.5275;Active;
30/09/2023;10:39:00;RA;150;discharge;Hanna;7294;0;0;falling;13:07:15;5295;419;414;5;2.3055;11.5275;Active;
30/09/2023;10:39:00;RA;150;discharge;Hanna;7294;0;0;falling;13:07:20;5300;419;414;5;2.3055;11.5275;Active;
30/09/2023;10:39:00;RA;150;discharge;Hanna;7294;0;0;falling;13:07:25;5305;419;414;5;2.3055;11.5275;Active;
30/09/2023;10:39:00;RA;150;discharge;Hanna;7294;0;0;falling;13:07:30;5310;418;414;4;1.8444;9.222;Active;
30/09/2023;10:39:00;RA;150;discharge;Hanna;7294;0;0;falling;13:07:35;5315;418;414;4;1.8444;9.222;Active;
30/09/2023;10:39:00;RA;150;discharge;Hanna;7294;0;0;falling;13:07:40;5320;418;414;4;1.8444;9.222;Active;
30/09/2023;10:39:00;RA;150;discharge;Hanna;7294;0;0;falling;13:07:45;5325;418;414;4;1.8444;9.222;Active;
30/09/2023;10:39:00;RA;150;discharge;Hanna;7294;0;0;falling;13:07:50;5330;419;414;5;2.3055;11.5275;Active;
30/09/2023;10:39:00;RA;150;discharge;Hanna;7294;0;0;falling;13:07:55;5335;419;414;5;2.3055;11.5275;Active;
30/09/2023;10:39:00;RA;150;discharge;Hanna;7294;0;0;falling;13:08:00;5340;419;414;5;2.3055;11.5275;Active;
30/09/2023;10:39:00;RA;150;discharge;Hanna;7294;0;0;falling;13:08:05;5345;419;414;5;2.3055;11.5275;Active;
30/09/2023;10:39:00;RA;150;discharge;Hanna;7294;0;0;falling;13:08:10;5350;419;414;5;2.3055;11.5275;Active;
30/09/2023;10:39:00;RA;150;discharge;Hanna;7294;0;0;falling;13:08:15;5355;419;414;5;2.3055;11.5275;Active;
30/09/2023;10:39:00;RA;150;discharge;Hanna;7294;0;0;falling;13:08:20;5360;418;414;4;1.8444;9.222;Active;
30/09/2023;10:39:00;RA;150;discharge;Hanna;7294;0;0;falling;13:08:25;5365;418;414;4;1.8444;9.222;Active;
30/09/2023;10:39:00;RA;150;discharge;Hanna;7294;0;0;falling;13:08:30;5370;418;414;4;1.8444;9.222;Active;
30/09/2023;10:39:00;RA;150;discharge;Hanna;7294;0;0;falling;13:08:35;5375;418;414;4;1.8444;9.222;Active;
30/09/2023;10:39:00;RA;150;discharge;Hanna;7294;0;0;falling;13:08:40;5380;418;414;4;1.8444;9.222;Active;
30/09/2023;10:39:00;RA;150;discharge;Hanna;7294;0;0;falling;13:08:45;5385;418;414;4;1.8444;9.222;Active;
30/09/2023;10:39:00;RA;150;discharge;Hanna;7294;0;0;falling;13:08:50;5390;418;414;4;1.8444;9.222;Active;
30/09/2023;10:39:00;RA;150;discharge;Hanna;7294;0;0;falling;13:08:55;5395;418;414;4;1.8444;9.222;Active;
30/09/2023;10:39:00;RA;150;discharge;Hanna;7294;0;0;falling;13:09:00;5400;418;414;4;1.8444;9.222;Active;
30/09/2023;10:39:00;RA;150;discharge;Hanna;7294;0;0;falling;13:09:05;5405;418;414;4;1.8444;9.222;Active;
30/09/2023;10:39:00;RA;150;discharge;Hanna;7294;0;0;falling;13:09:10;5410;418;414;4;1.8444;9.222;Active;
30/09/2023;10:39:00;RA;150;discharge;Hanna;7294;0;0;falling;13:09:15;5415;418;414;4;1.8444;9.222;Active;
30/09/2023;10:39:00;RA;150;discharge;Hanna;7294;0;0;falling;13:09:20;5420;418;414;4;1.8444;9.222;Active;
30/09/2023;10:39:00;RA;150;discharge;Hanna;7294;0;0;falling;13:09:25;5425;418;414;4;1.8444;9.222;Active;
30/09/2023;10:39:00;RA;150;discharge;Hanna;7294;0;0;falling;13:09:30;5430;418;414;4;1.8444;9.222;Active;
30/09/2023;10:39:00;RA;150;discharge;Hanna;7294;0;0;falling;13:09:35;5435;418;414;4;1.8444;9.222;Active;
30/09/2023;10:39:00;RA;150;discharge;Hanna;7294;0;0;falling;13:09:40;5440;418;414;4;1.8444;9.222;Active;
30/09/2023;10:39:00;RA;150;discharge;Hanna;7294;0;0;falling;13:09:45;5445;418;414;4;1.8444;9.222;Active;
30/09/2023;10:39:00;RA;150;discharge;Hanna;7294;0;0;falling;13:09:50;5450;419;414;5;2.3055;11.5275;Active;
30/09/2023;10:39:00;RA;150;discharge;Hanna;7294;0;0;falling;13:09:55;5455;419;414;5;2.3055;11.5275;Active;
30/09/2023;10:39:00;RA;150;discharge;Hanna;7294;0;0;falling;13:10:00;5460;419;414;5;2.3055;11.5275;Active;
30/09/2023;10:39:00;RA;150;discharge;Hanna;7294;0;0;falling;13:10:05;5465;418;414;4;1.8444;9.222;Active;
30/09/2023;10:39:00;RA;150;discharge;Hanna;7294;0;0;falling;13:10:10;5470;418;414;4;1.8444;9.222;Active;
30/09/2023;10:39:00;RA;150;discharge;Hanna;7294;0;0;falling;13:10:15;5475;418;414;4;1.8444;9.222;Active;
30/09/2023;10:39:00;RA;150;discharge;Hanna;7294;0;0;falling;13:10:20;5480;418;414;4;1.8444;9.222;Active;
30/09/2023;10:39:00;RA;150;discharge;Hanna;7294;0;0;falling;13:10:25;5485;418;414;4;1.8444;9.222;Active;
30/09/2023;10:39:00;RA;150;discharge;Hanna;7294;0;0;falling;13:10:30;5490;418;414;4;1.8444;9.222;Active;
30/09/2023;10:39:00;RA;150;discharge;Hanna;7294;0;0;falling;13:10:35;5495;419;414;5;2.3055;11.5275;Active;
30/09/2023;10:39:00;RA;150;discharge;Hanna;7294;0;0;falling;13:10:40;5500;419;414;5;2.3055;11.5275;Active;
30/09/2023;10:39:00;RA;150;discharge;Hanna;7294;0;0;falling;13:10:45;5505;418;414;4;1.8444;9.222;Active;
30/09/2023;10:39:00;RA;150;discharge;Hanna;7294;0;0;falling;13:10:50;5510;418;414;4;1.8444;9.222;Active;
30/09/2023;10:39:00;RA;150;discharge;Hanna;7294;0;0;falling;13:10:55;5515;418;414;4;1.8444;9.222;Active;
30/09/2023;10:39:00;RA;150;discharge;Hanna;7294;0;0;falling;13:11:00;5520;418;414;4;1.8444;9.222;Active;
30/09/2023;10:39:00;RA;150;discharge;Hanna;7294;0;0;falling;13:11:05;5525;419;414;5;2.3055;11.5275;Active;
30/09/2023;10:39:00;RA;150;discharge;Hanna;7294;0;0;falling;13:11:10;5530;419;414;5;2.3055;11.5275;Active;
30/09/2023;10:39:00;RA;150;discharge;Hanna;7294;0;0;falling;13:11:15;5535;418;414;4;1.8444;9.222;Active;
30/09/2023;10:39:00;RA;150;discharge;Hanna;7294;0;0;falling;13:11:20;5540;418;414;4;1.8444;9.222;Active;
30/09/2023;10:39:00;RA;150;discharge;Hanna;7294;0;0;falling;13:11:25;5545;418;414;4;1.8444;9.222;Active;
30/09/2023;10:39:00;RA;150;discharge;Hanna;7294;0;0;falling;13:11:30;5550;418;414;4;1.8444;9.222;Active;
30/09/2023;10:39:00;RA;150;discharge;Hanna;7294;0;0;falling;13:11:35;5555;418;414;4;1.8444;9.222;Active;
30/09/2023;10:39:00;RA;150;discharge;Hanna;7294;0;0;falling;13:11:40;5560;418;414;4;1.8444;9.222;Active;
30/09/2023;10:39:00;RA;150;discharge;Hanna;7294;0;0;falling;13:11:45;5565;418;414;4;1.8444;9.222;Active;
30/09/2023;10:39:00;RA;150;discharge;Hanna;7294;0;0;falling;13:11:50;5570;418;414;4;1.8444;9.222;Active;
30/09/2023;10:39:00;RA;150;discharge;Hanna;7294;0;0;falling;13:11:55;5575;418;414;4;1.8444;9.222;Active;
30/09/2023;10:39:00;RA;150;discharge;Hanna;7294;0;0;falling;13:12:00;5580;418;414;4;1.8444;9.222;Active;
30/09/2023;10:39:00;RA;150;discharge;Hanna;7294;0;0;falling;13:12:05;5585;418;414;4;1.8444;9.222;Active;
30/09/2023;10:39:00;RA;150;discharge;Hanna;7294;0;0;falling;13:12:10;5590;418;414;4;1.8444;9.222;Active;
30/09/2023;10:39:00;RA;150;discharge;Hanna;7294;0;0;falling;13:12:15;5595;418;414;4;1.8444;9.222;Active;
30/09/2023;10:39:00;RA;150;discharge;Hanna;7294;0;0;falling;13:12:20;5600;418;414;4;1.8444;9.222;Active;
30/09/2023;10:39:00;RA;150;discharge;Hanna;7294;0;0;falling;13:12:25;5605;418;414;4;1.8444;9.222;Active;
30/09/2023;10:39:00;RA;150;discharge;Hanna;7294;0;0;falling;13:12:30;5610;418;414;4;1.8444;9.222;Active;
30/09/2023;10:39:00;RA;150;discharge;Hanna;7294;0;0;falling;13:12:35;5615;418;414;4;1.8444;9.222;Active;
30/09/2023;10:39:00;RA;150;discharge;Hanna;7294;0;0;falling;13:12:40;5620;418;414;4;1.8444;9.222;Active;
30/09/2023;10:39:00;RA;150;discharge;Hanna;7294;0;0;falling;13:12:45;5625;418;414;4;1.8444;9.222;Active;
30/09/2023;10:39:00;RA;150;discharge;Hanna;7294;0;0;falling;13:12:50;5630;418;414;4;1.8444;9.222;Active;
30/09/2023;10:39:00;RA;150;discharge;Hanna;7294;0;0;falling;13:12:55;5635;418;414;4;1.8444;9.222;Active;
30/09/2023;10:39:00;RA;150;discharge;Hanna;7294;0;0;falling;13:13:00;5640;418;414;4;1.8444;9.222;Active;
30/09/2023;10:39:00;RA;150;discharge;Hanna;7294;0;0;falling;13:13:05;5645;418;414;4;1.8444;9.222;Active;
30/09/2023;10:39:00;RA;150;discharge;Hanna;7294;0;0;falling;13:13:10;5650;418;414;4;1.8444;9.222;Active;
30/09/2023;10:39:00;RA;150;discharge;Hanna;7294;0;0;falling;13:13:15;5655;418;414;4;1.8444;9.222;Active;
30/09/2023;10:39:00;RA;150;discharge;Hanna;7294;0;0;falling;13:13:20;5660;418;414;4;1.8444;9.222;Active;
30/09/2023;10:39:00;RA;150;discharge;Hanna;7294;0;0;falling;13:13:25;5665;418;414;4;1.8444;9.222;Active;
30/09/2023;10:39:00;RA;150;discharge;Hanna;7294;0;0;falling;13:13:30;5670;418;414;4;1.8444;9.222;Active;
30/09/2023;10:39:00;RA;150;discharge;Hanna;7294;0;0;falling;13:13:35;5675;418;414;4;1.8444;9.222;Active;
30/09/2023;10:39:00;RA;150;discharge;Hanna;7294;0;0;falling;13:13:40;5680;418;414;4;1.8444;9.222;Active;
30/09/2023;10:39:00;RA;150;discharge;Hanna;7294;0;0;falling;13:13:45;5685;418;414;4;1.8444;9.222;Active;
30/09/2023;10:39:00;RA;150;discharge;Hanna;7294;0;0;falling;13:13:50;5690;418;414;4;1.8444;9.222;Active;
30/09/2023;10:39:00;RA;150;discharge;Hanna;7294;0;0;falling;13:13:55;5695;418;414;4;1.8444;9.222;Active;
30/09/2023;10:39:00;RA;150;discharge;Hanna;7294;0;0;falling;13:14:00;5700;418;414;4;1.8444;9.222;Active;
30/09/2023;10:39:00;RA;150;discharge;Hanna;7294;0;0;falling;13:14:05;5705;418;414;4;1.8444;9.222;Active;
30/09/2023;10:39:00;RA;150;discharge;Hanna;7294;0;0;falling;13:14:10;5710;418;414;4;1.8444;9.222;Active;
30/09/2023;10:39:00;RA;150;discharge;Hanna;7294;0;0;falling;13:14:15;5715;418;414;4;1.8444;9.222;Active;
30/09/2023;10:39:00;RA;150;discharge;Hanna;7294;0;0;falling;13:14:20;5720;418;414;4;1.8444;9.222;Active;
30/09/2023;10:39:00;RA;150;discharge;Hanna;7294;0;0;falling;13:14:25;5725;418;414;4;1.8444;9.222;Active;
30/09/2023;10:39:00;RA;150;discharge;Hanna;7294;0;0;falling;13:14:30;5730;418;414;4;1.8444;9.222;Active;
30/09/2023;10:39:00;RA;150;discharge;Hanna;7294;0;0;falling;13:14:35;5735;418;414;4;1.8444;9.222;Active;
30/09/2023;10:39:00;RA;150;discharge;Hanna;7294;0;0;falling;13:14:40;5740;418;414;4;1.8444;9.222;Active;
30/09/2023;10:39:00;RA;150;discharge;Hanna;7294;0;0;falling;13:14:45;5745;418;414;4;1.8444;9.222;Active;
30/09/2023;10:39:00;RA;150;discharge;Hanna;7294;0;0;falling;13:14:50;5750;418;414;4;1.8444;9.222;Active;
30/09/2023;10:39:00;RA;150;discharge;Hanna;7294;0;0;falling;13:14:55;5755;418;414;4;1.8444;9.222;Active;
30/09/2023;10:39:00;RA;150;discharge;Hanna;7294;0;0;falling;13:15:00;5760;418;414;4;1.8444;9.222;Active;
30/09/2023;10:39:00;RA;150;discharge;Hanna;7294;0;0;falling;13:15:05;5765;418;414;4;1.8444;9.222;Active;
30/09/2023;10:39:00;RA;150;discharge;Hanna;7294;0;0;falling;13:15:10;5770;418;414;4;1.8444;9.222;Active;
30/09/2023;10:39:00;RA;150;discharge;Hanna;7294;0;0;falling;13:15:15;5775;418;414;4;1.8444;9.222;Active;
30/09/2023;10:39:00;RA;150;discharge;Hanna;7294;0;0;falling;13:15:20;5780;418;414;4;1.8444;9.222;Active;
30/09/2023;10:39:00;RA;150;discharge;Hanna;7294;0;0;falling;13:15:25;5785;418;414;4;1.8444;9.222;Active;
30/09/2023;10:39:00;RA;150;discharge;Hanna;7294;0;0;falling;13:15:30;5790;418;414;4;1.8444;9.222;Active;
30/09/2023;10:39:00;RA;150;discharge;Hanna;7294;0;0;falling;13:15:35;5795;418;414;4;1.8444;9.222;Active;
30/09/2023;10:39:00;RA;150;discharge;Hanna;7294;0;0;falling;13:15:40;5800;418;414;4;1.8444;9.222;Active;
30/09/2023;10:39:00;RA;150;discharge;Hanna;7294;0;0;falling;13:15:45;5805;418;414;4;1.8444;9.222;Active;
30/09/2023;10:39:00;RA;150;discharge;Hanna;7294;0;0;falling;13:15:50;5810;418;414;4;1.8444;9.222;Active;
30/09/2023;10:39:00;RA;150;discharge;Hanna;7294;0;0;falling;13:15:55;5815;418;414;4;1.8444;9.222;Active;
30/09/2023;10:39:00;RA;150;discharge;Hanna;7294;0;0;falling;13:16:00;5820;418;414;4;1.8444;9.222;Active;
30/09/2023;10:39:00;RA;150;discharge;Hanna;7294;0;0;falling;13:16:05;5825;417;414;3;1.3833;6.9165;Active;
30/09/2023;10:39:00;RA;150;discharge;Hanna;7294;0;0;falling;13:16:10;5830;417;414;3;1.3833;6.9165;Active;
30/09/2023;10:39:00;RA;150;discharge;Hanna;7294;0;0;falling;13:16:15;5835;417;414;3;1.3833;6.9165;Active;
30/09/2023;10:39:00;RA;150;discharge;Hanna;7294;0;0;falling;13:16:20;5840;417;414;3;1.3833;6.9165;Active;
30/09/2023;10:39:00;RA;150;discharge;Hanna;7294;0;0;falling;13:16:25;5845;417;414;3;1.3833;6.9165;Active;
30/09/2023;10:39:00;RA;150;discharge;Hanna;7294;0;0;falling;13:16:30;5850;417;414;3;1.3833;6.9165;Active;
30/09/2023;10:39:00;RA;150;discharge;Hanna;7294;0;0;falling;13:16:35;5855;417;414;3;1.3833;6.9165;Active;
30/09/2023;10:39:00;RA;150;discharge;Hanna;7294;0;0;falling;13:16:40;5860;417;414;3;1.3833;6.9165;Active;
30/09/2023;10:39:00;RA;150;discharge;Hanna;7294;0;0;falling;13:16:45;5865;418;414;4;1.8444;9.222;Active;
30/09/2023;10:39:00;RA;150;discharge;Hanna;7294;0;0;falling;13:16:50;5870;418;414;4;1.8444;9.222;Active;
30/09/2023;10:39:00;RA;150;discharge;Hanna;7294;0;0;falling;13:16:55;5875;417;414;3;1.3833;6.9165;Active;
30/09/2023;10:39:00;RA;150;discharge;Hanna;7294;0;0;falling;13:17:00;5880;417;414;3;1.3833;6.9165;Active;
30/09/2023;10:39:00;RA;150;discharge;Hanna;7294;0;0;falling;13:17:05;5885;417;414;3;1.3833;6.9165;Active;
30/09/2023;10:39:00;RA;150;discharge;Hanna;7294;0;0;falling;13:17:10;5890;417;414;3;1.3833;6.9165;Active;
30/09/2023;10:39:00;RA;150;discharge;Hanna;7294;0;0;falling;13:17:15;5895;418;414;4;1.8444;9.222;Active;
30/09/2023;10:39:00;RA;150;discharge;Hanna;7294;0;0;falling;13:17:20;5900;418;414;4;1.8444;9.222;Active;
30/09/2023;10:39:00;RA;150;discharge;Hanna;7294;0;0;falling;13:17:25;5905;418;414;4;1.8444;9.222;Active;
30/09/2023;10:39:00;RA;150;discharge;Hanna;7294;0;0;falling;13:17:30;5910;417;414;3;1.3833;6.9165;Active;
30/09/2023;10:39:00;RA;150;discharge;Hanna;7294;0;0;falling;13:17:35;5915;417;414;3;1.3833;6.9165;Active;
30/09/2023;10:39:00;RA;150;discharge;Hanna;7294;0;0;falling;13:17:40;5920;417;414;3;1.3833;6.9165;Active;
30/09/2023;10:39:00;RA;150;discharge;Hanna;7294;0;0;falling;13:17:45;5925;417;414;3;1.3833;6.9165;Active;
30/09/2023;10:39:00;RA;150;discharge;Hanna;7294;0;0;falling;13:17:50;5930;417;414;3;1.3833;6.9165;Active;
30/09/2023;10:39:00;RA;150;discharge;Hanna;7294;0;0;falling;13:17:55;5935;418;414;4;1.8444;9.222;Active;
30/09/2023;10:39:00;RA;150;discharge;Hanna;7294;0;0;falling;13:18:00;5940;418;414;4;1.8444;9.222;Active;
30/09/2023;10:39:00;RA;150;discharge;Hanna;7294;0;0;falling;13:18:05;5945;418;414;4;1.8444;9.222;Active;
30/09/2023;10:39:00;RA;150;discharge;Hanna;7294;0;0;falling;13:18:10;5950;417;414;3;1.3833;6.9165;Active;
30/09/2023;10:39:00;RA;150;discharge;Hanna;7294;0;0;falling;13:18:15;5955;417;414;3;1.3833;6.9165;Active;
30/09/2023;10:39:00;RA;150;discharge;Hanna;7294;0;0;falling;13:18:20;5960;417;414;3;1.3833;6.9165;Active;
30/09/2023;10:39:00;RA;150;discharge;Hanna;7294;0;0;falling;13:18:25;5965;417;414;3;1.3833;6.9165;Active;
30/09/2023;10:39:00;RA;150;discharge;Hanna;7294;0;0;falling;13:18:30;5970;417;414;3;1.3833;6.9165;Active;
30/09/2023;10:39:00;RA;150;discharge;Hanna;7294;0;0;falling;13:18:35;5975;417;414;3;1.3833;6.9165;Active;
30/09/2023;10:39:00;RA;150;discharge;Hanna;7294;0;0;falling;13:18:40;5980;417;414;3;1.3833;6.9165;Active;
30/09/2023;10:39:00;RA;150;discharge;Hanna;7294;0;0;falling;13:18:45;5985;417;414;3;1.3833;6.9165;Active;
30/09/2023;10:39:00;RA;150;discharge;Hanna;7294;0;0;falling;13:18:50;5990;417;414;3;1.3833;6.9165;Active;
30/09/2023;10:39:00;RA;150;discharge;Hanna;7294;0;0;falling;13:18:55;5995;417;414;3;1.3833;6.9165;Active;
30/09/2023;10:39:00;RA;150;discharge;Hanna;7294;0;0;falling;13:19:00;6000;417;414;3;1.3833;6.9165;Active;
30/09/2023;10:39:00;RA;150;discharge;Hanna;7294;0;0;falling;13:19:05;6005;417;414;3;1.3833;6.9165;Active;
30/09/2023;10:39:00;RA;150;discharge;Hanna;7294;0;0;falling;13:19:10;6010;417;414;3;1.3833;6.9165;Active;
30/09/2023;10:39:00;RA;150;discharge;Hanna;7294;0;0;falling;13:19:15;6015;417;414;3;1.3833;6.9165;Active;
30/09/2023;10:39:00;RA;150;discharge;Hanna;7294;0;0;falling;13:19:20;6020;417;414;3;1.3833;6.9165;Active;
30/09/2023;10:39:00;RA;150;discharge;Hanna;7294;0;0;falling;13:19:25;6025;417;414;3;1.3833;6.9165;Active;
30/09/2023;10:39:00;RA;150;discharge;Hanna;7294;0;0;falling;13:19:30;6030;417;414;3;1.3833;6.9165;Active;
30/09/2023;10:39:00;RA;150;discharge;Hanna;7294;0;0;falling;13:19:35;6035;417;414;3;1.3833;6.9165;Active;
30/09/2023;10:39:00;RA;150;discharge;Hanna;7294;0;0;falling;13:19:40;6040;417;414;3;1.3833;6.9165;Active;
30/09/2023;10:39:00;RA;150;discharge;Hanna;7294;0;0;falling;13:19:45;6045;417;414;3;1.3833;6.9165;Active;
30/09/2023;10:39:00;RA;150;discharge;Hanna;7294;0;0;falling;13:19:50;6050;417;414;3;1.3833;6.9165;Active;
30/09/2023;10:39:00;RA;150;discharge;Hanna;7294;0;0;falling;13:19:55;6055;417;414;3;1.3833;6.9165;Active;
30/09/2023;10:39:00;RA;150;discharge;Hanna;7294;0;0;falling;13:20:00;6060;417;414;3;1.3833;6.9165;Active;
30/09/2023;10:39:00;RA;150;discharge;Hanna;7294;0;0;falling;13:20:05;6065;418;414;4;1.8444;9.222;Active;
30/09/2023;10:39:00;RA;150;discharge;Hanna;7294;0;0;falling;13:20:10;6070;418;414;4;1.8444;9.222;Active;
30/09/2023;10:39:00;RA;150;discharge;Hanna;7294;0;0;falling;13:20:15;6075;417;414;3;1.3833;6.9165;Active;
30/09/2023;10:39:00;RA;150;discharge;Hanna;7294;0;0;falling;13:20:20;6080;417;414;3;1.3833;6.9165;Active;
30/09/2023;10:39:00;RA;150;discharge;Hanna;7294;0;0;falling;13:20:25;6085;417;414;3;1.3833;6.9165;Active;
30/09/2023;10:39:00;RA;150;discharge;Hanna;7294;0;0;falling;13:20:30;6090;417;414;3;1.3833;6.9165;Active;
30/09/2023;10:39:00;RA;150;discharge;Hanna;7294;0;0;falling;13:20:35;6095;417;414;3;1.3833;6.9165;Active;
30/09/2023;10:39:00;RA;150;discharge;Hanna;7294;0;0;falling;13:20:40;6100;418;414;4;1.8444;9.222;Active;
30/09/2023;10:39:00;RA;150;discharge;Hanna;7294;0;0;falling;13:20:45;6105;418;414;4;1.8444;9.222;Active;
30/09/2023;10:39:00;RA;150;discharge;Hanna;7294;0;0;falling;13:20:50;6110;418;414;4;1.8444;9.222;Active;
30/09/2023;10:39:00;RA;150;discharge;Hanna;7294;0;0;falling;13:20:55;6115;418;414;4;1.8444;9.222;Active;
30/09/2023;10:39:00;RA;150;discharge;Hanna;7294;0;0;falling;13:21:00;6120;418;414;4;1.8444;9.222;Active;
30/09/2023;10:39:00;RA;150;discharge;Hanna;7294;0;0;falling;13:21:05;6125;418;414;4;1.8444;9.222;Active;
30/09/2023;10:39:00;RA;150;discharge;Hanna;7294;0;0;falling;13:21:10;6130;418;414;4;1.8444;9.222;Active;
30/09/2023;10:39:00;RA;150;discharge;Hanna;7294;0;0;falling;13:21:15;6135;418;414;4;1.8444;9.222;Active;
30/09/2023;10:39:00;RA;150;discharge;Hanna;7294;0;0;falling;13:21:20;6140;418;414;4;1.8444;9.222;Active;
30/09/2023;10:39:00;RA;150;discharge;Hanna;7294;0;0;falling;13:21:25;6145;418;414;4;1.8444;9.222;Active;
30/09/2023;10:39:00;RA;150;discharge;Hanna;7294;0;0;falling;13:21:30;6150;418;414;4;1.8444;9.222;Active;
30/09/2023;10:39:00;RA;150;discharge;Hanna;7294;0;0;falling;13:21:35;6155;418;414;4;1.8444;9.222;Active;
30/09/2023;10:39:00;RA;150;discharge;Hanna;7294;0;0;falling;13:21:40;6160;418;414;4;1.8444;9.222;Active;
30/09/2023;10:39:00;RA;150;discharge;Hanna;7294;0;0;falling;13:21:45;6165;418;414;4;1.8444;9.222;Active;
30/09/2023;10:39:00;RA;150;discharge;Hanna;7294;0;0;falling;13:21:50;6170;418;414;4;1.8444;9.222;Active;
30/09/2023;10:39:00;RA;150;discharge;Hanna;7294;0;0;falling;13:21:55;6175;418;414;4;1.8444;9.222;Active;
30/09/2023;10:39:00;RA;150;discharge;Hanna;7294;0;0;falling;13:22:00;6180;418;414;4;1.8444;9.222;Active;
30/09/2023;10:39:00;RA;150;discharge;Hanna;7294;0;0;falling;13:22:05;6185;418;414;4;1.8444;9.222;Active;
30/09/2023;10:39:00;RA;150;discharge;Hanna;7294;0;0;falling;13:22:10;6190;418;414;4;1.8444;9.222;Active;
30/09/2023;10:39:00;RA;150;discharge;Hanna;7294;0;0;falling;13:22:15;6195;418;414;4;1.8444;9.222;Active;
30/09/2023;10:39:00;RA;150;discharge;Hanna;7294;0;0;falling;13:22:20;6200;418;414;4;1.8444;9.222;Active;
30/09/2023;10:39:00;RA;150;discharge;Hanna;7294;0;0;falling;13:22:25;6205;418;414;4;1.8444;9.222;Active;
30/09/2023;10:39:00;RA;150;discharge;Hanna;7294;0;0;falling;13:22:30;6210;418;414;4;1.8444;9.222;Active;
30/09/2023;10:39:00;RA;150;discharge;Hanna;7294;0;0;falling;13:22:35;6215;418;414;4;1.8444;9.222;Active;
30/09/2023;10:39:00;RA;150;discharge;Hanna;7294;0;0;falling;13:22:40;6220;418;414;4;1.8444;9.222;Active;
30/09/2023;10:39:00;RA;150;discharge;Hanna;7294;0;0;falling;13:22:45;6225;418;414;4;1.8444;9.222;Active;
30/09/2023;10:39:00;RA;150;discharge;Hanna;7294;0;0;falling;13:22:50;6230;418;414;4;1.8444;9.222;Active;
30/09/2023;10:39:00;RA;150;discharge;Hanna;7294;0;0;falling;13:22:55;6235;418;414;4;1.8444;9.222;Active;
30/09/2023;10:39:00;RA;150;discharge;Hanna;7294;0;0;falling;13:23:00;6240;418;414;4;1.8444;9.222;Active;
30/09/2023;10:39:00;RA;150;discharge;Hanna;7294;0;0;falling;13:23:05;6245;418;414;4;1.8444;9.222;Active;
30/09/2023;10:39:00;RA;150;discharge;Hanna;7294;0;0;falling;13:23:10;6250;418;414;4;1.8444;9.222;Active;
30/09/2023;10:39:00;RA;150;discharge;Hanna;7294;0;0;falling;13:23:15;6255;418;414;4;1.8444;9.222;Active;
30/09/2023;10:39:00;RA;150;discharge;Hanna;7294;0;0;falling;13:23:20;6260;418;414;4;1.8444;9.222;Active;
30/09/2023;10:39:00;RA;150;discharge;Hanna;7294;0;0;falling;13:23:25;6265;418;414;4;1.8444;9.222;Active;
30/09/2023;10:39:00;RA;150;discharge;Hanna;7294;0;0;falling;13:23:30;6270;417;414;3;1.3833;6.9165;Active;
30/09/2023;10:39:00;RA;150;discharge;Hanna;7294;0;0;falling;13:23:35;6275;417;414;3;1.3833;6.9165;Active;
30/09/2023;10:39:00;RA;150;discharge;Hanna;7294;0;0;falling;13:23:40;6280;417;414;3;1.3833;6.9165;Active;
30/09/2023;10:39:00;RA;150;discharge;Hanna;7294;0;0;falling;13:23:45;6285;417;414;3;1.3833;6.9165;Active;
30/09/2023;10:39:00;RA;150;discharge;Hanna;7294;0;0;falling;13:23:50;6290;417;414;3;1.3833;6.9165;Active;
30/09/2023;10:39:00;RA;150;discharge;Hanna;7294;0;0;falling;13:23:55;6295;417;414;3;1.3833;6.9165;Active;
30/09/2023;10:39:00;RA;150;discharge;Hanna;7294;0;0;falling;13:24:00;6300;417;414;3;1.3833;6.9165;Active;
30/09/2023;10:39:00;RA;150;discharge;Hanna;7294;0;0;falling;13:24:05;6305;417;414;3;1.3833;6.9165;Active;
30/09/2023;10:39:00;RA;150;discharge;Hanna;7294;0;0;falling;13:24:10;6310;417;414;3;1.3833;6.9165;Active;
30/09/2023;10:39:00;RA;150;discharge;Hanna;7294;0;0;falling;13:24:15;6315;417;414;3;1.3833;6.9165;Active;
30/09/2023;10:39:00;RA;150;discharge;Hanna;7294;0;0;falling;13:24:20;6320;417;414;3;1.3833;6.9165;Active;
30/09/2023;10:39:00;RA;150;discharge;Hanna;7294;0;0;falling;13:24:25;6325;417;414;3;1.3833;6.9165;Active;
30/09/2023;10:39:00;RA;150;discharge;Hanna;7294;0;0;falling;13:24:30;6330;417;414;3;1.3833;6.9165;Active;
30/09/2023;10:39:00;RA;150;discharge;Hanna;7294;0;0;falling;13:24:35;6335;417;414;3;1.3833;6.9165;Active;
30/09/2023;10:39:00;RA;150;discharge;Hanna;7294;0;0;falling;13:24:40;6340;417;414;3;1.3833;6.9165;Active;
30/09/2023;10:39:00;RA;150;discharge;Hanna;7294;0;0;falling;13:24:45;6345;417;414;3;1.3833;6.9165;Active;
30/09/2023;10:39:00;RA;150;discharge;Hanna;7294;0;0;falling;13:24:50;6350;417;414;3;1.3833;6.9165;Active;
30/09/2023;10:39:00;RA;150;discharge;Hanna;7294;0;0;falling;13:24:55;6355;417;414;3;1.3833;6.9165;Active;
30/09/2023;10:39:00;RA;150;discharge;Hanna;7294;0;0;falling;13:25:00;6360;417;414;3;1.3833;6.9165;Active;
30/09/2023;10:39:00;RA;150;discharge;Hanna;7294;0;0;falling;13:25:05;6365;417;414;3;1.3833;6.9165;Active;
30/09/2023;10:39:00;RA;150;discharge;Hanna;7294;0;0;falling;13:25:10;6370;417;414;3;1.3833;6.9165;Active;
30/09/2023;10:39:00;RA;150;discharge;Hanna;7294;0;0;falling;13:25:15;6375;417;414;3;1.3833;6.9165;Active;
30/09/2023;10:39:00;RA;150;discharge;Hanna;7294;0;0;falling;13:25:20;6380;417;414;3;1.3833;6.9165;Active;
30/09/2023;10:39:00;RA;150;discharge;Hanna;7294;0;0;falling;13:25:25;6385;417;414;3;1.3833;6.9165;Active;
30/09/2023;10:39:00;RA;150;discharge;Hanna;7294;0;0;falling;13:25:30;6390;417;414;3;1.3833;6.9165;Active;
30/09/2023;10:39:00;RA;150;discharge;Hanna;7294;0;0;falling;13:25:35;6395;417;414;3;1.3833;6.9165;Active;
30/09/2023;10:39:00;RA;150;discharge;Hanna;7294;0;0;falling;13:25:40;6400;417;414;3;1.3833;6.9165;Active;
30/09/2023;10:39:00;RA;150;discharge;Hanna;7294;0;0;falling;13:25:45;6405;417;414;3;1.3833;6.9165;Active;
30/09/2023;10:39:00;RA;150;discharge;Hanna;7294;0;0;falling;13:25:50;6410;417;414;3;1.3833;6.9165;Active;
30/09/2023;10:39:00;RA;150;discharge;Hanna;7294;0;0;falling;13:25:55;6415;417;414;3;1.3833;6.9165;Active;
30/09/2023;10:39:00;RA;150;discharge;Hanna;7294;0;0;falling;13:26:00;6420;417;414;3;1.3833;6.9165;Active;
30/09/2023;10:39:00;RA;150;discharge;Hanna;7294;0;0;falling;13:26:05;6425;417;414;3;1.3833;6.9165;Active;
30/09/2023;10:39:00;RA;150;discharge;Hanna;7294;0;0;falling;13:26:10;6430;417;414;3;1.3833;6.9165;Active;
30/09/2023;10:39:00;RA;150;discharge;Hanna;7294;0;0;falling;13:26:15;6435;417;414;3;1.3833;6.9165;Active;
30/09/2023;10:39:00;RA;150;discharge;Hanna;7294;0;0;falling;13:26:20;6440;417;414;3;1.3833;6.9165;Active;
30/09/2023;10:39:00;RA;150;discharge;Hanna;7294;0;0;falling;13:26:25;6445;417;414;3;1.3833;6.9165;Active;
30/09/2023;10:39:00;RA;150;discharge;Hanna;7294;0;0;falling;13:26:30;6450;417;414;3;1.3833;6.9165;Active;
30/09/2023;10:39:00;RA;150;discharge;Hanna;7294;0;0;falling;13:26:35;6455;417;414;3;1.3833;6.9165;Active;
30/09/2023;10:39:00;RA;150;discharge;Hanna;7294;0;0;falling;13:26:40;6460;417;414;3;1.3833;6.9165;Active;
30/09/2023;10:39:00;RA;150;discharge;Hanna;7294;0;0;falling;13:26:45;6465;417;414;3;1.3833;6.9165;Active;
30/09/2023;10:39:00;RA;150;discharge;Hanna;7294;0;0;falling;13:26:50;6470;417;414;3;1.3833;6.9165;Active;
30/09/2023;10:39:00;RA;150;discharge;Hanna;7294;0;0;falling;13:26:55;6475;417;414;3;1.3833;6.9165;Active;
30/09/2023;10:39:00;RA;150;discharge;Hanna;7294;0;0;falling;13:27:00;6480;417;414;3;1.3833;6.9165;Active;
30/09/2023;10:39:00;RA;150;discharge;Hanna;7294;0;0;falling;13:27:05;6485;417;414;3;1.3833;6.9165;Active;
30/09/2023;10:39:00;RA;150;discharge;Hanna;7294;0;0;falling;13:27:10;6490;417;414;3;1.3833;6.9165;Active;
30/09/2023;10:39:00;RA;150;discharge;Hanna;7294;0;0;falling;13:27:15;6495;417;414;3;1.3833;6.9165;Active;
30/09/2023;10:39:00;RA;150;discharge;Hanna;7294;0;0;falling;13:27:20;6500;417;414;3;1.3833;6.9165;Active;
30/09/2023;10:39:00;RA;150;discharge;Hanna;7294;0;0;falling;13:27:25;6505;417;414;3;1.3833;6.9165;Active;
30/09/2023;10:39:00;RA;150;discharge;Hanna;7294;0;0;falling;13:27:30;6510;417;414;3;1.3833;6.9165;Active;
30/09/2023;10:39:00;RA;150;discharge;Hanna;7294;0;0;falling;13:27:35;6515;417;414;3;1.3833;6.9165;Active;
30/09/2023;10:39:00;RA;150;discharge;Hanna;7294;0;0;falling;13:27:40;6520;417;414;3;1.3833;6.9165;Active;
30/09/2023;10:39:00;RA;150;discharge;Hanna;7294;0;0;falling;13:27:45;6525;417;414;3;1.3833;6.9165;Active;
30/09/2023;10:39:00;RA;150;discharge;Hanna;7294;0;0;falling;13:27:50;6530;417;414;3;1.3833;6.9165;Active;
30/09/2023;10:39:00;RA;150;discharge;Hanna;7294;0;0;falling;13:27:55;6535;417;414;3;1.3833;6.9165;Active;
30/09/2023;10:39:00;RA;150;discharge;Hanna;7294;0;0;falling;13:28:00;6540;417;414;3;1.3833;6.9165;Active;
30/09/2023;10:39:00;RA;150;discharge;Hanna;7294;0;0;falling;13:28:05;6545;417;414;3;1.3833;6.9165;Active;
30/09/2023;10:39:00;RA;150;discharge;Hanna;7294;0;0;falling;13:28:10;6550;417;414;3;1.3833;6.9165;Active;
30/09/2023;10:39:00;RA;150;discharge;Hanna;7294;0;0;falling;13:28:15;6555;417;414;3;1.3833;6.9165;Active;
30/09/2023;10:39:00;RA;150;discharge;Hanna;7294;0;0;falling;13:28:20;6560;417;414;3;1.3833;6.9165;Active;
30/09/2023;10:39:00;RA;150;discharge;Hanna;7294;0;0;falling;13:28:25;6565;417;414;3;1.3833;6.9165;Active;
30/09/2023;10:39:00;RA;150;discharge;Hanna;7294;0;0;falling;13:28:30;6570;417;414;3;1.3833;6.9165;Active;
30/09/2023;10:39:00;RA;150;discharge;Hanna;7294;0;0;falling;13:28:35;6575;417;414;3;1.3833;6.9165;Active;
30/09/2023;10:39:00;RA;150;discharge;Hanna;7294;0;0;falling;13:28:40;6580;417;414;3;1.3833;6.9165;Active;
30/09/2023;10:39:00;RA;150;discharge;Hanna;7294;0;0;falling;13:28:45;6585;417;414;3;1.3833;6.9165;Active;
30/09/2023;10:39:00;RA;150;discharge;Hanna;7294;0;0;falling;13:28:50;6590;417;414;3;1.3833;6.9165;Active;
30/09/2023;10:39:00;RA;150;discharge;Hanna;7294;0;0;falling;13:28:55;6595;417;414;3;1.3833;6.9165;Active;
30/09/2023;10:39:00;RA;150;discharge;Hanna;7294;0;0;falling;13:29:00;6600;417;414;3;1.3833;6.9165;Active;
30/09/2023;10:39:00;RA;150;discharge;Hanna;7294;0;0;falling;13:29:05;6605;417;414;3;1.3833;6.9165;Active;
30/09/2023;10:39:00;RA;150;discharge;Hanna;7294;0;0;falling;13:29:10;6610;417;414;3;1.3833;6.9165;Active;
30/09/2023;10:39:00;RA;150;discharge;Hanna;7294;0;0;falling;13:29:15;6615;417;414;3;1.3833;6.9165;Active;
30/09/2023;10:39:00;RA;150;discharge;Hanna;7294;0;0;falling;13:29:20;6620;417;414;3;1.3833;6.9165;Active;
30/09/2023;10:39:00;RA;150;discharge;Hanna;7294;0;0;falling;13:29:25;6625;417;414;3;1.3833;6.9165;Active;
30/09/2023;10:39:00;RA;150;discharge;Hanna;7294;0;0;falling;13:29:30;6630;417;414;3;1.3833;6.9165;Active;
30/09/2023;10:39:00;RA;150;discharge;Hanna;7294;0;0;falling;13:29:35;6635;417;414;3;1.3833;6.9165;Active;
30/09/2023;10:39:00;RA;150;discharge;Hanna;7294;0;0;falling;13:29:40;6640;417;414;3;1.3833;6.9165;Active;
30/09/2023;10:39:00;RA;150;discharge;Hanna;7294;0;0;falling;13:29:45;6645;417;414;3;1.3833;6.9165;Active;
30/09/2023;10:39:00;RA;150;discharge;Hanna;7294;0;0;falling;13:29:50;6650;417;414;3;1.3833;6.9165;Active;
30/09/2023;10:39:00;RA;150;discharge;Hanna;7294;0;0;falling;13:29:55;6655;417;414;3;1.3833;6.9165;Active;
30/09/2023;10:39:00;RA;150;discharge;Hanna;7294;0;0;falling;13:30:00;6660;417;414;3;1.3833;6.9165;Active;
30/09/2023;10:39:00;RA;150;discharge;Hanna;7294;0;0;falling;13:30:05;6665;417;414;3;1.3833;6.9165;Active;
30/09/2023;10:39:00;RA;150;discharge;Hanna;7294;0;0;falling;13:30:10;6670;417;414;3;1.3833;6.9165;Active;
30/09/2023;10:39:00;RA;150;discharge;Hanna;7294;0;0;falling;13:30:15;6675;417;414;3;1.3833;6.9165;Active;
30/09/2023;10:39:00;RA;150;discharge;Hanna;7294;0;0;falling;13:30:20;6680;417;414;3;1.3833;6.9165;Active;
30/09/2023;10:39:00;RA;150;discharge;Hanna;7294;0;0;falling;13:30:25;6685;417;414;3;1.3833;6.9165;Active;
30/09/2023;10:39:00;RA;150;discharge;Hanna;7294;0;0;falling;13:30:30;6690;417;414;3;1.3833;6.9165;Active;
30/09/2023;10:39:00;RA;150;discharge;Hanna;7294;0;0;falling;13:30:35;6695;417;414;3;1.3833;6.9165;Active;
30/09/2023;10:39:00;RA;150;discharge;Hanna;7294;0;0;falling;13:30:40;6700;417;414;3;1.3833;6.9165;Active;
30/09/2023;10:39:00;RA;150;discharge;Hanna;7294;0;0;falling;13:30:45;6705;417;414;3;1.3833;6.9165;Active;
30/09/2023;10:39:00;RA;150;discharge;Hanna;7294;0;0;falling;13:30:50;6710;417;414;3;1.3833;6.9165;Active;
30/09/2023;10:39:00;RA;150;discharge;Hanna;7294;0;0;falling;13:30:55;6715;416;414;2;0.9222;4.611;Active;
30/09/2023;10:39:00;RA;150;discharge;Hanna;7294;0;0;falling;13:31:00;6720;416;414;2;0.9222;4.611;Active;
30/09/2023;10:39:00;RA;150;discharge;Hanna;7294;0;0;falling;13:31:05;6725;416;414;2;0.9222;4.611;Active;
30/09/2023;10:39:00;RA;150;discharge;Hanna;7294;0;0;falling;13:31:10;6730;417;414;3;1.3833;6.9165;Active;
30/09/2023;10:39:00;RA;150;discharge;Hanna;7294;0;0;falling;13:31:15;6735;417;414;3;1.3833;6.9165;Active;
30/09/2023;10:39:00;RA;150;discharge;Hanna;7294;0;0;falling;13:31:20;6740;417;414;3;1.3833;6.9165;Active;
30/09/2023;10:39:00;RA;150;discharge;Hanna;7294;0;0;falling;13:31:25;6745;417;414;3;1.3833;6.9165;Active;
30/09/2023;10:39:00;RA;150;discharge;Hanna;7294;0;0;falling;13:31:30;6750;416;414;2;0.9222;4.611;Active;
30/09/2023;10:39:00;RA;150;discharge;Hanna;7294;0;0;falling;13:31:35;6755;416;414;2;0.9222;4.611;Active;
30/09/2023;10:39:00;RA;150;discharge;Hanna;7294;0;0;falling;13:31:40;6760;416;414;2;0.9222;4.611;Active;
30/09/2023;10:39:00;RA;150;discharge;Hanna;7294;0;0;falling;13:31:45;6765;416;414;2;0.9222;4.611;Active;
30/09/2023;10:39:00;RA;150;discharge;Hanna;7294;0;0;falling;13:31:50;6770;416;414;2;0.9222;4.611;Active;
30/09/2023;10:39:00;RA;150;discharge;Hanna;7294;0;0;falling;13:31:55;6775;416;414;2;0.9222;4.611;Active;
30/09/2023;10:39:00;RA;150;discharge;Hanna;7294;0;0;falling;13:32:00;6780;416;414;2;0.9222;4.611;Active;
30/09/2023;10:39:00;RA;150;discharge;Hanna;7294;0;0;falling;13:32:05;6785;416;414;2;0.9222;4.611;Active;
30/09/2023;10:39:00;RA;150;discharge;Hanna;7294;0;0;falling;13:32:10;6790;416;414;2;0.9222;4.611;Active;
30/09/2023;10:39:00;RA;150;discharge;Hanna;7294;0;0;falling;13:32:15;6795;417;414;3;1.3833;6.9165;Active;
30/09/2023;10:39:00;RA;150;discharge;Hanna;7294;0;0;falling;13:32:20;6800;417;414;3;1.3833;6.9165;Active;
30/09/2023;10:39:00;RA;150;discharge;Hanna;7294;0;0;falling;13:32:25;6805;417;414;3;1.3833;6.9165;Active;
30/09/2023;10:39:00;RA;150;discharge;Hanna;7294;0;0;falling;13:32:30;6810;417;414;3;1.3833;6.9165;Active;
30/09/2023;10:39:00;RA;150;discharge;Hanna;7294;0;0;falling;13:32:35;6815;417;414;3;1.3833;6.9165;Active;
30/09/2023;10:39:00;RA;150;discharge;Hanna;7294;0;0;falling;13:32:40;6820;417;414;3;1.3833;6.9165;Active;
30/09/2023;10:39:00;RA;150;discharge;Hanna;7294;0;0;falling;13:32:45;6825;417;414;3;1.3833;6.9165;Active;
30/09/2023;10:39:00;RA;150;discharge;Hanna;7294;0;0;falling;13:32:50;6830;417;414;3;1.3833;6.9165;Active;
30/09/2023;10:39:00;RA;150;discharge;Hanna;7294;0;0;falling;13:32:55;6835;417;414;3;1.3833;6.9165;Active;
30/09/2023;10:39:00;RA;150;discharge;Hanna;7294;0;0;falling;13:33:00;6840;417;414;3;1.3833;6.9165;Active;
30/09/2023;10:39:00;RA;150;discharge;Hanna;7294;0;0;falling;13:33:05;6845;417;414;3;1.3833;6.9165;Active;
30/09/2023;10:39:00;RA;150;discharge;Hanna;7294;0;0;falling;13:33:10;6850;417;414;3;1.3833;6.9165;Active;
30/09/2023;10:39:00;RA;150;discharge;Hanna;7294;0;0;falling;13:33:15;6855;417;414;3;1.3833;6.9165;Active;
30/09/2023;10:39:00;RA;150;discharge;Hanna;7294;0;0;falling;13:33:20;6860;417;414;3;1.3833;6.9165;Active;
30/09/2023;10:39:00;RA;150;discharge;Hanna;7294;0;0;falling;13:33:25;6865;417;414;3;1.3833;6.9165;Active;
30/09/2023;10:39:00;RA;150;discharge;Hanna;7294;0;0;falling;13:33:30;6870;417;414;3;1.3833;6.9165;Active;
30/09/2023;10:39:00;RA;150;discharge;Hanna;7294;0;0;falling;13:33:35;6875;417;414;3;1.3833;6.9165;Active;
30/09/2023;10:39:00;RA;150;discharge;Hanna;7294;0;0;falling;13:33:40;6880;417;414;3;1.3833;6.9165;Active;
30/09/2023;10:39:00;RA;150;discharge;Hanna;7294;0;0;falling;13:33:45;6885;417;414;3;1.3833;6.9165;Active;
30/09/2023;10:39:00;RA;150;discharge;Hanna;7294;0;0;falling;13:33:50;6890;417;414;3;1.3833;6.9165;Active;
30/09/2023;10:39:00;RA;150;discharge;Hanna;7294;0;0;falling;13:33:55;6895;417;414;3;1.3833;6.9165;Active;
30/09/2023;10:39:00;RA;150;discharge;Hanna;7294;0;0;falling;13:34:00;6900;417;414;3;1.3833;6.9165;Active;
30/09/2023;10:39:00;RA;150;discharge;Hanna;7294;0;0;falling;13:34:05;6905;417;414;3;1.3833;6.9165;Active;
30/09/2023;10:39:00;RA;150;discharge;Hanna;7294;0;0;falling;13:34:10;6910;417;414;3;1.3833;6.9165;Active;
30/09/2023;10:39:00;RA;150;discharge;Hanna;7294;0;0;falling;13:34:15;6915;417;414;3;1.3833;6.9165;Active;
30/09/2023;10:39:00;RA;150;discharge;Hanna;7294;0;0;falling;13:34:20;6920;417;414;3;1.3833;6.9165;Active;
30/09/2023;10:39:00;RA;150;discharge;Hanna;7294;0;0;falling;13:34:25;6925;417;414;3;1.3833;6.9165;Active;
30/09/2023;10:39:00;RA;150;discharge;Hanna;7294;0;0;falling;13:34:30;6930;417;414;3;1.3833;6.9165;Active;
30/09/2023;10:39:00;RA;150;discharge;Hanna;7294;0;0;falling;13:34:35;6935;417;414;3;1.3833;6.9165;Active;
30/09/2023;10:39:00;RA;150;discharge;Hanna;7294;0;0;falling;13:34:40;6940;417;414;3;1.3833;6.9165;Active;
30/09/2023;10:39:00;RA;150;discharge;Hanna;7294;0;0;falling;13:34:45;6945;417;414;3;1.3833;6.9165;Active;
30/09/2023;10:39:00;RA;150;discharge;Hanna;7294;0;0;falling;13:34:50;6950;417;414;3;1.3833;6.9165;Active;
30/09/2023;10:39:00;RA;150;discharge;Hanna;7294;0;0;falling;13:34:55;6955;417;414;3;1.3833;6.9165;Active;
30/09/2023;10:39:00;RA;150;discharge;Hanna;7294;0;0;falling;13:35:00;6960;417;414;3;1.3833;6.9165;Active;
30/09/2023;10:39:00;RA;150;discharge;Hanna;7294;0;0;falling;13:35:05;6965;416;414;2;0.9222;4.611;Active;
30/09/2023;10:39:00;RA;150;discharge;Hanna;7294;0;0;falling;13:35:10;6970;416;414;2;0.9222;4.611;Active;
30/09/2023;10:39:00;RA;150;discharge;Hanna;7294;0;0;falling;13:35:15;6975;416;414;2;0.9222;4.611;Active;
30/09/2023;10:39:00;RA;150;discharge;Hanna;7294;0;0;falling;13:35:20;6980;416;414;2;0.9222;4.611;Active;
30/09/2023;10:39:00;RA;150;discharge;Hanna;7294;0;0;falling;13:35:25;6985;416;414;2;0.9222;4.611;Active;
30/09/2023;10:39:00;RA;150;discharge;Hanna;7294;0;0;falling;13:35:30;6990;416;414;2;0.9222;4.611;Active;
30/09/2023;10:39:00;RA;150;discharge;Hanna;7294;0;0;falling;13:35:35;6995;416;414;2;0.9222;4.611;Active;
30/09/2023;10:39:00;RA;150;discharge;Hanna;7294;0;0;falling;13:35:40;7000;416;414;2;0.9222;4.611;Active;
30/09/2023;10:39:00;RA;150;discharge;Hanna;7294;0;0;falling;13:35:45;7005;416;414;2;0.9222;4.611;Active;
30/09/2023;10:39:00;RA;150;discharge;Hanna;7294;0;0;falling;13:35:50;7010;416;414;2;0.9222;4.611;Active;
30/09/2023;10:39:00;RA;150;discharge;Hanna;7294;0;0;falling;13:35:55;7015;416;414;2;0.9222;4.611;Active;
30/09/2023;10:39:00;RA;150;discharge;Hanna;7294;0;0;falling;13:36:00;7020;416;414;2;0.9222;4.611;Active;
30/09/2023;10:39:00;RA;150;discharge;Hanna;7294;0;0;falling;13:36:05;7025;416;414;2;0.9222;4.611;Active;
30/09/2023;10:39:00;RA;150;discharge;Hanna;7294;0;0;falling;13:36:10;7030;416;414;2;0.9222;4.611;Active;
30/09/2023;10:39:00;RA;150;discharge;Hanna;7294;0;0;falling;13:36:15;7035;416;414;2;0.9222;4.611;Active;
30/09/2023;10:39:00;RA;150;discharge;Hanna;7294;0;0;falling;13:36:20;7040;416;414;2;0.9222;4.611;Active;
30/09/2023;10:39:00;RA;150;discharge;Hanna;7294;0;0;falling;13:36:25;7045;416;414;2;0.9222;4.611;Active;
30/09/2023;10:39:00;RA;150;discharge;Hanna;7294;0;0;falling;13:36:30;7050;416;414;2;0.9222;4.611;Active;
30/09/2023;10:39:00;RA;150;discharge;Hanna;7294;0;0;falling;13:36:35;7055;416;414;2;0.9222;4.611;Active;
30/09/2023;10:39:00;RA;150;discharge;Hanna;7294;0;0;falling;13:36:40;7060;416;414;2;0.9222;4.611;Active;
30/09/2023;10:39:00;RA;150;discharge;Hanna;7294;0;0;falling;13:36:45;7065;416;414;2;0.9222;4.611;Active;
30/09/2023;10:39:00;RA;150;discharge;Hanna;7294;0;0;falling;13:36:50;7070;416;414;2;0.9222;4.611;Active;
30/09/2023;10:39:00;RA;150;discharge;Hanna;7294;0;0;falling;13:36:55;7075;416;414;2;0.9222;4.611;Active;
30/09/2023;10:39:00;RA;150;discharge;Hanna;7294;0;0;falling;13:37:00;7080;416;414;2;0.9222;4.611;Active;
30/09/2023;10:39:00;RA;150;discharge;Hanna;7294;0;0;falling;13:37:05;7085;416;414;2;0.9222;4.611;Active;
30/09/2023;10:39:00;RA;150;discharge;Hanna;7294;0;0;falling;13:37:10;7090;416;414;2;0.9222;4.611;Active;
30/09/2023;10:39:00;RA;150;discharge;Hanna;7294;0;0;falling;13:37:15;7095;416;414;2;0.9222;4.611;Active;
30/09/2023;10:39:00;RA;150;discharge;Hanna;7294;0;0;falling;13:37:20;7100;416;414;2;0.9222;4.611;Active;
30/09/2023;10:39:00;RA;150;discharge;Hanna;7294;0;0;falling;13:37:25;7105;416;414;2;0.9222;4.611;Active;
30/09/2023;10:39:00;RA;150;discharge;Hanna;7294;0;0;falling;13:37:30;7110;416;414;2;0.9222;4.611;Active;
30/09/2023;10:39:00;RA;150;discharge;Hanna;7294;0;0;falling;13:37:35;7115;416;414;2;0.9222;4.611;Active;
30/09/2023;10:39:00;RA;150;discharge;Hanna;7294;0;0;falling;13:37:40;7120;416;414;2;0.9222;4.611;Active;
30/09/2023;10:39:00;RA;150;discharge;Hanna;7294;0;0;falling;13:37:45;7125;416;414;2;0.9222;4.611;Active;
30/09/2023;10:39:00;RA;150;discharge;Hanna;7294;0;0;falling;13:37:50;7130;416;414;2;0.9222;4.611;Active;
30/09/2023;10:39:00;RA;150;discharge;Hanna;7294;0;0;falling;13:37:55;7135;416;414;2;0.9222;4.611;Active;
30/09/2023;10:39:00;RA;150;discharge;Hanna;7294;0;0;falling;13:38:00;7140;416;414;2;0.9222;4.611;Active;
30/09/2023;10:39:00;RA;150;discharge;Hanna;7294;0;0;falling;13:38:05;7145;416;414;2;0.9222;4.611;Active;
30/09/2023;10:39:00;RA;150;discharge;Hanna;7294;0;0;falling;13:38:10;7150;416;414;2;0.9222;4.611;Active;
30/09/2023;10:39:00;RA;150;discharge;Hanna;7294;0;0;falling;13:38:15;7155;416;414;2;0.9222;4.611;Active;
30/09/2023;10:39:00;RA;150;discharge;Hanna;7294;0;0;falling;13:38:20;7160;416;414;2;0.9222;4.611;Active;
30/09/2023;10:39:00;RA;150;discharge;Hanna;7294;0;0;falling;13:38:25;7165;416;414;2;0.9222;4.611;Active;
30/09/2023;10:39:00;RA;150;discharge;Hanna;7294;0;0;falling;13:38:30;7170;416;414;2;0.9222;4.611;Active;
30/09/2023;10:39:00;RA;150;discharge;Hanna;7294;0;0;falling;13:38:35;7175;416;414;2;0.9222;4.611;Active;
30/09/2023;10:39:00;RA;150;discharge;Hanna;7294;0;0;falling;13:38:40;7180;416;414;2;0.9222;4.611;Active;
30/09/2023;10:39:00;RA;150;discharge;Hanna;7294;0;0;falling;13:38:45;7185;416;414;2;0.9222;4.611;Active;
30/09/2023;10:39:00;RA;150;discharge;Hanna;7294;0;0;falling;13:38:50;7190;416;414;2;0.9222;4.611;Active;
30/09/2023;10:39:00;RA;150;discharge;Hanna;7294;0;0;falling;13:38:55;7195;416;414;2;0.9222;4.611;Active;
30/09/2023;10:39:00;RA;150;discharge;Hanna;7294;0;0;falling;13:39:00;7200;416;414;2;0.9222;4.611;Active;
30/09/2023;10:39:00;RA;150;discharge;Hanna;7294;0;0;falling;13:39:05;7205;416;414;2;0.9222;4.611;Active;
30/09/2023;10:39:00;RA;150;discharge;Hanna;7294;0;0;falling;13:39:10;7210;416;414;2;0.9222;4.611;Active;
30/09/2023;10:39:00;RA;150;discharge;Hanna;7294;0;0;falling;13:39:15;7215;416;414;2;0.9222;4.611;Active;
30/09/2023;10:39:00;RA;150;discharge;Hanna;7294;0;0;falling;13:39:20;7220;416;414;2;0.9222;4.611;Active;
30/09/2023;10:39:00;RA;150;discharge;Hanna;7294;0;0;falling;13:39:25;7225;416;414;2;0.9222;4.611;Active;
30/09/2023;10:39:00;RA;150;discharge;Hanna;7294;0;0;falling;13:39:30;7230;416;414;2;0.9222;4.611;Active;
30/09/2023;10:39:00;RA;150;discharge;Hanna;7294;0;0;falling;13:39:35;7235;416;414;2;0.9222;4.611;Active;
30/09/2023;10:39:00;RA;150;discharge;Hanna;7294;0;0;falling;13:39:40;7240;416;414;2;0.9222;4.611;Active;
30/09/2023;10:39:00;RA;150;discharge;Hanna;7294;0;0;falling;13:39:45;7245;416;414;2;0.9222;4.611;Active;
30/09/2023;10:39:00;RA;150;discharge;Hanna;7294;0;0;falling;13:39:50;7250;416;414;2;0.9222;4.611;Active;
30/09/2023;10:39:00;RA;150;discharge;Hanna;7294;0;0;falling;13:39:55;7255;416;414;2;0.9222;4.611;Active;
30/09/2023;10:39:00;RA;150;discharge;Hanna;7294;0;0;falling;13:40:00;7260;416;414;2;0.9222;4.611;Active;
30/09/2023;10:39:00;RA;150;discharge;Hanna;7294;0;0;falling;13:40:05;7265;416;414;2;0.9222;4.611;Active;
30/09/2023;10:39:00;RA;150;discharge;Hanna;7294;0;0;falling;13:40:10;7270;416;414;2;0.9222;4.611;Active;
30/09/2023;10:39:00;RA;150;discharge;Hanna;7294;0;0;falling;13:40:15;7275;416;414;2;0.9222;4.611;Active;
30/09/2023;10:39:00;RA;150;discharge;Hanna;7294;0;0;falling;13:40:20;7280;416;414;2;0.9222;4.611;Active;
30/09/2023;10:39:00;RA;150;discharge;Hanna;7294;0;0;falling;13:40:25;7285;416;414;2;0.9222;4.611;Active;
30/09/2023;10:39:00;RA;150;discharge;Hanna;7294;0;0;falling;13:40:30;7290;416;414;2;0.9222;4.611;Active;
30/09/2023;10:39:00;RA;150;discharge;Hanna;7294;0;0;falling;13:40:35;7295;416;414;2;0.9222;4.611;Active;
30/09/2023;10:39:00;RA;150;discharge;Hanna;7294;0;0;falling;13:40:40;7300;416;414;2;0.9222;4.611;Active;
30/09/2023;10:39:00;RA;150;discharge;Hanna;7294;0;0;falling;13:40:45;7305;416;414;2;0.9222;4.611;Active;
30/09/2023;10:39:00;RA;150;discharge;Hanna;7294;0;0;falling;13:40:50;7310;416;414;2;0.9222;4.611;Active;
30/09/2023;10:39:00;RA;150;discharge;Hanna;7294;0;0;falling;13:40:55;7315;416;414;2;0.9222;4.611;Active;
30/09/2023;10:39:00;RA;150;discharge;Hanna;7294;0;0;falling;13:41:00;7320;416;414;2;0.9222;4.611;Active;
30/09/2023;10:39:00;RA;150;discharge;Hanna;7294;0;0;falling;13:41:05;7325;416;414;2;0.9222;4.611;Active;
30/09/2023;10:39:00;RA;150;discharge;Hanna;7294;0;0;falling;13:41:10;7330;416;414;2;0.9222;4.611;Active;
30/09/2023;10:39:00;RA;150;discharge;Hanna;7294;0;0;falling;13:41:15;7335;416;414;2;0.9222;4.611;Active;
30/09/2023;10:39:00;RA;150;discharge;Hanna;7294;0;0;falling;13:41:20;7340;416;414;2;0.9222;4.611;Active;
30/09/2023;10:39:00;RA;150;discharge;Hanna;7294;0;0;falling;13:41:25;7345;416;414;2;0.9222;4.611;Active;
30/09/2023;10:39:00;RA;150;discharge;Hanna;7294;0;0;falling;13:41:30;7350;416;414;2;0.9222;4.611;Active;
30/09/2023;10:39:00;RA;150;discharge;Hanna;7294;0;0;falling;13:41:35;7355;416;414;2;0.9222;4.611;Active;
30/09/2023;10:39:00;RA;150;discharge;Hanna;7294;0;0;falling;13:41:40;7360;416;414;2;0.9222;4.611;Active;
30/09/2023;10:39:00;RA;150;discharge;Hanna;7294;0;0;falling;13:41:45;7365;416;414;2;0.9222;4.611;Active;
30/09/2023;10:39:00;RA;150;discharge;Hanna;7294;0;0;falling;13:41:50;7370;416;414;2;0.9222;4.611;Active;
30/09/2023;10:39:00;RA;150;discharge;Hanna;7294;0;0;falling;13:41:55;7375;416;414;2;0.9222;4.611;Active;
30/09/2023;10:39:00;RA;150;discharge;Hanna;7294;0;0;falling;13:42:00;7380;416;414;2;0.9222;4.611;Active;
30/09/2023;10:39:00;RA;150;discharge;Hanna;7294;0;0;falling;13:42:05;7385;416;414;2;0.9222;4.611;Active;
30/09/2023;10:39:00;RA;150;discharge;Hanna;7294;0;0;falling;13:42:10;7390;416;414;2;0.9222;4.611;Active;
30/09/2023;10:39:00;RA;150;discharge;Hanna;7294;0;0;falling;13:42:15;7395;416;414;2;0.9222;4.611;Active;
30/09/2023;10:39:00;RA;150;discharge;Hanna;7294;0;0;falling;13:42:20;7400;416;414;2;0.9222;4.611;Active;
30/09/2023;10:39:00;RA;150;discharge;Hanna;7294;0;0;falling;13:42:25;7405;416;414;2;0.9222;4.611;Active;
30/09/2023;10:39:00;RA;150;discharge;Hanna;7294;0;0;falling;13:42:30;7410;416;414;2;0.9222;4.611;Active;
30/09/2023;10:39:00;RA;150;discharge;Hanna;7294;0;0;falling;13:42:35;7415;416;414;2;0.9222;4.611;Active;
30/09/2023;10:39:00;RA;150;discharge;Hanna;7294;0;0;falling;13:42:40;7420;416;414;2;0.9222;4.611;Active;
30/09/2023;10:39:00;RA;150;discharge;Hanna;7294;0;0;falling;13:42:45;7425;416;414;2;0.9222;4.611;Active;
30/09/2023;10:39:00;RA;150;discharge;Hanna;7294;0;0;falling;13:42:50;7430;416;414;2;0.9222;4.611;Active;
30/09/2023;10:39:00;RA;150;discharge;Hanna;7294;0;0;falling;13:42:55;7435;416;414;2;0.9222;4.611;Active;
30/09/2023;10:39:00;RA;150;discharge;Hanna;7294;0;0;falling;13:43:00;7440;416;414;2;0.9222;4.611;Active;
30/09/2023;10:39:00;RA;150;discharge;Hanna;7294;0;0;falling;13:43:05;7445;416;414;2;0.9222;4.611;Active;
30/09/2023;10:39:00;RA;150;discharge;Hanna;7294;0;0;falling;13:43:10;7450;416;414;2;0.9222;4.611;Active;
30/09/2023;10:39:00;RA;150;discharge;Hanna;7294;0;0;falling;13:43:15;7455;416;414;2;0.9222;4.611;Active;
30/09/2023;10:39:00;RA;150;discharge;Hanna;7294;0;0;falling;13:43:20;7460;416;414;2;0.9222;4.611;Active;
30/09/2023;10:39:00;RA;150;discharge;Hanna;7294;0;0;falling;13:43:25;7465;416;414;2;0.9222;4.611;Active;
30/09/2023;10:39:00;RA;150;discharge;Hanna;7294;0;0;falling;13:43:30;7470;416;414;2;0.9222;4.611;Active;
30/09/2023;10:39:00;RA;150;discharge;Hanna;7294;0;0;falling;13:43:35;7475;416;414;2;0.9222;4.611;Active;
30/09/2023;10:39:00;RA;150;discharge;Hanna;7294;0;0;falling;13:43:40;7480;416;414;2;0.9222;4.611;Active;
30/09/2023;10:39:00;RA;150;discharge;Hanna;7294;0;0;falling;13:43:45;7485;416;414;2;0.9222;4.611;Active;
30/09/2023;10:39:00;RA;150;discharge;Hanna;7294;0;0;falling;13:43:50;7490;416;414;2;0.9222;4.611;Active;
30/09/2023;10:39:00;RA;150;discharge;Hanna;7294;0;0;falling;13:43:55;7495;416;414;2;0.9222;4.611;Active;
30/09/2023;10:39:00;RA;150;discharge;Hanna;7294;0;0;falling;13:44:00;7500;416;414;2;0.9222;4.611;Active;
30/09/2023;10:39:00;RA;150;discharge;Hanna;7294;0;0;falling;13:44:05;7505;416;414;2;0.9222;4.611;Active;
30/09/2023;10:39:00;RA;150;discharge;Hanna;7294;0;0;falling;13:44:10;7510;416;414;2;0.9222;4.611;Active;
30/09/2023;10:39:00;RA;150;discharge;Hanna;7294;0;0;falling;13:44:15;7515;416;414;2;0.9222;4.611;Active;
30/09/2023;10:39:00;RA;150;discharge;Hanna;7294;0;0;falling;13:44:20;7520;416;414;2;0.9222;4.611;Active;
30/09/2023;10:39:00;RA;150;discharge;Hanna;7294;0;0;falling;13:44:25;7525;416;414;2;0.9222;4.611;Active;
30/09/2023;10:39:00;RA;150;discharge;Hanna;7294;0;0;falling;13:44:30;7530;416;414;2;0.9222;4.611;Active;
30/09/2023;10:39:00;RA;150;discharge;Hanna;7294;0;0;falling;13:44:35;7535;416;414;2;0.9222;4.611;Active;
30/09/2023;10:39:00;RA;150;discharge;Hanna;7294;0;0;falling;13:44:40;7540;416;414;2;0.9222;4.611;Active;
30/09/2023;10:39:00;RA;150;discharge;Hanna;7294;0;0;falling;13:44:45;7545;416;414;2;0.9222;4.611;Active;
30/09/2023;10:39:00;RA;150;discharge;Hanna;7294;0;0;falling;13:44:50;7550;416;414;2;0.9222;4.611;Active;
30/09/2023;10:39:00;RA;150;discharge;Hanna;7294;0;0;falling;13:44:55;7555;416;414;2;0.9222;4.611;Active;
30/09/2023;10:39:00;RA;150;discharge;Hanna;7294;0;0;falling;13:45:00;7560;416;414;2;0.9222;4.611;Active;
30/09/2023;10:39:00;RA;150;discharge;Hanna;7294;0;0;falling;13:45:05;7565;416;414;2;0.9222;4.611;Active;
30/09/2023;10:39:00;RA;150;discharge;Hanna;7294;0;0;falling;13:45:10;7570;416;414;2;0.9222;4.611;Active;
30/09/2023;10:39:00;RA;150;discharge;Hanna;7294;0;0;falling;13:45:15;7575;416;414;2;0.9222;4.611;Active;
30/09/2023;10:39:00;RA;150;discharge;Hanna;7294;0;0;falling;13:45:20;7580;416;414;2;0.9222;4.611;Active;
30/09/2023;10:39:00;RA;150;discharge;Hanna;7294;0;0;falling;13:45:25;7585;416;414;2;0.9222;4.611;Active;
30/09/2023;10:39:00;RA;150;discharge;Hanna;7294;0;0;falling;13:45:30;7590;416;414;2;0.9222;4.611;Active;
30/09/2023;10:39:00;RA;150;discharge;Hanna;7294;0;0;falling;13:45:35;7595;416;414;2;0.9222;4.611;Active;
30/09/2023;10:39:00;RA;150;discharge;Hanna;7294;0;0;falling;13:45:40;7600;416;414;2;0.9222;4.611;Active;
30/09/2023;10:39:00;RA;150;discharge;Hanna;7294;0;0;falling;13:45:45;7605;416;414;2;0.9222;4.611;Active;
30/09/2023;10:39:00;RA;150;discharge;Hanna;7294;0;0;falling;13:45:50;7610;416;414;2;0.9222;4.611;Active;
30/09/2023;10:39:00;RA;150;discharge;Hanna;7294;0;0;falling;13:45:55;7615;416;414;2;0.9222;4.611;Active;
30/09/2023;10:39:00;RA;150;discharge;Hanna;7294;0;0;falling;13:46:00;7620;416;414;2;0.9222;4.611;Active;
30/09/2023;10:39:00;RA;150;discharge;Hanna;7294;0;0;falling;13:46:05;7625;416;414;2;0.9222;4.611;Active;
30/09/2023;10:39:00;RA;150;discharge;Hanna;7294;0;0;falling;13:46:10;7630;416;414;2;0.9222;4.611;Active;
30/09/2023;10:39:00;RA;150;discharge;Hanna;7294;0;0;falling;13:46:15;7635;416;414;2;0.9222;4.611;Active;
30/09/2023;10:39:00;RA;150;discharge;Hanna;7294;0;0;falling;13:46:20;7640;416;414;2;0.9222;4.611;Active;
30/09/2023;10:39:00;RA;150;discharge;Hanna;7294;0;0;falling;13:46:25;7645;416;414;2;0.9222;4.611;Active;
30/09/2023;10:39:00;RA;150;discharge;Hanna;7294;0;0;falling;13:46:30;7650;416;414;2;0.9222;4.611;Active;
30/09/2023;10:39:00;RA;150;discharge;Hanna;7294;0;0;falling;13:46:35;7655;416;414;2;0.9222;4.611;Active;
30/09/2023;10:39:00;RA;150;discharge;Hanna;7294;0;0;falling;13:46:40;7660;416;414;2;0.9222;4.611;Active;
30/09/2023;10:39:00;RA;150;discharge;Hanna;7294;0;0;falling;13:46:45;7665;416;414;2;0.9222;4.611;Active;
30/09/2023;10:39:00;RA;150;discharge;Hanna;7294;0;0;falling;13:46:50;7670;416;414;2;0.9222;4.611;Active;
30/09/2023;10:39:00;RA;150;discharge;Hanna;7294;0;0;falling;13:46:55;7675;416;414;2;0.9222;4.611;Active;
30/09/2023;10:39:00;RA;150;discharge;Hanna;7294;0;0;falling;13:47:00;7680;416;414;2;0.9222;4.611;Active;
30/09/2023;10:39:00;RA;150;discharge;Hanna;7294;0;0;falling;13:47:05;7685;416;414;2;0.9222;4.611;Active;
30/09/2023;10:39:00;RA;150;discharge;Hanna;7294;0;0;falling;13:47:10;7690;416;414;2;0.9222;4.611;Active;
30/09/2023;10:39:00;RA;150;discharge;Hanna;7294;0;0;falling;13:47:15;7695;416;414;2;0.9222;4.611;Active;
30/09/2023;10:39:00;RA;150;discharge;Hanna;7294;0;0;falling;13:47:20;7700;416;414;2;0.9222;4.611;Active;
30/09/2023;10:39:00;RA;150;discharge;Hanna;7294;0;0;falling;13:47:25;7705;416;414;2;0.9222;4.611;Active;
30/09/2023;10:39:00;RA;150;discharge;Hanna;7294;0;0;falling;13:47:30;7710;416;414;2;0.9222;4.611;Active;
30/09/2023;10:39:00;RA;150;discharge;Hanna;7294;0;0;falling;13:47:35;7715;416;414;2;0.9222;4.611;Active;
30/09/2023;10:39:00;RA;150;discharge;Hanna;7294;0;0;falling;13:47:40;7720;416;414;2;0.9222;4.611;Active;
30/09/2023;10:39:00;RA;150;discharge;Hanna;7294;0;0;falling;13:47:45;7725;416;414;2;0.9222;4.611;Active;
30/09/2023;10:39:00;RA;150;discharge;Hanna;7294;0;0;falling;13:47:50;7730;416;414;2;0.9222;4.611;Active;
30/09/2023;10:39:00;RA;150;discharge;Hanna;7294;0;0;falling;13:47:55;7735;416;414;2;0.9222;4.611;Active;
30/09/2023;10:39:00;RA;150;discharge;Hanna;7294;0;0;falling;13:48:00;7740;416;414;2;0.9222;4.611;Active;
30/09/2023;10:39:00;RA;150;discharge;Hanna;7294;0;0;falling;13:48:05;7745;416;414;2;0.9222;4.611;Active;
30/09/2023;10:39:00;RA;150;discharge;Hanna;7294;0;0;falling;13:48:10;7750;416;414;2;0.9222;4.611;Active;
30/09/2023;10:39:00;RA;150;discharge;Hanna;7294;0;0;falling;13:48:15;7755;416;414;2;0.9222;4.611;Active;
30/09/2023;10:39:00;RA;150;discharge;Hanna;7294;0;0;falling;13:48:20;7760;416;414;2;0.9222;4.611;Active;
30/09/2023;10:39:00;RA;150;discharge;Hanna;7294;0;0;falling;13:48:25;7765;416;414;2;0.9222;4.611;Active;
30/09/2023;10:39:00;RA;150;discharge;Hanna;7294;0;0;falling;13:48:30;7770;416;414;2;0.9222;4.611;Active;
30/09/2023;10:39:00;RA;150;discharge;Hanna;7294;0;0;falling;13:48:35;7775;416;414;2;0.9222;4.611;Active;
30/09/2023;10:39:00;RA;150;discharge;Hanna;7294;0;0;falling;13:48:40;7780;415;414;1;0.4611;2.3055;Active;
30/09/2023;10:39:00;RA;150;discharge;Hanna;7294;0;0;falling;13:48:45;7785;415;414;1;0.4611;2.3055;Active;
30/09/2023;10:39:00;RA;150;discharge;Hanna;7294;0;0;falling;13:48:50;7790;415;414;1;0.4611;2.3055;Active;
30/09/2023;10:39:00;RA;150;discharge;Hanna;7294;0;0;falling;13:48:55;7795;415;414;1;0.4611;2.3055;Active;
30/09/2023;10:39:00;RA;150;discharge;Hanna;7294;0;0;falling;13:49:00;7800;415;414;1;0.4611;2.3055;Active;
30/09/2023;10:39:00;RA;150;discharge;Hanna;7294;0;0;falling;13:49:05;7805;415;414;1;0.4611;2.3055;Active;
30/09/2023;10:39:00;RA;150;discharge;Hanna;7294;0;0;falling;13:49:10;7810;415;414;1;0.4611;2.3055;Active;
30/09/2023;10:39:00;RA;150;discharge;Hanna;7294;0;0;falling;13:49:15;7815;415;414;1;0.4611;2.3055;Active;
30/09/2023;10:39:00;RA;150;discharge;Hanna;7294;0;0;falling;13:49:20;7820;416;414;2;0.9222;4.611;Active;
30/09/2023;10:39:00;RA;150;discharge;Hanna;7294;0;0;falling;13:49:25;7825;416;414;2;0.9222;4.611;Active;
30/09/2023;10:39:00;RA;150;discharge;Hanna;7294;0;0;falling;13:49:30;7830;415;414;1;0.4611;2.3055;Active;
30/09/2023;10:39:00;RA;150;discharge;Hanna;7294;0;0;falling;13:49:35;7835;415;414;1;0.4611;2.3055;Active;
30/09/2023;10:39:00;RA;150;discharge;Hanna;7294;0;0;falling;13:49:40;7840;416;414;2;0.9222;4.611;Active;
30/09/2023;10:39:00;RA;150;discharge;Hanna;7294;0;0;falling;13:49:45;7845;416;414;2;0.9222;4.611;Active;
30/09/2023;10:39:00;RA;150;discharge;Hanna;7294;0;0;falling;13:49:50;7850;416;414;2;0.9222;4.611;Active;
30/09/2023;10:39:00;RA;150;discharge;Hanna;7294;0;0;falling;13:49:55;7855;416;414;2;0.9222;4.611;Active;
30/09/2023;10:39:00;RA;150;discharge;Hanna;7294;0;0;falling;13:50:00;7860;415;414;1;0.4611;2.3055;Active;
30/09/2023;10:39:00;RA;150;discharge;Hanna;7294;0;0;falling;13:50:05;7865;415;414;1;0.4611;2.3055;Active;
30/09/2023;10:39:00;RA;150;discharge;Hanna;7294;0;0;falling;13:50:10;7870;415;414;1;0.4611;2.3055;Active;
30/09/2023;10:39:00;RA;150;discharge;Hanna;7294;0;0;falling;13:50:15;7875;415;414;1;0.4611;2.3055;Active;
30/09/2023;10:39:00;RA;150;discharge;Hanna;7294;0;0;falling;13:50:20;7880;415;414;1;0.4611;2.3055;Active;
30/09/2023;10:39:00;RA;150;discharge;Hanna;7294;0;0;falling;13:50:25;7885;416;414;2;0.9222;4.611;Active;
30/09/2023;10:39:00;RA;150;discharge;Hanna;7294;0;0;falling;13:50:30;7890;416;414;2;0.9222;4.611;Active;
30/09/2023;10:39:00;RA;150;discharge;Hanna;7294;0;0;falling;13:50:35;7895;416;414;2;0.9222;4.611;Active;
30/09/2023;10:39:00;RA;150;discharge;Hanna;7294;0;0;falling;13:50:40;7900;416;414;2;0.9222;4.611;Active;
30/09/2023;10:39:00;RA;150;discharge;Hanna;7294;0;0;falling;13:50:45;7905;416;414;2;0.9222;4.611;Active;
30/09/2023;10:39:00;RA;150;discharge;Hanna;7294;0;0;falling;13:50:50;7910;416;414;2;0.9222;4.611;Active;
30/09/2023;10:39:00;RA;150;discharge;Hanna;7294;0;0;falling;13:50:55;7915;416;414;2;0.9222;4.611;Active;
30/09/2023;10:39:00;RA;150;discharge;Hanna;7294;0;0;falling;13:51:00;7920;416;414;2;0.9222;4.611;Active;
30/09/2023;10:39:00;RA;150;discharge;Hanna;7294;0;0;falling;13:51:05;7925;416;414;2;0.9222;4.611;Active;
30/09/2023;10:39:00;RA;150;discharge;Hanna;7294;0;0;falling;13:51:10;7930;416;414;2;0.9222;4.611;Active;
30/09/2023;10:39:00;RA;150;discharge;Hanna;7294;0;0;falling;13:51:15;7935;416;414;2;0.9222;4.611;Active;
30/09/2023;10:39:00;RA;150;discharge;Hanna;7294;0;0;falling;13:51:20;7940;416;414;2;0.9222;4.611;Active;
30/09/2023;10:39:00;RA;150;discharge;Hanna;7294;0;0;falling;13:51:25;7945;416;414;2;0.9222;4.611;Active;
30/09/2023;10:39:00;RA;150;discharge;Hanna;7294;0;0;falling;13:51:30;7950;416;414;2;0.9222;4.611;Active;
30/09/2023;10:39:00;RA;150;discharge;Hanna;7294;0;0;falling;13:51:35;7955;416;414;2;0.9222;4.611;Active;
30/09/2023;10:39:00;RA;150;discharge;Hanna;7294;0;0;falling;13:51:40;7960;415;414;1;0.4611;2.3055;Active;
30/09/2023;10:39:00;RA;150;discharge;Hanna;7294;0;0;falling;13:51:45;7965;415;414;1;0.4611;2.3055;Active;
30/09/2023;10:39:00;RA;150;discharge;Hanna;7294;0;0;falling;13:51:50;7970;415;414;1;0.4611;2.3055;Active;
30/09/2023;10:39:00;RA;150;discharge;Hanna;7294;0;0;falling;13:51:55;7975;416;414;2;0.9222;4.611;Active;
30/09/2023;10:39:00;RA;150;discharge;Hanna;7294;0;0;falling;13:52:00;7980;416;414;2;0.9222;4.611;Active;
30/09/2023;10:39:00;RA;150;discharge;Hanna;7294;0;0;falling;13:52:05;7985;416;414;2;0.9222;4.611;Active;
30/09/2023;10:39:00;RA;150;discharge;Hanna;7294;0;0;falling;13:52:10;7990;416;414;2;0.9222;4.611;Active;
30/09/2023;10:39:00;RA;150;discharge;Hanna;7294;0;0;falling;13:52:15;7995;416;414;2;0.9222;4.611;Active;
30/09/2023;10:39:00;RA;150;discharge;Hanna;7294;0;0;falling;13:52:20;8000;416;414;2;0.9222;4.611;Active;
30/09/2023;10:39:00;RA;150;discharge;Hanna;7294;0;0;falling;13:52:25;8005;416;414;2;0.9222;4.611;Active;
30/09/2023;10:39:00;RA;150;discharge;Hanna;7294;0;0;falling;13:52:30;8010;416;414;2;0.9222;4.611;Active;
30/09/2023;10:39:00;RA;150;discharge;Hanna;7294;0;0;falling;13:52:35;8015;416;414;2;0.9222;4.611;Active;
30/09/2023;10:39:00;RA;150;discharge;Hanna;7294;0;0;falling;13:52:40;8020;416;414;2;0.9222;4.611;Active;
30/09/2023;10:39:00;RA;150;discharge;Hanna;7294;0;0;falling;13:52:45;8025;416;414;2;0.9222;4.611;Active;
30/09/2023;10:39:00;RA;150;discharge;Hanna;7294;0;0;falling;13:52:50;8030;416;414;2;0.9222;4.611;Active;
30/09/2023;10:39:00;RA;150;discharge;Hanna;7294;0;0;falling;13:52:55;8035;416;414;2;0.9222;4.611;Active;
30/09/2023;10:39:00;RA;150;discharge;Hanna;7294;0;0;falling;13:53:00;8040;416;414;2;0.9222;4.611;Active;
30/09/2023;10:39:00;RA;150;discharge;Hanna;7294;0;0;falling;13:53:05;8045;416;414;2;0.9222;4.611;Active;
30/09/2023;10:39:00;RA;150;discharge;Hanna;7294;0;0;falling;13:53:10;8050;416;414;2;0.9222;4.611;Active;
30/09/2023;10:39:00;RA;150;discharge;Hanna;7294;0;0;falling;13:53:15;8055;416;414;2;0.9222;4.611;Active;
30/09/2023;10:39:00;RA;150;discharge;Hanna;7294;0;0;falling;13:53:20;8060;416;414;2;0.9222;4.611;Active;
30/09/2023;10:39:00;RA;150;discharge;Hanna;7294;0;0;falling;13:53:25;8065;416;414;2;0.9222;4.611;Active;
30/09/2023;10:39:00;RA;150;discharge;Hanna;7294;0;0;falling;13:53:30;8070;416;414;2;0.9222;4.611;Active;
30/09/2023;10:39:00;RA;150;discharge;Hanna;7294;0;0;falling;13:53:35;8075;416;414;2;0.9222;4.611;Active;
30/09/2023;10:39:00;RA;150;discharge;Hanna;7294;0;0;falling;13:53:40;8080;416;414;2;0.9222;4.611;Active;
30/09/2023;10:39:00;RA;150;discharge;Hanna;7294;0;0;falling;13:53:45;8085;416;414;2;0.9222;4.611;Active;
30/09/2023;10:39:00;RA;150;discharge;Hanna;7294;0;0;falling;13:53:50;8090;415;414;1;0.4611;2.3055;Active;
30/09/2023;10:39:00;RA;150;discharge;Hanna;7294;0;0;falling;13:53:55;8095;416;414;2;0.9222;4.611;Active;
30/09/2023;10:39:00;RA;150;discharge;Hanna;7294;0;0;falling;13:54:00;8100;416;414;2;0.9222;4.611;Active;
30/09/2023;10:39:00;RA;150;discharge;Hanna;7294;0;0;falling;13:54:05;8105;416;414;2;0.9222;4.611;Active;
30/09/2023;10:39:00;RA;150;discharge;Hanna;7294;0;0;falling;13:54:10;8110;416;414;2;0.9222;4.611;Active;
30/09/2023;10:39:00;RA;150;discharge;Hanna;7294;0;0;falling;13:54:15;8115;416;414;2;0.9222;4.611;Active;
30/09/2023;10:39:00;RA;150;discharge;Hanna;7294;0;0;falling;13:54:20;8120;416;414;2;0.9222;4.611;Active;
30/09/2023;10:39:00;RA;150;discharge;Hanna;7294;0;0;falling;13:54:25;8125;416;414;2;0.9222;4.611;Active;
30/09/2023;10:39:00;RA;150;discharge;Hanna;7294;0;0;falling;13:54:30;8130;416;414;2;0.9222;4.611;Active;
30/09/2023;10:39:00;RA;150;discharge;Hanna;7294;0;0;falling;13:54:35;8135;416;414;2;0.9222;4.611;Active;
30/09/2023;10:39:00;RA;150;discharge;Hanna;7294;0;0;falling;13:54:40;8140;415;414;1;0.4611;2.3055;Active;
30/09/2023;10:39:00;RA;150;discharge;Hanna;7294;0;0;falling;13:54:45;8145;415;414;1;0.4611;2.3055;Active;
30/09/2023;10:39:00;RA;150;discharge;Hanna;7294;0;0;falling;13:54:50;8150;415;414;1;0.4611;2.3055;Active;
30/09/2023;10:39:00;RA;150;discharge;Hanna;7294;0;0;falling;13:54:55;8155;415;414;1;0.4611;2.3055;Active;
30/09/2023;10:39:00;RA;150;discharge;Hanna;7294;0;0;falling;13:55:00;8160;415;414;1;0.4611;2.3055;Active;
30/09/2023;10:39:00;RA;150;discharge;Hanna;7294;0;0;falling;13:55:05;8165;415;414;1;0.4611;2.3055;Active;
30/09/2023;10:39:00;RA;150;discharge;Hanna;7294;0;0;falling;13:55:10;8170;415;414;1;0.4611;2.3055;Active;
30/09/2023;10:39:00;RA;150;discharge;Hanna;7294;0;0;falling;13:55:15;8175;415;414;1;0.4611;2.3055;Active;
30/09/2023;10:39:00;RA;150;discharge;Hanna;7294;0;0;falling;13:55:20;8180;415;414;1;0.4611;2.3055;Active;
30/09/2023;10:39:00;RA;150;discharge;Hanna;7294;0;0;falling;13:55:25;8185;415;414;1;0.4611;2.3055;Active;
30/09/2023;10:39:00;RA;150;discharge;Hanna;7294;0;0;falling;13:55:30;8190;416;414;2;0.9222;4.611;Active;
30/09/2023;10:39:00;RA;150;discharge;Hanna;7294;0;0;falling;13:55:35;8195;416;414;2;0.9222;4.611;Active;
30/09/2023;10:39:00;RA;150;discharge;Hanna;7294;0;0;falling;13:55:40;8200;416;414;2;0.9222;4.611;Active;
30/09/2023;10:39:00;RA;150;discharge;Hanna;7294;0;0;falling;13:55:45;8205;416;414;2;0.9222;4.611;Active;
30/09/2023;10:39:00;RA;150;discharge;Hanna;7294;0;0;falling;13:55:50;8210;415;414;1;0.4611;2.3055;Active;
30/09/2023;10:39:00;RA;150;discharge;Hanna;7294;0;0;falling;13:55:55;8215;415;414;1;0.4611;2.3055;Active;
30/09/2023;10:39:00;RA;150;discharge;Hanna;7294;0;0;falling;13:56:00;8220;415;414;1;0.4611;2.3055;Active;
30/09/2023;10:39:00;RA;150;discharge;Hanna;7294;0;0;falling;13:56:05;8225;415;414;1;0.4611;2.3055;Active;
30/09/2023;10:39:00;RA;150;discharge;Hanna;7294;0;0;falling;13:56:10;8230;415;414;1;0.4611;2.3055;Active;
30/09/2023;10:39:00;RA;150;discharge;Hanna;7294;0;0;falling;13:56:15;8235;415;414;1;0.4611;2.3055;Active;
30/09/2023;10:39:00;RA;150;discharge;Hanna;7294;0;0;falling;13:56:20;8240;415;414;1;0.4611;2.3055;Active;
30/09/2023;10:39:00;RA;150;discharge;Hanna;7294;0;0;falling;13:56:25;8245;415;414;1;0.4611;2.3055;Active;
30/09/2023;10:39:00;RA;150;discharge;Hanna;7294;0;0;falling;13:56:30;8250;415;414;1;0.4611;2.3055;Active;
30/09/2023;10:39:00;RA;150;discharge;Hanna;7294;0;0;falling;13:56:35;8255;415;414;1;0.4611;2.3055;Active;
30/09/2023;10:39:00;RA;150;discharge;Hanna;7294;0;0;falling;13:56:40;8260;415;414;1;0.4611;2.3055;Active;
30/09/2023;10:39:00;RA;150;discharge;Hanna;7294;0;0;falling;13:56:45;8265;415;414;1;0.4611;2.3055;Active;
30/09/2023;10:39:00;RA;150;discharge;Hanna;7294;0;0;falling;13:56:50;8270;415;414;1;0.4611;2.3055;Active;
30/09/2023;10:39:00;RA;150;discharge;Hanna;7294;0;0;falling;13:56:55;8275;416;414;2;0.9222;4.611;Active;
30/09/2023;10:39:00;RA;150;discharge;Hanna;7294;0;0;falling;13:57:00;8280;415;414;1;0.4611;2.3055;Active;
30/09/2023;10:39:00;RA;150;discharge;Hanna;7294;0;0;falling;13:57:05;8285;415;414;1;0.4611;2.3055;Active;
30/09/2023;10:39:00;RA;150;discharge;Hanna;7294;0;0;falling;13:57:10;8290;415;414;1;0.4611;2.3055;Active;
30/09/2023;10:39:00;RA;150;discharge;Hanna;7294;0;0;falling;13:57:15;8295;415;414;1;0.4611;2.3055;Active;
30/09/2023;10:39:00;RA;150;discharge;Hanna;7294;0;0;falling;13:57:20;8300;415;414;1;0.4611;2.3055;Active;
30/09/2023;10:39:00;RA;150;discharge;Hanna;7294;0;0;falling;13:57:25;8305;415;414;1;0.4611;2.3055;Active;
30/09/2023;10:39:00;RA;150;discharge;Hanna;7294;0;0;falling;13:57:30;8310;415;414;1;0.4611;2.3055;Active;
30/09/2023;10:39:00;RA;150;discharge;Hanna;7294;0;0;falling;13:57:35;8315;415;414;1;0.4611;2.3055;Active;
30/09/2023;10:39:00;RA;150;discharge;Hanna;7294;0;0;falling;13:57:40;8320;415;414;1;0.4611;2.3055;Active;
30/09/2023;10:39:00;RA;150;discharge;Hanna;7294;0;0;falling;13:57:45;8325;415;414;1;0.4611;2.3055;Active;
30/09/2023;10:39:00;RA;150;discharge;Hanna;7294;0;0;falling;13:57:50;8330;415;414;1;0.4611;2.3055;Active;
30/09/2023;10:39:00;RA;150;discharge;Hanna;7294;0;0;falling;13:57:55;8335;415;414;1;0.4611;2.3055;Active;
30/09/2023;10:39:00;RA;150;discharge;Hanna;7294;0;0;falling;13:58:00;8340;415;414;1;0.4611;2.3055;Active;
30/09/2023;10:39:00;RA;150;discharge;Hanna;7294;0;0;falling;13:58:05;8345;415;414;1;0.4611;2.3055;Active;
30/09/2023;10:39:00;RA;150;discharge;Hanna;7294;0;0;falling;13:58:10;8350;415;414;1;0.4611;2.3055;Active;
30/09/2023;10:39:00;RA;150;discharge;Hanna;7294;0;0;falling;13:58:15;8355;415;414;1;0.4611;2.3055;Active;
30/09/2023;10:39:00;RA;150;discharge;Hanna;7294;0;0;falling;13:58:20;8360;415;414;1;0.4611;2.3055;Active;
30/09/2023;10:39:00;RA;150;discharge;Hanna;7294;0;0;falling;13:58:25;8365;415;414;1;0.4611;2.3055;Active;
30/09/2023;10:39:00;RA;150;discharge;Hanna;7294;0;0;falling;13:58:30;8370;415;414;1;0.4611;2.3055;Active;
30/09/2023;10:39:00;RA;150;discharge;Hanna;7294;0;0;falling;13:58:35;8375;415;414;1;0.4611;2.3055;Active;
30/09/2023;10:39:00;RA;150;discharge;Hanna;7294;0;0;falling;13:58:40;8380;415;414;1;0.4611;2.3055;Active;
30/09/2023;10:39:00;RA;150;discharge;Hanna;7294;0;0;falling;13:58:45;8385;415;414;1;0.4611;2.3055;Active;
30/09/2023;10:39:00;RA;150;discharge;Hanna;7294;0;0;falling;13:58:50;8390;415;414;1;0.4611;2.3055;Active;
30/09/2023;10:39:00;RA;150;discharge;Hanna;7294;0;0;falling;13:58:55;8395;415;414;1;0.4611;2.3055;Active;
30/09/2023;10:39:00;RA;150;discharge;Hanna;7294;0;0;falling;13:59:00;8400;415;414;1;0.4611;2.3055;Active;
30/09/2023;10:39:00;RA;150;discharge;Hanna;7294;0;0;falling;13:59:05;8405;415;414;1;0.4611;2.3055;Active;
30/09/2023;10:39:00;RA;150;discharge;Hanna;7294;0;0;falling;13:59:10;8410;415;414;1;0.4611;2.3055;Active;
30/09/2023;10:39:00;RA;150;discharge;Hanna;7294;0;0;falling;13:59:15;8415;415;414;1;0.4611;2.3055;Active;
30/09/2023;10:39:00;RA;150;discharge;Hanna;7294;0;0;falling;13:59:20;8420;415;414;1;0.4611;2.3055;Active;
30/09/2023;10:39:00;RA;150;discharge;Hanna;7294;0;0;falling;13:59:25;8425;415;414;1;0.4611;2.3055;Active;
30/09/2023;10:39:00;RA;150;discharge;Hanna;7294;0;0;falling;13:59:30;8430;415;414;1;0.4611;2.3055;Active;
30/09/2023;10:39:00;RA;150;discharge;Hanna;7294;0;0;falling;13:59:35;8435;415;414;1;0.4611;2.3055;Active;
30/09/2023;10:39:00;RA;150;discharge;Hanna;7294;0;0;falling;13:59:40;8440;415;414;1;0.4611;2.3055;Active;
30/09/2023;10:39:00;RA;150;discharge;Hanna;7294;0;0;falling;13:59:45;8445;415;414;1;0.4611;2.3055;Active;
30/09/2023;10:39:00;RA;150;discharge;Hanna;7294;0;0;falling;13:59:50;8450;415;414;1;0.4611;2.3055;Active;
30/09/2023;10:39:00;RA;150;discharge;Hanna;7294;0;0;falling;13:59:55;8455;415;414;1;0.4611;2.3055;Active;
30/09/2023;10:39:00;RA;150;discharge;Hanna;7294;0;0;falling;14:00:00;8460;415;414;1;0.4611;2.3055;Active;
30/09/2023;10:39:00;RA;150;discharge;Hanna;7294;0;0;falling;14:00:05;8465;415;414;1;0.4611;2.3055;Active;
30/09/2023;10:39:00;RA;150;discharge;Hanna;7294;0;0;falling;14:00:10;8470;415;414;1;0.4611;2.3055;Active;
30/09/2023;10:39:00;RA;150;discharge;Hanna;7294;0;0;falling;14:00:15;8475;415;414;1;0.4611;2.3055;Active;
30/09/2023;10:39:00;RA;150;discharge;Hanna;7294;0;0;falling;14:00:20;8480;415;414;1;0.4611;2.3055;Active;
30/09/2023;10:39:00;RA;150;discharge;Hanna;7294;0;0;falling;14:00:25;8485;415;414;1;0.4611;2.3055;Active;
30/09/2023;10:39:00;RA;150;discharge;Hanna;7294;0;0;falling;14:00:30;8490;415;414;1;0.4611;2.3055;Active;
30/09/2023;10:39:00;RA;150;discharge;Hanna;7294;0;0;falling;14:00:35;8495;415;414;1;0.4611;2.3055;Active;
30/09/2023;10:39:00;RA;150;discharge;Hanna;7294;0;0;falling;14:00:40;8500;415;414;1;0.4611;2.3055;Active;
30/09/2023;10:39:00;RA;150;discharge;Hanna;7294;0;0;falling;14:00:45;8505;415;414;1;0.4611;2.3055;Active;
30/09/2023;10:39:00;RA;150;discharge;Hanna;7294;0;0;falling;14:00:50;8510;415;414;1;0.4611;2.3055;Active;
30/09/2023;10:39:00;RA;150;discharge;Hanna;7294;0;0;falling;14:00:55;8515;415;414;1;0.4611;2.3055;Active;
30/09/2023;10:39:00;RA;150;discharge;Hanna;7294;0;0;falling;14:01:00;8520;415;414;1;0.4611;2.3055;Active;
30/09/2023;10:39:00;RA;150;discharge;Hanna;7294;0;0;falling;14:01:05;8525;415;414;1;0.4611;2.3055;Active;
30/09/2023;10:39:00;RA;150;discharge;Hanna;7294;0;0;falling;14:01:10;8530;415;414;1;0.4611;2.3055;Active;
30/09/2023;10:39:00;RA;150;discharge;Hanna;7294;0;0;falling;14:01:15;8535;415;414;1;0.4611;2.3055;Active;
30/09/2023;10:39:00;RA;150;discharge;Hanna;7294;0;0;falling;14:01:20;8540;415;414;1;0.4611;2.3055;Active;
30/09/2023;10:39:00;RA;150;discharge;Hanna;7294;0;0;falling;14:01:25;8545;415;414;1;0.4611;2.3055;Active;
30/09/2023;10:39:00;RA;150;discharge;Hanna;7294;0;0;falling;14:01:30;8550;415;414;1;0.4611;2.3055;Active;
30/09/2023;10:39:00;RA;150;discharge;Hanna;7294;0;0;falling;14:01:35;8555;415;414;1;0.4611;2.3055;Active;
30/09/2023;10:39:00;RA;150;discharge;Hanna;7294;0;0;falling;14:01:40;8560;415;414;1;0.4611;2.3055;Active;
30/09/2023;10:39:00;RA;150;discharge;Hanna;7294;0;0;falling;14:01:45;8565;415;414;1;0.4611;2.3055;Active;
30/09/2023;10:39:00;RA;150;discharge;Hanna;7294;0;0;falling;14:01:50;8570;415;414;1;0.4611;2.3055;Active;
30/09/2023;10:39:00;RA;150;discharge;Hanna;7294;0;0;falling;14:01:55;8575;415;414;1;0.4611;2.3055;Active;
30/09/2023;10:39:00;RA;150;discharge;Hanna;7294;0;0;falling;14:02:00;8580;415;414;1;0.4611;2.3055;Active;
30/09/2023;10:39:00;RA;150;discharge;Hanna;7294;0;0;falling;14:02:05;8585;415;414;1;0.4611;2.3055;Active;
30/09/2023;10:39:00;RA;150;discharge;Hanna;7294;0;0;falling;14:02:10;8590;415;414;1;0.4611;2.3055;Active;
30/09/2023;10:39:00;RA;150;discharge;Hanna;7294;0;0;falling;14:02:15;8595;415;414;1;0.4611;2.3055;Active;
30/09/2023;10:39:00;RA;150;discharge;Hanna;7294;0;0;falling;14:02:20;8600;415;414;1;0.4611;2.3055;Active;
30/09/2023;10:39:00;RA;150;discharge;Hanna;7294;0;0;falling;14:02:25;8605;415;414;1;0.4611;2.3055;Active;
30/09/2023;10:39:00;RA;150;discharge;Hanna;7294;0;0;falling;14:02:30;8610;415;414;1;0.4611;2.3055;Active;
30/09/2023;10:39:00;RA;150;discharge;Hanna;7294;0;0;falling;14:02:35;8615;415;414;1;0.4611;2.3055;Active;
30/09/2023;10:39:00;RA;150;discharge;Hanna;7294;0;0;falling;14:02:40;8620;415;414;1;0.4611;2.3055;Active;
30/09/2023;10:39:00;RA;150;discharge;Hanna;7294;0;0;falling;14:02:45;8625;415;414;1;0.4611;2.3055;Active;
30/09/2023;10:39:00;RA;150;discharge;Hanna;7294;0;0;falling;14:02:50;8630;415;414;1;0.4611;2.3055;Active;
30/09/2023;10:39:00;RA;150;discharge;Hanna;7294;0;0;falling;14:02:55;8635;415;414;1;0.4611;2.3055;Active;
30/09/2023;10:39:00;RA;150;discharge;Hanna;7294;0;0;falling;14:03:00;8640;415;414;1;0.4611;2.3055;Active;
30/09/2023;10:39:00;RA;150;discharge;Hanna;7294;0;0;falling;14:03:05;8645;415;414;1;0.4611;2.3055;Active;
30/09/2023;10:39:00;RA;150;discharge;Hanna;7294;0;0;falling;14:03:10;8650;415;414;1;0.4611;2.3055;Active;
30/09/2023;10:39:00;RA;150;discharge;Hanna;7294;0;0;falling;14:03:15;8655;415;414;1;0.4611;2.3055;Active;
30/09/2023;10:39:00;RA;150;discharge;Hanna;7294;0;0;falling;14:03:20;8660;415;414;1;0.4611;2.3055;Active;
30/09/2023;10:39:00;RA;150;discharge;Hanna;7294;0;0;falling;14:03:25;8665;415;414;1;0.4611;2.3055;Active;
30/09/2023;10:39:00;RA;150;discharge;Hanna;7294;0;0;falling;14:03:30;8670;415;414;1;0.4611;2.3055;Active;
30/09/2023;10:39:00;RA;150;discharge;Hanna;7294;0;0;falling;14:03:35;8675;415;414;1;0.4611;2.3055;Active;
30/09/2023;10:39:00;RA;150;discharge;Hanna;7294;0;0;falling;14:03:40;8680;415;414;1;0.4611;2.3055;Active;
30/09/2023;10:39:00;RA;150;discharge;Hanna;7294;0;0;falling;14:03:45;8685;415;414;1;0.4611;2.3055;Active;
30/09/2023;10:39:00;RA;150;discharge;Hanna;7294;0;0;falling;14:03:50;8690;415;414;1;0.4611;2.3055;Active;
30/09/2023;10:39:00;RA;150;discharge;Hanna;7294;0;0;falling;14:03:55;8695;415;414;1;0.4611;2.3055;Active;
30/09/2023;10:39:00;RA;150;discharge;Hanna;7294;0;0;falling;14:04:00;8700;415;414;1;0.4611;2.3055;Active;
30/09/2023;10:39:00;RA;150;discharge;Hanna;7294;0;0;falling;14:04:05;8705;415;414;1;0.4611;2.3055;Active;
30/09/2023;10:39:00;RA;150;discharge;Hanna;7294;0;0;falling;14:04:10;8710;415;414;1;0.4611;2.3055;Active;
30/09/2023;10:39:00;RA;150;discharge;Hanna;7294;0;0;falling;14:04:15;8715;415;414;1;0.4611;2.3055;Active;
30/09/2023;10:39:00;RA;150;discharge;Hanna;7294;0;0;falling;14:04:20;8720;415;414;1;0.4611;2.3055;Active;
30/09/2023;10:39:00;RA;150;discharge;Hanna;7294;0;0;falling;14:04:25;8725;415;414;1;0.4611;2.3055;Active;
30/09/2023;10:39:00;RA;150;discharge;Hanna;7294;0;0;falling;14:04:30;8730;415;414;1;0.4611;2.3055;Active;
30/09/2023;10:39:00;RA;150;discharge;Hanna;7294;0;0;falling;14:04:35;8735;415;414;1;0.4611;2.3055;Active;
30/09/2023;10:39:00;RA;150;discharge;Hanna;7294;0;0;falling;14:04:40;8740;415;414;1;0.4611;2.3055;Active;
30/09/2023;10:39:00;RA;150;discharge;Hanna;7294;0;0;falling;14:04:45;8745;415;414;1;0.4611;2.3055;Active;
30/09/2023;10:39:00;RA;150;discharge;Hanna;7294;0;0;falling;14:04:50;8750;415;414;1;0.4611;2.3055;Active;
30/09/2023;10:39:00;RA;150;discharge;Hanna;7294;0;0;falling;14:04:55;8755;415;414;1;0.4611;2.3055;Active;
30/09/2023;10:39:00;RA;150;discharge;Hanna;7294;0;0;falling;14:05:00;8760;415;414;1;0.4611;2.3055;Active;
30/09/2023;10:39:00;RA;150;discharge;Hanna;7294;0;0;falling;14:05:05;8765;415;414;1;0.4611;2.3055;Active;
30/09/2023;10:39:00;RA;150;discharge;Hanna;7294;0;0;falling;14:05:10;8770;415;414;1;0.4611;2.3055;Active;
30/09/2023;10:39:00;RA;150;discharge;Hanna;7294;0;0;falling;14:05:15;8775;415;414;1;0.4611;2.3055;Active;
30/09/2023;10:39:00;RA;150;discharge;Hanna;7294;0;0;falling;14:05:20;8780;415;414;1;0.4611;2.3055;Active;
30/09/2023;10:39:00;RA;150;discharge;Hanna;7294;0;0;falling;14:05:25;8785;415;414;1;0.4611;2.3055;Active;
30/09/2023;10:39:00;RA;150;discharge;Hanna;7294;0;0;falling;14:05:30;8790;415;414;1;0.4611;2.3055;Active;
30/09/2023;10:39:00;RA;150;discharge;Hanna;7294;0;0;falling;14:05:35;8795;415;414;1;0.4611;2.3055;Active;
30/09/2023;10:39:00;RA;150;discharge;Hanna;7294;0;0;falling;14:05:40;8800;415;414;1;0.4611;2.3055;Active;
30/09/2023;10:39:00;RA;150;discharge;Hanna;7294;0;0;falling;14:05:45;8805;415;414;1;0.4611;2.3055;Active;
30/09/2023;10:39:00;RA;150;discharge;Hanna;7294;0;0;falling;14:05:50;8810;415;414;1;0.4611;2.3055;Active;
30/09/2023;10:39:00;RA;150;discharge;Hanna;7294;0;0;falling;14:05:55;8815;415;414;1;0.4611;2.3055;Active;
30/09/2023;10:39:00;RA;150;discharge;Hanna;7294;0;0;falling;14:06:00;8820;415;414;1;0.4611;2.3055;Active;
30/09/2023;10:39:00;RA;150;discharge;Hanna;7294;0;0;falling;14:06:05;8825;415;414;1;0.4611;2.3055;Active;
30/09/2023;10:39:00;RA;150;discharge;Hanna;7294;0;0;falling;14:06:10;8830;415;414;1;0.4611;2.3055;Active;
30/09/2023;10:39:00;RA;150;discharge;Hanna;7294;0;0;falling;14:06:15;8835;415;414;1;0.4611;2.3055;Active;
30/09/2023;10:39:00;RA;150;discharge;Hanna;7294;0;0;falling;14:06:20;8840;415;414;1;0.4611;2.3055;Active;
30/09/2023;10:39:00;RA;150;discharge;Hanna;7294;0;0;falling;14:06:25;8845;415;414;1;0.4611;2.3055;Active;
30/09/2023;10:39:00;RA;150;discharge;Hanna;7294;0;0;falling;14:06:30;8850;415;414;1;0.4611;2.3055;Active;
30/09/2023;10:39:00;RA;150;discharge;Hanna;7294;0;0;falling;14:06:35;8855;415;414;1;0.4611;2.3055;Active;
30/09/2023;10:39:00;RA;150;discharge;Hanna;7294;0;0;falling;14:06:40;8860;415;414;1;0.4611;2.3055;Active;
30/09/2023;10:39:00;RA;150;discharge;Hanna;7294;0;0;falling;14:06:45;8865;415;414;1;0.4611;2.3055;Active;
30/09/2023;10:39:00;RA;150;discharge;Hanna;7294;0;0;falling;14:06:50;8870;415;414;1;0.4611;2.3055;Active;
30/09/2023;10:39:00;RA;150;discharge;Hanna;7294;0;0;falling;14:06:55;8875;415;414;1;0.4611;2.3055;Active;
30/09/2023;10:39:00;RA;150;discharge;Hanna;7294;0;0;falling;14:07:00;8880;415;414;1;0.4611;2.3055;Active;
30/09/2023;10:39:00;RA;150;discharge;Hanna;7294;0;0;falling;14:07:05;8885;415;414;1;0.4611;2.3055;Active;
30/09/2023;10:39:00;RA;150;discharge;Hanna;7294;0;0;falling;14:07:10;8890;415;414;1;0.4611;2.3055;Active;
30/09/2023;10:39:00;RA;150;discharge;Hanna;7294;0;0;falling;14:07:15;8895;415;414;1;0.4611;2.3055;Active;
30/09/2023;10:39:00;RA;150;discharge;Hanna;7294;0;0;falling;14:07:20;8900;415;414;1;0.4611;2.3055;Active;
30/09/2023;10:39:00;RA;150;discharge;Hanna;7294;0;0;falling;14:07:25;8905;415;414;1;0.4611;2.3055;Active;
30/09/2023;10:39:00;RA;150;discharge;Hanna;7294;0;0;falling;14:07:30;8910;415;414;1;0.4611;2.3055;Active;
30/09/2023;10:39:00;RA;150;discharge;Hanna;7294;0;0;falling;14:07:35;8915;415;414;1;0.4611;2.3055;Active;
30/09/2023;10:39:00;RA;150;discharge;Hanna;7294;0;0;falling;14:07:40;8920;415;414;1;0.4611;2.3055;Active;
30/09/2023;10:39:00;RA;150;discharge;Hanna;7294;0;0;falling;14:07:45;8925;415;414;1;0.4611;2.3055;Active;
30/09/2023;10:39:00;RA;150;discharge;Hanna;7294;0;0;falling;14:07:50;8930;415;414;1;0.4611;2.3055;Active;
30/09/2023;10:39:00;RA;150;discharge;Hanna;7294;0;0;falling;14:07:55;8935;415;414;1;0.4611;2.3055;Active;
30/09/2023;10:39:00;RA;150;discharge;Hanna;7294;0;0;falling;14:08:00;8940;415;414;1;0.4611;2.3055;Active;
30/09/2023;10:39:00;RA;150;discharge;Hanna;7294;0;0;falling;14:08:05;8945;415;414;1;0.4611;2.3055;Active;
30/09/2023;10:39:00;RA;150;discharge;Hanna;7294;0;0;falling;14:08:10;8950;415;414;1;0.4611;2.3055;Active;
30/09/2023;10:39:00;RA;150;discharge;Hanna;7294;0;0;falling;14:08:15;8955;415;414;1;0.4611;2.3055;Active;
30/09/2023;10:39:00;RA;150;discharge;Hanna;7294;0;0;falling;14:08:20;8960;415;414;1;0.4611;2.3055;Active;
30/09/2023;10:39:00;RA;150;discharge;Hanna;7294;0;0;falling;14:08:25;8965;415;414;1;0.4611;2.3055;Active;
30/09/2023;10:39:00;RA;150;discharge;Hanna;7294;0;0;falling;14:08:30;8970;415;414;1;0.4611;2.3055;Active;
30/09/2023;10:39:00;RA;150;discharge;Hanna;7294;0;0;falling;14:08:35;8975;415;414;1;0.4611;2.3055;Active;
30/09/2023;10:39:00;RA;150;discharge;Hanna;7294;0;0;falling;14:08:40;8980;415;414;1;0.4611;2.3055;Active;
30/09/2023;10:39:00;RA;150;discharge;Hanna;7294;0;0;falling;14:08:45;8985;415;414;1;0.4611;2.3055;Active;
30/09/2023;10:39:00;RA;150;discharge;Hanna;7294;0;0;falling;14:08:50;8990;415;414;1;0.4611;2.3055;Active;
30/09/2023;10:39:00;RA;150;discharge;Hanna;7294;0;0;falling;14:08:55;8995;415;414;1;0.4611;2.3055;Active;
30/09/2023;10:39:00;RA;150;discharge;Hanna;7294;0;0;falling;14:09:00;9000;415;414;1;0.4611;2.3055;Active;
30/09/2023;10:39:00;RA;150;discharge;Hanna;7294;0;0;falling;14:09:05;9005;415;414;1;0.4611;2.3055;Active;
30/09/2023;10:39:00;RA;150;discharge;Hanna;7294;0;0;falling;14:09:10;9010;415;414;1;0.4611;2.3055;Active;
30/09/2023;10:39:00;RA;150;discharge;Hanna;7294;0;0;falling;14:09:15;9015;415;414;1;0.4611;2.3055;Active;
30/09/2023;10:39:00;RA;150;discharge;Hanna;7294;0;0;falling;14:09:20;9020;415;414;1;0.4611;2.3055;Active;
30/09/2023;10:39:00;RA;150;discharge;Hanna;7294;0;0;falling;14:09:25;9025;415;414;1;0.4611;2.3055;Active;
30/09/2023;10:39:00;RA;150;discharge;Hanna;7294;0;0;falling;14:09:30;9030;415;414;1;0.4611;2.3055;Active;
30/09/2023;10:39:00;RA;150;discharge;Hanna;7294;0;0;falling;14:09:35;9035;415;414;1;0.4611;2.3055;Active;
30/09/2023;10:39:00;RA;150;discharge;Hanna;7294;0;0;falling;14:09:40;9040;415;414;1;0.4611;2.3055;Active;
30/09/2023;10:39:00;RA;150;discharge;Hanna;7294;0;0;falling;14:09:45;9045;415;414;1;0.4611;2.3055;Active;
30/09/2023;10:39:00;RA;150;discharge;Hanna;7294;0;0;falling;14:09:50;9050;415;414;1;0.4611;2.3055;Active;
30/09/2023;10:39:00;RA;150;discharge;Hanna;7294;0;0;falling;14:09:55;9055;415;414;1;0.4611;2.3055;Active;
30/09/2023;10:39:00;RA;150;discharge;Hanna;7294;0;0;falling;14:10:00;9060;415;414;1;0.4611;2.3055;Active;
30/09/2023;10:39:00;RA;150;discharge;Hanna;7294;0;0;falling;14:10:05;9065;415;414;1;0.4611;2.3055;Active;
30/09/2023;10:39:00;RA;150;discharge;Hanna;7294;0;0;falling;14:10:10;9070;415;414;1;0.4611;2.3055;Active;
30/09/2023;10:39:00;RA;150;discharge;Hanna;7294;0;0;falling;14:10:15;9075;415;414;1;0.4611;2.3055;Active;
30/09/2023;10:39:00;RA;150;discharge;Hanna;7294;0;0;falling;14:10:20;9080;415;414;1;0.4611;2.3055;Active;
30/09/2023;10:39:00;RA;150;discharge;Hanna;7294;0;0;falling;14:10:25;9085;415;414;1;0.4611;2.3055;Active;
30/09/2023;10:39:00;RA;150;discharge;Hanna;7294;0;0;falling;14:10:30;9090;415;414;1;0.4611;2.3055;Active;
30/09/2023;10:39:00;RA;150;discharge;Hanna;7294;0;0;falling;14:10:35;9095;415;414;1;0.4611;2.3055;Active;
30/09/2023;10:39:00;RA;150;discharge;Hanna;7294;0;0;falling;14:10:40;9100;415;414;1;0.4611;2.3055;Active;
30/09/2023;10:39:00;RA;150;discharge;Hanna;7294;0;0;falling;14:10:45;9105;415;414;1;0.4611;2.3055;Active;
30/09/2023;10:39:00;RA;150;discharge;Hanna;7294;0;0;falling;14:10:50;9110;414;414;0;0;0;Active;
30/09/2023;10:39:00;RA;150;discharge;Hanna;7294;0;0;falling;14:10:55;9115;415;414;1;0.4611;2.3055;Active;
30/09/2023;10:39:00;RA;150;discharge;Hanna;7294;0;0;falling;14:11:00;9120;415;414;1;0.4611;2.3055;Active;
30/09/2023;10:39:00;RA;150;discharge;Hanna;7294;0;0;falling;14:11:05;9125;415;414;1;0.4611;2.3055;Active;
30/09/2023;10:39:00;RA;150;discharge;Hanna;7294;0;0;falling;14:11:10;9130;415;414;1;0.4611;2.3055;Active;
30/09/2023;10:39:00;RA;150;discharge;Hanna;7294;0;0;falling;14:11:15;9135;415;414;1;0.4611;2.3055;Active;
30/09/2023;10:39:00;RA;150;discharge;Hanna;7294;0;0;falling;14:11:20;9140;415;414;1;0.4611;2.3055;Active;
30/09/2023;10:39:00;RA;150;discharge;Hanna;7294;0;0;falling;14:11:25;9145;415;414;1;0.4611;2.3055;Active;
30/09/2023;10:39:00;RA;150;discharge;Hanna;7294;0;0;falling;14:11:30;9150;415;414;1;0.4611;2.3055;Active;
30/09/2023;10:39:00;RA;150;discharge;Hanna;7294;0;0;falling;14:11:35;9155;415;414;1;0.4611;2.3055;Active;
30/09/2023;10:39:00;RA;150;discharge;Hanna;7294;0;0;falling;14:11:40;9160;415;414;1;0.4611;2.3055;Active;
30/09/2023;10:39:00;RA;150;discharge;Hanna;7294;0;0;falling;14:11:45;9165;415;414;1;0.4611;2.3055;Active;
30/09/2023;10:39:00;RA;150;discharge;Hanna;7294;0;0;falling;14:11:50;9170;415;414;1;0.4611;2.3055;Active;
30/09/2023;10:39:00;RA;150;discharge;Hanna;7294;0;0;falling;14:11:55;9175;415;414;1;0.4611;2.3055;Active;
30/09/2023;10:39:00;RA;150;discharge;Hanna;7294;0;0;falling;14:12:00;9180;415;414;1;0.4611;2.3055;Active;
30/09/2023;10:39:00;RA;150;discharge;Hanna;7294;0;0;falling;14:12:05;9185;415;414;1;0.4611;2.3055;Active;
30/09/2023;10:39:00;RA;150;discharge;Hanna;7294;0;0;falling;14:12:10;9190;414;414;0;0;0;Active;
30/09/2023;10:39:00;RA;150;discharge;Hanna;7294;0;0;falling;14:12:15;9195;414;414;0;0;0;Active;
30/09/2023;10:39:00;RA;150;discharge;Hanna;7294;0;0;falling;14:12:20;9200;414;414;0;0;0;Active;
30/09/2023;10:39:00;RA;150;discharge;Hanna;7294;0;0;falling;14:12:25;9205;415;414;1;0.4611;2.3055;Active;
30/09/2023;10:39:00;RA;150;discharge;Hanna;7294;0;0;falling;14:12:30;9210;414;414;0;0;0;Active;
30/09/2023;10:39:00;RA;150;discharge;Hanna;7294;0;0;falling;14:12:35;9215;414;414;0;0;0;Active;
30/09/2023;10:39:00;RA;150;discharge;Hanna;7294;0;0;falling;14:12:40;9220;414;414;0;0;0;Active;
30/09/2023;10:39:00;RA;150;discharge;Hanna;7294;0;0;falling;14:12:45;9225;414;414;0;0;0;Active;
30/09/2023;10:39:00;RA;150;discharge;Hanna;7294;0;0;falling;14:12:50;9230;414;414;0;0;0;Active;
30/09/2023;10:39:00;RA;150;discharge;Hanna;7294;0;0;falling;14:12:55;9235;414;414;0;0;0;Active;
30/09/2023;10:39:00;RA;150;discharge;Hanna;7294;0;0;falling;14:13:00;9240;414;414;0;0;0;Active;
30/09/2023;10:39:00;RA;150;discharge;Hanna;7294;0;0;falling;14:13:05;9245;414;414;0;0;0;Active;
30/09/2023;10:39:00;RA;150;discharge;Hanna;7294;0;0;falling;14:13:10;9250;414;414;0;0;0;Active;
30/09/2023;10:39:00;RA;150;discharge;Hanna;7294;0;0;falling;14:13:15;9255;414;414;0;0;0;Active;
30/09/2023;10:39:00;RA;150;discharge;Hanna;7294;0;0;falling;14:13:20;9260;414;414;0;0;0;Active;
30/09/2023;10:39:00;RA;150;discharge;Hanna;7294;0;0;falling;14:13:25;9265;414;414;0;0;0;Active;
30/09/2023;10:39:00;RA;150;discharge;Hanna;7294;0;0;falling;14:13:30;9270;414;414;0;0;0;Active;
30/09/2023;10:39:00;RA;150;discharge;Hanna;7294;0;0;falling;14:13:35;9275;414;414;0;0;0;Active;
30/09/2023;10:39:00;RA;150;discharge;Hanna;7294;0;0;falling;14:13:40;9280;414;414;0;0;0;Active;
30/09/2023;10:39:00;RA;150;discharge;Hanna;7294;0;0;falling;14:13:45;9285;414;414;0;0;0;Active;
30/09/2023;10:39:00;RA;150;discharge;Hanna;7294;0;0;falling;14:13:50;9290;414;414;0;0;0;Active;
30/09/2023;10:39:00;RA;150;discharge;Hanna;7294;0;0;falling;14:13:55;9295;414;414;0;0;0;Active;
30/09/2023;10:39:00;RA;150;discharge;Hanna;7294;0;0;falling;14:14:00;9300;414;414;0;0;0;Active;
30/09/2023;10:39:00;RA;150;discharge;Hanna;7294;0;0;falling;14:14:05;9305;414;414;0;0;0;Active;
30/09/2023;10:39:00;RA;150;discharge;Hanna;7294;0;0;falling;14:14:10;9310;414;414;0;0;0;Active;
30/09/2023;10:39:00;RA;150;discharge;Hanna;7294;0;0;falling;14:14:15;9315;414;414;0;0;0;Active;
30/09/2023;10:39:00;RA;150;discharge;Hanna;7294;0;0;falling;14:14:20;9320;414;414;0;0;0;Active;
30/09/2023;10:39:00;RA;150;discharge;Hanna;7294;0;0;falling;14:14:25;9325;414;414;0;0;0;Active;
30/09/2023;10:39:00;RA;150;discharge;Hanna;7294;0;0;falling;14:14:30;9330;414;414;0;0;0;Active;
30/09/2023;10:39:00;RA;150;discharge;Hanna;7294;0;0;falling;14:14:35;9335;414;414;0;0;0;Active;
30/09/2023;10:39:00;RA;150;discharge;Hanna;7294;0;0;falling;14:14:40;9340;414;414;0;0;0;Active;
30/09/2023;10:39:00;RA;150;discharge;Hanna;7294;0;0;falling;14:14:45;9345;414;414;0;0;0;Active;
30/09/2023;10:39:00;RA;150;discharge;Hanna;7294;0;0;falling;14:14:50;9350;414;414;0;0;0;Active;
30/09/2023;10:39:00;RA;150;discharge;Hanna;7294;0;0;falling;14:14:55;9355;414;414;0;0;0;Active;
30/09/2023;10:39:00;RA;150;discharge;Hanna;7294;0;0;falling;14:15:00;9360;414;414;0;0;0;Active;
30/09/2023;10:39:00;RA;150;discharge;Hanna;7294;0;0;falling;14:15:05;9365;414;414;0;0;0;Active;
30/09/2023;10:39:00;RA;150;discharge;Hanna;7294;0;0;falling;14:15:10;9370;414;414;0;0;0;Active;
30/09/2023;10:39:00;RA;150;discharge;Hanna;7294;0;0;falling;14:15:15;9375;414;414;0;0;0;Active;
30/09/2023;10:39:00;RA;150;discharge;Hanna;7294;0;0;falling;14:15:20;9380;414;414;0;0;0;Active;
30/09/2023;10:39:00;RA;150;discharge;Hanna;7294;0;0;falling;14:15:25;9385;414;414;0;0;0;Active;
30/09/2023;10:39:00;RA;150;discharge;Hanna;7294;0;0;falling;14:15:30;9390;414;414;0;0;0;Active;
30/09/2023;10:39:00;RA;150;discharge;Hanna;7294;0;0;falling;14:15:35;9395;414;414;0;0;0;Active;
30/09/2023;10:39:00;RA;150;discharge;Hanna;7294;0;0;falling;14:15:40;9400;414;414;0;0;0;Active;
30/09/2023;10:39:00;RA;150;discharge;Hanna;7294;0;0;falling;14:15:45;9405;414;414;0;0;0;Active;
30/09/2023;10:39:00;RA;150;discharge;Hanna;7294;0;0;falling;14:15:50;9410;414;414;0;0;0;Active;
30/09/2023;10:39:00;RA;150;discharge;Hanna;7294;0;0;falling;14:15:55;9415;414;414;0;0;0;Active;
30/09/2023;10:39:00;RA;150;discharge;Hanna;7294;0;0;falling;14:16:00;9420;414;414;0;0;0;Active;
30/09/2023;13:52:00;CB;252;discharge;Hanna;7390;0;0;release;14:00:00;0;327;327;0;0;0;Non-active;
30/09/2023;13:52:00;CB;252;discharge;Hanna;7390;0;0;release;14:00:05;5;327;327;0;0;0;Non-active;
30/09/2023;13:52:00;CB;252;discharge;Hanna;7390;0;0;release;14:00:10;10;327;327;0;0;0;Non-active;
30/09/2023;13:52:00;CB;252;discharge;Hanna;7390;0;0;release;14:00:15;15;327;327;0;0;0;Non-active;
30/09/2023;13:52:00;CB;252;discharge;Hanna;7390;0;0;release;14:00:20;20;327;327;0;0;0;Non-active;
30/09/2023;13:52:00;CB;252;discharge;Hanna;7390;0;0;release;14:00:25;25;327;327;0;0;0;Non-active;
30/09/2023;13:52:00;CB;252;discharge;Hanna;7390;0;0;release;14:00:30;30;327;327;0;0;0;Non-active;
30/09/2023;13:52:00;CB;252;discharge;Hanna;7390;0;0;release;14:00:35;35;327;327;0;0;0;Non-active;
30/09/2023;13:52:00;CB;252;discharge;Hanna;7390;0;0;release;14:00:40;40;327;327;0;0;0;Non-active;
30/09/2023;13:52:00;CB;252;discharge;Hanna;7390;0;0;release;14:00:45;45;327;327;0;0;0;Non-active;
30/09/2023;13:52:00;CB;252;discharge;Hanna;7390;0;0;release;14:00:50;50;327;327;0;0;0;Non-active;
30/09/2023;13:52:00;CB;252;discharge;Hanna;7390;0;0;release;14:00:55;55;327;327;0;0;0;Non-active;
30/09/2023;13:52:00;CB;252;discharge;Hanna;7390;0;0;release;14:01:00;60;327;327;0;0;0;Non-active;
30/09/2023;13:52:00;CB;252;discharge;Hanna;7390;0;0;release;14:01:05;65;327;327;0;0;0;Non-active;
30/09/2023;13:52:00;CB;252;discharge;Hanna;7390;0;0;release;14:01:10;70;327;327;0;0;0;Non-active;
30/09/2023;13:52:00;CB;252;discharge;Hanna;7390;0;0;release;14:01:15;75;327;327;0;0;0;Non-active;
30/09/2023;13:52:00;CB;252;discharge;Hanna;7390;0;0;release;14:01:20;80;327;327;0;0;0;Non-active;
30/09/2023;13:52:00;CB;252;discharge;Hanna;7390;0;0;release;14:01:25;85;327;327;0;0;0;Non-active;
30/09/2023;13:52:00;CB;252;discharge;Hanna;7390;0;0;release;14:01:30;90;327;327;0;0;0;Non-active;
30/09/2023;13:52:00;CB;252;discharge;Hanna;7390;0;0;release;14:01:35;95;327;327;0;0;0;Non-active;
30/09/2023;13:52:00;CB;252;discharge;Hanna;7390;0;0;release;14:01:40;100;327;327;0;0;0;Non-active;
30/09/2023;13:52:00;CB;252;discharge;Hanna;7390;0;0;release;14:01:45;105;327;327;0;0;0;Non-active;
30/09/2023;13:52:00;CB;252;discharge;Hanna;7390;0;0;release;14:01:50;110;327;327;0;0;0;Non-active;
30/09/2023;13:52:00;CB;252;discharge;Hanna;7390;0;0;release;14:01:55;115;327;327;0;0;0;Non-active;
30/09/2023;13:52:00;CB;252;discharge;Hanna;7390;0;0;release;14:02:00;120;327;327;0;0;0;Non-active;
30/09/2023;13:52:00;CB;252;discharge;Hanna;7390;0;0;release;14:02:05;125;327;327;0;0;0;Non-active;
30/09/2023;13:52:00;CB;252;discharge;Hanna;7390;0;0;release;14:02:10;130;327;327;0;0;0;Non-active;
30/09/2023;13:52:00;CB;252;discharge;Hanna;7390;0;0;release;14:02:15;135;327;327;0;0;0;Non-active;
30/09/2023;13:52:00;CB;252;discharge;Hanna;7390;0;0;release;14:02:20;140;327;327;0;0;0;Non-active;
30/09/2023;13:52:00;CB;252;discharge;Hanna;7390;0;0;release;14:02:25;145;327;327;0;0;0;Non-active;
30/09/2023;13:52:00;CB;252;discharge;Hanna;7390;0;0;release;14:02:30;150;327;327;0;0;0;Non-active;
30/09/2023;13:52:00;CB;252;discharge;Hanna;7390;0;0;release;14:02:35;155;327;327;0;0;0;Non-active;
30/09/2023;13:52:00;CB;252;discharge;Hanna;7390;0;0;release;14:02:40;160;327;327;0;0;0;Non-active;
30/09/2023;13:52:00;CB;252;discharge;Hanna;7390;0;0;release;14:02:45;165;327;327;0;0;0;Non-active;
30/09/2023;13:52:00;CB;252;discharge;Hanna;7390;0;0;release;14:02:50;170;327;327;0;0;0;Non-active;
30/09/2023;13:52:00;CB;252;discharge;Hanna;7390;0;0;release;14:02:55;175;327;327;0;0;0;Non-active;
30/09/2023;13:52:00;CB;252;discharge;Hanna;7390;0;0;release;14:03:00;180;327;327;0;0;0;Non-active;
30/09/2023;13:52:00;CB;252;discharge;Hanna;7390;0;0;release;14:03:05;185;327;327;0;0;0;Non-active;
30/09/2023;13:52:00;CB;252;discharge;Hanna;7390;0;0;release;14:03:10;190;327;327;0;0;0;Non-active;
30/09/2023;13:52:00;CB;252;discharge;Hanna;7390;0;0;release;14:03:15;195;327;327;0;0;0;Non-active;
30/09/2023;13:52:00;CB;252;discharge;Hanna;7390;0;0;release;14:03:20;200;327;327;0;0;0;Non-active;
30/09/2023;13:52:00;CB;252;discharge;Hanna;7390;0;0;release;14:03:25;205;327;327;0;0;0;Non-active;
30/09/2023;13:52:00;CB;252;discharge;Hanna;7390;0;0;release;14:03:30;210;327;327;0;0;0;Non-active;
30/09/2023;13:52:00;CB;252;discharge;Hanna;7390;0;0;release;14:03:35;215;327;327;0;0;0;Non-active;
30/09/2023;13:52:00;CB;252;discharge;Hanna;7390;0;0;release;14:03:40;220;327;327;0;0;0;Non-active;
30/09/2023;13:52:00;CB;252;discharge;Hanna;7390;0;0;release;14:03:45;225;327;327;0;0;0;Non-active;
30/09/2023;13:52:00;CB;252;discharge;Hanna;7390;0;0;release;14:03:50;230;327;327;0;0;0;Non-active;
30/09/2023;13:52:00;CB;252;discharge;Hanna;7390;0;0;release;14:03:55;235;327;327;0;0;0;Non-active;
30/09/2023;13:52:00;CB;252;discharge;Hanna;7390;0;0;release;14:04:00;240;327;327;0;0;0;Non-active;
30/09/2023;13:52:00;CB;252;discharge;Hanna;7390;0;0;release;14:04:05;245;327;327;0;0;0;Non-active;
30/09/2023;13:52:00;CB;252;discharge;Hanna;7390;0;0;release;14:04:10;250;327;327;0;0;0;Non-active;
30/09/2023;13:52:00;CB;252;discharge;Hanna;7390;0;0;release;14:04:15;255;327;327;0;0;0;Non-active;
30/09/2023;13:52:00;CB;252;discharge;Hanna;7390;0;0;release;14:04:20;260;327;327;0;0;0;Non-active;
30/09/2023;13:52:00;CB;252;discharge;Hanna;7390;0;0;release;14:04:25;265;327;327;0;0;0;Non-active;
30/09/2023;13:52:00;CB;252;discharge;Hanna;7390;0;0;release;14:04:30;270;327;327;0;0;0;Non-active;
30/09/2023;13:52:00;CB;252;discharge;Hanna;7390;0;0;release;14:04:35;275;327;327;0;0;0;Non-active;
30/09/2023;13:52:00;CB;252;discharge;Hanna;7390;0;0;release;14:04:40;280;327;327;0;0;0;Non-active;
30/09/2023;13:52:00;CB;252;discharge;Hanna;7390;0;0;release;14:04:45;285;327;327;0;0;0;Non-active;
30/09/2023;13:52:00;CB;252;discharge;Hanna;7390;0;0;release;14:04:50;290;327;327;0;0;0;Non-active;
30/09/2023;13:52:00;CB;252;discharge;Hanna;7390;0;0;release;14:04:55;295;327;327;0;0;0;Non-active;
30/09/2023;13:52:00;CB;252;discharge;Hanna;7390;0;0;release;14:05:00;300;327;327;0;0;0;Non-active;
30/09/2023;13:52:00;CB;252;discharge;Hanna;7390;0;0;release;14:05:05;305;327;327;0;0;0;Non-active;
30/09/2023;13:52:00;CB;252;discharge;Hanna;7390;0;0;release;14:05:10;310;327;327;0;0;0;Non-active;
30/09/2023;13:52:00;CB;252;discharge;Hanna;7390;0;0;release;14:05:15;315;327;327;0;0;0;Non-active;
30/09/2023;13:52:00;CB;252;discharge;Hanna;7390;0;0;release;14:05:20;320;327;327;0;0;0;Non-active;
30/09/2023;13:52:00;CB;252;discharge;Hanna;7390;0;0;release;14:05:25;325;327;327;0;0;0;Non-active;
30/09/2023;13:52:00;CB;252;discharge;Hanna;7390;0;0;release;14:05:30;330;327;327;0;0;0;Non-active;
30/09/2023;13:52:00;CB;252;discharge;Hanna;7390;0;0;release;14:05:35;335;327;327;0;0;0;Non-active;
30/09/2023;13:52:00;CB;252;discharge;Hanna;7390;0;0;release;14:05:40;340;327;327;0;0;0;Non-active;
30/09/2023;13:52:00;CB;252;discharge;Hanna;7390;0;0;release;14:05:45;345;327;327;0;0;0;Non-active;
30/09/2023;13:52:00;CB;252;discharge;Hanna;7390;0;0;release;14:05:50;350;327;327;0;0;0;Non-active;
30/09/2023;13:52:00;CB;252;discharge;Hanna;7390;0;0;release;14:05:55;355;327;327;0;0;0;Non-active;
30/09/2023;13:52:00;CB;252;discharge;Hanna;7390;0;0;release;14:06:00;360;327;327;0;0;0;Non-active;
30/09/2023;13:52:00;CB;252;discharge;Hanna;7390;0;0;release;14:06:05;365;327;327;0;0;0;Non-active;
30/09/2023;13:52:00;CB;252;discharge;Hanna;7390;0;0;release;14:06:10;370;327;327;0;0;0;Non-active;
30/09/2023;13:52:00;CB;252;discharge;Hanna;7390;0;0;release;14:06:15;375;327;327;0;0;0;Non-active;
30/09/2023;13:52:00;CB;252;discharge;Hanna;7390;0;0;release;14:06:20;380;327;327;0;0;0;Non-active;
30/09/2023;13:52:00;CB;252;discharge;Hanna;7390;0;0;release;14:06:25;385;327;327;0;0;0;Non-active;
30/09/2023;13:52:00;CB;252;discharge;Hanna;7390;0;0;release;14:06:30;390;327;327;0;0;0;Non-active;
30/09/2023;13:52:00;CB;252;discharge;Hanna;7390;0;0;release;14:06:35;395;327;327;0;0;0;Non-active;
30/09/2023;13:52:00;CB;252;discharge;Hanna;7390;0;0;release;14:06:40;400;327;327;0;0;0;Non-active;
30/09/2023;13:52:00;CB;252;discharge;Hanna;7390;0;0;release;14:06:45;405;327;327;0;0;0;Non-active;
30/09/2023;13:52:00;CB;252;discharge;Hanna;7390;0;0;release;14:06:50;410;327;327;0;0;0;Non-active;
30/09/2023;13:52:00;CB;252;discharge;Hanna;7390;0;0;release;14:06:55;415;327;327;0;0;0;Non-active;
30/09/2023;13:52:00;CB;252;discharge;Hanna;7390;0;0;release;14:07:00;420;327;327;0;0;0;Non-active;
30/09/2023;13:52:00;CB;252;discharge;Hanna;7390;0;0;release;14:07:05;425;327;327;0;0;0;Non-active;
30/09/2023;13:52:00;CB;252;discharge;Hanna;7390;0;0;release;14:07:10;430;327;327;0;0;0;Non-active;
30/09/2023;13:52:00;CB;252;discharge;Hanna;7390;0;0;release;14:07:15;435;327;327;0;0;0;Non-active;
30/09/2023;13:52:00;CB;252;discharge;Hanna;7390;0;0;release;14:07:20;440;327;327;0;0;0;Non-active;
30/09/2023;13:52:00;CB;252;discharge;Hanna;7390;0;0;release;14:07:25;445;327;327;0;0;0;Non-active;
30/09/2023;13:52:00;CB;252;discharge;Hanna;7390;0;0;release;14:07:30;450;327;327;0;0;0;Non-active;
30/09/2023;13:52:00;CB;252;discharge;Hanna;7390;0;0;release;14:07:35;455;327;327;0;0;0;Non-active;
30/09/2023;13:52:00;CB;252;discharge;Hanna;7390;0;0;release;14:07:40;460;327;327;0;0;0;Non-active;
30/09/2023;13:52:00;CB;252;discharge;Hanna;7390;0;0;release;14:07:45;465;327;327;0;0;0;Non-active;
30/09/2023;13:52:00;CB;252;discharge;Hanna;7390;0;0;release;14:07:50;470;327;327;0;0;0;Non-active;
30/09/2023;13:52:00;CB;252;discharge;Hanna;7390;0;0;release;14:07:55;475;327;327;0;0;0;Non-active;
30/09/2023;13:52:00;CB;252;discharge;Hanna;7390;0;0;release;14:08:00;480;327;327;0;0;0;Non-active;
30/09/2023;13:52:00;CB;252;discharge;Hanna;7390;0;0;release;14:08:05;485;327;327;0;0;0;Non-active;
30/09/2023;13:52:00;CB;252;discharge;Hanna;7390;0;0;release;14:08:10;490;327;327;0;0;0;Non-active;
30/09/2023;13:52:00;CB;252;discharge;Hanna;7390;0;0;release;14:08:15;495;327;327;0;0;0;Non-active;
30/09/2023;13:52:00;CB;252;discharge;Hanna;7390;0;0;release;14:08:20;500;327;327;0;0;0;Non-active;
30/09/2023;13:52:00;CB;252;discharge;Hanna;7390;0;0;release;14:08:25;505;327;327;0;0;0;Non-active;
30/09/2023;13:52:00;CB;252;discharge;Hanna;7390;0;0;release;14:08:30;510;327;327;0;0;0;Non-active;
30/09/2023;13:52:00;CB;252;discharge;Hanna;7390;0;0;rising;14:08:35;515;328;327;1;0.4611;2.3055;Non-active;
30/09/2023;13:52:00;CB;252;discharge;Hanna;7390;0;0;rising;14:08:40;520;328;327;1;0.4611;2.3055;Non-active;
30/09/2023;13:52:00;CB;252;discharge;Hanna;7390;0;0;rising;14:08:45;525;328;327;1;0.4611;2.3055;Non-active;
30/09/2023;13:52:00;CB;252;discharge;Hanna;7390;0;0;rising;14:08:50;530;328;327;1;0.4611;2.3055;Non-active;
30/09/2023;13:52:00;CB;252;discharge;Hanna;7390;0;0;rising;14:08:55;535;329;327;2;0.9222;4.611;Non-active;
30/09/2023;13:52:00;CB;252;discharge;Hanna;7390;0;0;rising;14:09:00;540;329;327;2;0.9222;4.611;Non-active;
30/09/2023;13:52:00;CB;252;discharge;Hanna;7390;0;0;rising;14:09:05;545;329;327;2;0.9222;4.611;Non-active;
30/09/2023;13:52:00;CB;252;discharge;Hanna;7390;0;0;rising;14:09:10;550;330;327;3;1.3833;6.9165;Non-active;
30/09/2023;13:52:00;CB;252;discharge;Hanna;7390;0;0;rising;14:09:15;555;330;327;3;1.3833;6.9165;Non-active;
30/09/2023;13:52:00;CB;252;discharge;Hanna;7390;0;0;rising;14:09:20;560;330;327;3;1.3833;6.9165;Non-active;
30/09/2023;13:52:00;CB;252;discharge;Hanna;7390;0;0;rising;14:09:25;565;331;327;4;1.8444;9.222;Non-active;
30/09/2023;13:52:00;CB;252;discharge;Hanna;7390;0;0;rising;14:09:30;570;331;327;4;1.8444;9.222;Non-active;
30/09/2023;13:52:00;CB;252;discharge;Hanna;7390;0;0;rising;14:09:35;575;332;327;5;2.3055;11.5275;Non-active;
30/09/2023;13:52:00;CB;252;discharge;Hanna;7390;0;0;rising;14:09:40;580;333;327;6;2.7666;13.833;Non-active;
30/09/2023;13:52:00;CB;252;discharge;Hanna;7390;0;0;rising;14:09:45;585;333;327;6;2.7666;13.833;Non-active;
30/09/2023;13:52:00;CB;252;discharge;Hanna;7390;0;0;rising;14:09:50;590;333;327;6;2.7666;13.833;Non-active;
30/09/2023;13:52:00;CB;252;discharge;Hanna;7390;0;0;rising;14:09:55;595;335;327;8;3.6888;18.444;Non-active;
30/09/2023;13:52:00;CB;252;discharge;Hanna;7390;0;0;rising;14:10:00;600;335;327;8;3.6888;18.444;Non-active;
30/09/2023;13:52:00;CB;252;discharge;Hanna;7390;0;0;rising;14:10:05;605;336;327;9;4.1499;20.7495;Non-active;
30/09/2023;13:52:00;CB;252;discharge;Hanna;7390;0;0;rising;14:10:10;610;336;327;9;4.1499;20.7495;Non-active;
30/09/2023;13:52:00;CB;252;discharge;Hanna;7390;0;0;rising;14:10:15;615;337;327;10;4.611;23.055;Non-active;
30/09/2023;13:52:00;CB;252;discharge;Hanna;7390;0;0;rising;14:10:20;620;337;327;10;4.611;23.055;Non-active;
30/09/2023;13:52:00;CB;252;discharge;Hanna;7390;0;0;rising;14:10:25;625;338;327;11;5.0721;25.3605;Non-active;
30/09/2023;13:52:00;CB;252;discharge;Hanna;7390;0;0;rising;14:10:30;630;339;327;12;5.5332;27.666;Non-active;
30/09/2023;13:52:00;CB;252;discharge;Hanna;7390;0;0;rising;14:10:35;635;340;327;13;5.9943;29.9715;Non-active;
30/09/2023;13:52:00;CB;252;discharge;Hanna;7390;0;0;rising;14:10:40;640;341;327;14;6.4554;32.277;Non-active;
30/09/2023;13:52:00;CB;252;discharge;Hanna;7390;0;0;rising;14:10:45;645;342;327;15;6.9165;34.5825;Non-active;
30/09/2023;13:52:00;CB;252;discharge;Hanna;7390;0;0;rising;14:10:50;650;343;327;16;7.3776;36.888;Non-active;
30/09/2023;13:52:00;CB;252;discharge;Hanna;7390;0;0;rising;14:10:55;655;344;327;17;7.8387;39.1935;Non-active;
30/09/2023;13:52:00;CB;252;discharge;Hanna;7390;0;0;rising;14:11:00;660;345;327;18;8.2998;41.499;Non-active;
30/09/2023;13:52:00;CB;252;discharge;Hanna;7390;0;0;rising;14:11:05;665;345;327;18;8.2998;41.499;Non-active;
30/09/2023;13:52:00;CB;252;discharge;Hanna;7390;0;0;rising;14:11:10;670;347;327;20;9.222;46.11;Non-active;
30/09/2023;13:52:00;CB;252;discharge;Hanna;7390;0;0;rising;14:11:15;675;347;327;20;9.222;46.11;Non-active;
30/09/2023;13:52:00;CB;252;discharge;Hanna;7390;0;0;rising;14:11:20;680;347;327;20;9.222;46.11;Non-active;
30/09/2023;13:52:00;CB;252;discharge;Hanna;7390;0;0;rising;14:11:25;685;348;327;21;9.6831;48.4155;Non-active;
30/09/2023;13:52:00;CB;252;discharge;Hanna;7390;0;0;rising;14:11:30;690;349;327;22;10.1442;50.721;Non-active;
30/09/2023;13:52:00;CB;252;discharge;Hanna;7390;0;0;rising;14:11:35;695;350;327;23;10.6053;53.0265;Non-active;
30/09/2023;13:52:00;CB;252;discharge;Hanna;7390;0;0;rising;14:11:40;700;351;327;24;11.0664;55.332;Non-active;
30/09/2023;13:52:00;CB;252;discharge;Hanna;7390;0;0;rising;14:11:45;705;352;327;25;11.5275;57.6375;Non-active;
30/09/2023;13:52:00;CB;252;discharge;Hanna;7390;0;0;rising;14:11:50;710;352;327;25;11.5275;57.6375;Non-active;
30/09/2023;13:52:00;CB;252;discharge;Hanna;7390;0;0;rising;14:11:55;715;353;327;26;11.9886;59.943;Non-active;
30/09/2023;13:52:00;CB;252;discharge;Hanna;7390;0;0;rising;14:12:00;720;355;327;28;12.9108;64.554;Non-active;
30/09/2023;13:52:00;CB;252;discharge;Hanna;7390;0;0;rising;14:12:05;725;355;327;28;12.9108;64.554;Non-active;
30/09/2023;13:52:00;CB;252;discharge;Hanna;7390;0;0;rising;14:12:10;730;356;327;29;13.3719;66.8595;Non-active;
30/09/2023;13:52:00;CB;252;discharge;Hanna;7390;0;0;rising;14:12:15;735;357;327;30;13.833;69.165;Non-active;
30/09/2023;13:52:00;CB;252;discharge;Hanna;7390;0;0;rising;14:12:20;740;357;327;30;13.833;69.165;Non-active;
30/09/2023;13:52:00;CB;252;discharge;Hanna;7390;0;0;rising;14:12:25;745;358;327;31;14.2941;71.4705;Non-active;
30/09/2023;13:52:00;CB;252;discharge;Hanna;7390;0;0;rising;14:12:30;750;358;327;31;14.2941;71.4705;Non-active;
30/09/2023;13:52:00;CB;252;discharge;Hanna;7390;0;0;rising;14:12:35;755;360;327;33;15.2163;76.0815;Non-active;
30/09/2023;13:52:00;CB;252;discharge;Hanna;7390;0;0;rising;14:12:40;760;361;327;34;15.6774;78.387;Non-active;
30/09/2023;13:52:00;CB;252;discharge;Hanna;7390;0;0;rising;14:12:45;765;361;327;34;15.6774;78.387;Non-active;
30/09/2023;13:52:00;CB;252;discharge;Hanna;7390;0;0;rising;14:12:50;770;361;327;34;15.6774;78.387;Non-active;
30/09/2023;13:52:00;CB;252;discharge;Hanna;7390;0;0;rising;14:12:55;775;362;327;35;16.1385;80.6925;Non-active;
30/09/2023;13:52:00;CB;252;discharge;Hanna;7390;0;0;rising;14:13:00;780;363;327;36;16.5996;82.998;Non-active;
30/09/2023;13:52:00;CB;252;discharge;Hanna;7390;0;0;rising;14:13:05;785;363;327;36;16.5996;82.998;Non-active;
30/09/2023;13:52:00;CB;252;discharge;Hanna;7390;0;0;rising;14:13:10;790;364;327;37;17.0607;85.3035;Non-active;
30/09/2023;13:52:00;CB;252;discharge;Hanna;7390;0;0;rising;14:13:15;795;364;327;37;17.0607;85.3035;Non-active;
30/09/2023;13:52:00;CB;252;discharge;Hanna;7390;0;0;rising;14:13:20;800;366;327;39;17.9829;89.9145;Non-active;
30/09/2023;13:52:00;CB;252;discharge;Hanna;7390;0;0;rising;14:13:25;805;366;327;39;17.9829;89.9145;Non-active;
30/09/2023;13:52:00;CB;252;discharge;Hanna;7390;0;0;rising;14:13:30;810;367;327;40;18.444;92.22;Non-active;
30/09/2023;13:52:00;CB;252;discharge;Hanna;7390;0;0;rising;14:13:35;815;366;327;39;17.9829;89.9145;Non-active;
30/09/2023;13:52:00;CB;252;discharge;Hanna;7390;0;0;rising;14:13:40;820;367;327;40;18.444;92.22;Non-active;
30/09/2023;13:52:00;CB;252;discharge;Hanna;7390;0;0;rising;14:13:45;825;368;327;41;18.9051;94.5255;Non-active;
30/09/2023;13:52:00;CB;252;discharge;Hanna;7390;0;0;rising;14:13:50;830;368;327;41;18.9051;94.5255;Non-active;
30/09/2023;13:52:00;CB;252;discharge;Hanna;7390;0;0;rising;14:13:55;835;369;327;42;19.3662;96.831;Non-active;
30/09/2023;13:52:00;CB;252;discharge;Hanna;7390;0;0;rising;14:14:00;840;368;327;41;18.9051;94.5255;Non-active;
30/09/2023;13:52:00;CB;252;discharge;Hanna;7390;0;0;rising;14:14:05;845;368;327;41;18.9051;94.5255;Non-active;
30/09/2023;13:52:00;CB;252;discharge;Hanna;7390;0;0;rising;14:14:10;850;369;327;42;19.3662;96.831;Non-active;
30/09/2023;13:52:00;CB;252;discharge;Hanna;7390;0;0;rising;14:14:15;855;369;327;42;19.3662;96.831;Non-active;
30/09/2023;13:52:00;CB;252;discharge;Hanna;7390;0;0;rising;14:14:20;860;369;327;42;19.3662;96.831;Non-active;
30/09/2023;13:52:00;CB;252;discharge;Hanna;7390;0;0;rising;14:14:25;865;370;327;43;19.8273;99.1365;Non-active;
30/09/2023;13:52:00;CB;252;discharge;Hanna;7390;0;0;rising;14:14:30;870;370;327;43;19.8273;99.1365;Non-active;
30/09/2023;13:52:00;CB;252;discharge;Hanna;7390;0;0;rising;14:14:35;875;370;327;43;19.8273;99.1365;Non-active;
30/09/2023;13:52:00;CB;252;discharge;Hanna;7390;0;0;rising;14:14:40;880;370;327;43;19.8273;99.1365;Non-active;
30/09/2023;13:52:00;CB;252;discharge;Hanna;7390;0;0;rising;14:14:45;885;370;327;43;19.8273;99.1365;Non-active;
30/09/2023;13:52:00;CB;252;discharge;Hanna;7390;0;0;rising;14:14:50;890;370;327;43;19.8273;99.1365;Non-active;
30/09/2023;13:52:00;CB;252;discharge;Hanna;7390;0;0;rising;14:14:55;895;370;327;43;19.8273;99.1365;Non-active;
30/09/2023;13:52:00;CB;252;discharge;Hanna;7390;0;0;rising;14:15:00;900;371;327;44;20.2884;101.442;Non-active;
30/09/2023;13:52:00;CB;252;discharge;Hanna;7390;0;0;falling;14:15:05;905;370;327;43;19.8273;99.1365;Non-active;
30/09/2023;13:52:00;CB;252;discharge;Hanna;7390;0;0;falling;14:15:10;910;370;327;43;19.8273;99.1365;Non-active;
30/09/2023;13:52:00;CB;252;discharge;Hanna;7390;0;0;falling;14:15:15;915;370;327;43;19.8273;99.1365;Non-active;
30/09/2023;13:52:00;CB;252;discharge;Hanna;7390;0;0;falling;14:15:20;920;370;327;43;19.8273;99.1365;Non-active;
30/09/2023;13:52:00;CB;252;discharge;Hanna;7390;0;0;falling;14:15:25;925;370;327;43;19.8273;99.1365;Non-active;
30/09/2023;13:52:00;CB;252;discharge;Hanna;7390;0;0;falling;14:15:30;930;370;327;43;19.8273;99.1365;Non-active;
30/09/2023;13:52:00;CB;252;discharge;Hanna;7390;0;0;falling;14:15:35;935;370;327;43;19.8273;99.1365;Non-active;
30/09/2023;13:52:00;CB;252;discharge;Hanna;7390;0;0;falling;14:15:40;940;370;327;43;19.8273;99.1365;Non-active;
30/09/2023;13:52:00;CB;252;discharge;Hanna;7390;0;0;falling;14:15:45;945;370;327;43;19.8273;99.1365;Non-active;
30/09/2023;13:52:00;CB;252;discharge;Hanna;7390;0;0;falling;14:15:50;950;370;327;43;19.8273;99.1365;Non-active;
30/09/2023;13:52:00;CB;252;discharge;Hanna;7390;0;0;falling;14:15:55;955;370;327;43;19.8273;99.1365;Non-active;
30/09/2023;13:52:00;CB;252;discharge;Hanna;7390;0;0;falling;14:16:00;960;370;327;43;19.8273;99.1365;Non-active;
30/09/2023;13:52:00;CB;252;discharge;Hanna;7390;0;0;falling;14:16:05;965;370;327;43;19.8273;99.1365;Non-active;
30/09/2023;13:52:00;CB;252;discharge;Hanna;7390;0;0;falling;14:16:10;970;370;327;43;19.8273;99.1365;Non-active;
30/09/2023;13:52:00;CB;252;discharge;Hanna;7390;0;0;falling;14:16:15;975;370;327;43;19.8273;99.1365;Non-active;
30/09/2023;13:52:00;CB;252;discharge;Hanna;7390;0;0;falling;14:16:20;980;369;327;42;19.3662;96.831;Non-active;
30/09/2023;13:52:00;CB;252;discharge;Hanna;7390;0;0;falling;14:16:25;985;369;327;42;19.3662;96.831;Non-active;
30/09/2023;13:52:00;CB;252;discharge;Hanna;7390;0;0;falling;14:16:30;990;369;327;42;19.3662;96.831;Non-active;
30/09/2023;13:52:00;CB;252;discharge;Hanna;7390;0;0;falling;14:16:35;995;369;327;42;19.3662;96.831;Non-active;
30/09/2023;13:52:00;CB;252;discharge;Hanna;7390;0;0;falling;14:16:40;1000;368;327;41;18.9051;94.5255;Non-active;
30/09/2023;13:52:00;CB;252;discharge;Hanna;7390;0;0;falling;14:16:45;1005;368;327;41;18.9051;94.5255;Non-active;
30/09/2023;13:52:00;CB;252;discharge;Hanna;7390;0;0;falling;14:16:50;1010;368;327;41;18.9051;94.5255;Non-active;
30/09/2023;13:52:00;CB;252;discharge;Hanna;7390;0;0;falling;14:16:55;1015;367;327;40;18.444;92.22;Non-active;
30/09/2023;13:52:00;CB;252;discharge;Hanna;7390;0;0;falling;14:17:00;1020;367;327;40;18.444;92.22;Non-active;
30/09/2023;13:52:00;CB;252;discharge;Hanna;7390;0;0;falling;14:17:05;1025;367;327;40;18.444;92.22;Non-active;
30/09/2023;13:52:00;CB;252;discharge;Hanna;7390;0;0;falling;14:17:10;1030;367;327;40;18.444;92.22;Non-active;
30/09/2023;13:52:00;CB;252;discharge;Hanna;7390;0;0;falling;14:17:15;1035;367;327;40;18.444;92.22;Non-active;
30/09/2023;13:52:00;CB;252;discharge;Hanna;7390;0;0;falling;14:17:20;1040;366;327;39;17.9829;89.9145;Non-active;
30/09/2023;13:52:00;CB;252;discharge;Hanna;7390;0;0;falling;14:17:25;1045;366;327;39;17.9829;89.9145;Non-active;
30/09/2023;13:52:00;CB;252;discharge;Hanna;7390;0;0;falling;14:17:30;1050;366;327;39;17.9829;89.9145;Non-active;
30/09/2023;13:52:00;CB;252;discharge;Hanna;7390;0;0;falling;14:17:35;1055;366;327;39;17.9829;89.9145;Non-active;
30/09/2023;13:52:00;CB;252;discharge;Hanna;7390;0;0;falling;14:17:40;1060;365;327;38;17.5218;87.609;Non-active;
30/09/2023;13:52:00;CB;252;discharge;Hanna;7390;0;0;falling;14:17:45;1065;365;327;38;17.5218;87.609;Non-active;
30/09/2023;13:52:00;CB;252;discharge;Hanna;7390;0;0;falling;14:17:50;1070;365;327;38;17.5218;87.609;Non-active;
30/09/2023;13:52:00;CB;252;discharge;Hanna;7390;0;0;falling;14:17:55;1075;365;327;38;17.5218;87.609;Non-active;
30/09/2023;13:52:00;CB;252;discharge;Hanna;7390;0;0;falling;14:18:00;1080;365;327;38;17.5218;87.609;Non-active;
30/09/2023;13:52:00;CB;252;discharge;Hanna;7390;0;0;falling;14:18:05;1085;364;327;37;17.0607;85.3035;Non-active;
30/09/2023;13:52:00;CB;252;discharge;Hanna;7390;0;0;falling;14:18:10;1090;364;327;37;17.0607;85.3035;Non-active;
30/09/2023;13:52:00;CB;252;discharge;Hanna;7390;0;0;falling;14:18:15;1095;364;327;37;17.0607;85.3035;Non-active;
30/09/2023;13:52:00;CB;252;discharge;Hanna;7390;0;0;falling;14:18:20;1100;363;327;36;16.5996;82.998;Non-active;
30/09/2023;13:52:00;CB;252;discharge;Hanna;7390;0;0;falling;14:18:25;1105;363;327;36;16.5996;82.998;Non-active;
30/09/2023;13:52:00;CB;252;discharge;Hanna;7390;0;0;falling;14:18:30;1110;363;327;36;16.5996;82.998;Non-active;
30/09/2023;13:52:00;CB;252;discharge;Hanna;7390;0;0;falling;14:18:35;1115;362;327;35;16.1385;80.6925;Non-active;
30/09/2023;13:52:00;CB;252;discharge;Hanna;7390;0;0;falling;14:18:40;1120;362;327;35;16.1385;80.6925;Non-active;
30/09/2023;13:52:00;CB;252;discharge;Hanna;7390;0;0;falling;14:18:45;1125;362;327;35;16.1385;80.6925;Non-active;
30/09/2023;13:52:00;CB;252;discharge;Hanna;7390;0;0;falling;14:18:50;1130;362;327;35;16.1385;80.6925;Non-active;
30/09/2023;13:52:00;CB;252;discharge;Hanna;7390;0;0;falling;14:18:55;1135;361;327;34;15.6774;78.387;Non-active;
30/09/2023;13:52:00;CB;252;discharge;Hanna;7390;0;0;falling;14:19:00;1140;361;327;34;15.6774;78.387;Non-active;
30/09/2023;13:52:00;CB;252;discharge;Hanna;7390;0;0;falling;14:19:05;1145;361;327;34;15.6774;78.387;Non-active;
30/09/2023;13:52:00;CB;252;discharge;Hanna;7390;0;0;falling;14:19:10;1150;360;327;33;15.2163;76.0815;Non-active;
30/09/2023;13:52:00;CB;252;discharge;Hanna;7390;0;0;falling;14:19:15;1155;360;327;33;15.2163;76.0815;Non-active;
30/09/2023;13:52:00;CB;252;discharge;Hanna;7390;0;0;falling;14:19:20;1160;360;327;33;15.2163;76.0815;Non-active;
30/09/2023;13:52:00;CB;252;discharge;Hanna;7390;0;0;falling;14:19:25;1165;360;327;33;15.2163;76.0815;Non-active;
30/09/2023;13:52:00;CB;252;discharge;Hanna;7390;0;0;falling;14:19:30;1170;359;327;32;14.7552;73.776;Non-active;
30/09/2023;13:52:00;CB;252;discharge;Hanna;7390;0;0;falling;14:19:35;1175;359;327;32;14.7552;73.776;Non-active;
30/09/2023;13:52:00;CB;252;discharge;Hanna;7390;0;0;falling;14:19:40;1180;358;327;31;14.2941;71.4705;Non-active;
30/09/2023;13:52:00;CB;252;discharge;Hanna;7390;0;0;falling;14:19:45;1185;358;327;31;14.2941;71.4705;Non-active;
30/09/2023;13:52:00;CB;252;discharge;Hanna;7390;0;0;falling;14:19:50;1190;359;327;32;14.7552;73.776;Non-active;
30/09/2023;13:52:00;CB;252;discharge;Hanna;7390;0;0;falling;14:19:55;1195;357;327;30;13.833;69.165;Non-active;
30/09/2023;13:52:00;CB;252;discharge;Hanna;7390;0;0;falling;14:20:00;1200;357;327;30;13.833;69.165;Non-active;
30/09/2023;13:52:00;CB;252;discharge;Hanna;7390;0;0;falling;14:20:05;1205;357;327;30;13.833;69.165;Non-active;
30/09/2023;13:52:00;CB;252;discharge;Hanna;7390;0;0;falling;14:20:10;1210;357;327;30;13.833;69.165;Non-active;
30/09/2023;13:52:00;CB;252;discharge;Hanna;7390;0;0;falling;14:20:15;1215;357;327;30;13.833;69.165;Non-active;
30/09/2023;13:52:00;CB;252;discharge;Hanna;7390;0;0;falling;14:20:20;1220;356;327;29;13.3719;66.8595;Non-active;
30/09/2023;13:52:00;CB;252;discharge;Hanna;7390;0;0;falling;14:20:25;1225;356;327;29;13.3719;66.8595;Non-active;
30/09/2023;13:52:00;CB;252;discharge;Hanna;7390;0;0;falling;14:20:30;1230;356;327;29;13.3719;66.8595;Non-active;
30/09/2023;13:52:00;CB;252;discharge;Hanna;7390;0;0;falling;14:20:35;1235;355;327;28;12.9108;64.554;Non-active;
30/09/2023;13:52:00;CB;252;discharge;Hanna;7390;0;0;falling;14:20:40;1240;355;327;28;12.9108;64.554;Non-active;
30/09/2023;13:52:00;CB;252;discharge;Hanna;7390;0;0;falling;14:20:45;1245;355;327;28;12.9108;64.554;Non-active;
30/09/2023;13:52:00;CB;252;discharge;Hanna;7390;0;0;falling;14:20:50;1250;354;327;27;12.4497;62.2485;Non-active;
30/09/2023;13:52:00;CB;252;discharge;Hanna;7390;0;0;falling;14:20:55;1255;354;327;27;12.4497;62.2485;Non-active;
30/09/2023;13:52:00;CB;252;discharge;Hanna;7390;0;0;falling;14:21:00;1260;354;327;27;12.4497;62.2485;Non-active;
30/09/2023;13:52:00;CB;252;discharge;Hanna;7390;0;0;falling;14:21:05;1265;354;327;27;12.4497;62.2485;Non-active;
30/09/2023;13:52:00;CB;252;discharge;Hanna;7390;0;0;falling;14:21:10;1270;353;327;26;11.9886;59.943;Non-active;
30/09/2023;13:52:00;CB;252;discharge;Hanna;7390;0;0;falling;14:21:15;1275;353;327;26;11.9886;59.943;Non-active;
30/09/2023;13:52:00;CB;252;discharge;Hanna;7390;0;0;falling;14:21:20;1280;353;327;26;11.9886;59.943;Non-active;
30/09/2023;13:52:00;CB;252;discharge;Hanna;7390;0;0;falling;14:21:25;1285;353;327;26;11.9886;59.943;Non-active;
30/09/2023;13:52:00;CB;252;discharge;Hanna;7390;0;0;falling;14:21:30;1290;353;327;26;11.9886;59.943;Non-active;
30/09/2023;13:52:00;CB;252;discharge;Hanna;7390;0;0;falling;14:21:35;1295;352;327;25;11.5275;57.6375;Non-active;
30/09/2023;13:52:00;CB;252;discharge;Hanna;7390;0;0;falling;14:21:40;1300;352;327;25;11.5275;57.6375;Non-active;
30/09/2023;13:52:00;CB;252;discharge;Hanna;7390;0;0;falling;14:21:45;1305;352;327;25;11.5275;57.6375;Non-active;
30/09/2023;13:52:00;CB;252;discharge;Hanna;7390;0;0;falling;14:21:50;1310;351;327;24;11.0664;55.332;Non-active;
30/09/2023;13:52:00;CB;252;discharge;Hanna;7390;0;0;falling;14:21:55;1315;350;327;23;10.6053;53.0265;Non-active;
30/09/2023;13:52:00;CB;252;discharge;Hanna;7390;0;0;falling;14:22:00;1320;350;327;23;10.6053;53.0265;Non-active;
30/09/2023;13:52:00;CB;252;discharge;Hanna;7390;0;0;falling;14:22:05;1325;350;327;23;10.6053;53.0265;Non-active;
30/09/2023;13:52:00;CB;252;discharge;Hanna;7390;0;0;falling;14:22:10;1330;351;327;24;11.0664;55.332;Non-active;
30/09/2023;13:52:00;CB;252;discharge;Hanna;7390;0;0;falling;14:22:15;1335;350;327;23;10.6053;53.0265;Non-active;
30/09/2023;13:52:00;CB;252;discharge;Hanna;7390;0;0;falling;14:22:20;1340;350;327;23;10.6053;53.0265;Non-active;
30/09/2023;13:52:00;CB;252;discharge;Hanna;7390;0;0;falling;14:22:25;1345;349;327;22;10.1442;50.721;Non-active;
30/09/2023;13:52:00;CB;252;discharge;Hanna;7390;0;0;falling;14:22:30;1350;349;327;22;10.1442;50.721;Non-active;
30/09/2023;13:52:00;CB;252;discharge;Hanna;7390;0;0;falling;14:22:35;1355;349;327;22;10.1442;50.721;Non-active;
30/09/2023;13:52:00;CB;252;discharge;Hanna;7390;0;0;falling;14:22:40;1360;348;327;21;9.6831;48.4155;Non-active;
30/09/2023;13:52:00;CB;252;discharge;Hanna;7390;0;0;falling;14:22:45;1365;348;327;21;9.6831;48.4155;Non-active;
30/09/2023;13:52:00;CB;252;discharge;Hanna;7390;0;0;falling;14:22:50;1370;348;327;21;9.6831;48.4155;Non-active;
30/09/2023;13:52:00;CB;252;discharge;Hanna;7390;0;0;falling;14:22:55;1375;348;327;21;9.6831;48.4155;Non-active;
30/09/2023;13:52:00;CB;252;discharge;Hanna;7390;0;0;falling;14:23:00;1380;348;327;21;9.6831;48.4155;Non-active;
30/09/2023;13:52:00;CB;252;discharge;Hanna;7390;0;0;falling;14:23:05;1385;347;327;20;9.222;46.11;Non-active;
30/09/2023;13:52:00;CB;252;discharge;Hanna;7390;0;0;falling;14:23:10;1390;347;327;20;9.222;46.11;Non-active;
30/09/2023;13:52:00;CB;252;discharge;Hanna;7390;0;0;falling;14:23:15;1395;347;327;20;9.222;46.11;Non-active;
30/09/2023;13:52:00;CB;252;discharge;Hanna;7390;0;0;falling;14:23:20;1400;347;327;20;9.222;46.11;Non-active;
30/09/2023;13:52:00;CB;252;discharge;Hanna;7390;0;0;falling;14:23:25;1405;347;327;20;9.222;46.11;Non-active;
30/09/2023;13:52:00;CB;252;discharge;Hanna;7390;0;0;falling;14:23:30;1410;346;327;19;8.7609;43.8045;Non-active;
30/09/2023;13:52:00;CB;252;discharge;Hanna;7390;0;0;falling;14:23:35;1415;346;327;19;8.7609;43.8045;Non-active;
30/09/2023;13:52:00;CB;252;discharge;Hanna;7390;0;0;falling;14:23:40;1420;347;327;20;9.222;46.11;Non-active;
30/09/2023;13:52:00;CB;252;discharge;Hanna;7390;0;0;falling;14:23:45;1425;346;327;19;8.7609;43.8045;Non-active;
30/09/2023;13:52:00;CB;252;discharge;Hanna;7390;0;0;falling;14:23:50;1430;346;327;19;8.7609;43.8045;Non-active;
30/09/2023;13:52:00;CB;252;discharge;Hanna;7390;0;0;falling;14:23:55;1435;345;327;18;8.2998;41.499;Non-active;
30/09/2023;13:52:00;CB;252;discharge;Hanna;7390;0;0;falling;14:24:00;1440;345;327;18;8.2998;41.499;Non-active;
30/09/2023;13:52:00;CB;252;discharge;Hanna;7390;0;0;falling;14:24:05;1445;345;327;18;8.2998;41.499;Non-active;
30/09/2023;13:52:00;CB;252;discharge;Hanna;7390;0;0;falling;14:24:10;1450;345;327;18;8.2998;41.499;Non-active;
30/09/2023;13:52:00;CB;252;discharge;Hanna;7390;0;0;falling;14:24:15;1455;345;327;18;8.2998;41.499;Non-active;
30/09/2023;13:52:00;CB;252;discharge;Hanna;7390;0;0;falling;14:24:20;1460;345;327;18;8.2998;41.499;Non-active;
30/09/2023;13:52:00;CB;252;discharge;Hanna;7390;0;0;falling;14:24:25;1465;344;327;17;7.8387;39.1935;Non-active;
30/09/2023;13:52:00;CB;252;discharge;Hanna;7390;0;0;falling;14:24:30;1470;344;327;17;7.8387;39.1935;Non-active;
30/09/2023;13:52:00;CB;252;discharge;Hanna;7390;0;0;falling;14:24:35;1475;343;327;16;7.3776;36.888;Non-active;
30/09/2023;13:52:00;CB;252;discharge;Hanna;7390;0;0;falling;14:24:40;1480;343;327;16;7.3776;36.888;Non-active;
30/09/2023;13:52:00;CB;252;discharge;Hanna;7390;0;0;falling;14:24:45;1485;343;327;16;7.3776;36.888;Non-active;
30/09/2023;13:52:00;CB;252;discharge;Hanna;7390;0;0;falling;14:24:50;1490;343;327;16;7.3776;36.888;Non-active;
30/09/2023;13:52:00;CB;252;discharge;Hanna;7390;0;0;falling;14:24:55;1495;343;327;16;7.3776;36.888;Non-active;
30/09/2023;13:52:00;CB;252;discharge;Hanna;7390;0;0;falling;14:25:00;1500;343;327;16;7.3776;36.888;Non-active;
30/09/2023;13:52:00;CB;252;discharge;Hanna;7390;0;0;falling;14:25:05;1505;342;327;15;6.9165;34.5825;Non-active;
30/09/2023;13:52:00;CB;252;discharge;Hanna;7390;0;0;falling;14:25:10;1510;342;327;15;6.9165;34.5825;Non-active;
30/09/2023;13:52:00;CB;252;discharge;Hanna;7390;0;0;falling;14:25:15;1515;342;327;15;6.9165;34.5825;Non-active;
30/09/2023;13:52:00;CB;252;discharge;Hanna;7390;0;0;falling;14:25:20;1520;342;327;15;6.9165;34.5825;Non-active;
30/09/2023;13:52:00;CB;252;discharge;Hanna;7390;0;0;falling;14:25:25;1525;342;327;15;6.9165;34.5825;Non-active;
30/09/2023;13:52:00;CB;252;discharge;Hanna;7390;0;0;falling;14:25:30;1530;342;327;15;6.9165;34.5825;Non-active;
30/09/2023;13:52:00;CB;252;discharge;Hanna;7390;0;0;falling;14:25:35;1535;341;327;14;6.4554;32.277;Non-active;
30/09/2023;13:52:00;CB;252;discharge;Hanna;7390;0;0;falling;14:25:40;1540;341;327;14;6.4554;32.277;Non-active;
30/09/2023;13:52:00;CB;252;discharge;Hanna;7390;0;0;falling;14:25:45;1545;341;327;14;6.4554;32.277;Non-active;
30/09/2023;13:52:00;CB;252;discharge;Hanna;7390;0;0;falling;14:25:50;1550;341;327;14;6.4554;32.277;Non-active;
30/09/2023;13:52:00;CB;252;discharge;Hanna;7390;0;0;falling;14:25:55;1555;341;327;14;6.4554;32.277;Non-active;
30/09/2023;13:52:00;CB;252;discharge;Hanna;7390;0;0;falling;14:26:00;1560;340;327;13;5.9943;29.9715;Non-active;
30/09/2023;13:52:00;CB;252;discharge;Hanna;7390;0;0;falling;14:26:05;1565;340;327;13;5.9943;29.9715;Non-active;
30/09/2023;13:52:00;CB;252;discharge;Hanna;7390;0;0;falling;14:26:10;1570;340;327;13;5.9943;29.9715;Non-active;
30/09/2023;13:52:00;CB;252;discharge;Hanna;7390;0;0;falling;14:26:15;1575;340;327;13;5.9943;29.9715;Non-active;
30/09/2023;13:52:00;CB;252;discharge;Hanna;7390;0;0;falling;14:26:20;1580;340;327;13;5.9943;29.9715;Non-active;
30/09/2023;13:52:00;CB;252;discharge;Hanna;7390;0;0;falling;14:26:25;1585;340;327;13;5.9943;29.9715;Non-active;
30/09/2023;13:52:00;CB;252;discharge;Hanna;7390;0;0;falling;14:26:30;1590;340;327;13;5.9943;29.9715;Non-active;
30/09/2023;13:52:00;CB;252;discharge;Hanna;7390;0;0;falling;14:26:35;1595;340;327;13;5.9943;29.9715;Non-active;
30/09/2023;13:52:00;CB;252;discharge;Hanna;7390;0;0;falling;14:26:40;1600;340;327;13;5.9943;29.9715;Non-active;
30/09/2023;13:52:00;CB;252;discharge;Hanna;7390;0;0;falling;14:26:45;1605;339;327;12;5.5332;27.666;Non-active;
30/09/2023;13:52:00;CB;252;discharge;Hanna;7390;0;0;falling;14:26:50;1610;339;327;12;5.5332;27.666;Non-active;
30/09/2023;13:52:00;CB;252;discharge;Hanna;7390;0;0;falling;14:26:55;1615;339;327;12;5.5332;27.666;Non-active;
30/09/2023;13:52:00;CB;252;discharge;Hanna;7390;0;0;falling;14:27:00;1620;339;327;12;5.5332;27.666;Non-active;
30/09/2023;13:52:00;CB;252;discharge;Hanna;7390;0;0;falling;14:27:05;1625;339;327;12;5.5332;27.666;Non-active;
30/09/2023;13:52:00;CB;252;discharge;Hanna;7390;0;0;falling;14:27:10;1630;339;327;12;5.5332;27.666;Non-active;
30/09/2023;13:52:00;CB;252;discharge;Hanna;7390;0;0;falling;14:27:15;1635;339;327;12;5.5332;27.666;Non-active;
30/09/2023;13:52:00;CB;252;discharge;Hanna;7390;0;0;falling;14:27:20;1640;338;327;11;5.0721;25.3605;Non-active;
30/09/2023;13:52:00;CB;252;discharge;Hanna;7390;0;0;falling;14:27:25;1645;338;327;11;5.0721;25.3605;Non-active;
30/09/2023;13:52:00;CB;252;discharge;Hanna;7390;0;0;falling;14:27:30;1650;338;327;11;5.0721;25.3605;Non-active;
30/09/2023;13:52:00;CB;252;discharge;Hanna;7390;0;0;falling;14:27:35;1655;338;327;11;5.0721;25.3605;Non-active;
30/09/2023;13:52:00;CB;252;discharge;Hanna;7390;0;0;falling;14:27:40;1660;338;327;11;5.0721;25.3605;Non-active;
30/09/2023;13:52:00;CB;252;discharge;Hanna;7390;0;0;falling;14:27:45;1665;338;327;11;5.0721;25.3605;Non-active;
30/09/2023;13:52:00;CB;252;discharge;Hanna;7390;0;0;falling;14:27:50;1670;338;327;11;5.0721;25.3605;Non-active;
30/09/2023;13:52:00;CB;252;discharge;Hanna;7390;0;0;falling;14:27:55;1675;337;327;10;4.611;23.055;Non-active;
30/09/2023;13:52:00;CB;252;discharge;Hanna;7390;0;0;falling;14:28:00;1680;337;327;10;4.611;23.055;Non-active;
30/09/2023;13:52:00;CB;252;discharge;Hanna;7390;0;0;falling;14:28:05;1685;337;327;10;4.611;23.055;Non-active;
30/09/2023;13:52:00;CB;252;discharge;Hanna;7390;0;0;falling;14:28:10;1690;337;327;10;4.611;23.055;Non-active;
30/09/2023;13:52:00;CB;252;discharge;Hanna;7390;0;0;falling;14:28:15;1695;337;327;10;4.611;23.055;Non-active;
30/09/2023;13:52:00;CB;252;discharge;Hanna;7390;0;0;falling;14:28:20;1700;337;327;10;4.611;23.055;Non-active;
30/09/2023;13:52:00;CB;252;discharge;Hanna;7390;0;0;falling;14:28:25;1705;337;327;10;4.611;23.055;Non-active;
30/09/2023;13:52:00;CB;252;discharge;Hanna;7390;0;0;falling;14:28:30;1710;337;327;10;4.611;23.055;Non-active;
30/09/2023;13:52:00;CB;252;discharge;Hanna;7390;0;0;falling;14:28:35;1715;337;327;10;4.611;23.055;Non-active;
30/09/2023;13:52:00;CB;252;discharge;Hanna;7390;0;0;falling;14:28:40;1720;337;327;10;4.611;23.055;Non-active;
30/09/2023;13:52:00;CB;252;discharge;Hanna;7390;0;0;falling;14:28:45;1725;336;327;9;4.1499;20.7495;Non-active;
30/09/2023;13:52:00;CB;252;discharge;Hanna;7390;0;0;falling;14:28:50;1730;336;327;9;4.1499;20.7495;Non-active;
30/09/2023;13:52:00;CB;252;discharge;Hanna;7390;0;0;falling;14:28:55;1735;336;327;9;4.1499;20.7495;Non-active;
30/09/2023;13:52:00;CB;252;discharge;Hanna;7390;0;0;falling;14:29:00;1740;336;327;9;4.1499;20.7495;Non-active;
30/09/2023;13:52:00;CB;252;discharge;Hanna;7390;0;0;falling;14:29:05;1745;336;327;9;4.1499;20.7495;Non-active;
30/09/2023;13:52:00;CB;252;discharge;Hanna;7390;0;0;falling;14:29:10;1750;336;327;9;4.1499;20.7495;Non-active;
30/09/2023;13:52:00;CB;252;discharge;Hanna;7390;0;0;falling;14:29:15;1755;336;327;9;4.1499;20.7495;Non-active;
30/09/2023;13:52:00;CB;252;discharge;Hanna;7390;0;0;falling;14:29:20;1760;336;327;9;4.1499;20.7495;Non-active;
30/09/2023;13:52:00;CB;252;discharge;Hanna;7390;0;0;falling;14:29:25;1765;336;327;9;4.1499;20.7495;Non-active;
30/09/2023;13:52:00;CB;252;discharge;Hanna;7390;0;0;falling;14:29:30;1770;336;327;9;4.1499;20.7495;Non-active;
30/09/2023;13:52:00;CB;252;discharge;Hanna;7390;0;0;falling;14:29:35;1775;336;327;9;4.1499;20.7495;Non-active;
30/09/2023;13:52:00;CB;252;discharge;Hanna;7390;0;0;falling;14:29:40;1780;335;327;8;3.6888;18.444;Non-active;
30/09/2023;13:52:00;CB;252;discharge;Hanna;7390;0;0;falling;14:29:45;1785;335;327;8;3.6888;18.444;Non-active;
30/09/2023;13:52:00;CB;252;discharge;Hanna;7390;0;0;falling;14:29:50;1790;335;327;8;3.6888;18.444;Non-active;
30/09/2023;13:52:00;CB;252;discharge;Hanna;7390;0;0;falling;14:29:55;1795;335;327;8;3.6888;18.444;Non-active;
30/09/2023;13:52:00;CB;252;discharge;Hanna;7390;0;0;falling;14:30:00;1800;335;327;8;3.6888;18.444;Non-active;
30/09/2023;13:52:00;CB;252;discharge;Hanna;7390;0;0;falling;14:30:05;1805;335;327;8;3.6888;18.444;Non-active;
30/09/2023;13:52:00;CB;252;discharge;Hanna;7390;0;0;falling;14:30:10;1810;335;327;8;3.6888;18.444;Non-active;
30/09/2023;13:52:00;CB;252;discharge;Hanna;7390;0;0;falling;14:30:15;1815;334;327;7;3.2277;16.1385;Non-active;
30/09/2023;13:52:00;CB;252;discharge;Hanna;7390;0;0;falling;14:30:20;1820;335;327;8;3.6888;18.444;Non-active;
30/09/2023;13:52:00;CB;252;discharge;Hanna;7390;0;0;falling;14:30:25;1825;335;327;8;3.6888;18.444;Non-active;
30/09/2023;13:52:00;CB;252;discharge;Hanna;7390;0;0;falling;14:30:30;1830;334;327;7;3.2277;16.1385;Non-active;
30/09/2023;13:52:00;CB;252;discharge;Hanna;7390;0;0;falling;14:30:35;1835;334;327;7;3.2277;16.1385;Non-active;
30/09/2023;13:52:00;CB;252;discharge;Hanna;7390;0;0;falling;14:30:40;1840;334;327;7;3.2277;16.1385;Non-active;
30/09/2023;13:52:00;CB;252;discharge;Hanna;7390;0;0;falling;14:30:45;1845;334;327;7;3.2277;16.1385;Non-active;
30/09/2023;13:52:00;CB;252;discharge;Hanna;7390;0;0;falling;14:30:50;1850;334;327;7;3.2277;16.1385;Non-active;
30/09/2023;13:52:00;CB;252;discharge;Hanna;7390;0;0;falling;14:30:55;1855;334;327;7;3.2277;16.1385;Non-active;
30/09/2023;13:52:00;CB;252;discharge;Hanna;7390;0;0;falling;14:31:00;1860;334;327;7;3.2277;16.1385;Non-active;
30/09/2023;13:52:00;CB;252;discharge;Hanna;7390;0;0;falling;14:31:05;1865;334;327;7;3.2277;16.1385;Non-active;
30/09/2023;13:52:00;CB;252;discharge;Hanna;7390;0;0;falling;14:31:10;1870;334;327;7;3.2277;16.1385;Non-active;
30/09/2023;13:52:00;CB;252;discharge;Hanna;7390;0;0;falling;14:31:15;1875;334;327;7;3.2277;16.1385;Non-active;
30/09/2023;13:52:00;CB;252;discharge;Hanna;7390;0;0;falling;14:31:20;1880;333;327;6;2.7666;13.833;Non-active;
30/09/2023;13:52:00;CB;252;discharge;Hanna;7390;0;0;falling;14:31:25;1885;333;327;6;2.7666;13.833;Non-active;
30/09/2023;13:52:00;CB;252;discharge;Hanna;7390;0;0;falling;14:31:30;1890;333;327;6;2.7666;13.833;Non-active;
30/09/2023;13:52:00;CB;252;discharge;Hanna;7390;0;0;falling;14:31:35;1895;333;327;6;2.7666;13.833;Non-active;
30/09/2023;13:52:00;CB;252;discharge;Hanna;7390;0;0;falling;14:31:40;1900;333;327;6;2.7666;13.833;Non-active;
30/09/2023;13:52:00;CB;252;discharge;Hanna;7390;0;0;falling;14:31:45;1905;333;327;6;2.7666;13.833;Non-active;
30/09/2023;13:52:00;CB;252;discharge;Hanna;7390;0;0;falling;14:31:50;1910;333;327;6;2.7666;13.833;Non-active;
30/09/2023;13:52:00;CB;252;discharge;Hanna;7390;0;0;falling;14:31:55;1915;333;327;6;2.7666;13.833;Non-active;
30/09/2023;13:52:00;CB;252;discharge;Hanna;7390;0;0;falling;14:32:00;1920;333;327;6;2.7666;13.833;Non-active;
30/09/2023;13:52:00;CB;252;discharge;Hanna;7390;0;0;falling;14:32:05;1925;333;327;6;2.7666;13.833;Non-active;
30/09/2023;13:52:00;CB;252;discharge;Hanna;7390;0;0;falling;14:32:10;1930;333;327;6;2.7666;13.833;Non-active;
30/09/2023;13:52:00;CB;252;discharge;Hanna;7390;0;0;falling;14:32:15;1935;333;327;6;2.7666;13.833;Non-active;
30/09/2023;13:52:00;CB;252;discharge;Hanna;7390;0;0;falling;14:32:20;1940;333;327;6;2.7666;13.833;Non-active;
30/09/2023;13:52:00;CB;252;discharge;Hanna;7390;0;0;falling;14:32:25;1945;333;327;6;2.7666;13.833;Non-active;
30/09/2023;13:52:00;CB;252;discharge;Hanna;7390;0;0;falling;14:32:30;1950;333;327;6;2.7666;13.833;Non-active;
30/09/2023;13:52:00;CB;252;discharge;Hanna;7390;0;0;falling;14:32:35;1955;333;327;6;2.7666;13.833;Non-active;
30/09/2023;13:52:00;CB;252;discharge;Hanna;7390;0;0;falling;14:32:40;1960;332;327;5;2.3055;11.5275;Non-active;
30/09/2023;13:52:00;CB;252;discharge;Hanna;7390;0;0;falling;14:32:45;1965;333;327;6;2.7666;13.833;Non-active;
30/09/2023;13:52:00;CB;252;discharge;Hanna;7390;0;0;falling;14:32:50;1970;333;327;6;2.7666;13.833;Non-active;
30/09/2023;13:52:00;CB;252;discharge;Hanna;7390;0;0;falling;14:32:55;1975;332;327;5;2.3055;11.5275;Non-active;
30/09/2023;13:52:00;CB;252;discharge;Hanna;7390;0;0;falling;14:33:00;1980;332;327;5;2.3055;11.5275;Non-active;
30/09/2023;13:52:00;CB;252;discharge;Hanna;7390;0;0;falling;14:33:05;1985;332;327;5;2.3055;11.5275;Non-active;
30/09/2023;13:52:00;CB;252;discharge;Hanna;7390;0;0;falling;14:33:10;1990;332;327;5;2.3055;11.5275;Non-active;
30/09/2023;13:52:00;CB;252;discharge;Hanna;7390;0;0;falling;14:33:15;1995;332;327;5;2.3055;11.5275;Non-active;
30/09/2023;13:52:00;CB;252;discharge;Hanna;7390;0;0;falling;14:33:20;2000;332;327;5;2.3055;11.5275;Non-active;
30/09/2023;13:52:00;CB;252;discharge;Hanna;7390;0;0;falling;14:33:25;2005;332;327;5;2.3055;11.5275;Non-active;
30/09/2023;13:52:00;CB;252;discharge;Hanna;7390;0;0;falling;14:33:30;2010;332;327;5;2.3055;11.5275;Non-active;
30/09/2023;13:52:00;CB;252;discharge;Hanna;7390;0;0;falling;14:33:35;2015;332;327;5;2.3055;11.5275;Non-active;
30/09/2023;13:52:00;CB;252;discharge;Hanna;7390;0;0;falling;14:33:40;2020;332;327;5;2.3055;11.5275;Non-active;
30/09/2023;13:52:00;CB;252;discharge;Hanna;7390;0;0;falling;14:33:45;2025;332;327;5;2.3055;11.5275;Non-active;
30/09/2023;13:52:00;CB;252;discharge;Hanna;7390;0;0;falling;14:33:50;2030;332;327;5;2.3055;11.5275;Non-active;
30/09/2023;13:52:00;CB;252;discharge;Hanna;7390;0;0;falling;14:33:55;2035;332;327;5;2.3055;11.5275;Non-active;
30/09/2023;13:52:00;CB;252;discharge;Hanna;7390;0;0;falling;14:34:00;2040;332;327;5;2.3055;11.5275;Non-active;
30/09/2023;13:52:00;CB;252;discharge;Hanna;7390;0;0;falling;14:34:05;2045;332;327;5;2.3055;11.5275;Non-active;
30/09/2023;13:52:00;CB;252;discharge;Hanna;7390;0;0;falling;14:34:10;2050;332;327;5;2.3055;11.5275;Non-active;
30/09/2023;13:52:00;CB;252;discharge;Hanna;7390;0;0;falling;14:34:15;2055;332;327;5;2.3055;11.5275;Non-active;
30/09/2023;13:52:00;CB;252;discharge;Hanna;7390;0;0;falling;14:34:20;2060;332;327;5;2.3055;11.5275;Non-active;
30/09/2023;13:52:00;CB;252;discharge;Hanna;7390;0;0;falling;14:34:25;2065;331;327;4;1.8444;9.222;Non-active;
30/09/2023;13:52:00;CB;252;discharge;Hanna;7390;0;0;falling;14:34:30;2070;331;327;4;1.8444;9.222;Non-active;
30/09/2023;13:52:00;CB;252;discharge;Hanna;7390;0;0;falling;14:34:35;2075;331;327;4;1.8444;9.222;Non-active;
30/09/2023;13:52:00;CB;252;discharge;Hanna;7390;0;0;falling;14:34:40;2080;331;327;4;1.8444;9.222;Non-active;
30/09/2023;13:52:00;CB;252;discharge;Hanna;7390;0;0;falling;14:34:45;2085;331;327;4;1.8444;9.222;Non-active;
30/09/2023;13:52:00;CB;252;discharge;Hanna;7390;0;0;falling;14:34:50;2090;331;327;4;1.8444;9.222;Non-active;
30/09/2023;13:52:00;CB;252;discharge;Hanna;7390;0;0;falling;14:34:55;2095;331;327;4;1.8444;9.222;Non-active;
30/09/2023;13:52:00;CB;252;discharge;Hanna;7390;0;0;falling;14:35:00;2100;331;327;4;1.8444;9.222;Non-active;
30/09/2023;13:52:00;CB;252;discharge;Hanna;7390;0;0;falling;14:35:05;2105;331;327;4;1.8444;9.222;Non-active;
30/09/2023;13:52:00;CB;252;discharge;Hanna;7390;0;0;falling;14:35:10;2110;331;327;4;1.8444;9.222;Non-active;
30/09/2023;13:52:00;CB;252;discharge;Hanna;7390;0;0;falling;14:35:15;2115;331;327;4;1.8444;9.222;Non-active;
30/09/2023;13:52:00;CB;252;discharge;Hanna;7390;0;0;falling;14:35:20;2120;331;327;4;1.8444;9.222;Non-active;
30/09/2023;13:52:00;CB;252;discharge;Hanna;7390;0;0;falling;14:35:25;2125;331;327;4;1.8444;9.222;Non-active;
30/09/2023;13:52:00;CB;252;discharge;Hanna;7390;0;0;falling;14:35:30;2130;331;327;4;1.8444;9.222;Non-active;
30/09/2023;13:52:00;CB;252;discharge;Hanna;7390;0;0;falling;14:35:35;2135;331;327;4;1.8444;9.222;Non-active;
30/09/2023;13:52:00;CB;252;discharge;Hanna;7390;0;0;falling;14:35:40;2140;331;327;4;1.8444;9.222;Non-active;
30/09/2023;13:52:00;CB;252;discharge;Hanna;7390;0;0;falling;14:35:45;2145;331;327;4;1.8444;9.222;Non-active;
30/09/2023;13:52:00;CB;252;discharge;Hanna;7390;0;0;falling;14:35:50;2150;331;327;4;1.8444;9.222;Non-active;
30/09/2023;13:52:00;CB;252;discharge;Hanna;7390;0;0;falling;14:35:55;2155;331;327;4;1.8444;9.222;Non-active;
30/09/2023;13:52:00;CB;252;discharge;Hanna;7390;0;0;falling;14:36:00;2160;331;327;4;1.8444;9.222;Non-active;
30/09/2023;13:52:00;CB;252;discharge;Hanna;7390;0;0;falling;14:36:05;2165;330;327;3;1.3833;6.9165;Non-active;
30/09/2023;13:52:00;CB;252;discharge;Hanna;7390;0;0;falling;14:36:10;2170;330;327;3;1.3833;6.9165;Non-active;
30/09/2023;13:52:00;CB;252;discharge;Hanna;7390;0;0;falling;14:36:15;2175;330;327;3;1.3833;6.9165;Non-active;
30/09/2023;13:52:00;CB;252;discharge;Hanna;7390;0;0;falling;14:36:20;2180;330;327;3;1.3833;6.9165;Non-active;
30/09/2023;13:52:00;CB;252;discharge;Hanna;7390;0;0;falling;14:36:25;2185;330;327;3;1.3833;6.9165;Non-active;
30/09/2023;13:52:00;CB;252;discharge;Hanna;7390;0;0;falling;14:36:30;2190;330;327;3;1.3833;6.9165;Non-active;
30/09/2023;13:52:00;CB;252;discharge;Hanna;7390;0;0;falling;14:36:35;2195;330;327;3;1.3833;6.9165;Non-active;
30/09/2023;13:52:00;CB;252;discharge;Hanna;7390;0;0;falling;14:36:40;2200;330;327;3;1.3833;6.9165;Non-active;
30/09/2023;13:52:00;CB;252;discharge;Hanna;7390;0;0;falling;14:36:45;2205;330;327;3;1.3833;6.9165;Non-active;
30/09/2023;13:52:00;CB;252;discharge;Hanna;7390;0;0;falling;14:36:50;2210;330;327;3;1.3833;6.9165;Non-active;
30/09/2023;13:52:00;CB;252;discharge;Hanna;7390;0;0;falling;14:36:55;2215;330;327;3;1.3833;6.9165;Non-active;
30/09/2023;13:52:00;CB;252;discharge;Hanna;7390;0;0;falling;14:37:00;2220;330;327;3;1.3833;6.9165;Non-active;
30/09/2023;13:52:00;CB;252;discharge;Hanna;7390;0;0;falling;14:37:05;2225;329;327;2;0.9222;4.611;Non-active;
30/09/2023;13:52:00;CB;252;discharge;Hanna;7390;0;0;falling;14:37:10;2230;329;327;2;0.9222;4.611;Non-active;
30/09/2023;13:52:00;CB;252;discharge;Hanna;7390;0;0;falling;14:37:15;2235;329;327;2;0.9222;4.611;Non-active;
30/09/2023;13:52:00;CB;252;discharge;Hanna;7390;0;0;falling;14:37:20;2240;329;327;2;0.9222;4.611;Non-active;
30/09/2023;13:52:00;CB;252;discharge;Hanna;7390;0;0;falling;14:37:25;2245;329;327;2;0.9222;4.611;Non-active;
30/09/2023;13:52:00;CB;252;discharge;Hanna;7390;0;0;falling;14:37:30;2250;329;327;2;0.9222;4.611;Non-active;
30/09/2023;13:52:00;CB;252;discharge;Hanna;7390;0;0;falling;14:37:35;2255;329;327;2;0.9222;4.611;Non-active;
30/09/2023;13:52:00;CB;252;discharge;Hanna;7390;0;0;falling;14:37:40;2260;329;327;2;0.9222;4.611;Non-active;
30/09/2023;13:52:00;CB;252;discharge;Hanna;7390;0;0;falling;14:37:45;2265;329;327;2;0.9222;4.611;Non-active;
30/09/2023;13:52:00;CB;252;discharge;Hanna;7390;0;0;falling;14:37:50;2270;329;327;2;0.9222;4.611;Non-active;
30/09/2023;13:52:00;CB;252;discharge;Hanna;7390;0;0;falling;14:37:55;2275;329;327;2;0.9222;4.611;Non-active;
30/09/2023;13:52:00;CB;252;discharge;Hanna;7390;0;0;falling;14:38:00;2280;329;327;2;0.9222;4.611;Non-active;
30/09/2023;13:52:00;CB;252;discharge;Hanna;7390;0;0;falling;14:38:05;2285;329;327;2;0.9222;4.611;Non-active;
30/09/2023;13:52:00;CB;252;discharge;Hanna;7390;0;0;falling;14:38:10;2290;329;327;2;0.9222;4.611;Non-active;
30/09/2023;13:52:00;CB;252;discharge;Hanna;7390;0;0;falling;14:38:15;2295;329;327;2;0.9222;4.611;Non-active;
30/09/2023;13:52:00;CB;252;discharge;Hanna;7390;0;0;falling;14:38:20;2300;329;327;2;0.9222;4.611;Non-active;
30/09/2023;13:52:00;CB;252;discharge;Hanna;7390;0;0;falling;14:38:25;2305;329;327;2;0.9222;4.611;Non-active;
30/09/2023;13:52:00;CB;252;discharge;Hanna;7390;0;0;falling;14:38:30;2310;329;327;2;0.9222;4.611;Non-active;
30/09/2023;13:52:00;CB;252;discharge;Hanna;7390;0;0;falling;14:38:35;2315;329;327;2;0.9222;4.611;Non-active;
30/09/2023;13:52:00;CB;252;discharge;Hanna;7390;0;0;falling;14:38:40;2320;329;327;2;0.9222;4.611;Non-active;
30/09/2023;13:52:00;CB;252;discharge;Hanna;7390;0;0;falling;14:38:45;2325;329;327;2;0.9222;4.611;Non-active;
30/09/2023;13:52:00;CB;252;discharge;Hanna;7390;0;0;falling;14:38:50;2330;329;327;2;0.9222;4.611;Non-active;
30/09/2023;13:52:00;CB;252;discharge;Hanna;7390;0;0;falling;14:38:55;2335;329;327;2;0.9222;4.611;Non-active;
30/09/2023;13:52:00;CB;252;discharge;Hanna;7390;0;0;falling;14:39:00;2340;329;327;2;0.9222;4.611;Non-active;
30/09/2023;13:52:00;CB;252;discharge;Hanna;7390;0;0;falling;14:39:05;2345;329;327;2;0.9222;4.611;Non-active;
30/09/2023;13:52:00;CB;252;discharge;Hanna;7390;0;0;falling;14:39:10;2350;329;327;2;0.9222;4.611;Non-active;
30/09/2023;13:52:00;CB;252;discharge;Hanna;7390;0;0;falling;14:39:15;2355;329;327;2;0.9222;4.611;Non-active;
30/09/2023;13:52:00;CB;252;discharge;Hanna;7390;0;0;falling;14:39:20;2360;329;327;2;0.9222;4.611;Non-active;
30/09/2023;13:52:00;CB;252;discharge;Hanna;7390;0;0;falling;14:39:25;2365;329;327;2;0.9222;4.611;Non-active;
30/09/2023;13:52:00;CB;252;discharge;Hanna;7390;0;0;falling;14:39:30;2370;329;327;2;0.9222;4.611;Non-active;
30/09/2023;13:52:00;CB;252;discharge;Hanna;7390;0;0;falling;14:39:35;2375;329;327;2;0.9222;4.611;Non-active;
30/09/2023;13:52:00;CB;252;discharge;Hanna;7390;0;0;falling;14:39:40;2380;329;327;2;0.9222;4.611;Non-active;
30/09/2023;13:52:00;CB;252;discharge;Hanna;7390;0;0;falling;14:39:45;2385;329;327;2;0.9222;4.611;Non-active;
30/09/2023;13:52:00;CB;252;discharge;Hanna;7390;0;0;falling;14:39:50;2390;329;327;2;0.9222;4.611;Non-active;
30/09/2023;13:52:00;CB;252;discharge;Hanna;7390;0;0;falling;14:39:55;2395;329;327;2;0.9222;4.611;Non-active;
30/09/2023;13:52:00;CB;252;discharge;Hanna;7390;0;0;falling;14:40:00;2400;329;327;2;0.9222;4.611;Non-active;
30/09/2023;13:52:00;CB;252;discharge;Hanna;7390;0;0;falling;14:40:05;2405;329;327;2;0.9222;4.611;Non-active;
30/09/2023;13:52:00;CB;252;discharge;Hanna;7390;0;0;falling;14:40:10;2410;329;327;2;0.9222;4.611;Non-active;
30/09/2023;13:52:00;CB;252;discharge;Hanna;7390;0;0;falling;14:40:15;2415;329;327;2;0.9222;4.611;Non-active;
30/09/2023;13:52:00;CB;252;discharge;Hanna;7390;0;0;falling;14:40:20;2420;329;327;2;0.9222;4.611;Non-active;
30/09/2023;13:52:00;CB;252;discharge;Hanna;7390;0;0;falling;14:40:25;2425;329;327;2;0.9222;4.611;Non-active;
30/09/2023;13:52:00;CB;252;discharge;Hanna;7390;0;0;falling;14:40:30;2430;329;327;2;0.9222;4.611;Non-active;
30/09/2023;13:52:00;CB;252;discharge;Hanna;7390;0;0;falling;14:40:35;2435;329;327;2;0.9222;4.611;Non-active;
30/09/2023;13:52:00;CB;252;discharge;Hanna;7390;0;0;falling;14:40:40;2440;329;327;2;0.9222;4.611;Non-active;
30/09/2023;13:52:00;CB;252;discharge;Hanna;7390;0;0;falling;14:40:45;2445;329;327;2;0.9222;4.611;Non-active;
30/09/2023;13:52:00;CB;252;discharge;Hanna;7390;0;0;falling;14:40:50;2450;329;327;2;0.9222;4.611;Non-active;
30/09/2023;13:52:00;CB;252;discharge;Hanna;7390;0;0;falling;14:40:55;2455;329;327;2;0.9222;4.611;Non-active;
30/09/2023;13:52:00;CB;252;discharge;Hanna;7390;0;0;falling;14:41:00;2460;329;327;2;0.9222;4.611;Non-active;
30/09/2023;13:52:00;CB;252;discharge;Hanna;7390;0;0;falling;14:41:05;2465;328;327;1;0.4611;2.3055;Non-active;
30/09/2023;13:52:00;CB;252;discharge;Hanna;7390;0;0;falling;14:41:10;2470;328;327;1;0.4611;2.3055;Non-active;
30/09/2023;13:52:00;CB;252;discharge;Hanna;7390;0;0;falling;14:41:15;2475;328;327;1;0.4611;2.3055;Non-active;
30/09/2023;13:52:00;CB;252;discharge;Hanna;7390;0;0;falling;14:41:20;2480;328;327;1;0.4611;2.3055;Non-active;
30/09/2023;13:52:00;CB;252;discharge;Hanna;7390;0;0;falling;14:41:25;2485;329;327;2;0.9222;4.611;Non-active;
30/09/2023;13:52:00;CB;252;discharge;Hanna;7390;0;0;falling;14:41:30;2490;329;327;2;0.9222;4.611;Non-active;
30/09/2023;13:52:00;CB;252;discharge;Hanna;7390;0;0;falling;14:41:35;2495;328;327;1;0.4611;2.3055;Non-active;
30/09/2023;13:52:00;CB;252;discharge;Hanna;7390;0;0;falling;14:41:40;2500;328;327;1;0.4611;2.3055;Non-active;
30/09/2023;13:52:00;CB;252;discharge;Hanna;7390;0;0;falling;14:41:45;2505;328;327;1;0.4611;2.3055;Non-active;
30/09/2023;13:52:00;CB;252;discharge;Hanna;7390;0;0;falling;14:41:50;2510;328;327;1;0.4611;2.3055;Non-active;
30/09/2023;13:52:00;CB;252;discharge;Hanna;7390;0;0;falling;14:41:55;2515;328;327;1;0.4611;2.3055;Non-active;
30/09/2023;13:52:00;CB;252;discharge;Hanna;7390;0;0;falling;14:42:00;2520;328;327;1;0.4611;2.3055;Non-active;
30/09/2023;13:52:00;CB;252;discharge;Hanna;7390;0;0;falling;14:42:05;2525;328;327;1;0.4611;2.3055;Non-active;
30/09/2023;13:52:00;CB;252;discharge;Hanna;7390;0;0;falling;14:42:10;2530;328;327;1;0.4611;2.3055;Non-active;
30/09/2023;13:52:00;CB;252;discharge;Hanna;7390;0;0;falling;14:42:15;2535;328;327;1;0.4611;2.3055;Non-active;
30/09/2023;13:52:00;CB;252;discharge;Hanna;7390;0;0;falling;14:42:20;2540;328;327;1;0.4611;2.3055;Non-active;
30/09/2023;13:52:00;CB;252;discharge;Hanna;7390;0;0;falling;14:42:25;2545;328;327;1;0.4611;2.3055;Non-active;
30/09/2023;13:52:00;CB;252;discharge;Hanna;7390;0;0;falling;14:42:30;2550;328;327;1;0.4611;2.3055;Non-active;
30/09/2023;13:52:00;CB;252;discharge;Hanna;7390;0;0;falling;14:42:35;2555;328;327;1;0.4611;2.3055;Non-active;
30/09/2023;13:52:00;CB;252;discharge;Hanna;7390;0;0;falling;14:42:40;2560;328;327;1;0.4611;2.3055;Non-active;
30/09/2023;13:52:00;CB;252;discharge;Hanna;7390;0;0;falling;14:42:45;2565;328;327;1;0.4611;2.3055;Non-active;
30/09/2023;13:52:00;CB;252;discharge;Hanna;7390;0;0;falling;14:42:50;2570;328;327;1;0.4611;2.3055;Non-active;
30/09/2023;13:52:00;CB;252;discharge;Hanna;7390;0;0;falling;14:42:55;2575;328;327;1;0.4611;2.3055;Non-active;
30/09/2023;13:52:00;CB;252;discharge;Hanna;7390;0;0;falling;14:43:00;2580;328;327;1;0.4611;2.3055;Non-active;
30/09/2023;13:52:00;CB;252;discharge;Hanna;7390;0;0;falling;14:43:05;2585;328;327;1;0.4611;2.3055;Non-active;
30/09/2023;13:52:00;CB;252;discharge;Hanna;7390;0;0;falling;14:43:10;2590;328;327;1;0.4611;2.3055;Non-active;
30/09/2023;13:52:00;CB;252;discharge;Hanna;7390;0;0;falling;14:43:15;2595;328;327;1;0.4611;2.3055;Non-active;
30/09/2023;13:52:00;CB;252;discharge;Hanna;7390;0;0;falling;14:43:20;2600;328;327;1;0.4611;2.3055;Non-active;
30/09/2023;13:52:00;CB;252;discharge;Hanna;7390;0;0;falling;14:43:25;2605;328;327;1;0.4611;2.3055;Non-active;
30/09/2023;13:52:00;CB;252;discharge;Hanna;7390;0;0;falling;14:43:30;2610;328;327;1;0.4611;2.3055;Non-active;
30/09/2023;13:52:00;CB;252;discharge;Hanna;7390;0;0;falling;14:43:35;2615;328;327;1;0.4611;2.3055;Non-active;
30/09/2023;13:52:00;CB;252;discharge;Hanna;7390;0;0;falling;14:43:40;2620;328;327;1;0.4611;2.3055;Non-active;
30/09/2023;13:52:00;CB;252;discharge;Hanna;7390;0;0;falling;14:43:45;2625;328;327;1;0.4611;2.3055;Non-active;
30/09/2023;13:52:00;CB;252;discharge;Hanna;7390;0;0;falling;14:43:50;2630;328;327;1;0.4611;2.3055;Non-active;
30/09/2023;13:52:00;CB;252;discharge;Hanna;7390;0;0;falling;14:43:55;2635;328;327;1;0.4611;2.3055;Non-active;
30/09/2023;13:52:00;CB;252;discharge;Hanna;7390;0;0;falling;14:44:00;2640;328;327;1;0.4611;2.3055;Non-active;
30/09/2023;13:52:00;CB;252;discharge;Hanna;7390;0;0;falling;14:44:05;2645;328;327;1;0.4611;2.3055;Non-active;
30/09/2023;13:52:00;CB;252;discharge;Hanna;7390;0;0;falling;14:44:10;2650;328;327;1;0.4611;2.3055;Non-active;
30/09/2023;13:52:00;CB;252;discharge;Hanna;7390;0;0;falling;14:44:15;2655;328;327;1;0.4611;2.3055;Non-active;
30/09/2023;13:52:00;CB;252;discharge;Hanna;7390;0;0;falling;14:44:20;2660;328;327;1;0.4611;2.3055;Non-active;
30/09/2023;13:52:00;CB;252;discharge;Hanna;7390;0;0;falling;14:44:25;2665;328;327;1;0.4611;2.3055;Non-active;
30/09/2023;13:52:00;CB;252;discharge;Hanna;7390;0;0;falling;14:44:30;2670;328;327;1;0.4611;2.3055;Non-active;
30/09/2023;13:52:00;CB;252;discharge;Hanna;7390;0;0;falling;14:44:35;2675;328;327;1;0.4611;2.3055;Non-active;
30/09/2023;13:52:00;CB;252;discharge;Hanna;7390;0;0;falling;14:44:40;2680;328;327;1;0.4611;2.3055;Non-active;
30/09/2023;13:52:00;CB;252;discharge;Hanna;7390;0;0;falling;14:44:45;2685;328;327;1;0.4611;2.3055;Non-active;
30/09/2023;13:52:00;CB;252;discharge;Hanna;7390;0;0;falling;14:44:50;2690;328;327;1;0.4611;2.3055;Non-active;
30/09/2023;13:52:00;CB;252;discharge;Hanna;7390;0;0;falling;14:44:55;2695;328;327;1;0.4611;2.3055;Non-active;
30/09/2023;13:52:00;CB;252;discharge;Hanna;7390;0;0;falling;14:45:00;2700;328;327;1;0.4611;2.3055;Non-active;
30/09/2023;13:52:00;CB;252;discharge;Hanna;7390;0;0;falling;14:45:05;2705;328;327;1;0.4611;2.3055;Non-active;
30/09/2023;13:52:00;CB;252;discharge;Hanna;7390;0;0;falling;14:45:10;2710;328;327;1;0.4611;2.3055;Non-active;
30/09/2023;13:52:00;CB;252;discharge;Hanna;7390;0;0;falling;14:45:15;2715;328;327;1;0.4611;2.3055;Non-active;
30/09/2023;13:52:00;CB;252;discharge;Hanna;7390;0;0;falling;14:45:20;2720;328;327;1;0.4611;2.3055;Non-active;
30/09/2023;13:52:00;CB;252;discharge;Hanna;7390;0;0;falling;14:45:25;2725;328;327;1;0.4611;2.3055;Non-active;
30/09/2023;13:52:00;CB;252;discharge;Hanna;7390;0;0;falling;14:45:30;2730;328;327;1;0.4611;2.3055;Non-active;
30/09/2023;13:52:00;CB;252;discharge;Hanna;7390;0;0;falling;14:45:35;2735;328;327;1;0.4611;2.3055;Non-active;
30/09/2023;13:52:00;CB;252;discharge;Hanna;7390;0;0;falling;14:45:40;2740;328;327;1;0.4611;2.3055;Non-active;
30/09/2023;13:52:00;CB;252;discharge;Hanna;7390;0;0;falling;14:45:45;2745;328;327;1;0.4611;2.3055;Non-active;
30/09/2023;13:52:00;CB;252;discharge;Hanna;7390;0;0;falling;14:45:50;2750;328;327;1;0.4611;2.3055;Non-active;
30/09/2023;13:52:00;CB;252;discharge;Hanna;7390;0;0;falling;14:45:55;2755;328;327;1;0.4611;2.3055;Non-active;
30/09/2023;13:52:00;CB;252;discharge;Hanna;7390;0;0;falling;14:46:00;2760;328;327;1;0.4611;2.3055;Non-active;
30/09/2023;13:52:00;CB;252;discharge;Hanna;7390;0;0;falling;14:46:05;2765;328;327;1;0.4611;2.3055;Non-active;
30/09/2023;13:52:00;CB;252;discharge;Hanna;7390;0;0;falling;14:46:10;2770;328;327;1;0.4611;2.3055;Non-active;
30/09/2023;13:52:00;CB;252;discharge;Hanna;7390;0;0;falling;14:46:15;2775;328;327;1;0.4611;2.3055;Non-active;
30/09/2023;13:52:00;CB;252;discharge;Hanna;7390;0;0;falling;14:46:20;2780;328;327;1;0.4611;2.3055;Non-active;
30/09/2023;13:52:00;CB;252;discharge;Hanna;7390;0;0;falling;14:46:25;2785;328;327;1;0.4611;2.3055;Non-active;
30/09/2023;13:52:00;CB;252;discharge;Hanna;7390;0;0;falling;14:46:30;2790;328;327;1;0.4611;2.3055;Non-active;
30/09/2023;13:52:00;CB;252;discharge;Hanna;7390;0;0;falling;14:46:35;2795;328;327;1;0.4611;2.3055;Non-active;
30/09/2023;13:52:00;CB;252;discharge;Hanna;7390;0;0;falling;14:46:40;2800;328;327;1;0.4611;2.3055;Non-active;
30/09/2023;13:52:00;CB;252;discharge;Hanna;7390;0;0;falling;14:46:45;2805;328;327;1;0.4611;2.3055;Non-active;
30/09/2023;13:52:00;CB;252;discharge;Hanna;7390;0;0;falling;14:46:50;2810;328;327;1;0.4611;2.3055;Non-active;
30/09/2023;13:52:00;CB;252;discharge;Hanna;7390;0;0;falling;14:46:55;2815;328;327;1;0.4611;2.3055;Non-active;
30/09/2023;13:52:00;CB;252;discharge;Hanna;7390;0;0;falling;14:47:00;2820;328;327;1;0.4611;2.3055;Non-active;
30/09/2023;13:52:00;CB;252;discharge;Hanna;7390;0;0;falling;14:47:05;2825;328;327;1;0.4611;2.3055;Non-active;
30/09/2023;13:52:00;CB;252;discharge;Hanna;7390;0;0;falling;14:47:10;2830;328;327;1;0.4611;2.3055;Non-active;
30/09/2023;13:52:00;CB;252;discharge;Hanna;7390;0;0;falling;14:47:15;2835;328;327;1;0.4611;2.3055;Non-active;
30/09/2023;13:52:00;CB;252;discharge;Hanna;7390;0;0;falling;14:47:20;2840;328;327;1;0.4611;2.3055;Non-active;
30/09/2023;13:52:00;CB;252;discharge;Hanna;7390;0;0;falling;14:47:25;2845;328;327;1;0.4611;2.3055;Non-active;
30/09/2023;13:52:00;CB;252;discharge;Hanna;7390;0;0;falling;14:47:30;2850;328;327;1;0.4611;2.3055;Non-active;
30/09/2023;13:52:00;CB;252;discharge;Hanna;7390;0;0;falling;14:47:35;2855;328;327;1;0.4611;2.3055;Non-active;
30/09/2023;13:52:00;CB;252;discharge;Hanna;7390;0;0;falling;14:47:40;2860;328;327;1;0.4611;2.3055;Non-active;
30/09/2023;13:52:00;CB;252;discharge;Hanna;7390;0;0;falling;14:47:45;2865;328;327;1;0.4611;2.3055;Non-active;
30/09/2023;13:52:00;CB;252;discharge;Hanna;7390;0;0;falling;14:47:50;2870;328;327;1;0.4611;2.3055;Non-active;
30/09/2023;13:52:00;CB;252;discharge;Hanna;7390;0;0;falling;14:47:55;2875;328;327;1;0.4611;2.3055;Non-active;
30/09/2023;13:52:00;CB;252;discharge;Hanna;7390;0;0;falling;14:48:00;2880;328;327;1;0.4611;2.3055;Non-active;
30/09/2023;13:52:00;CB;252;discharge;Hanna;7390;0;0;falling;14:48:05;2885;328;327;1;0.4611;2.3055;Non-active;
30/09/2023;13:52:00;CB;252;discharge;Hanna;7390;0;0;falling;14:48:10;2890;328;327;1;0.4611;2.3055;Non-active;
30/09/2023;13:52:00;CB;252;discharge;Hanna;7390;0;0;falling;14:48:15;2895;328;327;1;0.4611;2.3055;Non-active;
30/09/2023;13:52:00;CB;252;discharge;Hanna;7390;0;0;falling;14:48:20;2900;328;327;1;0.4611;2.3055;Non-active;
30/09/2023;13:52:00;CB;252;discharge;Hanna;7390;0;0;falling;14:48:25;2905;328;327;1;0.4611;2.3055;Non-active;
30/09/2023;13:52:00;CB;252;discharge;Hanna;7390;0;0;falling;14:48:30;2910;328;327;1;0.4611;2.3055;Non-active;
30/09/2023;13:52:00;CB;252;discharge;Hanna;7390;0;0;falling;14:48:35;2915;328;327;1;0.4611;2.3055;Non-active;
30/09/2023;13:52:00;CB;252;discharge;Hanna;7390;0;0;falling;14:48:40;2920;328;327;1;0.4611;2.3055;Non-active;
30/09/2023;13:52:00;CB;252;discharge;Hanna;7390;0;0;falling;14:48:45;2925;328;327;1;0.4611;2.3055;Non-active;
30/09/2023;13:52:00;CB;252;discharge;Hanna;7390;0;0;falling;14:48:50;2930;328;327;1;0.4611;2.3055;Non-active;
30/09/2023;13:52:00;CB;252;discharge;Hanna;7390;0;0;falling;14:48:55;2935;328;327;1;0.4611;2.3055;Non-active;
30/09/2023;13:52:00;CB;252;discharge;Hanna;7390;0;0;falling;14:49:00;2940;328;327;1;0.4611;2.3055;Non-active;
30/09/2023;13:52:00;CB;252;discharge;Hanna;7390;0;0;falling;14:49:05;2945;328;327;1;0.4611;2.3055;Non-active;
30/09/2023;13:52:00;CB;252;discharge;Hanna;7390;0;0;falling;14:49:10;2950;328;327;1;0.4611;2.3055;Non-active;
30/09/2023;13:52:00;CB;252;discharge;Hanna;7390;0;0;falling;14:49:15;2955;328;327;1;0.4611;2.3055;Non-active;
30/09/2023;13:52:00;CB;252;discharge;Hanna;7390;0;0;falling;14:49:20;2960;328;327;1;0.4611;2.3055;Non-active;
30/09/2023;13:52:00;CB;252;discharge;Hanna;7390;0;0;falling;14:49:25;2965;328;327;1;0.4611;2.3055;Non-active;
30/09/2023;13:52:00;CB;252;discharge;Hanna;7390;0;0;falling;14:49:30;2970;328;327;1;0.4611;2.3055;Non-active;
30/09/2023;13:52:00;CB;252;discharge;Hanna;7390;0;0;falling;14:49:35;2975;328;327;1;0.4611;2.3055;Non-active;
30/09/2023;13:52:00;CB;252;discharge;Hanna;7390;0;0;falling;14:49:40;2980;328;327;1;0.4611;2.3055;Non-active;
30/09/2023;13:52:00;CB;252;discharge;Hanna;7390;0;0;falling;14:49:45;2985;328;327;1;0.4611;2.3055;Non-active;
30/09/2023;13:52:00;CB;252;discharge;Hanna;7390;0;0;falling;14:49:50;2990;328;327;1;0.4611;2.3055;Non-active;
30/09/2023;13:52:00;CB;252;discharge;Hanna;7390;0;0;falling;14:49:55;2995;328;327;1;0.4611;2.3055;Non-active;
30/09/2023;13:52:00;CB;252;discharge;Hanna;7390;0;0;falling;14:50:00;3000;328;327;1;0.4611;2.3055;Non-active;
30/09/2023;13:52:00;CB;252;discharge;Hanna;7390;0;0;falling;14:50:05;3005;328;327;1;0.4611;2.3055;Non-active;
30/09/2023;13:52:00;CB;252;discharge;Hanna;7390;0;0;falling;14:50:10;3010;328;327;1;0.4611;2.3055;Non-active;
30/09/2023;13:52:00;CB;252;discharge;Hanna;7390;0;0;falling;14:50:15;3015;328;327;1;0.4611;2.3055;Non-active;
30/09/2023;13:52:00;CB;252;discharge;Hanna;7390;0;0;falling;14:50:20;3020;328;327;1;0.4611;2.3055;Non-active;
30/09/2023;13:52:00;CB;252;discharge;Hanna;7390;0;0;falling;14:50:25;3025;328;327;1;0.4611;2.3055;Non-active;
30/09/2023;13:52:00;CB;252;discharge;Hanna;7390;0;0;falling;14:50:30;3030;328;327;1;0.4611;2.3055;Non-active;
30/09/2023;13:52:00;CB;252;discharge;Hanna;7390;0;0;falling;14:50:35;3035;328;327;1;0.4611;2.3055;Non-active;
30/09/2023;13:52:00;CB;252;discharge;Hanna;7390;0;0;release;14:50:40;3040;327;327;0;0;0;Non-active;
30/09/2023;13:52:00;CB;252;discharge;Hanna;7390;0;0;release;14:50:45;3045;327;327;0;0;0;Non-active;
30/09/2023;13:52:00;CB;252;discharge;Hanna;7390;0;0;release;14:50:50;3050;327;327;0;0;0;Non-active;
30/09/2023;13:52:00;CB;252;discharge;Hanna;7390;0;0;release;14:50:55;3055;327;327;0;0;0;Non-active;
30/09/2023;13:52:00;CB;252;discharge;Hanna;7390;0;0;release;14:51:00;3060;327;327;0;0;0;Non-active;
30/09/2023;13:52:00;CB;252;discharge;Hanna;7390;0;0;release;14:51:05;3065;327;327;0;0;0;Non-active;
30/09/2023;13:52:00;CB;252;discharge;Hanna;7390;0;0;release;14:51:10;3070;327;327;0;0;0;Non-active;
30/09/2023;13:52:00;CB;252;discharge;Hanna;7390;0;0;release;14:51:15;3075;327;327;0;0;0;Non-active;
30/09/2023;13:52:00;CB;252;discharge;Hanna;7390;0;0;release;14:51:20;3080;327;327;0;0;0;Non-active;
30/09/2023;13:52:00;CB;252;discharge;Hanna;7390;0;0;release;14:51:25;3085;327;327;0;0;0;Non-active;
30/09/2023;13:52:00;CB;252;discharge;Hanna;7390;0;0;release;14:51:30;3090;327;327;0;0;0;Non-active;
30/09/2023;13:52:00;CB;252;discharge;Hanna;7390;0;0;release;14:51:35;3095;327;327;0;0;0;Non-active;
30/09/2023;13:52:00;CB;252;discharge;Hanna;7390;0;0;release;14:51:40;3100;327;327;0;0;0;Non-active;
30/09/2023;13:52:00;CB;252;discharge;Hanna;7390;0;0;release;14:51:45;3105;327;327;0;0;0;Non-active;
30/09/2023;13:52:00;CB;252;discharge;Hanna;7390;0;0;release;14:51:50;3110;327;327;0;0;0;Non-active;
30/09/2023;13:52:00;CB;252;discharge;Hanna;7390;0;0;release;14:51:55;3115;327;327;0;0;0;Non-active;
30/09/2023;13:52:00;CB;252;discharge;Hanna;7390;0;0;release;14:52:00;3120;327;327;0;0;0;Non-active;
30/09/2023;13:52:00;CB;252;discharge;Hanna;7390;0;0;release;14:52:05;3125;327;327;0;0;0;Non-active;
30/09/2023;13:52:00;CB;252;discharge;Hanna;7390;0;0;release;14:52:10;3130;327;327;0;0;0;Non-active;
30/09/2023;13:52:00;CB;252;discharge;Hanna;7390;0;0;release;14:52:15;3135;327;327;0;0;0;Non-active;
30/09/2023;13:52:00;CB;252;discharge;Hanna;7390;0;0;release;14:52:20;3140;327;327;0;0;0;Non-active;
30/09/2023;13:52:00;CB;252;discharge;Hanna;7390;0;0;release;14:52:25;3145;327;327;0;0;0;Non-active;
30/09/2023;13:52:00;CB;252;discharge;Hanna;7390;0;0;release;14:52:30;3150;327;327;0;0;0;Non-active;
30/09/2023;13:52:00;CB;252;discharge;Hanna;7390;0;0;release;14:52:35;3155;327;327;0;0;0;Non-active;
30/09/2023;13:52:00;CB;252;discharge;Hanna;7390;0;0;release;14:52:40;3160;327;327;0;0;0;Non-active;
06/09/2023;13:30:00;RA;135;nutrient_spiral_P;Hanna;5957;0;291;release;13:30:00;0;465.6;465.5;0.1;0.04611;2.7666;Active;
06/09/2023;13:30:00;RA;135;nutrient_spiral_P;Hanna;5957;0;291;release;13:31:00;60;465.6;465.5;0.1;0.04611;2.7666;Active;
06/09/2023;13:30:00;RA;135;nutrient_spiral_P;Hanna;5957;0;291;release;13:32:00;120;465.6;465.5;0.1;0.04611;2.7666;Active;
06/09/2023;13:30:00;RA;135;nutrient_spiral_P;Hanna;5957;0;291;release;13:33:00;180;465.6;465.5;0.1;0.04611;2.7666;Active;
06/09/2023;13:30:00;RA;135;nutrient_spiral_P;Hanna;5957;0;291;release;13:34:00;240;465.6;465.5;0.1;0.04611;2.7666;Active;
06/09/2023;13:30:00;RA;135;nutrient_spiral_P;Hanna;5957;0;291;release;13:35:00;300;465.6;465.5;0.1;0.04611;2.7666;Active;
06/09/2023;13:30:00;RA;135;nutrient_spiral_P;Hanna;5957;0;291;release;13:36:00;360;465.6;465.5;0.1;0.04611;2.7666;Active;
06/09/2023;13:30:00;RA;135;nutrient_spiral_P;Hanna;5957;0;291;release;13:37:00;420;465.6;465.5;0.1;0.04611;2.7666;Active;
06/09/2023;13:30:00;RA;135;nutrient_spiral_P;Hanna;5957;0;291;release;13:38:00;480;465.6;465.5;0.1;0.04611;2.7666;Active;
06/09/2023;13:30:00;RA;135;nutrient_spiral_P;Hanna;5957;0;291;release;13:39:00;540;465.6;465.5;0.1;0.04611;2.7666;Active;
06/09/2023;13:30:00;RA;135;nutrient_spiral_P;Hanna;5957;0;291;release;13:40:00;600;465.6;465.5;0.1;0.04611;2.7666;Active;
06/09/2023;13:30:00;RA;135;nutrient_spiral_P;Hanna;5957;0;291;release;13:41:00;660;465.6;465.5;0.1;0.04611;2.7666;Active;
06/09/2023;13:30:00;RA;135;nutrient_spiral_P;Hanna;5957;0;291;release;13:42:00;720;465.6;465.5;0.1;0.04611;2.7666;Active;
06/09/2023;13:30:00;RA;135;nutrient_spiral_P;Hanna;5957;0;291;release;13:43:00;780;465.6;465.5;0.1;0.04611;2.7666;Active;
06/09/2023;13:30:00;RA;135;nutrient_spiral_P;Hanna;5957;0;291;release;13:44:00;840;465.7;465.5;0.2;0.09222;5.5332;Active;
06/09/2023;13:30:00;RA;135;nutrient_spiral_P;Hanna;5957;0;291;release;13:45:00;900;465.7;465.5;0.2;0.09222;5.5332;Active;
06/09/2023;13:30:00;RA;135;nutrient_spiral_P;Hanna;5957;0;291;release;13:46:00;960;465.6;465.5;0.1;0.04611;2.7666;Active;
06/09/2023;13:30:00;RA;135;nutrient_spiral_P;Hanna;5957;0;291;release;13:47:00;1020;465.6;465.5;0.1;0.04611;2.7666;Active;
06/09/2023;13:30:00;RA;135;nutrient_spiral_P;Hanna;5957;0;291;release;13:48:00;1080;465.6;465.5;0.1;0.04611;2.7666;Active;
06/09/2023;13:30:00;RA;135;nutrient_spiral_P;Hanna;5957;0;291;release;13:49:00;1140;465.6;465.5;0.1;0.04611;2.7666;Active;
06/09/2023;13:30:00;RA;135;nutrient_spiral_P;Hanna;5957;0;291;release;13:50:00;1200;465.6;465.5;0.1;0.04611;2.7666;Active;
06/09/2023;13:30:00;RA;135;nutrient_spiral_P;Hanna;5957;0;291;release;13:51:00;1260;465.6;465.5;0.1;0.04611;2.7666;Active;
06/09/2023;13:30:00;RA;135;nutrient_spiral_P;Hanna;5957;0;291;release;13:52:00;1320;465.6;465.5;0.1;0.04611;2.7666;Active;
06/09/2023;13:30:00;RA;135;nutrient_spiral_P;Hanna;5957;0;291;release;13:53:00;1380;465.6;465.5;0.1;0.04611;2.7666;Active;
06/09/2023;13:30:00;RA;135;nutrient_spiral_P;Hanna;5957;0;291;release;13:54:00;1440;465.6;465.5;0.1;0.04611;2.7666;Active;
06/09/2023;13:30:00;RA;135;nutrient_spiral_P;Hanna;5957;0;291;release;13:55:00;1500;465.6;465.5;0.1;0.04611;2.7666;Active;
06/09/2023;13:30:00;RA;135;nutrient_spiral_P;Hanna;5957;0;291;release;13:56:00;1560;465.6;465.5;0.1;0.04611;2.7666;Active;
06/09/2023;13:30:00;RA;135;nutrient_spiral_P;Hanna;5957;0;291;release;13:57:00;1620;465.6;465.5;0.1;0.04611;2.7666;Active;
06/09/2023;13:30:00;RA;135;nutrient_spiral_P;Hanna;5957;0;291;release;13:58:00;1680;465.6;465.5;0.1;0.04611;2.7666;Active;
06/09/2023;13:30:00;RA;135;nutrient_spiral_P;Hanna;5957;0;291;release;13:59:00;1740;465.6;465.5;0.1;0.04611;2.7666;Active;
06/09/2023;13:30:00;RA;135;nutrient_spiral_P;Hanna;5957;0;291;release;14:00:00;1800;465.6;465.5;0.1;0.04611;2.7666;Active;
06/09/2023;13:30:00;RA;135;nutrient_spiral_P;Hanna;5957;0;291;release;14:01:00;1860;465.6;465.5;0.1;0.04611;2.7666;Active;
06/09/2023;13:30:00;RA;135;nutrient_spiral_P;Hanna;5957;0;291;release;14:02:00;1920;465.6;465.5;0.1;0.04611;2.7666;Active;
06/09/2023;13:30:00;RA;135;nutrient_spiral_P;Hanna;5957;0;291;release;14:03:00;1980;465.6;465.5;0.1;0.04611;2.7666;Active;
06/09/2023;13:30:00;RA;135;nutrient_spiral_P;Hanna;5957;0;291;release;14:04:00;2040;465.6;465.5;0.1;0.04611;2.7666;Active;
06/09/2023;13:30:00;RA;135;nutrient_spiral_P;Hanna;5957;0;291;release;14:05:00;2100;465.6;465.5;0.1;0.04611;2.7666;Active;
06/09/2023;13:30:00;RA;135;nutrient_spiral_P;Hanna;5957;0;291;release;14:06:00;2160;465.6;465.5;0.1;0.04611;2.7666;Active;
06/09/2023;13:30:00;RA;135;nutrient_spiral_P;Hanna;5957;0;291;release;14:07:00;2220;465.6;465.5;0.1;0.04611;2.7666;Active;
06/09/2023;13:30:00;RA;135;nutrient_spiral_P;Hanna;5957;0;291;release;14:08:00;2280;465.6;465.5;0.1;0.04611;2.7666;Active;
06/09/2023;13:30:00;RA;135;nutrient_spiral_P;Hanna;5957;0;291;release;14:09:00;2340;465.6;465.5;0.1;0.04611;2.7666;Active;
06/09/2023;13:30:00;RA;135;nutrient_spiral_P;Hanna;5957;0;291;release;14:10:00;2400;465.6;465.5;0.1;0.04611;2.7666;Active;
06/09/2023;13:30:00;RA;135;nutrient_spiral_P;Hanna;5957;0;291;release;14:11:00;2460;465.6;465.5;0.1;0.04611;2.7666;Active;
06/09/2023;13:30:00;RA;135;nutrient_spiral_P;Hanna;5957;0;291;release;14:12:00;2520;465.6;465.5;0.1;0.04611;2.7666;Active;
06/09/2023;13:30:00;RA;135;nutrient_spiral_P;Hanna;5957;0;291;release;14:13:00;2580;465.6;465.5;0.1;0.04611;2.7666;Active;
06/09/2023;13:30:00;RA;135;nutrient_spiral_P;Hanna;5957;0;291;release;14:14:00;2640;465.6;465.5;0.1;0.04611;2.7666;Active;
06/09/2023;13:30:00;RA;135;nutrient_spiral_P;Hanna;5957;0;291;release;14:15:00;2700;465.6;465.5;0.1;0.04611;2.7666;Active;
06/09/2023;13:30:00;RA;135;nutrient_spiral_P;Hanna;5957;0;291;rising;14:16:00;2760;465.8;465.5;0.3;0.13833;8.2998;Active;
06/09/2023;13:30:00;RA;135;nutrient_spiral_P;Hanna;5957;0;291;rising;14:17:00;2820;465.8;465.5;0.3;0.13833;8.2998;Active;
06/09/2023;13:30:00;RA;135;nutrient_spiral_P;Hanna;5957;0;291;rising;14:18:00;2880;467.4;465.5;1.9;0.87609;52.5654;Active;
06/09/2023;13:30:00;RA;135;nutrient_spiral_P;Hanna;5957;0;291;rising;14:19:00;2940;467.4;465.5;1.9;0.87609;52.5654;Active;
06/09/2023;13:30:00;RA;135;nutrient_spiral_P;Hanna;5957;0;291;rising;14:20:00;3000;467.8;465.5;2.3;1.06053;63.6318;Active;
06/09/2023;13:30:00;RA;135;nutrient_spiral_P;Hanna;5957;0;291;rising;14:21:00;3060;467.8;465.5;2.3;1.06053;63.6318;Active;
06/09/2023;13:30:00;RA;135;nutrient_spiral_P;Hanna;5957;0;291;rising;14:22:00;3120;468;465.5;2.5;1.15275;69.165;Active;
06/09/2023;13:30:00;RA;135;nutrient_spiral_P;Hanna;5957;0;291;rising;14:23:00;3180;468;465.5;2.5;1.15275;69.165;Active;
06/09/2023;13:30:00;RA;135;nutrient_spiral_P;Hanna;5957;0;291;rising;14:24:00;3240;473.1;465.5;7.6;3.50436;210.2616;Active;
06/09/2023;13:30:00;RA;135;nutrient_spiral_P;Hanna;5957;0;291;rising;14:25:00;3300;473.1;465.5;7.6;3.50436;210.2616;Active;
06/09/2023;13:30:00;RA;135;nutrient_spiral_P;Hanna;5957;0;291;rising;14:26:00;3360;479;465.5;13.5;6.22485;373.491;Active;
06/09/2023;13:30:00;RA;135;nutrient_spiral_P;Hanna;5957;0;291;rising;14:27:00;3420;479;465.5;13.5;6.22485;373.491;Active;
06/09/2023;13:30:00;RA;135;nutrient_spiral_P;Hanna;5957;0;291;rising;14:28:00;3480;483;465.5;17.5;8.06925;484.155;Active;
06/09/2023;13:30:00;RA;135;nutrient_spiral_P;Hanna;5957;0;291;rising;14:29:00;3540;483;465.5;17.5;8.06925;484.155;Active;
06/09/2023;13:30:00;RA;135;nutrient_spiral_P;Hanna;5957;0;291;rising;14:30:00;3600;484;465.5;18.5;8.53035;511.821;Active;
06/09/2023;13:30:00;RA;135;nutrient_spiral_P;Hanna;5957;0;291;rising;14:31:00;3660;484;465.5;18.5;8.53035;511.821;Active;
06/09/2023;13:30:00;RA;135;nutrient_spiral_P;Hanna;5957;0;291;rising;14:32:00;3720;484;465.5;18.5;8.53035;511.821;Active;
06/09/2023;13:30:00;RA;135;nutrient_spiral_P;Hanna;5957;0;291;rising;14:33:00;3780;484;465.5;18.5;8.53035;511.821;Active;
06/09/2023;13:30:00;RA;135;nutrient_spiral_P;Hanna;5957;0;291;rising;14:34:00;3840;488;465.5;22.5;10.37475;622.485;Active;
06/09/2023;13:30:00;RA;135;nutrient_spiral_P;Hanna;5957;0;291;rising;14:35:00;3900;488;465.5;22.5;10.37475;622.485;Active;
06/09/2023;13:30:00;RA;135;nutrient_spiral_P;Hanna;5957;0;291;rising;14:36:00;3960;487;465.5;21.5;9.91365;594.819;Active;
06/09/2023;13:30:00;RA;135;nutrient_spiral_P;Hanna;5957;0;291;rising;14:37:00;4020;487;465.5;21.5;9.91365;594.819;Active;
06/09/2023;13:30:00;RA;135;nutrient_spiral_P;Hanna;5957;0;291;rising;14:38:00;4080;487;465.5;21.5;9.91365;594.819;Active;
06/09/2023;13:30:00;RA;135;nutrient_spiral_P;Hanna;5957;0;291;falling;14:39:00;4140;486;465.5;20.5;9.45255;567.153;Active;
06/09/2023;13:30:00;RA;135;nutrient_spiral_P;Hanna;5957;0;291;falling;14:40:00;4200;486;465.5;20.5;9.45255;567.153;Active;
06/09/2023;13:30:00;RA;135;nutrient_spiral_P;Hanna;5957;0;291;falling;14:41:00;4260;484;465.5;18.5;8.53035;511.821;Active;
06/09/2023;13:30:00;RA;135;nutrient_spiral_P;Hanna;5957;0;291;falling;14:42:00;4320;484;465.5;18.5;8.53035;511.821;Active;
06/09/2023;13:30:00;RA;135;nutrient_spiral_P;Hanna;5957;0;291;falling;14:43:00;4380;484;465.5;18.5;8.53035;511.821;Active;
06/09/2023;13:30:00;RA;135;nutrient_spiral_P;Hanna;5957;0;291;falling;14:44:00;4440;484;465.5;18.5;8.53035;511.821;Active;
06/09/2023;13:30:00;RA;135;nutrient_spiral_P;Hanna;5957;0;291;falling;14:45:00;4500;484;465.5;18.5;8.53035;511.821;Active;
06/09/2023;13:30:00;RA;135;nutrient_spiral_P;Hanna;5957;0;291;falling;14:46:00;4560;483;465.5;17.5;8.06925;484.155;Active;
06/09/2023;13:30:00;RA;135;nutrient_spiral_P;Hanna;5957;0;291;falling;14:47:00;4620;483;465.5;17.5;8.06925;484.155;Active;
06/09/2023;13:30:00;RA;135;nutrient_spiral_P;Hanna;5957;0;291;falling;14:48:00;4680;483;465.5;17.5;8.06925;484.155;Active;
06/09/2023;13:30:00;RA;135;nutrient_spiral_P;Hanna;5957;0;291;falling;14:49:00;4740;482;465.5;16.5;7.60815;456.489;Active;
06/09/2023;13:30:00;RA;135;nutrient_spiral_P;Hanna;5957;0;291;falling;14:50:00;4800;482;465.5;16.5;7.60815;456.489;Active;
06/09/2023;13:30:00;RA;135;nutrient_spiral_P;Hanna;5957;0;291;falling;14:51:00;4860;482;465.5;16.5;7.60815;456.489;Active;
06/09/2023;13:30:00;RA;135;nutrient_spiral_P;Hanna;5957;0;291;falling;14:52:00;4920;482;465.5;16.5;7.60815;456.489;Active;
06/09/2023;13:30:00;RA;135;nutrient_spiral_P;Hanna;5957;0;291;falling;14:53:00;4980;482;465.5;16.5;7.60815;456.489;Active;
06/09/2023;13:30:00;RA;135;nutrient_spiral_P;Hanna;5957;0;291;falling;14:54:00;5040;481;465.5;15.5;7.14705;428.823;Active;
06/09/2023;13:30:00;RA;135;nutrient_spiral_P;Hanna;5957;0;291;falling;14:55:00;5100;481;465.5;15.5;7.14705;428.823;Active;
06/09/2023;13:30:00;RA;135;nutrient_spiral_P;Hanna;5957;0;291;falling;14:56:00;5160;481;465.5;15.5;7.14705;428.823;Active;
06/09/2023;13:30:00;RA;135;nutrient_spiral_P;Hanna;5957;0;291;falling;14:57:00;5220;480;465.5;14.5;6.68595;401.157;Active;
06/09/2023;13:30:00;RA;135;nutrient_spiral_P;Hanna;5957;0;291;falling;14:58:00;5280;480;465.5;14.5;6.68595;401.157;Active;
06/09/2023;13:30:00;RA;135;nutrient_spiral_P;Hanna;5957;0;291;falling;14:59:00;5340;480;465.5;14.5;6.68595;401.157;Active;
06/09/2023;13:30:00;RA;135;nutrient_spiral_P;Hanna;5957;0;291;falling;15:00:00;5400;478;465.5;12.5;5.76375;345.825;Active;
06/09/2023;13:30:00;RA;135;nutrient_spiral_P;Hanna;5957;0;291;falling;15:01:00;5460;478;465.5;12.5;5.76375;345.825;Active;
06/09/2023;13:30:00;RA;135;nutrient_spiral_P;Hanna;5957;0;291;falling;15:02:00;5520;478;465.5;12.5;5.76375;345.825;Active;
06/09/2023;13:30:00;RA;135;nutrient_spiral_P;Hanna;5957;0;291;falling;15:03:00;5580;477;465.5;11.5;5.30265;318.159;Active;
06/09/2023;13:30:00;RA;135;nutrient_spiral_P;Hanna;5957;0;291;falling;15:04:00;5640;477;465.5;11.5;5.30265;318.159;Active;
06/09/2023;13:30:00;RA;135;nutrient_spiral_P;Hanna;5957;0;291;falling;15:05:00;5700;477;465.5;11.5;5.30265;318.159;Active;
06/09/2023;13:30:00;RA;135;nutrient_spiral_P;Hanna;5957;0;291;falling;15:06:00;5760;475.7;465.5;10.2;4.70322;282.1932;Active;
06/09/2023;13:30:00;RA;135;nutrient_spiral_P;Hanna;5957;0;291;falling;15:07:00;5820;475.7;465.5;10.2;4.70322;282.1932;Active;
06/09/2023;13:30:00;RA;135;nutrient_spiral_P;Hanna;5957;0;291;falling;15:08:00;5880;475.7;465.5;10.2;4.70322;282.1932;Active;
06/09/2023;13:30:00;RA;135;nutrient_spiral_P;Hanna;5957;0;291;falling;15:09:00;5940;474.6;465.5;9.1;4.19601;251.7606;Active;
06/09/2023;13:30:00;RA;135;nutrient_spiral_P;Hanna;5957;0;291;falling;15:10:00;6000;474.6;465.5;9.1;4.19601;251.7606;Active;
06/09/2023;13:30:00;RA;135;nutrient_spiral_P;Hanna;5957;0;291;falling;15:11:00;6060;474.6;465.5;9.1;4.19601;251.7606;Active;
06/09/2023;13:30:00;RA;135;nutrient_spiral_P;Hanna;5957;0;291;falling;15:12:00;6120;474.6;465.5;9.1;4.19601;251.7606;Active;
06/09/2023;13:30:00;RA;135;nutrient_spiral_P;Hanna;5957;0;291;falling;15:13:00;6180;474.6;465.5;9.1;4.19601;251.7606;Active;
06/09/2023;13:30:00;RA;135;nutrient_spiral_P;Hanna;5957;0;291;falling;15:14:00;6240;474.6;465.5;9.1;4.19601;251.7606;Active;
06/09/2023;13:30:00;RA;135;nutrient_spiral_P;Hanna;5957;0;291;falling;15:15:00;6300;472.6;465.5;7.1;3.27381;196.4286;Active;
06/09/2023;13:30:00;RA;135;nutrient_spiral_P;Hanna;5957;0;291;falling;15:16:00;6360;472.6;465.5;7.1;3.27381;196.4286;Active;
06/09/2023;13:30:00;RA;135;nutrient_spiral_P;Hanna;5957;0;291;falling;15:17:00;6420;472.6;465.5;7.1;3.27381;196.4286;Active;
06/09/2023;13:30:00;RA;135;nutrient_spiral_P;Hanna;5957;0;291;falling;15:18:00;6480;472.6;465.5;7.1;3.27381;196.4286;Active;
06/09/2023;13:30:00;RA;135;nutrient_spiral_P;Hanna;5957;0;291;falling;15:19:00;6540;472.6;465.5;7.1;3.27381;196.4286;Active;
06/09/2023;13:30:00;RA;135;nutrient_spiral_P;Hanna;5957;0;291;falling;15:20:00;6600;472.6;465.5;7.1;3.27381;196.4286;Active;
06/09/2023;13:30:00;RA;135;nutrient_spiral_P;Hanna;5957;0;291;falling;15:21:00;6660;472.6;465.5;7.1;3.27381;196.4286;Active;
06/09/2023;13:30:00;RA;135;nutrient_spiral_P;Hanna;5957;0;291;falling;15:22:00;6720;472.6;465.5;7.1;3.27381;196.4286;Active;
06/09/2023;13:30:00;RA;135;nutrient_spiral_P;Hanna;5957;0;291;falling;15:23:00;6780;471.2;465.5;5.7;2.62827;0;Active;
06/09/2023;13:30:00;RA;135;nutrient_spiral_N;Hanna;6240;0;149;release;15:45:00;0;468.2;465.5;2.7;1.24497;74.6982;Active;
06/09/2023;13:30:00;RA;135;nutrient_spiral_N;Hanna;6240;0;149;release;15:46:00;60;468.5;465.5;3;1.3833;82.998;Active;
06/09/2023;13:30:00;RA;135;nutrient_spiral_N;Hanna;6240;0;149;release;15:47:00;120;468.6;465.5;3.1;1.42941;85.7646;Active;
06/09/2023;13:30:00;RA;135;nutrient_spiral_N;Hanna;6240;0;149;release;15:48:00;180;468.6;465.5;3.1;1.42941;85.7646;Active;
06/09/2023;13:30:00;RA;135;nutrient_spiral_N;Hanna;6240;0;149;release;15:49:00;240;468.6;465.5;3.1;1.42941;85.7646;Active;
06/09/2023;13:30:00;RA;135;nutrient_spiral_N;Hanna;6240;0;149;release;15:50:00;300;468.6;465.5;3.1;1.42941;85.7646;Active;
06/09/2023;13:30:00;RA;135;nutrient_spiral_N;Hanna;6240;0;149;release;15:51:00;360;468.6;465.5;3.1;1.42941;85.7646;Active;
06/09/2023;13:30:00;RA;135;nutrient_spiral_N;Hanna;6240;0;149;release;15:52:00;420;468.6;465.5;3.1;1.42941;85.7646;Active;
06/09/2023;13:30:00;RA;135;nutrient_spiral_N;Hanna;6240;0;149;release;15:53:00;480;468.6;465.5;3.1;1.42941;85.7646;Active;
06/09/2023;13:30:00;RA;135;nutrient_spiral_N;Hanna;6240;0;149;release;15:54:00;540;468.6;465.5;3.1;1.42941;85.7646;Active;
06/09/2023;13:30:00;RA;135;nutrient_spiral_N;Hanna;6240;0;149;release;15:55:00;600;468.6;465.5;3.1;1.42941;85.7646;Active;
06/09/2023;13:30:00;RA;135;nutrient_spiral_N;Hanna;6240;0;149;release;15:56:00;660;468.6;465.5;3.1;1.42941;85.7646;Active;
06/09/2023;13:30:00;RA;135;nutrient_spiral_N;Hanna;6240;0;149;release;15:57:00;720;468.6;465.5;3.1;1.42941;85.7646;Active;
06/09/2023;13:30:00;RA;135;nutrient_spiral_N;Hanna;6240;0;149;release;15:58:00;780;468.6;465.5;3.1;1.42941;85.7646;Active;
06/09/2023;13:30:00;RA;135;nutrient_spiral_N;Hanna;6240;0;149;release;15:59:00;840;468.6;465.5;3.1;1.42941;85.7646;Active;
06/09/2023;13:30:00;RA;135;nutrient_spiral_N;Hanna;6240;0;149;release;16:00:00;900;468.6;465.5;3.1;1.42941;85.7646;Active;
06/09/2023;13:30:00;RA;135;nutrient_spiral_N;Hanna;6240;0;149;release;16:01:00;960;468.6;465.5;3.1;1.42941;85.7646;Active;
06/09/2023;13:30:00;RA;135;nutrient_spiral_N;Hanna;6240;0;149;release;16:02:00;1020;468.6;465.5;3.1;1.42941;85.7646;Active;
06/09/2023;13:30:00;RA;135;nutrient_spiral_N;Hanna;6240;0;149;release;16:03:00;1080;468.6;465.5;3.1;1.42941;85.7646;Active;
06/09/2023;13:30:00;RA;135;nutrient_spiral_N;Hanna;6240;0;149;release;16:04:00;1140;468.6;465.5;3.1;1.42941;85.7646;Active;
06/09/2023;13:30:00;RA;135;nutrient_spiral_N;Hanna;6240;0;149;release;16:05:00;1200;468.6;465.5;3.1;1.42941;85.7646;Active;
06/09/2023;13:30:00;RA;135;nutrient_spiral_N;Hanna;6240;0;149;release;16:06:00;1260;467.5;465.5;2;0.9222;55.332;Active;
06/09/2023;13:30:00;RA;135;nutrient_spiral_N;Hanna;6240;0;149;release;16:07:00;1320;467.5;465.5;2;0.9222;55.332;Active;
06/09/2023;13:30:00;RA;135;nutrient_spiral_N;Hanna;6240;0;149;release;16:08:00;1380;466.4;465.5;0.9;0.41499;24.8994;Active;
06/09/2023;13:30:00;RA;135;nutrient_spiral_N;Hanna;6240;0;149;release;16:09:00;1440;466.4;465.5;0.9;0.41499;24.8994;Active;
06/09/2023;13:30:00;RA;135;nutrient_spiral_N;Hanna;6240;0;149;release;16:10:00;1500;466.4;465.5;0.9;0.41499;24.8994;Active;
06/09/2023;13:30:00;RA;135;nutrient_spiral_N;Hanna;6240;0;149;release;16:11:00;1560;466.4;465.5;0.9;0.41499;24.8994;Active;
06/09/2023;13:30:00;RA;135;nutrient_spiral_N;Hanna;6240;0;149;release;16:12:00;1620;466.4;465.5;0.9;0.41499;24.8994;Active;
06/09/2023;13:30:00;RA;135;nutrient_spiral_N;Hanna;6240;0;149;release;16:13:00;1680;466.4;465.5;0.9;0.41499;24.8994;Active;
06/09/2023;13:30:00;RA;135;nutrient_spiral_N;Hanna;6240;0;149;release;16:14:00;1740;466.4;465.5;0.9;0.41499;24.8994;Active;
06/09/2023;13:30:00;RA;135;nutrient_spiral_N;Hanna;6240;0;149;release;16:15:00;1800;466.9;465.5;1.4;0.64554;38.7324;Active;
06/09/2023;13:30:00;RA;135;nutrient_spiral_N;Hanna;6240;0;149;release;16:16:00;1860;466.9;465.5;1.4;0.64554;38.7324;Active;
06/09/2023;13:30:00;RA;135;nutrient_spiral_N;Hanna;6240;0;149;release;16:17:00;1920;466.9;465.5;1.4;0.64554;38.7324;Active;
06/09/2023;13:30:00;RA;135;nutrient_spiral_N;Hanna;6240;0;149;release;16:18:00;1980;466.9;465.5;1.4;0.64554;38.7324;Active;
06/09/2023;13:30:00;RA;135;nutrient_spiral_N;Hanna;6240;0;149;release;16:19:00;2040;466.9;465.5;1.4;0.64554;38.7324;Active;
06/09/2023;13:30:00;RA;135;nutrient_spiral_N;Hanna;6240;0;149;release;16:20:00;2100;466;465.5;0.5;0.23055;13.833;Active;
06/09/2023;13:30:00;RA;135;nutrient_spiral_N;Hanna;6240;0;149;release;16:21:00;2160;466;465.5;0.5;0.23055;13.833;Active;
06/09/2023;13:30:00;RA;135;nutrient_spiral_N;Hanna;6240;0;149;release;16:22:00;2220;466;465.5;0.5;0.23055;13.833;Active;
06/09/2023;13:30:00;RA;135;nutrient_spiral_N;Hanna;6240;0;149;release;16:23:00;2280;466;465.5;0.5;0.23055;13.833;Active;
06/09/2023;13:30:00;RA;135;nutrient_spiral_N;Hanna;6240;0;149;release;16:24:00;2340;466;465.5;0.5;0.23055;13.833;Active;
06/09/2023;13:30:00;RA;135;nutrient_spiral_N;Hanna;6240;0;149;release;16:25:00;2400;466;465.5;0.5;0.23055;13.833;Active;
06/09/2023;13:30:00;RA;135;nutrient_spiral_N;Hanna;6240;0;149;release;16:26:00;2460;466.1;465.5;0.6;0.27666;16.5996;Active;
06/09/2023;13:30:00;RA;135;nutrient_spiral_N;Hanna;6240;0;149;release;16:27:00;2520;466.1;465.5;0.6;0.27666;16.5996;Active;
06/09/2023;13:30:00;RA;135;nutrient_spiral_N;Hanna;6240;0;149;release;16:28:00;2580;466.4;465.5;0.9;0.41499;24.8994;Active;
06/09/2023;13:30:00;RA;135;nutrient_spiral_N;Hanna;6240;0;149;rising;16:29:00;2640;466.4;465.5;0.9;0.41499;24.8994;Active;
06/09/2023;13:30:00;RA;135;nutrient_spiral_N;Hanna;6240;0;149;rising;16:30:00;2700;466.9;465.5;1.4;0.64554;38.7324;Active;
06/09/2023;13:30:00;RA;135;nutrient_spiral_N;Hanna;6240;0;149;rising;16:31:00;2760;466.9;465.5;1.4;0.64554;38.7324;Active;
06/09/2023;13:30:00;RA;135;nutrient_spiral_N;Hanna;6240;0;149;rising;16:32:00;2820;466.9;465.5;1.4;0.64554;38.7324;Active;
06/09/2023;13:30:00;RA;135;nutrient_spiral_N;Hanna;6240;0;149;rising;16:33:00;2880;466.9;465.5;1.4;0.64554;38.7324;Active;
06/09/2023;13:30:00;RA;135;nutrient_spiral_N;Hanna;6240;0;149;rising;16:34:00;2940;466.9;465.5;1.4;0.64554;38.7324;Active;
06/09/2023;13:30:00;RA;135;nutrient_spiral_N;Hanna;6240;0;149;rising;16:35:00;3000;476.1;465.5;10.6;4.88766;293.2596;Active;
06/09/2023;13:30:00;RA;135;nutrient_spiral_N;Hanna;6240;0;149;rising;16:36:00;3060;478;465.5;12.5;5.76375;345.825;Active;
06/09/2023;13:30:00;RA;135;nutrient_spiral_N;Hanna;6240;0;149;rising;16:37:00;3120;481;465.5;15.5;7.14705;428.823;Active;
06/09/2023;13:30:00;RA;135;nutrient_spiral_N;Hanna;6240;0;149;rising;16:38:00;3180;483;465.5;17.5;8.06925;484.155;Active;
06/09/2023;13:30:00;RA;135;nutrient_spiral_N;Hanna;6240;0;149;rising;16:39:00;3240;485;465.5;19.5;8.99145;539.487;Active;
06/09/2023;13:30:00;RA;135;nutrient_spiral_N;Hanna;6240;0;149;rising;16:40:00;3300;487;465.5;21.5;9.91365;594.819;Active;
06/09/2023;13:30:00;RA;135;nutrient_spiral_N;Hanna;6240;0;149;rising;16:41:00;3360;488;465.5;22.5;10.37475;622.485;Active;
06/09/2023;13:30:00;RA;135;nutrient_spiral_N;Hanna;6240;0;149;rising;16:42:00;3420;488.9;465.5;23.4;10.78974;647.3844;Active;
06/09/2023;13:30:00;RA;135;nutrient_spiral_N;Hanna;6240;0;149;rising;16:43:00;3480;489;465.5;23.5;10.83585;650.151;Active;
06/09/2023;13:30:00;RA;135;nutrient_spiral_N;Hanna;6240;0;149;rising;16:44:00;3540;489;465.5;23.5;10.83585;650.151;Active;
06/09/2023;13:30:00;RA;135;nutrient_spiral_N;Hanna;6240;0;149;rising;16:45:00;3600;490;465.5;24.5;11.29695;677.817;Active;
06/09/2023;13:30:00;RA;135;nutrient_spiral_N;Hanna;6240;0;149;rising;16:46:00;3660;490;465.5;24.5;11.29695;677.817;Active;
06/09/2023;13:30:00;RA;135;nutrient_spiral_N;Hanna;6240;0;149;rising;16:47:00;3720;490;465.5;24.5;11.29695;1355.634;Active;
06/09/2023;13:30:00;RA;135;nutrient_spiral_N;Hanna;6240;0;149;rising;16:49:00;3840;490;465.5;24.5;11.29695;677.817;Active;
06/09/2023;13:30:00;RA;135;nutrient_spiral_N;Hanna;6240;0;149;falling;16:50:00;3900;489;465.5;23.5;10.83585;650.151;Active;
06/09/2023;13:30:00;RA;135;nutrient_spiral_N;Hanna;6240;0;149;falling;16:51:00;3960;489;465.5;23.5;10.83585;1950.453;Active;
06/09/2023;13:30:00;RA;135;nutrient_spiral_N;Hanna;6240;0;149;falling;16:54:00;4140;487;465.5;21.5;9.91365;594.819;Active;
06/09/2023;13:30:00;RA;135;nutrient_spiral_N;Hanna;6240;0;149;falling;16:55:00;4200;487;465.5;21.5;9.91365;1784.457;Active;
06/09/2023;13:30:00;RA;135;nutrient_spiral_N;Hanna;6240;0;149;falling;16:58:00;4380;487;465.5;21.5;9.91365;3568.914;Active;
06/09/2023;13:30:00;RA;135;nutrient_spiral_N;Hanna;6240;0;149;falling;17:04:00;4740;484;465.5;18.5;8.53035;4094.568;Active;
06/09/2023;13:30:00;RA;135;nutrient_spiral_N;Hanna;6240;0;149;falling;17:12:00;5220;483;465.5;17.5;8.06925;1452.465;Active;
06/09/2023;13:30:00;RA;135;nutrient_spiral_N;Hanna;6240;0;149;falling;17:15:00;5400;481.6;465.5;16.1;7.42371;1336.2678;Active;
06/09/2023;13:30:00;RA;135;nutrient_spiral_N;Hanna;6240;0;149;falling;17:18:00;5580;480;465.5;14.5;6.68595;802.314;Active;
06/09/2023;13:30:00;RA;135;nutrient_spiral_N;Hanna;6240;0;149;falling;17:20:00;5700;479.2;465.5;13.7;6.31707;758.0484;Active;
06/09/2023;13:30:00;RA;135;nutrient_spiral_N;Hanna;6240;0;149;falling;17:22:00;5820;478;465.5;12.5;5.76375;345.825;Active;
06/09/2023;13:30:00;RA;135;nutrient_spiral_N;Hanna;6240;0;149;falling;17:23:00;5880;478.3;465.5;12.8;5.90208;1770.624;Active;
06/09/2023;13:30:00;RA;135;nutrient_spiral_N;Hanna;6240;0;149;falling;17:28:00;6180;476.9;465.5;11.4;5.25654;1576.962;Active;
06/09/2023;13:30:00;RA;135;nutrient_spiral_N;Hanna;6240;0;149;falling;17:33:00;6480;475.6;465.5;10.1;4.65711;0;Active;
07/09/2023;13:55:00;CB;162;nutrient_spiral_NP;Hanna;7390;195;355;release;13:55:00;0;365;365;0;0;0;Non-active;
07/09/2023;13:55:00;CB;162;nutrient_spiral_NP;Hanna;7390;195;355;rising;13:58:00;180;365.1;365;0.1;0.04611;57.86805;Non-active;
07/09/2023;13:55:00;CB;162;nutrient_spiral_NP;Hanna;7390;195;355;rising;14:18:55;1435;365.3;365;0.3;0.13833;5.5332;Non-active;
07/09/2023;13:55:00;CB;162;nutrient_spiral_NP;Hanna;7390;195;355;rising;14:19:35;1475;366.9;365;1.9;0.87609;52.5654;Non-active;
07/09/2023;13:55:00;CB;162;nutrient_spiral_NP;Hanna;7390;195;355;rising;14:20:35;1535;369.2;365;4.2;1.93662;116.1972;Non-active;
07/09/2023;13:55:00;CB;162;nutrient_spiral_NP;Hanna;7390;195;355;rising;14:21:35;1595;373.6;365;8.6;3.96546;237.9276;Non-active;
07/09/2023;13:55:00;CB;162;nutrient_spiral_NP;Hanna;7390;195;355;rising;14:22:35;1655;381.5;365;16.5;7.60815;304.326;Non-active;
07/09/2023;13:55:00;CB;162;nutrient_spiral_NP;Hanna;7390;195;355;rising;14:23:15;1695;385.7;365;20.7;9.54477;334.06695;Non-active;
07/09/2023;13:55:00;CB;162;nutrient_spiral_NP;Hanna;7390;195;355;rising;14:23:50;1730;393.4;365;28.4;13.09524;589.2858;Non-active;
07/09/2023;13:55:00;CB;162;nutrient_spiral_NP;Hanna;7390;195;355;rising;14:24:35;1775;397.9;365;32.9;15.17019;910.2114;Non-active;
07/09/2023;13:55:00;CB;162;nutrient_spiral_NP;Hanna;7390;195;355;rising;14:25:35;1835;400.8;365;35.8;16.50738;990.4428;Non-active;
07/09/2023;13:55:00;CB;162;nutrient_spiral_NP;Hanna;7390;195;355;rising;14:26:35;1895;402.2;365;37.2;17.15292;1029.1752;Non-active;
07/09/2023;13:55:00;CB;162;nutrient_spiral_NP;Hanna;7390;195;355;falling;14:27:35;1955;401.9;365;36.9;17.01459;1020.8754;Non-active;
07/09/2023;13:55:00;CB;162;nutrient_spiral_NP;Hanna;7390;195;355;falling;14:28:35;2015;400.6;365;35.6;16.41516;984.9096;Non-active;
07/09/2023;13:55:00;CB;162;nutrient_spiral_NP;Hanna;7390;195;355;falling;14:29:35;2075;399.9;365;34.9;16.09239;965.5434;Non-active;
07/09/2023;13:55:00;CB;162;nutrient_spiral_NP;Hanna;7390;195;355;falling;14:30:35;2135;397.8;365;32.8;15.12408;2192.9916;Non-active;
07/09/2023;13:55:00;CB;162;nutrient_spiral_NP;Hanna;7390;195;355;falling;14:33:00;2280;395;365;30;13.833;1659.96;Non-active;
07/09/2023;13:55:00;CB;162;nutrient_spiral_NP;Hanna;7390;195;355;falling;14:35:00;2400;391;365;26;11.9886;1438.632;Non-active;
07/09/2023;13:55:00;CB;162;nutrient_spiral_NP;Hanna;7390;195;355;falling;14:37:00;2520;386.9;365;21.9;10.09809;1211.7708;Non-active;
07/09/2023;13:55:00;CB;162;nutrient_spiral_NP;Hanna;7390;195;355;falling;14:39:00;2640;383.9;365;18.9;8.71479;1568.6622;Non-active;
07/09/2023;13:55:00;CB;162;nutrient_spiral_NP;Hanna;7390;195;355;falling;14:42:00;2820;379.3;365;14.3;6.59373;1186.8714;Non-active;
07/09/2023;13:55:00;CB;162;nutrient_spiral_NP;Hanna;7390;195;355;falling;14:45:00;3000;375.8;365;10.8;4.97988;1195.1712;Non-active;
07/09/2023;13:55:00;CB;162;nutrient_spiral_NP;Hanna;7390;195;355;falling;14:49:00;3240;372.2;365;7.2;3.31992;796.7808;Non-active;
07/09/2023;13:55:00;CB;162;nutrient_spiral_NP;Hanna;7390;195;355;falling;14:53:00;3480;369.9;365;4.9;2.25939;813.3804;Non-active;
07/09/2023;13:55:00;CB;162;nutrient_spiral_NP;Hanna;7390;195;355;falling;14:59:00;3840;367.8;365;2.8;1.29108;542.2536;Non-active;
07/09/2023;13:55:00;CB;162;nutrient_spiral_NP;Hanna;7390;195;355;falling;15:06:00;4260;366.7;365;1.7;0.78387;0;Non-active;
01/09/2023;15:19:00;SA;168;discharge;Hanna;3000;0;0;release;15:19:00;0;5;5;0;0;0;NA;
01/09/2023;15:19:00;SA;168;discharge;Hanna;3000;0;0;rising;15:44:15;1515;6;5;1;0.4611;20.7495;NA;
01/09/2023;15:19:00;SA;168;discharge;Hanna;3000;0;0;rising;15:45:00;1560;7;5;2;0.9222;59.943;NA;
01/09/2023;15:19:00;SA;168;discharge;Hanna;3000;0;0;rising;15:46:05;1625;9;5;4;1.8444;36.888;NA;
01/09/2023;15:19:00;SA;168;discharge;Hanna;3000;0;0;rising;15:46:25;1645;10;5;5;2.3055;46.11;NA;
01/09/2023;15:19:00;SA;168;discharge;Hanna;3000;0;0;rising;15:46:45;1665;11;5;6;2.7666;82.998;NA;
01/09/2023;15:19:00;SA;168;discharge;Hanna;3000;0;0;rising;15:47:15;1695;12;5;7;3.2277;64.554;NA;
01/09/2023;15:19:00;SA;168;discharge;Hanna;3000;0;0;rising;15:47:35;1715;13;5;8;3.6888;73.776;NA;
01/09/2023;15:19:00;SA;168;discharge;Hanna;3000;0;0;rising;15:47:55;1735;14;5;9;4.1499;103.7475;NA;
01/09/2023;15:19:00;SA;168;discharge;Hanna;3000;0;0;rising;15:48:20;1760;15;5;10;4.611;276.66;NA;
01/09/2023;15:19:00;SA;168;discharge;Hanna;3000;0;0;rising;15:49:20;1820;17;5;12;5.5332;110.664;NA;
01/09/2023;15:19:00;SA;168;discharge;Hanna;3000;0;0;rising;15:49:40;1840;18;5;13;5.9943;119.886;NA;
01/09/2023;15:19:00;SA;168;discharge;Hanna;3000;0;0;rising;15:50:00;1860;19;5;14;6.4554;225.939;NA;
01/09/2023;15:19:00;SA;168;discharge;Hanna;3000;0;0;rising;15:50:35;1895;20;5;15;6.9165;207.495;NA;
01/09/2023;15:19:00;SA;168;discharge;Hanna;3000;0;0;rising;15:51:05;1925;21;5;16;7.3776;368.88;NA;
01/09/2023;15:19:00;SA;168;discharge;Hanna;3000;0;0;rising;15:51:55;1975;22;5;17;7.8387;391.935;NA;
01/09/2023;15:19:00;SA;168;discharge;Hanna;3000;0;0;rising;15:52:45;2025;23;5;18;8.2998;1908.954;NA;
01/09/2023;15:19:00;SA;168;discharge;Hanna;3000;0;0;falling;15:56:35;2255;22;5;17;7.8387;470.322;NA;
01/09/2023;15:19:00;SA;168;discharge;Hanna;3000;0;0;falling;15:57:35;2315;21;5;16;7.3776;627.096;NA;
01/09/2023;15:19:00;SA;168;discharge;Hanna;3000;0;0;falling;15:59:00;2400;20;5;15;6.9165;414.99;NA;
01/09/2023;15:19:00;SA;168;discharge;Hanna;3000;0;0;falling;16:00:00;2460;19;5;14;6.4554;419.601;NA;
01/09/2023;15:19:00;SA;168;discharge;Hanna;3000;0;0;falling;16:01:05;2525;18;5;13;5.9943;359.658;NA;
01/09/2023;15:19:00;SA;168;discharge;Hanna;3000;0;0;falling;16:02:05;2585;17;5;12;5.5332;331.992;NA;
01/09/2023;15:19:00;SA;168;discharge;Hanna;3000;0;0;falling;16:03:05;2645;16;5;11;5.0721;329.6865;NA;
01/09/2023;15:19:00;SA;168;discharge;Hanna;3000;0;0;falling;16:04:10;2710;15;5;10;4.611;391.935;NA;
01/09/2023;15:19:00;SA;168;discharge;Hanna;3000;0;0;falling;16:05:35;2795;14;5;9;4.1499;311.2425;NA;
01/09/2023;15:19:00;SA;168;discharge;Hanna;3000;0;0;falling;16:06:50;2870;13;5;8;3.6888;368.88;NA;
01/09/2023;15:19:00;SA;168;discharge;Hanna;3000;0;0;falling;16:08:30;2970;12;5;7;3.2277;451.878;NA;
01/09/2023;15:19:00;SA;168;discharge;Hanna;3000;0;0;falling;16:10:50;3110;11;5;6;2.7666;373.491;NA;
01/09/2023;15:19:00;SA;168;discharge;Hanna;3000;0;0;falling;16:13:05;3245;10;5;5;2.3055;391.935;NA;
01/09/2023;15:19:00;SA;168;discharge;Hanna;3000;0;0;falling;16:15:55;3415;9;5;4;1.8444;368.88;NA;
01/09/2023;15:19:00;SA;168;discharge;Hanna;3000;0;0;falling;16:19:15;3615;8;5;3;1.3833;387.324;NA;
01/09/2023;15:19:00;SA;168;discharge;Hanna;3000;0;0;falling;16:23:55;3895;7;5;2;0.9222;410.379;NA;
01/09/2023;15:19:00;SA;168;discharge;Hanna;3000;0;0;falling;16:31:20;4340;6;5;1;0.4611;288.1875;NA;
01/09/2023;15:19:00;SA;168;discharge;Hanna;3000;0;0;falling;16:41:45;4965;5;5;0;0;0;NA;
10/10/2023;16:33:00;SR;72;discharge;Hanna;3101;0;0;release;16:33:00;0;519.2;519.2;0;0;0;Active;
10/10/2023;16:33:00;SR;72;discharge;Hanna;3101;0;0;release;16:33:10;10;519.2;519.2;0;0;0;Active;
10/10/2023;16:33:00;SR;72;discharge;Hanna;3101;0;0;release;16:33:20;20;519.2;519.2;0;0;0;Active;
10/10/2023;16:33:00;SR;72;discharge;Hanna;3101;0;0;release;16:33:30;30;519.2;519.2;0;0;0;Active;
10/10/2023;16:33:00;SR;72;discharge;Hanna;3101;0;0;release;16:33:40;40;519.2;519.2;0;0;0;Active;
10/10/2023;16:33:00;SR;72;discharge;Hanna;3101;0;0;release;16:33:50;50;519.2;519.2;0;0;0;Active;
10/10/2023;16:33:00;SR;72;discharge;Hanna;3101;0;0;release;16:34:00;60;519.2;519.2;0;0;0;Active;
10/10/2023;16:33:00;SR;72;discharge;Hanna;3101;0;0;release;16:34:10;70;519.2;519.2;0;0;0;Active;
10/10/2023;16:33:00;SR;72;discharge;Hanna;3101;0;0;release;16:34:20;80;519.2;519.2;0;0;0;Active;
10/10/2023;16:33:00;SR;72;discharge;Hanna;3101;0;0;release;16:34:30;90;519.2;519.2;0;0;0;Active;
10/10/2023;16:33:00;SR;72;discharge;Hanna;3101;0;0;release;16:34:40;100;519.2;519.2;0;0;0;Active;
10/10/2023;16:33:00;SR;72;discharge;Hanna;3101;0;0;release;16:34:50;110;519.2;519.2;0;0;0;Active;
10/10/2023;16:33:00;SR;72;discharge;Hanna;3101;0;0;release;16:35:00;120;519.2;519.2;0;0;0;Active;
10/10/2023;16:33:00;SR;72;discharge;Hanna;3101;0;0;release;16:35:10;130;519.2;519.2;0;0;0;Active;
10/10/2023;16:33:00;SR;72;discharge;Hanna;3101;0;0;release;16:35:20;140;519.2;519.2;0;0;0;Active;
10/10/2023;16:33:00;SR;72;discharge;Hanna;3101;0;0;release;16:35:30;150;519.2;519.2;0;0;0;Active;
10/10/2023;16:33:00;SR;72;discharge;Hanna;3101;0;0;release;16:35:40;160;519.2;519.2;0;0;0;Active;
10/10/2023;16:33:00;SR;72;discharge;Hanna;3101;0;0;release;16:35:50;170;519.2;519.2;0;0;0;Active;
10/10/2023;16:33:00;SR;72;discharge;Hanna;3101;0;0;release;16:36:00;180;519.2;519.2;0;0;0;Active;
10/10/2023;16:33:00;SR;72;discharge;Hanna;3101;0;0;release;16:36:10;190;519.2;519.2;0;0;0;Active;
10/10/2023;16:33:00;SR;72;discharge;Hanna;3101;0;0;release;16:36:20;200;519.2;519.2;0;0;0;Active;
10/10/2023;16:33:00;SR;72;discharge;Hanna;3101;0;0;release;16:36:30;210;519.2;519.2;0;0;0;Active;
10/10/2023;16:33:00;SR;72;discharge;Hanna;3101;0;0;release;16:36:40;220;519.2;519.2;0;0;0;Active;
10/10/2023;16:33:00;SR;72;discharge;Hanna;3101;0;0;release;16:36:50;230;519.2;519.2;0;0;0;Active;
10/10/2023;16:33:00;SR;72;discharge;Hanna;3101;0;0;release;16:37:00;240;519.2;519.2;0;0;0;Active;
10/10/2023;16:33:00;SR;72;discharge;Hanna;3101;0;0;release;16:37:10;250;519.2;519.2;0;0;0;Active;
10/10/2023;16:33:00;SR;72;discharge;Hanna;3101;0;0;release;16:37:20;260;519.2;519.2;0;0;0;Active;
10/10/2023;16:33:00;SR;72;discharge;Hanna;3101;0;0;release;16:37:30;270;519.2;519.2;0;0;0;Active;
10/10/2023;16:33:00;SR;72;discharge;Hanna;3101;0;0;release;16:37:40;280;519.2;519.2;0;0;0;Active;
10/10/2023;16:33:00;SR;72;discharge;Hanna;3101;0;0;release;16:37:50;290;519.2;519.2;0;0;0;Active;
10/10/2023;16:33:00;SR;72;discharge;Hanna;3101;0;0;release;16:38:00;300;519.2;519.2;0;0;0;Active;
10/10/2023;16:33:00;SR;72;discharge;Hanna;3101;0;0;release;16:38:10;310;519.2;519.2;0;0;0;Active;
10/10/2023;16:33:00;SR;72;discharge;Hanna;3101;0;0;release;16:38:20;320;519.2;519.2;0;0;0;Active;
10/10/2023;16:33:00;SR;72;discharge;Hanna;3101;0;0;release;16:38:30;330;519.2;519.2;0;0;0;Active;
10/10/2023;16:33:00;SR;72;discharge;Hanna;3101;0;0;release;16:38:40;340;519.2;519.2;0;0;0;Active;
10/10/2023;16:33:00;SR;72;discharge;Hanna;3101;0;0;release;16:38:50;350;519.2;519.2;0;0;0;Active;
10/10/2023;16:33:00;SR;72;discharge;Hanna;3101;0;0;release;16:39:00;360;519.2;519.2;0;0;0;Active;
10/10/2023;16:33:00;SR;72;discharge;Hanna;3101;0;0;release;16:39:10;370;519.2;519.2;0;0;0;Active;
10/10/2023;16:33:00;SR;72;discharge;Hanna;3101;0;0;rising;16:39:20;380;519.6;519.2;0.4;0.18444;1.8444;Active;
10/10/2023;16:33:00;SR;72;discharge;Hanna;3101;0;0;rising;16:39:30;390;519.6;519.2;0.4;0.18444;1.8444;Active;
10/10/2023;16:33:00;SR;72;discharge;Hanna;3101;0;0;rising;16:39:40;400;519.6;519.2;0.4;0.18444;245.3052;Active;
10/10/2023;16:33:00;SR;72;discharge;Hanna;3101;0;0;rising;17:01:50;1730;525.3;519.2;6.1;2.81271;28.1271;Active;
10/10/2023;16:33:00;SR;72;discharge;Hanna;3101;0;0;rising;17:02:00;1740;527.6;519.2;8.4;3.87324;38.7324;Active;
10/10/2023;16:33:00;SR;72;discharge;Hanna;3101;0;0;rising;17:02:10;1750;530.8;519.2;11.6;5.34876;53.4876;Active;
10/10/2023;16:33:00;SR;72;discharge;Hanna;3101;0;0;rising;17:02:20;1760;533.2;519.2;14;6.4554;64.554;Active;
10/10/2023;16:33:00;SR;72;discharge;Hanna;3101;0;0;rising;17:02:30;1770;536.8;519.2;17.6;8.11536;81.1536;Active;
10/10/2023;16:33:00;SR;72;discharge;Hanna;3101;0;0;rising;17:02:40;1780;541.6;519.2;22.4;10.32864;103.2864;Active;
10/10/2023;16:33:00;SR;72;discharge;Hanna;3101;0;0;rising;17:02:50;1790;543.2;519.2;24;11.0664;110.664;Active;
10/10/2023;16:33:00;SR;72;discharge;Hanna;3101;0;0;rising;17:03:00;1800;546;519.2;26.8;12.35748;123.5748;Active;
10/10/2023;16:33:00;SR;72;discharge;Hanna;3101;0;0;rising;17:03:10;1810;550;519.2;30.8;14.20188;142.0188;Active;
10/10/2023;16:33:00;SR;72;discharge;Hanna;3101;0;0;rising;17:03:20;1820;556.4;519.2;37.2;17.15292;171.5292;Active;
10/10/2023;16:33:00;SR;72;discharge;Hanna;3101;0;0;rising;17:03:30;1830;561.6;519.2;42.4;19.55064;195.5064;Active;
10/10/2023;16:33:00;SR;72;discharge;Hanna;3101;0;0;rising;17:03:40;1840;564.4;519.2;45.2;20.84172;208.4172;Active;
10/10/2023;16:33:00;SR;72;discharge;Hanna;3101;0;0;rising;17:03:50;1850;569.2;519.2;50;23.055;230.55;Active;
10/10/2023;16:33:00;SR;72;discharge;Hanna;3101;0;0;rising;17:04:00;1860;576.8;519.2;57.6;26.55936;265.5936;Active;
10/10/2023;16:33:00;SR;72;discharge;Hanna;3101;0;0;rising;17:04:10;1870;582;519.2;62.8;28.95708;289.5708;Active;
10/10/2023;16:33:00;SR;72;discharge;Hanna;3101;0;0;rising;17:04:20;1880;588;519.2;68.8;31.72368;317.2368;Active;
10/10/2023;16:33:00;SR;72;discharge;Hanna;3101;0;0;rising;17:04:30;1890;594.4;519.2;75.2;34.67472;346.7472;Active;
10/10/2023;16:33:00;SR;72;discharge;Hanna;3101;0;0;rising;17:04:40;1900;596.4;519.2;77.2;35.59692;355.9692;Active;
10/10/2023;16:33:00;SR;72;discharge;Hanna;3101;0;0;rising;17:04:50;1910;550;519.2;30.8;14.20188;142.0188;Active;
10/10/2023;16:33:00;SR;72;discharge;Hanna;3101;0;0;rising;17:05:00;1920;554;519.2;34.8;16.04628;160.4628;Active;
10/10/2023;16:33:00;SR;72;discharge;Hanna;3101;0;0;rising;17:05:10;1930;569.2;519.2;50;23.055;230.55;Active;
10/10/2023;16:33:00;SR;72;discharge;Hanna;3101;0;0;rising;17:05:20;1940;643.8;519.2;124.6;57.45306;574.5306;Active;
10/10/2023;16:33:00;SR;72;discharge;Hanna;3101;0;0;rising;17:05:30;1950;646.7;519.2;127.5;58.79025;587.9025;Active;
10/10/2023;16:33:00;SR;72;discharge;Hanna;3101;0;0;rising;17:05:40;1960;625.7;519.2;106.5;49.10715;491.0715;Active;
10/10/2023;16:33:00;SR;72;discharge;Hanna;3101;0;0;rising;17:05:50;1970;616.5;519.2;97.3;44.86503;448.6503;Active;
10/10/2023;16:33:00;SR;72;discharge;Hanna;3101;0;0;rising;17:06:00;1980;651.9;519.2;132.7;61.18797;611.8797;Active;
10/10/2023;16:33:00;SR;72;discharge;Hanna;3101;0;0;rising;17:06:10;1990;659.9;519.2;140.7;64.87677;648.7677;Active;
10/10/2023;16:33:00;SR;72;discharge;Hanna;3101;0;0;rising;17:06:20;2000;691.4;519.2;172.2;79.40142;794.0142;Active;
10/10/2023;16:33:00;SR;72;discharge;Hanna;3101;0;0;rising;17:06:30;2010;697.9;519.2;178.7;82.39857;823.9857;Active;
10/10/2023;16:33:00;SR;72;discharge;Hanna;3101;0;0;rising;17:06:40;2020;709.6;519.2;190.4;87.79344;877.9344;Active;
10/10/2023;16:33:00;SR;72;discharge;Hanna;3101;0;0;rising;17:06:50;2030;716.5;519.2;197.3;90.97503;909.7503;Active;
10/10/2023;16:33:00;SR;72;discharge;Hanna;3101;0;0;rising;17:07:00;2040;740.4;519.2;221.2;101.99532;1019.9532;Active;
10/10/2023;16:33:00;SR;72;discharge;Hanna;3101;0;0;rising;17:07:10;2050;756.6;519.2;237.4;109.46514;1094.6514;Active;
10/10/2023;16:33:00;SR;72;discharge;Hanna;3101;0;0;rising;17:07:20;2060;779.7;519.2;260.5;120.11655;1201.1655;Active;
10/10/2023;16:33:00;SR;72;discharge;Hanna;3101;0;0;rising;17:07:30;2070;793.9;519.2;274.7;126.66417;1266.6417;Active;
10/10/2023;16:33:00;SR;72;discharge;Hanna;3101;0;0;rising;17:07:40;2080;799.6;519.2;280.4;129.29244;1292.9244;Active;
10/10/2023;16:33:00;SR;72;discharge;Hanna;3101;0;0;rising;17:07:50;2090;816.3;519.2;297.1;136.99281;1369.9281;Active;
10/10/2023;16:33:00;SR;72;discharge;Hanna;3101;0;0;rising;17:08:00;2100;830.2;519.2;311;143.4021;1434.021;Active;
10/10/2023;16:33:00;SR;72;discharge;Hanna;3101;0;0;rising;17:08:10;2110;849.4;519.2;330.2;152.25522;1522.5522;Active;
10/10/2023;16:33:00;SR;72;discharge;Hanna;3101;0;0;rising;17:08:20;2120;861.6;519.2;342.4;157.88064;1578.8064;Active;
10/10/2023;16:33:00;SR;72;discharge;Hanna;3101;0;0;rising;17:08:30;2130;874.3;519.2;355.1;163.73661;1637.3661;Active;
10/10/2023;16:33:00;SR;72;discharge;Hanna;3101;0;0;rising;17:08:40;2140;886.5;519.2;367.3;169.36203;1693.6203;Active;
10/10/2023;16:33:00;SR;72;discharge;Hanna;3101;0;0;rising;17:08:50;2150;899.6;519.2;380.4;175.40244;1754.0244;Active;
10/10/2023;16:33:00;SR;72;discharge;Hanna;3101;0;0;rising;17:09:00;2160;908.6;519.2;389.4;179.55234;1795.5234;Active;
10/10/2023;16:33:00;SR;72;discharge;Hanna;3101;0;0;rising;17:09:10;2170;921.7;519.2;402.5;185.59275;1855.9275;Active;
10/10/2023;16:33:00;SR;72;discharge;Hanna;3101;0;0;rising;17:09:20;2180;932.8;519.2;413.6;190.71096;1907.1096;Active;
10/10/2023;16:33:00;SR;72;discharge;Hanna;3101;0;0;rising;17:09:30;2190;962;519.2;442.8;204.17508;2041.7508;Active;
10/10/2023;16:33:00;SR;72;discharge;Hanna;3101;0;0;rising;17:09:40;2200;987.1;519.2;467.9;215.74869;2157.4869;Active;
10/10/2023;16:33:00;SR;72;discharge;Hanna;3101;0;0;rising;17:09:50;2210;992.4;519.2;473.2;218.19252;2181.9252;Active;
10/10/2023;16:33:00;SR;72;discharge;Hanna;3101;0;0;rising;17:10:00;2220;999.8;519.2;480.6;221.60466;2216.0466;Active;
10/10/2023;16:33:00;SR;72;discharge;Hanna;3101;0;0;rising;17:10:10;2230;1012.2;519.2;493;227.3223;2273.223;Active;
10/10/2023;16:33:00;SR;72;discharge;Hanna;3101;0;0;rising;17:10:20;2240;1021.6;519.2;502.4;231.65664;2316.5664;Active;
10/10/2023;16:33:00;SR;72;discharge;Hanna;3101;0;0;rising;17:10:30;2250;1031.9;519.2;512.7;236.40597;2364.0597;Active;
10/10/2023;16:33:00;SR;72;discharge;Hanna;3101;0;0;rising;17:10:40;2260;1045.6;519.2;526.4;242.72304;2427.2304;Active;
10/10/2023;16:33:00;SR;72;discharge;Hanna;3101;0;0;rising;17:10:50;2270;1052.2;519.2;533;245.7663;2457.663;Active;
10/10/2023;16:33:00;SR;72;discharge;Hanna;3101;0;0;rising;17:11:00;2280;1068.3;519.2;549.1;253.19001;2531.9001;Active;
10/10/2023;16:33:00;SR;72;discharge;Hanna;3101;0;0;rising;17:11:10;2290;1094.3;519.2;575.1;265.17861;2651.7861;Active;
10/10/2023;16:33:00;SR;72;discharge;Hanna;3101;0;0;rising;17:11:20;2300;1105.5;519.2;586.3;270.34293;2703.4293;Active;
10/10/2023;16:33:00;SR;72;discharge;Hanna;3101;0;0;rising;17:11:30;2310;1107.2;519.2;588;271.1268;2711.268;Active;
10/10/2023;16:33:00;SR;72;discharge;Hanna;3101;0;0;rising;17:11:40;2320;1125.4;519.2;606.2;279.51882;2795.1882;Active;
10/10/2023;16:33:00;SR;72;discharge;Hanna;3101;0;0;rising;17:11:50;2330;1133.3;519.2;614.1;283.16151;2831.6151;Active;
10/10/2023;16:33:00;SR;72;discharge;Hanna;3101;0;0;rising;17:12:00;2340;1142.4;519.2;623.2;287.35752;2873.5752;Active;
10/10/2023;16:33:00;SR;72;discharge;Hanna;3101;0;0;rising;17:12:10;2350;1149.9;519.2;630.7;290.81577;2908.1577;Active;
10/10/2023;16:33:00;SR;72;discharge;Hanna;3101;0;0;rising;17:12:20;2360;1153.2;519.2;634;292.3374;2923.374;Active;
10/10/2023;16:33:00;SR;72;discharge;Hanna;3101;0;0;rising;17:12:30;2370;1152.8;519.2;633.6;292.15296;2921.5296;Active;
10/10/2023;16:33:00;SR;72;discharge;Hanna;3101;0;0;rising;17:12:40;2380;1161.5;519.2;642.3;296.16453;2961.6453;Active;
10/10/2023;16:33:00;SR;72;discharge;Hanna;3101;0;0;rising;17:12:50;2390;1171.1;519.2;651.9;300.59109;3005.9109;Active;
10/10/2023;16:33:00;SR;72;discharge;Hanna;3101;0;0;rising;17:13:00;2400;1183.9;519.2;664.7;306.49317;3064.9317;Active;
10/10/2023;16:33:00;SR;72;discharge;Hanna;3101;0;0;rising;17:13:10;2410;1191;519.2;671.8;309.76698;3097.6698;Active;
10/10/2023;16:33:00;SR;72;discharge;Hanna;3101;0;0;rising;17:13:20;2420;1228.5;519.2;709.3;327.05823;3270.5823;Active;
10/10/2023;16:33:00;SR;72;discharge;Hanna;3101;0;0;rising;17:13:30;2430;1234.7;519.2;715.5;329.91705;3299.1705;Active;
10/10/2023;16:33:00;SR;72;discharge;Hanna;3101;0;0;rising;17:13:40;2440;1239.7;519.2;720.5;332.22255;3322.2255;Active;
10/10/2023;16:33:00;SR;72;discharge;Hanna;3101;0;0;rising;17:13:50;2450;1229.7;519.2;710.5;327.61155;3276.1155;Active;
10/10/2023;16:33:00;SR;72;discharge;Hanna;3101;0;0;rising;17:14:00;2460;1237.2;519.2;718;331.0698;3310.698;Active;
10/10/2023;16:33:00;SR;72;discharge;Hanna;3101;0;0;rising;17:14:10;2470;1225.1;519.2;705.9;325.49049;3254.9049;Active;
10/10/2023;16:33:00;SR;72;discharge;Hanna;3101;0;0;rising;17:14:20;2480;1252.2;519.2;733;337.9863;3379.863;Active;
10/10/2023;16:33:00;SR;72;discharge;Hanna;3101;0;0;rising;17:14:30;2490;1255.6;519.2;736.4;339.55404;3395.5404;Active;
10/10/2023;16:33:00;SR;72;discharge;Hanna;3101;0;0;rising;17:14:40;2500;1257.2;519.2;738;340.2918;3402.918;Active;
10/10/2023;16:33:00;SR;72;discharge;Hanna;3101;0;0;rising;17:14:50;2510;1261.4;519.2;742.2;342.22842;3422.2842;Active;
10/10/2023;16:33:00;SR;72;discharge;Hanna;3101;0;0;rising;17:15:00;2520;1265.2;519.2;746;343.9806;3439.806;Active;
10/10/2023;16:33:00;SR;72;discharge;Hanna;3101;0;0;rising;17:15:10;2530;1264.3;519.2;745.1;343.56561;3435.6561;Active;
10/10/2023;16:33:00;SR;72;discharge;Hanna;3101;0;0;rising;17:15:20;2540;1269.4;519.2;750.2;345.91722;3459.1722;Active;
10/10/2023;16:33:00;SR;72;discharge;Hanna;3101;0;0;rising;17:15:30;2550;1271;519.2;751.8;346.65498;3466.5498;Active;
10/10/2023;16:33:00;SR;72;discharge;Hanna;3101;0;0;rising;17:15:40;2560;1276.9;519.2;757.7;349.37547;3493.7547;Active;
10/10/2023;16:33:00;SR;72;discharge;Hanna;3101;0;0;rising;17:15:50;2570;1270.6;519.2;751.4;346.47054;3464.7054;Active;
10/10/2023;16:33:00;SR;72;discharge;Hanna;3101;0;0;rising;17:16:00;2580;1278.5;519.2;759.3;350.11323;3501.1323;Active;
10/10/2023;16:33:00;SR;72;discharge;Hanna;3101;0;0;falling;17:16:10;2590;1259.3;519.2;740.1;341.26011;3412.6011;Active;
10/10/2023;16:33:00;SR;72;discharge;Hanna;3101;0;0;falling;17:16:20;2600;1260.6;519.2;741.4;341.85954;3418.5954;Active;
10/10/2023;16:33:00;SR;72;discharge;Hanna;3101;0;0;falling;17:16:30;2610;1260.6;519.2;741.4;341.85954;3418.5954;Active;
10/10/2023;16:33:00;SR;72;discharge;Hanna;3101;0;0;falling;17:16:40;2620;1260.2;519.2;741;341.6751;3416.751;Active;
10/10/2023;16:33:00;SR;72;discharge;Hanna;3101;0;0;falling;17:16:50;2630;1256.4;519.2;737.2;339.92292;3399.2292;Active;
10/10/2023;16:33:00;SR;72;discharge;Hanna;3101;0;0;falling;17:17:00;2640;1256.4;519.2;737.2;339.92292;3399.2292;Active;
10/10/2023;16:33:00;SR;72;discharge;Hanna;3101;0;0;falling;17:17:10;2650;1265.2;519.2;746;343.9806;3439.806;Active;
10/10/2023;16:33:00;SR;72;discharge;Hanna;3101;0;0;falling;17:17:20;2660;1259.3;519.2;740.1;341.26011;3412.6011;Active;
10/10/2023;16:33:00;SR;72;discharge;Hanna;3101;0;0;falling;17:17:30;2670;1255.2;519.2;736;339.3696;3393.696;Active;
10/10/2023;16:33:00;SR;72;discharge;Hanna;3101;0;0;falling;17:17:40;2680;1248.5;519.2;729.3;336.28023;3362.8023;Active;
10/10/2023;16:33:00;SR;72;discharge;Hanna;3101;0;0;falling;17:17:50;2690;1245.6;519.2;726.4;334.94304;3349.4304;Active;
10/10/2023;16:33:00;SR;72;discharge;Hanna;3101;0;0;falling;17:18:00;2700;1246;519.2;726.8;335.12748;3351.2748;Active;
10/10/2023;16:33:00;SR;72;discharge;Hanna;3101;0;0;falling;17:18:10;2710;1250.2;519.2;731;337.0641;3370.641;Active;
10/10/2023;16:33:00;SR;72;discharge;Hanna;3101;0;0;falling;17:18:20;2720;1247.3;519.2;728.1;335.72691;3357.2691;Active;
10/10/2023;16:33:00;SR;72;discharge;Hanna;3101;0;0;falling;17:18:30;2730;1244.3;519.2;725.1;334.34361;3343.4361;Active;
10/10/2023;16:33:00;SR;72;discharge;Hanna;3101;0;0;falling;17:18:40;2740;1242.3;519.2;723.1;333.42141;3334.2141;Active;
10/10/2023;16:33:00;SR;72;discharge;Hanna;3101;0;0;falling;17:18:50;2750;1240.6;519.2;721.4;332.63754;3326.3754;Active;
10/10/2023;16:33:00;SR;72;discharge;Hanna;3101;0;0;falling;17:19:00;2760;1237.3;519.2;718.1;331.11591;3311.1591;Active;
10/10/2023;16:33:00;SR;72;discharge;Hanna;3101;0;0;falling;17:19:10;2770;1233.9;519.2;714.7;329.54817;3295.4817;Active;
10/10/2023;16:33:00;SR;72;discharge;Hanna;3101;0;0;falling;17:19:20;2780;1231;519.2;711.8;328.21098;3282.1098;Active;
10/10/2023;16:33:00;SR;72;discharge;Hanna;3101;0;0;falling;17:19:30;2790;1225.6;519.2;706.4;325.72104;3257.2104;Active;
10/10/2023;16:33:00;SR;72;discharge;Hanna;3101;0;0;falling;17:19:40;2800;1221;519.2;701.8;323.59998;3235.9998;Active;
10/10/2023;16:33:00;SR;72;discharge;Hanna;3101;0;0;falling;17:19:50;2810;1220.2;519.2;701;323.2311;3232.311;Active;
10/10/2023;16:33:00;SR;72;discharge;Hanna;3101;0;0;falling;17:20:00;2820;1217.7;519.2;698.5;322.07835;3220.7835;Active;
10/10/2023;16:33:00;SR;72;discharge;Hanna;3101;0;0;falling;17:20:10;2830;1209.8;519.2;690.6;318.43566;3184.3566;Active;
10/10/2023;16:33:00;SR;72;discharge;Hanna;3101;0;0;falling;17:20:20;2840;1205.6;519.2;686.4;316.49904;3164.9904;Active;
10/10/2023;16:33:00;SR;72;discharge;Hanna;3101;0;0;falling;17:20:30;2850;1198.5;519.2;679.3;313.22523;3132.2523;Active;
10/10/2023;16:33:00;SR;72;discharge;Hanna;3101;0;0;falling;17:20:40;2860;1195.2;519.2;676;311.7036;3117.036;Active;
10/10/2023;16:33:00;SR;72;discharge;Hanna;3101;0;0;falling;17:20:50;2870;1190.2;519.2;671;309.3981;3093.981;Active;
10/10/2023;16:33:00;SR;72;discharge;Hanna;3101;0;0;falling;17:21:00;2880;1186.1;519.2;666.9;307.50759;3075.0759;Active;
10/10/2023;16:33:00;SR;72;discharge;Hanna;3101;0;0;falling;17:21:10;2890;1177.8;519.2;658.6;303.68046;3036.8046;Active;
10/10/2023;16:33:00;SR;72;discharge;Hanna;3101;0;0;falling;17:21:20;2900;1171.9;519.2;652.7;300.95997;3009.5997;Active;
10/10/2023;16:33:00;SR;72;discharge;Hanna;3101;0;0;falling;17:21:30;2910;1169;519.2;649.8;299.62278;2996.2278;Active;
10/10/2023;16:33:00;SR;72;discharge;Hanna;3101;0;0;falling;17:21:40;2920;1162.4;519.2;643.2;296.57952;2965.7952;Active;
10/10/2023;16:33:00;SR;72;discharge;Hanna;3101;0;0;falling;17:21:50;2930;1155.3;519.2;636.1;293.30571;2933.0571;Active;
10/10/2023;16:33:00;SR;72;discharge;Hanna;3101;0;0;falling;17:22:00;2940;1147.4;519.2;628.2;289.66302;2896.6302;Active;
10/10/2023;16:33:00;SR;72;discharge;Hanna;3101;0;0;falling;17:22:10;2950;1145.8;519.2;626.6;288.92526;2889.2526;Active;
10/10/2023;16:33:00;SR;72;discharge;Hanna;3101;0;0;falling;17:22:20;2960;1142;519.2;622.8;287.17308;2871.7308;Active;
10/10/2023;16:33:00;SR;72;discharge;Hanna;3101;0;0;falling;17:22:30;2970;1134.2;519.2;615;283.5765;2835.765;Active;
10/10/2023;16:33:00;SR;72;discharge;Hanna;3101;0;0;falling;17:22:40;2980;1127.5;519.2;608.3;280.48713;2804.8713;Active;
10/10/2023;16:33:00;SR;72;discharge;Hanna;3101;0;0;falling;17:22:50;2990;1124.6;519.2;605.4;279.14994;2791.4994;Active;
10/10/2023;16:33:00;SR;72;discharge;Hanna;3101;0;0;falling;17:23:00;3000;1115.5;519.2;596.3;274.95393;2749.5393;Active;
10/10/2023;16:33:00;SR;72;discharge;Hanna;3101;0;0;falling;17:23:10;3010;1109.3;519.2;590.1;272.09511;2720.9511;Active;
10/10/2023;16:33:00;SR;72;discharge;Hanna;3101;0;0;falling;17:23:20;3020;1104.7;519.2;585.5;269.97405;2699.7405;Active;
10/10/2023;16:33:00;SR;72;discharge;Hanna;3101;0;0;falling;17:23:30;3030;1108.5;519.2;589.3;271.72623;2717.2623;Active;
10/10/2023;16:33:00;SR;72;discharge;Hanna;3101;0;0;falling;17:23:40;3040;1101;519.2;581.8;268.26798;2682.6798;Active;
10/10/2023;16:33:00;SR;72;discharge;Hanna;3101;0;0;falling;17:23:50;3050;1088.6;519.2;569.4;262.55034;2625.5034;Active;
10/10/2023;16:33:00;SR;72;discharge;Hanna;3101;0;0;falling;17:24:00;3060;1082.4;519.2;563.2;259.69152;2596.9152;Active;
10/10/2023;16:33:00;SR;72;discharge;Hanna;3101;0;0;falling;17:24:10;3070;1072.5;519.2;553.3;255.12663;2551.2663;Active;
10/10/2023;16:33:00;SR;72;discharge;Hanna;3101;0;0;falling;17:24:20;3080;1065;519.2;545.8;251.66838;2516.6838;Active;
10/10/2023;16:33:00;SR;72;discharge;Hanna;3101;0;0;falling;17:24:30;3090;1063.8;519.2;544.6;251.11506;2511.1506;Active;
10/10/2023;16:33:00;SR;72;discharge;Hanna;3101;0;0;falling;17:24:40;3100;1063.4;519.2;544.2;250.93062;2509.3062;Active;
10/10/2023;16:33:00;SR;72;discharge;Hanna;3101;0;0;falling;17:24:50;3110;1058.4;519.2;539.2;248.62512;2486.2512;Active;
10/10/2023;16:33:00;SR;72;discharge;Hanna;3101;0;0;falling;17:25:00;3120;1055.9;519.2;536.7;247.47237;2474.7237;Active;
10/10/2023;16:33:00;SR;72;discharge;Hanna;3101;0;0;falling;17:25:10;3130;1052.2;519.2;533;245.7663;2457.663;Active;
10/10/2023;16:33:00;SR;72;discharge;Hanna;3101;0;0;falling;17:25:20;3140;1049.8;519.2;530.6;244.65966;2446.5966;Active;
10/10/2023;16:33:00;SR;72;discharge;Hanna;3101;0;0;falling;17:25:30;3150;1046.5;519.2;527.3;243.13803;2431.3803;Active;
10/10/2023;16:33:00;SR;72;discharge;Hanna;3101;0;0;falling;17:25:40;3160;1038.2;519.2;519;239.3109;2393.109;Active;
10/10/2023;16:33:00;SR;72;discharge;Hanna;3101;0;0;falling;17:25:50;3170;1032;519.2;512.8;236.45208;2364.5208;Active;
10/10/2023;16:33:00;SR;72;discharge;Hanna;3101;0;0;falling;17:26:00;3180;1026.2;519.2;507;233.7777;2337.777;Active;
10/10/2023;16:33:00;SR;72;discharge;Hanna;3101;0;0;falling;17:26:10;3190;1021.3;519.2;502.1;231.51831;2315.1831;Active;
10/10/2023;16:33:00;SR;72;discharge;Hanna;3101;0;0;falling;17:26:20;3200;1011.8;519.2;492.6;227.13786;2271.3786;Active;
10/10/2023;16:33:00;SR;72;discharge;Hanna;3101;0;0;falling;17:26:30;3210;1009.8;519.2;490.6;226.21566;2262.1566;Active;
10/10/2023;16:33:00;SR;72;discharge;Hanna;3101;0;0;falling;17:26:40;3220;1005.2;519.2;486;224.0946;2240.946;Active;
10/10/2023;16:33:00;SR;72;discharge;Hanna;3101;0;0;falling;17:26:50;3230;999.9;519.2;480.7;221.65077;2216.5077;Active;
10/10/2023;16:33:00;SR;72;discharge;Hanna;3101;0;0;falling;17:27:00;3240;990;519.2;470.8;217.08588;2170.8588;Active;
10/10/2023;16:33:00;SR;72;discharge;Hanna;3101;0;0;falling;17:27:10;3250;986.7;519.2;467.5;215.56425;2155.6425;Active;
10/10/2023;16:33:00;SR;72;discharge;Hanna;3101;0;0;falling;17:27:20;3260;983.4;519.2;464.2;214.04262;2140.4262;Active;
10/10/2023;16:33:00;SR;72;discharge;Hanna;3101;0;0;falling;17:27:30;3270;974.4;519.2;455.2;209.89272;2098.9272;Active;
10/10/2023;16:33:00;SR;72;discharge;Hanna;3101;0;0;falling;17:27:40;3280;970.7;519.2;451.5;208.18665;2081.8665;Active;
10/10/2023;16:33:00;SR;72;discharge;Hanna;3101;0;0;falling;17:27:50;3290;967.8;519.2;448.6;206.84946;2068.4946;Active;
10/10/2023;16:33:00;SR;72;discharge;Hanna;3101;0;0;falling;17:28:00;3300;962.8;519.2;443.6;204.54396;2045.4396;Active;
10/10/2023;16:33:00;SR;72;discharge;Hanna;3101;0;0;falling;17:28:10;3310;962.9;519.2;443.7;204.59007;2045.9007;Active;
10/10/2023;16:33:00;SR;72;discharge;Hanna;3101;0;0;falling;17:28:20;3320;955.1;519.2;435.9;200.99349;2009.9349;Active;
10/10/2023;16:33:00;SR;72;discharge;Hanna;3101;0;0;falling;17:28:30;3330;948.1;519.2;428.9;197.76579;1977.6579;Active;
10/10/2023;16:33:00;SR;72;discharge;Hanna;3101;0;0;falling;17:28:40;3340;942.3;519.2;423.1;195.09141;1950.9141;Active;
10/10/2023;16:33:00;SR;72;discharge;Hanna;3101;0;0;falling;17:28:50;3350;939;519.2;419.8;193.56978;1935.6978;Active;
10/10/2023;16:33:00;SR;72;discharge;Hanna;3101;0;0;falling;17:29:00;3360;931.2;519.2;412;189.9732;1899.732;Active;
10/10/2023;16:33:00;SR;72;discharge;Hanna;3101;0;0;falling;17:29:10;3370;926.7;519.2;407.5;187.89825;1878.9825;Active;
10/10/2023;16:33:00;SR;72;discharge;Hanna;3101;0;0;falling;17:29:20;3380;921.8;519.2;402.6;185.63886;1856.3886;Active;
10/10/2023;16:33:00;SR;72;discharge;Hanna;3101;0;0;falling;17:29:30;3390;916.9;519.2;397.7;183.37947;1833.7947;Active;
10/10/2023;16:33:00;SR;72;discharge;Hanna;3101;0;0;falling;17:29:40;3400;912.8;519.2;393.6;181.48896;1814.8896;Active;
10/10/2023;16:33:00;SR;72;discharge;Hanna;3101;0;0;falling;17:29:50;3410;908.7;519.2;389.5;179.59845;1795.9845;Active;
10/10/2023;16:33:00;SR;72;discharge;Hanna;3101;0;0;falling;17:30:00;3420;904.2;519.2;385;177.5235;1775.235;Active;
10/10/2023;16:33:00;SR;72;discharge;Hanna;3101;0;0;falling;17:30:10;3430;902.2;519.2;383;176.6013;1766.013;Active;
10/10/2023;16:33:00;SR;72;discharge;Hanna;3101;0;0;falling;17:30:20;3440;899.7;519.2;380.5;175.44855;1754.4855;Active;
10/10/2023;16:33:00;SR;72;discharge;Hanna;3101;0;0;falling;17:30:30;3450;894;519.2;374.8;172.82028;1728.2028;Active;
10/10/2023;16:33:00;SR;72;discharge;Hanna;3101;0;0;falling;17:30:40;3460;887.8;519.2;368.6;169.96146;1699.6146;Active;
10/10/2023;16:33:00;SR;72;discharge;Hanna;3101;0;0;falling;17:30:50;3470;885.4;519.2;366.2;168.85482;1688.5482;Active;
10/10/2023;16:33:00;SR;72;discharge;Hanna;3101;0;0;falling;17:31:00;3480;882.1;519.2;362.9;167.33319;1673.3319;Active;
10/10/2023;16:33:00;SR;72;discharge;Hanna;3101;0;0;falling;17:31:10;3490;875.2;519.2;356;164.1516;1641.516;Active;
10/10/2023;16:33:00;SR;72;discharge;Hanna;3101;0;0;falling;17:31:20;3500;869.8;519.2;350.6;161.66166;1616.6166;Active;
10/10/2023;16:33:00;SR;72;discharge;Hanna;3101;0;0;falling;17:31:30;3510;864.9;519.2;345.7;159.40227;1594.0227;Active;
10/10/2023;16:33:00;SR;72;discharge;Hanna;3101;0;0;falling;17:31:40;3520;865.3;519.2;346.1;159.58671;1595.8671;Active;
10/10/2023;16:33:00;SR;72;discharge;Hanna;3101;0;0;falling;17:31:50;3530;861.3;519.2;342.1;157.74231;1577.4231;Active;
10/10/2023;16:33:00;SR;72;discharge;Hanna;3101;0;0;falling;17:32:00;3540;853.5;519.2;334.3;154.14573;1541.4573;Active;
10/10/2023;16:33:00;SR;72;discharge;Hanna;3101;0;0;falling;17:32:10;3550;847.4;519.2;328.2;151.33302;1513.3302;Active;
10/10/2023;16:33:00;SR;72;discharge;Hanna;3101;0;0;falling;17:32:20;3560;842.9;519.2;323.7;149.25807;1492.5807;Active;
10/10/2023;16:33:00;SR;72;discharge;Hanna;3101;0;0;falling;17:32:30;3570;840.9;519.2;321.7;148.33587;1483.3587;Active;
10/10/2023;16:33:00;SR;72;discharge;Hanna;3101;0;0;falling;17:32:40;3580;837.6;519.2;318.4;146.81424;1468.1424;Active;
10/10/2023;16:33:00;SR;72;discharge;Hanna;3101;0;0;falling;17:32:50;3590;834.7;519.2;315.5;145.47705;1454.7705;Active;
10/10/2023;16:33:00;SR;72;discharge;Hanna;3101;0;0;falling;17:33:00;3600;829.9;519.2;310.7;143.26377;1432.6377;Active;
10/10/2023;16:33:00;SR;72;discharge;Hanna;3101;0;0;falling;17:33:10;3610;825;519.2;305.8;141.00438;1410.0438;Active;
10/10/2023;16:33:00;SR;72;discharge;Hanna;3101;0;0;falling;17:33:20;3620;822.5;519.2;303.3;139.85163;1398.5163;Active;
10/10/2023;16:33:00;SR;72;discharge;Hanna;3101;0;0;falling;17:33:30;3630;818.4;519.2;299.2;137.96112;1379.6112;Active;
10/10/2023;16:33:00;SR;72;discharge;Hanna;3101;0;0;falling;17:33:40;3640;811.9;519.2;292.7;134.96397;1349.6397;Active;
10/10/2023;16:33:00;SR;72;discharge;Hanna;3101;0;0;falling;17:33:50;3650;808.7;519.2;289.5;133.48845;1334.8845;Active;
10/10/2023;16:33:00;SR;72;discharge;Hanna;3101;0;0;falling;17:34:00;3660;805.4;519.2;286.2;131.96682;1319.6682;Active;
10/10/2023;16:33:00;SR;72;discharge;Hanna;3101;0;0;falling;17:34:10;3670;807;519.2;287.8;132.70458;1327.0458;Active;
10/10/2023;16:33:00;SR;72;discharge;Hanna;3101;0;0;falling;17:34:20;3680;804.2;519.2;285;131.4135;1314.135;Active;
10/10/2023;16:33:00;SR;72;discharge;Hanna;3101;0;0;falling;17:34:30;3690;800.1;519.2;280.9;129.52299;1295.2299;Active;
10/10/2023;16:33:00;SR;72;discharge;Hanna;3101;0;0;falling;17:34:40;3700;797.7;519.2;278.5;128.41635;1284.1635;Active;
10/10/2023;16:33:00;SR;72;discharge;Hanna;3101;0;0;falling;17:34:50;3710;793.6;519.2;274.4;126.52584;1265.2584;Active;
10/10/2023;16:33:00;SR;72;discharge;Hanna;3101;0;0;falling;17:35:00;3720;792;519.2;272.8;125.78808;1257.8808;Active;
10/10/2023;16:33:00;SR;72;discharge;Hanna;3101;0;0;falling;17:35:10;3730;789.5;519.2;270.3;124.63533;1246.3533;Active;
10/10/2023;16:33:00;SR;72;discharge;Hanna;3101;0;0;falling;17:35:20;3740;787.1;519.2;267.9;123.52869;1235.2869;Active;
10/10/2023;16:33:00;SR;72;discharge;Hanna;3101;0;0;falling;17:35:30;3750;782.6;519.2;263.4;121.45374;1214.5374;Active;
10/10/2023;16:33:00;SR;72;discharge;Hanna;3101;0;0;falling;17:35:40;3760;779;519.2;259.8;119.79378;1197.9378;Active;
10/10/2023;16:33:00;SR;72;discharge;Hanna;3101;0;0;falling;17:35:50;3770;777.8;519.2;258.6;119.24046;1192.4046;Active;
10/10/2023;16:33:00;SR;72;discharge;Hanna;3101;0;0;falling;17:36:00;3780;774.5;519.2;255.3;117.71883;1177.1883;Active;
10/10/2023;16:33:00;SR;72;discharge;Hanna;3101;0;0;falling;17:36:10;3790;773.3;519.2;254.1;117.16551;1171.6551;Active;
10/10/2023;16:33:00;SR;72;discharge;Hanna;3101;0;0;falling;17:36:20;3800;775.3;519.2;256.1;118.08771;1180.8771;Active;
10/10/2023;16:33:00;SR;72;discharge;Hanna;3101;0;0;falling;17:36:30;3810;773.3;519.2;254.1;117.16551;1171.6551;Active;
10/10/2023;16:33:00;SR;72;discharge;Hanna;3101;0;0;falling;17:36:40;3820;771.3;519.2;252.1;116.24331;1162.4331;Active;
10/10/2023;16:33:00;SR;72;discharge;Hanna;3101;0;0;falling;17:36:50;3830;769.2;519.2;250;115.275;1152.75;Active;
10/10/2023;16:33:00;SR;72;discharge;Hanna;3101;0;0;falling;17:37:00;3840;767.2;519.2;248;114.3528;1143.528;Active;
10/10/2023;16:33:00;SR;72;discharge;Hanna;3101;0;0;falling;17:37:10;3850;764.8;519.2;245.6;113.24616;1132.4616;Active;
10/10/2023;16:33:00;SR;72;discharge;Hanna;3101;0;0;falling;17:37:20;3860;764.8;519.2;245.6;113.24616;1132.4616;Active;
10/10/2023;16:33:00;SR;72;discharge;Hanna;3101;0;0;falling;17:37:30;3870;761.5;519.2;242.3;111.72453;1117.2453;Active;
10/10/2023;16:33:00;SR;72;discharge;Hanna;3101;0;0;falling;17:37:40;3880;757.9;519.2;238.7;110.06457;1100.6457;Active;
10/10/2023;16:33:00;SR;72;discharge;Hanna;3101;0;0;falling;17:37:50;3890;755;519.2;235.8;108.72738;1087.2738;Active;
10/10/2023;16:33:00;SR;72;discharge;Hanna;3101;0;0;falling;17:38:00;3900;754.2;519.2;235;108.3585;1083.585;Active;
10/10/2023;16:33:00;SR;72;discharge;Hanna;3101;0;0;falling;17:38:10;3910;753.8;519.2;234.6;108.17406;1081.7406;Active;
10/10/2023;16:33:00;SR;72;discharge;Hanna;3101;0;0;falling;17:38:20;3920;749;519.2;229.8;105.96078;1059.6078;Active;
10/10/2023;16:33:00;SR;72;discharge;Hanna;3101;0;0;falling;17:38:30;3930;746.1;519.2;226.9;104.62359;1046.2359;Active;
10/10/2023;16:33:00;SR;72;discharge;Hanna;3101;0;0;falling;17:38:40;3940;744.1;519.2;224.9;103.70139;1037.0139;Active;
10/10/2023;16:33:00;SR;72;discharge;Hanna;3101;0;0;falling;17:38:50;3950;743.7;519.2;224.5;103.51695;1035.1695;Active;
10/10/2023;16:33:00;SR;72;discharge;Hanna;3101;0;0;falling;17:39:00;3960;739.6;519.2;220.4;101.62644;1016.2644;Active;
10/10/2023;16:33:00;SR;72;discharge;Hanna;3101;0;0;falling;17:39:10;3970;737.6;519.2;218.4;100.70424;1007.0424;Active;
10/10/2023;16:33:00;SR;72;discharge;Hanna;3101;0;0;falling;17:39:20;3980;737.6;519.2;218.4;100.70424;1007.0424;Active;
10/10/2023;16:33:00;SR;72;discharge;Hanna;3101;0;0;falling;17:39:30;3990;734;519.2;214.8;99.04428;990.4428;Active;
10/10/2023;16:33:00;SR;72;discharge;Hanna;3101;0;0;falling;17:39:40;4000;731.9;519.2;212.7;98.07597;980.7597;Active;
10/10/2023;16:33:00;SR;72;discharge;Hanna;3101;0;0;falling;17:39:50;4010;728.7;519.2;209.5;96.60045;966.0045;Active;
10/10/2023;16:33:00;SR;72;discharge;Hanna;3101;0;0;falling;17:40:00;4020;725.9;519.2;206.7;95.30937;953.0937;Active;
10/10/2023;16:33:00;SR;72;discharge;Hanna;3101;0;0;falling;17:40:10;4030;723.4;519.2;204.2;94.15662;941.5662;Active;
10/10/2023;16:33:00;SR;72;discharge;Hanna;3101;0;0;falling;17:40:20;4040;722.2;519.2;203;93.6033;936.033;Active;
10/10/2023;16:33:00;SR;72;discharge;Hanna;3101;0;0;falling;17:40:30;4050;719.8;519.2;200.6;92.49666;924.9666;Active;
10/10/2023;16:33:00;SR;72;discharge;Hanna;3101;0;0;falling;17:40:40;4060;717.8;519.2;198.6;91.57446;915.7446;Active;
10/10/2023;16:33:00;SR;72;discharge;Hanna;3101;0;0;falling;17:40:50;4070;715.7;519.2;196.5;90.60615;906.0615;Active;
10/10/2023;16:33:00;SR;72;discharge;Hanna;3101;0;0;falling;17:41:00;4080;712.1;519.2;192.9;88.94619;889.4619;Active;
10/10/2023;16:33:00;SR;72;discharge;Hanna;3101;0;0;falling;17:41:10;4090;711.3;519.2;192.1;88.57731;885.7731;Active;
10/10/2023;16:33:00;SR;72;discharge;Hanna;3101;0;0;falling;17:41:20;4100;709.7;519.2;190.5;87.83955;878.3955;Active;
10/10/2023;16:33:00;SR;72;discharge;Hanna;3101;0;0;falling;17:41:30;4110;707.3;519.2;188.1;86.73291;867.3291;Active;
10/10/2023;16:33:00;SR;72;discharge;Hanna;3101;0;0;falling;17:41:40;4120;705.6;519.2;186.4;85.94904;859.4904;Active;
10/10/2023;16:33:00;SR;72;discharge;Hanna;3101;0;0;falling;17:41:50;4130;702.8;519.2;183.6;84.65796;846.5796;Active;
10/10/2023;16:33:00;SR;72;discharge;Hanna;3101;0;0;falling;17:42:00;4140;701.6;519.2;182.4;84.10464;841.0464;Active;
10/10/2023;16:33:00;SR;72;discharge;Hanna;3101;0;0;falling;17:42:10;4150;698.4;519.2;179.2;82.62912;826.2912;Active;
10/10/2023;16:33:00;SR;72;discharge;Hanna;3101;0;0;falling;17:42:20;4160;698;519.2;178.8;82.44468;824.4468;Active;
10/10/2023;16:33:00;SR;72;discharge;Hanna;3101;0;0;falling;17:42:30;4170;695.5;519.2;176.3;81.29193;812.9193;Active;
10/10/2023;16:33:00;SR;72;discharge;Hanna;3101;0;0;falling;17:42:40;4180;693.5;519.2;174.3;80.36973;803.6973;Active;
10/10/2023;16:33:00;SR;72;discharge;Hanna;3101;0;0;falling;17:42:50;4190;692.7;519.2;173.5;80.00085;800.0085;Active;
10/10/2023;16:33:00;SR;72;discharge;Hanna;3101;0;0;falling;17:43:00;4200;689.5;519.2;170.3;78.52533;785.2533;Active;
10/10/2023;16:33:00;SR;72;discharge;Hanna;3101;0;0;falling;17:43:10;4210;688.7;519.2;169.5;78.15645;781.5645;Active;
10/10/2023;16:33:00;SR;72;discharge;Hanna;3101;0;0;falling;17:43:20;4220;687.1;519.2;167.9;77.41869;774.1869;Active;
10/10/2023;16:33:00;SR;72;discharge;Hanna;3101;0;0;falling;17:43:30;4230;687.1;519.2;167.9;77.41869;774.1869;Active;
10/10/2023;16:33:00;SR;72;discharge;Hanna;3101;0;0;falling;17:43:40;4240;683;519.2;163.8;75.52818;755.2818;Active;
10/10/2023;16:33:00;SR;72;discharge;Hanna;3101;0;0;falling;17:43:50;4250;681.8;519.2;162.6;74.97486;749.7486;Active;
10/10/2023;16:33:00;SR;72;discharge;Hanna;3101;0;0;falling;17:44:00;4260;679.4;519.2;160.2;73.86822;738.6822;Active;
10/10/2023;16:33:00;SR;72;discharge;Hanna;3101;0;0;falling;17:44:10;4270;678.6;519.2;159.4;73.49934;734.9934;Active;
10/10/2023;16:33:00;SR;72;discharge;Hanna;3101;0;0;falling;17:44:20;4280;676.6;519.2;157.4;72.57714;725.7714;Active;
10/10/2023;16:33:00;SR;72;discharge;Hanna;3101;0;0;falling;17:44:30;4290;674.1;519.2;154.9;71.42439;714.2439;Active;
10/10/2023;16:33:00;SR;72;discharge;Hanna;3101;0;0;falling;17:44:40;4300;673.7;519.2;154.5;71.23995;712.3995;Active;
10/10/2023;16:33:00;SR;72;discharge;Hanna;3101;0;0;falling;17:44:50;4310;672.1;519.2;152.9;70.50219;705.0219;Active;
10/10/2023;16:33:00;SR;72;discharge;Hanna;3101;0;0;falling;17:45:00;4320;670.9;519.2;151.7;69.94887;699.4887;Active;
10/10/2023;16:33:00;SR;72;discharge;Hanna;3101;0;0;falling;17:45:10;4330;670.1;519.2;150.9;69.57999;695.7999;Active;
10/10/2023;16:33:00;SR;72;discharge;Hanna;3101;0;0;falling;17:45:20;4340;668.1;519.2;148.9;68.65779;686.5779;Active;
10/10/2023;16:33:00;SR;72;discharge;Hanna;3101;0;0;falling;17:45:30;4350;666.5;519.2;147.3;67.92003;679.2003;Active;
10/10/2023;16:33:00;SR;72;discharge;Hanna;3101;0;0;falling;17:45:40;4360;665.7;519.2;146.5;67.55115;675.5115;Active;
10/10/2023;16:33:00;SR;72;discharge;Hanna;3101;0;0;falling;17:45:50;4370;695.1;519.2;175.9;81.10749;811.0749;Active;
10/10/2023;16:33:00;SR;72;discharge;Hanna;3101;0;0;falling;17:46:00;4380;688.7;519.2;169.5;78.15645;781.5645;Active;
10/10/2023;16:33:00;SR;72;discharge;Hanna;3101;0;0;falling;17:46:10;4390;663.3;519.2;144.1;66.44451;664.4451;Active;
10/10/2023;16:33:00;SR;72;discharge;Hanna;3101;0;0;falling;17:46:20;4400;653.6;519.2;134.4;61.97184;619.7184;Active;
10/10/2023;16:33:00;SR;72;discharge;Hanna;3101;0;0;falling;17:46:30;4410;652.4;519.2;133.2;61.41852;614.1852;Active;
10/10/2023;16:33:00;SR;72;discharge;Hanna;3101;0;0;falling;17:46:40;4420;649.2;519.2;130;59.943;599.43;Active;
10/10/2023;16:33:00;SR;72;discharge;Hanna;3101;0;0;falling;17:46:50;4430;648;519.2;128.8;59.38968;593.8968;Active;
10/10/2023;16:33:00;SR;72;discharge;Hanna;3101;0;0;falling;17:47:00;4440;647.5;519.2;128.3;59.15913;591.5913;Active;
10/10/2023;16:33:00;SR;72;discharge;Hanna;3101;0;0;falling;17:47:10;4450;642.3;519.2;123.1;56.76141;567.6141;Active;
10/10/2023;16:33:00;SR;72;discharge;Hanna;3101;0;0;falling;17:47:20;4460;640.7;519.2;121.5;56.02365;560.2365;Active;
10/10/2023;16:33:00;SR;72;discharge;Hanna;3101;0;0;falling;17:47:30;4470;636.7;519.2;117.5;54.17925;541.7925;Active;
10/10/2023;16:33:00;SR;72;discharge;Hanna;3101;0;0;falling;17:47:40;4480;635.5;519.2;116.3;53.62593;536.2593;Active;
10/10/2023;16:33:00;SR;72;discharge;Hanna;3101;0;0;falling;17:47:50;4490;632.3;519.2;113.1;52.15041;521.5041;Active;
10/10/2023;16:33:00;SR;72;discharge;Hanna;3101;0;0;falling;17:48:00;4500;630.7;519.2;111.5;51.41265;514.1265;Active;
10/10/2023;16:33:00;SR;72;discharge;Hanna;3101;0;0;falling;17:48:10;4510;628.6;519.2;109.4;50.44434;504.4434;Active;
10/10/2023;16:33:00;SR;72;discharge;Hanna;3101;0;0;falling;17:48:20;4520;632.7;519.2;113.5;52.33485;523.3485;Active;
10/10/2023;16:33:00;SR;72;discharge;Hanna;3101;0;0;falling;17:48:30;4530;630.7;519.2;111.5;51.41265;514.1265;Active;
10/10/2023;16:33:00;SR;72;discharge;Hanna;3101;0;0;falling;17:48:40;4540;630.7;519.2;111.5;51.41265;514.1265;Active;
10/10/2023;16:33:00;SR;72;discharge;Hanna;3101;0;0;falling;17:48:50;4550;629.9;519.2;110.7;51.04377;510.4377;Active;
10/10/2023;16:33:00;SR;72;discharge;Hanna;3101;0;0;falling;17:49:00;4560;627.8;519.2;108.6;50.07546;500.7546;Active;
10/10/2023;16:33:00;SR;72;discharge;Hanna;3101;0;0;falling;17:49:10;4570;626.2;519.2;107;49.3377;493.377;Active;
10/10/2023;16:33:00;SR;72;discharge;Hanna;3101;0;0;falling;17:49:20;4580;623.8;519.2;104.6;48.23106;482.3106;Active;
10/10/2023;16:33:00;SR;72;discharge;Hanna;3101;0;0;falling;17:49:30;4590;623.4;519.2;104.2;48.04662;480.4662;Active;
10/10/2023;16:33:00;SR;72;discharge;Hanna;3101;0;0;falling;17:49:40;4600;622.2;519.2;103;47.4933;474.933;Active;
10/10/2023;16:33:00;SR;72;discharge;Hanna;3101;0;0;falling;17:49:50;4610;621;519.2;101.8;46.93998;469.3998;Active;
10/10/2023;16:33:00;SR;72;discharge;Hanna;3101;0;0;falling;17:50:00;4620;619;519.2;99.8;46.01778;460.1778;Active;
10/10/2023;16:33:00;SR;72;discharge;Hanna;3101;0;0;falling;17:50:10;4630;617.4;519.2;98.2;45.28002;452.8002;Active;
10/10/2023;16:33:00;SR;72;discharge;Hanna;3101;0;0;falling;17:50:20;4640;615.8;519.2;96.6;44.54226;445.4226;Active;
10/10/2023;16:33:00;SR;72;discharge;Hanna;3101;0;0;falling;17:50:30;4650;615;519.2;95.8;44.17338;441.7338;Active;
10/10/2023;16:33:00;SR;72;discharge;Hanna;3101;0;0;falling;17:50:40;4660;613.8;519.2;94.6;43.62006;436.2006;Active;
10/10/2023;16:33:00;SR;72;discharge;Hanna;3101;0;0;falling;17:50:50;4670;613.4;519.2;94.2;43.43562;434.3562;Active;
10/10/2023;16:33:00;SR;72;discharge;Hanna;3101;0;0;falling;17:51:00;4680;612.2;519.2;93;42.8823;428.823;Active;
10/10/2023;16:33:00;SR;72;discharge;Hanna;3101;0;0;falling;17:51:10;4690;610.2;519.2;91;41.9601;419.601;Active;
10/10/2023;16:33:00;SR;72;discharge;Hanna;3101;0;0;falling;17:51:20;4700;607.8;519.2;88.6;40.85346;408.5346;Active;
10/10/2023;16:33:00;SR;72;discharge;Hanna;3101;0;0;falling;17:51:30;4710;605.8;519.2;86.6;39.93126;399.3126;Active;
10/10/2023;16:33:00;SR;72;discharge;Hanna;3101;0;0;falling;17:51:40;4720;604.5;519.2;85.3;39.33183;393.3183;Active;
10/10/2023;16:33:00;SR;72;discharge;Hanna;3101;0;0;falling;17:51:50;4730;603.7;519.2;84.5;38.96295;389.6295;Active;
10/10/2023;16:33:00;SR;72;discharge;Hanna;3101;0;0;falling;17:52:00;4740;601.7;519.2;82.5;38.04075;380.4075;Active;
10/10/2023;16:33:00;SR;72;discharge;Hanna;3101;0;0;falling;17:52:10;4750;610.2;519.2;91;41.9601;419.601;Active;
10/10/2023;16:33:00;SR;72;discharge;Hanna;3101;0;0;falling;17:52:20;4760;608.6;519.2;89.4;41.22234;412.2234;Active;
10/10/2023;16:33:00;SR;72;discharge;Hanna;3101;0;0;falling;17:52:30;4770;607.8;519.2;88.6;40.85346;408.5346;Active;
10/10/2023;16:33:00;SR;72;discharge;Hanna;3101;0;0;falling;17:52:40;4780;603.7;519.2;84.5;38.96295;389.6295;Active;
10/10/2023;16:33:00;SR;72;discharge;Hanna;3101;0;0;falling;17:52:50;4790;602.5;519.2;83.3;38.40963;384.0963;Active;
10/10/2023;16:33:00;SR;72;discharge;Hanna;3101;0;0;falling;17:53:00;4800;603.7;519.2;84.5;38.96295;389.6295;Active;
10/10/2023;16:33:00;SR;72;discharge;Hanna;3101;0;0;falling;17:53:10;4810;602.9;519.2;83.7;38.59407;385.9407;Active;
10/10/2023;16:33:00;SR;72;discharge;Hanna;3101;0;0;falling;17:53:20;4820;602.1;519.2;82.9;38.22519;382.2519;Active;
10/10/2023;16:33:00;SR;72;discharge;Hanna;3101;0;0;falling;17:53:30;4830;601.3;519.2;82.1;37.85631;378.5631;Active;
10/10/2023;16:33:00;SR;72;discharge;Hanna;3101;0;0;falling;17:53:40;4840;600.1;519.2;80.9;37.30299;373.0299;Active;
10/10/2023;16:33:00;SR;72;discharge;Hanna;3101;0;0;falling;17:53:50;4850;599.3;519.2;80.1;36.93411;369.3411;Active;
10/10/2023;16:33:00;SR;72;discharge;Hanna;3101;0;0;falling;17:54:00;4860;598.9;519.2;79.7;36.74967;367.4967;Active;
10/10/2023;16:33:00;SR;72;discharge;Hanna;3101;0;0;falling;17:54:10;4870;601.3;519.2;82.1;37.85631;378.5631;Active;
10/10/2023;16:33:00;SR;72;discharge;Hanna;3101;0;0;falling;17:54:20;4880;618.6;519.2;99.4;45.83334;458.3334;Active;
10/10/2023;16:33:00;SR;72;discharge;Hanna;3101;0;0;falling;17:54:30;4890;613.4;519.2;94.2;43.43562;434.3562;Active;
10/10/2023;16:33:00;SR;72;discharge;Hanna;3101;0;0;falling;17:54:40;4900;612.6;519.2;93.4;43.06674;430.6674;Active;
10/10/2023;16:33:00;SR;72;discharge;Hanna;3101;0;0;falling;17:54:50;4910;611.8;519.2;92.6;42.69786;426.9786;Active;
10/10/2023;16:33:00;SR;72;discharge;Hanna;3101;0;0;falling;17:55:00;4920;611;519.2;91.8;42.32898;423.2898;Active;
10/10/2023;16:33:00;SR;72;discharge;Hanna;3101;0;0;falling;17:55:10;4930;609.4;519.2;90.2;41.59122;415.9122;Active;
10/10/2023;16:33:00;SR;72;discharge;Hanna;3101;0;0;falling;17:55:20;4940;609;519.2;89.8;41.40678;414.0678;Active;
10/10/2023;16:33:00;SR;72;discharge;Hanna;3101;0;0;falling;17:55:30;4950;608.2;519.2;89;41.0379;410.379;Active;
10/10/2023;16:33:00;SR;72;discharge;Hanna;3101;0;0;falling;17:55:40;4960;606.2;519.2;87;40.1157;401.157;Active;
10/10/2023;16:33:00;SR;72;discharge;Hanna;3101;0;0;falling;17:55:50;4970;605.4;519.2;86.2;39.74682;397.4682;Active;
10/10/2023;16:33:00;SR;72;discharge;Hanna;3101;0;0;falling;17:56:00;4980;603.8;519.2;84.6;39.00906;390.0906;Active;
10/10/2023;16:33:00;SR;72;discharge;Hanna;3101;0;0;falling;17:56:10;4990;603;519.2;83.8;38.64018;386.4018;Active;
10/10/2023;16:33:00;SR;72;discharge;Hanna;3101;0;0;falling;17:56:20;5000;602.5;519.2;83.3;38.40963;384.0963;Active;
10/10/2023;16:33:00;SR;72;discharge;Hanna;3101;0;0;falling;17:56:30;5010;600.5;519.2;81.3;37.48743;374.8743;Active;
10/10/2023;16:33:00;SR;72;discharge;Hanna;3101;0;0;falling;17:56:40;5020;599.7;519.2;80.5;37.11855;371.1855;Active;
10/10/2023;16:33:00;SR;72;discharge;Hanna;3101;0;0;falling;17:56:50;5030;598.5;519.2;79.3;36.56523;365.6523;Active;
10/10/2023;16:33:00;SR;72;discharge;Hanna;3101;0;0;falling;17:57:00;5040;596.5;519.2;77.3;35.64303;356.4303;Active;
10/10/2023;16:33:00;SR;72;discharge;Hanna;3101;0;0;falling;17:57:10;5050;594.1;519.2;74.9;34.53639;345.3639;Active;
10/10/2023;16:33:00;SR;72;discharge;Hanna;3101;0;0;falling;17:57:20;5060;592.1;519.2;72.9;33.61419;336.1419;Active;
10/10/2023;16:33:00;SR;72;discharge;Hanna;3101;0;0;falling;17:57:30;5070;592.1;519.2;72.9;33.61419;336.1419;Active;
10/10/2023;16:33:00;SR;72;discharge;Hanna;3101;0;0;falling;17:57:40;5080;591.3;519.2;72.1;33.24531;332.4531;Active;
10/10/2023;16:33:00;SR;72;discharge;Hanna;3101;0;0;falling;17:57:50;5090;590.1;519.2;70.9;32.69199;326.9199;Active;
10/10/2023;16:33:00;SR;72;discharge;Hanna;3101;0;0;falling;17:58:00;5100;588.9;519.2;69.7;32.13867;321.3867;Active;
10/10/2023;16:33:00;SR;72;discharge;Hanna;3101;0;0;falling;17:58:10;5110;588.1;519.2;68.9;31.76979;317.6979;Active;
10/10/2023;16:33:00;SR;72;discharge;Hanna;3101;0;0;falling;17:58:20;5120;586.9;519.2;67.7;31.21647;312.1647;Active;
10/10/2023;16:33:00;SR;72;discharge;Hanna;3101;0;0;falling;17:58:30;5130;585.3;519.2;66.1;30.47871;304.7871;Active;
10/10/2023;16:33:00;SR;72;discharge;Hanna;3101;0;0;falling;17:58:40;5140;585.3;519.2;66.1;30.47871;304.7871;Active;
10/10/2023;16:33:00;SR;72;discharge;Hanna;3101;0;0;falling;17:58:50;5150;583.7;519.2;64.5;29.74095;297.4095;Active;
10/10/2023;16:33:00;SR;72;discharge;Hanna;3101;0;0;falling;17:59:00;5160;582.9;519.2;63.7;29.37207;293.7207;Active;
10/10/2023;16:33:00;SR;72;discharge;Hanna;3101;0;0;falling;17:59:10;5170;582.1;519.2;62.9;29.00319;290.0319;Active;
10/10/2023;16:33:00;SR;72;discharge;Hanna;3101;0;0;falling;17:59:20;5180;582.1;519.2;62.9;29.00319;290.0319;Active;
10/10/2023;16:33:00;SR;72;discharge;Hanna;3101;0;0;falling;17:59:30;5190;580.5;519.2;61.3;28.26543;282.6543;Active;
10/10/2023;16:33:00;SR;72;discharge;Hanna;3101;0;0;falling;17:59:40;5200;579.3;519.2;60.1;27.71211;277.1211;Active;
10/10/2023;16:33:00;SR;72;discharge;Hanna;3101;0;0;falling;17:59:50;5210;578.5;519.2;59.3;27.34323;273.4323;Active;
10/10/2023;16:33:00;SR;72;discharge;Hanna;3101;0;0;falling;18:00:00;5220;576.9;519.2;57.7;26.60547;266.0547;Active;
10/10/2023;16:33:00;SR;72;discharge;Hanna;3101;0;0;falling;18:00:10;5230;576.5;519.2;57.3;26.42103;264.2103;Active;
10/10/2023;16:33:00;SR;72;discharge;Hanna;3101;0;0;falling;18:00:20;5240;574.5;519.2;55.3;25.49883;254.9883;Active;
10/10/2023;16:33:00;SR;72;discharge;Hanna;3101;0;0;falling;18:00:30;5250;575.7;519.2;56.5;26.05215;260.5215;Active;
10/10/2023;16:33:00;SR;72;discharge;Hanna;3101;0;0;falling;18:00:40;5260;574.1;519.2;54.9;25.31439;253.1439;Active;
10/10/2023;16:33:00;SR;72;discharge;Hanna;3101;0;0;falling;18:00:50;5270;573.3;519.2;54.1;24.94551;249.4551;Active;
10/10/2023;16:33:00;SR;72;discharge;Hanna;3101;0;0;falling;18:01:00;5280;572.9;519.2;53.7;24.76107;247.6107;Active;
10/10/2023;16:33:00;SR;72;discharge;Hanna;3101;0;0;falling;18:01:10;5290;572.5;519.2;53.3;24.57663;245.7663;Active;
10/10/2023;16:33:00;SR;72;discharge;Hanna;3101;0;0;falling;18:01:20;5300;571.3;519.2;52.1;24.02331;240.2331;Active;
10/10/2023;16:33:00;SR;72;discharge;Hanna;3101;0;0;falling;18:01:30;5310;571.3;519.2;52.1;24.02331;240.2331;Active;
10/10/2023;16:33:00;SR;72;discharge;Hanna;3101;0;0;falling;18:01:40;5320;568.9;519.2;49.7;22.91667;229.1667;Active;
10/10/2023;16:33:00;SR;72;discharge;Hanna;3101;0;0;falling;18:01:50;5330;568.1;519.2;48.9;22.54779;225.4779;Active;
10/10/2023;16:33:00;SR;72;discharge;Hanna;3101;0;0;falling;18:02:00;5340;567.3;519.2;48.1;22.17891;221.7891;Active;
10/10/2023;16:33:00;SR;72;discharge;Hanna;3101;0;0;falling;18:02:10;5350;565.7;519.2;46.5;21.44115;214.4115;Active;
10/10/2023;16:33:00;SR;72;discharge;Hanna;3101;0;0;falling;18:02:20;5360;564.5;519.2;45.3;20.88783;208.8783;Active;
10/10/2023;16:33:00;SR;72;discharge;Hanna;3101;0;0;falling;18:02:30;5370;563.7;519.2;44.5;20.51895;205.1895;Active;
10/10/2023;16:33:00;SR;72;discharge;Hanna;3101;0;0;falling;18:02:40;5380;562.9;519.2;43.7;20.15007;201.5007;Active;
10/10/2023;16:33:00;SR;72;discharge;Hanna;3101;0;0;falling;18:02:50;5390;562.5;519.2;43.3;19.96563;199.6563;Active;
10/10/2023;16:33:00;SR;72;discharge;Hanna;3101;0;0;falling;18:03:00;5400;561.3;519.2;42.1;19.41231;194.1231;Active;
10/10/2023;16:33:00;SR;72;discharge;Hanna;3101;0;0;falling;18:03:10;5410;558.9;519.2;39.7;18.30567;183.0567;Active;
10/10/2023;16:33:00;SR;72;discharge;Hanna;3101;0;0;falling;18:03:20;5420;558.5;519.2;39.3;18.12123;181.2123;Active;
10/10/2023;16:33:00;SR;72;discharge;Hanna;3101;0;0;falling;18:03:30;5430;557.7;519.2;38.5;17.75235;177.5235;Active;
10/10/2023;16:33:00;SR;72;discharge;Hanna;3101;0;0;falling;18:03:40;5440;556.1;519.2;36.9;17.01459;170.1459;Active;
10/10/2023;16:33:00;SR;72;discharge;Hanna;3101;0;0;falling;18:03:50;5450;554.9;519.2;35.7;16.46127;164.6127;Active;
10/10/2023;16:33:00;SR;72;discharge;Hanna;3101;0;0;falling;18:04:00;5460;554.1;519.2;34.9;16.09239;160.9239;Active;
10/10/2023;16:33:00;SR;72;discharge;Hanna;3101;0;0;falling;18:04:10;5470;553.7;519.2;34.5;15.90795;159.0795;Active;
10/10/2023;16:33:00;SR;72;discharge;Hanna;3101;0;0;falling;18:04:20;5480;552.9;519.2;33.7;15.53907;155.3907;Active;
10/10/2023;16:33:00;SR;72;discharge;Hanna;3101;0;0;falling;18:04:30;5490;551.7;519.2;32.5;14.98575;149.8575;Active;
10/10/2023;16:33:00;SR;72;discharge;Hanna;3101;0;0;falling;18:04:40;5500;550.9;519.2;31.7;14.61687;146.1687;Active;
10/10/2023;16:33:00;SR;72;discharge;Hanna;3101;0;0;falling;18:04:50;5510;550.1;519.2;30.9;14.24799;142.4799;Active;
10/10/2023;16:33:00;SR;72;discharge;Hanna;3101;0;0;falling;18:05:00;5520;551.3;519.2;32.1;14.80131;148.0131;Active;
10/10/2023;16:33:00;SR;72;discharge;Hanna;3101;0;0;falling;18:05:10;5530;550.1;519.2;30.9;14.24799;142.4799;Active;
10/10/2023;16:33:00;SR;72;discharge;Hanna;3101;0;0;falling;18:05:20;5540;549.3;519.2;30.1;13.87911;138.7911;Active;
10/10/2023;16:33:00;SR;72;discharge;Hanna;3101;0;0;falling;18:05:30;5550;547.7;519.2;28.5;13.14135;131.4135;Active;
10/10/2023;16:33:00;SR;72;discharge;Hanna;3101;0;0;falling;18:05:40;5560;543.3;519.2;24.1;11.11251;111.1251;Active;
10/10/2023;16:33:00;SR;72;discharge;Hanna;3101;0;0;falling;18:05:50;5570;547.7;519.2;28.5;13.14135;131.4135;Active;
10/10/2023;16:33:00;SR;72;discharge;Hanna;3101;0;0;falling;18:06:00;5580;546.5;519.2;27.3;12.58803;125.8803;Active;
10/10/2023;16:33:00;SR;72;discharge;Hanna;3101;0;0;falling;18:06:10;5590;545.7;519.2;26.5;12.21915;122.1915;Active;
10/10/2023;16:33:00;SR;72;discharge;Hanna;3101;0;0;falling;18:06:20;5600;544.9;519.2;25.7;11.85027;118.5027;Active;
10/10/2023;16:33:00;SR;72;discharge;Hanna;3101;0;0;falling;18:06:30;5610;543.3;519.2;24.1;11.11251;111.1251;Active;
10/10/2023;16:33:00;SR;72;discharge;Hanna;3101;0;0;falling;18:06:40;5620;542.5;519.2;23.3;10.74363;107.4363;Active;
10/10/2023;16:33:00;SR;72;discharge;Hanna;3101;0;0;falling;18:06:50;5630;541.7;519.2;22.5;10.37475;103.7475;Active;
10/10/2023;16:33:00;SR;72;discharge;Hanna;3101;0;0;falling;18:07:00;5640;541.7;519.2;22.5;10.37475;103.7475;Active;
10/10/2023;16:33:00;SR;72;discharge;Hanna;3101;0;0;falling;18:07:10;5650;542.5;519.2;23.3;10.74363;107.4363;Active;
10/10/2023;16:33:00;SR;72;discharge;Hanna;3101;0;0;falling;18:07:20;5660;542.1;519.2;22.9;10.55919;105.5919;Active;
10/10/2023;16:33:00;SR;72;discharge;Hanna;3101;0;0;falling;18:07:30;5670;541.7;519.2;22.5;10.37475;103.7475;Active;
10/10/2023;16:33:00;SR;72;discharge;Hanna;3101;0;0;falling;18:07:40;5680;540.9;519.2;21.7;10.00587;100.0587;Active;
10/10/2023;16:33:00;SR;72;discharge;Hanna;3101;0;0;falling;18:07:50;5690;540.1;519.2;20.9;9.63699;96.3699;Active;
10/10/2023;16:33:00;SR;72;discharge;Hanna;3101;0;0;falling;18:08:00;5700;540.1;519.2;20.9;9.63699;96.3699;Active;
10/10/2023;16:33:00;SR;72;discharge;Hanna;3101;0;0;falling;18:08:10;5710;539.7;519.2;20.5;9.45255;94.5255;Active;
10/10/2023;16:33:00;SR;72;discharge;Hanna;3101;0;0;falling;18:08:20;5720;538.9;519.2;19.7;9.08367;90.8367;Active;
10/10/2023;16:33:00;SR;72;discharge;Hanna;3101;0;0;falling;18:08:30;5730;538.5;519.2;19.3;8.89923;88.9923;Active;
10/10/2023;16:33:00;SR;72;discharge;Hanna;3101;0;0;falling;18:08:40;5740;538.1;519.2;18.9;8.71479;87.1479;Active;
10/10/2023;16:33:00;SR;72;discharge;Hanna;3101;0;0;falling;18:08:50;5750;538.1;519.2;18.9;8.71479;87.1479;Active;
10/10/2023;16:33:00;SR;72;discharge;Hanna;3101;0;0;falling;18:09:00;5760;538.5;519.2;19.3;8.89923;88.9923;Active;
10/10/2023;16:33:00;SR;72;discharge;Hanna;3101;0;0;falling;18:09:10;5770;538.1;519.2;18.9;8.71479;87.1479;Active;
10/10/2023;16:33:00;SR;72;discharge;Hanna;3101;0;0;falling;18:09:20;5780;537.7;519.2;18.5;8.53035;85.3035;Active;
10/10/2023;16:33:00;SR;72;discharge;Hanna;3101;0;0;falling;18:09:30;5790;537.7;519.2;18.5;8.53035;85.3035;Active;
10/10/2023;16:33:00;SR;72;discharge;Hanna;3101;0;0;falling;18:09:40;5800;537.3;519.2;18.1;8.34591;83.4591;Active;
10/10/2023;16:33:00;SR;72;discharge;Hanna;3101;0;0;falling;18:09:50;5810;537.3;519.2;18.1;8.34591;83.4591;Active;
10/10/2023;16:33:00;SR;72;discharge;Hanna;3101;0;0;falling;18:10:00;5820;536.9;519.2;17.7;8.16147;81.6147;Active;
10/10/2023;16:33:00;SR;72;discharge;Hanna;3101;0;0;falling;18:10:10;5830;536.9;519.2;17.7;8.16147;81.6147;Active;
10/10/2023;16:33:00;SR;72;discharge;Hanna;3101;0;0;falling;18:10:20;5840;536.9;519.2;17.7;8.16147;81.6147;Active;
10/10/2023;16:33:00;SR;72;discharge;Hanna;3101;0;0;falling;18:10:30;5850;536.1;519.2;16.9;7.79259;77.9259;Active;
10/10/2023;16:33:00;SR;72;discharge;Hanna;3101;0;0;falling;18:10:40;5860;536.1;519.2;16.9;7.79259;77.9259;Active;
10/10/2023;16:33:00;SR;72;discharge;Hanna;3101;0;0;falling;18:10:50;5870;536.1;519.2;16.9;7.79259;77.9259;Active;
10/10/2023;16:33:00;SR;72;discharge;Hanna;3101;0;0;falling;18:11:00;5880;535.7;519.2;16.5;7.60815;76.0815;Active;
10/10/2023;16:33:00;SR;72;discharge;Hanna;3101;0;0;falling;18:11:10;5890;535.3;519.2;16.1;7.42371;74.2371;Active;
10/10/2023;16:33:00;SR;72;discharge;Hanna;3101;0;0;falling;18:11:20;5900;534.9;519.2;15.7;7.23927;72.3927;Active;
10/10/2023;16:33:00;SR;72;discharge;Hanna;3101;0;0;falling;18:11:30;5910;534.9;519.2;15.7;7.23927;72.3927;Active;
10/10/2023;16:33:00;SR;72;discharge;Hanna;3101;0;0;falling;18:11:40;5920;534.5;519.2;15.3;7.05483;70.5483;Active;
10/10/2023;16:33:00;SR;72;discharge;Hanna;3101;0;0;falling;18:11:50;5930;534.1;519.2;14.9;6.87039;68.7039;Active;
10/10/2023;16:33:00;SR;72;discharge;Hanna;3101;0;0;falling;18:12:00;5940;532.9;519.2;13.7;6.31707;63.1707;Active;
10/10/2023;16:33:00;SR;72;discharge;Hanna;3101;0;0;falling;18:12:10;5950;532.5;519.2;13.3;6.13263;61.3263;Active;
10/10/2023;16:33:00;SR;72;discharge;Hanna;3101;0;0;falling;18:12:20;5960;530.1;519.2;10.9;5.02599;50.2599;Active;
10/10/2023;16:33:00;SR;72;discharge;Hanna;3101;0;0;falling;18:12:30;5970;529.3;519.2;10.1;4.65711;46.5711;Active;
10/10/2023;16:33:00;SR;72;discharge;Hanna;3101;0;0;falling;18:12:40;5980;528.5;519.2;9.3;4.28823;42.8823;Active;
10/10/2023;16:33:00;SR;72;discharge;Hanna;3101;0;0;falling;18:12:50;5990;528.5;519.2;9.3;4.28823;42.8823;Active;
10/10/2023;16:33:00;SR;72;discharge;Hanna;3101;0;0;falling;18:13:00;6000;528.2;519.2;9;4.1499;41.499;Active;
10/10/2023;16:33:00;SR;72;discharge;Hanna;3101;0;0;falling;18:13:10;6010;527.4;519.2;8.2;3.78102;37.8102;Active;
10/10/2023;16:33:00;SR;72;discharge;Hanna;3101;0;0;falling;18:13:20;6020;526.6;519.2;7.4;3.41214;34.1214;Active;
10/10/2023;16:33:00;SR;72;discharge;Hanna;3101;0;0;falling;18:13:30;6030;525.8;519.2;6.6;3.04326;30.4326;Active;
10/10/2023;16:33:00;SR;72;discharge;Hanna;3101;0;0;falling;18:13:40;6040;523.8;519.2;4.6;2.12106;21.2106;Active;
10/10/2023;16:33:00;SR;72;discharge;Hanna;3101;0;0;falling;18:13:50;6050;523.8;519.2;4.6;2.12106;21.2106;Active;
10/10/2023;16:33:00;SR;72;discharge;Hanna;3101;0;0;falling;18:14:00;6060;523.8;519.2;4.6;2.12106;21.2106;Active;
10/10/2023;16:33:00;SR;72;discharge;Hanna;3101;0;0;falling;18:14:10;6070;522.2;519.2;3;1.3833;13.833;Active;
10/10/2023;16:33:00;SR;72;discharge;Hanna;3101;0;0;falling;18:14:20;6080;522.2;519.2;3;1.3833;13.833;Active;
10/10/2023;16:33:00;SR;72;discharge;Hanna;3101;0;0;falling;18:14:30;6090;522.2;519.2;3;1.3833;13.833;Active;
10/10/2023;16:33:00;SR;72;discharge;Hanna;3101;0;0;falling;18:14:40;6100;522.2;519.2;3;1.3833;13.833;Active;
10/10/2023;16:33:00;SR;72;discharge;Hanna;3101;0;0;falling;18:14:50;6110;522.2;519.2;3;1.3833;13.833;Active;
10/10/2023;16:33:00;SR;72;discharge;Hanna;3101;0;0;falling;18:15:00;6120;523.4;519.2;4.2;1.93662;19.3662;Active;
10/10/2023;16:33:00;SR;72;discharge;Hanna;3101;0;0;falling;18:15:10;6130;522.2;519.2;3;1.3833;13.833;Active;
10/10/2023;16:33:00;SR;72;discharge;Hanna;3101;0;0;falling;18:15:20;6140;521.4;519.2;2.2;1.01442;10.1442;Active;
10/10/2023;16:33:00;SR;72;discharge;Hanna;3101;0;0;falling;18:15:30;6150;525;519.2;5.8;2.67438;26.7438;Active;
10/10/2023;16:33:00;SR;72;discharge;Hanna;3101;0;0;falling;18:15:40;6160;524.6;519.2;5.4;2.48994;24.8994;Active;
10/10/2023;16:33:00;SR;72;discharge;Hanna;3101;0;0;falling;18:15:50;6170;524.6;519.2;5.4;2.48994;24.8994;Active;
10/10/2023;16:33:00;SR;72;discharge;Hanna;3101;0;0;falling;18:16:00;6180;523.8;519.2;4.6;2.12106;21.2106;Active;
10/10/2023;16:33:00;SR;72;discharge;Hanna;3101;0;0;falling;18:16:10;6190;523.8;519.2;4.6;2.12106;21.2106;Active;
10/10/2023;16:33:00;SR;72;discharge;Hanna;3101;0;0;falling;18:16:20;6200;522.6;519.2;3.4;1.56774;15.6774;Active;
10/10/2023;16:33:00;SR;72;discharge;Hanna;3101;0;0;falling;18:16:30;6210;521.8;519.2;2.6;1.19886;11.9886;Active;
10/10/2023;16:33:00;SR;72;discharge;Hanna;3101;0;0;falling;18:16:40;6220;521.4;519.2;2.2;1.01442;10.1442;Active;
10/10/2023;16:33:00;SR;72;discharge;Hanna;3101;0;0;falling;18:16:50;6230;521.4;519.2;2.2;1.01442;10.1442;Active;
10/10/2023;16:33:00;SR;72;discharge;Hanna;3101;0;0;falling;18:17:00;6240;521;519.2;1.8;0.82998;8.2998;Active;
10/10/2023;16:33:00;SR;72;discharge;Hanna;3101;0;0;falling;18:17:10;6250;519.2;519.2;0;0;0;Active;
11/09/2023;15:27:00;CD;52;discharge;Hanna;8055;0;0;release;15:32:00;0;423.55;423.55;0;0;0;Active;
11/09/2023;15:27:00;CD;52;discharge;Hanna;8055;0;0;release;15:39:00;420;423.55;423.55;0;0;0;Active;
11/09/2023;15:27:00;CD;52;discharge;Hanna;8055;0;0;rising;15:40:00;480;424.7;423.55;1.15;0.530265;15.90795;Active;
11/09/2023;15:27:00;CD;52;discharge;Hanna;8055;0;0;rising;15:40:30;510;429.2;423.55;5.65;2.605215;78.15645;Active;
11/09/2023;15:27:00;CD;52;discharge;Hanna;8055;0;0;rising;15:41:00;540;430.2;423.55;6.65;3.066315;91.98945;Active;
11/09/2023;15:27:00;CD;52;discharge;Hanna;8055;0;0;rising;15:41:30;570;434.3;423.55;10.75;4.956825;148.70475;Active;
11/09/2023;15:27:00;CD;52;discharge;Hanna;8055;0;0;rising;15:42:00;600;436.8;423.55;13.25;6.109575;183.28725;Active;
11/09/2023;15:27:00;CD;52;discharge;Hanna;8055;0;0;rising;15:42:30;630;442;423.55;18.45;8.507295;255.21885;Active;
11/09/2023;15:27:00;CD;52;discharge;Hanna;8055;0;0;rising;15:43:00;660;461.1;423.55;37.55;17.314305;519.42915;Active;
11/09/2023;15:27:00;CD;52;discharge;Hanna;8055;0;0;rising;15:43:30;690;469.2;423.55;45.65;21.049215;631.47645;Active;
11/09/2023;15:27:00;CD;52;discharge;Hanna;8055;0;0;rising;15:44:00;720;470;423.55;46.45;21.418095;642.54285;Active;
11/09/2023;15:27:00;CD;52;discharge;Hanna;8055;0;0;rising;15:44:30;750;485.3;423.55;61.75;28.472925;854.18775;Active;
11/09/2023;15:27:00;CD;52;discharge;Hanna;8055;0;0;rising;15:45:00;780;496.6;423.55;73.05;33.683355;1010.50065;Active;
11/09/2023;15:27:00;CD;52;discharge;Hanna;8055;0;0;rising;15:45:30;810;499;423.55;75.45;34.789995;1043.69985;Active;
11/09/2023;15:27:00;CD;52;discharge;Hanna;8055;0;0;rising;15:46:00;840;507;423.55;83.45;38.478795;1154.36385;Active;
11/09/2023;15:27:00;CD;52;discharge;Hanna;8055;0;0;rising;15:46:30;870;524;423.55;100.45;46.317495;1389.52485;Active;
11/09/2023;15:27:00;CD;52;discharge;Hanna;8055;0;0;rising;15:47:00;900;532;423.55;108.45;50.006295;1500.18885;Active;
11/09/2023;15:27:00;CD;52;discharge;Hanna;8055;0;0;falling;15:47:30;930;528;423.55;104.45;48.161895;1444.85685;Active;
11/09/2023;15:27:00;CD;52;discharge;Hanna;8055;0;0;falling;15:48:00;960;528;423.55;104.45;48.161895;1444.85685;Active;
11/09/2023;15:27:00;CD;52;discharge;Hanna;8055;0;0;falling;15:48:30;990;526;423.55;102.45;47.239695;1417.19085;Active;
11/09/2023;15:27:00;CD;52;discharge;Hanna;8055;0;0;falling;15:49:00;1020;530;423.55;106.45;49.084095;1472.52285;Active;
11/09/2023;15:27:00;CD;52;discharge;Hanna;8055;0;0;falling;15:49:30;1050;532;423.55;108.45;50.006295;1500.18885;Active;
11/09/2023;15:27:00;CD;52;discharge;Hanna;8055;0;0;falling;15:50:00;1080;527;423.55;103.45;47.700795;1431.02385;Active;
11/09/2023;15:27:00;CD;52;discharge;Hanna;8055;0;0;falling;15:50:30;1110;525;423.55;101.45;46.778595;1403.35785;Active;
11/09/2023;15:27:00;CD;52;discharge;Hanna;8055;0;0;falling;15:51:00;1140;524;423.55;100.45;46.317495;1389.52485;Active;
11/09/2023;15:27:00;CD;52;discharge;Hanna;8055;0;0;falling;15:51:30;1170;521;423.55;97.45;44.934195;1348.02585;Active;
11/09/2023;15:27:00;CD;52;discharge;Hanna;8055;0;0;falling;15:52:00;1200;519;423.55;95.45;44.011995;2640.7197;Active;
11/09/2023;15:27:00;CD;52;discharge;Hanna;8055;0;0;falling;15:53:00;1260;515;423.55;91.45;42.167595;2530.0557;Active;
11/09/2023;15:27:00;CD;52;discharge;Hanna;8055;0;0;falling;15:54:00;1320;514;423.55;90.45;41.706495;2502.3897;Active;
11/09/2023;15:27:00;CD;52;discharge;Hanna;8055;0;0;falling;15:55:00;1380;512;423.55;88.45;40.784295;2447.0577;Active;
11/09/2023;15:27:00;CD;52;discharge;Hanna;8055;0;0;falling;15:56:00;1440;508;423.55;84.45;38.939895;2336.3937;Active;
11/09/2023;15:27:00;CD;52;discharge;Hanna;8055;0;0;falling;15:57:00;1500;503;423.55;79.45;36.634395;2198.0637;Active;
11/09/2023;15:27:00;CD;52;discharge;Hanna;8055;0;0;falling;15:58:00;1560;501;423.55;77.45;35.712195;2142.7317;Active;
11/09/2023;15:27:00;CD;52;discharge;Hanna;8055;0;0;falling;15:59:00;1620;494.5;423.55;70.95;32.715045;5888.7081;Active;
11/09/2023;15:27:00;CD;52;discharge;Hanna;8055;0;0;falling;16:02:00;1800;488;423.55;64.45;29.717895;3566.1474;Active;
11/09/2023;15:27:00;CD;52;discharge;Hanna;8055;0;0;falling;16:04:00;1920;476.4;423.55;52.85;24.369135;2924.2962;Active;
11/09/2023;15:27:00;CD;52;discharge;Hanna;8055;0;0;falling;16:06:00;2040;466;423.55;42.45;19.573695;2348.8434;Active;
11/09/2023;15:27:00;CD;52;discharge;Hanna;8055;0;0;falling;16:08:00;2160;462;423.55;38.45;17.729295;2127.5154;Active;
11/09/2023;15:27:00;CD;52;discharge;Hanna;8055;0;0;falling;16:10:00;2280;458.6;423.55;35.05;16.161555;1939.3866;Active;
11/09/2023;15:27:00;CD;52;discharge;Hanna;8055;0;0;falling;16:12:00;2400;454.6;423.55;31.05;14.317155;1718.0586;Active;
11/09/2023;15:27:00;CD;52;discharge;Hanna;8055;0;0;falling;16:14:00;2520;447.7;423.55;24.15;11.135565;2004.4017;Active;
11/09/2023;15:27:00;CD;52;discharge;Hanna;8055;0;0;falling;16:17:00;2700;443.2;423.55;19.65;9.060615;1087.2738;Active;
11/09/2023;15:27:00;CD;52;discharge;Hanna;8055;0;0;falling;16:19:00;2820;440;423.55;16.45;7.585095;910.2114;Active;
11/09/2023;15:27:00;CD;52;discharge;Hanna;8055;0;0;falling;16:21:00;2940;438.6;423.55;15.05;6.939555;832.7466;Active;
11/09/2023;15:27:00;CD;52;discharge;Hanna;8055;0;0;falling;16:23:00;3060;435.7;423.55;12.15;5.602365;672.2838;Active;
11/09/2023;15:27:00;CD;52;discharge;Hanna;8055;0;0;falling;16:25:00;3180;435.5;423.55;11.95;5.510145;661.2174;Active;
11/09/2023;15:27:00;CD;52;discharge;Hanna;8055;0;0;falling;16:27:00;3300;432.7;423.55;9.15;4.219065;506.2878;Active;
11/09/2023;15:27:00;CD;52;discharge;Hanna;8055;0;0;falling;16:29:00;3420;431;423.55;7.45;3.435195;618.3351;Active;
11/09/2023;15:27:00;CD;52;discharge;Hanna;8055;0;0;falling;16:32:00;3600;430.5;423.55;6.95;3.204645;576.8361;Active;
11/09/2023;15:27:00;CD;52;discharge;Hanna;8055;0;0;falling;16:35:00;3780;429;423.55;5.45;2.512995;452.3391;Active;
11/09/2023;15:27:00;CD;52;discharge;Hanna;8055;0;0;falling;16:38:00;3960;428.8;423.55;5.25;2.420775;580.986;Active;
11/09/2023;15:27:00;CD;52;discharge;Hanna;8055;0;0;falling;16:42:00;4200;427.3;423.55;3.75;1.729125;311.2425;Active;
11/09/2023;15:27:00;CD;52;discharge;Hanna;8055;0;0;falling;16:45:00;4380;426.7;423.55;3.15;1.452465;522.8874;Active;
11/09/2023;15:27:00;CD;52;discharge;Hanna;8055;0;0;falling;16:51:00;4740;425.5;423.55;1.95;0.899145;377.6409;Active;
11/09/2023;15:27:00;CD;52;discharge;Hanna;8055;0;0;falling;16:58:00;5160;424.8;423.55;1.25;0.576375;172.9125;Active;
11/09/2023;15:27:00;CD;52;discharge;Hanna;8055;0;0;falling;17:03:00;5460;424.4;423.55;0.85;0.391935;141.0966;Active;
11/09/2023;15:27:00;CD;52;discharge;Hanna;8055;0;0;falling;17:09:00;5820;423.9;423.55;0.35;0.161385;0;Active;
07/10/2023;11:30:00;RC;150;nutrient_spiral_NP;YSI;4752;102;196;release;11:30:00;0;350.7;350.7;0;0;0;Active;
07/10/2023;11:30:00;RC;150;nutrient_spiral_NP;YSI;4752;102;196;rising;11:40:10;610;367;350.7;16.3;7.51593;75.1593;Active;
07/10/2023;11:30:00;RC;150;nutrient_spiral_NP;YSI;4752;102;196;rising;11:40:20;620;369;350.7;18.3;8.43813;84.3813;Active;
07/10/2023;11:30:00;RC;150;nutrient_spiral_NP;YSI;4752;102;196;rising;11:40:30;630;379.3;350.7;28.6;13.18746;131.8746;Active;
07/10/2023;11:30:00;RC;150;nutrient_spiral_NP;YSI;4752;102;196;rising;11:40:40;640;384.5;350.7;33.8;15.58518;155.8518;Active;
07/10/2023;11:30:00;RC;150;nutrient_spiral_NP;YSI;4752;102;196;rising;11:40:50;650;388.6;350.7;37.9;17.47569;524.2707;Active;
07/10/2023;11:30:00;RC;150;nutrient_spiral_NP;YSI;4752;102;196;rising;11:41:20;680;395;350.7;44.3;20.42673;817.0692;Active;
07/10/2023;11:30:00;RC;150;nutrient_spiral_NP;YSI;4752;102;196;rising;11:42:00;720;396;350.7;45.3;20.88783;626.6349;Active;
07/10/2023;11:30:00;RC;150;nutrient_spiral_NP;YSI;4752;102;196;rising;11:42:30;750;397.1;350.7;46.4;21.39504;855.8016;Active;
07/10/2023;11:30:00;RC;150;nutrient_spiral_NP;YSI;4752;102;196;rising;11:43:10;790;397.5;350.7;46.8;21.57948;863.1792;Active;
07/10/2023;11:30:00;RC;150;nutrient_spiral_NP;YSI;4752;102;196;falling;11:43:50;830;395;350.7;44.3;20.42673;612.8019;Active;
07/10/2023;11:30:00;RC;150;nutrient_spiral_NP;YSI;4752;102;196;falling;11:44:20;860;391;350.7;40.3;18.58233;557.4699;Active;
07/10/2023;11:30:00;RC;150;nutrient_spiral_NP;YSI;4752;102;196;falling;11:44:50;890;384.1;350.7;33.4;15.40074;308.0148;Active;
07/10/2023;11:30:00;RC;150;nutrient_spiral_NP;YSI;4752;102;196;falling;11:45:10;910;377.2;350.7;26.5;12.21915;1955.064;Active;
07/10/2023;11:30:00;RC;150;nutrient_spiral_NP;YSI;4752;102;196;falling;11:47:50;1070;368.4;350.7;17.7;8.16147;734.5323;Active;
07/10/2023;11:30:00;RC;150;nutrient_spiral_NP;YSI;4752;102;196;falling;11:49:20;1160;365.2;350.7;14.5;6.68595;401.157;Active;
07/10/2023;11:30:00;RC;150;nutrient_spiral_NP;YSI;4752;102;196;falling;11:50:20;1220;361.5;350.7;10.8;4.97988;298.7928;Active;
07/10/2023;11:30:00;RC;150;nutrient_spiral_NP;YSI;4752;102;196;falling;11:51:20;1280;360.2;350.7;9.5;4.38045;350.436;Active;
07/10/2023;11:30:00;RC;150;nutrient_spiral_NP;YSI;4752;102;196;falling;11:52:40;1360;358.7;350.7;8;3.6888;147.552;Active;
07/10/2023;11:30:00;RC;150;nutrient_spiral_NP;YSI;4752;102;196;falling;11:53:20;1400;357.5;350.7;6.8;3.13548;188.1288;Active;
07/10/2023;11:30:00;RC;150;nutrient_spiral_NP;YSI;4752;102;196;falling;11:54:20;1460;355.1;350.7;4.4;2.02884;202.884;Active;
07/10/2023;11:30:00;RC;150;nutrient_spiral_NP;YSI;4752;102;196;falling;11:56:00;1560;353.4;350.7;2.7;1.24497;204.17508;Active;
07/10/2023;11:30:00;RC;150;nutrient_spiral_NP;YSI;4752;102;196;falling;11:58:44;1724;352.6;350.7;1.9;0.87609;171.71364;Active;
07/10/2023;11:30:00;RC;150;nutrient_spiral_NP;YSI;4752;102;196;falling;12:02:00;1920;351.9;350.7;1.2;0.55332;0;Active;
05/10/2023;12:15:00;RA;137;nutrient_spiral_NP;YSI;5947;154;295;release;12:15:00;0;460.7;460.7;0;0;0;Active;
05/10/2023;12:15:00;RA;137;nutrient_spiral_NP;YSI;5947;154;295;release;12:17:00;120;460.9;460.7;0.2;0.09222;276.66;Active;
05/10/2023;12:15:00;RA;137;nutrient_spiral_NP;YSI;5947;154;295;rising;13:07:00;3120;465;460.7;4.3;1.98273;475.8552;Active;
05/10/2023;12:15:00;RA;137;nutrient_spiral_NP;YSI;5947;154;295;rising;13:11:00;3360;467.3;460.7;6.6;3.04326;365.1912;Active;
05/10/2023;12:15:00;RA;137;nutrient_spiral_NP;YSI;5947;154;295;rising;13:13:00;3480;468.1;460.7;7.4;3.41214;1433.0988;Active;
05/10/2023;12:15:00;RA;137;nutrient_spiral_NP;YSI;5947;154;295;rising;13:20:00;3900;470;460.7;9.3;4.28823;1029.1752;Active;
05/10/2023;12:15:00;RA;137;nutrient_spiral_NP;YSI;5947;154;295;rising;13:24:00;4140;471;460.7;10.3;4.74933;569.9196;Active;
05/10/2023;12:15:00;RA;137;nutrient_spiral_NP;YSI;5947;154;295;rising;13:26:00;4260;472;460.7;11.3;5.21043;937.8774;Active;
05/10/2023;12:15:00;RA;137;nutrient_spiral_NP;YSI;5947;154;295;rising;13:29:00;4440;473;460.7;12.3;5.67153;680.5836;Active;
05/10/2023;12:15:00;RA;137;nutrient_spiral_NP;YSI;5947;154;295;rising;13:31:00;4560;475;460.7;14.3;6.59373;395.6238;Active;
05/10/2023;12:15:00;RA;137;nutrient_spiral_NP;YSI;5947;154;295;rising;13:32:00;4620;475;460.7;14.3;6.59373;1186.8714;Active;
05/10/2023;12:15:00;RA;137;nutrient_spiral_NP;YSI;5947;154;295;rising;13:35:00;4800;476;460.7;15.3;7.05483;2963.0286;Active;
05/10/2023;12:15:00;RA;137;nutrient_spiral_NP;YSI;5947;154;295;rising;13:42:00;5220;477;460.7;16.3;7.51593;9019.116;Active;
05/10/2023;12:15:00;RA;137;nutrient_spiral_NP;YSI;5947;154;295;falling;14:02:00;6420;474;460.7;13.3;6.13263;735.9156;Active;
05/10/2023;12:15:00;RA;137;nutrient_spiral_NP;YSI;5947;154;295;falling;14:04:00;6540;473;460.7;12.3;5.67153;680.5836;Active;
05/10/2023;12:15:00;RA;137;nutrient_spiral_NP;YSI;5947;154;295;falling;14:06:00;6660;472;460.7;11.3;5.21043;625.2516;Active;
05/10/2023;12:15:00;RA;137;nutrient_spiral_NP;YSI;5947;154;295;falling;14:08:00;6780;471;460.7;10.3;4.74933;569.9196;Active;
05/10/2023;12:15:00;RA;137;nutrient_spiral_NP;YSI;5947;154;295;falling;14:10:00;6900;470.1;460.7;9.4;4.33434;520.1208;Active;
05/10/2023;12:15:00;RA;137;nutrient_spiral_NP;YSI;5947;154;295;falling;14:12:00;7020;469.7;460.7;9;4.1499;995.976;Active;
05/10/2023;12:15:00;RA;137;nutrient_spiral_NP;YSI;5947;154;295;falling;14:16:00;7260;468.6;460.7;7.9;3.64269;655.6842;Active;
05/10/2023;12:15:00;RA;137;nutrient_spiral_NP;YSI;5947;154;295;falling;14:19:00;7440;468.4;460.7;7.7;3.55047;426.0564;Active;
05/10/2023;12:15:00;RA;137;nutrient_spiral_NP;YSI;5947;154;295;falling;14:21:00;7560;468.1;460.7;7.4;3.41214;409.4568;Active;
05/10/2023;12:15:00;RA;137;nutrient_spiral_NP;YSI;5947;154;295;falling;14:23:00;7680;467.5;460.7;6.8;3.13548;376.2576;Active;
05/10/2023;12:15:00;RA;137;nutrient_spiral_NP;YSI;5947;154;295;falling;14:25:00;7800;467.1;460.7;6.4;2.95104;531.1872;Active;
05/10/2023;12:15:00;RA;137;nutrient_spiral_NP;YSI;5947;154;295;falling;14:28:00;7980;466.7;460.7;6;2.7666;331.992;Active;
05/10/2023;12:15:00;RA;137;nutrient_spiral_NP;YSI;5947;154;295;falling;14:30:00;8100;466.5;460.7;5.8;2.67438;802.314;Active;
05/10/2023;12:15:00;RA;137;nutrient_spiral_NP;YSI;5947;154;295;falling;14:35:00;8400;465.6;460.7;4.9;2.25939;677.817;Active;
05/10/2023;12:15:00;RA;137;nutrient_spiral_NP;YSI;5947;154;295;falling;14:40:00;8700;464.2;460.7;3.5;1.61385;484.155;Active;
05/10/2023;12:15:00;RA;137;nutrient_spiral_NP;YSI;5947;154;295;falling;14:45:00;9000;463.3;460.7;2.6;1.19886;1438.632;Active;
05/10/2023;12:15:00;RA;137;nutrient_spiral_NP;YSI;5947;154;295;falling;15:05:00;10200;461.9;460.7;1.2;0.55332;0;Active;
06/10/2023;13:06:00;CC;184;nutrient_spiral_NP;YSI;4500;103;199;release;13:06:00;0;337.1;337.1;0;0;0;Non-active;
06/10/2023;13:06:00;CC;184;nutrient_spiral_NP;YSI;4500;103;199;rising;13:23:00;1020;339.9;337.1;2.8;1.29108;77.4648;Non-active;
06/10/2023;13:06:00;CC;184;nutrient_spiral_NP;YSI;4500;103;199;rising;13:24:00;1080;350;337.1;12.9;5.94819;356.8914;Non-active;
06/10/2023;13:06:00;CC;184;nutrient_spiral_NP;YSI;4500;103;199;rising;13:25:00;1140;387.1;337.1;50;23.055;1383.3;Non-active;
06/10/2023;13:06:00;CC;184;nutrient_spiral_NP;YSI;4500;103;199;rising;13:26:00;1200;408.2;337.1;71.1;32.78421;1311.3684;Non-active;
06/10/2023;13:06:00;CC;184;nutrient_spiral_NP;YSI;4500;103;199;rising;13:26:40;1240;427.5;337.1;90.4;41.68344;833.6688;Non-active;
06/10/2023;13:06:00;CC;184;nutrient_spiral_NP;YSI;4500;103;199;rising;13:27:00;1260;429.4;337.1;92.3;42.55953;2553.5718;Non-active;
06/10/2023;13:06:00;CC;184;nutrient_spiral_NP;YSI;4500;103;199;rising;13:28:00;1320;427.3;337.1;90.2;41.59122;2495.4732;Non-active;
06/10/2023;13:06:00;CC;184;nutrient_spiral_NP;YSI;4500;103;199;falling;13:29:00;1380;412.3;337.1;75.2;34.67472;4160.9664;Non-active;
06/10/2023;13:06:00;CC;184;nutrient_spiral_NP;YSI;4500;103;199;falling;13:31:00;1500;400.7;337.1;63.6;29.32596;3519.1152;Non-active;
06/10/2023;13:06:00;CC;184;nutrient_spiral_NP;YSI;4500;103;199;falling;13:33:00;1620;376;337.1;38.9;17.93679;1076.2074;Non-active;
06/10/2023;13:06:00;CC;184;nutrient_spiral_NP;YSI;4500;103;199;falling;13:34:00;1680;367.5;337.1;30.4;14.01744;841.0464;Non-active;
06/10/2023;13:06:00;CC;184;nutrient_spiral_NP;YSI;4500;103;199;falling;13:35:00;1740;361.7;337.1;24.6;11.34306;680.5836;Non-active;
06/10/2023;13:06:00;CC;184;nutrient_spiral_NP;YSI;4500;103;199;falling;13:36:00;1800;358.5;337.1;21.4;9.86754;592.0524;Non-active;
06/10/2023;13:06:00;CC;184;nutrient_spiral_NP;YSI;4500;103;199;falling;13:37:00;1860;353.4;337.1;16.3;7.51593;450.9558;Non-active;
06/10/2023;13:06:00;CC;184;nutrient_spiral_NP;YSI;4500;103;199;falling;13:38:00;1920;348.4;337.1;11.3;5.21043;312.6258;Non-active;
06/10/2023;13:06:00;CC;184;nutrient_spiral_NP;YSI;4500;103;199;falling;13:39:00;1980;346.2;337.1;9.1;4.19601;251.7606;Non-active;
06/10/2023;13:06:00;CC;184;nutrient_spiral_NP;YSI;4500;103;199;falling;13:40:00;2040;344.5;337.1;7.4;3.41214;409.4568;Non-active;
06/10/2023;13:06:00;CC;184;nutrient_spiral_NP;YSI;4500;103;199;falling;13:42:00;2160;341.7;337.1;4.6;2.12106;413.6067;Non-active;
06/10/2023;13:06:00;CC;184;nutrient_spiral_NP;YSI;4500;103;199;falling;13:45:15;2355;339.3;337.1;2.2;1.01442;289.1097;Non-active;
06/10/2023;13:06:00;CC;184;nutrient_spiral_NP;YSI;4500;103;199;falling;13:50:00;2640;337.3;337.1;0.2;0.09222;0;Non-active;
08/10/2023;10:40:00;CB;162;nutrient_spiral_NP;YSI;8275;182;349;release;10:40:00;0;368.3;368.3;0;0;0;Non-active;
08/10/2023;10:40:00;CB;162;nutrient_spiral_NP;YSI;8275;182;349;release;10:41:00;60;368.3;368.3;0;0;0;Non-active;
08/10/2023;10:40:00;CB;162;nutrient_spiral_NP;YSI;8275;182;349;rising;11:04:40;1480;369.4;368.3;1.1;0.50721;20.2884;Non-active;
08/10/2023;10:40:00;CB;162;nutrient_spiral_NP;YSI;8275;182;349;rising;11:05:20;1520;370.3;368.3;2;0.9222;36.888;Non-active;
08/10/2023;10:40:00;CB;162;nutrient_spiral_NP;YSI;8275;182;349;rising;11:06:00;1560;370.5;368.3;2.2;1.01442;30.4326;Non-active;
08/10/2023;10:40:00;CB;162;nutrient_spiral_NP;YSI;8275;182;349;rising;11:06:30;1590;373.1;368.3;4.8;2.21328;44.2656;Non-active;
08/10/2023;10:40:00;CB;162;nutrient_spiral_NP;YSI;8275;182;349;rising;11:06:50;1610;372.1;368.3;3.8;1.75218;17.5218;Non-active;
08/10/2023;10:40:00;CB;162;nutrient_spiral_NP;YSI;8275;182;349;rising;11:07:00;1620;376.6;368.3;8.3;3.82713;76.5426;Non-active;
08/10/2023;10:40:00;CB;162;nutrient_spiral_NP;YSI;8275;182;349;rising;11:07:20;1640;378.5;368.3;10.2;4.70322;235.161;Non-active;
08/10/2023;10:40:00;CB;162;nutrient_spiral_NP;YSI;8275;182;349;rising;11:08:10;1690;390;368.3;21.7;10.00587;300.1761;Non-active;
08/10/2023;10:40:00;CB;162;nutrient_spiral_NP;YSI;8275;182;349;rising;11:08:40;1720;394.2;368.3;25.9;11.94249;358.2747;Non-active;
08/10/2023;10:40:00;CB;162;nutrient_spiral_NP;YSI;8275;182;349;rising;11:09:10;1750;398.3;368.3;30;13.833;414.99;Non-active;
08/10/2023;10:40:00;CB;162;nutrient_spiral_NP;YSI;8275;182;349;rising;11:09:40;1780;393.5;368.3;25.2;11.61972;348.5916;Non-active;
08/10/2023;10:40:00;CB;162;nutrient_spiral_NP;YSI;8275;182;349;rising;11:10:10;1810;405.5;368.3;37.2;17.15292;514.5876;Non-active;
08/10/2023;10:40:00;CB;162;nutrient_spiral_NP;YSI;8275;182;349;rising;11:10:40;1840;395;368.3;26.7;12.31137;492.4548;Non-active;
08/10/2023;10:40:00;CB;162;nutrient_spiral_NP;YSI;8275;182;349;rising;11:11:20;1880;414;368.3;45.7;21.07227;1264.3362;Non-active;
08/10/2023;10:40:00;CB;162;nutrient_spiral_NP;YSI;8275;182;349;rising;11:12:20;1940;415.7;368.3;47.4;21.85614;1311.3684;Non-active;
08/10/2023;10:40:00;CB;162;nutrient_spiral_NP;YSI;8275;182;349;rising;11:13:20;2000;417.5;368.3;49.2;22.68612;1361.1672;Non-active;
08/10/2023;10:40:00;CB;162;nutrient_spiral_NP;YSI;8275;182;349;falling;11:14:20;2060;416;368.3;47.7;21.99447;1319.6682;Non-active;
08/10/2023;10:40:00;CB;162;nutrient_spiral_NP;YSI;8275;182;349;falling;11:15:20;2120;412.1;368.3;43.8;20.19618;1211.7708;Non-active;
08/10/2023;10:40:00;CB;162;nutrient_spiral_NP;YSI;8275;182;349;falling;11:16:20;2180;411.5;368.3;43.2;19.91952;1195.1712;Non-active;
08/10/2023;10:40:00;CB;162;nutrient_spiral_NP;YSI;8275;182;349;falling;11:17:20;2240;408.4;368.3;40.1;18.49011;3328.2198;Non-active;
08/10/2023;10:40:00;CB;162;nutrient_spiral_NP;YSI;8275;182;349;falling;11:20:20;2420;400.5;368.3;32.2;14.84742;2672.5356;Non-active;
08/10/2023;10:40:00;CB;162;nutrient_spiral_NP;YSI;8275;182;349;falling;11:23:20;2600;390.5;368.3;22.2;10.23642;1842.5556;Non-active;
08/10/2023;10:40:00;CB;162;nutrient_spiral_NP;YSI;8275;182;349;falling;11:26:20;2780;385.3;368.3;17;7.8387;1881.288;Non-active;
08/10/2023;10:40:00;CB;162;nutrient_spiral_NP;YSI;8275;182;349;falling;11:30:20;3020;379.5;368.3;11.2;5.16432;1549.296;Non-active;
08/10/2023;10:40:00;CB;162;nutrient_spiral_NP;YSI;8275;182;349;falling;11:35:20;3320;376;368.3;7.7;3.55047;1065.141;Non-active;
08/10/2023;10:40:00;CB;162;nutrient_spiral_NP;YSI;8275;182;349;falling;11:40:20;3620;372.6;368.3;4.3;1.98273;594.819;Non-active;
08/10/2023;10:40:00;CB;162;nutrient_spiral_NP;YSI;8275;182;349;falling;11:45:20;3920;370.9;368.3;2.6;1.19886;359.658;Non-active;
08/10/2023;10:40:00;CB;162;nutrient_spiral_NP;YSI;8275;182;349;falling;11:50:20;4220;369.8;368.3;1.5;0.69165;408.0735;Non-active;
08/10/2023;10:40:00;CB;162;nutrient_spiral_NP;YSI;8275;182;349;falling;12:00:10;4810;369.2;368.3;0.9;0.41499;0;Non-active;
09/10/2023;11:24:00;CD;52;nutrient_spiral_NP;YSI;1755;46;89;release;11:24:00;2640;416.6;416.6;0;0;0;Active;
09/10/2023;11:24:00;CD;52;nutrient_spiral_NP;YSI;1755;46;89;release;11:25:00;0;416.6;416.6;0;0;0;Active;
09/10/2023;11:24:00;CD;52;nutrient_spiral_NP;YSI;1755;46;89;rising;11:37:20;740;417.2;416.6;0.6;0.27666;11.0664;Active;
09/10/2023;11:24:00;CD;52;nutrient_spiral_NP;YSI;1755;46;89;rising;11:38:00;780;417.4;416.6;0.8;0.36888;14.7552;Active;
09/10/2023;11:24:00;CD;52;nutrient_spiral_NP;YSI;1755;46;89;rising;11:38:40;820;418.1;416.6;1.5;0.69165;0;Active;
09/10/2023;11:24:00;CD;52;nutrient_spiral_NP;YSI;1755;46;89;rising;11:38:40;820;418.6;416.6;2;0.9222;36.888;Active;
09/10/2023;11:24:00;CD;52;nutrient_spiral_NP;YSI;1755;46;89;rising;11:39:20;860;421.5;416.6;4.9;2.25939;180.7512;Active;
09/10/2023;11:24:00;CD;52;nutrient_spiral_NP;YSI;1755;46;89;rising;11:40:40;940;433.3;416.6;16.7;7.70037;231.0111;Active;
09/10/2023;11:24:00;CD;52;nutrient_spiral_NP;YSI;1755;46;89;rising;11:41:10;970;440.7;416.6;24.1;11.11251;666.7506;Active;
09/10/2023;11:24:00;CD;52;nutrient_spiral_NP;YSI;1755;46;89;rising;11:42:10;1030;451.6;416.6;35;16.1385;484.155;Active;
09/10/2023;11:24:00;CD;52;nutrient_spiral_NP;YSI;1755;46;89;rising;11:42:40;1060;456;416.6;39.4;18.16734;545.0202;Active;
09/10/2023;11:24:00;CD;52;nutrient_spiral_NP;YSI;1755;46;89;rising;11:43:10;1090;462.3;416.6;45.7;21.07227;632.1681;Active;
09/10/2023;11:24:00;CD;52;nutrient_spiral_NP;YSI;1755;46;89;rising;11:43:40;1120;463.8;416.6;47.2;21.76392;652.9176;Active;
09/10/2023;11:24:00;CD;52;nutrient_spiral_NP;YSI;1755;46;89;rising;11:44:10;1150;472.7;416.6;56.1;25.86771;1552.0626;Active;
09/10/2023;11:24:00;CD;52;nutrient_spiral_NP;YSI;1755;46;89;rising;11:45:10;1210;476.2;416.6;59.6;27.48156;1648.8936;Active;
09/10/2023;11:24:00;CD;52;nutrient_spiral_NP;YSI;1755;46;89;rising;11:46:10;1270;479.6;416.6;63;29.0493;1742.958;Active;
09/10/2023;11:24:00;CD;52;nutrient_spiral_NP;YSI;1755;46;89;rising;11:47:10;1330;479.6;416.6;63;29.0493;1742.958;Active;
09/10/2023;11:24:00;CD;52;nutrient_spiral_NP;YSI;1755;46;89;falling;11:48:10;1390;477.5;416.6;60.9;28.08099;1684.8594;Active;
09/10/2023;11:24:00;CD;52;nutrient_spiral_NP;YSI;1755;46;89;falling;11:49:10;1450;476.2;416.6;59.6;27.48156;1648.8936;Active;
09/10/2023;11:24:00;CD;52;nutrient_spiral_NP;YSI;1755;46;89;falling;11:50:10;1510;474.9;416.6;58.3;26.88213;1344.1065;Active;
09/10/2023;11:24:00;CD;52;nutrient_spiral_NP;YSI;1755;46;89;falling;11:51:00;1560;473.6;416.6;57;26.2827;1839.789;Active;
09/10/2023;11:24:00;CD;52;nutrient_spiral_NP;YSI;1755;46;89;falling;11:52:10;1630;472.6;416.6;56;25.8216;3098.592;Active;
09/10/2023;11:24:00;CD;52;nutrient_spiral_NP;YSI;1755;46;89;falling;11:54:10;1750;468;416.6;51.4;23.70054;7110.162;Active;
09/10/2023;11:24:00;CD;52;nutrient_spiral_NP;YSI;1755;46;89;falling;11:59:10;2050;454.9;416.6;38.3;17.66013;5298.039;Active;
09/10/2023;11:24:00;CD;52;nutrient_spiral_NP;YSI;1755;46;89;falling;12:04:10;2350;447.1;416.6;30.5;14.06355;4219.065;Active;
09/10/2023;11:24:00;CD;52;nutrient_spiral_NP;YSI;1755;46;89;falling;12:09:10;2650;439.1;416.6;22.5;10.37475;3112.425;Active;
09/10/2023;11:24:00;CD;52;nutrient_spiral_NP;YSI;1755;46;89;falling;12:14:10;2950;435;416.6;18.4;8.48424;2545.272;Active;
09/10/2023;11:24:00;CD;52;nutrient_spiral_NP;YSI;1755;46;89;falling;12:19:10;3250;430.2;416.6;13.6;6.27096;1881.288;Active;
09/10/2023;11:24:00;CD;52;nutrient_spiral_NP;YSI;1755;46;89;falling;12:24:10;3550;426.1;416.6;9.5;4.38045;1336.03725;Active;
09/10/2023;11:24:00;CD;52;nutrient_spiral_NP;YSI;1755;46;89;falling;12:29:15;3855;423.3;416.6;6.7;3.08937;5885.24985;Active;
09/10/2023;11:24:00;CD;52;nutrient_spiral_NP;YSI;1755;46;89;falling;13:01:00;5760;417.5;416.6;0.9;0.41499;0;Active;
10/10/2023;11:45:00;SA;200;nutrient_spiral_NP;YSI;3139;155;298;release;12:45:00;0;5.1;5.1;0;0;0;NA;
10/10/2023;11:45:00;SA;200;nutrient_spiral_NP;YSI;3139;155;298;rising;12:46:00;60;5.1;5.1;0;0;0;NA;
10/10/2023;11:45:00;SA;200;nutrient_spiral_NP;YSI;3139;155;298;rising;13:10:00;1500;6.7;5.1;1.6;0.73776;29.5104;NA;
10/10/2023;11:45:00;SA;200;nutrient_spiral_NP;YSI;3139;155;298;rising;13:10:40;1540;8.2;5.1;3.1;1.42941;57.1764;NA;
10/10/2023;11:45:00;SA;200;nutrient_spiral_NP;YSI;3139;155;298;rising;13:11:20;1580;9.9;5.1;4.8;2.21328;88.5312;NA;
10/10/2023;11:45:00;SA;200;nutrient_spiral_NP;YSI;3139;155;298;rising;13:12:00;1620;12.3;5.1;7.2;3.31992;132.7968;NA;
10/10/2023;11:45:00;SA;200;nutrient_spiral_NP;YSI;3139;155;298;rising;13:12:40;1660;14.2;5.1;9.1;4.19601;83.9202;NA;
10/10/2023;11:45:00;SA;200;nutrient_spiral_NP;YSI;3139;155;298;rising;13:13:00;1680;16.2;5.1;11.1;5.11821;153.5463;NA;
10/10/2023;11:45:00;SA;200;nutrient_spiral_NP;YSI;3139;155;298;rising;13:13:30;1710;17.8;5.1;12.7;5.85597;175.6791;NA;
10/10/2023;11:45:00;SA;200;nutrient_spiral_NP;YSI;3139;155;298;rising;13:14:00;1740;19.1;5.1;14;6.4554;193.662;NA;
10/10/2023;11:45:00;SA;200;nutrient_spiral_NP;YSI;3139;155;298;rising;13:14:30;1770;21.3;5.1;16.2;7.46982;224.0946;NA;
10/10/2023;11:45:00;SA;200;nutrient_spiral_NP;YSI;3139;155;298;rising;13:15:00;1800;23.4;5.1;18.3;8.43813;253.1439;NA;
10/10/2023;11:45:00;SA;200;nutrient_spiral_NP;YSI;3139;155;298;rising;13:15:30;1830;24.9;5.1;19.8;9.12978;273.8934;NA;
10/10/2023;11:45:00;SA;200;nutrient_spiral_NP;YSI;3139;155;298;rising;13:16:00;1860;26.8;5.1;21.7;10.00587;300.1761;NA;
10/10/2023;11:45:00;SA;200;nutrient_spiral_NP;YSI;3139;155;298;rising;13:16:30;1890;28.1;5.1;23;10.6053;424.212;NA;
10/10/2023;11:45:00;SA;200;nutrient_spiral_NP;YSI;3139;155;298;rising;13:17:10;1930;29.5;5.1;24.4;11.25084;450.0336;NA;
10/10/2023;11:45:00;SA;200;nutrient_spiral_NP;YSI;3139;155;298;rising;13:17:50;1970;30.6;5.1;25.5;11.75805;470.322;NA;
10/10/2023;11:45:00;SA;200;nutrient_spiral_NP;YSI;3139;155;298;rising;13:18:30;2010;31.7;5.1;26.6;12.26526;932.15976;NA;
10/10/2023;11:45:00;SA;200;nutrient_spiral_NP;YSI;3139;155;298;rising;13:19:46;2086;32.3;5.1;27.2;12.54192;2245.00368;NA;
10/10/2023;11:45:00;SA;200;nutrient_spiral_NP;YSI;3139;155;298;falling;13:22:45;2265;30.1;5.1;25;11.5275;2074.95;NA;
10/10/2023;11:45:00;SA;200;nutrient_spiral_NP;YSI;3139;155;298;falling;13:25:45;2445;25.5;5.1;20.4;9.40644;1128.7728;NA;
10/10/2023;11:45:00;SA;200;nutrient_spiral_NP;YSI;3139;155;298;falling;13:27:45;2565;21.8;5.1;16.7;7.70037;924.0444;NA;
10/10/2023;11:45:00;SA;200;nutrient_spiral_NP;YSI;3139;155;298;falling;13:29:45;2685;19.2;5.1;14.1;6.50151;780.1812;NA;
10/10/2023;11:45:00;SA;200;nutrient_spiral_NP;YSI;3139;155;298;falling;13:31:45;2805;16.7;5.1;11.6;5.34876;1283.7024;NA;
10/10/2023;11:45:00;SA;200;nutrient_spiral_NP;YSI;3139;155;298;falling;13:35:45;3045;13.2;5.1;8.1;3.73491;672.2838;NA;
10/10/2023;11:45:00;SA;200;nutrient_spiral_NP;YSI;3139;155;298;falling;13:38:45;3225;11.3;5.1;6.2;2.85882;514.5876;NA;
10/10/2023;11:45:00;SA;200;nutrient_spiral_NP;YSI;3139;155;298;falling;13:41:45;3405;9.8;5.1;4.7;2.16717;520.1208;NA;
10/10/2023;11:45:00;SA;200;nutrient_spiral_NP;YSI;3139;155;298;falling;13:45:45;3645;8.6;5.1;3.5;1.61385;677.817;NA;
10/10/2023;11:45:00;SA;200;nutrient_spiral_NP;YSI;3139;155;298;falling;13:52:45;4065;7.3;5.1;2.2;1.01442;365.1912;NA;
10/10/2023;11:45:00;SA;200;nutrient_spiral_NP;YSI;3139;155;298;falling;13:58:45;4425;6.5;5.1;1.4;0.64554;697.1832;NA;
10/10/2023;11:45:00;SA;200;nutrient_spiral_NP;YSI;3139;155;298;falling;14:16:45;5505;5.6;5.1;0.5;0.23055;0;NA;
11/10/2023;10:40:00;RS;408;nutrient_spiral_NP;YSI;10448;484;924;release;10:40:40;0;368.4;368.4;0;0;0;Non-active;
11/10/2023;10:40:00;RS;408;nutrient_spiral_NP;YSI;10448;484;924;release;10:41:40;60;368.4;368.4;0;0;0;Non-active;
11/10/2023;10:40:00;RS;408;nutrient_spiral_NP;YSI;10448;484;924;rising;11:02:25;1305;369.7;368.4;1.3;0.59943;35.9658;Non-active;
11/10/2023;10:40:00;RS;408;nutrient_spiral_NP;YSI;10448;484;924;rising;11:03:25;1365;370.5;368.4;2.1;0.96831;48.4155;Non-active;
11/10/2023;10:40:00;RS;408;nutrient_spiral_NP;YSI;10448;484;924;rising;11:04:15;1415;373.2;368.4;4.8;2.21328;88.5312;Non-active;
11/10/2023;10:40:00;RS;408;nutrient_spiral_NP;YSI;10448;484;924;rising;11:04:55;1455;376.5;368.4;8.1;3.73491;168.07095;Non-active;
11/10/2023;10:40:00;RS;408;nutrient_spiral_NP;YSI;10448;484;924;rising;11:05:40;1500;380.4;368.4;12;5.5332;221.328;Non-active;
11/10/2023;10:40:00;RS;408;nutrient_spiral_NP;YSI;10448;484;924;rising;11:06:20;1540;379.2;368.4;10.8;4.97988;99.5976;Non-active;
11/10/2023;10:40:00;RS;408;nutrient_spiral_NP;YSI;10448;484;924;rising;11:06:40;1560;385.2;368.4;16.8;7.74648;232.3944;Non-active;
11/10/2023;10:40:00;RS;408;nutrient_spiral_NP;YSI;10448;484;924;rising;11:07:10;1590;384;368.4;15.6;7.19316;143.8632;Non-active;
11/10/2023;10:40:00;RS;408;nutrient_spiral_NP;YSI;10448;484;924;rising;11:07:30;1610;387;368.4;18.6;8.57646;514.5876;Non-active;
11/10/2023;10:40:00;RS;408;nutrient_spiral_NP;YSI;10448;484;924;rising;11:08:30;1670;387.3;368.4;18.9;8.71479;522.8874;Non-active;
11/10/2023;10:40:00;RS;408;nutrient_spiral_NP;YSI;10448;484;924;rising;11:09:30;1730;387.8;368.4;19.4;8.94534;1610.1612;Non-active;
11/10/2023;10:40:00;RS;408;nutrient_spiral_NP;YSI;10448;484;924;falling;11:12:30;1910;386.4;368.4;18;8.2998;580.986;Non-active;
11/10/2023;10:40:00;RS;408;nutrient_spiral_NP;YSI;10448;484;924;falling;11:13:40;1980;384.6;368.4;16.2;7.46982;896.3784;Non-active;
11/10/2023;10:40:00;RS;408;nutrient_spiral_NP;YSI;10448;484;924;falling;11:15:40;2100;384.8;368.4;16.4;7.56204;907.4448;Non-active;
11/10/2023;10:40:00;RS;408;nutrient_spiral_NP;YSI;10448;484;924;falling;11:17:40;2220;380;368.4;11.6;5.34876;641.8512;Non-active;
11/10/2023;10:40:00;RS;408;nutrient_spiral_NP;YSI;10448;484;924;falling;11:19:40;2340;379.4;368.4;11;5.0721;912.978;Non-active;
11/10/2023;10:40:00;RS;408;nutrient_spiral_NP;YSI;10448;484;924;falling;11:22:40;2520;374.8;368.4;6.4;2.95104;531.1872;Non-active;
11/10/2023;10:40:00;RS;408;nutrient_spiral_NP;YSI;10448;484;924;falling;11:25:40;2700;373;368.4;4.6;2.12106;381.7908;Non-active;
11/10/2023;10:40:00;RS;408;nutrient_spiral_NP;YSI;10448;484;924;falling;11:28:40;2880;371.8;368.4;3.4;1.56774;376.2576;Non-active;
11/10/2023;10:40:00;RS;408;nutrient_spiral_NP;YSI;10448;484;924;falling;11:32:40;3120;370.3;368.4;1.9;0.87609;420.5232;Non-active;
11/10/2023;10:40:00;RS;408;nutrient_spiral_NP;YSI;10448;484;924;falling;11:40:40;3600;369.4;368.4;1;0.4611;0;Non-active;
11/10/2023;14:06:10;SR;72;nutrient_spiral_NP;YSI;638;2.07;4.02;release;14:06:10;0;451;451;0;0;0;Active;
11/10/2023;14:06:10;SR;72;nutrient_spiral_NP;YSI;638;2.07;4.02;release;14:07:35;85;451;451;0;0;0;Active;
11/10/2023;14:06:10;SR;72;nutrient_spiral_NP;YSI;638;2.07;4.02;release;14:15:30;560;451;451;0;0;0;Active;
11/10/2023;14:06:10;SR;72;nutrient_spiral_NP;YSI;638;2.07;4.02;rising;14:16:00;590;454.6;451;3.6;1.65996;49.7988;Active;
11/10/2023;14:06:10;SR;72;nutrient_spiral_NP;YSI;638;2.07;4.02;rising;14:16:30;620;460;451;9;4.1499;82.998;Active;
11/10/2023;14:06:10;SR;72;nutrient_spiral_NP;YSI;638;2.07;4.02;rising;14:16:50;640;470;451;19;8.7609;175.218;Active;
11/10/2023;14:06:10;SR;72;nutrient_spiral_NP;YSI;638;2.07;4.02;rising;14:17:10;660;483.3;451;32.3;14.89353;297.8706;Active;
11/10/2023;14:06:10;SR;72;nutrient_spiral_NP;YSI;638;2.07;4.02;rising;14:17:30;680;500;451;49;22.5939;451.878;Active;
11/10/2023;14:06:10;SR;72;nutrient_spiral_NP;YSI;638;2.07;4.02;rising;14:17:50;700;526;451;75;34.5825;691.65;Active;
11/10/2023;14:06:10;SR;72;nutrient_spiral_NP;YSI;638;2.07;4.02;rising;14:18:10;720;547;451;96;44.2656;885.312;Active;
11/10/2023;14:06:10;SR;72;nutrient_spiral_NP;YSI;638;2.07;4.02;rising;14:18:30;740;565;451;114;52.5654;1051.308;Active;
11/10/2023;14:06:10;SR;72;nutrient_spiral_NP;YSI;638;2.07;4.02;rising;14:18:50;760;596;451;145;66.8595;1337.19;Active;
11/10/2023;14:06:10;SR;72;nutrient_spiral_NP;YSI;638;2.07;4.02;rising;14:19:10;780;620;451;169;77.9259;1558.518;Active;
11/10/2023;14:06:10;SR;72;nutrient_spiral_NP;YSI;638;2.07;4.02;rising;14:19:30;800;644;451;193;88.9923;1779.846;Active;
11/10/2023;14:06:10;SR;72;nutrient_spiral_NP;YSI;638;2.07;4.02;rising;14:19:50;820;673;451;222;102.3642;2047.284;Active;
11/10/2023;14:06:10;SR;72;nutrient_spiral_NP;YSI;638;2.07;4.02;rising;14:20:10;840;695;451;244;112.5084;2250.168;Active;
11/10/2023;14:06:10;SR;72;nutrient_spiral_NP;YSI;638;2.07;4.02;rising;14:20:30;860;707;451;256;118.0416;2360.832;Active;
11/10/2023;14:06:10;SR;72;nutrient_spiral_NP;YSI;638;2.07;4.02;rising;14:20:50;880;735;451;284;130.9524;2619.048;Active;
11/10/2023;14:06:10;SR;72;nutrient_spiral_NP;YSI;638;2.07;4.02;rising;14:21:10;900;743;451;292;134.6412;2692.824;Active;
11/10/2023;14:06:10;SR;72;nutrient_spiral_NP;YSI;638;2.07;4.02;rising;14:21:30;920;760;451;309;142.4799;2849.598;Active;
11/10/2023;14:06:10;SR;72;nutrient_spiral_NP;YSI;638;2.07;4.02;rising;14:21:50;940;768;451;317;146.1687;2923.374;Active;
11/10/2023;14:06:10;SR;72;nutrient_spiral_NP;YSI;638;2.07;4.02;rising;14:22:10;960;773;451;322;148.4742;4454.226;Active;
11/10/2023;14:06:10;SR;72;nutrient_spiral_NP;YSI;638;2.07;4.02;rising;14:22:40;990;778;451;327;150.7797;4523.391;Active;
11/10/2023;14:06:10;SR;72;nutrient_spiral_NP;YSI;638;2.07;4.02;rising;14:23:10;1020;779;451;328;151.2408;9074.448;Active;
11/10/2023;14:06:10;SR;72;nutrient_spiral_NP;YSI;638;2.07;4.02;falling;14:24:10;1080;767;451;316;145.7076;8742.456;Active;
11/10/2023;14:06:10;SR;72;nutrient_spiral_NP;YSI;638;2.07;4.02;falling;14:25:10;1140;746;451;295;136.0245;2720.49;Active;
11/10/2023;14:06:10;SR;72;nutrient_spiral_NP;YSI;638;2.07;4.02;falling;14:25:30;1160;736;451;285;131.4135;3942.405;Active;
11/10/2023;14:06:10;SR;72;nutrient_spiral_NP;YSI;638;2.07;4.02;falling;14:26:00;1190;722;451;271;124.9581;3748.743;Active;
11/10/2023;14:06:10;SR;72;nutrient_spiral_NP;YSI;638;2.07;4.02;falling;14:26:30;1220;704;451;253;116.6583;3499.749;Active;
11/10/2023;14:06:10;SR;72;nutrient_spiral_NP;YSI;638;2.07;4.02;falling;14:27:00;1250;693;451;242;111.5862;33475.86;Active;
11/10/2023;14:06:10;SR;72;nutrient_spiral_NP;YSI;638;2.07;4.02;falling;14:27:00;1550;601;451;150;69.165;10374.75;Active;estimated
11/10/2023;14:06:10;SR;72;nutrient_spiral_NP;YSI;638;2.07;4.02;falling;14:27:00;1700;570;451;119;54.8709;5487.09;Active;estimated
11/10/2023;14:06:10;SR;72;nutrient_spiral_NP;YSI;638;2.07;4.02;falling;14:27:00;1800;550;451;99;45.6489;13694.67;Active;estimated
11/10/2023;14:06:10;SR;72;nutrient_spiral_NP;YSI;638;2.07;4.02;falling;14:27:00;2100;500;451;49;22.5939;11296.95;Active;estimated
11/10/2023;14:06:10;SR;72;nutrient_spiral_NP;YSI;638;2.07;4.02;falling;14:49:30;2600;455.4;451;4.4;2.02884;0;Active;
02/02/2023;13:38:00;CC;126;discharge;Hanna;4200;0;0;release;13:38:00;0;336;336;0;0;0;Non-active;
02/02/2023;13:38:00;CC;126;discharge;Hanna;4200;0;0;rising;13:46:00;480;343;336;7;3.2277;16.1385;Non-active;
02/02/2023;13:38:00;CC;126;discharge;Hanna;4200;0;0;rising;13:46:05;485;349;336;13;5.9943;29.9715;Non-active;
02/02/2023;13:38:00;CC;126;discharge;Hanna;4200;0;0;rising;13:46:10;490;359;336;23;10.6053;53.0265;Non-active;
02/02/2023;13:38:00;CC;126;discharge;Hanna;4200;0;0;rising;13:46:15;495;357;336;21;9.6831;48.4155;Non-active;
02/02/2023;13:38:00;CC;126;discharge;Hanna;4200;0;0;rising;13:46:20;500;368;336;32;14.7552;73.776;Non-active;
02/02/2023;13:38:00;CC;126;discharge;Hanna;4200;0;0;rising;13:46:25;505;373;336;37;17.0607;85.3035;Non-active;
02/02/2023;13:38:00;CC;126;discharge;Hanna;4200;0;0;rising;13:46:30;510;381;336;45;20.7495;103.7475;Non-active;
02/02/2023;13:38:00;CC;126;discharge;Hanna;4200;0;0;rising;13:46:35;515;385;336;49;22.5939;112.9695;Non-active;
02/02/2023;13:38:00;CC;126;discharge;Hanna;4200;0;0;rising;13:46:40;520;389;336;53;24.4383;122.1915;Non-active;
02/02/2023;13:38:00;CC;126;discharge;Hanna;4200;0;0;rising;13:46:45;525;401;336;65;29.9715;149.8575;Non-active;
02/02/2023;13:38:00;CC;126;discharge;Hanna;4200;0;0;rising;13:46:50;530;418;336;82;37.8102;189.051;Non-active;
02/02/2023;13:38:00;CC;126;discharge;Hanna;4200;0;0;rising;13:46:55;535;415;336;79;36.4269;182.1345;Non-active;
02/02/2023;13:38:00;CC;126;discharge;Hanna;4200;0;0;rising;13:47:00;540;437;336;101;46.5711;232.8555;Non-active;
02/02/2023;13:38:00;CC;126;discharge;Hanna;4200;0;0;rising;13:47:05;545;451;336;115;53.0265;265.1325;Non-active;
02/02/2023;13:38:00;CC;126;discharge;Hanna;4200;0;0;rising;13:47:10;550;446;336;110;50.721;253.605;Non-active;
02/02/2023;13:38:00;CC;126;discharge;Hanna;4200;0;0;rising;13:47:15;555;470;336;134;61.7874;308.937;Non-active;
02/02/2023;13:38:00;CC;126;discharge;Hanna;4200;0;0;rising;13:47:20;560;471;336;135;62.2485;311.2425;Non-active;
02/02/2023;13:38:00;CC;126;discharge;Hanna;4200;0;0;rising;13:47:25;565;469;336;133;61.3263;306.6315;Non-active;
02/02/2023;13:38:00;CC;126;discharge;Hanna;4200;0;0;rising;13:47:30;570;462;336;126;58.0986;290.493;Non-active;
02/02/2023;13:38:00;CC;126;discharge;Hanna;4200;0;0;rising;13:47:35;575;459;336;123;56.7153;283.5765;Non-active;
02/02/2023;13:38:00;CC;126;discharge;Hanna;4200;0;0;rising;13:47:40;580;447;336;111;51.1821;255.9105;Non-active;
02/02/2023;13:38:00;CC;126;discharge;Hanna;4200;0;0;rising;13:47:45;585;481;336;145;66.8595;334.2975;Non-active;
02/02/2023;13:38:00;CC;126;discharge;Hanna;4200;0;0;rising;13:47:50;590;476;336;140;64.554;322.77;Non-active;
02/02/2023;13:38:00;CC;126;discharge;Hanna;4200;0;0;rising;13:47:55;595;477;336;141;65.0151;325.0755;Non-active;
02/02/2023;13:38:00;CC;126;discharge;Hanna;4200;0;0;falling;13:48:00;600;476;336;140;64.554;322.77;Non-active;
02/02/2023;13:38:00;CC;126;discharge;Hanna;4200;0;0;falling;13:48:05;605;471;336;135;62.2485;311.2425;Non-active;
02/02/2023;13:38:00;CC;126;discharge;Hanna;4200;0;0;falling;13:48:10;610;472;336;136;62.7096;313.548;Non-active;
02/02/2023;13:38:00;CC;126;discharge;Hanna;4200;0;0;falling;13:48:15;615;473;336;137;63.1707;315.8535;Non-active;
02/02/2023;13:38:00;CC;126;discharge;Hanna;4200;0;0;falling;13:48:20;620;473;336;137;63.1707;315.8535;Non-active;
02/02/2023;13:38:00;CC;126;discharge;Hanna;4200;0;0;falling;13:48:25;625;444;336;108;49.7988;248.994;Non-active;
02/02/2023;13:38:00;CC;126;discharge;Hanna;4200;0;0;falling;13:48:30;630;450;336;114;52.5654;262.827;Non-active;
02/02/2023;13:38:00;CC;126;discharge;Hanna;4200;0;0;falling;13:48:35;635;454;336;118;54.4098;272.049;Non-active;
02/02/2023;13:38:00;CC;126;discharge;Hanna;4200;0;0;falling;13:48:40;640;456;336;120;55.332;276.66;Non-active;
02/02/2023;13:38:00;CC;126;discharge;Hanna;4200;0;0;falling;13:48:45;645;468;336;132;60.8652;304.326;Non-active;
02/02/2023;13:38:00;CC;126;discharge;Hanna;4200;0;0;falling;13:48:50;650;460;336;124;57.1764;285.882;Non-active;
02/02/2023;13:38:00;CC;126;discharge;Hanna;4200;0;0;falling;13:48:55;655;468;336;132;60.8652;304.326;Non-active;
02/02/2023;13:38:00;CC;126;discharge;Hanna;4200;0;0;falling;13:49:00;660;460;336;124;57.1764;285.882;Non-active;
02/02/2023;13:38:00;CC;126;discharge;Hanna;4200;0;0;falling;13:49:05;665;439;336;103;47.4933;237.4665;Non-active;
02/02/2023;13:38:00;CC;126;discharge;Hanna;4200;0;0;falling;13:49:10;670;440;336;104;47.9544;239.772;Non-active;
02/02/2023;13:38:00;CC;126;discharge;Hanna;4200;0;0;falling;13:49:15;675;428;336;92;42.4212;212.106;Non-active;
02/02/2023;13:38:00;CC;126;discharge;Hanna;4200;0;0;falling;13:49:20;680;429;336;93;42.8823;214.4115;Non-active;
02/02/2023;13:38:00;CC;126;discharge;Hanna;4200;0;0;falling;13:49:25;685;423;336;87;40.1157;200.5785;Non-active;
02/02/2023;13:38:00;CC;126;discharge;Hanna;4200;0;0;falling;13:49:30;690;417;336;81;37.3491;186.7455;Non-active;
02/02/2023;13:38:00;CC;126;discharge;Hanna;4200;0;0;falling;13:49:35;695;415;336;79;36.4269;182.1345;Non-active;
02/02/2023;13:38:00;CC;126;discharge;Hanna;4200;0;0;falling;13:49:40;700;389;336;53;24.4383;122.1915;Non-active;
02/02/2023;13:38:00;CC;126;discharge;Hanna;4200;0;0;falling;13:49:45;705;391;336;55;25.3605;126.8025;Non-active;
02/02/2023;13:38:00;CC;126;discharge;Hanna;4200;0;0;falling;13:49:50;710;396;336;60;27.666;138.33;Non-active;
02/02/2023;13:38:00;CC;126;discharge;Hanna;4200;0;0;falling;13:49:55;715;398;336;62;28.5882;142.941;Non-active;
02/02/2023;13:38:00;CC;126;discharge;Hanna;4200;0;0;falling;13:50:00;720;404;336;68;31.3548;156.774;Non-active;
02/02/2023;13:38:00;CC;126;discharge;Hanna;4200;0;0;falling;13:50:05;725;410;336;74;34.1214;170.607;Non-active;
02/02/2023;13:38:00;CC;126;discharge;Hanna;4200;0;0;falling;13:50:10;730;413;336;77;35.5047;177.5235;Non-active;
02/02/2023;13:38:00;CC;126;discharge;Hanna;4200;0;0;falling;13:50:15;735;370;336;34;15.6774;78.387;Non-active;
02/02/2023;13:38:00;CC;126;discharge;Hanna;4200;0;0;falling;13:50:20;740;372;336;36;16.5996;82.998;Non-active;
02/02/2023;13:38:00;CC;126;discharge;Hanna;4200;0;0;falling;13:50:25;745;376;336;40;18.444;92.22;Non-active;
02/02/2023;13:38:00;CC;126;discharge;Hanna;4200;0;0;falling;13:50:30;750;377;336;41;18.9051;94.5255;Non-active;
02/02/2023;13:38:00;CC;126;discharge;Hanna;4200;0;0;falling;13:50:35;755;382;336;46;21.2106;106.053;Non-active;
02/02/2023;13:38:00;CC;126;discharge;Hanna;4200;0;0;falling;13:50:40;760;387;336;51;23.5161;117.5805;Non-active;
02/02/2023;13:38:00;CC;126;discharge;Hanna;4200;0;0;falling;13:50:45;765;388;336;52;23.9772;119.886;Non-active;
02/02/2023;13:38:00;CC;126;discharge;Hanna;4200;0;0;falling;13:50:50;770;381;336;45;20.7495;103.7475;Non-active;
02/02/2023;13:38:00;CC;126;discharge;Hanna;4200;0;0;falling;13:50:55;775;372;336;36;16.5996;82.998;Non-active;
02/02/2023;13:38:00;CC;126;discharge;Hanna;4200;0;0;falling;13:51:00;780;371;336;35;16.1385;80.6925;Non-active;
02/02/2023;13:38:00;CC;126;discharge;Hanna;4200;0;0;falling;13:51:05;785;376;336;40;18.444;92.22;Non-active;
02/02/2023;13:38:00;CC;126;discharge;Hanna;4200;0;0;falling;13:51:10;790;365;336;29;13.3719;66.8595;Non-active;
02/02/2023;13:38:00;CC;126;discharge;Hanna;4200;0;0;falling;13:51:15;795;361;336;25;11.5275;57.6375;Non-active;
02/02/2023;13:38:00;CC;126;discharge;Hanna;4200;0;0;falling;13:51:20;800;359;336;23;10.6053;53.0265;Non-active;
02/02/2023;13:38:00;CC;126;discharge;Hanna;4200;0;0;falling;13:51:25;805;358;336;22;10.1442;50.721;Non-active;
02/02/2023;13:38:00;CC;126;discharge;Hanna;4200;0;0;falling;13:51:30;810;356;336;20;9.222;46.11;Non-active;
02/02/2023;13:38:00;CC;126;discharge;Hanna;4200;0;0;falling;13:51:35;815;353;336;17;7.8387;39.1935;Non-active;
02/02/2023;13:38:00;CC;126;discharge;Hanna;4200;0;0;falling;13:51:40;820;354;336;18;8.2998;41.499;Non-active;
02/02/2023;13:38:00;CC;126;discharge;Hanna;4200;0;0;falling;13:51:45;825;347;336;11;5.0721;25.3605;Non-active;
02/02/2023;13:38:00;CC;126;discharge;Hanna;4200;0;0;falling;13:51:50;830;348;336;12;5.5332;27.666;Non-active;
02/02/2023;13:38:00;CC;126;discharge;Hanna;4200;0;0;falling;13:51:55;835;349;336;13;5.9943;29.9715;Non-active;
02/02/2023;13:38:00;CC;126;discharge;Hanna;4200;0;0;falling;13:52:00;840;349;336;13;5.9943;29.9715;Non-active;
02/02/2023;13:38:00;CC;126;discharge;Hanna;4200;0;0;falling;13:52:05;845;350;336;14;6.4554;32.277;Non-active;
02/02/2023;13:38:00;CC;126;discharge;Hanna;4200;0;0;falling;13:52:10;850;351;336;15;6.9165;34.5825;Non-active;
02/02/2023;13:38:00;CC;126;discharge;Hanna;4200;0;0;falling;13:52:15;855;350;336;14;6.4554;32.277;Non-active;
02/02/2023;13:38:00;CC;126;discharge;Hanna;4200;0;0;falling;13:52:20;860;352;336;16;7.3776;36.888;Non-active;
02/02/2023;13:38:00;CC;126;discharge;Hanna;4200;0;0;falling;13:52:25;865;353;336;17;7.8387;39.1935;Non-active;
02/02/2023;13:38:00;CC;126;discharge;Hanna;4200;0;0;falling;13:52:30;870;343;336;7;3.2277;16.1385;Non-active;
02/02/2023;13:38:00;CC;126;discharge;Hanna;4200;0;0;falling;13:52:35;875;344;336;8;3.6888;18.444;Non-active;
02/02/2023;13:38:00;CC;126;discharge;Hanna;4200;0;0;falling;13:52:40;880;343;336;7;3.2277;16.1385;Non-active;
02/02/2023;13:38:00;CC;126;discharge;Hanna;4200;0;0;falling;13:52:45;885;344;336;8;3.6888;18.444;Non-active;
02/02/2023;13:38:00;CC;126;discharge;Hanna;4200;0;0;falling;13:52:50;890;345;336;9;4.1499;20.7495;Non-active;
02/02/2023;13:38:00;CC;126;discharge;Hanna;4200;0;0;falling;13:52:55;895;344;336;8;3.6888;18.444;Non-active;
02/02/2023;13:38:00;CC;126;discharge;Hanna;4200;0;0;falling;13:53:00;900;345;336;9;4.1499;20.7495;Non-active;
02/02/2023;13:38:00;CC;126;discharge;Hanna;4200;0;0;falling;13:53:05;905;346;336;10;4.611;23.055;Non-active;
02/02/2023;13:38:00;CC;126;discharge;Hanna;4200;0;0;falling;13:53:10;910;346;336;10;4.611;23.055;Non-active;
02/02/2023;13:38:00;CC;126;discharge;Hanna;4200;0;0;falling;13:53:15;915;340;336;4;1.8444;9.222;Non-active;
02/02/2023;13:38:00;CC;126;discharge;Hanna;4200;0;0;falling;13:53:20;920;340;336;4;1.8444;9.222;Non-active;
02/02/2023;13:38:00;CC;126;discharge;Hanna;4200;0;0;falling;13:53:25;925;341;336;5;2.3055;11.5275;Non-active;
02/02/2023;13:38:00;CC;126;discharge;Hanna;4200;0;0;falling;13:53:30;930;341;336;5;2.3055;11.5275;Non-active;
02/02/2023;13:38:00;CC;126;discharge;Hanna;4200;0;0;falling;13:53:35;935;341;336;5;2.3055;11.5275;Non-active;
02/02/2023;13:38:00;CC;126;discharge;Hanna;4200;0;0;falling;13:53:40;940;341;336;5;2.3055;11.5275;Non-active;
02/02/2023;13:38:00;CC;126;discharge;Hanna;4200;0;0;falling;13:53:45;945;342;336;6;2.7666;13.833;Non-active;
02/02/2023;13:38:00;CC;126;discharge;Hanna;4200;0;0;falling;13:53:50;950;342;336;6;2.7666;13.833;Non-active;
02/02/2023;13:38:00;CC;126;discharge;Hanna;4200;0;0;falling;13:53:55;955;343;336;7;3.2277;16.1385;Non-active;
02/02/2023;13:38:00;CC;126;discharge;Hanna;4200;0;0;falling;13:54:00;960;342;336;6;2.7666;13.833;Non-active;
02/02/2023;13:38:00;CC;126;discharge;Hanna;4200;0;0;falling;13:54:05;965;340;336;4;1.8444;9.222;Non-active;
02/02/2023;13:38:00;CC;126;discharge;Hanna;4200;0;0;falling;13:54:10;970;340;336;4;1.8444;9.222;Non-active;
02/02/2023;13:38:00;CC;126;discharge;Hanna;4200;0;0;falling;13:54:15;975;340;336;4;1.8444;9.222;Non-active;
02/02/2023;13:38:00;CC;126;discharge;Hanna;4200;0;0;falling;13:54:20;980;340;336;4;1.8444;9.222;Non-active;
02/02/2023;13:38:00;CC;126;discharge;Hanna;4200;0;0;falling;13:54:25;985;340;336;4;1.8444;9.222;Non-active;
02/02/2023;13:38:00;CC;126;discharge;Hanna;4200;0;0;falling;13:54:30;990;339;336;3;1.3833;6.9165;Non-active;
02/02/2023;13:38:00;CC;126;discharge;Hanna;4200;0;0;falling;13:54:35;995;340;336;4;1.8444;9.222;Non-active;
02/02/2023;13:38:00;CC;126;discharge;Hanna;4200;0;0;falling;13:54:40;1000;339;336;3;1.3833;6.9165;Non-active;
02/02/2023;13:38:00;CC;126;discharge;Hanna;4200;0;0;falling;13:54:45;1005;340;336;4;1.8444;9.222;Non-active;
02/02/2023;13:38:00;CC;126;discharge;Hanna;4200;0;0;falling;13:54:50;1010;339;336;3;1.3833;6.9165;Non-active;
02/02/2023;13:38:00;CC;126;discharge;Hanna;4200;0;0;falling;13:54:55;1015;338;336;2;0.9222;4.611;Non-active;
02/02/2023;13:38:00;CC;126;discharge;Hanna;4200;0;0;falling;13:55:00;1020;338;336;2;0.9222;4.611;Non-active;
02/02/2023;13:38:00;CC;126;discharge;Hanna;4200;0;0;falling;13:55:05;1025;338;336;2;0.9222;4.611;Non-active;
02/02/2023;13:38:00;CC;126;discharge;Hanna;4200;0;0;falling;13:55:10;1030;338;336;2;0.9222;4.611;Non-active;
02/02/2023;13:38:00;CC;126;discharge;Hanna;4200;0;0;falling;13:55:15;1035;338;336;2;0.9222;4.611;Non-active;
02/02/2023;13:38:00;CC;126;discharge;Hanna;4200;0;0;falling;13:55:20;1040;338;336;2;0.9222;4.611;Non-active;
02/02/2023;13:38:00;CC;126;discharge;Hanna;4200;0;0;falling;13:55:25;1045;339;336;3;1.3833;6.9165;Non-active;
02/02/2023;13:38:00;CC;126;discharge;Hanna;4200;0;0;falling;13:55:30;1050;339;336;3;1.3833;6.9165;Non-active;
02/02/2023;13:38:00;CC;126;discharge;Hanna;4200;0;0;falling;13:55:35;1055;339;336;3;1.3833;6.9165;Non-active;
02/02/2023;13:38:00;CC;126;discharge;Hanna;4200;0;0;falling;13:55:40;1060;339;336;3;1.3833;0;Non-active;
